{"stats":{"minecraft:mined":{"minecraft:dragon_wall_head":1,"minecraft:white_bed":1,"minecraft:jungle_leaves":111,"minecraft:obsidian":43,"minecraft:granite":262,"minecraft:red_sand":4,"minecraft:jungle_log":221,"minecraft:purpur_slab":2,"minecraft:spawner":2,"minecraft:light_blue_stained_glass":1,"minecraft:chorus_flower":7,"minecraft:tall_seagrass":2,"minecraft:magma_block":736,"minecraft:fire":110,"minecraft:cobbled_deepslate":48,"minecraft:barrel":6,"minecraft:moss_carpet":3,"minecraft:deepslate_lapis_ore":64,"minecraft:cave_vines":88,"minecraft:dirt_path":5,"minecraft:small_amethyst_bud":1,"minecraft:iron_block":23,"minecraft:blue_orchid":18,"minecraft:cut_sandstone":30,"minecraft:kelp_plant":7,"minecraft:smoker":1,"minecraft:crimson_nylium":6,"minecraft:amethyst_cluster":182,"minecraft:torch":71,"minecraft:melon":5,"minecraft:dead_bush":29,"minecraft:sugar_cane":358,"minecraft:spruce_sign":1,"minecraft:amethyst_block":299,"minecraft:chain":6,"minecraft:wheat":317,"minecraft:jukebox":10,"minecraft:birch_door":6,"minecraft:stone_brick_stairs":16,"minecraft:grass":661,"minecraft:smooth_basalt":52,"minecraft:yellow_stained_glass":5,"minecraft:deepslate":2087,"minecraft:deepslate_tiles":46,"minecraft:shulker_box":26,"minecraft:end_stone":358,"minecraft:nether_bricks":2,"minecraft:cobbled_deepslate_slab":2,"minecraft:jungle_planks":9,"minecraft:crimson_roots":1,"minecraft:redstone_wire":1,"minecraft:kelp":3,"minecraft:moss_block":95,"minecraft:red_mushroom":1,"minecraft:light_blue_concrete_powder":4,"minecraft:red_sandstone":3,"minecraft:andesite":80,"minecraft:potatoes":494,"minecraft:vine":89,"minecraft:cobblestone_slab":2,"minecraft:warped_stem":41,"minecraft:bamboo":492,"minecraft:bone_block":23,"minecraft:ender_chest":4,"minecraft:smithing_table":1,"minecraft:soul_sand":14,"minecraft:stone_brick_slab":5,"minecraft:jungle_sign":2,"minecraft:emerald_ore":1,"minecraft:warped_roots":1,"minecraft:tall_grass":19,"minecraft:copper_ore":115,"minecraft:deepslate_gold_ore":263,"minecraft:diorite":191,"minecraft:black_stained_glass":7,"minecraft:red_terracotta":691,"minecraft:spruce_log":15,"minecraft:mycelium":4,"minecraft:gravel":2481,"minecraft:cobweb":3,"minecraft:stone_bricks":204,"minecraft:gold_ore":29,"minecraft:fern":159,"minecraft:large_amethyst_bud":5,"minecraft:oak_sapling":1,"minecraft:farmland":3,"minecraft:cave_vines_plant":40,"minecraft:spruce_trapdoor":1,"minecraft:budding_amethyst":4,"minecraft:grass_block":4198,"minecraft:composter":1,"minecraft:raw_iron_block":3,"minecraft:glowstone":1,"minecraft:iron_ore":93,"minecraft:brown_bed":5,"minecraft:jungle_pressure_plate":1,"minecraft:azalea":2,"minecraft:end_stone_bricks":2,"minecraft:spruce_slab":6,"minecraft:deepslate_redstone_ore":139,"minecraft:blackstone":59,"minecraft:medium_amethyst_bud":1,"minecraft:purpur_stairs":3,"minecraft:clay":86,"minecraft:calcite":147,"minecraft:poppy":4,"minecraft:beacon":1,"minecraft:chest":15,"minecraft:mushroom_stem":5,"minecraft:nether_quartz_ore":47,"minecraft:cobblestone":42,"minecraft:grindstone":1,"minecraft:oak_planks":1,"minecraft:iron_door":5,"minecraft:wall_torch":16,"minecraft:seagrass":15,"minecraft:warped_nylium":17,"minecraft:birch_log":5,"minecraft:lapis_block":1,"minecraft:tnt":3,"minecraft:purpur_block":4,"minecraft:oak_log":72,"minecraft:sand":3022,"minecraft:dirt":10829,"minecraft:netherrack":734,"minecraft:oak_leaves":210,"minecraft:nether_gold_ore":91,"minecraft:tuff":201,"minecraft:deepslate_diamond_ore":148,"minecraft:ladder":1,"minecraft:brown_mushroom_block":24,"minecraft:spruce_leaves":4,"minecraft:sandstone":2657,"minecraft:oak_trapdoor":4,"minecraft:furnace":15,"minecraft:black_concrete":24,"minecraft:gold_block":185,"minecraft:nether_brick_fence":2,"minecraft:deepslate_iron_ore":571,"minecraft:packed_ice":43,"minecraft:chorus_plant":8,"minecraft:stone":24149,"minecraft:podzol":2946,"minecraft:flowering_azalea":4,"minecraft:scaffolding":2,"minecraft:red_wool":3,"minecraft:basalt":127,"minecraft:spruce_door":12,"minecraft:crafting_table":60,"minecraft:gray_stained_glass":6,"minecraft:stone_slab":12,"minecraft:lapis_ore":62,"minecraft:ice":3,"minecraft:white_wall_banner":1,"minecraft:bee_nest":1,"minecraft:coal_ore":322,"minecraft:cocoa":1,"minecraft:end_rod":38,"minecraft:terracotta":2,"minecraft:small_dripleaf":1},"minecraft:broken":{"minecraft:iron_sword":5,"minecraft:fishing_rod":1,"minecraft:shield":1,"minecraft:iron_pickaxe":6,"minecraft:iron_helmet":1,"minecraft:golden_pickaxe":1},"minecraft:crafted":{"minecraft:black_dye":73,"minecraft:smooth_stone":52,"minecraft:cut_sandstone":200,"minecraft:chain":2,"minecraft:diamond_shovel":2,"minecraft:cooked_mutton":3,"minecraft:shulker_box":5,"minecraft:diamond_helmet":1,"minecraft:diamond_leggings":1,"minecraft:melon_seeds":24,"minecraft:birch_door":3,"minecraft:gray_stained_glass":72,"minecraft:turtle_helmet":2,"minecraft:cooked_porkchop":15,"minecraft:diamond_axe":2,"minecraft:jungle_boat":1,"minecraft:raw_gold_block":42,"minecraft:spruce_door":3,"minecraft:golden_pickaxe":1,"minecraft:brown_bed":1,"minecraft:stone_brick_stairs":56,"minecraft:compass":1,"minecraft:iron_pickaxe":8,"minecraft:iron_block":208,"minecraft:gold_ingot":508,"minecraft:sandstone":37,"minecraft:netherite_ingot":2,"minecraft:composter":1,"minecraft:jungle_sign":6,"minecraft:stone_shovel":1,"minecraft:jukebox":4,"minecraft:iron_nugget":9,"minecraft:spyglass":1,"minecraft:diamond_hoe":1,"minecraft:bone_meal":21866,"minecraft:diamond":135,"minecraft:netherite_axe":1,"minecraft:black_concrete_powder":24,"minecraft:ladder":102,"minecraft:stone_pickaxe":1,"minecraft:diamond_boots":1,"minecraft:spruce_boat":2,"minecraft:redstone_block":73,"minecraft:crossbow":4,"minecraft:jungle_slab":18,"minecraft:iron_shovel":2,"minecraft:iron_leggings":1,"minecraft:white_bed":2,"minecraft:oak_planks":92,"minecraft:cobblestone_slab":654,"minecraft:barrel":4,"minecraft:red_sandstone":1,"minecraft:warped_planks":164,"minecraft:stone_brick_slab":6,"minecraft:bow":32,"minecraft:iron_boots":1,"minecraft:chest":17,"minecraft:netherite_helmet":1,"minecraft:jungle_stairs":4,"minecraft:stone_bricks":924,"minecraft:raw_iron_block":120,"minecraft:smoker":1,"minecraft:crafting_table":3,"minecraft:spruce_planks":56,"minecraft:wooden_pickaxe":1,"minecraft:baked_potato":417,"minecraft:iron_helmet":1,"minecraft:brown_dye":1,"minecraft:gold_block":64,"minecraft:birch_planks":20,"minecraft:yellow_stained_glass":320,"minecraft:iron_chestplate":1,"minecraft:paper":258,"minecraft:diamond_pickaxe":2,"minecraft:yellow_dye":120,"minecraft:shield":2,"minecraft:stick":428,"minecraft:netherite_hoe":1,"minecraft:iron_ingot":1211,"minecraft:shears":2,"minecraft:cobbled_deepslate_slab":24,"minecraft:raw_iron":1107,"minecraft:fishing_rod":2,"minecraft:tripwire_hook":4,"minecraft:netherite_sword":1,"minecraft:furnace":11,"minecraft:blast_furnace":5,"minecraft:gray_dye":2,"minecraft:diamond_block":22,"minecraft:oak_trapdoor":2,"minecraft:flint_and_steel":1,"minecraft:netherite_chestplate":1,"minecraft:iron_axe":2,"minecraft:iron_hoe":1,"minecraft:netherite_scrap":7,"minecraft:cooked_cod":2,"minecraft:bone_block":2225,"minecraft:diamond_sword":2,"minecraft:iron_sword":10,"minecraft:cooked_salmon":15,"minecraft:bucket":7,"minecraft:stone_axe":1,"minecraft:amethyst_block":32,"minecraft:bread":94,"minecraft:air":0,"minecraft:jungle_planks":240,"minecraft:black_stained_glass":72,"minecraft:white_dye":1,"minecraft:raw_gold":378,"minecraft:netherite_shovel":2,"minecraft:anvil":3,"minecraft:torch":100,"minecraft:lapis_lazuli":675,"minecraft:clay":1,"minecraft:lapis_block":159,"minecraft:diamond_chestplate":1,"minecraft:firework_rocket":376},"minecraft:used":{"minecraft:peony":2,"minecraft:moss_block":20,"minecraft:nether_brick_fence":2,"minecraft:writable_book":5,"minecraft:spruce_slab":9,"minecraft:poppy":4,"minecraft:ladder":83,"minecraft:chest":31,"minecraft:stone":391,"minecraft:rotten_flesh":9,"minecraft:soul_sand":9,"minecraft:jungle_slab":1,"minecraft:spruce_boat":169,"minecraft:jungle_sapling":4,"minecraft:packed_ice":6,"minecraft:lava_bucket":5,"minecraft:netherite_shovel":12290,"minecraft:music_disc_pigstep":1,"minecraft:red_wool":3,"minecraft:grass_block":1154,"minecraft:music_disc_ward":10,"minecraft:copper_ore":5,"minecraft:music_disc_wait":10,"minecraft:stone_brick_stairs":55,"minecraft:music_disc_stal":11,"minecraft:netherite_boots":4,"minecraft:bow":450,"minecraft:oak_sapling":6,"minecraft:furnace":20,"minecraft:cooked_cod":2,"minecraft:egg":66,"minecraft:potato":505,"minecraft:seagrass":15,"minecraft:diorite":3,"minecraft:spruce_door":13,"minecraft:blackstone":3,"minecraft:wooden_pickaxe":16,"minecraft:jungle_pressure_plate":1,"minecraft:composter":2,"minecraft:clay":12,"minecraft:jungle_boat":22,"minecraft:oak_leaves":86,"minecraft:glow_berries":63,"minecraft:purpur_stairs":1,"minecraft:sand":242,"minecraft:blast_furnace":5,"minecraft:netherite_helmet":4,"minecraft:black_concrete_powder":24,"minecraft:deepslate_tiles":2415,"minecraft:red_sandstone":4,"minecraft:red_terracotta":585,"minecraft:lilac":2,"minecraft:diamond_sword":2132,"minecraft:smithing_table":1,"minecraft:oak_boat":7,"minecraft:compass":1,"minecraft:gray_stained_glass":75,"minecraft:oak_trapdoor":4,"minecraft:mycelium":2,"minecraft:cooked_salmon":12,"minecraft:netherrack":291,"minecraft:torch":278,"minecraft:anvil":3,"minecraft:nether_quartz_ore":2,"minecraft:fern":1,"minecraft:music_disc_mellohi":6,"minecraft:flowering_azalea":4,"minecraft:iron_block":23,"minecraft:iron_axe":295,"minecraft:jungle_log":44,"minecraft:totem_of_undying":2,"minecraft:barrel":10,"minecraft:smooth_basalt":22,"minecraft:basalt":68,"minecraft:podzol":1,"minecraft:cobbled_deepslate":478,"minecraft:calcite":6,"minecraft:wheat_seeds":723,"minecraft:water_bucket":712,"minecraft:rail":3,"minecraft:vine":25,"minecraft:tnt":1,"minecraft:crafting_table":62,"minecraft:white_bed":2,"minecraft:music_disc_strad":9,"minecraft:spruce_log":1,"minecraft:mushroom_stem":2,"minecraft:oak_log":1,"minecraft:diamond_pickaxe":1110,"minecraft:diamond_shovel":11719,"minecraft:sunflower":5,"minecraft:iron_pickaxe":1677,"minecraft:purpur_slab":1,"minecraft:spruce_trapdoor":1,"minecraft:blue_carpet":1,"minecraft:cobblestone":27,"minecraft:potion":2,"minecraft:cooked_porkchop":458,"minecraft:jukebox":14,"minecraft:moss_carpet":26,"minecraft:iron_shovel":83,"minecraft:diamond_hoe":193,"minecraft:shield":100,"minecraft:iron_sword":1407,"minecraft:grass":3,"minecraft:player_head":1,"minecraft:iron_chestplate":1,"minecraft:mutton":1,"minecraft:jungle_planks":23,"minecraft:nether_bricks":1,"minecraft:tuff":37,"minecraft:axolotl_bucket":11,"minecraft:obsidian":54,"minecraft:big_dripleaf":10,"minecraft:coal_ore":23,"minecraft:stone_bricks":943,"minecraft:item_frame":1,"minecraft:deepslate_diamond_ore":3,"minecraft:scaffolding":6,"minecraft:gold_block":184,"minecraft:stone_pickaxe":67,"minecraft:oak_planks":1,"minecraft:ender_pearl":26,"minecraft:sandstone":648,"minecraft:diamond_axe":310,"minecraft:sugar_cane":86,"minecraft:netherite_leggings":4,"minecraft:mushroom_stew":2,"minecraft:crossbow":50,"minecraft:end_stone":333,"minecraft:shears":204,"minecraft:firework_rocket":37,"minecraft:music_disc_mall":11,"minecraft:bread":120,"minecraft:iron_door":5,"minecraft:deepslate":79,"minecraft:gravel":5,"minecraft:jungle_sign":8,"minecraft:grindstone":1,"minecraft:andesite":3,"minecraft:chain":8,"minecraft:tropical_fish_bucket":2,"minecraft:bone_meal":64,"minecraft:golden_pickaxe":32,"minecraft:azalea":3,"minecraft:purpur_block":1,"minecraft:trident":2317,"minecraft:netherite_sword":1965,"minecraft:jungle_leaves":45,"minecraft:rose_bush":2,"minecraft:music_disc_otherside":15,"minecraft:flint_and_steel":14,"minecraft:stone_shovel":9,"minecraft:ender_chest":3,"minecraft:cooked_chicken":2,"minecraft:dirt":7760,"minecraft:spyglass":1138,"minecraft:shulker_box":29,"minecraft:bee_nest":1,"minecraft:granite":14,"minecraft:birch_door":6,"minecraft:iron_hoe":196,"minecraft:stone_brick_slab":10,"minecraft:iron_boots":1,"minecraft:black_stained_glass":99,"minecraft:netherite_pickaxe":32985,"minecraft:cooked_beef":15,"minecraft:iron_leggings":1,"minecraft:brown_bed":6,"minecraft:cooked_mutton":7,"minecraft:iron_ore":1,"minecraft:amethyst_block":36,"minecraft:netherite_chestplate":7,"minecraft:baked_potato":397,"minecraft:cut_sandstone":220,"minecraft:brown_mushroom":4,"minecraft:beacon":1,"minecraft:cobblestone_slab":619,"minecraft:terracotta":2,"minecraft:music_disc_cat":1,"minecraft:yellow_stained_glass_pane":128,"minecraft:smoker":2,"minecraft:warped_planks":1,"minecraft:netherite_axe":357,"minecraft:lapis_ore":4,"minecraft:jungle_stairs":4,"minecraft:stone_slab":1028,"minecraft:stone_axe":52,"minecraft:fishing_rod":111,"minecraft:cobbled_deepslate_slab":5,"minecraft:turtle_helmet":3,"minecraft:white_banner":1,"minecraft:lapis_block":1,"minecraft:bucket":742},"minecraft:dropped":{"minecraft:iron_sword":2,"minecraft:lapis_lazuli":22,"minecraft:cooked_beef":4,"minecraft:glow_ink_sac":1,"minecraft:glass_bottle":5,"minecraft:diamond":90,"minecraft:crafting_table":3,"minecraft:crossbow":6,"minecraft:glow_berries":8,"minecraft:warped_roots":1,"minecraft:leather_helmet":23,"minecraft:red_mushroom":2,"minecraft:gold_block":2,"minecraft:dirt":498,"minecraft:netherite_boots":2,"minecraft:jungle_sapling":3,"minecraft:writable_book":2,"minecraft:gold_nugget":1062,"minecraft:bone_meal":10,"minecraft:bone_block":23,"minecraft:sand":1,"minecraft:phantom_membrane":22,"minecraft:sugar":4,"minecraft:white_wool":4,"minecraft:fishing_rod":1,"minecraft:birch_stairs":2,"minecraft:bone":539,"minecraft:stone_axe":1,"minecraft:sugar_cane":1,"minecraft:iron_nugget":10,"minecraft:cooked_chicken":2,"minecraft:golden_chestplate":18,"minecraft:cobbled_deepslate":120,"minecraft:netherite_sword":4,"minecraft:wheat":3,"minecraft:obsidian":1,"minecraft:rotten_flesh":1113,"minecraft:oak_planks":32,"minecraft:glowstone_dust":4,"minecraft:salmon":4,"minecraft:yellow_stained_glass_pane":1,"minecraft:coal_ore":3,"minecraft:leather_boots":21,"minecraft:ladder":4,"minecraft:leather_leggings":30,"minecraft:podzol":8,"minecraft:ghast_tear":2,"minecraft:enchanted_book":5,"minecraft:iron_ingot":2,"minecraft:golden_boots":37,"minecraft:netherite_pickaxe":1,"minecraft:black_dye":3,"minecraft:wheat_seeds":136,"minecraft:netherite_helmet":1,"minecraft:netherite_chestplate":2,"minecraft:feather":18,"minecraft:cobblestone":100,"minecraft:iron_helmet":2,"minecraft:apple":2,"minecraft:granite":26,"minecraft:chainmail_helmet":3,"minecraft:coal":105,"minecraft:golden_apple":2,"minecraft:pufferfish":7,"minecraft:jungle_slab":2,"minecraft:gray_wool":1,"minecraft:ink_sac":24,"minecraft:white_banner":6,"minecraft:smooth_stone":3,"minecraft:iron_shovel":4,"minecraft:chainmail_leggings":6,"minecraft:string":24,"minecraft:lily_pad":3,"minecraft:spruce_sapling":2,"minecraft:moss_carpet":2,"minecraft:player_head":16,"minecraft:stone_sword":1,"minecraft:deepslate":7,"minecraft:stone_shovel":1,"minecraft:clay_ball":172,"minecraft:iron_boots":3,"minecraft:stone_slab":6,"minecraft:name_tag":1,"minecraft:cobbled_deepslate_slab":5,"minecraft:shears":2,"minecraft:pumpkin_seeds":2,"minecraft:diamond_sword":1,"minecraft:potato":1,"minecraft:spruce_boat":2,"minecraft:stone":162,"minecraft:spruce_trapdoor":1,"minecraft:diamond_pickaxe":1,"minecraft:spider_eye":4,"minecraft:bamboo":33,"minecraft:sandstone":4,"minecraft:bow":406,"minecraft:spruce_sign":2,"minecraft:brown_mushroom":4,"minecraft:moss_block":17,"minecraft:soul_sand":5,"minecraft:birch_planks":7,"minecraft:baked_potato":79,"minecraft:ender_pearl":119,"minecraft:nether_star":1,"minecraft:leather":3,"minecraft:jungle_planks":2,"minecraft:red_wool":3,"minecraft:cod":42,"minecraft:music_disc_11":1,"minecraft:flint":80,"minecraft:mutton":4,"minecraft:crimson_roots":1,"minecraft:amethyst_shard":12,"minecraft:brown_mushroom_block":1,"minecraft:gold_ingot":63,"minecraft:gravel":27,"minecraft:blackstone":7,"minecraft:spyglass":2,"minecraft:yellow_stained_glass":328,"minecraft:cooked_mutton":3,"minecraft:mushroom_stem":1,"minecraft:chainmail_chestplate":6,"minecraft:leather_chestplate":20,"minecraft:trident":3,"minecraft:gunpowder":5,"minecraft:beetroot_seeds":1,"minecraft:melon_seeds":10,"minecraft:azalea":3,"minecraft:chainmail_boots":3,"minecraft:iron_bars":12,"minecraft:iron_ore":4,"minecraft:basalt":1,"minecraft:arrow":1528,"minecraft:scaffolding":8,"minecraft:netherrack":364,"minecraft:firework_rocket":2,"minecraft:water_bucket":2,"minecraft:vine":64,"minecraft:golden_helmet":26,"minecraft:poisonous_potato":14,"minecraft:netherite_axe":5,"minecraft:spectral_arrow":1,"minecraft:light_blue_concrete_powder":2,"minecraft:copper_ingot":3,"minecraft:tropical_fish":11,"minecraft:grass_block":74,"minecraft:stick":31,"minecraft:iron_block":12,"minecraft:diorite":24,"minecraft:torch":1,"minecraft:iron_leggings":1,"minecraft:jungle_leaves":1,"minecraft:flowering_azalea":2,"minecraft:iron_axe":3,"minecraft:tripwire_hook":1,"minecraft:bucket":1,"minecraft:lapis_block":13,"minecraft:redstone":19,"minecraft:kelp":3,"minecraft:oak_trapdoor":2,"minecraft:coarse_dirt":2,"minecraft:blaze_rod":2,"minecraft:raw_copper":51,"minecraft:tuff":99,"minecraft:raw_iron":5,"minecraft:iron_hoe":2,"minecraft:red_terracotta":47,"minecraft:netherite_leggings":2,"minecraft:copper_ore":24,"minecraft:shield":3,"minecraft:diamond_chestplate":1,"minecraft:iron_chestplate":1,"minecraft:andesite":10,"minecraft:golden_leggings":34,"minecraft:oak_boat":3,"minecraft:oak_sapling":6,"minecraft:golden_sword":68,"minecraft:birch_sign":1,"minecraft:slime_ball":20,"minecraft:stone_pickaxe":1,"minecraft:wooden_pickaxe":1,"minecraft:magma_cream":1,"minecraft:calcite":1},"minecraft:custom":{"minecraft:interact_with_crafting_table":336,"minecraft:open_barrel":331,"minecraft:bell_ring":108,"minecraft:eat_cake_slice":3,"minecraft:leave_game":139,"minecraft:time_since_death":302923,"minecraft:damage_blocked_by_shield":4786,"minecraft:play_time":3742020,"minecraft:deaths":4,"minecraft:jump":94905,"minecraft:enchant_item":311,"minecraft:interact_with_furnace":314,"minecraft:play_record":74,"minecraft:sleep_in_bed":69,"minecraft:damage_dealt":372598,"minecraft:interact_with_smoker":104,"minecraft:horse_one_cm":20755,"minecraft:interact_with_smithing_table":17,"minecraft:interact_with_anvil":81,"minecraft:inspect_hopper":8,"minecraft:sneak_time":254274,"minecraft:interact_with_lectern":23,"minecraft:interact_with_blast_furnace":144,"minecraft:total_world_time":3742020,"minecraft:time_since_rest":3325,"minecraft:swim_one_cm":3877879,"minecraft:fly_one_cm":31298162,"minecraft:open_chest":2261,"minecraft:fish_caught":74,"minecraft:fall_one_cm":2897787,"minecraft:animals_bred":16,"minecraft:open_shulker_box":129,"minecraft:damage_resisted":2127,"minecraft:sprint_one_cm":14480108,"minecraft:drop":2476,"minecraft:talked_to_villager":1,"minecraft:interact_with_brewingstand":1,"minecraft:walk_on_water_one_cm":1680431,"minecraft:interact_with_loom":1,"minecraft:open_enderchest":276,"minecraft:interact_with_beacon":3,"minecraft:player_kills":6,"minecraft:crouch_one_cm":907300,"minecraft:mob_kills":15107,"minecraft:climb_one_cm":725647,"minecraft:walk_one_cm":6639926,"minecraft:raid_win":1,"minecraft:walk_under_water_one_cm":2798638,"minecraft:boat_one_cm":4830294,"minecraft:raid_trigger":1,"minecraft:interact_with_grindstone":300,"minecraft:damage_taken":26417,"minecraft:damage_absorbed":30,"minecraft:aviate_one_cm":26209368},"minecraft:killed_by":{"minecraft:player":3},"minecraft:killed":{"minecraft:cave_spider":3,"minecraft:shulker":20,"minecraft:skeleton":3959,"minecraft:guardian":1,"minecraft:chicken":7,"minecraft:tropical_fish":7,"minecraft:skeleton_horse":1,"minecraft:magma_cube":13,"minecraft:parrot":2,"minecraft:salmon":1,"minecraft:pillager":36,"minecraft:zombie":226,"minecraft:glow_squid":7,"minecraft:evoker":4,"minecraft:vindicator":16,"minecraft:husk":2,"minecraft:ravager":4,"minecraft:enderman":11,"minecraft:zombified_piglin":12,"minecraft:witch":10,"minecraft:spider":56,"minecraft:wither":1,"minecraft:axolotl":2,"minecraft:turtle":12,"minecraft:piglin":24,"minecraft:pig":17,"minecraft:zombie_villager":1,"minecraft:strider":2,"minecraft:creeper":123,"minecraft:sheep":8,"minecraft:trader_llama":1,"minecraft:ghast":4,"minecraft:mooshroom":10,"minecraft:blaze":12,"minecraft:vex":13,"minecraft:slime":14,"minecraft:phantom":59,"minecraft:drowned":38,"minecraft:bat":2,"minecraft:squid":35,"minecraft:wither_skeleton":9},"minecraft:picked_up":{"minecraft:iron_chestplate":2,"minecraft:seagrass":30,"minecraft:birch_door":6,"minecraft:chainmail_boots":3,"minecraft:smithing_table":1,"minecraft:stone_slab":26,"minecraft:diamond_sword":2,"minecraft:brown_bed":5,"minecraft:enchanted_book":2,"minecraft:golden_sword":68,"minecraft:blue_concrete":144,"minecraft:amethyst_block":274,"minecraft:music_disc_cat":1,"minecraft:string":83,"minecraft:pufferfish":7,"minecraft:gold_nugget":1528,"minecraft:cobbled_deepslate":1784,"minecraft:melon_slice":28,"minecraft:golden_helmet":26,"minecraft:jukebox":10,"minecraft:composter":1,"minecraft:big_dripleaf":10,"minecraft:golden_chestplate":18,"minecraft:stone_sword":1,"minecraft:tropical_fish":14,"minecraft:iron_block":35,"minecraft:end_rod":36,"minecraft:netherite_chestplate":2,"minecraft:blaze_rod":4,"minecraft:iron_bars":12,"minecraft:birch_log":5,"minecraft:magma_block":639,"minecraft:feather":18,"minecraft:cooked_beef":12,"minecraft:iron_door":5,"minecraft:water_bucket":6,"minecraft:jungle_log":263,"minecraft:smoker":1,"minecraft:flint":234,"minecraft:netherite_leggings":2,"minecraft:glowstone_dust":14,"minecraft:moss_block":55,"minecraft:brown_mushroom_block":1,"minecraft:ink_sac":101,"minecraft:red_terracotta":730,"minecraft:barrel":6,"minecraft:iron_hoe":1,"minecraft:deepslate":83,"minecraft:writable_book":3,"minecraft:granite":240,"minecraft:bread":22,"minecraft:golden_horse_armor":1,"minecraft:chainmail_helmet":3,"minecraft:diamond_pickaxe":3,"minecraft:crimson_roots":1,"minecraft:crafting_table":63,"minecraft:coarse_dirt":2,"minecraft:bee_nest":1,"minecraft:clay_ball":176,"minecraft:leather_leggings":30,"minecraft:dragon_head":1,"minecraft:purpur_block":1,"minecraft:elytra":1,"minecraft:flint_and_steel":1,"minecraft:iron_shovel":4,"minecraft:netherite_sword":5,"minecraft:deepslate_diamond_ore":3,"minecraft:music_disc_otherside":17,"minecraft:jungle_sapling":7,"minecraft:iron_nugget":5,"minecraft:poppy":4,"minecraft:spruce_slab":9,"minecraft:chest":15,"minecraft:copper_ore":99,"minecraft:egg":66,"minecraft:black_stained_glass":7,"minecraft:sandstone":2480,"minecraft:stone":21819,"minecraft:oak_door":2,"minecraft:music_disc_mellohi":7,"minecraft:carrot":17,"minecraft:netherite_pickaxe":1,"minecraft:redstone":683,"minecraft:mushroom_stem":3,"minecraft:blue_carpet":1,"minecraft:jungle_sign":2,"minecraft:tnt":1,"minecraft:diamond_chestplate":1,"minecraft:beetroot_seeds":1,"minecraft:peony":2,"minecraft:shears":1,"minecraft:purpur_slab":1,"minecraft:gold_ingot":68,"minecraft:totem_of_undying":5,"minecraft:glow_berries":65,"minecraft:mutton":8,"minecraft:bone_block":60,"minecraft:white_wool":13,"minecraft:rail":3,"minecraft:lapis_ore":16,"minecraft:tripwire_hook":1,"minecraft:fern":1,"minecraft:red_mushroom":2,"minecraft:filled_map":1,"minecraft:purpur_stairs":1,"minecraft:oak_log":82,"minecraft:lily_pad":3,"minecraft:golden_boots":37,"minecraft:paper":8,"minecraft:white_banner":7,"minecraft:stone_bricks":182,"minecraft:apple":2,"minecraft:kelp":166,"minecraft:warped_stem":41,"minecraft:yellow_stained_glass":8,"minecraft:music_disc_far":1,"minecraft:iron_ore":5,"minecraft:glass_bottle":10,"minecraft:iron_sword":1,"minecraft:flowering_azalea":6,"minecraft:smooth_basalt":43,"minecraft:red_wool":6,"minecraft:spyglass":3,"minecraft:lime_concrete":24,"minecraft:gravel":2159,"minecraft:birch_stairs":2,"minecraft:spruce_sapling":2,"minecraft:spruce_log":15,"minecraft:leather_helmet":23,"minecraft:firework_rocket":3,"minecraft:diamond_shovel":2,"minecraft:coal_ore":60,"minecraft:slime_ball":22,"minecraft:birch_sign":1,"minecraft:gray_wool":1,"minecraft:warped_roots":1,"minecraft:baked_potato":60,"minecraft:melon_seeds":1,"minecraft:ender_pearl":148,"minecraft:shulker_shell":29,"minecraft:music_disc_strad":10,"minecraft:wheat":298,"minecraft:light_blue_concrete":72,"minecraft:ender_chest":4,"minecraft:nether_brick_fence":2,"minecraft:potion":2,"minecraft:stone_brick_stairs":16,"minecraft:lapis_block":15,"minecraft:raw_copper":286,"minecraft:iron_leggings":1,"minecraft:deepslate_tiles":47,"minecraft:red_sand":4,"minecraft:smooth_stone":3,"minecraft:rose_bush":2,"minecraft:cobblestone_slab":2,"minecraft:calcite":118,"minecraft:azalea":6,"minecraft:iron_boots":3,"minecraft:furnace":15,"minecraft:stick":124,"minecraft:torch":173,"minecraft:porkchop":6,"minecraft:music_disc_pigstep":3,"minecraft:diorite":191,"minecraft:vine":89,"minecraft:rotten_flesh":1133,"minecraft:music_disc_ward":11,"minecraft:chorus_flower":7,"minecraft:music_disc_wait":11,"minecraft:obsidian":45,"minecraft:cod":68,"minecraft:cobblestone":810,"minecraft:leather_chestplate":20,"minecraft:lilac":2,"minecraft:jungle_pressure_plate":1,"minecraft:magma_cream":1,"minecraft:andesite":80,"minecraft:golden_leggings":34,"minecraft:beacon":1,"minecraft:potato":1966,"minecraft:tuff":159,"minecraft:wither_skeleton_skull":1,"minecraft:dirt":15880,"minecraft:lapis_lazuli":1250,"minecraft:name_tag":1,"minecraft:leather_boots":21,"minecraft:bone":7839,"minecraft:bow":431,"minecraft:wheat_seeds":1032,"minecraft:raw_gold":462,"minecraft:cobbled_deepslate_slab":2,"minecraft:grindstone":1,"minecraft:netherite_axe":5,"minecraft:bamboo":6647,"minecraft:oak_planks":5,"minecraft:ghast_tear":2,"minecraft:cooked_porkchop":45,"minecraft:poisonous_potato":14,"minecraft:gray_stained_glass":6,"minecraft:sand":3000,"minecraft:jungle_planks":9,"minecraft:grass_block":96,"minecraft:shulker_box":26,"minecraft:jungle_leaves":78,"minecraft:sugar":8,"minecraft:clay":11,"minecraft:diamond":210,"minecraft:black_concrete":24,"minecraft:spruce_boat":169,"minecraft:netherite_helmet":1,"minecraft:yellow_stained_glass_pane":129,"minecraft:crossbow":7,"minecraft:bone_meal":22,"minecraft:grass":3,"minecraft:golden_apple":2,"minecraft:white_concrete":423,"minecraft:spruce_sign":2,"minecraft:emerald":36,"minecraft:oak_sapling":12,"minecraft:netherrack":765,"minecraft:chorus_fruit":34,"minecraft:oak_leaves":86,"minecraft:nether_star":1,"minecraft:end_stone_bricks":2,"minecraft:fishing_rod":2,"minecraft:cocoa_beans":6,"minecraft:ladder":1,"minecraft:packed_ice":6,"minecraft:brown_mushroom":8,"minecraft:gold_block":186,"minecraft:chain":6,"minecraft:shield":3,"minecraft:oak_trapdoor":4,"minecraft:moss_carpet":28,"minecraft:iron_axe":2,"minecraft:item_frame":1,"minecraft:mycelium":2,"minecraft:blackstone":53,"minecraft:blue_orchid":17,"minecraft:oak_boat":11,"minecraft:player_head":25,"minecraft:sugar_cane":679,"minecraft:phantom_membrane":38,"minecraft:spruce_trapdoor":2,"minecraft:raw_iron":1136,"minecraft:end_stone":347,"minecraft:copper_ingot":4,"minecraft:music_disc_11":2,"minecraft:trident":5,"minecraft:arrow":7851,"minecraft:nether_bricks":1,"minecraft:saddle":4,"minecraft:netherite_boots":2,"minecraft:jungle_boat":21,"minecraft:basalt":126,"minecraft:glow_ink_sac":18,"minecraft:salmon":19,"minecraft:leather":7,"minecraft:cut_sandstone":26,"minecraft:music_disc_stal":12,"minecraft:mushroom_stew":1,"minecraft:chainmail_chestplate":6,"minecraft:gunpowder":203,"minecraft:cooked_mutton":7,"minecraft:podzol":9,"minecraft:red_sandstone":3,"minecraft:iron_ingot":12,"minecraft:cooked_chicken":4,"minecraft:soul_sand":19,"minecraft:scaffolding":14,"minecraft:warped_fungus":1,"minecraft:nether_quartz_ore":2,"minecraft:stone_brick_slab":8,"minecraft:quartz":45,"minecraft:raw_iron_block":3,"minecraft:amethyst_shard":1544,"minecraft:white_bed":1,"minecraft:spruce_door":14,"minecraft:spider_eye":16,"minecraft:light_blue_concrete_powder":6,"minecraft:music_disc_mall":13,"minecraft:chainmail_leggings":6,"minecraft:iron_helmet":2,"minecraft:terracotta":2,"minecraft:coal":546,"minecraft:sunflower":65}},"DataVersion":3120}