{"stats":{"minecraft:broken":{"minecraft:wooden_pickaxe":3,"minecraft:stone_pickaxe":1,"minecraft:iron_pickaxe":1,"minecraft:wooden_axe":1},"minecraft:dropped":{"minecraft:crafting_table":1,"minecraft:granite":2,"minecraft:spruce_door":3,"minecraft:rail":2,"minecraft:leather_helmet":2,"minecraft:dirt":22,"minecraft:diorite":3,"minecraft:wooden_sword":1,"minecraft:spruce_sapling":1,"minecraft:stone_axe":1,"minecraft:stone_sword":2,"minecraft:tuff":4,"minecraft:rotten_flesh":1,"minecraft:spruce_trapdoor":1,"minecraft:spruce_planks":2,"minecraft:golden_leggings":2,"minecraft:wooden_shovel":1,"minecraft:spider_eye":1,"minecraft:stone_pickaxe":3},"minecraft:mined":{"minecraft:tuff":4,"minecraft:white_bed":1,"minecraft:deepslate_diamond_ore":1,"minecraft:cave_vines_plant":1,"minecraft:granite":1,"minecraft:grass_block":7,"minecraft:spruce_leaves":57,"minecraft:moss_block":6,"minecraft:kelp":10,"minecraft:large_fern":3,"minecraft:tall_seagrass":1,"minecraft:raw_iron_block":1,"minecraft:furnace":8,"minecraft:carrots":2,"minecraft:iron_ore":78,"minecraft:cobbled_deepslate":1,"minecraft:andesite":61,"minecraft:deepslate_lapis_ore":8,"minecraft:potatoes":8,"minecraft:deepslate_iron_ore":58,"minecraft:rail":1,"minecraft:packed_ice":153,"minecraft:stone":252,"minecraft:white_wool":1,"minecraft:deepslate_redstone_ore":4,"minecraft:kelp_plant":13,"minecraft:spruce_door":1,"minecraft:crafting_table":12,"minecraft:copper_ore":12,"minecraft:cobblestone":9,"minecraft:lapis_ore":1,"minecraft:deepslate_gold_ore":43,"minecraft:diorite":17,"minecraft:wall_torch":6,"minecraft:birch_planks":2,"minecraft:birch_log":27,"minecraft:sweet_berry_bush":1,"minecraft:spruce_log":137,"minecraft:birch_leaves":2,"minecraft:birch_door":1,"minecraft:grass":4,"minecraft:coal_ore":157,"minecraft:gravel":4,"minecraft:dirt":14,"minecraft:cobweb":3,"minecraft:small_dripleaf":1,"minecraft:gold_ore":3,"minecraft:deepslate":66},"minecraft:picked_up":{"minecraft:crafting_table":12,"minecraft:iron_chestplate":1,"minecraft:birch_door":1,"minecraft:chainmail_boots":1,"minecraft:chicken":7,"minecraft:leather_leggings":1,"minecraft:shield":1,"minecraft:moss_carpet":1,"minecraft:string":8,"minecraft:raw_copper":65,"minecraft:iron_axe":1,"minecraft:iron_leggings":1,"minecraft:cobbled_deepslate":159,"minecraft:spruce_planks":2,"minecraft:beef":12,"minecraft:written_book":1,"minecraft:player_head":2,"minecraft:iron_pickaxe":2,"minecraft:birch_sapling":1,"minecraft:furnace":11,"minecraft:iron_boots":1,"minecraft:egg":1,"minecraft:stick":13,"minecraft:raw_iron":185,"minecraft:torch":22,"minecraft:stone_button":1,"minecraft:diorite":10,"minecraft:carrot":11,"minecraft:redstone":34,"minecraft:stone_sword":1,"minecraft:arrow":19,"minecraft:rotten_flesh":39,"minecraft:stone_shovel":1,"minecraft:glow_berries":4,"minecraft:mutton":5,"minecraft:snowball":3,"minecraft:rail":2,"minecraft:white_wool":4,"minecraft:cobblestone":299,"minecraft:birch_log":27,"minecraft:feather":8,"minecraft:glow_ink_sac":3,"minecraft:water_bucket":1,"minecraft:andesite":97,"minecraft:leather":5,"minecraft:golden_leggings":1,"minecraft:potato":35,"minecraft:birch_planks":2,"minecraft:tuff":4,"minecraft:gunpowder":5,"minecraft:lapis_lazuli":113,"minecraft:dirt":49,"minecraft:bone":22,"minecraft:kelp":224,"minecraft:bow":3,"minecraft:raw_gold":82,"minecraft:iron_ingot":39,"minecraft:moss_block":6,"minecraft:iron_sword":1,"minecraft:birch_boat":5,"minecraft:sweet_berries":33,"minecraft:raw_iron_block":1,"minecraft:gravel":4,"minecraft:spruce_sapling":10,"minecraft:white_bed":1,"minecraft:spruce_log":158,"minecraft:spruce_door":4,"minecraft:spider_eye":1,"minecraft:leather_helmet":3,"minecraft:slime_ball":16,"minecraft:diamond":2,"minecraft:spruce_boat":2,"minecraft:stone_axe":1,"minecraft:iron_helmet":1,"minecraft:granite":3,"minecraft:black_wool":1,"minecraft:coal":220},"minecraft:used":{"minecraft:stone_sword":93,"minecraft:stone_shovel":21,"minecraft:dried_kelp":58,"minecraft:spruce_planks":1,"minecraft:chest":2,"minecraft:shield":37,"minecraft:iron_sword":78,"minecraft:wooden_shovel":4,"minecraft:cooked_chicken":2,"minecraft:rotten_flesh":20,"minecraft:stone_hoe":2,"minecraft:torch":219,"minecraft:dirt":8,"minecraft:carrot":8,"minecraft:granite":1,"minecraft:birch_door":2,"minecraft:spruce_boat":2,"minecraft:wooden_axe":46,"minecraft:iron_axe":27,"minecraft:beef":5,"minecraft:written_book":2,"minecraft:sweet_berries":31,"minecraft:furnace":10,"minecraft:egg":1,"minecraft:potato":8,"minecraft:cooked_beef":7,"minecraft:cobbled_deepslate":1,"minecraft:cooked_mutton":1,"minecraft:water_bucket":10,"minecraft:spruce_door":2,"minecraft:birch_planks":2,"minecraft:stone_pickaxe":306,"minecraft:baked_potato":8,"minecraft:wooden_pickaxe":177,"minecraft:birch_boat":5,"minecraft:white_wool":1,"minecraft:glow_berries":2,"minecraft:crafting_table":14,"minecraft:white_bed":2,"minecraft:spruce_log":6,"minecraft:smoker":2,"minecraft:stone_button":1,"minecraft:iron_pickaxe":460,"minecraft:leather_helmet":1,"minecraft:spruce_trapdoor":1,"minecraft:spruce_sapling":1,"minecraft:golden_leggings":1,"minecraft:stone_axe":135,"minecraft:wooden_sword":28,"minecraft:cobblestone":129,"minecraft:andesite":22,"minecraft:bucket":11},"minecraft:custom":{"minecraft:interact_with_smithing_table":1,"minecraft:mob_kills":79,"minecraft:interact_with_crafting_table":35,"minecraft:open_barrel":32,"minecraft:leave_game":4,"minecraft:time_since_death":77551,"minecraft:climb_one_cm":3427,"minecraft:sprint_one_cm":449426,"minecraft:walk_one_cm":368681,"minecraft:damage_blocked_by_shield":1735,"minecraft:drop":28,"minecraft:play_time":213126,"minecraft:sneak_time":4692,"minecraft:deaths":2,"minecraft:walk_under_water_one_cm":32108,"minecraft:boat_one_cm":157750,"minecraft:jump":4035,"minecraft:interact_with_blast_furnace":8,"minecraft:walk_on_water_one_cm":24329,"minecraft:total_world_time":213126,"minecraft:interact_with_furnace":117,"minecraft:sleep_in_bed":1,"minecraft:time_since_rest":77571,"minecraft:open_enderchest":1,"minecraft:damage_taken":2647,"minecraft:damage_dealt":10485,"minecraft:swim_one_cm":110266,"minecraft:fly_one_cm":1024065,"minecraft:open_chest":70,"minecraft:crouch_one_cm":13987,"minecraft:interact_with_smoker":23,"minecraft:fall_one_cm":96615},"minecraft:killed_by":{"minecraft:creeper":1,"minecraft:skeleton":1},"minecraft:killed":{"minecraft:spider":5,"minecraft:slime":17,"minecraft:skeleton":10,"minecraft:chicken":7,"minecraft:creeper":5,"minecraft:sheep":4,"minecraft:zombie":23,"minecraft:cow":6},"minecraft:crafted":{"minecraft:wooden_sword":1,"minecraft:raw_iron":9,"minecraft:stone_shovel":2,"minecraft:birch_boat":1,"minecraft:cooked_chicken":7,"minecraft:furnace":5,"minecraft:bone_meal":9,"minecraft:cooked_mutton":5,"minecraft:bow":1,"minecraft:iron_boots":1,"minecraft:iron_axe":1,"minecraft:stone_pickaxe":4,"minecraft:chest":2,"minecraft:spruce_boat":1,"minecraft:birch_door":3,"minecraft:stone_hoe":1,"minecraft:smoker":2,"minecraft:cooked_beef":7,"minecraft:wooden_shovel":1,"minecraft:crafting_table":4,"minecraft:spruce_planks":76,"minecraft:iron_helmet":1,"minecraft:dried_kelp":128,"minecraft:wooden_pickaxe":3,"minecraft:baked_potato":8,"minecraft:iron_sword":1,"minecraft:spruce_door":6,"minecraft:bucket":1,"minecraft:birch_planks":44,"minecraft:stone_axe":2,"minecraft:air":0,"minecraft:spruce_trapdoor":2,"minecraft:white_wool":1,"minecraft:iron_chestplate":1,"minecraft:golden_leggings":1,"minecraft:charcoal":10,"minecraft:shield":1,"minecraft:stick":92,"minecraft:iron_ingot":105,"minecraft:iron_pickaxe":3,"minecraft:wooden_axe":1,"minecraft:stone_sword":1,"minecraft:iron_leggings":1,"minecraft:gold_ingot":36,"minecraft:torch":220}},"DataVersion":2975}