{"stats":{"minecraft:picked_up":{"minecraft:fishing_rod":1,"minecraft:coarse_dirt":6,"minecraft:netherite_boots":1,"minecraft:iron_chestplate":4,"minecraft:wheat":1,"minecraft:jungle_boat":2,"minecraft:feather":6,"minecraft:water_bucket":1,"minecraft:salmon":1,"minecraft:diamond_sword":1,"minecraft:potato":13,"minecraft:potion":3,"minecraft:oak_log":6,"minecraft:shield":1,"minecraft:netherite_leggings":1,"minecraft:dirt":47,"minecraft:wooden_sword":2,"minecraft:iron_leggings":5,"minecraft:wheat_seeds":167,"minecraft:spruce_planks":8,"minecraft:white_tulip":1,"minecraft:oak_boat":7,"minecraft:player_head":53,"minecraft:iron_sword":8,"minecraft:phantom_membrane":1,"minecraft:iron_boots":5,"minecraft:stick":7,"minecraft:birch_boat":1,"minecraft:cooked_porkchop":1,"minecraft:sweet_berries":176,"minecraft:torch":75,"minecraft:sand":25,"minecraft:spruce_sapling":3,"minecraft:ink_sac":37,"minecraft:trident":1,"minecraft:spruce_log":11,"minecraft:firework_rocket":1,"minecraft:arrow":1,"minecraft:rotten_flesh":7,"minecraft:cooked_cod":1,"minecraft:spruce_boat":2,"minecraft:netherite_helmet":1,"minecraft:iron_helmet":4,"minecraft:diamond_axe":1,"minecraft:bread":36,"minecraft:netherite_chestplate":1,"minecraft:baked_potato":172,"minecraft:snowball":30,"minecraft:diamond_pickaxe":1},"minecraft:killed":{"minecraft:zombie":1},"minecraft:dropped":{"minecraft:wheat_seeds":167,"minecraft:diamond_axe":1,"minecraft:baked_potato":109,"minecraft:diamond":1,"minecraft:netherite_chestplate":1,"minecraft:diamond_leggings":1,"minecraft:netherite_helmet":1,"minecraft:rotten_flesh":2,"minecraft:feather":3,"minecraft:netherite_leggings":1,"minecraft:diamond_sword":1,"minecraft:trident":1,"minecraft:ink_sac":3,"minecraft:diamond_pickaxe":1,"minecraft:netherite_boots":1,"minecraft:diamond_helmet":1,"minecraft:potion":3,"minecraft:iron_leggings":1,"minecraft:phantom_membrane":1,"minecraft:diamond_boots":1,"minecraft:sand":14,"minecraft:spruce_sapling":1,"minecraft:firework_rocket":1},"minecraft:crafted":{"minecraft:wooden_sword":1,"minecraft:oak_planks":8,"minecraft:crafting_table":1,"minecraft:spruce_planks":20,"minecraft:baked_potato":143,"minecraft:iron_sword":3,"minecraft:air":0,"minecraft:stick":4,"minecraft:chest":1},"minecraft:custom":{"minecraft:interact_with_furnace":12,"minecraft:mob_kills":1,"minecraft:interact_with_crafting_table":6,"minecraft:leave_game":18,"minecraft:time_since_death":51962,"minecraft:sleep_in_bed":1,"minecraft:climb_one_cm":32,"minecraft:damage_resisted":266,"minecraft:time_since_rest":324,"minecraft:sprint_one_cm":322718,"minecraft:open_enderchest":2,"minecraft:damage_taken":7971,"minecraft:walk_one_cm":180631,"minecraft:damage_blocked_by_shield":499,"minecraft:drop":68,"minecraft:damage_dealt":3913,"minecraft:swim_one_cm":212672,"minecraft:fly_one_cm":1295416,"minecraft:player_kills":13,"minecraft:open_chest":78,"minecraft:crouch_one_cm":9649,"minecraft:play_time":155173,"minecraft:deaths":18,"minecraft:sneak_time":7756,"minecraft:walk_under_water_one_cm":99912,"minecraft:boat_one_cm":652604,"minecraft:jump":3553,"minecraft:walk_on_water_one_cm":66206,"minecraft:interact_with_smoker":1,"minecraft:total_world_time":155173,"minecraft:fall_one_cm":111588},"minecraft:mined":{"minecraft:blue_carpet":1,"minecraft:player_wall_head":19,"minecraft:powder_snow":7,"minecraft:torch":1,"minecraft:spruce_leaves":4,"minecraft:sweet_berry_bush":7,"minecraft:spruce_log":5,"minecraft:mycelium":1,"minecraft:sand":2,"minecraft:packed_ice":12},"minecraft:used":{"minecraft:trident":60,"minecraft:water_bucket":27,"minecraft:diamond_boots":1,"minecraft:baked_potato":55,"minecraft:birch_boat":1,"minecraft:chest":1,"minecraft:shield":7,"minecraft:iron_sword":85,"minecraft:diamond_axe":2,"minecraft:player_head":8,"minecraft:jungle_boat":2,"minecraft:iron_chestplate":4,"minecraft:torch":1,"minecraft:dirt":8,"minecraft:sand":1,"minecraft:crafting_table":1,"minecraft:snowball":10,"minecraft:spruce_boat":1,"minecraft:iron_block":12,"minecraft:bread":14,"minecraft:iron_helmet":4,"minecraft:iron_boots":4,"minecraft:wooden_sword":3,"minecraft:sweet_berries":24,"minecraft:bucket":27,"minecraft:oak_boat":7,"minecraft:iron_leggings":5,"minecraft:diamond_leggings":1},"minecraft:killed_by":{"minecraft:player":18}},"DataVersion":2865}