{"stats":{"minecraft:killed_by":{"minecraft:creeper":2,"minecraft:blaze":1,"minecraft:player":4},"minecraft:picked_up":{"minecraft:shulker_shell":24,"minecraft:iron_chestplate":2,"minecraft:wheat":602,"minecraft:suspicious_stew":1,"minecraft:lead":3,"minecraft:diamond_sword":7,"minecraft:enchanted_book":1,"minecraft:golden_shovel":1,"minecraft:golden_sword":42,"minecraft:blue_concrete":128,"minecraft:string":64,"minecraft:raw_copper":897,"minecraft:cooked_salmon":2,"minecraft:iron_leggings":1,"minecraft:oak_sign":1,"minecraft:diamond_leggings":1,"minecraft:gold_nugget":659,"minecraft:cobbled_deepslate":456,"minecraft:bucket":2,"minecraft:spruce_planks":39,"minecraft:rose_bush":1,"minecraft:written_book":1,"minecraft:calcite":7,"minecraft:azalea":3,"minecraft:iron_pickaxe":2,"minecraft:melon_slice":134,"minecraft:deepslate_iron_ore":6,"minecraft:furnace":10,"minecraft:iron_boots":1,"minecraft:stick":338,"minecraft:torch":89,"minecraft:acacia_log":7,"minecraft:spruce_stairs":21,"minecraft:porkchop":35,"minecraft:pointed_dripstone":3,"minecraft:diorite":2249,"minecraft:golden_chestplate":1,"minecraft:stone_sword":1,"minecraft:rotten_flesh":910,"minecraft:tropical_fish":1,"minecraft:iron_block":64,"minecraft:netherite_chestplate":12,"minecraft:blaze_rod":75,"minecraft:obsidian":3,"minecraft:snowball":81,"minecraft:cobblestone":14601,"minecraft:sponge":39,"minecraft:birch_log":64,"minecraft:enchanting_table":1,"minecraft:cooked_beef":16,"minecraft:feather":29,"minecraft:jungle_log":16,"minecraft:water_bucket":9,"minecraft:andesite":2162,"minecraft:dark_oak_boat":24,"minecraft:golden_leggings":1,"minecraft:potato":623,"minecraft:flint":44,"minecraft:tuff":27,"minecraft:netherite_leggings":11,"minecraft:lapis_lazuli":311,"minecraft:dirt":810,"minecraft:name_tag":1,"minecraft:leather_boots":1,"minecraft:bone":100,"minecraft:bow":15,"minecraft:wheat_seeds":1621,"minecraft:raw_gold":251,"minecraft:netherite_axe":1,"minecraft:diamond_helmet":1,"minecraft:bamboo":221,"minecraft:moss_block":25,"minecraft:oak_planks":2,"minecraft:poisonous_potato":7,"minecraft:jungle_planks":15,"minecraft:sand":890,"minecraft:stripped_spruce_log":1,"minecraft:ink_sac":70,"minecraft:diamond_block":32,"minecraft:jungle_slab":4,"minecraft:dark_oak_log":27,"minecraft:shulker_box":5,"minecraft:clay":2,"minecraft:diamond":277,"minecraft:deepslate":339,"minecraft:spruce_boat":215,"minecraft:netherite_helmet":9,"minecraft:lever":1,"minecraft:granite":1228,"minecraft:bone_meal":448,"minecraft:golden_apple":7,"minecraft:white_concrete":129,"minecraft:emerald":24,"minecraft:bread":207,"minecraft:oak_sapling":12,"minecraft:netherrack":493,"minecraft:chorus_fruit":23,"minecraft:dark_oak_fence":29,"minecraft:diamond_pickaxe":8,"minecraft:end_stone_bricks":1,"minecraft:crafting_table":29,"minecraft:chicken":30,"minecraft:nether_wart":74,"minecraft:clay_ball":64,"minecraft:leather_leggings":1,"minecraft:packed_ice":207,"minecraft:wooden_pickaxe":1,"minecraft:stone_brick_wall":2,"minecraft:gold_block":9,"minecraft:dragon_head":1,"minecraft:purpur_block":3,"minecraft:shield":9,"minecraft:moss_carpet":18,"minecraft:elytra":4,"minecraft:flint_and_steel":1,"minecraft:white_carpet":173,"minecraft:netherite_sword":3,"minecraft:beef":156,"minecraft:oak_boat":36,"minecraft:player_head":22,"minecraft:observer":6,"minecraft:iron_nugget":2,"minecraft:light_gray_wool":1,"minecraft:spruce_slab":13,"minecraft:minecart":1,"minecraft:sugar_cane":574,"minecraft:chest":2,"minecraft:piston":1,"minecraft:phantom_membrane":30,"minecraft:spruce_trapdoor":47,"minecraft:egg":96,"minecraft:copper_ore":20,"minecraft:raw_iron":1476,"minecraft:sandstone":496,"minecraft:end_stone":214,"minecraft:stone":1718,"minecraft:music_disc_mellohi":1,"minecraft:spruce_fence":10,"minecraft:fire_charge":2,"minecraft:white_dye":1,"minecraft:trident":9,"minecraft:carrot":624,"minecraft:redstone":51,"minecraft:netherite_pickaxe":2,"minecraft:jungle_sign":1,"minecraft:dark_oak_planks":10,"minecraft:arrow":131,"minecraft:diamond_chestplate":1,"minecraft:cooked_cod":342,"minecraft:deepslate_bricks":2,"minecraft:golden_hoe":1,"minecraft:nether_bricks":4,"minecraft:shears":2,"minecraft:diamond_boots":4,"minecraft:hay_block":227,"minecraft:purpur_slab":2,"minecraft:gold_ingot":2,"minecraft:white_shulker_box":4,"minecraft:glow_berries":11,"minecraft:mutton":20,"minecraft:rail":11,"minecraft:white_wool":8,"minecraft:bone_block":62,"minecraft:wet_sponge":86,"minecraft:lapis_ore":1,"minecraft:netherite_boots":8,"minecraft:golden_carrot":93,"minecraft:glow_ink_sac":8,"minecraft:leather":112,"minecraft:cut_sandstone":1,"minecraft:filled_map":1,"minecraft:birch_planks":2,"minecraft:oak_log":22,"minecraft:gunpowder":25,"minecraft:yellow_bed":3,"minecraft:cobbled_deepslate_stairs":10,"minecraft:cobblestone_wall":26,"minecraft:paper":102,"minecraft:red_carpet":278,"minecraft:stone_bricks":1,"minecraft:kelp":15,"minecraft:music_disc_far":1,"minecraft:iron_ingot":91,"minecraft:iron_ore":1,"minecraft:glass_bottle":5,"minecraft:iron_sword":3,"minecraft:book":36,"minecraft:scaffolding":74,"minecraft:dark_oak_slab":8,"minecraft:smooth_basalt":18,"minecraft:sweet_berries":9,"minecraft:lime_concrete":16,"minecraft:spyglass":1,"minecraft:gravel":309,"minecraft:spruce_sapling":331,"minecraft:spruce_log":1631,"minecraft:spider_eye":25,"minecraft:spruce_door":8,"minecraft:leather_helmet":1,"minecraft:firework_rocket":444,"minecraft:diamond_shovel":5,"minecraft:coal_ore":29,"minecraft:slime_ball":157,"minecraft:polished_diorite":4,"minecraft:iron_helmet":2,"minecraft:diamond_axe":5,"minecraft:baked_potato":9,"minecraft:black_wool":3,"minecraft:melon_seeds":4,"minecraft:coal":1822,"minecraft:hopper":1,"minecraft:ender_pearl":37},"minecraft:mined":{"minecraft:dark_oak_planks":4,"minecraft:spruce_planks":26,"minecraft:white_bed":1,"minecraft:cobbled_deepslate_stairs":23,"minecraft:obsidian":1,"minecraft:spruce_trapdoor":47,"minecraft:granite":2395,"minecraft:acacia_log":7,"minecraft:stone_brick_wall":2,"minecraft:grass_block":139,"minecraft:deepslate_bricks":2,"minecraft:purpur_slab":1,"minecraft:polished_diorite":5,"minecraft:frosted_ice":23,"minecraft:hopper":1,"minecraft:nether_wart":20,"minecraft:spawner":3,"minecraft:tall_seagrass":3,"minecraft:magma_block":4,"minecraft:cobbled_deepslate":32,"minecraft:iron_ore":763,"minecraft:fire":12,"minecraft:moss_carpet":2,"minecraft:deepslate_lapis_ore":18,"minecraft:enchanting_table":1,"minecraft:pointed_dripstone":3,"minecraft:white_shulker_box":2,"minecraft:end_stone_bricks":2,"minecraft:iron_block":64,"minecraft:spruce_slab":13,"minecraft:tripwire":1,"minecraft:deepslate_redstone_ore":8,"minecraft:cut_sandstone":1,"minecraft:smoker":1,"minecraft:clay":4,"minecraft:torch":1,"minecraft:calcite":7,"minecraft:melon":20,"minecraft:chest":2,"minecraft:cobblestone":787,"minecraft:oak_planks":1,"minecraft:sugar_cane":320,"minecraft:dark_oak_slab":5,"minecraft:wheat":631,"minecraft:purpur_block":2,"minecraft:grass":13,"minecraft:oak_log":22,"minecraft:sand":863,"minecraft:dirt":1620,"minecraft:red_mushroom_block":1,"minecraft:netherrack":387,"minecraft:oak_leaves":14,"minecraft:deepslate":440,"minecraft:diamond_ore":16,"minecraft:tuff":15,"minecraft:deepslate_diamond_ore":89,"minecraft:dark_oak_log":18,"minecraft:end_stone":234,"minecraft:shulker_box":2,"minecraft:glow_lichen":1,"minecraft:nether_bricks":1,"minecraft:dark_oak_fence":35,"minecraft:spruce_fence":10,"minecraft:spruce_leaves":473,"minecraft:moss_block":27,"minecraft:sandstone":539,"minecraft:hay_block":236,"minecraft:spruce_sapling":5,"minecraft:furnace":10,"minecraft:carrots":167,"minecraft:snow":19,"minecraft:andesite":3820,"minecraft:stripped_spruce_log":1,"minecraft:diamond_block":32,"minecraft:gold_block":8,"minecraft:bookshelf":12,"minecraft:potatoes":189,"minecraft:vine":6,"minecraft:deepslate_iron_ore":70,"minecraft:packed_ice":704,"minecraft:wet_sponge":82,"minecraft:chorus_plant":3,"minecraft:bamboo":24,"minecraft:stone":35062,"minecraft:bone_block":61,"minecraft:white_wool":5,"minecraft:scaffolding":3,"minecraft:flowering_azalea":2,"minecraft:brown_carpet":7,"minecraft:spruce_door":8,"minecraft:crafting_table":22,"minecraft:emerald_ore":22,"minecraft:sponge":1,"minecraft:copper_ore":293,"minecraft:tall_grass":3,"minecraft:deepslate_gold_ore":126,"minecraft:lapis_ore":12,"minecraft:diorite":3478,"minecraft:spruce_stairs":21,"minecraft:birch_planks":2,"minecraft:cobblestone_wall":7,"minecraft:sweet_berry_bush":4,"minecraft:ice":80,"minecraft:white_carpet":3,"minecraft:spruce_log":1567,"minecraft:birch_leaves":2,"minecraft:yellow_bed":3,"minecraft:black_wool":3,"minecraft:coal_ore":1713,"minecraft:mycelium":2,"minecraft:gravel":488,"minecraft:cobweb":9,"minecraft:gold_ore":6,"minecraft:fern":1},"minecraft:killed":{"minecraft:cave_spider":4,"minecraft:zombified_piglin":1837,"minecraft:witch":1,"minecraft:spider":31,"minecraft:shulker":10,"minecraft:skeleton":67,"minecraft:chicken":20,"minecraft:wolf":1,"minecraft:piglin":2,"minecraft:magma_cube":11,"minecraft:pig":7,"minecraft:zombie_villager":1,"minecraft:salmon":1,"minecraft:creeper":31,"minecraft:zombie":60,"minecraft:glow_squid":1,"minecraft:blaze":19,"minecraft:cow":75,"minecraft:vex":1,"minecraft:vindicator":5,"minecraft:slime":100,"minecraft:phantom":47,"minecraft:drowned":6,"minecraft:bat":3,"minecraft:squid":1,"minecraft:wither_skeleton":8,"minecraft:enderman":19},"minecraft:used":{"minecraft:moss_carpet":2,"minecraft:spruce_slab":79,"minecraft:diamond_hoe":108,"minecraft:oak_sign":4,"minecraft:chest":18,"minecraft:shield":115,"minecraft:stone":81,"minecraft:iron_sword":387,"minecraft:nether_wart":20,"minecraft:white_shulker_box":2,"minecraft:player_head":4,"minecraft:nether_bricks":3,"minecraft:carrot":228,"minecraft:tuff":2,"minecraft:axolotl_bucket":2,"minecraft:snowball":31,"minecraft:spruce_boat":215,"minecraft:packed_ice":142,"minecraft:coal_ore":12,"minecraft:lantern":1,"minecraft:dark_oak_slab":26,"minecraft:golden_sword":32,"minecraft:red_carpet":13,"minecraft:bow":848,"minecraft:dark_oak_boat":25,"minecraft:sweet_berries":8,"minecraft:scaffolding":74,"minecraft:furnace":17,"minecraft:cooked_cod":13,"minecraft:gold_block":3,"minecraft:egg":84,"minecraft:potato":145,"minecraft:diorite":34,"minecraft:spruce_door":8,"minecraft:chorus_fruit":1,"minecraft:stone_pickaxe":393,"minecraft:oak_planks":5,"minecraft:ender_pearl":18,"minecraft:wooden_pickaxe":61,"minecraft:sandstone":100,"minecraft:diamond_axe":1633,"minecraft:sugar_cane":37,"minecraft:golden_apple":3,"minecraft:sand":50,"minecraft:netherite_leggings":1,"minecraft:sponge":83,"minecraft:stone_brick_wall":2,"minecraft:end_stone":110,"minecraft:cobbled_deepslate_stairs":5,"minecraft:firework_rocket":149,"minecraft:bread":615,"minecraft:melon_slice":74,"minecraft:deepslate":12,"minecraft:gravel":51,"minecraft:diamond_sword":1501,"minecraft:grindstone":1,"minecraft:dark_oak_fence":34,"minecraft:andesite":381,"minecraft:oak_boat":31,"minecraft:experience_bottle":2,"minecraft:cobweb":5,"minecraft:azalea":2,"minecraft:trident":586,"minecraft:rose_bush":1,"minecraft:netherite_sword":122,"minecraft:enchanting_table":1,"minecraft:spruce_planks":71,"minecraft:cooked_salmon":2,"minecraft:stone_hoe":70,"minecraft:netherrack":446,"minecraft:torch":141,"minecraft:dirt":180,"minecraft:spyglass":156,"minecraft:anvil":3,"minecraft:white_carpet":60,"minecraft:spruce_stairs":241,"minecraft:cobblestone_wall":9,"minecraft:shulker_box":2,"minecraft:spruce_fence":14,"minecraft:polished_diorite":66,"minecraft:wooden_axe":11,"minecraft:dark_oak_planks":19,"minecraft:bookshelf":16,"minecraft:iron_block":64,"minecraft:iron_axe":161,"minecraft:golden_carrot":12,"minecraft:cooked_beef":15,"minecraft:cobbled_deepslate":359,"minecraft:calcite":5,"minecraft:wheat_seeds":638,"minecraft:water_bucket":514,"minecraft:baked_potato":64,"minecraft:spruce_sign":2,"minecraft:deepslate_bricks":2,"minecraft:diamond_block":33,"minecraft:crafting_table":25,"minecraft:spruce_log":14,"minecraft:diamond_pickaxe":46641,"minecraft:diamond_shovel":3008,"minecraft:iron_pickaxe":3826,"minecraft:suspicious_stew":1,"minecraft:spruce_trapdoor":167,"minecraft:spruce_sapling":303,"minecraft:stone_axe":235,"minecraft:cobblestone":3825,"minecraft:bucket":523,"minecraft:yellow_bed":3},"minecraft:broken":{"minecraft:stone_pickaxe":3,"minecraft:golden_sword":1,"minecraft:stone_axe":2,"minecraft:iron_sword":1,"minecraft:wooden_pickaxe":1,"minecraft:iron_pickaxe":12},"minecraft:custom":{"minecraft:animals_bred":519,"minecraft:interact_with_crafting_table":251,"minecraft:open_barrel":107,"minecraft:open_shulker_box":9,"minecraft:bell_ring":86,"minecraft:leave_game":69,"minecraft:time_since_death":15785,"minecraft:damage_resisted":1306,"minecraft:sprint_one_cm":6329788,"minecraft:damage_blocked_by_shield":2555,"minecraft:drop":597,"minecraft:talked_to_villager":231,"minecraft:play_time":2235603,"minecraft:deaths":11,"minecraft:jump":62110,"minecraft:interact_with_brewingstand":5,"minecraft:walk_on_water_one_cm":828780,"minecraft:enchant_item":10,"minecraft:interact_with_furnace":411,"minecraft:traded_with_villager":517,"minecraft:sleep_in_bed":4,"minecraft:open_enderchest":286,"minecraft:damage_dealt":130184,"minecraft:interact_with_beacon":12,"minecraft:player_kills":9,"minecraft:crouch_one_cm":327099,"minecraft:interact_with_smoker":62,"minecraft:inspect_dispenser":4,"minecraft:horse_one_cm":1858,"minecraft:interact_with_smithing_table":2,"minecraft:mob_kills":8821,"minecraft:interact_with_anvil":48,"minecraft:inspect_hopper":12,"minecraft:climb_one_cm":460503,"minecraft:walk_one_cm":6401637,"minecraft:damage_dealt_absorbed":1,"minecraft:sneak_time":86109,"minecraft:walk_under_water_one_cm":995955,"minecraft:boat_one_cm":8973783,"minecraft:interact_with_lectern":6,"minecraft:interact_with_blast_furnace":18,"minecraft:total_world_time":2235603,"minecraft:interact_with_grindstone":4,"minecraft:time_since_rest":15805,"minecraft:damage_taken":22055,"minecraft:damage_absorbed":121,"minecraft:swim_one_cm":1720892,"minecraft:fly_one_cm":15053665,"minecraft:open_chest":1998,"minecraft:pig_one_cm":10393,"minecraft:aviate_one_cm":6918702,"minecraft:fall_one_cm":2094526},"minecraft:dropped":{"minecraft:spruce_sign":4,"minecraft:clay":2,"minecraft:iron_sword":1,"minecraft:piston":1,"minecraft:moss_block":2,"minecraft:porkchop":7,"minecraft:diamond_axe":2,"minecraft:cooked_beef":1,"minecraft:diamond":96,"minecraft:ender_pearl":7,"minecraft:glass_bottle":5,"minecraft:crafting_table":6,"minecraft:glow_berries":11,"minecraft:leather":7,"minecraft:jungle_planks":15,"minecraft:leather_helmet":2,"minecraft:elytra":1,"minecraft:rail":11,"minecraft:flint":18,"minecraft:gold_block":1,"minecraft:dirt":179,"minecraft:packed_ice":1,"minecraft:cooked_cod":223,"minecraft:netherite_boots":6,"minecraft:snowball":37,"minecraft:wet_sponge":6,"minecraft:gold_nugget":348,"minecraft:bone_meal":1070,"minecraft:phantom_membrane":26,"minecraft:sand":199,"minecraft:iron_pickaxe":2,"minecraft:dark_oak_planks":4,"minecraft:fishing_rod":1,"minecraft:gold_ingot":130,"minecraft:bone":24,"minecraft:gravel":57,"minecraft:diamond_block":1,"minecraft:purpur_block":3,"minecraft:sugar_cane":122,"minecraft:spyglass":1,"minecraft:lever":1,"minecraft:iron_nugget":4,"minecraft:cobbled_deepslate":110,"minecraft:wheat":15,"minecraft:pointed_dripstone":3,"minecraft:obsidian":3,"minecraft:netherite_sword":2,"minecraft:rotten_flesh":440,"minecraft:oak_planks":2,"minecraft:enchanted_golden_apple":1,"minecraft:diamond_shovel":3,"minecraft:end_stone":7,"minecraft:carrot":16,"minecraft:trident":4,"minecraft:gunpowder":19,"minecraft:azalea":1,"minecraft:melon_seeds":4,"minecraft:jungle_log":16,"minecraft:beetroot_seeds":8,"minecraft:hopper":1,"minecraft:leather_boots":1,"minecraft:leather_leggings":1,"minecraft:white_dye":1,"minecraft:arrow":18,"minecraft:end_stone_bricks":1,"minecraft:beef":14,"minecraft:netherrack":71,"minecraft:firework_rocket":129,"minecraft:enchanted_book":3,"minecraft:egg":1,"minecraft:stone_hoe":1,"minecraft:water_bucket":1,"minecraft:iron_ingot":45,"minecraft:bread":41,"minecraft:netherite_pickaxe":1,"minecraft:wheat_seeds":4,"minecraft:deepslate_iron_ore":6,"minecraft:feather":2,"minecraft:netherite_helmet":4,"minecraft:netherite_chestplate":7,"minecraft:poisonous_potato":2,"minecraft:netherite_axe":1,"minecraft:purpur_slab":2,"minecraft:lead":2,"minecraft:cobblestone":1243,"minecraft:granite":165,"minecraft:coal":228,"minecraft:spruce_door":3,"minecraft:tropical_fish":1,"minecraft:acacia_log":4,"minecraft:golden_apple":1,"minecraft:stick":134,"minecraft:jungle_slab":4,"minecraft:diorite":206,"minecraft:golden_carrot":19,"minecraft:ink_sac":34,"minecraft:torch":15,"minecraft:wooden_axe":1,"minecraft:white_concrete":129,"minecraft:melon_slice":10,"minecraft:cooked_salmon":2,"minecraft:fire_charge":4,"minecraft:iron_leggings":1,"minecraft:golden_hoe":1,"minecraft:iron_axe":1,"minecraft:string":34,"minecraft:acacia_planks":2,"minecraft:bucket":1,"minecraft:spruce_sapling":3,"minecraft:smooth_basalt":18,"minecraft:moss_carpet":16,"minecraft:kelp":15,"minecraft:player_head":3,"minecraft:nether_wart":7,"minecraft:stone_sword":1,"minecraft:blaze_rod":7,"minecraft:cobblestone_wall":17,"minecraft:bowl":1,"minecraft:lime_concrete":16,"minecraft:deepslate":327,"minecraft:tuff":24,"minecraft:raw_iron":586,"minecraft:chicken":1,"minecraft:clay_ball":64,"minecraft:light_gray_wool":1,"minecraft:blue_concrete":128,"minecraft:nether_bricks":1,"minecraft:oak_sign":1,"minecraft:shears":1,"minecraft:suspicious_stew":5,"minecraft:flint_and_steel":1,"minecraft:netherite_leggings":5,"minecraft:copper_ore":8,"minecraft:filled_map":6,"minecraft:diamond_sword":2,"minecraft:spruce_boat":3,"minecraft:stone":285,"minecraft:shield":4,"minecraft:spruce_trapdoor":1,"minecraft:spruce_planks":21,"minecraft:diamond_pickaxe":3,"minecraft:andesite":77,"minecraft:golden_leggings":1,"minecraft:oak_boat":3,"minecraft:golden_sword":26,"minecraft:bamboo":66,"minecraft:spider_eye":5,"minecraft:spruce_log":113,"minecraft:sandstone":302,"minecraft:bow":8,"minecraft:wooden_pickaxe":1,"minecraft:calcite":2},"minecraft:crafted":{"minecraft:grindstone":1,"minecraft:oak_planks":40,"minecraft:smooth_stone":60,"minecraft:oak_sign":3,"minecraft:dark_oak_boat":2,"minecraft:stone":3,"minecraft:diamond_shovel":1,"minecraft:bookshelf":17,"minecraft:diamond_helmet":1,"minecraft:bow":1,"minecraft:diamond_leggings":1,"minecraft:iron_boots":1,"minecraft:netherite_boots":1,"minecraft:chest":18,"minecraft:netherite_helmet":1,"minecraft:stone_hoe":1,"minecraft:emerald":748,"minecraft:diamond_axe":1,"minecraft:crafting_table":6,"minecraft:spruce_planks":6844,"minecraft:baked_potato":87,"minecraft:wooden_pickaxe":1,"minecraft:iron_helmet":2,"minecraft:spruce_door":3,"minecraft:gold_block":36,"minecraft:hay_block":4,"minecraft:spruce_trapdoor":130,"minecraft:dark_oak_slab":18,"minecraft:emerald_block":29,"minecraft:book":103,"minecraft:iron_chestplate":2,"minecraft:paper":369,"minecraft:diamond_pickaxe":1,"minecraft:shield":2,"minecraft:stick":11828,"minecraft:stone_slab":6,"minecraft:iron_ingot":778,"minecraft:iron_pickaxe":20,"minecraft:iron_block":75,"minecraft:gold_ingot":440,"minecraft:sandstone":80,"minecraft:sponge":72,"minecraft:polished_andesite":256,"minecraft:coal":1710,"minecraft:fishing_rod":1,"minecraft:netherite_sword":1,"minecraft:iron_nugget":9,"minecraft:diamond_hoe":1,"minecraft:furnace":25,"minecraft:bone_meal":768,"minecraft:spruce_fence":12,"minecraft:diamond_block":49,"minecraft:netherite_chestplate":1,"minecraft:lantern":1,"minecraft:spruce_stairs":236,"minecraft:diamond":423,"minecraft:dark_oak_fence":24,"minecraft:netherite_leggings":1,"minecraft:polished_diorite":64,"minecraft:iron_axe":1,"minecraft:spruce_slab":72,"minecraft:stone_pickaxe":3,"minecraft:diamond_boots":1,"minecraft:spruce_boat":1,"minecraft:redstone_block":5,"minecraft:dark_oak_planks":204,"minecraft:lead":2,"minecraft:wheat":2199,"minecraft:coal_block":269,"minecraft:diamond_sword":1,"minecraft:spruce_sign":6,"minecraft:dried_kelp":95,"minecraft:bucket":7,"minecraft:stone_axe":4,"minecraft:enchanted_book":29,"minecraft:bread":743,"minecraft:air":0,"minecraft:oak_boat":1,"minecraft:wooden_axe":1,"minecraft:iron_leggings":2,"minecraft:anvil":3,"minecraft:acacia_planks":12,"minecraft:torch":188,"minecraft:lapis_block":23,"minecraft:lapis_lazuli":63,"minecraft:carrot_on_a_stick":1,"minecraft:diamond_chestplate":1}},"DataVersion":2975}