{"stats":{"minecraft:broken":{"minecraft:iron_sword":4,"minecraft:stone_hoe":1,"minecraft:iron_axe":5,"minecraft:iron_pickaxe":14,"minecraft:wooden_hoe":1,"minecraft:iron_shovel":9},"minecraft:dropped":{"minecraft:clay":102,"minecraft:iron_sword":1,"minecraft:piston":33,"minecraft:lapis_lazuli":128,"minecraft:diamond":1,"minecraft:crafting_table":3,"minecraft:crossbow":1,"minecraft:rail":2,"minecraft:item_frame":1,"minecraft:dirt":200,"minecraft:raw_copper_block":21,"minecraft:bone_meal":302,"minecraft:sand":8,"minecraft:white_wool":3,"minecraft:birch_stairs":1,"minecraft:bone":79,"minecraft:stone_axe":1,"minecraft:iron_nugget":8,"minecraft:detector_rail":2,"minecraft:golden_chestplate":5,"minecraft:cobbled_deepslate":64,"minecraft:wheat":8,"minecraft:birch_sapling":6,"minecraft:rotten_flesh":115,"minecraft:oak_planks":210,"minecraft:white_bed":2,"minecraft:golden_boots":3,"minecraft:iron_ingot":3,"minecraft:wheat_seeds":26,"minecraft:oak_fence":7,"minecraft:iron_helmet":1,"minecraft:cobblestone":821,"minecraft:granite":36,"minecraft:coal":192,"minecraft:golden_apple":1,"minecraft:jungle_slab":4,"minecraft:gray_wool":2,"minecraft:red_dye":1,"minecraft:string":19,"minecraft:stone_sword":1,"minecraft:bowl":1,"minecraft:deepslate":66,"minecraft:stone_shovel":1,"minecraft:chicken":3,"minecraft:iron_boots":1,"minecraft:shears":1,"minecraft:potato":2,"minecraft:spruce_boat":1,"minecraft:stone":241,"minecraft:crimson_slab":4,"minecraft:spruce_planks":16,"minecraft:spider_eye":4,"minecraft:birch_boat":2,"minecraft:bow":11,"minecraft:magma_block":1,"minecraft:moss_block":25,"minecraft:birch_planks":3,"minecraft:oak_log":45,"minecraft:ender_pearl":6,"minecraft:birch_slab":5,"minecraft:flint":69,"minecraft:packed_ice":30,"minecraft:mutton":2,"minecraft:snowball":33,"minecraft:birch_log":10,"minecraft:gold_ingot":26,"minecraft:gravel":511,"minecraft:blackstone":42,"minecraft:beetroot":3,"minecraft:carrot":21,"minecraft:gunpowder":42,"minecraft:arrow":97,"minecraft:quartz":11,"minecraft:written_book":1,"minecraft:netherrack":146,"minecraft:firework_rocket":8,"minecraft:oak_slab":2,"minecraft:bread":28,"minecraft:lilac":3,"minecraft:observer":13,"minecraft:spruce_stairs":13,"minecraft:grass_block":1,"minecraft:stick":40,"minecraft:diorite":35,"minecraft:torch":25,"minecraft:brown_wool":2,"minecraft:map":2,"minecraft:iron_leggings":1,"minecraft:cactus":2,"minecraft:bucket":1,"minecraft:redstone":133,"minecraft:kelp":4,"minecraft:blaze_rod":2,"minecraft:raw_copper":54,"minecraft:tuff":20,"minecraft:composter":1,"minecraft:raw_iron":138,"minecraft:light_gray_wool":1,"minecraft:filled_map":2,"minecraft:iron_chestplate":1,"minecraft:andesite":8,"minecraft:golden_leggings":2,"minecraft:oak_boat":2,"minecraft:oak_sapling":10,"minecraft:stone_pickaxe":1,"minecraft:wooden_pickaxe":2},"minecraft:custom":{"minecraft:interact_with_crafting_table":378,"minecraft:open_barrel":340,"minecraft:bell_ring":2,"minecraft:eat_cake_slice":10,"minecraft:leave_game":56,"minecraft:time_since_death":939671,"minecraft:play_time":3900404,"minecraft:deaths":2,"minecraft:jump":44724,"minecraft:enchant_item":10,"minecraft:interact_with_furnace":906,"minecraft:traded_with_villager":163,"minecraft:interact_with_cartography_table":11,"minecraft:sleep_in_bed":126,"minecraft:damage_dealt":191363,"minecraft:interact_with_smoker":1,"minecraft:use_cauldron":11,"minecraft:horse_one_cm":132877,"minecraft:inspect_dropper":3,"minecraft:interact_with_anvil":18,"minecraft:inspect_hopper":11,"minecraft:sneak_time":323469,"minecraft:interact_with_lectern":39,"minecraft:interact_with_blast_furnace":3,"minecraft:total_world_time":3900404,"minecraft:interact_with_stonecutter":3,"minecraft:time_since_rest":69564,"minecraft:swim_one_cm":1769532,"minecraft:fly_one_cm":7210980,"minecraft:open_chest":3356,"minecraft:fall_one_cm":906545,"minecraft:animals_bred":81,"minecraft:open_shulker_box":292,"minecraft:sprint_one_cm":5898237,"minecraft:drop":394,"minecraft:talked_to_villager":133,"minecraft:interact_with_brewingstand":24,"minecraft:walk_on_water_one_cm":617283,"minecraft:interact_with_loom":9,"minecraft:open_enderchest":67,"minecraft:crouch_one_cm":1147230,"minecraft:mob_kills":1435,"minecraft:climb_one_cm":88062,"minecraft:walk_one_cm":9866114,"minecraft:walk_under_water_one_cm":918596,"minecraft:boat_one_cm":3586445,"minecraft:interact_with_grindstone":4,"minecraft:damage_absorbed":39,"minecraft:damage_taken":13513,"minecraft:aviate_one_cm":27142105},"minecraft:picked_up":{"minecraft:chainmail_boots":1,"minecraft:anvil":1,"minecraft:prismarine_shard":7,"minecraft:lead":22,"minecraft:diamond_sword":5,"minecraft:enchanted_book":1,"minecraft:amethyst_block":464,"minecraft:string":76,"minecraft:shroomlight":27,"minecraft:beetroot":183,"minecraft:diamond_leggings":2,"minecraft:gold_nugget":40,"minecraft:cobbled_deepslate":1679,"minecraft:spruce_planks":20,"minecraft:written_book":5,"minecraft:flower_banner_pattern":1,"minecraft:melon_slice":1324,"minecraft:golden_helmet":1,"minecraft:composter":20,"minecraft:big_dripleaf":4,"minecraft:acacia_log":7,"minecraft:golden_chestplate":8,"minecraft:cauldron":5,"minecraft:tropical_fish":1,"minecraft:blue_dye":56,"minecraft:carved_pumpkin":10,"minecraft:blaze_rod":2,"minecraft:snowball":1149,"minecraft:birch_log":248,"minecraft:magma_block":100,"minecraft:feather":7,"minecraft:cooked_beef":162,"minecraft:birch_slab":45,"minecraft:dark_oak_boat":1,"minecraft:copper_block":4,"minecraft:flint":147,"minecraft:purple_stained_glass":49,"minecraft:lantern":1,"minecraft:chipped_anvil":1,"minecraft:stonecutter":7,"minecraft:diamond_helmet":2,"minecraft:glowstone_dust":183,"minecraft:moss_block":102,"minecraft:stripped_spruce_log":1,"minecraft:ink_sac":9,"minecraft:dark_oak_log":51,"minecraft:deepslate":66,"minecraft:lever":21,"minecraft:writable_book":1,"minecraft:deepslate_gold_ore":64,"minecraft:granite":209,"minecraft:bread":46,"minecraft:crimson_roots":3,"minecraft:diamond_pickaxe":4,"minecraft:crafting_table":25,"minecraft:coarse_dirt":25,"minecraft:nether_wart":66,"minecraft:clay_ball":1164,"minecraft:leather_leggings":2,"minecraft:cornflower":10,"minecraft:elytra":2,"minecraft:flint_and_steel":1,"minecraft:iron_shovel":2,"minecraft:glass_pane":4,"minecraft:cartography_table":5,"minecraft:deepslate_diamond_ore":7,"minecraft:beef":96,"minecraft:spruce_slab":30,"minecraft:poppy":9,"minecraft:minecart":2,"minecraft:chest":13,"minecraft:birch_sapling":78,"minecraft:piston":103,"minecraft:raw_copper_block":21,"minecraft:egg":19,"minecraft:copper_ore":93,"minecraft:sandstone":5,"minecraft:stone":700,"minecraft:oak_door":3,"minecraft:amethyst_cluster":31,"minecraft:spruce_fence":4,"minecraft:fire_charge":1,"minecraft:white_dye":16,"minecraft:carrot":336,"minecraft:redstone":949,"minecraft:jungle_sign":1,"minecraft:diamond_chestplate":2,"minecraft:cooked_cod":7,"minecraft:beetroot_seeds":484,"minecraft:peony":4,"minecraft:deepslate_bricks":3,"minecraft:shears":4,"minecraft:diamond_boots":2,"minecraft:gold_ingot":60,"minecraft:glow_berries":34,"minecraft:mutton":11,"minecraft:crimson_slab":4,"minecraft:white_wool":80,"minecraft:rail":84,"minecraft:emerald_ore":5,"minecraft:oxeye_daisy":13,"minecraft:lapis_ore":39,"minecraft:stripped_oak_log":2,"minecraft:filled_map":8,"minecraft:oak_log":844,"minecraft:lily_pad":4,"minecraft:golden_boots":8,"minecraft:white_banner":13,"minecraft:stone_bricks":4,"minecraft:apple":28,"minecraft:kelp":363,"minecraft:iron_ore":164,"minecraft:iron_sword":1,"minecraft:flowering_azalea":8,"minecraft:smooth_basalt":30,"minecraft:sweet_berries":167,"minecraft:gravel":1728,"minecraft:birch_stairs":20,"minecraft:spruce_sapling":32,"minecraft:spruce_log":264,"minecraft:crying_obsidian":8,"minecraft:leather_helmet":2,"minecraft:red_stained_glass":1,"minecraft:firework_rocket":97,"minecraft:diamond_shovel":2,"minecraft:coal_ore":596,"minecraft:slime_ball":12,"minecraft:redstone_ore":12,"minecraft:diamond_axe":2,"minecraft:deepslate_redstone_ore":63,"minecraft:birch_sign":1,"minecraft:oak_button":1,"minecraft:baked_potato":5,"minecraft:hopper":2,"minecraft:ender_pearl":20,"minecraft:wheat":566,"minecraft:redstone_block":32,"minecraft:iron_trapdoor":5,"minecraft:potion":1,"minecraft:raw_copper":1948,"minecraft:deepslate_lapis_ore":43,"minecraft:oak_sign":9,"minecraft:smooth_stone":115,"minecraft:red_dye":49,"minecraft:rose_bush":7,"minecraft:redstone_torch":14,"minecraft:calcite":42,"minecraft:azalea":16,"minecraft:deepslate_iron_ore":101,"minecraft:furnace":4,"minecraft:stick":213,"minecraft:birch_trapdoor":26,"minecraft:oak_fence":19,"minecraft:torch":313,"minecraft:spruce_stairs":21,"minecraft:porkchop":7,"minecraft:pointed_dripstone":13,"minecraft:diorite":182,"minecraft:cactus":6,"minecraft:rotten_flesh":589,"minecraft:deepslate_copper_ore":16,"minecraft:obsidian":187,"minecraft:cobblestone":5003,"minecraft:nautilus_shell":2,"minecraft:leather_chestplate":2,"minecraft:lilac":11,"minecraft:magma_cream":1,"minecraft:andesite":106,"minecraft:golden_leggings":3,"minecraft:potato":61,"minecraft:tuff":170,"minecraft:acacia_boat":2,"minecraft:lapis_lazuli":1055,"minecraft:dirt":5139,"minecraft:name_tag":2,"minecraft:leather_boots":3,"minecraft:glass":215,"minecraft:bone":288,"minecraft:bow":25,"minecraft:wheat_seeds":1585,"minecraft:pink_banner":1,"minecraft:deepslate_brick_slab":4,"minecraft:raw_gold":434,"minecraft:light_blue_dye":4,"minecraft:bamboo":114,"minecraft:powered_rail":2,"minecraft:oak_planks":427,"minecraft:stone_hoe":1,"minecraft:ghast_tear":2,"minecraft:cooked_porkchop":4,"minecraft:music_disc_13":1,"minecraft:sand":3603,"minecraft:jungle_planks":1,"minecraft:grass_block":8,"minecraft:diamond_block":1,"minecraft:jungle_slab":8,"minecraft:shulker_box":5,"minecraft:mossy_cobblestone":46,"minecraft:clay":204,"minecraft:diamond":59,"minecraft:spruce_boat":14,"minecraft:crossbow":1,"minecraft:golden_apple":1,"minecraft:bone_meal":304,"minecraft:white_concrete":104,"minecraft:emerald":2,"minecraft:oak_sapling":235,"minecraft:netherrack":1431,"minecraft:oak_leaves":1,"minecraft:cocoa_beans":6,"minecraft:azure_bluet":16,"minecraft:chicken":8,"minecraft:brown_mushroom":19,"minecraft:packed_ice":311,"minecraft:wooden_pickaxe":3,"minecraft:oak_trapdoor":8,"minecraft:moss_carpet":24,"minecraft:item_frame":5,"minecraft:blackstone":38,"minecraft:detector_rail":2,"minecraft:oak_boat":14,"minecraft:player_head":19,"minecraft:observer":17,"minecraft:light_gray_wool":2,"minecraft:lectern":25,"minecraft:sugar_cane":613,"minecraft:spruce_trapdoor":11,"minecraft:phantom_membrane":14,"minecraft:dark_oak_sapling":6,"minecraft:raw_iron":770,"minecraft:end_stone":15,"minecraft:copper_ingot":1,"minecraft:bowl":2,"minecraft:dark_oak_planks":6,"minecraft:arrow":392,"minecraft:red_shulker_box":1,"minecraft:saddle":7,"minecraft:basalt":31,"minecraft:glow_ink_sac":7,"minecraft:leather":100,"minecraft:birch_planks":306,"minecraft:gunpowder":223,"minecraft:nether_wart_block":18,"minecraft:cobblestone_wall":2,"minecraft:cut_copper_slab":83,"minecraft:cooked_mutton":8,"minecraft:gray_carpet":7,"minecraft:deepslate_emerald_ore":1,"minecraft:iron_ingot":8,"minecraft:acacia_sapling":2,"minecraft:soul_sand":80,"minecraft:oak_slab":3,"minecraft:birch_boat":15,"minecraft:pumpkin":23,"minecraft:quartz":199,"minecraft:dandelion":68,"minecraft:white_bed":8,"minecraft:gold_ore":5,"minecraft:spider_eye":23,"minecraft:pumpkin_seeds":45,"minecraft:music_disc_mall":1,"minecraft:white_concrete_powder":232,"minecraft:iron_helmet":1,"minecraft:exposed_cut_copper_slab":1,"minecraft:coal":1433},"minecraft:crafted":{"minecraft:ender_chest":1,"minecraft:red_stained_glass_pane":16,"minecraft:smooth_stone":2275,"minecraft:oak_sign":12,"minecraft:melon":109,"minecraft:blaze_powder":6,"minecraft:birch_boat":3,"minecraft:birch_slab":252,"minecraft:loom":1,"minecraft:lever":48,"minecraft:diamond_shovel":1,"minecraft:bookshelf":16,"minecraft:shulker_box":5,"minecraft:quartz_block":3,"minecraft:glass":2827,"minecraft:repeater":8,"minecraft:melon_seeds":5,"minecraft:birch_door":3,"minecraft:glass_bottle":27,"minecraft:blue_stained_glass":16,"minecraft:emerald":96,"minecraft:diamond_axe":1,"minecraft:clock":2,"minecraft:copper_ingot":1530,"minecraft:cartography_table":2,"minecraft:lectern":1,"minecraft:wooden_hoe":2,"minecraft:stone_slab":12,"minecraft:compass":6,"minecraft:iron_pickaxe":14,"minecraft:iron_block":20,"minecraft:gold_ingot":367,"minecraft:composter":2,"minecraft:birch_stairs":120,"minecraft:golden_carrot":63,"minecraft:stone_shovel":1,"minecraft:smooth_stone_slab":6,"minecraft:iron_nugget":63,"minecraft:player_head":2,"minecraft:globe_banner_pattern":1,"minecraft:bone_meal":1529,"minecraft:spruce_fence":57,"minecraft:pink_dye":6,"minecraft:lantern":19,"minecraft:spruce_stairs":40,"minecraft:ladder":12,"minecraft:spruce_slab":204,"minecraft:stone_pickaxe":2,"minecraft:quartz_slab":6,"minecraft:spruce_boat":4,"minecraft:redstone_block":64,"minecraft:dark_oak_planks":12,"minecraft:lead":2,"minecraft:cut_copper_slab":336,"minecraft:enchanting_table":1,"minecraft:deepslate_brick_slab":18,"minecraft:glowstone":1,"minecraft:enchanted_book":2,"minecraft:oak_fence_gate":4,"minecraft:red_stained_glass":728,"minecraft:golden_apple":2,"minecraft:wooden_axe":1,"minecraft:birch_trapdoor":30,"minecraft:iron_shovel":9,"minecraft:iron_leggings":2,"minecraft:white_bed":3,"minecraft:grindstone":1,"minecraft:oak_planks":804,"minecraft:cobblestone_slab":6,"minecraft:barrel":4,"minecraft:cobblestone_stairs":4,"minecraft:stone":1936,"minecraft:flower_banner_pattern":1,"minecraft:suspicious_stew":1,"minecraft:green_dye":8,"minecraft:cake":3,"minecraft:hopper":8,"minecraft:bow":6,"minecraft:iron_boots":2,"minecraft:raw_copper":780,"minecraft:chest":44,"minecraft:oak_button":1,"minecraft:copper_block":170,"minecraft:rail":48,"minecraft:yellow_banner":5,"minecraft:stone_hoe":2,"minecraft:ender_eye":1,"minecraft:oak_fence":51,"minecraft:raw_iron_block":12,"minecraft:white_banner":2,"minecraft:oak_slab":24,"minecraft:item_frame":11,"minecraft:cauldron":6,"minecraft:map":8,"minecraft:crafting_table":13,"minecraft:spruce_planks":680,"minecraft:wooden_pickaxe":1,"minecraft:iron_helmet":2,"minecraft:gold_block":21,"minecraft:hopper_minecart":1,"minecraft:birch_planks":928,"minecraft:brewing_stand":1,"minecraft:spruce_trapdoor":20,"minecraft:pink_wool":6,"minecraft:book":53,"minecraft:iron_chestplate":2,"minecraft:paper":426,"minecraft:diamond_pickaxe":2,"minecraft:charcoal":79,"minecraft:purple_dye":56,"minecraft:stick":814,"minecraft:light_blue_dye":6,"minecraft:iron_ingot":606,"minecraft:stone_sword":1,"minecraft:snow_block":274,"minecraft:light_blue_stained_glass":8,"minecraft:redstone_torch":36,"minecraft:dark_oak_fence_gate":1,"minecraft:beetroot_soup":1,"minecraft:shears":2,"minecraft:oak_door":3,"minecraft:wooden_sword":1,"minecraft:cookie":54,"minecraft:redstone":162,"minecraft:raw_iron":108,"minecraft:furnace":12,"minecraft:piston":54,"minecraft:raw_copper_block":87,"minecraft:oak_trapdoor":4,"minecraft:glass_pane":208,"minecraft:flint_and_steel":1,"minecraft:white_concrete_powder":1328,"minecraft:iron_axe":7,"minecraft:iron_hoe":1,"minecraft:filled_map":2,"minecraft:birch_sign":3,"minecraft:observer":43,"minecraft:cooked_beef":94,"minecraft:red_dye":122,"minecraft:bone_block":62,"minecraft:diamond_sword":2,"minecraft:cyan_dye":2,"minecraft:iron_trapdoor":15,"minecraft:purple_stained_glass":448,"minecraft:spruce_sign":3,"minecraft:powered_rail":42,"minecraft:iron_sword":4,"minecraft:bowl":4,"minecraft:bucket":15,"minecraft:stone_axe":1,"minecraft:air":0,"minecraft:bread":28,"minecraft:blue_dye":95,"minecraft:cut_copper":168,"minecraft:oak_boat":1,"minecraft:gold_nugget":720,"minecraft:white_dye":190,"minecraft:stonecutter":1,"minecraft:anvil":2,"minecraft:pink_banner":1,"minecraft:pumpkin_pie":48,"minecraft:acacia_planks":28,"minecraft:torch":1500,"minecraft:lapis_lazuli":63,"minecraft:clay":278,"minecraft:lapis_block":16,"minecraft:firework_rocket":324},"minecraft:used":{"minecraft:moss_block":10,"minecraft:writable_book":16,"minecraft:spruce_slab":232,"minecraft:ladder":6,"minecraft:chest":44,"minecraft:stone":1,"minecraft:rotten_flesh":30,"minecraft:soul_sand":3,"minecraft:blue_stained_glass":11,"minecraft:jungle_slab":4,"minecraft:deepslate_brick_slab":15,"minecraft:snowball":6,"minecraft:spruce_boat":14,"minecraft:lava_bucket":14,"minecraft:grass_block":1,"minecraft:birch_sapling":2,"minecraft:red_stained_glass_pane":11,"minecraft:sweet_berries":122,"minecraft:oak_sapling":1,"minecraft:furnace":15,"minecraft:egg":34,"minecraft:potato":23,"minecraft:diorite":33,"minecraft:red_stained_glass":580,"minecraft:cut_copper_slab":383,"minecraft:powered_rail":36,"minecraft:cactus":58,"minecraft:blackstone":25,"minecraft:wooden_pickaxe":34,"minecraft:composter":21,"minecraft:golden_apple":1,"minecraft:glow_berries":34,"minecraft:sand":118,"minecraft:pumpkin_seeds":45,"minecraft:crying_obsidian":1,"minecraft:birch_slab":218,"minecraft:lectern":26,"minecraft:diamond_sword":1506,"minecraft:wooden_sword":47,"minecraft:birch_log":6,"minecraft:oak_boat":12,"minecraft:oak_trapdoor":9,"minecraft:enchanting_table":1,"minecraft:stone_sword":24,"minecraft:carved_pumpkin":1,"minecraft:netherrack":808,"minecraft:torch":1570,"minecraft:brewing_stand":2,"minecraft:anvil":3,"minecraft:oak_fence_gate":4,"minecraft:shroomlight":21,"minecraft:red_shulker_box":1,"minecraft:iron_axe":1293,"minecraft:barrel":4,"minecraft:melon_seeds":10,"minecraft:bamboo":2,"minecraft:glowstone":1,"minecraft:basalt":19,"minecraft:iron_trapdoor":20,"minecraft:cobbled_deepslate":289,"minecraft:observer":44,"minecraft:pointed_dripstone":13,"minecraft:calcite":1,"minecraft:wheat_seeds":803,"minecraft:yellow_banner":5,"minecraft:water_bucket":121,"minecraft:birch_planks":415,"minecraft:cartography_table":6,"minecraft:cauldron":11,"minecraft:deepslate_bricks":85,"minecraft:mossy_cobblestone":1,"minecraft:diamond_block":1,"minecraft:rail":60,"minecraft:oak_slab":9,"minecraft:crafting_table":32,"minecraft:birch_sign":5,"minecraft:white_bed":9,"minecraft:dark_oak_fence_gate":1,"minecraft:cake":1,"minecraft:spruce_log":4,"minecraft:oak_log":192,"minecraft:diamond_pickaxe":12765,"minecraft:diamond_shovel":9726,"minecraft:iron_pickaxe":3507,"minecraft:suspicious_stew":2,"minecraft:oak_button":2,"minecraft:spruce_trapdoor":30,"minecraft:spruce_sapling":15,"minecraft:cobblestone":987,"minecraft:cooked_porkchop":64,"minecraft:glass_pane":77,"minecraft:kelp":63,"minecraft:moss_carpet":24,"minecraft:iron_shovel":2234,"minecraft:melon":1,"minecraft:oak_sign":19,"minecraft:white_concrete_powder":477,"minecraft:iron_sword":1011,"minecraft:nether_wart":2,"minecraft:player_head":13,"minecraft:jungle_planks":1,"minecraft:carrot":105,"minecraft:tuff":117,"minecraft:axolotl_bucket":3,"minecraft:milk_bucket":1,"minecraft:obsidian":53,"minecraft:glass":1407,"minecraft:coal_ore":20,"minecraft:quartz_slab":6,"minecraft:lantern":8,"minecraft:crimson_roots":1,"minecraft:hopper_minecart":1,"minecraft:stone_bricks":4,"minecraft:item_frame":14,"minecraft:birch_trapdoor":51,"minecraft:repeater":8,"minecraft:magma_block":13,"minecraft:written_book":16,"minecraft:beetroot_seeds":239,"minecraft:stone_pickaxe":219,"minecraft:gray_carpet":7,"minecraft:oak_planks":96,"minecraft:ender_pearl":4,"minecraft:redstone_block":32,"minecraft:sugar_cane":49,"minecraft:diamond_axe":1388,"minecraft:white_wool":41,"minecraft:loom":1,"minecraft:shears":16,"minecraft:redstone_torch":33,"minecraft:lever":21,"minecraft:firework_rocket":311,"minecraft:melon_slice":1,"minecraft:dark_oak_log":1,"minecraft:string":2,"minecraft:bread":25,"minecraft:gravel":61,"minecraft:jungle_sign":3,"minecraft:grindstone":1,"minecraft:andesite":26,"minecraft:smooth_stone_slab":1,"minecraft:white_concrete":87,"minecraft:coarse_dirt":13,"minecraft:bone_meal":33,"minecraft:oak_fence":60,"minecraft:rose_bush":3,"minecraft:flint_and_steel":12,"minecraft:stone_shovel":107,"minecraft:redstone":92,"minecraft:spruce_planks":16,"minecraft:ender_chest":1,"minecraft:stone_hoe":139,"minecraft:oak_door":5,"minecraft:dirt":2577,"minecraft:hopper":7,"minecraft:spruce_stairs":52,"minecraft:cobblestone_wall":2,"minecraft:shulker_box":5,"minecraft:light_blue_stained_glass":8,"minecraft:granite":24,"minecraft:spruce_fence":57,"minecraft:birch_door":1,"minecraft:iron_hoe":100,"minecraft:wooden_axe":3,"minecraft:bookshelf":15,"minecraft:golden_carrot":21,"minecraft:cooked_beef":201,"minecraft:pumpkin":11,"minecraft:beetroot_soup":1,"minecraft:cooked_mutton":8,"minecraft:acacia_boat":2,"minecraft:amethyst_block":1,"minecraft:cobblestone_stairs":4,"minecraft:snow_block":236,"minecraft:glass_bottle":6,"minecraft:baked_potato":1,"minecraft:pink_banner":1,"minecraft:copper_block":4,"minecraft:birch_boat":14,"minecraft:brown_mushroom":10,"minecraft:spruce_sign":1,"minecraft:stonecutter":8,"minecraft:cobblestone_slab":1,"minecraft:spider_eye":1,"minecraft:purple_stained_glass":497,"minecraft:piston":118,"minecraft:wooden_hoe":106,"minecraft:map":8,"minecraft:stone_axe":4,"minecraft:bucket":149,"minecraft:smooth_stone":2041,"minecraft:splash_potion":2,"minecraft:birch_stairs":134},"minecraft:killed":{"minecraft:skeleton":217,"minecraft:guardian":3,"minecraft:chicken":3,"minecraft:skeleton_horse":2,"minecraft:magma_cube":8,"minecraft:pillager":5,"minecraft:goat":1,"minecraft:zombie":858,"minecraft:glow_squid":3,"minecraft:cow":69,"minecraft:snow_golem":1,"minecraft:enderman":14,"minecraft:witch":4,"minecraft:spider":56,"minecraft:piglin":9,"minecraft:pig":2,"minecraft:creeper":63,"minecraft:sheep":12,"minecraft:ghast":1,"minecraft:blaze":9,"minecraft:slime":7,"minecraft:phantom":17,"minecraft:drowned":14,"minecraft:bat":5,"minecraft:hoglin":4,"minecraft:squid":3,"minecraft:wither_skeleton":1},"minecraft:killed_by":{"minecraft:skeleton":1},"minecraft:mined":{"minecraft:dark_oak_planks":6,"minecraft:red_shulker_box":1,"minecraft:white_bed":6,"minecraft:carved_pumpkin":10,"minecraft:obsidian":191,"minecraft:granite":314,"minecraft:acacia_log":7,"minecraft:deepslate_bricks":3,"minecraft:hopper":2,"minecraft:oak_wall_sign":9,"minecraft:oxeye_daisy":7,"minecraft:light_blue_stained_glass":7,"minecraft:tall_seagrass":2,"minecraft:magma_block":115,"minecraft:cobbled_deepslate":63,"minecraft:fire":24,"minecraft:pumpkin":21,"minecraft:moss_carpet":5,"minecraft:deepslate_lapis_ore":121,"minecraft:cave_vines":43,"minecraft:tripwire":6,"minecraft:piston_head":8,"minecraft:brown_mushroom":16,"minecraft:kelp_plant":50,"minecraft:player_wall_head":1,"minecraft:crimson_nylium":12,"minecraft:amethyst_cluster":31,"minecraft:blue_stained_glass":11,"minecraft:powder_snow":7,"minecraft:torch":31,"minecraft:melon":213,"minecraft:glass":219,"minecraft:sugar_cane":320,"minecraft:amethyst_block":488,"minecraft:birch_sapling":1,"minecraft:wheat":598,"minecraft:lilac":7,"minecraft:copper_block":4,"minecraft:grass":150,"minecraft:smooth_basalt":24,"minecraft:stonecutter":7,"minecraft:piston":62,"minecraft:deepslate":1698,"minecraft:mossy_cobblestone":47,"minecraft:dark_oak_log":51,"minecraft:shulker_box":5,"minecraft:spruce_fence":4,"minecraft:jungle_planks":1,"minecraft:crimson_roots":1,"minecraft:redstone_wire":23,"minecraft:moss_block":83,"minecraft:cartography_table":5,"minecraft:kelp":10,"minecraft:white_concrete_powder":231,"minecraft:redstone_ore":46,"minecraft:snow":892,"minecraft:andesite":218,"minecraft:diamond_block":2,"minecraft:potatoes":16,"minecraft:cobblestone_slab":1,"minecraft:vine":3,"minecraft:rail":74,"minecraft:bamboo":14,"minecraft:white_wool":12,"minecraft:oak_slab":1,"minecraft:birch_stairs":19,"minecraft:redstone_block":32,"minecraft:glass_pane":35,"minecraft:soul_sand":65,"minecraft:observer":4,"minecraft:dandelion":36,"minecraft:jungle_sign":1,"minecraft:cornflower":5,"minecraft:emerald_ore":5,"minecraft:crimson_slab":2,"minecraft:tall_grass":18,"minecraft:copper_ore":559,"minecraft:deepslate_gold_ore":271,"minecraft:diorite":213,"minecraft:cut_copper_slab":74,"minecraft:coarse_dirt":15,"minecraft:cobblestone_wall":2,"minecraft:purple_stained_glass":49,"minecraft:spruce_log":264,"minecraft:birch_leaves":40,"minecraft:mycelium":3,"minecraft:gravel":2266,"minecraft:cobweb":2,"minecraft:birch_sign":1,"minecraft:stone_bricks":4,"minecraft:chipped_anvil":1,"minecraft:gold_ore":52,"minecraft:deepslate_emerald_ore":1,"minecraft:iron_trapdoor":5,"minecraft:fern":4,"minecraft:spruce_planks":8,"minecraft:farmland":2,"minecraft:jungle_slab":3,"minecraft:spruce_trapdoor":11,"minecraft:cave_vines_plant":66,"minecraft:budding_amethyst":2,"minecraft:grass_block":2922,"minecraft:white_concrete":104,"minecraft:composter":20,"minecraft:smooth_stone":115,"minecraft:glowstone":54,"minecraft:iron_ore":520,"minecraft:anvil":1,"minecraft:azure_bluet":8,"minecraft:pointed_dripstone":3,"minecraft:azalea":14,"minecraft:spruce_slab":24,"minecraft:deepslate_redstone_ore":190,"minecraft:blackstone":32,"minecraft:medium_amethyst_bud":1,"minecraft:clay":322,"minecraft:calcite":37,"minecraft:poppy":6,"minecraft:chest":11,"minecraft:nether_quartz_ore":104,"minecraft:cobblestone":526,"minecraft:oak_planks":142,"minecraft:wall_torch":50,"minecraft:cauldron":5,"minecraft:deepslate_copper_ore":67,"minecraft:seagrass":2,"minecraft:warped_nylium":2,"minecraft:powered_rail":2,"minecraft:nether_wart_block":18,"minecraft:birch_log":238,"minecraft:birch_trapdoor":26,"minecraft:exposed_cut_copper_slab":2,"minecraft:oak_log":768,"minecraft:beetroots":186,"minecraft:sand":3636,"minecraft:dirt":2119,"minecraft:netherrack":1775,"minecraft:oak_leaves":271,"minecraft:nether_gold_ore":8,"minecraft:diamond_ore":1,"minecraft:crying_obsidian":2,"minecraft:tuff":246,"minecraft:dark_oak_leaves":27,"minecraft:deepslate_diamond_ore":45,"minecraft:oak_door":2,"minecraft:red_stained_glass":1,"minecraft:lever":19,"minecraft:birch_slab":35,"minecraft:spruce_leaves":111,"minecraft:large_fern":8,"minecraft:deepslate_brick_slab":5,"minecraft:oak_trapdoor":8,"minecraft:spruce_sapling":2,"minecraft:furnace":4,"minecraft:carrots":85,"minecraft:stripped_spruce_log":1,"minecraft:peony":2,"minecraft:deepslate_iron_ore":294,"minecraft:shroomlight":26,"minecraft:stripped_oak_log":2,"minecraft:packed_ice":660,"minecraft:stone":4923,"minecraft:redstone_wall_torch":1,"minecraft:flowering_azalea":6,"minecraft:snow_block":83,"minecraft:basalt":38,"minecraft:oak_fence":15,"minecraft:crafting_table":23,"minecraft:rose_bush":4,"minecraft:lectern":25,"minecraft:deepslate_coal_ore":7,"minecraft:lapis_ore":68,"minecraft:spruce_stairs":21,"minecraft:birch_planks":173,"minecraft:cactus":2,"minecraft:redstone_torch":13,"minecraft:sweet_berry_bush":35,"minecraft:coal_ore":1492,"minecraft:cocoa":2,"minecraft:gray_carpet":1,"minecraft:small_dripleaf":1}},"DataVersion":3120}