{"stats":{"minecraft:broken":{"minecraft:wooden_axe":1,"minecraft:iron_axe":2,"minecraft:iron_pickaxe":2},"minecraft:dropped":{"minecraft:iron_sword":1,"minecraft:glow_ink_sac":2,"minecraft:glass_bottle":1,"minecraft:warped_roots":1,"minecraft:gold_block":1,"minecraft:sand":4,"minecraft:iron_pickaxe":1,"minecraft:bone":2,"minecraft:gravel":1,"minecraft:cooked_chicken":1,"minecraft:golden_chestplate":1,"minecraft:rotten_flesh":2,"minecraft:oak_planks":36,"minecraft:beef":2,"minecraft:wheat_seeds":3,"minecraft:feather":5,"minecraft:stick":6,"minecraft:ink_sac":1,"minecraft:fire_charge":1,"minecraft:potion":3,"minecraft:pumpkin":11,"minecraft:string":2,"minecraft:dandelion":120,"minecraft:dark_oak_sign":4,"minecraft:oak_sign":2,"minecraft:filled_map":2,"minecraft:shield":2,"minecraft:yellow_bed":1,"minecraft:oak_boat":1,"minecraft:birch_boat":1},"minecraft:custom":{"minecraft:interact_with_crafting_table":46,"minecraft:open_barrel":11,"minecraft:open_shulker_box":5,"minecraft:bell_ring":37,"minecraft:leave_game":23,"minecraft:time_since_death":159398,"minecraft:sprint_one_cm":817613,"minecraft:damage_blocked_by_shield":1623,"minecraft:drop":46,"minecraft:talked_to_villager":1,"minecraft:play_time":388364,"minecraft:deaths":2,"minecraft:jump":7869,"minecraft:walk_on_water_one_cm":100287,"minecraft:enchant_item":6,"minecraft:interact_with_furnace":15,"minecraft:sleep_in_bed":10,"minecraft:open_enderchest":1,"minecraft:damage_dealt":13494,"minecraft:player_kills":1,"minecraft:crouch_one_cm":105202,"minecraft:interact_with_smoker":24,"minecraft:mob_kills":93,"minecraft:interact_with_anvil":1,"minecraft:inspect_hopper":1,"minecraft:climb_one_cm":14872,"minecraft:walk_one_cm":558887,"minecraft:sneak_time":33006,"minecraft:walk_under_water_one_cm":202164,"minecraft:boat_one_cm":2710149,"minecraft:interact_with_lectern":3,"minecraft:interact_with_blast_furnace":35,"minecraft:total_world_time":388364,"minecraft:time_since_rest":16898,"minecraft:damage_taken":6337,"minecraft:swim_one_cm":781370,"minecraft:fly_one_cm":1697698,"minecraft:open_chest":219,"minecraft:fall_one_cm":212586},"minecraft:picked_up":{"minecraft:birch_door":4,"minecraft:iron_chestplate":1,"minecraft:anvil":1,"minecraft:potion":2,"minecraft:amethyst_block":1,"minecraft:string":6,"minecraft:raw_copper":27,"minecraft:iron_leggings":1,"minecraft:pufferfish":1,"minecraft:oak_sign":4,"minecraft:diamond_leggings":1,"minecraft:cobbled_deepslate":64,"minecraft:written_book":1,"minecraft:calcite":1,"minecraft:iron_pickaxe":3,"minecraft:iron_boots":1,"minecraft:furnace":2,"minecraft:stick":29,"minecraft:acacia_log":169,"minecraft:porkchop":3,"minecraft:diorite":1,"minecraft:stone_sword":1,"minecraft:cactus":8,"minecraft:rotten_flesh":30,"minecraft:cod":1,"minecraft:cobblestone":198,"minecraft:enchanting_table":2,"minecraft:feather":6,"minecraft:cooked_beef":3,"minecraft:water_bucket":1,"minecraft:andesite":88,"minecraft:smoker":2,"minecraft:flint":2,"minecraft:tuff":1,"minecraft:lapis_lazuli":43,"minecraft:dirt":164,"minecraft:bone":10,"minecraft:bow":2,"minecraft:wheat_seeds":13,"minecraft:raw_gold":18,"minecraft:dark_oak_sign":2,"minecraft:diamond_helmet":1,"minecraft:moss_block":2,"minecraft:stone_hoe":1,"minecraft:oak_planks":50,"minecraft:sand":8,"minecraft:stripped_acacia_wood":8,"minecraft:ink_sac":15,"minecraft:dark_oak_log":33,"minecraft:diamond":50,"minecraft:granite":21,"minecraft:oak_sapling":35,"minecraft:andesite_slab":225,"minecraft:diamond_pickaxe":1,"minecraft:crafting_table":8,"minecraft:chicken":7,"minecraft:clay_ball":12,"minecraft:brown_mushroom":6,"minecraft:gold_block":3,"minecraft:shield":3,"minecraft:cornflower":6,"minecraft:iron_axe":1,"minecraft:iron_shovel":2,"minecraft:beef":9,"minecraft:oak_boat":26,"minecraft:player_head":3,"minecraft:chest":3,"minecraft:sugar_cane":74,"minecraft:raw_iron":135,"minecraft:sandstone":2,"minecraft:oak_door":31,"minecraft:copper_ingot":1,"minecraft:carrot":23,"minecraft:redstone":42,"minecraft:dark_oak_planks":39,"minecraft:arrow":12,"minecraft:diamond_chestplate":1,"minecraft:diamond_boots":1,"minecraft:hay_block":37,"minecraft:mutton":22,"minecraft:white_wool":13,"minecraft:glow_ink_sac":4,"minecraft:leather":4,"minecraft:red_mushroom":6,"minecraft:acacia_wood":105,"minecraft:oak_log":153,"minecraft:lily_pad":4,"minecraft:yellow_bed":5,"minecraft:apple":2,"minecraft:kelp":17,"minecraft:spore_blossom":1,"minecraft:iron_ingot":5,"minecraft:stone_pickaxe":1,"minecraft:glass_bottle":1,"minecraft:acacia_sapling":16,"minecraft:iron_sword":1,"minecraft:birch_boat":10,"minecraft:pumpkin":11,"minecraft:sweet_berries":50,"minecraft:dandelion":184,"minecraft:spyglass":1,"minecraft:gravel":51,"minecraft:spruce_sapling":1,"minecraft:blast_furnace":2,"minecraft:white_bed":2,"minecraft:spider_eye":2,"minecraft:stone_axe":1,"minecraft:iron_helmet":1,"minecraft:diamond_axe":1,"minecraft:warped_roots":1,"minecraft:coal":146},"minecraft:crafted":{"minecraft:oak_planks":104,"minecraft:smooth_stone":3,"minecraft:oak_sign":3,"minecraft:cooked_chicken":7,"minecraft:stone":3,"minecraft:cooked_mutton":22,"minecraft:diamond_helmet":1,"minecraft:bow":1,"minecraft:diamond_leggings":1,"minecraft:iron_boots":2,"minecraft:chest":4,"minecraft:stone_hoe":1,"minecraft:smoker":1,"minecraft:acacia_wood":114,"minecraft:cooked_porkchop":3,"minecraft:diamond_axe":1,"minecraft:crafting_table":3,"minecraft:iron_helmet":1,"minecraft:copper_ingot":27,"minecraft:iron_chestplate":2,"minecraft:book":1,"minecraft:paper":3,"minecraft:diamond_pickaxe":2,"minecraft:yellow_dye":1,"minecraft:shield":2,"minecraft:stick":28,"minecraft:iron_ingot":139,"minecraft:iron_pickaxe":5,"minecraft:iron_block":3,"minecraft:gold_ingot":27,"minecraft:shears":1,"minecraft:golden_carrot":7,"minecraft:oak_door":3,"minecraft:stone_shovel":1,"minecraft:furnace":2,"minecraft:blast_furnace":1,"minecraft:mushroom_stew":6,"minecraft:yellow_bed":1,"minecraft:dark_oak_sign":3,"minecraft:iron_axe":3,"minecraft:diamond_boots":1,"minecraft:dark_oak_planks":50,"minecraft:wheat":333,"minecraft:cooked_beef":7,"minecraft:enchanting_table":1,"minecraft:bowl":8,"minecraft:bread":123,"minecraft:air":0,"minecraft:oak_boat":2,"minecraft:gold_nugget":54,"minecraft:andesite_slab":162,"minecraft:wooden_axe":1,"minecraft:iron_shovel":1,"minecraft:iron_leggings":2,"minecraft:anvil":1,"minecraft:white_bed":1,"minecraft:clay":1,"minecraft:diamond_chestplate":1},"minecraft:used":{"minecraft:iron_shovel":100,"minecraft:oak_sign":1,"minecraft:chest":5,"minecraft:shield":37,"minecraft:iron_sword":178,"minecraft:rotten_flesh":3,"minecraft:carrot":18,"minecraft:acacia_sapling":4,"minecraft:written_book":1,"minecraft:sweet_berries":30,"minecraft:furnace":1,"minecraft:oak_sapling":3,"minecraft:cooked_cod":13,"minecraft:diorite":1,"minecraft:dark_oak_sign":2,"minecraft:sandstone":2,"minecraft:clay":1,"minecraft:diamond_axe":296,"minecraft:sand":2,"minecraft:mushroom_stew":6,"minecraft:blast_furnace":2,"minecraft:bread":72,"minecraft:gravel":1,"minecraft:pufferfish":1,"minecraft:andesite":5,"minecraft:oak_boat":26,"minecraft:golden_pickaxe":5,"minecraft:enchanting_table":2,"minecraft:flint_and_steel":11,"minecraft:stone_shovel":63,"minecraft:stone_hoe":61,"minecraft:cooked_chicken":6,"minecraft:oak_door":29,"minecraft:dirt":100,"minecraft:anvil":1,"minecraft:golden_chestplate":1,"minecraft:granite":21,"minecraft:dark_oak_planks":65,"minecraft:wooden_axe":55,"minecraft:iron_axe":527,"minecraft:golden_carrot":4,"minecraft:acacia_wood":113,"minecraft:cooked_beef":7,"minecraft:cobbled_deepslate":42,"minecraft:calcite":1,"minecraft:wheat_seeds":5,"minecraft:cooked_mutton":22,"minecraft:amethyst_block":1,"minecraft:glass_bottle":1,"minecraft:andesite_slab":198,"minecraft:birch_boat":9,"minecraft:glow_ink_sac":1,"minecraft:leather_boots":1,"minecraft:crafting_table":8,"minecraft:white_bed":2,"minecraft:smoker":2,"minecraft:oak_log":29,"minecraft:diamond_pickaxe":5,"minecraft:iron_pickaxe":904,"minecraft:suspicious_stew":2,"minecraft:spruce_sapling":1,"minecraft:fishing_rod":2,"minecraft:cobblestone":83,"minecraft:potion":2,"minecraft:cooked_porkchop":3,"minecraft:yellow_bed":4,"minecraft:kelp":17},"minecraft:killed":{"minecraft:spider":6,"minecraft:dolphin":1,"minecraft:pufferfish":1,"minecraft:skeleton":12,"minecraft:chicken":10,"minecraft:pig":3,"minecraft:zombie_villager":1,"minecraft:iron_golem":1,"minecraft:creeper":2,"minecraft:sheep":17,"minecraft:zombie":18,"minecraft:donkey":1,"minecraft:glow_squid":2,"minecraft:cow":4,"minecraft:drowned":8,"minecraft:squid":5,"minecraft:enderman":1},"minecraft:killed_by":{"minecraft:skeleton":1},"minecraft:mined":{"minecraft:dark_oak_planks":65,"minecraft:white_bed":2,"minecraft:oak_sapling":2,"minecraft:farmland":60,"minecraft:granite":22,"minecraft:acacia_log":169,"minecraft:grass_block":69,"minecraft:tall_seagrass":9,"minecraft:iron_ore":120,"minecraft:cobbled_deepslate":5,"minecraft:fire":11,"minecraft:pumpkin":11,"minecraft:anvil":1,"minecraft:enchanting_table":2,"minecraft:deepslate_redstone_ore":7,"minecraft:smoker":2,"minecraft:clay":3,"minecraft:blast_furnace":2,"minecraft:calcite":1,"minecraft:chest":5,"minecraft:mushroom_stem":5,"minecraft:cobblestone":2,"minecraft:sugar_cane":39,"minecraft:amethyst_block":1,"minecraft:seagrass":1,"minecraft:acacia_sapling":2,"minecraft:wheat":5,"minecraft:grass":35,"minecraft:oak_log":154,"minecraft:sand":7,"minecraft:dirt":35,"minecraft:red_mushroom_block":30,"minecraft:oak_leaves":86,"minecraft:deepslate":59,"minecraft:diamond_ore":14,"minecraft:tuff":1,"minecraft:dark_oak_leaves":3,"minecraft:deepslate_diamond_ore":36,"minecraft:oak_door":15,"minecraft:dark_oak_log":33,"minecraft:glow_lichen":1,"minecraft:brown_mushroom_block":34,"minecraft:kelp":3,"minecraft:moss_block":3,"minecraft:sandstone":2,"minecraft:hay_block":37,"minecraft:spore_blossom":1,"minecraft:redstone_ore":2,"minecraft:furnace":1,"minecraft:carrots":18,"minecraft:acacia_wood":105,"minecraft:andesite":88,"minecraft:gold_block":1,"minecraft:deepslate_iron_ore":15,"minecraft:stone":208,"minecraft:acacia_leaves":64,"minecraft:dandelion":78,"minecraft:crafting_table":8,"minecraft:andesite_slab":174,"minecraft:tall_grass":6,"minecraft:copper_ore":8,"minecraft:lapis_ore":7,"minecraft:deepslate_gold_ore":12,"minecraft:diorite":1,"minecraft:cactus":3,"minecraft:sweet_berry_bush":1,"minecraft:yellow_bed":4,"minecraft:coal_ore":107,"minecraft:gravel":54,"minecraft:stripped_acacia_wood":8,"minecraft:gold_ore":6,"minecraft:fern":3}},"DataVersion":3120}