{"stats":{"minecraft:killed_by":{"minecraft:zombie":2,"minecraft:creeper":2,"minecraft:drowned":1,"minecraft:piglin":1,"minecraft:enderman":1,"minecraft:iron_golem":1,"minecraft:skeleton":4,"minecraft:phantom":1},"minecraft:broken":{"minecraft:golden_boots":3,"minecraft:chainmail_leggings":1,"minecraft:diamond_leggings":1,"minecraft:shield":2,"minecraft:iron_axe":4,"minecraft:iron_pickaxe":10,"minecraft:golden_helmet":2,"minecraft:iron_shovel":3,"minecraft:stone_pickaxe":17,"minecraft:chainmail_chestplate":1,"minecraft:stone_axe":11,"minecraft:stone_shovel":14,"minecraft:diamond_sword":1,"minecraft:leather_boots":1},"minecraft:crafted":{"minecraft:ender_chest":7,"minecraft:light_gray_concrete_powder":128,"minecraft:smooth_stone":3,"minecraft:yellow_wool":48,"minecraft:oxidized_cut_copper_slab":18,"minecraft:oak_sign":39,"minecraft:melon":56,"minecraft:orange_stained_glass":16,"minecraft:blaze_powder":8,"minecraft:oxidized_cut_copper_stairs":112,"minecraft:birch_slab":6,"minecraft:diamond_shovel":2,"minecraft:bookshelf":19,"minecraft:shulker_box":43,"minecraft:red_concrete_powder":512,"minecraft:glass":66,"minecraft:quartz_block":1810,"minecraft:diamond_helmet":1,"minecraft:diamond_leggings":1,"minecraft:netherite_boots":2,"minecraft:magenta_concrete_powder":128,"minecraft:melon_seeds":1,"minecraft:light_blue_concrete_powder":128,"minecraft:birch_door":6,"minecraft:lime_concrete_powder":128,"minecraft:cooked_rabbit":18,"minecraft:glass_bottle":6,"minecraft:wooden_shovel":1,"minecraft:emerald":234,"minecraft:cooked_porkchop":43,"minecraft:diamond_axe":1,"minecraft:raw_gold_block":168,"minecraft:smithing_table":1,"minecraft:clock":1,"minecraft:copper_ingot":72,"minecraft:fletching_table":2,"minecraft:hay_block":40,"minecraft:lectern":4,"minecraft:golden_leggings":1,"minecraft:stone_slab":6,"minecraft:iron_pickaxe":13,"minecraft:iron_block":574,"minecraft:gold_ingot":899,"minecraft:sandstone":34,"minecraft:netherite_ingot":11,"minecraft:composter":1,"minecraft:yellow_concrete_powder":128,"minecraft:stone_shovel":18,"minecraft:jukebox":1,"minecraft:leather_leggings":1,"minecraft:player_head":48,"minecraft:iron_nugget":9,"minecraft:spyglass":1,"minecraft:diamond_hoe":1,"minecraft:bone_meal":87,"minecraft:white_carpet":3,"minecraft:lantern":8,"minecraft:netherite_axe":2,"minecraft:diamond":90,"minecraft:black_concrete_powder":128,"minecraft:ladder":81,"minecraft:stone_pickaxe":20,"minecraft:diamond_boots":2,"minecraft:deepslate_tile_wall":54,"minecraft:cobbled_deepslate_stairs":40,"minecraft:spruce_boat":1,"minecraft:red_glazed_terracotta":12,"minecraft:redstone_block":504,"minecraft:dark_oak_planks":184,"minecraft:golden_helmet":2,"minecraft:coal_block":798,"minecraft:crossbow":1,"minecraft:netherite_pickaxe":3,"minecraft:enchanting_table":1,"minecraft:waxed_oxidized_cut_copper_stairs":212,"minecraft:gray_concrete_powder":128,"minecraft:dark_oak_button":256,"minecraft:deepslate_tiles":3648,"minecraft:enchanted_book":19,"minecraft:orange_dye":2,"minecraft:jungle_slab":6,"minecraft:red_stained_glass":8,"minecraft:andesite_slab":756,"minecraft:gunpowder":8,"minecraft:fermented_spider_eye":1,"minecraft:writable_book":4,"minecraft:iron_leggings":3,"minecraft:deepslate_tile_stairs":280,"minecraft:white_bed":78,"minecraft:note_block":1,"minecraft:grindstone":1,"minecraft:oak_planks":488,"minecraft:cobblestone_slab":6,"minecraft:barrel":30,"minecraft:dark_oak_boat":3,"minecraft:lightning_rod":4,"minecraft:red_sandstone":13,"minecraft:cobblestone_stairs":80,"minecraft:stone":15,"minecraft:hopper":21,"minecraft:bow":26,"minecraft:iron_boots":1,"minecraft:raw_copper":20627,"minecraft:chest":101,"minecraft:netherite_helmet":2,"minecraft:oak_button":208,"minecraft:copper_block":2862,"minecraft:blue_concrete_powder":128,"minecraft:yellow_banner":29,"minecraft:stone_hoe":1,"minecraft:ender_eye":7,"minecraft:golden_sword":1,"minecraft:golden_boots":3,"minecraft:raw_iron_block":469,"minecraft:waxed_oxidized_cut_copper":206,"minecraft:item_frame":22,"minecraft:oak_slab":18,"minecraft:crafting_table":10,"minecraft:spruce_planks":12,"minecraft:wooden_pickaxe":2,"minecraft:baked_potato":273,"minecraft:iron_helmet":2,"minecraft:birch_pressure_plate":4,"minecraft:chainmail_chestplate":1,"minecraft:gold_block":368,"minecraft:birch_planks":308,"minecraft:brewing_stand":2,"minecraft:oxidized_cut_copper":700,"minecraft:tnt":116,"minecraft:dark_oak_slab":60,"minecraft:book":77,"minecraft:iron_chestplate":1,"minecraft:paper":912,"minecraft:diamond_pickaxe":5,"minecraft:yellow_dye":1,"minecraft:shield":11,"minecraft:stick":3388,"minecraft:netherite_hoe":1,"minecraft:iron_ingot":367,"minecraft:leather_chestplate":6,"minecraft:sponge":375,"minecraft:deepslate_bricks":3648,"minecraft:shears":2,"minecraft:deepslate_tile_slab":210,"minecraft:raw_iron":4188,"minecraft:coal":4504,"minecraft:tripwire_hook":52,"minecraft:netherite_sword":2,"minecraft:leather_boots":2,"minecraft:golden_chestplate":1,"minecraft:furnace":16,"minecraft:dark_oak_trapdoor":8,"minecraft:dark_oak_sign":6,"minecraft:raw_copper_block":2411,"minecraft:diamond_block":42,"minecraft:flint_and_steel":3,"minecraft:netherite_chestplate":2,"minecraft:netherite_leggings":2,"minecraft:white_concrete_powder":136,"minecraft:leather":5,"minecraft:polished_deepslate":3648,"minecraft:green_concrete_powder":128,"minecraft:iron_axe":5,"minecraft:orange_concrete_powder":128,"minecraft:netherite_scrap":44,"minecraft:birch_sign":9,"minecraft:cooked_beef":6,"minecraft:sugar":1,"minecraft:red_dye":3,"minecraft:cyan_concrete_powder":128,"minecraft:pink_concrete_powder":128,"minecraft:iron_sword":1,"minecraft:bucket":6,"minecraft:stone_axe":9,"minecraft:acacia_boat":1,"minecraft:bread":28,"minecraft:air":0,"minecraft:jungle_planks":28,"minecraft:oak_boat":3,"minecraft:white_wool":375,"minecraft:white_dye":17,"minecraft:raw_gold":1512,"minecraft:brown_concrete_powder":128,"minecraft:netherite_shovel":2,"minecraft:anvil":4,"minecraft:stonecutter":1,"minecraft:waxed_oxidized_cut_copper_slab":79,"minecraft:acacia_planks":8,"minecraft:torch":308,"minecraft:purple_concrete_powder":128,"minecraft:clay":52,"minecraft:lapis_lazuli":9,"minecraft:lapis_block":783,"minecraft:diamond_chestplate":1,"minecraft:firework_rocket":192},"minecraft:custom":{"minecraft:interact_with_crafting_table":1059,"minecraft:open_barrel":2747,"minecraft:bell_ring":7,"minecraft:eat_cake_slice":6,"minecraft:leave_game":579,"minecraft:time_since_death":862573,"minecraft:damage_blocked_by_shield":22714,"minecraft:play_time":17933512,"minecraft:deaths":22,"minecraft:jump":140540,"minecraft:enchant_item":1,"minecraft:interact_with_furnace":1329,"minecraft:traded_with_villager":275,"minecraft:sleep_in_bed":195,"minecraft:damage_dealt":572868,"minecraft:interact_with_smoker":72,"minecraft:inspect_dispenser":5,"minecraft:horse_one_cm":979,"minecraft:interact_with_smithing_table":27,"minecraft:inspect_dropper":2,"minecraft:interact_with_anvil":135,"minecraft:inspect_hopper":255,"minecraft:target_hit":46,"minecraft:sneak_time":989977,"minecraft:interact_with_lectern":216,"minecraft:total_world_time":17933512,"minecraft:tune_noteblock":328,"minecraft:interact_with_stonecutter":10,"minecraft:time_since_rest":54471,"minecraft:swim_one_cm":5355403,"minecraft:fly_one_cm":32427693,"minecraft:open_chest":9963,"minecraft:fall_one_cm":2659800,"minecraft:animals_bred":28,"minecraft:open_shulker_box":3455,"minecraft:damage_resisted":90,"minecraft:sprint_one_cm":43971386,"minecraft:drop":1781,"minecraft:play_noteblock":262,"minecraft:talked_to_villager":530,"minecraft:interact_with_brewingstand":39,"minecraft:walk_on_water_one_cm":1811227,"minecraft:interact_with_loom":11,"minecraft:open_enderchest":1270,"minecraft:crouch_one_cm":2743551,"minecraft:mob_kills":9195,"minecraft:climb_one_cm":304839,"minecraft:walk_one_cm":16854241,"minecraft:walk_under_water_one_cm":2390413,"minecraft:boat_one_cm":17613966,"minecraft:interact_with_grindstone":21,"minecraft:damage_taken":45976,"minecraft:minecart_one_cm":489489,"minecraft:pig_one_cm":420,"minecraft:aviate_one_cm":15414306},"minecraft:killed":{"minecraft:cave_spider":40,"minecraft:shulker":26,"minecraft:skeleton":546,"minecraft:guardian":10,"minecraft:chicken":5,"minecraft:magma_cube":8,"minecraft:elder_guardian":3,"minecraft:iron_golem":1,"minecraft:pillager":11,"minecraft:zombie":639,"minecraft:glow_squid":11,"minecraft:cow":13,"minecraft:husk":164,"minecraft:rabbit":37,"minecraft:polar_bear":1,"minecraft:enderman":5729,"minecraft:zombified_piglin":11,"minecraft:witch":10,"minecraft:spider":984,"minecraft:axolotl":1,"minecraft:silverfish":10,"minecraft:piglin":28,"minecraft:pig":2,"minecraft:zombie_villager":13,"minecraft:creeper":333,"minecraft:sheep":4,"minecraft:ghast":4,"minecraft:stray":3,"minecraft:mooshroom":11,"minecraft:blaze":2,"minecraft:slime":4,"minecraft:phantom":181,"minecraft:drowned":30,"minecraft:bat":4,"minecraft:hoglin":30,"minecraft:squid":3,"minecraft:wither_skeleton":2},"minecraft:used":{"minecraft:moss_block":17,"minecraft:writable_book":109,"minecraft:ladder":92,"minecraft:polished_blackstone":1,"minecraft:elytra":1,"minecraft:chest":191,"minecraft:stone":141,"minecraft:rotten_flesh":45,"minecraft:chiseled_red_sandstone":8,"minecraft:weathered_copper":67,"minecraft:cocoa_beans":27,"minecraft:jungle_slab":7,"minecraft:deepslate_brick_slab":15,"minecraft:spruce_boat":209,"minecraft:packed_ice":191,"minecraft:honeycomb":22,"minecraft:lava_bucket":2,"minecraft:netherite_shovel":27027,"minecraft:grass_block":12,"minecraft:deepslate_copper_ore":43,"minecraft:copper_ore":239,"minecraft:wet_sponge":13,"minecraft:netherite_hoe":271,"minecraft:dark_oak_button":196,"minecraft:bow":282,"minecraft:dark_oak_boat":305,"minecraft:sweet_berries":107,"minecraft:oak_sapling":4,"minecraft:furnace":25,"minecraft:egg":1,"minecraft:potato":319,"minecraft:brown_concrete_powder":129,"minecraft:diorite":33,"minecraft:damaged_anvil":2,"minecraft:spruce_door":4,"minecraft:red_stained_glass":6,"minecraft:prismarine":4,"minecraft:blackstone":1,"minecraft:cactus":26,"minecraft:lime_concrete_powder":129,"minecraft:leather_chestplate":1,"minecraft:wooden_pickaxe":32,"minecraft:composter":1,"minecraft:purpur_pillar":2,"minecraft:cookie":16,"minecraft:glow_berries":50,"minecraft:dark_oak_trapdoor":15,"minecraft:sand":1363,"minecraft:blue_ice":449,"minecraft:netherite_helmet":1,"minecraft:oxidized_cut_copper_slab":14,"minecraft:black_concrete_powder":128,"minecraft:lightning_rod":5,"minecraft:purple_concrete_powder":128,"minecraft:birch_fence":1,"minecraft:deepslate_tiles":3121,"minecraft:red_sandstone":3,"minecraft:birch_slab":1,"minecraft:deepslate_iron_ore":61,"minecraft:stone_button":174,"minecraft:lectern":146,"minecraft:red_terracotta":144,"minecraft:nether_wart_block":14,"minecraft:diamond_sword":2396,"minecraft:fire_charge":2,"minecraft:dark_oak_fence":85,"minecraft:birch_log":1,"minecraft:smithing_table":1,"minecraft:green_concrete_powder":128,"minecraft:poisonous_potato":1,"minecraft:oak_boat":14,"minecraft:enchanting_table":1,"minecraft:mycelium":59,"minecraft:cooked_salmon":10,"minecraft:netherrack":2860,"minecraft:torch":1014,"minecraft:orange_stained_glass":23,"minecraft:brewing_stand":3,"minecraft:anvil":8,"minecraft:nether_quartz_ore":1,"minecraft:chainmail_chestplate":3,"minecraft:glow_lichen":3,"minecraft:chipped_anvil":1,"minecraft:iron_axe":760,"minecraft:rooted_dirt":77,"minecraft:jungle_log":5,"minecraft:melon_seeds":5,"minecraft:barrel":69,"minecraft:diamond_chestplate":5,"minecraft:smooth_basalt":13,"minecraft:tripwire_hook":38,"minecraft:basalt":3,"minecraft:beef":3,"minecraft:orange_terracotta":112,"minecraft:acacia_planks":3,"minecraft:cobbled_deepslate":913,"minecraft:calcite":6,"minecraft:wheat_seeds":371,"minecraft:yellow_banner":18,"minecraft:water_bucket":2485,"minecraft:tube_coral_block":3,"minecraft:rabbit":2,"minecraft:birch_planks":41,"minecraft:waxed_oxidized_cut_copper":33,"minecraft:blue_concrete_powder":128,"minecraft:fletching_table":3,"minecraft:glow_ink_sac":17,"minecraft:leather_boots":1,"minecraft:gold_ore":55,"minecraft:deepslate_bricks":2,"minecraft:mossy_cobblestone":11,"minecraft:rail":2,"minecraft:crafting_table":389,"minecraft:tnt":117,"minecraft:birch_sign":18,"minecraft:white_bed":88,"minecraft:cod":6,"minecraft:spruce_log":2,"minecraft:mushroom_stem":4,"minecraft:deepslate_tile_wall":57,"minecraft:oak_log":44,"minecraft:dark_prismarine":1,"minecraft:diamond_pickaxe":49089,"minecraft:oxeye_daisy":2,"minecraft:diamond_shovel":11269,"minecraft:oak_button":9,"minecraft:iron_pickaxe":2861,"minecraft:suspicious_stew":1,"minecraft:leather_helmet":1,"minecraft:purpur_slab":1,"minecraft:magenta_concrete_powder":128,"minecraft:blue_carpet":3,"minecraft:cobblestone":1642,"minecraft:potion":1,"minecraft:azalea_leaves":88,"minecraft:red_concrete_powder":128,"minecraft:cooked_porkchop":904,"minecraft:porkchop":9,"minecraft:dandelion":1,"minecraft:jukebox":3,"minecraft:diamond_leggings":1,"minecraft:moss_carpet":9,"minecraft:red_sand":363,"minecraft:iron_shovel":62,"minecraft:oak_sign":77,"minecraft:white_concrete_powder":129,"minecraft:shield":455,"minecraft:white_terracotta":154,"minecraft:iron_sword":141,"minecraft:grass":9,"minecraft:player_head":46,"minecraft:iron_chestplate":1,"minecraft:oxidized_cut_copper":12,"minecraft:birch_pressure_plate":4,"minecraft:carrot":2,"minecraft:deepslate_tile_slab":199,"minecraft:tuff":330,"minecraft:axolotl_bucket":2,"minecraft:obsidian":30,"minecraft:glass":31,"minecraft:coal_ore":228,"minecraft:lantern":11,"minecraft:iron_helmet":5,"minecraft:gray_concrete_powder":128,"minecraft:crimson_roots":2,"minecraft:stone_bricks":1,"minecraft:item_frame":56,"minecraft:deepslate_diamond_ore":9,"minecraft:golden_sword":79,"minecraft:magma_block":1,"minecraft:warped_fungus":1,"minecraft:hay_block":3,"minecraft:written_book":30,"minecraft:pink_concrete_powder":128,"minecraft:golden_boots":3,"minecraft:waxed_oxidized_cut_copper_slab":89,"minecraft:diamond_boots":2,"minecraft:stone_pickaxe":2378,"minecraft:dark_oak_sign":12,"minecraft:oak_planks":7,"minecraft:ender_pearl":11,"minecraft:sandstone":474,"minecraft:diamond_axe":5269,"minecraft:sugar_cane":100,"minecraft:white_wool":2,"minecraft:loom":1,"minecraft:netherite_leggings":1,"minecraft:yellow_terracotta":85,"minecraft:mushroom_stew":1,"minecraft:light_gray_terracotta":134,"minecraft:note_block":27,"minecraft:deepslate_redstone_ore":63,"minecraft:crossbow":7,"minecraft:shears":1096,"minecraft:cobbled_deepslate_stairs":44,"minecraft:sponge":381,"minecraft:end_stone":388,"minecraft:stone_brick_wall":1,"minecraft:deepslate_lapis_ore":16,"minecraft:exposed_copper":9,"minecraft:black_concrete":10,"minecraft:firework_rocket":242,"minecraft:dark_oak_log":3,"minecraft:bread":63,"minecraft:lime_carpet":3,"minecraft:melon_slice":243,"minecraft:string":79,"minecraft:iron_door":1,"minecraft:deepslate":56,"minecraft:gravel":2516,"minecraft:golden_helmet":2,"minecraft:light_blue_concrete_powder":128,"minecraft:waxed_oxidized_cut_copper_stairs":253,"minecraft:grindstone":1,"minecraft:chain":8,"minecraft:andesite":235,"minecraft:cooked_rabbit":23,"minecraft:chest_minecart":2,"minecraft:tropical_fish_bucket":3,"minecraft:coarse_dirt":8,"minecraft:experience_bottle":1,"minecraft:azalea":6,"minecraft:trident":42,"minecraft:orange_concrete_powder":132,"minecraft:oak_fence":1,"minecraft:purpur_block":2,"minecraft:netherite_sword":1838,"minecraft:tropical_fish":1,"minecraft:flint_and_steel":74,"minecraft:redstone_ore":10,"minecraft:stone_shovel":1992,"minecraft:ender_chest":104,"minecraft:deepslate_gold_ore":43,"minecraft:cooked_chicken":4,"minecraft:wooden_shovel":36,"minecraft:stone_hoe":52,"minecraft:oak_door":3,"minecraft:dirt":1876,"minecraft:spyglass":330,"minecraft:white_carpet":2,"minecraft:hopper":22,"minecraft:prismarine_bricks":1,"minecraft:diamond_helmet":1,"minecraft:shulker_box":1159,"minecraft:granite":121,"minecraft:salmon_bucket":2,"minecraft:spruce_fence":2,"minecraft:birch_door":31,"minecraft:dark_oak_planks":5,"minecraft:brown_terracotta":19,"minecraft:stone_brick_slab":1,"minecraft:bookshelf":12,"minecraft:iron_boots":3,"minecraft:yellow_concrete_powder":141,"minecraft:golden_carrot":68,"minecraft:soul_soil":4,"minecraft:lime_stained_glass":1,"minecraft:deepslate_tile_stairs":301,"minecraft:minecart":4,"minecraft:netherite_pickaxe":81308,"minecraft:horn_coral_block":4,"minecraft:cyan_concrete_powder":128,"minecraft:cyan_banner":3,"minecraft:cooked_beef":49,"minecraft:pumpkin":13,"minecraft:iron_leggings":5,"minecraft:brain_coral_block":5,"minecraft:acacia_boat":74,"minecraft:iron_ore":82,"minecraft:cobblestone_stairs":77,"minecraft:glass_bottle":6,"minecraft:baked_potato":203,"minecraft:andesite_slab":764,"minecraft:copper_block":1423,"minecraft:cut_sandstone":5,"minecraft:spruce_sign":5,"minecraft:stonecutter":2,"minecraft:red_glazed_terracotta":13,"minecraft:cobblestone_slab":11,"minecraft:terracotta":348,"minecraft:light_gray_concrete_powder":128,"minecraft:smoker":1,"minecraft:apple":2,"minecraft:netherite_axe":6893,"minecraft:map":1,"minecraft:lapis_ore":20,"minecraft:stone_axe":1449,"minecraft:fire_coral_block":2,"minecraft:white_banner":1,"minecraft:bucket":2501,"minecraft:yellow_bed":4,"minecraft:splash_potion":1,"minecraft:smooth_stone":13},"minecraft:mined":{"minecraft:dark_oak_planks":2743,"minecraft:blue_carpet":4,"minecraft:white_bed":12,"minecraft:light_blue_concrete":128,"minecraft:fire_coral_wall_fan":22,"minecraft:obsidian":140,"minecraft:granite":1562,"minecraft:red_sand":519,"minecraft:acacia_log":2,"minecraft:deepslate_tile_wall":13,"minecraft:stone_brick_wall":1,"minecraft:yellow_carpet":2,"minecraft:jungle_log":5,"minecraft:horn_coral_fan":2,"minecraft:deepslate_bricks":5,"minecraft:deepslate_tile_stairs":23,"minecraft:lime_stained_glass":1,"minecraft:green_concrete":128,"minecraft:tube_coral_block":3,"minecraft:hopper":1,"minecraft:oak_wall_sign":19,"minecraft:chiseled_stone_bricks":8,"minecraft:spawner":2,"minecraft:orange_concrete":128,"minecraft:tall_seagrass":12,"minecraft:magma_block":315,"minecraft:dark_oak_trapdoor":9,"minecraft:barrel":39,"minecraft:cobbled_deepslate":209,"minecraft:fire":1312,"minecraft:cyan_wall_banner":3,"minecraft:moss_carpet":14,"minecraft:pumpkin":22,"minecraft:deepslate_lapis_ore":271,"minecraft:fletching_table":1,"minecraft:cave_vines":6,"minecraft:oak_sign":5,"minecraft:water_cauldron":4,"minecraft:dirt_path":2,"minecraft:light_gray_concrete":128,"minecraft:iron_block":1,"minecraft:player_head":1,"minecraft:tripwire":8,"minecraft:cut_sandstone":5,"minecraft:brown_mushroom":18,"minecraft:player_wall_head":17,"minecraft:smoker":1,"minecraft:amethyst_cluster":44,"minecraft:deepslate_tile_slab":32,"minecraft:torch":182,"minecraft:note_block":7,"minecraft:oxidized_copper":1307,"minecraft:melon":174,"minecraft:dead_bush":1072,"minecraft:spruce_wall_sign":3,"minecraft:glass":5,"minecraft:tube_coral_fan":7,"minecraft:sugar_cane":1608,"minecraft:damaged_anvil":2,"minecraft:spruce_sign":1,"minecraft:amethyst_block":594,"minecraft:white_terracotta":2188,"minecraft:chain":80,"minecraft:wheat":343,"minecraft:jukebox":2,"minecraft:lime_concrete":128,"minecraft:birch_door":19,"minecraft:warped_fungus":1,"minecraft:copper_block":41,"minecraft:grass":133,"minecraft:loom":1,"minecraft:smooth_basalt":13,"minecraft:red_mushroom_block":1,"minecraft:stonecutter":1,"minecraft:deepslate":31590,"minecraft:yellow_terracotta":1574,"minecraft:deepslate_tiles":58,"minecraft:dark_prismarine":1,"minecraft:brown_concrete":128,"minecraft:mossy_cobblestone":10,"minecraft:orange_concrete_powder":4,"minecraft:dark_oak_log":101,"minecraft:sea_lantern":3,"minecraft:end_stone":411,"minecraft:shulker_box":1147,"minecraft:dark_oak_fence":2154,"minecraft:spruce_fence":2,"minecraft:crimson_roots":2,"minecraft:magenta_concrete":128,"minecraft:yellow_concrete_powder":13,"minecraft:moss_block":6,"minecraft:horn_coral_wall_fan":12,"minecraft:white_concrete_powder":1,"minecraft:horn_coral":4,"minecraft:redstone_ore":82,"minecraft:waxed_oxidized_cut_copper":13,"minecraft:red_sandstone":2,"minecraft:pink_concrete":128,"minecraft:andesite":1972,"minecraft:diamond_block":4,"minecraft:big_dripleaf_stem":37,"minecraft:white_glazed_terracotta":8,"minecraft:potatoes":303,"minecraft:cobblestone_slab":8,"minecraft:cyan_concrete":128,"minecraft:vine":2,"minecraft:rail":1646,"minecraft:brain_coral_wall_fan":10,"minecraft:bamboo":11,"minecraft:bone_block":26,"minecraft:fire_coral_block":2,"minecraft:white_wool":2,"minecraft:brain_coral":6,"minecraft:ender_chest":103,"minecraft:gray_concrete":128,"minecraft:stone_brick_slab":2,"minecraft:dandelion":1,"minecraft:fire_coral":7,"minecraft:sponge":2,"minecraft:lightning_rod":1,"minecraft:brain_coral_fan":5,"minecraft:purpur_pillar":2,"minecraft:tall_grass":7,"minecraft:copper_ore":3641,"minecraft:deepslate_gold_ore":675,"minecraft:diorite":1576,"minecraft:big_dripleaf":30,"minecraft:red_terracotta":2682,"minecraft:dark_oak_wall_sign":2,"minecraft:white_carpet":1,"minecraft:spruce_log":27,"minecraft:birch_leaves":37,"minecraft:purple_concrete":128,"minecraft:dark_oak_sign":4,"minecraft:mycelium":72,"minecraft:dark_oak_button":5,"minecraft:gravel":3611,"minecraft:cobweb":1015,"minecraft:brown_terracotta":1705,"minecraft:oak_button":1,"minecraft:birch_sign":4,"minecraft:polished_blackstone":1,"minecraft:stone_bricks":1,"minecraft:chipped_anvil":1,"minecraft:gold_ore":670,"minecraft:fern":13,"minecraft:large_amethyst_bud":2,"minecraft:spruce_planks":1,"minecraft:farmland":5,"minecraft:cobbled_deepslate_stairs":4,"minecraft:jungle_slab":6,"minecraft:cobblestone_stairs":7,"minecraft:orange_stained_glass":14,"minecraft:brewing_stand":1,"minecraft:budding_amethyst":1,"minecraft:grass_block":1040,"minecraft:blue_concrete":128,"minecraft:white_concrete":128,"minecraft:bubble_coral_fan":6,"minecraft:smooth_stone":2,"minecraft:raw_iron_block":3,"minecraft:glowstone":8,"minecraft:iron_ore":1941,"minecraft:anvil":4,"minecraft:purple_carpet":2,"minecraft:birch_wall_sign":3,"minecraft:azalea_leaves":27,"minecraft:azalea":1,"minecraft:brain_coral_block":5,"minecraft:deepslate_redstone_ore":812,"minecraft:blackstone":92,"minecraft:exposed_copper":9,"minecraft:magenta_wall_banner":18,"minecraft:orange_terracotta":1960,"minecraft:yellow_banner":7,"minecraft:clay":12,"minecraft:light_gray_terracotta":1159,"minecraft:calcite":921,"minecraft:chest":167,"minecraft:mushroom_stem":3,"minecraft:nether_quartz_ore":3296,"minecraft:cobblestone":607,"minecraft:prismarine":9,"minecraft:oak_planks":1616,"minecraft:iron_door":1,"minecraft:wall_torch":133,"minecraft:deepslate_copper_ore":290,"minecraft:seagrass":26,"minecraft:fire_coral_fan":8,"minecraft:brown_concrete_powder":1,"minecraft:nether_wart_block":16,"minecraft:birch_log":96,"minecraft:waxed_oxidized_cut_copper_stairs":61,"minecraft:blue_ice":95,"minecraft:tnt":11,"minecraft:purpur_block":2,"minecraft:oak_log":365,"minecraft:sand":34016,"minecraft:dirt":1869,"minecraft:raw_copper_block":4,"minecraft:ancient_debris":36,"minecraft:netherrack":16038,"minecraft:oak_leaves":162,"minecraft:horn_coral_block":4,"minecraft:nether_gold_ore":858,"minecraft:tube_coral":8,"minecraft:diamond_ore":7,"minecraft:crying_obsidian":2,"minecraft:tuff":2220,"minecraft:yellow_wall_banner":1,"minecraft:deepslate_diamond_ore":169,"minecraft:oak_door":3,"minecraft:red_stained_glass":6,"minecraft:glow_lichen":116,"minecraft:ladder":26,"minecraft:tube_coral_wall_fan":15,"minecraft:stone_button":4,"minecraft:weathered_copper":70,"minecraft:brown_mushroom_block":2,"minecraft:birch_slab":1,"minecraft:spruce_leaves":7,"minecraft:sandstone":8283,"minecraft:rooted_dirt":146,"minecraft:hay_block":112,"minecraft:spore_blossom":14,"minecraft:deepslate_brick_slab":18,"minecraft:oxidized_cut_copper":2,"minecraft:furnace":11,"minecraft:waxed_oxidized_cut_copper_slab":12,"minecraft:black_concrete":138,"minecraft:gold_block":12,"minecraft:deepslate_iron_ore":817,"minecraft:lantern":2,"minecraft:oxidized_cut_copper_slab":3,"minecraft:packed_ice":40,"minecraft:wet_sponge":392,"minecraft:chorus_plant":1,"minecraft:stone":26988,"minecraft:birch_pressure_plate":1,"minecraft:acacia_leaves":1,"minecraft:flowering_azalea":109,"minecraft:magenta_stained_glass":2,"minecraft:stripped_dark_oak_log":1,"minecraft:basalt":54,"minecraft:spruce_door":4,"minecraft:oak_fence":1148,"minecraft:crafting_table":387,"minecraft:lime_concrete_powder":1,"minecraft:lime_carpet":4,"minecraft:andesite_slab":11,"minecraft:lectern":142,"minecraft:deepslate_coal_ore":10,"minecraft:red_glazed_terracotta":1,"minecraft:lapis_ore":269,"minecraft:red_concrete":128,"minecraft:prismarine_bricks":1,"minecraft:birch_planks":3,"minecraft:cactus":16,"minecraft:bubble_coral":7,"minecraft:sea_pickle":6,"minecraft:sweet_berry_bush":13,"minecraft:ice":1,"minecraft:yellow_bed":4,"minecraft:coal_ore":3905,"minecraft:cocoa":9,"minecraft:end_rod":62,"minecraft:bubble_coral_wall_fan":20,"minecraft:yellow_concrete":128,"minecraft:cracked_stone_bricks":1,"minecraft:terracotta":5680,"minecraft:small_dripleaf":17,"minecraft:birch_fence":39},"minecraft:picked_up":{"minecraft:birch_door":27,"minecraft:iron_chestplate":2,"minecraft:chainmail_boots":7,"minecraft:prismarine_shard":26,"minecraft:anvil":4,"minecraft:suspicious_stew":1,"minecraft:lead":16,"minecraft:diamond_sword":4,"minecraft:enchanted_book":19,"minecraft:birch_button":1,"minecraft:brewing_stand":1,"minecraft:blue_concrete":128,"minecraft:golden_sword":14,"minecraft:amethyst_block":1089,"minecraft:music_disc_cat":8,"minecraft:string":1917,"minecraft:dark_oak_trapdoor":10,"minecraft:soul_soil":4,"minecraft:orange_concrete_powder":4,"minecraft:diamond_leggings":4,"minecraft:gold_nugget":7176,"minecraft:cobbled_deepslate":31802,"minecraft:spruce_planks":1,"minecraft:horn_coral_block":4,"minecraft:bubble_coral":12,"minecraft:written_book":13,"minecraft:azalea_leaves":202,"minecraft:melon_slice":912,"minecraft:coal_block":277,"minecraft:golden_helmet":15,"minecraft:white_glazed_terracotta":16,"minecraft:jukebox":2,"minecraft:big_dripleaf":173,"minecraft:purpur_pillar":2,"minecraft:acacia_log":34,"minecraft:golden_axe":1,"minecraft:lightning_rod":1,"minecraft:deepslate_tile_stairs":25,"minecraft:golden_chestplate":15,"minecraft:rabbit_foot":5,"minecraft:cauldron":8,"minecraft:yellow_banner":8,"minecraft:horn_coral_fan":24,"minecraft:stone_sword":3,"minecraft:lime_carpet":4,"minecraft:tropical_fish":1,"minecraft:iron_block":446,"minecraft:bookshelf":3,"minecraft:end_rod":61,"minecraft:white_terracotta":4309,"minecraft:netherite_chestplate":2,"minecraft:blaze_rod":84,"minecraft:iron_bars":18,"minecraft:snowball":24,"minecraft:sponge":11,"minecraft:birch_log":149,"minecraft:magma_block":185,"minecraft:cooked_beef":50,"minecraft:oxidized_copper":1489,"minecraft:feather":5,"minecraft:birch_slab":3,"minecraft:iron_door":1,"minecraft:water_bucket":23,"minecraft:jungle_log":5,"minecraft:dark_oak_boat":309,"minecraft:copper_block":105,"minecraft:smoker":1,"minecraft:flint":259,"minecraft:gray_concrete":128,"minecraft:netherite_leggings":3,"minecraft:map":5,"minecraft:lantern":3,"minecraft:purple_carpet":4,"minecraft:chipped_anvil":1,"minecraft:stonecutter":1,"minecraft:dark_oak_sign":11,"minecraft:rabbit":43,"minecraft:diamond_helmet":2,"minecraft:glowstone_dust":56,"minecraft:moss_block":21,"minecraft:honeycomb":2,"minecraft:glow_lichen":124,"minecraft:ink_sac":52,"minecraft:loom":1,"minecraft:dark_oak_log":253,"minecraft:red_terracotta":6411,"minecraft:barrel":39,"minecraft:green_concrete":128,"minecraft:deepslate":287,"minecraft:writable_book":6,"minecraft:deepslate_gold_ore":44,"minecraft:blue_ice":83,"minecraft:granite":2744,"minecraft:chainmail_helmet":6,"minecraft:golden_horse_armor":4,"minecraft:bread":47,"minecraft:deepslate_coal_ore":23,"minecraft:rooted_dirt":141,"minecraft:dark_oak_fence":3784,"minecraft:crimson_roots":2,"minecraft:diamond_pickaxe":12,"minecraft:coarse_dirt":8,"minecraft:crafting_table":397,"minecraft:bubble_coral_fan":45,"minecraft:clay_ball":212,"minecraft:leather_leggings":7,"minecraft:golden_pickaxe":2,"minecraft:purpur_block":2,"minecraft:fire_coral":12,"minecraft:elytra":4,"minecraft:white_carpet":3,"minecraft:iron_shovel":3,"minecraft:cracked_stone_bricks":2,"minecraft:netherite_sword":4,"minecraft:deepslate_diamond_ore":11,"minecraft:beef":25,"minecraft:iron_nugget":59,"minecraft:poppy":2,"minecraft:minecart":52,"minecraft:chest":192,"minecraft:birch_sapling":17,"minecraft:copper_ore":239,"minecraft:raw_copper_block":67,"minecraft:egg":1,"minecraft:sandstone":8218,"minecraft:stone":40150,"minecraft:oak_door":4,"minecraft:spruce_fence":2,"minecraft:fire_charge":4,"minecraft:carrot":34,"minecraft:redstone":4814,"minecraft:netherite_pickaxe":8,"minecraft:blue_carpet":3,"minecraft:prismarine_crystals":32,"minecraft:tnt":13,"minecraft:stone_shovel":2,"minecraft:diamond_chestplate":6,"minecraft:cooked_cod":6,"minecraft:beetroot_seeds":70,"minecraft:tube_coral_fan":42,"minecraft:hay_block":202,"minecraft:deepslate_bricks":5,"minecraft:shears":3,"minecraft:diamond_boots":4,"minecraft:purpur_slab":1,"minecraft:waxed_oxidized_cut_copper_stairs":58,"minecraft:yellow_terracotta":1938,"minecraft:gold_ingot":250,"minecraft:tube_coral_block":3,"minecraft:totem_of_undying":6,"minecraft:polished_blackstone":2,"minecraft:glow_berries":72,"minecraft:mutton":3,"minecraft:white_wool":251,"minecraft:lime_concrete_powder":1,"minecraft:rail":2734,"minecraft:bone_block":26,"minecraft:oxeye_daisy":2,"minecraft:lapis_ore":20,"minecraft:clock":3,"minecraft:red_glazed_terracotta":1,"minecraft:filled_map":45,"minecraft:brown_concrete":128,"minecraft:oak_log":691,"minecraft:ancient_debris":36,"minecraft:golden_boots":16,"minecraft:paper":166,"minecraft:white_banner":2,"minecraft:birch_pressure_plate":2,"minecraft:apple":10,"minecraft:stone_bricks":19,"minecraft:kelp":41,"minecraft:stone_pickaxe":5,"minecraft:spore_blossom":20,"minecraft:music_disc_far":1,"minecraft:cobweb":1448,"minecraft:iron_ore":82,"minecraft:glass_bottle":4,"minecraft:iron_sword":9,"minecraft:flowering_azalea":111,"minecraft:smooth_basalt":13,"minecraft:sweet_berries":370,"minecraft:yellow_concrete":128,"minecraft:lime_concrete":128,"minecraft:spyglass":1,"minecraft:gravel":4004,"minecraft:weathered_copper":67,"minecraft:spruce_sapling":1,"minecraft:spruce_log":61,"minecraft:crying_obsidian":6,"minecraft:leather_helmet":11,"minecraft:diamond_shovel":3,"minecraft:firework_rocket":64,"minecraft:red_stained_glass":8,"minecraft:coal_ore":228,"minecraft:slime_ball":40,"minecraft:stone_axe":5,"minecraft:redstone_ore":10,"minecraft:deepslate_redstone_ore":63,"minecraft:birch_sign":8,"minecraft:gray_wool":1,"minecraft:warped_roots":14,"minecraft:oak_button":2,"minecraft:baked_potato":104,"minecraft:melon_seeds":68,"minecraft:warped_nylium":1,"minecraft:stripped_dark_oak_log":1,"minecraft:hopper":1,"minecraft:ender_pearl":6208,"minecraft:shulker_shell":88,"minecraft:wheat":628,"minecraft:light_blue_concrete":128,"minecraft:exposed_copper":9,"minecraft:redstone_block":316,"minecraft:ender_chest":105,"minecraft:yellow_wool":2,"minecraft:potion":4,"minecraft:brain_coral_block":5,"minecraft:lapis_block":600,"minecraft:raw_copper":27162,"minecraft:deepslate_lapis_ore":16,"minecraft:smooth_stone_slab":1,"minecraft:iron_leggings":6,"minecraft:sticky_piston":1,"minecraft:netherite_ingot":2,"minecraft:oak_sign":93,"minecraft:sea_pickle":38,"minecraft:activator_rail":29,"minecraft:deepslate_tiles":58,"minecraft:red_sand":625,"minecraft:smooth_stone":2,"minecraft:bucket":4,"minecraft:cobblestone_slab":11,"minecraft:calcite":1605,"minecraft:azalea":6,"minecraft:iron_pickaxe":4,"minecraft:deepslate_tile_wall":13,"minecraft:deepslate_iron_ore":61,"minecraft:iron_boots":11,"minecraft:furnace":11,"minecraft:tipped_arrow":2,"minecraft:stick":1341,"minecraft:brown_terracotta":1720,"minecraft:oak_fence":1671,"minecraft:torch":876,"minecraft:porkchop":55,"minecraft:netherite_shovel":3,"minecraft:diorite":3185,"minecraft:yellow_concrete_powder":13,"minecraft:goat_horn":2,"minecraft:quartz_block":385,"minecraft:cactus":586,"minecraft:rotten_flesh":1659,"minecraft:deepslate_copper_ore":43,"minecraft:fire_coral_fan":50,"minecraft:music_disc_wait":2,"minecraft:obsidian":235,"minecraft:cod":6,"minecraft:cobblestone":6095,"minecraft:nautilus_shell":3,"minecraft:leather_chestplate":21,"minecraft:magma_cream":12,"minecraft:andesite":3603,"minecraft:golden_leggings":22,"minecraft:potato":1397,"minecraft:tuff":2192,"minecraft:prismarine_bricks":1,"minecraft:horn_coral":8,"minecraft:acacia_boat":75,"minecraft:lapis_lazuli":7145,"minecraft:dirt":3040,"minecraft:name_tag":11,"minecraft:leather_boots":16,"minecraft:glass":17,"minecraft:bone":1750,"minecraft:acacia_planks":4,"minecraft:bow":90,"minecraft:wheat_seeds":1535,"minecraft:deepslate_brick_slab":18,"minecraft:small_dripleaf":23,"minecraft:raw_gold":2514,"minecraft:netherite_axe":2,"minecraft:fletching_table":1,"minecraft:bamboo":222,"minecraft:powered_rail":32,"minecraft:prismarine":18,"minecraft:cyan_concrete":128,"minecraft:stone_hoe":1,"minecraft:oak_planks":2217,"minecraft:brain_coral":11,"minecraft:ghast_tear":1,"minecraft:pink_concrete":128,"minecraft:cooked_porkchop":248,"minecraft:music_disc_13":8,"minecraft:axolotl_bucket":1,"minecraft:poisonous_potato":18,"minecraft:sand":35866,"minecraft:melon":56,"minecraft:grass_block":38,"minecraft:diamond_block":41,"minecraft:oxidized_cut_copper_slab":3,"minecraft:jungle_slab":6,"minecraft:shulker_box":1174,"minecraft:mossy_cobblestone":11,"minecraft:dark_prismarine":1,"minecraft:light_gray_concrete":128,"minecraft:light_gray_terracotta":1702,"minecraft:yellow_carpet":1,"minecraft:clay":61,"minecraft:diamond":466,"minecraft:black_concrete":138,"minecraft:spruce_boat":214,"minecraft:netherite_helmet":2,"minecraft:crossbow":6,"minecraft:grass":9,"minecraft:bone_meal":25,"minecraft:golden_apple":18,"minecraft:white_concrete":128,"minecraft:spruce_sign":9,"minecraft:emerald":8,"minecraft:oak_sapling":123,"minecraft:chorus_fruit":64,"minecraft:netherrack":19076,"minecraft:oak_leaves":47,"minecraft:andesite_slab":12,"minecraft:fishing_rod":1,"minecraft:cocoa_beans":27,"minecraft:waxed_oxidized_cut_copper":13,"minecraft:splash_potion":2,"minecraft:ladder":32,"minecraft:chest_minecart":4,"minecraft:brown_mushroom":61,"minecraft:packed_ice":1,"minecraft:wooden_pickaxe":1,"minecraft:stone_brick_wall":1,"minecraft:cooked_rabbit":5,"minecraft:gold_block":350,"minecraft:chain":78,"minecraft:shield":10,"minecraft:brick":1,"minecraft:dragon_breath":3,"minecraft:orange_stained_glass":16,"minecraft:moss_carpet":22,"minecraft:orange_concrete":128,"minecraft:iron_axe":2,"minecraft:item_frame":45,"minecraft:mycelium":75,"minecraft:birch_fence":40,"minecraft:blackstone":295,"minecraft:detector_rail":58,"minecraft:oak_boat":13,"minecraft:player_head":160,"minecraft:lectern":142,"minecraft:sugar_cane":4367,"minecraft:phantom_membrane":300,"minecraft:raw_iron":5571,"minecraft:end_stone":413,"minecraft:copper_ingot":140,"minecraft:bowl":4,"minecraft:note_block":7,"minecraft:stone_button":4,"minecraft:brown_concrete_powder":1,"minecraft:trident":1,"minecraft:iron_horse_armor":3,"minecraft:dark_oak_planks":3547,"minecraft:arrow":1581,"minecraft:tube_coral":13,"minecraft:golden_hoe":2,"minecraft:saddle":4,"minecraft:glistering_melon_slice":7,"minecraft:lime_stained_glass":1,"minecraft:wet_sponge":396,"minecraft:netherite_boots":1,"minecraft:jungle_boat":1,"minecraft:dark_oak_button":5,"minecraft:basalt":47,"minecraft:golden_carrot":67,"minecraft:glow_ink_sac":42,"minecraft:magenta_banner":17,"minecraft:salmon":1,"minecraft:leather":117,"minecraft:cut_sandstone":8,"minecraft:birch_planks":17,"minecraft:chainmail_chestplate":11,"minecraft:nether_wart_block":15,"minecraft:yellow_bed":4,"minecraft:cobbled_deepslate_stairs":6,"minecraft:gunpowder":788,"minecraft:cobblestone_stairs":17,"minecraft:deepslate_tile_slab":32,"minecraft:orange_terracotta":2470,"minecraft:cooked_mutton":6,"minecraft:red_sandstone":8,"minecraft:fire_coral_block":2,"minecraft:rabbit_hide":48,"minecraft:iron_ingot":148,"minecraft:cooked_chicken":4,"minecraft:oxidized_cut_copper":2,"minecraft:purple_concrete":128,"minecraft:book":7,"minecraft:nether_quartz_ore":1,"minecraft:warped_fungus":1,"minecraft:red_concrete_powder":384,"minecraft:pumpkin":24,"minecraft:chiseled_stone_bricks":8,"minecraft:stone_brick_slab":4,"minecraft:quartz":7378,"minecraft:dandelion":2,"minecraft:raw_iron_block":19,"minecraft:brain_coral_fan":23,"minecraft:amethyst_shard":481,"minecraft:white_bed":35,"minecraft:gold_ore":55,"minecraft:spider_eye":2203,"minecraft:spruce_door":5,"minecraft:cyan_banner":3,"minecraft:pumpkin_seeds":55,"minecraft:white_concrete_powder":9,"minecraft:chainmail_leggings":9,"minecraft:iron_helmet":5,"minecraft:waxed_oxidized_cut_copper_slab":12,"minecraft:terracotta":11718,"minecraft:red_concrete":128,"minecraft:damaged_anvil":2,"minecraft:magenta_concrete":128,"minecraft:coal":8222},"minecraft:dropped":{"minecraft:clay":3,"minecraft:iron_sword":1,"minecraft:porkchop":3,"minecraft:lapis_lazuli":207,"minecraft:glass_bottle":4,"minecraft:diamond":53,"minecraft:spore_blossom":5,"minecraft:crafting_table":6,"minecraft:cooked_porkchop":81,"minecraft:crossbow":2,"minecraft:glow_berries":6,"minecraft:cracked_stone_bricks":1,"minecraft:elytra":1,"minecraft:leather_helmet":4,"minecraft:item_frame":4,"minecraft:emerald":1,"minecraft:gold_block":6,"minecraft:dirt":183,"minecraft:raw_copper_block":15,"minecraft:dark_oak_fence":2,"minecraft:writable_book":1,"minecraft:gold_nugget":11,"minecraft:phantom_membrane":1,"minecraft:sand":881,"minecraft:iron_pickaxe":1,"minecraft:dark_oak_boat":2,"minecraft:white_wool":3,"minecraft:bone":50,"minecraft:oak_door":1,"minecraft:stone_axe":1,"minecraft:sugar_cane":19,"minecraft:iron_nugget":4,"minecraft:golden_chestplate":2,"minecraft:cobbled_deepslate":155,"minecraft:wheat":10,"minecraft:netherite_sword":2,"minecraft:birch_sapling":4,"minecraft:rotten_flesh":582,"minecraft:oak_planks":7,"minecraft:netherite_shovel":1,"minecraft:white_bed":23,"minecraft:salmon":1,"minecraft:quartz_block":128,"minecraft:leather_boots":1,"minecraft:leather_leggings":2,"minecraft:crying_obsidian":2,"minecraft:enchanted_book":6,"minecraft:iron_ingot":2,"minecraft:golden_boots":4,"minecraft:netherite_pickaxe":5,"minecraft:wheat_seeds":25,"minecraft:cobbled_deepslate_stairs":2,"minecraft:tnt":1,"minecraft:polished_blackstone":1,"minecraft:netherite_chestplate":1,"minecraft:prismarine_crystals":5,"minecraft:iron_helmet":1,"minecraft:cobblestone":172,"minecraft:book":5,"minecraft:granite":73,"minecraft:coal":153,"minecraft:chainmail_helmet":1,"minecraft:yellow_carpet":1,"minecraft:golden_apple":3,"minecraft:sponge":2,"minecraft:golden_carrot":3,"minecraft:diamond_helmet":1,"minecraft:lime_carpet":1,"minecraft:jungle_boat":1,"minecraft:red_dye":1,"minecraft:acacia_planks":4,"minecraft:chainmail_leggings":1,"minecraft:string":35,"minecraft:stone_brick_slab":1,"minecraft:player_head":27,"minecraft:stone_sword":1,"minecraft:smooth_stone_slab":1,"minecraft:deepslate":11,"minecraft:sticky_piston":1,"minecraft:iron_boots":2,"minecraft:name_tag":2,"minecraft:shears":1,"minecraft:pumpkin_seeds":6,"minecraft:diamond_sword":1,"minecraft:big_dripleaf":4,"minecraft:stone":1172,"minecraft:spruce_boat":3,"minecraft:diamond_pickaxe":6,"minecraft:stone_bricks":9,"minecraft:bow":16,"minecraft:small_dripleaf":6,"minecraft:spider_eye":8,"minecraft:sandstone":143,"minecraft:red_sand":8,"minecraft:magma_block":66,"minecraft:terracotta":383,"minecraft:acacia_boat":1,"minecraft:brown_mushroom":4,"minecraft:baked_potato":19,"minecraft:ender_pearl":4164,"minecraft:leather":3,"minecraft:birch_slab":2,"minecraft:music_disc_13":1,"minecraft:flint":5,"minecraft:deepslate_tile_stairs":2,"minecraft:deepslate_gold_ore":1,"minecraft:packed_ice":2,"minecraft:mutton":2,"minecraft:cooked_cod":6,"minecraft:wet_sponge":1,"minecraft:axolotl_bucket":1,"minecraft:gold_ingot":203,"minecraft:gravel":65,"minecraft:blackstone":38,"minecraft:diamond_shovel":2,"minecraft:prismarine":4,"minecraft:carrot":2,"minecraft:mycelium":16,"minecraft:chainmail_chestplate":3,"minecraft:leather_chestplate":4,"minecraft:gunpowder":49,"minecraft:melon_seeds":24,"minecraft:chest":4,"minecraft:chainmail_boots":2,"minecraft:beetroot_seeds":4,"minecraft:iron_bars":9,"minecraft:arrow":91,"minecraft:netherrack":5620,"minecraft:quartz":28,"minecraft:written_book":2,"minecraft:purple_carpet":4,"minecraft:bread":1,"minecraft:water_bucket":19,"minecraft:golden_helmet":2,"minecraft:prismarine_shard":6,"minecraft:lead":4,"minecraft:amethyst_block":3,"minecraft:copper_ingot":128,"minecraft:grass_block":1,"minecraft:stick":5,"minecraft:diorite":21,"minecraft:nether_wart_block":1,"minecraft:melon_slice":66,"minecraft:map":1,"minecraft:iron_leggings":2,"minecraft:raw_iron_block":9,"minecraft:cactus":5,"minecraft:bucket":1,"minecraft:music_disc_cat":1,"minecraft:redstone_block":79,"minecraft:redstone":32,"minecraft:sweet_berries":122,"minecraft:kelp":12,"minecraft:ender_chest":2,"minecraft:raw_copper":441,"minecraft:tuff":49,"minecraft:raw_iron":45,"minecraft:totem_of_undying":4,"minecraft:shulker_box":20,"minecraft:red_terracotta":7,"minecraft:netherite_leggings":1,"minecraft:filled_map":13,"minecraft:shield":2,"minecraft:orange_terracotta":131,"minecraft:diamond_chestplate":1,"minecraft:iron_chestplate":1,"minecraft:andesite":17,"minecraft:golden_leggings":3,"minecraft:oak_sapling":1,"minecraft:golden_sword":1,"minecraft:diamond_boots":2,"minecraft:stone_pickaxe":1,"minecraft:raw_gold":7,"minecraft:calcite":128}},"DataVersion":3120}