{"stats":{"minecraft:broken":{"minecraft:wooden_pickaxe":1,"minecraft:stone_axe":2,"minecraft:stone_shovel":2},"minecraft:dropped":{"minecraft:bread":1,"minecraft:netherite_pickaxe":2,"minecraft:wheat_seeds":1,"minecraft:cooked_porkchop":3,"minecraft:netherite_axe":1,"minecraft:sweet_berries":17,"minecraft:cooked_chicken":14,"minecraft:netherite_sword":1,"minecraft:diamond_chestplate":1,"minecraft:diamond_pickaxe":1,"minecraft:bow":1},"minecraft:mined":{"minecraft:oak_sapling":1,"minecraft:oak_door":1,"minecraft:granite":16,"minecraft:allium":11,"minecraft:grass_block":320,"minecraft:iron_ore":1,"minecraft:moss_carpet":1,"minecraft:anvil":1,"minecraft:azure_bluet":7,"minecraft:red_tulip":13,"minecraft:dirt_path":4,"minecraft:pink_tulip":9,"minecraft:stone":87,"minecraft:white_tulip":10,"minecraft:oak_fence":4,"minecraft:torch":11,"minecraft:chest":1,"minecraft:rose_bush":15,"minecraft:tall_grass":8,"minecraft:copper_ore":20,"minecraft:sugar_cane":27,"minecraft:wall_torch":3,"minecraft:birch_log":67,"minecraft:wheat":230,"minecraft:sweet_berry_bush":37,"minecraft:lilac":8,"minecraft:white_carpet":3,"minecraft:birch_leaves":4,"minecraft:orange_tulip":18,"minecraft:grass":140,"minecraft:oak_log":71,"minecraft:coal_ore":3,"minecraft:oak_fence_gate":5,"minecraft:sand":10,"minecraft:dirt":65,"minecraft:oak_leaves":146},"minecraft:used":{"minecraft:oak_fence":37,"minecraft:moss_carpet":1,"minecraft:stone_shovel":418,"minecraft:chest":8,"minecraft:shield":4,"minecraft:player_head":1,"minecraft:stone_hoe":106,"minecraft:cooked_chicken":14,"minecraft:iron_chestplate":1,"minecraft:oak_door":3,"minecraft:torch":35,"minecraft:dirt":435,"minecraft:anvil":2,"minecraft:white_carpet":3,"minecraft:oak_fence_gate":5,"minecraft:iron_axe":130,"minecraft:oak_stairs":4,"minecraft:iron_helmet":1,"minecraft:sweet_berries":148,"minecraft:oak_sapling":14,"minecraft:furnace":1,"minecraft:egg":87,"minecraft:cobbled_deepslate":1,"minecraft:wheat_seeds":306,"minecraft:cooked_mutton":2,"minecraft:water_bucket":4,"minecraft:stone_pickaxe":125,"minecraft:wooden_pickaxe":35,"minecraft:sugar_cane":11,"minecraft:crafting_table":2,"minecraft:white_bed":1,"minecraft:oak_log":13,"minecraft:apple":3,"minecraft:bread":8,"minecraft:netherite_axe":3,"minecraft:stone_axe":201,"minecraft:bucket":4,"minecraft:oak_boat":1},"minecraft:killed":{"minecraft:zombified_piglin":1,"minecraft:skeleton":3,"minecraft:chicken":81,"minecraft:sheep":11,"minecraft:zombie":1},"minecraft:crafted":{"minecraft:oak_door":3,"minecraft:oak_planks":156,"minecraft:stone_shovel":3,"minecraft:cooked_chicken":70,"minecraft:furnace":1,"minecraft:bone_meal":18,"minecraft:cooked_mutton":16,"minecraft:glass":4,"minecraft:diamond_helmet":1,"minecraft:diamond_leggings":1,"minecraft:iron_boots":1,"minecraft:iron_axe":1,"minecraft:stone_pickaxe":2,"minecraft:chest":7,"minecraft:diamond_boots":1,"minecraft:stone_hoe":1,"minecraft:oak_fence":36,"minecraft:cooked_porkchop":3,"minecraft:crafting_table":2,"minecraft:wooden_pickaxe":1,"minecraft:iron_helmet":1,"minecraft:copper_ingot":61,"minecraft:birch_planks":36,"minecraft:stone_axe":2,"minecraft:bread":38,"minecraft:air":0,"minecraft:oak_fence_gate":2,"minecraft:iron_chestplate":1,"minecraft:charcoal":58,"minecraft:shield":1,"minecraft:stick":48,"minecraft:iron_ingot":207,"minecraft:iron_pickaxe":1,"minecraft:oak_stairs":4,"minecraft:iron_block":6,"minecraft:iron_shovel":1,"minecraft:iron_leggings":1,"minecraft:gold_ingot":64,"minecraft:anvil":1,"minecraft:white_bed":1,"minecraft:torch":16,"minecraft:diamond_chestplate":1},"minecraft:custom":{"minecraft:interact_with_smithing_table":1,"minecraft:mob_kills":97,"minecraft:interact_with_anvil":14,"minecraft:animals_bred":75,"minecraft:interact_with_crafting_table":52,"minecraft:leave_game":11,"minecraft:time_since_death":215847,"minecraft:climb_one_cm":16088,"minecraft:sprint_one_cm":852547,"minecraft:walk_one_cm":833353,"minecraft:damage_blocked_by_shield":572,"minecraft:drop":12,"minecraft:play_time":241445,"minecraft:deaths":2,"minecraft:sneak_time":5955,"minecraft:walk_under_water_one_cm":12959,"minecraft:boat_one_cm":78133,"minecraft:jump":4681,"minecraft:walk_on_water_one_cm":17798,"minecraft:total_world_time":241445,"minecraft:interact_with_furnace":307,"minecraft:sleep_in_bed":7,"minecraft:time_since_rest":39077,"minecraft:open_enderchest":4,"minecraft:damage_taken":1714,"minecraft:damage_dealt":5331,"minecraft:swim_one_cm":59127,"minecraft:fly_one_cm":954207,"minecraft:open_chest":599,"minecraft:crouch_one_cm":31579,"minecraft:fall_one_cm":150208},"minecraft:killed_by":{"minecraft:skeleton":1},"minecraft:picked_up":{"minecraft:wheat":194,"minecraft:allium":15,"minecraft:azure_bluet":9,"minecraft:chicken":79,"minecraft:anvil":1,"minecraft:enchanted_book":1,"minecraft:moss_carpet":1,"minecraft:raw_copper":70,"minecraft:white_carpet":3,"minecraft:gold_nugget":1,"minecraft:netherite_sword":1,"minecraft:white_tulip":10,"minecraft:oak_boat":1,"minecraft:rose_bush":14,"minecraft:player_head":1,"minecraft:sugar_cane":51,"minecraft:chest":1,"minecraft:birch_sapling":8,"minecraft:egg":90,"minecraft:stick":28,"minecraft:raw_iron":1,"minecraft:oak_door":1,"minecraft:oak_fence":4,"minecraft:torch":14,"minecraft:netherite_pickaxe":2,"minecraft:diamond_chestplate":1,"minecraft:arrow":6,"minecraft:rotten_flesh":2,"minecraft:stone_shovel":1,"minecraft:peony":5,"minecraft:red_tulip":13,"minecraft:pink_tulip":9,"minecraft:mutton":16,"minecraft:white_wool":64,"minecraft:cobblestone":89,"minecraft:birch_log":67,"minecraft:feather":78,"minecraft:lilac":8,"minecraft:oak_log":86,"minecraft:dirt":445,"minecraft:bone":5,"minecraft:apple":2,"minecraft:bow":1,"minecraft:wheat_seeds":596,"minecraft:orange_tulip":26,"minecraft:oak_fence_gate":5,"minecraft:stone_pickaxe":1,"minecraft:cooked_chicken":3,"minecraft:netherite_axe":1,"minecraft:oak_planks":17,"minecraft:sweet_berries":302,"minecraft:sand":6,"minecraft:diamond":38,"minecraft:stone_axe":1,"minecraft:granite":16,"minecraft:gray_wool":1,"minecraft:bread":1,"minecraft:oak_sapling":42,"minecraft:coal":3,"minecraft:diamond_pickaxe":2}},"DataVersion":2865}