{"stats":{"minecraft:broken":{"minecraft:wooden_pickaxe":1,"minecraft:stone_pickaxe":1},"minecraft:dropped":{"minecraft:wheat_seeds":68,"minecraft:lead":2},"minecraft:mined":{"minecraft:mossy_cobblestone":2,"minecraft:oak_door":3,"minecraft:shulker_box":4,"minecraft:cave_vines_plant":3,"minecraft:granite":8,"minecraft:grass_block":37,"minecraft:redstone_wire":1,"minecraft:spruce_leaves":1,"minecraft:moss_block":6,"minecraft:furnace":4,"minecraft:iron_ore":75,"minecraft:fire":6,"minecraft:andesite":1,"minecraft:moss_carpet":1,"minecraft:pumpkin":1,"minecraft:vine":1,"minecraft:cave_vines":1,"minecraft:deepslate_iron_ore":4,"minecraft:stone":178,"minecraft:tripwire":5,"minecraft:crafting_table":6,"minecraft:clay":3,"minecraft:melon":3,"minecraft:tall_grass":4,"minecraft:cobblestone":8,"minecraft:lapis_ore":4,"minecraft:deepslate_gold_ore":2,"minecraft:oak_planks":3,"minecraft:wheat":41,"minecraft:sweet_berry_bush":5,"minecraft:spruce_log":3,"minecraft:grass":10,"minecraft:coal_ore":47,"minecraft:oak_log":14,"minecraft:cocoa":1,"minecraft:gravel":26,"minecraft:dirt":18,"minecraft:tripwire_hook":2,"minecraft:red_mushroom_block":2,"minecraft:dispenser":1,"minecraft:oak_leaves":43,"minecraft:deepslate":7,"minecraft:fern":2},"minecraft:used":{"minecraft:moss_block":3,"minecraft:moss_carpet":5,"minecraft:flint_and_steel":5,"minecraft:tropical_fish":1,"minecraft:stone_shovel":53,"minecraft:chest":1,"minecraft:spruce_planks":1,"minecraft:shield":16,"minecraft:cooked_chicken":2,"minecraft:stone_hoe":28,"minecraft:rotten_flesh":3,"minecraft:oak_door":5,"minecraft:dirt":56,"minecraft:chainmail_chestplate":1,"minecraft:shulker_box":4,"minecraft:granite":8,"minecraft:big_dripleaf":2,"minecraft:flowering_azalea":1,"minecraft:iron_axe":24,"minecraft:iron_boots":1,"minecraft:beef":4,"minecraft:sweet_berries":29,"minecraft:furnace":6,"minecraft:oak_sapling":2,"minecraft:iron_leggings":1,"minecraft:wheat_seeds":61,"minecraft:water_bucket":11,"minecraft:stone_pickaxe":131,"minecraft:oak_planks":5,"minecraft:wooden_pickaxe":59,"minecraft:glow_berries":36,"minecraft:crafting_table":6,"minecraft:apple":1,"minecraft:bread":16,"minecraft:chicken":1,"minecraft:melon_slice":5,"minecraft:iron_pickaxe":172,"minecraft:leather_helmet":1,"minecraft:gravel":15,"minecraft:stone_axe":54,"minecraft:cobblestone":88,"minecraft:chainmail_boots":1,"minecraft:cooked_porkchop":1,"minecraft:andesite":1,"minecraft:bucket":15,"minecraft:oak_boat":6},"minecraft:killed":{"minecraft:spider":2,"minecraft:skeleton":6,"minecraft:chicken":1,"minecraft:pig":1,"minecraft:zombie":5,"minecraft:enderman":2,"minecraft:cow":2},"minecraft:crafted":{"minecraft:oak_door":3,"minecraft:oak_planks":56,"minecraft:stone_shovel":1,"minecraft:furnace":2,"minecraft:bone_meal":21,"minecraft:flint_and_steel":2,"minecraft:iron_boots":1,"minecraft:iron_axe":1,"minecraft:melon_seeds":3,"minecraft:stone_pickaxe":1,"minecraft:chest":1,"minecraft:stone_hoe":1,"minecraft:crafting_table":2,"minecraft:spruce_planks":12,"minecraft:wooden_pickaxe":1,"minecraft:iron_helmet":1,"minecraft:bucket":4,"minecraft:stone_axe":1,"minecraft:bread":13,"minecraft:air":0,"minecraft:oak_boat":2,"minecraft:iron_chestplate":1,"minecraft:shield":1,"minecraft:stick":16,"minecraft:iron_ingot":40,"minecraft:iron_leggings":1},"minecraft:custom":{"minecraft:mob_kills":20,"minecraft:interact_with_crafting_table":24,"minecraft:open_shulker_box":15,"minecraft:leave_game":2,"minecraft:time_since_death":38742,"minecraft:climb_one_cm":8444,"minecraft:sprint_one_cm":419908,"minecraft:walk_one_cm":100491,"minecraft:damage_blocked_by_shield":1000,"minecraft:drop":4,"minecraft:play_time":119316,"minecraft:deaths":5,"minecraft:sneak_time":5832,"minecraft:walk_under_water_one_cm":13793,"minecraft:boat_one_cm":188201,"minecraft:jump":2712,"minecraft:walk_on_water_one_cm":29060,"minecraft:total_world_time":119316,"minecraft:interact_with_furnace":25,"minecraft:sleep_in_bed":2,"minecraft:time_since_rest":3700,"minecraft:damage_taken":2609,"minecraft:damage_dealt":4136,"minecraft:fly_one_cm":572495,"minecraft:swim_one_cm":80826,"minecraft:open_chest":17,"minecraft:crouch_one_cm":11677,"minecraft:fall_one_cm":59214},"minecraft:killed_by":{"minecraft:creeper":1,"minecraft:skeleton":4},"minecraft:picked_up":{"minecraft:cocoa_beans":3,"minecraft:crafting_table":6,"minecraft:wheat":41,"minecraft:chicken":1,"minecraft:clay_ball":17,"minecraft:lead":2,"minecraft:string":7,"minecraft:moss_carpet":5,"minecraft:cobbled_deepslate":7,"minecraft:beef":4,"minecraft:oak_boat":5,"minecraft:melon_slice":11,"minecraft:furnace":4,"minecraft:stick":3,"minecraft:raw_iron":79,"minecraft:oak_door":5,"minecraft:big_dripleaf":7,"minecraft:redstone":1,"minecraft:arrow":11,"minecraft:rotten_flesh":3,"minecraft:tropical_fish":1,"minecraft:glow_berries":30,"minecraft:cobblestone":187,"minecraft:feather":1,"minecraft:tripwire_hook":1,"minecraft:andesite":1,"minecraft:leather":3,"minecraft:flint":2,"minecraft:oak_log":14,"minecraft:lapis_lazuli":28,"minecraft:dirt":56,"minecraft:bone":9,"minecraft:apple":2,"minecraft:wheat_seeds":190,"minecraft:raw_gold":2,"minecraft:cooked_chicken":2,"minecraft:moss_block":8,"minecraft:oak_planks":3,"minecraft:flowering_azalea":1,"minecraft:cooked_porkchop":2,"minecraft:pumpkin":1,"minecraft:sweet_berries":29,"minecraft:gravel":24,"minecraft:spruce_log":3,"minecraft:spider_eye":1,"minecraft:shulker_box":4,"minecraft:mossy_cobblestone":2,"minecraft:dispenser":1,"minecraft:clay":1,"minecraft:granite":8,"minecraft:oak_sapling":6,"minecraft:coal":101,"minecraft:ender_pearl":1}},"DataVersion":2865}