{"stats":{"minecraft:picked_up":{"minecraft:iron_chestplate":7,"minecraft:crafting_table":6,"minecraft:allium":70,"minecraft:wheat":16,"minecraft:azure_bluet":22,"minecraft:chainmail_boots":1,"minecraft:chicken":3,"minecraft:ladder":5,"minecraft:clay_ball":43,"minecraft:shield":2,"minecraft:amethyst_block":8,"minecraft:lapis_block":2,"minecraft:cornflower":2,"minecraft:string":124,"minecraft:moss_carpet":11,"minecraft:raw_copper":245,"minecraft:iron_axe":5,"minecraft:iron_leggings":5,"minecraft:white_carpet":108,"minecraft:iron_shovel":6,"minecraft:activator_rail":1,"minecraft:cobbled_deepslate":223,"minecraft:bucket":1,"minecraft:beef":46,"minecraft:oak_boat":4,"minecraft:player_head":2,"minecraft:calcite":7,"minecraft:azalea":2,"minecraft:light_gray_wool":10,"minecraft:poppy":17,"minecraft:iron_pickaxe":7,"minecraft:minecart":1,"minecraft:spruce_trapdoor":1,"minecraft:chest":24,"minecraft:birch_sapling":7,"minecraft:egg":3,"minecraft:iron_boots":5,"minecraft:furnace":9,"minecraft:dark_oak_sapling":28,"minecraft:golden_helmet":2,"minecraft:stick":45,"minecraft:raw_iron":439,"minecraft:oak_fence":26,"minecraft:torch":102,"minecraft:porkchop":5,"minecraft:diorite":27,"minecraft:golden_chestplate":1,"minecraft:dark_oak_planks":4,"minecraft:rotten_flesh":82,"minecraft:arrow":52,"minecraft:stone_shovel":1,"minecraft:totem_of_undying":2,"minecraft:hay_block":33,"minecraft:red_tulip":11,"minecraft:gold_ingot":11,"minecraft:mutton":30,"minecraft:white_wool":26,"minecraft:rail":8,"minecraft:cobblestone":25333,"minecraft:birch_log":20,"minecraft:feather":6,"minecraft:cooked_beef":43,"minecraft:golden_carrot":3,"minecraft:water_bucket":6,"minecraft:andesite":536,"minecraft:brown_wool":1,"minecraft:leather":39,"minecraft:golden_leggings":3,"minecraft:flint":15,"minecraft:tuff":46,"minecraft:oak_log":140,"minecraft:golden_boots":1,"minecraft:gunpowder":15,"minecraft:lapis_lazuli":115,"minecraft:dirt":20791,"minecraft:white_banner":1,"minecraft:cooked_mutton":19,"minecraft:red_carpet":174,"minecraft:bone":47,"minecraft:apple":5,"minecraft:gray_carpet":5,"minecraft:bow":5,"minecraft:wheat_seeds":165,"minecraft:orange_tulip":6,"minecraft:raw_gold":65,"minecraft:stone_pickaxe":1,"minecraft:oak_fence_gate":1,"minecraft:iron_ingot":15,"minecraft:cooked_chicken":1,"minecraft:powered_rail":4,"minecraft:moss_block":14,"minecraft:oak_planks":58,"minecraft:smooth_basalt":7,"minecraft:cooked_porkchop":25,"minecraft:pumpkin":10,"minecraft:sweet_berries":3,"minecraft:dandelion":1,"minecraft:raw_iron_block":6,"minecraft:gravel":141,"minecraft:sand":8,"minecraft:white_bed":1,"minecraft:dark_oak_log":1,"minecraft:spider_eye":7,"minecraft:slime_ball":18,"minecraft:deepslate":53,"minecraft:diamond":24,"minecraft:stone_axe":2,"minecraft:chainmail_leggings":2,"minecraft:iron_helmet":5,"minecraft:granite":27,"minecraft:bread":44,"minecraft:emerald":14,"minecraft:oak_sapling":49,"minecraft:light_gray_carpet":4,"minecraft:coal":333,"minecraft:diamond_pickaxe":1},"minecraft:mined":{"minecraft:dark_oak_planks":4,"minecraft:tuff":43,"minecraft:white_bed":1,"minecraft:deepslate_diamond_ore":23,"minecraft:dark_oak_leaves":2,"minecraft:dark_oak_log":3,"minecraft:spruce_trapdoor":1,"minecraft:glow_lichen":2,"minecraft:granite":20,"minecraft:budding_amethyst":1,"minecraft:allium":6,"minecraft:grass_block":9505,"minecraft:spruce_leaves":3,"minecraft:moss_block":1,"minecraft:kelp":1,"minecraft:sandstone":2,"minecraft:large_fern":1,"minecraft:hay_block":33,"minecraft:raw_iron_block":4,"minecraft:furnace":6,"minecraft:iron_ore":185,"minecraft:fire":57,"minecraft:andesite":304,"minecraft:pumpkin":5,"minecraft:deepslate_lapis_ore":6,"minecraft:azure_bluet":2,"minecraft:red_tulip":4,"minecraft:cave_vines":1,"minecraft:deepslate_iron_ore":199,"minecraft:dirt_path":8,"minecraft:azalea":3,"minecraft:stone":14799,"minecraft:flowering_azalea":1,"minecraft:glass_pane":7,"minecraft:dandelion":1,"minecraft:powder_snow":1,"minecraft:oak_fence":2,"minecraft:clay":12,"minecraft:crafting_table":6,"minecraft:torch":9,"minecraft:emerald_ore":2,"minecraft:calcite":7,"minecraft:poppy":1,"minecraft:chest":23,"minecraft:copper_ore":63,"minecraft:tall_grass":44,"minecraft:cobblestone":143,"minecraft:lapis_ore":11,"minecraft:deepslate_gold_ore":30,"minecraft:oak_planks":20,"minecraft:diorite":21,"minecraft:wall_torch":7,"minecraft:amethyst_block":8,"minecraft:deepslate_copper_ore":5,"minecraft:lapis_block":1,"minecraft:birch_log":20,"minecraft:wheat":15,"minecraft:sweet_berry_bush":1,"minecraft:birch_leaves":2,"minecraft:light_gray_wool":5,"minecraft:orange_tulip":3,"minecraft:grass":251,"minecraft:coal_ore":316,"minecraft:oak_log":121,"minecraft:gravel":91,"minecraft:sand":12,"minecraft:dirt":2750,"minecraft:smooth_basalt":7,"minecraft:gold_ore":34,"minecraft:oak_leaves":99,"minecraft:deepslate":217},"minecraft:dropped":{"minecraft:wheat_seeds":89,"minecraft:feather":1,"minecraft:cobblestone":141,"minecraft:red_carpet":87,"minecraft:dirt":46,"minecraft:brown_wool":1,"minecraft:sand":4,"minecraft:chainmail_leggings":2,"minecraft:bucket":1,"minecraft:dark_oak_planks":2,"minecraft:white_wool":9,"minecraft:bone":12,"minecraft:gravel":16,"minecraft:furnace":3,"minecraft:golden_chestplate":1,"minecraft:cobbled_deepslate":4,"minecraft:white_carpet":54,"minecraft:rotten_flesh":38,"minecraft:light_gray_carpet":2,"minecraft:azure_bluet":2,"minecraft:filled_map":1,"minecraft:poppy":2,"minecraft:gunpowder":7,"minecraft:andesite":1,"minecraft:spider_eye":2,"minecraft:birch_button":16,"minecraft:bow":2,"minecraft:red_tulip":1},"minecraft:crafted":{"minecraft:oak_planks":484,"minecraft:raw_iron":27,"minecraft:stone_shovel":17,"minecraft:cooked_chicken":3,"minecraft:furnace":6,"minecraft:diamond_shovel":3,"minecraft:cooked_mutton":11,"minecraft:flint_and_steel":2,"minecraft:iron_boots":5,"minecraft:iron_axe":7,"minecraft:ladder":57,"minecraft:stone_pickaxe":6,"minecraft:chest":24,"minecraft:birch_button":16,"minecraft:dark_oak_planks":4,"minecraft:stone_hoe":1,"minecraft:oak_fence":24,"minecraft:wheat":297,"minecraft:cooked_beef":22,"minecraft:cooked_porkchop":3,"minecraft:crafting_table":3,"minecraft:wooden_pickaxe":1,"minecraft:iron_helmet":4,"minecraft:copper_ingot":22,"minecraft:birch_planks":80,"minecraft:bucket":5,"minecraft:stone_axe":2,"minecraft:bread":113,"minecraft:air":0,"minecraft:oak_fence_gate":1,"minecraft:oak_boat":1,"minecraft:iron_chestplate":4,"minecraft:diamond_pickaxe":6,"minecraft:shield":2,"minecraft:stick":528,"minecraft:iron_ingot":378,"minecraft:iron_pickaxe":32,"minecraft:iron_block":12,"minecraft:gold_ingot":26,"minecraft:iron_shovel":29,"minecraft:iron_leggings":5,"minecraft:white_bed":2,"minecraft:torch":804,"minecraft:shears":1,"minecraft:clay":8},"minecraft:broken":{"minecraft:iron_shovel":26,"minecraft:golden_boots":1,"minecraft:golden_leggings":3,"minecraft:stone_pickaxe":6,"minecraft:diamond_shovel":2,"minecraft:diamond_pickaxe":5,"minecraft:iron_axe":3,"minecraft:stone_axe":2,"minecraft:iron_pickaxe":30,"minecraft:stone_shovel":17},"minecraft:used":{"minecraft:azalea":2,"minecraft:oak_fence":2,"minecraft:iron_shovel":6569,"minecraft:flint_and_steel":62,"minecraft:stone_shovel":2266,"minecraft:ladder":52,"minecraft:chest":47,"minecraft:shield":32,"minecraft:cooked_chicken":4,"minecraft:rotten_flesh":2,"minecraft:stone_hoe":52,"minecraft:iron_chestplate":4,"minecraft:torch":745,"minecraft:dirt":243,"minecraft:mutton":9,"minecraft:tuff":25,"minecraft:granite":13,"minecraft:milk_bucket":1,"minecraft:dark_oak_planks":4,"minecraft:iron_axe":645,"minecraft:iron_helmet":3,"minecraft:iron_boots":3,"minecraft:smooth_basalt":7,"minecraft:golden_carrot":3,"minecraft:bow":4,"minecraft:beef":6,"minecraft:sweet_berries":3,"minecraft:furnace":9,"minecraft:cooked_cod":7,"minecraft:egg":3,"minecraft:cooked_beef":47,"minecraft:cobbled_deepslate":133,"minecraft:iron_leggings":4,"minecraft:wheat_seeds":34,"minecraft:cooked_mutton":28,"minecraft:water_bucket":333,"minecraft:diorite":5,"minecraft:stone_pickaxe":787,"minecraft:oak_planks":39,"minecraft:wooden_pickaxe":3,"minecraft:clay":8,"minecraft:white_wool":1,"minecraft:crafting_table":8,"minecraft:white_bed":3,"minecraft:diamond_pickaxe":8140,"minecraft:diamond_shovel":3470,"minecraft:bread":109,"minecraft:iron_pickaxe":7560,"minecraft:spruce_trapdoor":1,"minecraft:deepslate":53,"minecraft:gravel":39,"minecraft:stone_axe":208,"minecraft:cobblestone":544,"minecraft:porkchop":1,"minecraft:white_banner":1,"minecraft:cooked_porkchop":26,"minecraft:bucket":336,"minecraft:andesite":37,"minecraft:oak_boat":5},"minecraft:custom":{"minecraft:interact_with_anvil":1,"minecraft:mob_kills":275,"minecraft:animals_bred":3,"minecraft:inspect_hopper":2,"minecraft:open_shulker_box":2,"minecraft:interact_with_crafting_table":119,"minecraft:climb_one_cm":67864,"minecraft:leave_game":27,"minecraft:time_since_death":1249,"minecraft:sprint_one_cm":2553673,"minecraft:walk_one_cm":3176754,"minecraft:damage_blocked_by_shield":1360,"minecraft:drop":87,"minecraft:talked_to_villager":5,"minecraft:deaths":11,"minecraft:play_time":1227489,"minecraft:sneak_time":24206,"minecraft:walk_under_water_one_cm":28572,"minecraft:boat_one_cm":533302,"minecraft:interact_with_lectern":1,"minecraft:jump":21254,"minecraft:walk_on_water_one_cm":108386,"minecraft:total_world_time":1227489,"minecraft:interact_with_furnace":171,"minecraft:interact_with_grindstone":1,"minecraft:sleep_in_bed":44,"minecraft:time_since_rest":1269,"minecraft:open_enderchest":7,"minecraft:damage_taken":12718,"minecraft:damage_dealt":41562,"minecraft:swim_one_cm":219708,"minecraft:fly_one_cm":5008813,"minecraft:open_chest":531,"minecraft:crouch_one_cm":62275,"minecraft:fall_one_cm":643819},"minecraft:killed_by":{"minecraft:spider":1,"minecraft:skeleton":2,"minecraft:vex":1},"minecraft:killed":{"minecraft:vex":1,"minecraft:cave_spider":4,"minecraft:vindicator":9,"minecraft:spider":19,"minecraft:slime":13,"minecraft:skeleton":39,"minecraft:chicken":4,"minecraft:pig":15,"minecraft:zombie_villager":1,"minecraft:creeper":16,"minecraft:sheep":20,"minecraft:pillager":1,"minecraft:zombie":95,"minecraft:cow":28}},"DataVersion":3120}