{"stats":{"minecraft:picked_up":{"minecraft:iron_chestplate":11,"minecraft:chainmail_boots":1,"minecraft:suspicious_stew":2,"minecraft:anvil":2,"minecraft:prismarine_shard":3274,"minecraft:stone_slab":31,"minecraft:diamond_sword":1,"minecraft:acacia_pressure_plate":1,"minecraft:enchanted_book":2,"minecraft:brewing_stand":4,"minecraft:golden_sword":48,"minecraft:amethyst_block":70,"minecraft:music_disc_cat":1,"minecraft:string":103,"minecraft:soul_soil":19,"minecraft:cooked_salmon":8,"minecraft:pufferfish":8,"minecraft:shroomlight":90,"minecraft:diamond_leggings":3,"minecraft:gold_nugget":1129,"minecraft:cobbled_deepslate":8824,"minecraft:spruce_planks":186,"minecraft:written_book":10,"minecraft:melon_slice":21,"minecraft:dark_oak_door":5,"minecraft:golden_helmet":8,"minecraft:music_disc_blocks":1,"minecraft:composter":1,"minecraft:big_dripleaf":6,"minecraft:acacia_log":8,"minecraft:golden_axe":1,"minecraft:gray_shulker_box":4,"minecraft:golden_chestplate":4,"minecraft:stone_sword":11,"minecraft:tropical_fish":25,"minecraft:glowstone":24,"minecraft:netherite_chestplate":1,"minecraft:blaze_rod":80,"minecraft:snowball":320,"minecraft:sponge":143,"minecraft:birch_log":6,"minecraft:magma_block":80,"minecraft:feather":14,"minecraft:cooked_beef":82,"minecraft:iron_door":8,"minecraft:water_bucket":11,"minecraft:jungle_log":6,"minecraft:flint":161,"minecraft:netherite_leggings":3,"minecraft:lantern":9,"minecraft:stonecutter":4,"minecraft:dark_oak_sign":5,"minecraft:diamond_helmet":3,"minecraft:glowstone_dust":3,"minecraft:moss_block":143,"minecraft:chiseled_polished_blackstone":18,"minecraft:warped_wart_block":13,"minecraft:ink_sac":132,"minecraft:dark_oak_log":17,"minecraft:quartz_bricks":5,"minecraft:polished_andesite":211,"minecraft:deepslate":185,"minecraft:lever":3,"minecraft:writable_book":1,"minecraft:blue_ice":24,"minecraft:granite":938,"minecraft:bread":48,"minecraft:diamond_pickaxe":18,"minecraft:crafting_table":45,"minecraft:nether_wart":83,"minecraft:clay_ball":2067,"minecraft:leather_leggings":1,"minecraft:dragon_head":3,"minecraft:purpur_block":6,"minecraft:elytra":7,"minecraft:flint_and_steel":3,"minecraft:netherite_scrap":2,"minecraft:iron_shovel":5,"minecraft:netherite_sword":4,"minecraft:deepslate_diamond_ore":2,"minecraft:music_disc_otherside":1,"minecraft:beef":4,"minecraft:iron_nugget":7,"minecraft:poppy":4,"minecraft:minecart":5,"minecraft:quartz_stairs":97,"minecraft:chest":24,"minecraft:birch_sapling":2,"minecraft:copper_ore":25,"minecraft:sandstone":5,"minecraft:stone":1772,"minecraft:oak_door":12,"minecraft:redstone":381,"minecraft:netherite_pickaxe":6,"minecraft:prismarine_crystals":1561,"minecraft:diamond_chestplate":2,"minecraft:cooked_cod":534,"minecraft:beetroot_seeds":9,"minecraft:peony":11,"minecraft:deepslate_bricks":6,"minecraft:shears":1,"minecraft:diamond_boots":3,"minecraft:purpur_slab":1,"minecraft:warped_sign":1,"minecraft:gold_ingot":29,"minecraft:totem_of_undying":1,"minecraft:glow_berries":40,"minecraft:mutton":5,"minecraft:white_wool":68,"minecraft:bone_block":148,"minecraft:rail":8,"minecraft:lapis_ore":1,"minecraft:stripped_oak_log":300,"minecraft:clock":2,"minecraft:red_mushroom":24,"minecraft:filled_map":7,"minecraft:oak_log":42,"minecraft:lily_pad":2,"minecraft:ancient_debris":64,"minecraft:golden_boots":1,"minecraft:paper":44,"minecraft:birch_pressure_plate":1,"minecraft:apple":2,"minecraft:stone_bricks":37,"minecraft:kelp":1370,"minecraft:spore_blossom":5,"minecraft:stone_pickaxe":11,"minecraft:iron_ore":5,"minecraft:glass_bottle":1,"minecraft:iron_sword":2,"minecraft:flowering_azalea":10,"minecraft:smooth_basalt":9,"minecraft:sweet_berries":40,"minecraft:spyglass":2,"minecraft:gravel":1118,"minecraft:spruce_sapling":36,"minecraft:spruce_log":375,"minecraft:crying_obsidian":4,"minecraft:sea_lantern":121,"minecraft:leather_helmet":3,"minecraft:firework_rocket":44,"minecraft:coal_ore":1,"minecraft:slime_ball":4,"minecraft:polished_diorite":44,"minecraft:stone_axe":7,"minecraft:diamond_axe":3,"minecraft:gray_wool":1,"minecraft:warped_roots":4,"minecraft:warped_nylium":1,"minecraft:crimson_nylium":15,"minecraft:hopper":2,"minecraft:ender_pearl":544,"minecraft:shulker_shell":2,"minecraft:wheat":143,"minecraft:ender_chest":39,"minecraft:redstone_block":5,"minecraft:iron_trapdoor":14,"minecraft:nether_brick_fence":86,"minecraft:gilded_blackstone":6,"minecraft:nether_brick":8,"minecraft:stone_brick_stairs":4,"minecraft:crimson_planks":38,"minecraft:raw_copper":830,"minecraft:deepslate_lapis_ore":3,"minecraft:iron_leggings":10,"minecraft:armor_stand":1,"minecraft:sticky_piston":3,"minecraft:netherite_ingot":4,"minecraft:experience_bottle":1,"minecraft:black_shulker_box":4,"minecraft:bucket":9,"minecraft:rose_bush":1,"minecraft:redstone_torch":13,"minecraft:cobblestone_slab":173,"minecraft:calcite":3,"minecraft:azalea":9,"minecraft:iron_pickaxe":9,"minecraft:deepslate_iron_ore":3,"minecraft:iron_boots":18,"minecraft:furnace":23,"minecraft:stick":27,"minecraft:oak_fence":2,"minecraft:torch":353,"minecraft:spruce_stairs":6,"minecraft:porkchop":7,"minecraft:netherite_shovel":2,"minecraft:diorite":1352,"minecraft:vine":33,"minecraft:quartz_block":609,"minecraft:nether_gold_ore":18,"minecraft:rotten_flesh":1175,"minecraft:obsidian":1151,"minecraft:cod":1055,"minecraft:cobblestone":9748,"minecraft:nautilus_shell":7,"minecraft:leather_chestplate":1,"minecraft:magma_cream":80,"minecraft:andesite":1773,"minecraft:golden_leggings":2,"minecraft:beacon":1,"minecraft:chiseled_quartz_block":1,"minecraft:tuff":1369,"minecraft:wither_skeleton_skull":2,"minecraft:acacia_boat":1,"minecraft:lapis_lazuli":552,"minecraft:dirt":1139,"minecraft:leather_boots":2,"minecraft:glass":19,"minecraft:bone":333,"minecraft:bow":13,"minecraft:wheat_seeds":425,"minecraft:cobbled_deepslate_wall":13,"minecraft:raw_gold":330,"minecraft:grindstone":4,"minecraft:netherite_axe":7,"minecraft:prismarine":6,"minecraft:oak_planks":26,"minecraft:ghast_tear":7,"minecraft:cooked_porkchop":53,"minecraft:axolotl_bucket":1,"minecraft:poisonous_potato":6,"minecraft:sand":6266,"minecraft:melon":3,"minecraft:spectral_arrow":14,"minecraft:shulker_box":12,"minecraft:dark_prismarine":1,"minecraft:light_gray_terracotta":6,"minecraft:clay":4,"minecraft:diamond":361,"minecraft:slime_block":3,"minecraft:spruce_boat":12,"minecraft:netherite_helmet":4,"minecraft:cracked_polished_blackstone_bricks":85,"minecraft:crossbow":1,"minecraft:bone_meal":1,"minecraft:spruce_sign":25,"minecraft:emerald":14,"minecraft:oak_sapling":10,"minecraft:netherrack":19206,"minecraft:nether_star":1,"minecraft:end_stone_bricks":1,"minecraft:fishing_rod":2,"minecraft:cocoa_beans":4,"minecraft:azure_bluet":1,"minecraft:chicken":5,"minecraft:ladder":1,"minecraft:brown_mushroom":54,"minecraft:packed_ice":4037,"minecraft:wooden_pickaxe":2,"minecraft:stone_brick_wall":33,"minecraft:gold_block":97,"minecraft:brick":3,"minecraft:shield":17,"minecraft:stone_stairs":82,"minecraft:moss_carpet":59,"minecraft:iron_axe":16,"minecraft:item_frame":7,"minecraft:mycelium":1,"minecraft:blackstone":1037,"minecraft:blue_orchid":1,"minecraft:oak_boat":109,"minecraft:player_head":111,"minecraft:light_gray_wool":2,"minecraft:lectern":1,"minecraft:sugar_cane":411,"minecraft:spruce_trapdoor":5,"minecraft:phantom_membrane":81,"minecraft:raw_iron":478,"minecraft:end_stone":19,"minecraft:copper_ingot":52,"minecraft:bowl":23,"minecraft:polished_blackstone_bricks":157,"minecraft:quartz_pillar":13,"minecraft:stone_button":1,"minecraft:trident":6,"minecraft:dark_oak_planks":12,"minecraft:arrow":447,"minecraft:weeping_vines":7,"minecraft:nether_bricks":1097,"minecraft:black_banner":1,"minecraft:wet_sponge":136,"minecraft:netherite_boots":3,"minecraft:jungle_boat":1,"minecraft:basalt":2043,"minecraft:golden_carrot":133,"minecraft:glow_ink_sac":17,"minecraft:crimson_stem":20,"minecraft:salmon":10,"minecraft:leather":24,"minecraft:ice":4,"minecraft:mushroom_stew":7,"minecraft:nether_wart_block":48,"minecraft:cobbled_deepslate_stairs":16,"minecraft:gunpowder":76,"minecraft:podzol":40,"minecraft:iron_ingot":15,"minecraft:cooked_chicken":1,"minecraft:polished_andesite_slab":6,"minecraft:acacia_sapling":1,"minecraft:soul_sand":111,"minecraft:book":7,"minecraft:scaffolding":23,"minecraft:warped_fungus":1,"minecraft:nether_quartz_ore":291,"minecraft:pumpkin":1499,"minecraft:chiseled_stone_bricks":27,"minecraft:stone_brick_slab":6,"minecraft:quartz":1567,"minecraft:raw_iron_block":2,"minecraft:amethyst_shard":260,"minecraft:white_bed":12,"minecraft:spider_eye":28,"minecraft:music_disc_mall":1,"minecraft:pumpkin_seeds":300,"minecraft:iron_helmet":13,"minecraft:coal":414,"minecraft:sunflower":2,"minecraft:wooden_axe":1},"minecraft:killed":{"minecraft:cave_spider":5,"minecraft:shulker":4,"minecraft:skeleton":132,"minecraft:guardian":4335,"minecraft:fox":1,"minecraft:chicken":1,"minecraft:tropical_fish":8,"minecraft:magma_cube":183,"minecraft:elder_guardian":1,"minecraft:salmon":6,"minecraft:iron_golem":2,"minecraft:zombie":82,"minecraft:glow_squid":4,"minecraft:husk":2,"minecraft:enderman":365,"minecraft:witch":2,"minecraft:zombified_piglin":180,"minecraft:spider":27,"minecraft:wither":1,"minecraft:piglin_brute":23,"minecraft:piglin":96,"minecraft:pig":8,"minecraft:zombie_villager":4,"minecraft:creeper":35,"minecraft:sheep":4,"minecraft:mooshroom":8,"minecraft:ghast":21,"minecraft:blaze":63,"minecraft:slime":3,"minecraft:phantom":51,"minecraft:drowned":286,"minecraft:bat":3,"minecraft:hoglin":16,"minecraft:squid":79,"minecraft:wither_skeleton":62},"minecraft:dropped":{"minecraft:porkchop":4,"minecraft:lapis_lazuli":58,"minecraft:cooked_beef":34,"minecraft:glass_bottle":7,"minecraft:diamond":21,"minecraft:crafting_table":10,"minecraft:cooked_porkchop":3,"minecraft:crossbow":1,"minecraft:glow_berries":2,"minecraft:warped_roots":2,"minecraft:elytra":5,"minecraft:red_mushroom":3,"minecraft:item_frame":2,"minecraft:light_weighted_pressure_plate":1,"minecraft:emerald":1,"minecraft:dirt":68,"minecraft:stone_button":1,"minecraft:netherite_boots":1,"minecraft:gold_nugget":26,"minecraft:writable_book":2,"minecraft:bone_meal":1,"minecraft:sunflower":2,"minecraft:phantom_membrane":2,"minecraft:sand":170,"minecraft:iron_pickaxe":1,"minecraft:dark_oak_planks":1,"minecraft:fishing_rod":3,"minecraft:white_wool":193,"minecraft:bone":62,"minecraft:stone_axe":5,"minecraft:ancient_debris":13,"minecraft:lever":1,"minecraft:diamond_block":3,"minecraft:golden_chestplate":2,"minecraft:cobbled_deepslate":2669,"minecraft:nether_brick":8,"minecraft:netherite_sword":2,"minecraft:obsidian":8,"minecraft:rotten_flesh":748,"minecraft:oak_planks":11,"minecraft:netherite_shovel":1,"minecraft:glowstone_dust":3,"minecraft:white_bed":54,"minecraft:sea_lantern":56,"minecraft:coal_ore":1,"minecraft:hopper":2,"minecraft:leather_boots":1,"minecraft:leather_leggings":1,"minecraft:end_stone_bricks":1,"minecraft:glass":64,"minecraft:beef":3,"minecraft:crying_obsidian":1,"minecraft:ghast_tear":2,"minecraft:enchanted_book":4,"minecraft:golden_boots":1,"minecraft:netherite_pickaxe":5,"minecraft:wheat_seeds":24,"minecraft:netherite_helmet":2,"minecraft:book":2,"minecraft:iron_helmet":3,"minecraft:cobblestone":2813,"minecraft:prismarine_crystals":22,"minecraft:granite":47,"minecraft:coal":95,"minecraft:polished_andesite":21,"minecraft:golden_carrot":134,"minecraft:ink_sac":1,"minecraft:rose_bush":1,"minecraft:lapis_ore":1,"minecraft:cooked_salmon":3,"minecraft:diamond_helmet":3,"minecraft:potion":2,"minecraft:iron_shovel":1,"minecraft:string":2,"minecraft:lily_pad":2,"minecraft:spruce_sapling":7,"minecraft:stone_brick_slab":6,"minecraft:snow_block":70,"minecraft:furnace":1,"minecraft:moss_carpet":1,"minecraft:soul_soil":7,"minecraft:player_head":22,"minecraft:stone_sword":8,"minecraft:dark_oak_sign":3,"minecraft:bowl":1,"minecraft:deepslate":8,"minecraft:clay_ball":424,"minecraft:iron_boots":1,"minecraft:stone_slab":13,"minecraft:nether_bricks":8,"minecraft:shears":1,"minecraft:diamond_sword":3,"minecraft:cobblestone_slab":186,"minecraft:spruce_boat":4,"minecraft:stone":24,"minecraft:powder_snow_bucket":1,"minecraft:spruce_planks":66,"minecraft:diamond_pickaxe":8,"minecraft:spider_eye":4,"minecraft:stone_bricks":5,"minecraft:bow":8,"minecraft:magma_block":21,"minecraft:dark_prismarine":1,"minecraft:spruce_sign":10,"minecraft:soul_sand":34,"minecraft:moss_block":6,"minecraft:brown_mushroom":4,"minecraft:diamond_axe":2,"minecraft:ender_pearl":361,"minecraft:leather":3,"minecraft:cod":11,"minecraft:flint":106,"minecraft:cracked_polished_blackstone_bricks":36,"minecraft:packed_ice":1242,"minecraft:snowball":42,"minecraft:axolotl_bucket":3,"minecraft:polished_blackstone_bricks":39,"minecraft:gold_ingot":17,"minecraft:gravel":647,"minecraft:chiseled_polished_blackstone":12,"minecraft:purpur_block":5,"minecraft:blackstone":624,"minecraft:spyglass":2,"minecraft:prismarine":2,"minecraft:stone_stairs":11,"minecraft:chiseled_stone_bricks":1,"minecraft:poppy":4,"minecraft:leather_chestplate":1,"minecraft:trident":4,"minecraft:gunpowder":2,"minecraft:beetroot_seeds":9,"minecraft:stone_brick_wall":240,"minecraft:chest":5,"minecraft:iron_ore":2,"minecraft:basalt":1412,"minecraft:arrow":79,"minecraft:scaffolding":23,"minecraft:quartz":47,"minecraft:written_book":2,"minecraft:netherrack":9738,"minecraft:firework_rocket":48,"minecraft:water_bucket":5,"minecraft:stone_hoe":1,"minecraft:bread":1,"minecraft:golden_helmet":7,"minecraft:diamond_leggings":3,"minecraft:netherite_axe":6,"minecraft:prismarine_shard":63,"minecraft:golden_axe":2,"minecraft:tropical_fish":13,"minecraft:spruce_stairs":2,"minecraft:stick":7,"minecraft:spruce_fence_gate":4,"minecraft:diorite":279,"minecraft:torch":28,"minecraft:nether_wart_block":1,"minecraft:iron_leggings":1,"minecraft:iron_axe":4,"minecraft:bucket":3,"minecraft:smooth_basalt":8,"minecraft:redstone":65,"minecraft:kelp":31,"minecraft:warped_nylium":1,"minecraft:ender_chest":1,"minecraft:blaze_rod":8,"minecraft:raw_copper":181,"minecraft:light_gray_terracotta":6,"minecraft:tuff":327,"minecraft:wither_skeleton_skull":1,"minecraft:stripped_oak_log":324,"minecraft:totem_of_undying":1,"minecraft:shulker_box":6,"minecraft:netherite_leggings":1,"minecraft:deepslate_bricks":5,"minecraft:copper_ore":19,"minecraft:filled_map":5,"minecraft:shield":9,"minecraft:diamond_chestplate":3,"minecraft:iron_chestplate":1,"minecraft:andesite":725,"minecraft:golden_leggings":3,"minecraft:oak_boat":2,"minecraft:oak_sapling":4,"minecraft:golden_sword":10,"minecraft:spruce_log":134,"minecraft:diamond_boots":4,"minecraft:slime_ball":3,"minecraft:stone_pickaxe":2,"minecraft:wooden_pickaxe":1,"minecraft:magma_cream":4,"minecraft:calcite":3,"minecraft:brick":3},"minecraft:used":{"minecraft:moss_block":81,"minecraft:nether_brick_fence":85,"minecraft:writable_book":8,"minecraft:ladder":46,"minecraft:elytra":3,"minecraft:chest":45,"minecraft:stone":2092,"minecraft:warped_sign":2,"minecraft:quartz_stairs":243,"minecraft:rotten_flesh":8,"minecraft:soul_sand":30,"minecraft:acacia_sapling":1,"minecraft:snowball":5,"minecraft:spruce_boat":7,"minecraft:packed_ice":2798,"minecraft:lava_bucket":64,"minecraft:quartz_pillar":283,"minecraft:quartz_block":244,"minecraft:wet_sponge":143,"minecraft:stone_brick_stairs":38,"minecraft:bow":287,"minecraft:sweet_berries":40,"minecraft:furnace":40,"minecraft:oak_sapling":3,"minecraft:cooked_cod":986,"minecraft:dragon_head":2,"minecraft:diorite":170,"minecraft:prismarine":7,"minecraft:blackstone":131,"minecraft:wooden_pickaxe":19,"minecraft:jungle_boat":1,"minecraft:golden_apple":8,"minecraft:glow_berries":36,"minecraft:blue_dye":1,"minecraft:sand":2832,"minecraft:blast_furnace":9,"minecraft:blue_ice":5,"minecraft:chiseled_quartz_block":84,"minecraft:pumpkin_seeds":355,"minecraft:crying_obsidian":6,"minecraft:deepslate_iron_ore":3,"minecraft:spore_blossom":5,"minecraft:lectern":1,"minecraft:polished_andesite_slab":3,"minecraft:nether_wart_block":30,"minecraft:diamond_sword":1339,"minecraft:poisonous_potato":3,"minecraft:smithing_table":1,"minecraft:ice":4,"minecraft:oak_boat":108,"minecraft:armor_stand":1,"minecraft:cooked_salmon":4,"minecraft:netherrack":6953,"minecraft:torch":445,"minecraft:brewing_stand":5,"minecraft:anvil":4,"minecraft:warped_wart_block":13,"minecraft:nether_quartz_ore":91,"minecraft:stone_stairs":247,"minecraft:jungle_trapdoor":1,"minecraft:oak_fence_gate":12,"minecraft:polished_diorite":471,"minecraft:shroomlight":43,"minecraft:flowering_azalea":8,"minecraft:sea_lantern":353,"minecraft:iron_axe":280,"minecraft:smooth_basalt":1,"minecraft:diamond_chestplate":2,"minecraft:basalt":444,"minecraft:glowstone":12,"minecraft:iron_trapdoor":22,"minecraft:podzol":1,"minecraft:cobbled_deepslate":2147,"minecraft:wheat_seeds":141,"minecraft:water_bucket":2288,"minecraft:glow_ink_sac":4,"minecraft:spruce_fence_gate":24,"minecraft:deepslate_bricks":1,"minecraft:polished_blackstone_bricks":97,"minecraft:gilded_blackstone":31,"minecraft:rail":8,"minecraft:vine":33,"minecraft:crafting_table":56,"minecraft:white_bed":245,"minecraft:cod":3,"minecraft:spruce_log":1,"minecraft:diamond_pickaxe":22349,"minecraft:diamond_shovel":6389,"minecraft:acacia_sign":1,"minecraft:iron_pickaxe":2088,"minecraft:suspicious_stew":4,"minecraft:purpur_slab":1,"minecraft:spruce_trapdoor":13,"minecraft:spruce_sapling":51,"minecraft:crimson_nylium":15,"minecraft:crimson_sign":1,"minecraft:chiseled_stone_bricks":60,"minecraft:cobblestone":1820,"minecraft:potion":6,"minecraft:cooked_porkchop":48,"minecraft:kelp":435,"minecraft:diamond_leggings":2,"minecraft:moss_carpet":55,"minecraft:melon":3,"minecraft:oak_sign":4,"minecraft:diamond_hoe":75,"minecraft:bone_block":1,"minecraft:shield":89,"minecraft:iron_sword":57,"minecraft:nether_wart":24,"minecraft:player_head":44,"minecraft:birch_pressure_plate":1,"minecraft:mutton":3,"minecraft:nether_bricks":1062,"minecraft:tuff":40,"minecraft:axolotl_bucket":23,"minecraft:obsidian":132,"minecraft:big_dripleaf":5,"minecraft:glass":751,"minecraft:iron_helmet":1,"minecraft:stone_bricks":70,"minecraft:item_frame":7,"minecraft:deepslate_diamond_ore":2,"minecraft:magma_block":38,"minecraft:written_book":9,"minecraft:gold_block":141,"minecraft:diamond_boots":2,"minecraft:wither_skeleton_skull":3,"minecraft:stone_pickaxe":2098,"minecraft:dark_oak_sign":3,"minecraft:oak_planks":6,"minecraft:ender_pearl":34,"minecraft:redstone_block":5,"minecraft:sugar_cane":16,"minecraft:diamond_axe":1226,"minecraft:mushroom_stew":34,"minecraft:crossbow":38,"minecraft:sponge":136,"minecraft:cobbled_deepslate_stairs":32,"minecraft:stone_brick_wall":45,"minecraft:deepslate_lapis_ore":3,"minecraft:end_stone":16,"minecraft:shears":37,"minecraft:redstone_torch":13,"minecraft:lever":3,"minecraft:firework_rocket":401,"minecraft:gray_shulker_box":4,"minecraft:dark_oak_log":2,"minecraft:melon_slice":16,"minecraft:bread":68,"minecraft:string":9,"minecraft:deepslate":133,"minecraft:gravel":37,"minecraft:iron_door":9,"minecraft:jungle_sign":1,"minecraft:grindstone":4,"minecraft:andesite":103,"minecraft:tropical_fish_bucket":26,"minecraft:purpur_block":1,"minecraft:azalea":4,"minecraft:trident":2913,"minecraft:netherite_sword":2650,"minecraft:tropical_fish":2,"minecraft:flint_and_steel":16,"minecraft:stone_shovel":262,"minecraft:dried_kelp":20,"minecraft:spruce_planks":4,"minecraft:ender_chest":38,"minecraft:stone_hoe":87,"minecraft:cooked_chicken":4,"minecraft:oak_door":12,"minecraft:dirt":920,"minecraft:hopper":2,"minecraft:spruce_stairs":4,"minecraft:diamond_helmet":2,"minecraft:shulker_box":7,"minecraft:granite":298,"minecraft:iron_hoe":306,"minecraft:stone_brick_slab":6,"minecraft:wooden_axe":1,"minecraft:bookshelf":1,"minecraft:iron_boots":3,"minecraft:crimson_planks":6,"minecraft:golden_carrot":222,"minecraft:soul_soil":7,"minecraft:minecart":5,"minecraft:netherite_pickaxe":42753,"minecraft:cooked_beef":37,"minecraft:powder_snow_bucket":1,"minecraft:pumpkin":3,"minecraft:cobbled_deepslate_wall":49,"minecraft:cooked_mutton":2,"minecraft:quartz_bricks":113,"minecraft:acacia_boat":1,"minecraft:iron_ore":1,"minecraft:amethyst_block":120,"minecraft:polished_andesite":290,"minecraft:glass_bottle":15,"minecraft:brown_mushroom":13,"minecraft:black_shulker_box":5,"minecraft:spruce_sign":15,"minecraft:beacon":2,"minecraft:stonecutter":5,"minecraft:cobblestone_slab":166,"minecraft:music_disc_cat":1,"minecraft:dark_oak_door":8,"minecraft:wooden_hoe":88,"minecraft:apple":1,"minecraft:cracked_polished_blackstone_bricks":11,"minecraft:map":1,"minecraft:netherite_axe":1376,"minecraft:stone_slab":49,"minecraft:stone_axe":184,"minecraft:fishing_rod":6,"minecraft:bucket":2465,"minecraft:splash_potion":4,"minecraft:smooth_stone":6},"minecraft:broken":{"minecraft:diamond_helmet":1,"minecraft:iron_pickaxe":8,"minecraft:iron_helmet":1,"minecraft:wooden_hoe":1,"minecraft:stone_pickaxe":16,"minecraft:diamond_boots":1,"minecraft:stone_axe":1,"minecraft:stone_shovel":2},"minecraft:mined":{"minecraft:dark_oak_planks":12,"minecraft:dragon_wall_head":3,"minecraft:jungle_leaves":47,"minecraft:obsidian":1160,"minecraft:granite":1283,"minecraft:chiseled_polished_blackstone":6,"minecraft:acacia_log":8,"minecraft:stone_brick_wall":33,"minecraft:jungle_log":6,"minecraft:deepslate_bricks":6,"minecraft:purpur_slab":1,"minecraft:hopper":2,"minecraft:nether_wart":24,"minecraft:acacia_pressure_plate":1,"minecraft:chiseled_stone_bricks":27,"minecraft:spawner":11,"minecraft:weeping_vines_plant":4,"minecraft:polished_blackstone_bricks":231,"minecraft:tall_seagrass":32,"minecraft:magma_block":141,"minecraft:sticky_piston":3,"minecraft:cobbled_deepslate":299,"minecraft:fire":1060,"minecraft:moss_carpet":28,"minecraft:pumpkin":1549,"minecraft:deepslate_lapis_ore":34,"minecraft:cave_vines":132,"minecraft:dirt_path":2,"minecraft:player_head":5,"minecraft:tripwire":12,"minecraft:kelp_plant":95,"minecraft:player_wall_head":15,"minecraft:crimson_nylium":30,"minecraft:soul_fire":9,"minecraft:amethyst_cluster":65,"minecraft:powder_snow":16,"minecraft:torch":202,"minecraft:melon":6,"minecraft:spruce_wall_sign":10,"minecraft:glass":22,"minecraft:sugar_cane":233,"minecraft:spruce_sign":18,"minecraft:amethyst_block":6,"minecraft:wheat":129,"minecraft:pumpkin_stem":153,"minecraft:stone_brick_stairs":4,"minecraft:grass":19,"minecraft:smooth_basalt":5,"minecraft:red_mushroom_block":45,"minecraft:stonecutter":4,"minecraft:deepslate":8811,"minecraft:attached_pumpkin_stem":1,"minecraft:dark_prismarine":1,"minecraft:mossy_cobblestone":1,"minecraft:dark_oak_log":17,"minecraft:sea_lantern":150,"minecraft:end_stone":19,"minecraft:shulker_box":7,"minecraft:nether_bricks":1241,"minecraft:crimson_roots":1,"minecraft:kelp":51,"minecraft:moss_block":147,"minecraft:red_mushroom":3,"minecraft:snow":287,"minecraft:andesite":1793,"minecraft:warped_wall_sign":1,"minecraft:big_dripleaf_stem":1,"minecraft:mossy_stone_brick_stairs":1,"minecraft:vine":41,"minecraft:cobblestone_slab":165,"minecraft:rail":8,"minecraft:bone_block":129,"minecraft:white_wool":2,"minecraft:ender_chest":38,"minecraft:redstone_block":5,"minecraft:soul_sand":102,"minecraft:stone_brick_slab":6,"minecraft:cobbled_deepslate_wall":13,"minecraft:sponge":143,"minecraft:copper_ore":174,"minecraft:tall_grass":7,"minecraft:deepslate_gold_ore":152,"minecraft:diorite":1476,"minecraft:big_dripleaf":2,"minecraft:warped_wart_block":15,"minecraft:dark_oak_wall_sign":1,"minecraft:spruce_log":242,"minecraft:quartz_pillar":13,"minecraft:dark_oak_sign":1,"minecraft:mycelium":162,"minecraft:sunflower":3,"minecraft:gravel":1405,"minecraft:cobweb":40,"minecraft:brown_terracotta":3,"minecraft:stone_bricks":37,"minecraft:gold_ore":1,"minecraft:iron_trapdoor":14,"minecraft:fern":4,"minecraft:black_shulker_box":5,"minecraft:spruce_planks":6,"minecraft:farmland":18,"minecraft:cobbled_deepslate_stairs":13,"minecraft:brewing_stand":4,"minecraft:spruce_trapdoor":5,"minecraft:cave_vines_plant":54,"minecraft:grass_block":19,"minecraft:cracked_polished_blackstone_bricks":130,"minecraft:soul_soil":27,"minecraft:polished_diorite":44,"minecraft:composter":1,"minecraft:gilded_blackstone":33,"minecraft:raw_iron_block":2,"minecraft:glowstone":28,"minecraft:iron_ore":128,"minecraft:anvil":2,"minecraft:flowering_azalea_leaves":1,"minecraft:azalea":1,"minecraft:end_stone_bricks":1,"minecraft:deepslate_redstone_ore":45,"minecraft:quartz_block":33,"minecraft:blackstone":1152,"minecraft:chiseled_quartz_block":1,"minecraft:clay":622,"minecraft:light_gray_terracotta":2,"minecraft:calcite":3,"minecraft:poppy":2,"minecraft:beacon":1,"minecraft:chest":62,"minecraft:mushroom_stem":4,"minecraft:cobblestone":1071,"minecraft:nether_quartz_ore":1099,"minecraft:slime_block":5,"minecraft:grindstone":4,"minecraft:prismarine":6,"minecraft:oak_planks":23,"minecraft:iron_door":8,"minecraft:wall_torch":71,"minecraft:seagrass":8,"minecraft:stone_stairs":82,"minecraft:warped_nylium":46,"minecraft:dark_oak_door":5,"minecraft:nether_wart_block":53,"minecraft:birch_log":6,"minecraft:blue_ice":31,"minecraft:purpur_block":6,"minecraft:oak_log":40,"minecraft:sand":3821,"minecraft:dirt":877,"minecraft:crimson_planks":6,"minecraft:netherrack":24072,"minecraft:ancient_debris":64,"minecraft:oak_leaves":39,"minecraft:nether_gold_ore":127,"minecraft:crying_obsidian":4,"minecraft:diamond_ore":12,"minecraft:tuff":1405,"minecraft:quartz_stairs":97,"minecraft:dark_oak_leaves":8,"minecraft:deepslate_diamond_ore":152,"minecraft:oak_door":8,"minecraft:gray_shulker_box":4,"minecraft:glow_lichen":4,"minecraft:ladder":1,"minecraft:weeping_vines":6,"minecraft:brown_mushroom_block":45,"minecraft:polished_andesite_slab":2,"minecraft:spruce_leaves":117,"minecraft:sandstone":5,"minecraft:crimson_stem":20,"minecraft:spore_blossom":4,"minecraft:spruce_sapling":7,"minecraft:furnace":23,"minecraft:peony":13,"minecraft:gold_block":94,"minecraft:nether_brick_fence":109,"minecraft:bookshelf":1,"minecraft:shroomlight":98,"minecraft:deepslate_iron_ore":148,"minecraft:lantern":9,"minecraft:packed_ice":4448,"minecraft:wet_sponge":136,"minecraft:stone":13247,"minecraft:birch_pressure_plate":1,"minecraft:redstone_wall_torch":12,"minecraft:podzol":40,"minecraft:acacia_leaves":15,"minecraft:flowering_azalea":5,"minecraft:magenta_stained_glass":4,"minecraft:snow_block":14,"minecraft:basalt":2895,"minecraft:oak_fence":2,"minecraft:crafting_table":32,"minecraft:blackstone_slab":2,"minecraft:lectern":1,"minecraft:stone_slab":21,"minecraft:deepslate_coal_ore":6,"minecraft:quartz_bricks":5,"minecraft:lapis_ore":15,"minecraft:polished_blackstone_brick_stairs":7,"minecraft:spruce_stairs":6,"minecraft:prismarine_bricks":1,"minecraft:redstone_torch":1,"minecraft:sweet_berry_bush":25,"minecraft:ice":4,"minecraft:coal_ore":177,"minecraft:cocoa":2,"minecraft:polished_andesite":214,"minecraft:small_dripleaf":2,"minecraft:mossy_stone_bricks":8},"minecraft:killed_by":{"minecraft:piglin_brute":1,"minecraft:zombified_piglin":1,"minecraft:piglin":1,"minecraft:blaze":1,"minecraft:player":8,"minecraft:spider":1,"minecraft:enderman":1,"minecraft:skeleton":1},"minecraft:custom":{"minecraft:interact_with_crafting_table":385,"minecraft:open_barrel":236,"minecraft:bell_ring":21,"minecraft:leave_game":89,"minecraft:time_since_death":811519,"minecraft:damage_blocked_by_shield":4631,"minecraft:play_time":4319914,"minecraft:deaths":40,"minecraft:jump":74865,"minecraft:enchant_item":230,"minecraft:interact_with_furnace":978,"minecraft:play_record":1,"minecraft:traded_with_villager":744,"minecraft:interact_with_cartography_table":1,"minecraft:sleep_in_bed":26,"minecraft:damage_dealt":297978,"minecraft:interact_with_smoker":1,"minecraft:inspect_dispenser":16,"minecraft:horse_one_cm":3260,"minecraft:interact_with_smithing_table":13,"minecraft:inspect_dropper":10,"minecraft:interact_with_anvil":141,"minecraft:inspect_hopper":155,"minecraft:sneak_time":307034,"minecraft:interact_with_lectern":14,"minecraft:interact_with_blast_furnace":233,"minecraft:total_world_time":4319914,"minecraft:interact_with_stonecutter":41,"minecraft:time_since_rest":418666,"minecraft:swim_one_cm":8741696,"minecraft:fly_one_cm":16709497,"minecraft:open_chest":4771,"minecraft:fall_one_cm":2373539,"minecraft:open_shulker_box":101,"minecraft:damage_resisted":8018,"minecraft:sprint_one_cm":11273697,"minecraft:drop":1176,"minecraft:talked_to_villager":274,"minecraft:interact_with_brewingstand":27,"minecraft:walk_on_water_one_cm":1793494,"minecraft:open_enderchest":316,"minecraft:interact_with_beacon":14,"minecraft:player_kills":6,"minecraft:crouch_one_cm":1187961,"minecraft:mob_kills":6221,"minecraft:climb_one_cm":80692,"minecraft:walk_one_cm":11290393,"minecraft:walk_under_water_one_cm":5620772,"minecraft:boat_one_cm":6740661,"minecraft:interact_with_grindstone":36,"minecraft:damage_taken":76492,"minecraft:damage_absorbed":298,"minecraft:minecart_one_cm":348,"minecraft:aviate_one_cm":23218445},"minecraft:crafted":{"minecraft:ender_chest":7,"minecraft:smooth_stone":33,"minecraft:oak_sign":3,"minecraft:blaze_powder":12,"minecraft:lever":1,"minecraft:diamond_shovel":5,"minecraft:bookshelf":1,"minecraft:cooked_mutton":2,"minecraft:quartz_block":421,"minecraft:glass":1116,"minecraft:diamond_helmet":4,"minecraft:diamond_leggings":5,"minecraft:netherite_boots":2,"minecraft:beacon":1,"minecraft:iron_door":6,"minecraft:chiseled_quartz_block":3,"minecraft:glass_bottle":15,"minecraft:deepslate":112,"minecraft:emerald":740,"minecraft:cooked_porkchop":3,"minecraft:diamond_axe":4,"minecraft:smithing_table":1,"minecraft:cobbled_deepslate_wall":54,"minecraft:copper_ingot":382,"minecraft:oak_wood":3,"minecraft:stone_brick_stairs":1,"minecraft:wooden_hoe":6,"minecraft:stone_slab":36,"minecraft:iron_pickaxe":12,"minecraft:iron_block":49,"minecraft:gold_ingot":659,"minecraft:netherite_ingot":13,"minecraft:spruce_fence_gate":28,"minecraft:prismarine":37,"minecraft:stone_shovel":2,"minecraft:diamond_hoe":1,"minecraft:bone_meal":801,"minecraft:moss_carpet":15,"minecraft:stone_stairs":142,"minecraft:netherite_axe":2,"minecraft:diamond":9,"minecraft:polished_diorite":564,"minecraft:ladder":60,"minecraft:stone_pickaxe":15,"minecraft:diamond_boots":5,"minecraft:cobbled_deepslate_stairs":100,"minecraft:redstone_block":31,"minecraft:dark_oak_planks":60,"minecraft:lead":2,"minecraft:coal_block":18,"minecraft:netherite_pickaxe":3,"minecraft:dried_kelp":20,"minecraft:polished_granite":64,"minecraft:leather_helmet":1,"minecraft:glowstone":64,"minecraft:enchanted_book":39,"minecraft:oak_fence_gate":12,"minecraft:golden_apple":3,"minecraft:acacia_sign":3,"minecraft:fermented_spider_eye":1,"minecraft:wooden_axe":1,"minecraft:writable_book":1,"minecraft:iron_shovel":1,"minecraft:iron_leggings":3,"minecraft:white_bed":289,"minecraft:brick":64,"minecraft:oak_planks":592,"minecraft:quartz_bricks":7,"minecraft:crimson_sign":3,"minecraft:cooked_chicken":4,"minecraft:stone":2338,"minecraft:quartz_pillar":13,"minecraft:dark_oak_door":3,"minecraft:hopper":2,"minecraft:stone_brick_slab":6,"minecraft:bow":3,"minecraft:iron_boots":3,"minecraft:chest":28,"minecraft:netherite_helmet":2,"minecraft:copper_block":48,"minecraft:chiseled_stone_bricks":34,"minecraft:stone_hoe":2,"minecraft:ender_eye":7,"minecraft:stone_bricks":295,"minecraft:golden_boots":1,"minecraft:sea_lantern":98,"minecraft:quartz_stairs":10,"minecraft:item_frame":2,"minecraft:arrow":16,"minecraft:crafting_table":22,"minecraft:spruce_planks":1608,"minecraft:wooden_pickaxe":2,"minecraft:iron_helmet":4,"minecraft:gold_block":66,"minecraft:brewing_stand":1,"minecraft:birch_planks":24,"minecraft:pumpkin_seeds":168,"minecraft:spruce_trapdoor":8,"minecraft:book":108,"minecraft:iron_chestplate":4,"minecraft:paper":405,"minecraft:diamond_pickaxe":8,"minecraft:emerald_block":10,"minecraft:shield":3,"minecraft:stick":1968,"minecraft:iron_ingot":659,"minecraft:snow_block":70,"minecraft:redstone_torch":7,"minecraft:shears":1,"minecraft:polished_andesite":332,"minecraft:oak_door":6,"minecraft:redstone":45,"minecraft:raw_iron":18,"minecraft:stone_brick_wall":252,"minecraft:netherite_sword":2,"minecraft:furnace":29,"minecraft:stone_button":1,"minecraft:blast_furnace":9,"minecraft:jungle_trapdoor":2,"minecraft:dark_oak_sign":3,"minecraft:diamond_block":9,"minecraft:flint_and_steel":4,"minecraft:netherite_chestplate":3,"minecraft:netherite_leggings":2,"minecraft:iron_axe":3,"minecraft:iron_hoe":3,"minecraft:cobblestone_wall":60,"minecraft:netherite_scrap":52,"minecraft:cooked_beef":1,"minecraft:sugar":1,"minecraft:crimson_planks":80,"minecraft:diamond_sword":3,"minecraft:iron_trapdoor":8,"minecraft:spruce_sign":9,"minecraft:iron_sword":1,"minecraft:bowl":8,"minecraft:bucket":20,"minecraft:amethyst_block":65,"minecraft:air":0,"minecraft:acacia_boat":1,"minecraft:bread":81,"minecraft:jungle_planks":24,"minecraft:blue_dye":5,"minecraft:oak_boat":4,"minecraft:white_wool":1441,"minecraft:gold_nugget":7,"minecraft:netherite_shovel":1,"minecraft:anvil":2,"minecraft:stonecutter":1,"minecraft:acacia_planks":32,"minecraft:torch":96,"minecraft:clay":305,"minecraft:lapis_block":13,"minecraft:diamond_chestplate":6,"minecraft:firework_rocket":459}},"DataVersion":3120}