{"stats":{"minecraft:used":{"minecraft:moss_block":83,"minecraft:writable_book":81,"minecraft:spruce_slab":244,"minecraft:ladder":18,"minecraft:elytra":9,"minecraft:poppy":1,"minecraft:green_banner":9,"minecraft:chest":50,"minecraft:stone":51,"minecraft:white_shulker_box":1,"minecraft:warped_sign":5,"minecraft:azure_bluet":3,"minecraft:stripped_spruce_log":9,"minecraft:spruce_boat":140,"minecraft:packed_ice":1179,"minecraft:grass_block":150,"minecraft:birch_sapling":1,"minecraft:dark_oak_slab":2,"minecraft:diorite_wall":2,"minecraft:pink_wool":2,"minecraft:stone_brick_stairs":1,"minecraft:netherite_boots":7,"minecraft:snow":196,"minecraft:bow":160,"minecraft:sweet_berries":129,"minecraft:oak_sapling":86,"minecraft:furnace":21,"minecraft:cooked_cod":3,"minecraft:egg":7,"minecraft:mossy_stone_bricks":9,"minecraft:spruce_door":29,"minecraft:stripped_birch_log":13,"minecraft:red_stained_glass":3,"minecraft:prismarine":40,"minecraft:orange_tulip":1,"minecraft:cactus":8,"minecraft:wooden_pickaxe":20,"minecraft:composter":4,"minecraft:glow_berries":57,"minecraft:sand":32,"minecraft:netherite_helmet":6,"minecraft:purple_terracotta":1,"minecraft:gray_concrete":2,"minecraft:deepslate_tiles":4,"minecraft:birch_slab":23,"minecraft:lectern":9,"minecraft:oak_pressure_plate":1,"minecraft:soul_lantern":7,"minecraft:diamond_sword":267,"minecraft:birch_log":100,"minecraft:white_stained_glass":126,"minecraft:ice":3,"minecraft:oak_boat":26,"minecraft:oak_trapdoor":9,"minecraft:iron_bars":2,"minecraft:stone_sword":50,"minecraft:mycelium":210,"minecraft:tinted_glass":6,"minecraft:cooked_salmon":3,"minecraft:torch":86,"minecraft:anvil":2,"minecraft:stone_stairs":1,"minecraft:sea_lantern":27,"minecraft:flowering_azalea":1,"minecraft:iron_axe":25,"minecraft:spruce_button":2,"minecraft:smooth_quartz":5,"minecraft:totem_of_undying":2,"minecraft:smooth_basalt":1,"minecraft:warped_stairs":1,"minecraft:magenta_wool":1,"minecraft:iron_trapdoor":1,"minecraft:magenta_terracotta":1,"minecraft:podzol":2,"minecraft:cobbled_deepslate":6,"minecraft:calcite":1,"minecraft:wheat_seeds":14,"minecraft:water_bucket":106,"minecraft:warped_stem":10,"minecraft:birch_planks":70,"minecraft:lime_wool":10,"minecraft:glow_ink_sac":1,"minecraft:spruce_fence_gate":2,"minecraft:deepslate_bricks":1,"minecraft:mossy_cobblestone":66,"minecraft:vine":2,"minecraft:oak_slab":409,"minecraft:crafting_table":46,"minecraft:birch_sign":13,"minecraft:white_bed":14,"minecraft:lime_shulker_box":4,"minecraft:spruce_log":292,"minecraft:oak_log":60,"minecraft:blue_stained_glass_pane":2,"minecraft:diamond_pickaxe":2859,"minecraft:cornflower":35,"minecraft:diamond_shovel":1137,"minecraft:sunflower":1,"minecraft:iron_pickaxe":247,"minecraft:suspicious_stew":1,"minecraft:spruce_trapdoor":41,"minecraft:spruce_sapling":75,"minecraft:blue_carpet":4,"minecraft:chiseled_stone_bricks":4,"minecraft:cobblestone":200,"minecraft:potion":5,"minecraft:azalea_leaves":19,"minecraft:cooked_porkchop":1,"minecraft:glass_pane":19,"minecraft:brown_mushroom_block":1,"minecraft:moss_carpet":36,"minecraft:melon":1,"minecraft:bone_block":10,"minecraft:oak_sign":12,"minecraft:shield":33,"minecraft:white_terracotta":2,"minecraft:iron_sword":263,"minecraft:bell":6,"minecraft:player_head":50,"minecraft:iron_chestplate":1,"minecraft:spruce_leaves":1,"minecraft:carrot":152,"minecraft:pink_terracotta":1,"minecraft:beehive":3,"minecraft:cyan_wool":41,"minecraft:milk_bucket":1,"minecraft:glass":38,"minecraft:lantern":4,"minecraft:green_wool":23,"minecraft:iron_helmet":1,"minecraft:stone_bricks":163,"minecraft:item_frame":53,"minecraft:birch_trapdoor":57,"minecraft:magma_block":2,"minecraft:scaffolding":1,"minecraft:written_book":47,"minecraft:stripped_spruce_wood":132,"minecraft:end_rod":2,"minecraft:diamond_boots":2,"minecraft:stone_pickaxe":10,"minecraft:oak_planks":8,"minecraft:ender_pearl":33,"minecraft:sandstone":23,"minecraft:diamond_axe":2152,"minecraft:blue_bed":3,"minecraft:white_wool":35,"minecraft:netherite_leggings":7,"minecraft:shears":73,"minecraft:stone_brick_wall":25,"minecraft:end_stone":137,"minecraft:firework_rocket":890,"minecraft:light_gray_concrete":1,"minecraft:brown_wool":65,"minecraft:bread":1,"minecraft:cyan_bed":1,"minecraft:warped_slab":7,"minecraft:iron_door":5,"minecraft:deepslate":4,"minecraft:light_blue_concrete_powder":45,"minecraft:grindstone":1,"minecraft:andesite":1,"minecraft:coarse_dirt":17,"minecraft:bone_meal":28,"minecraft:experience_bottle":24,"minecraft:azalea":10,"minecraft:trident":718,"minecraft:netherite_sword":7,"minecraft:redstone":1,"minecraft:spruce_planks":353,"minecraft:ender_chest":3,"minecraft:cooked_chicken":5,"minecraft:spyglass":565,"minecraft:dirt":49,"minecraft:white_carpet":8,"minecraft:spruce_stairs":64,"minecraft:shulker_box":75,"minecraft:warped_door":1,"minecraft:spruce_fence":8,"minecraft:birch_door":13,"minecraft:iron_hoe":165,"minecraft:stone_brick_slab":36,"minecraft:dark_oak_planks":4,"minecraft:light_gray_stained_glass":2,"minecraft:oak_stairs":15,"minecraft:smooth_sandstone":38,"minecraft:golden_carrot":557,"minecraft:deepslate_tile_stairs":1,"minecraft:white_stained_glass_pane":28,"minecraft:cooked_beef":2,"minecraft:cooked_mutton":2,"minecraft:quartz_bricks":2,"minecraft:amethyst_block":5,"minecraft:lodestone":2,"minecraft:snow_block":20,"minecraft:baked_potato":2,"minecraft:glass_bottle":18,"minecraft:netherite_chestplate":2,"minecraft:blue_wool":30,"minecraft:birch_boat":3,"minecraft:cut_sandstone":26,"minecraft:brown_mushroom":13,"minecraft:spruce_sign":12,"minecraft:magenta_stained_glass":3,"minecraft:stonecutter":1,"minecraft:green_bed":3,"minecraft:terracotta":3,"minecraft:red_mushroom":2,"minecraft:warped_planks":40,"minecraft:piston":2,"minecraft:flower_pot":4,"minecraft:stone_axe":13,"minecraft:fishing_rod":6,"minecraft:green_shulker_box":3,"minecraft:cyan_stained_glass_pane":2,"minecraft:bucket":108,"minecraft:polished_blackstone_button":2,"minecraft:splash_potion":1,"minecraft:birch_stairs":151},"minecraft:picked_up":{"minecraft:wooden_axe":1,"minecraft:birch_door":9,"minecraft:anvil":2,"minecraft:flower_pot":65,"minecraft:suspicious_stew":1,"minecraft:lead":9,"minecraft:diamond_sword":11,"minecraft:oak_stairs":5,"minecraft:enchanted_book":1,"minecraft:purple_shulker_box":1,"minecraft:golden_sword":24,"minecraft:amethyst_block":5,"minecraft:string":7,"minecraft:blue_stained_glass_pane":2,"minecraft:diamond_leggings":1,"minecraft:gold_nugget":138,"minecraft:cobbled_deepslate":35,"minecraft:crimson_fence":1,"minecraft:spruce_planks":120,"minecraft:acacia_sign":1,"minecraft:written_book":30,"minecraft:azalea_leaves":2,"minecraft:melon_slice":3,"minecraft:golden_helmet":1,"minecraft:composter":1,"minecraft:green_bed":3,"minecraft:warped_planks":6,"minecraft:end_crystal":11,"minecraft:deepslate_tile_stairs":1,"minecraft:cyan_stained_glass_pane":2,"minecraft:pink_terracotta":2,"minecraft:stone_sword":1,"minecraft:light_blue_wool":30,"minecraft:tropical_fish":4,"minecraft:end_rod":3,"minecraft:white_terracotta":3,"minecraft:netherite_chestplate":7,"minecraft:iron_bars":2,"minecraft:birch_log":21,"minecraft:magma_block":1,"minecraft:cooked_beef":489,"minecraft:birch_slab":6,"minecraft:iron_door":5,"minecraft:water_bucket":20,"minecraft:brown_wool":66,"minecraft:stripped_spruce_wood":44,"minecraft:purple_stained_glass":1,"minecraft:map":1,"minecraft:netherite_leggings":7,"minecraft:gray_concrete":2,"minecraft:magenta_terracotta":1,"minecraft:lantern":5,"minecraft:large_amethyst_bud":1,"minecraft:stonecutter":1,"minecraft:diamond_helmet":1,"minecraft:moss_block":175,"minecraft:warped_wart_block":1,"minecraft:stripped_spruce_log":148,"minecraft:brown_mushroom_block":1,"minecraft:ink_sac":234,"minecraft:quartz_bricks":2,"minecraft:deepslate":58,"minecraft:writable_book":19,"minecraft:spruce_button":1,"minecraft:bread":9,"minecraft:diamond_pickaxe":12,"minecraft:spruce_leaves":25,"minecraft:crafting_table":40,"minecraft:coarse_dirt":3,"minecraft:purple_wool":26,"minecraft:clay_ball":4,"minecraft:purpur_block":2,"minecraft:cornflower":6,"minecraft:elytra":10,"minecraft:snow":310,"minecraft:white_stained_glass":4,"minecraft:white_carpet":1,"minecraft:glass_pane":5,"minecraft:netherite_sword":2,"minecraft:stripped_warped_stem":1,"minecraft:beef":6,"minecraft:cyan_wool":62,"minecraft:poppy":15,"minecraft:spruce_slab":31,"minecraft:chest":12,"minecraft:birch_sapling":30,"minecraft:piston":2,"minecraft:egg":7,"minecraft:lime_shulker_box":7,"minecraft:sandstone":8,"minecraft:stone":310,"minecraft:spruce_fence":4,"minecraft:amethyst_cluster":58,"minecraft:carrot":501,"minecraft:redstone":1,"minecraft:blue_carpet":1,"minecraft:tnt":1,"minecraft:diamond_chestplate":1,"minecraft:cooked_cod":35,"minecraft:shears":2,"minecraft:diamond_boots":1,"minecraft:purpur_slab":1,"minecraft:warped_sign":3,"minecraft:gold_ingot":19,"minecraft:totem_of_undying":2,"minecraft:white_shulker_box":2,"minecraft:glow_berries":77,"minecraft:mutton":4,"minecraft:white_wool":161,"minecraft:red_mushroom":13,"minecraft:filled_map":108,"minecraft:oak_log":294,"minecraft:blue_bed":2,"minecraft:apple":12,"minecraft:stone_bricks":105,"minecraft:kelp":6,"minecraft:warped_stem":49,"minecraft:spore_blossom":4,"minecraft:magenta_stained_glass":3,"minecraft:glass_bottle":3,"minecraft:iron_sword":2,"minecraft:flowering_azalea":8,"minecraft:smooth_basalt":1,"minecraft:dark_oak_slab":2,"minecraft:light_gray_stained_glass":2,"minecraft:sweet_berries":353,"minecraft:red_wool":23,"minecraft:spyglass":6,"minecraft:gravel":17,"minecraft:birch_stairs":56,"minecraft:spruce_sapling":77,"minecraft:spruce_log":760,"minecraft:sea_lantern":69,"minecraft:leather_helmet":1,"minecraft:firework_rocket":640,"minecraft:diamond_shovel":7,"minecraft:red_stained_glass":2,"minecraft:slime_ball":108,"minecraft:stone_axe":2,"minecraft:diamond_axe":7,"minecraft:birch_sign":1,"minecraft:gray_wool":10,"minecraft:warped_roots":1,"minecraft:lodestone":2,"minecraft:baked_potato":1,"minecraft:warped_nylium":2,"minecraft:ender_pearl":64,"minecraft:shulker_shell":75,"minecraft:chiseled_deepslate":3,"minecraft:wheat":79,"minecraft:iron_trapdoor":3,"minecraft:ender_chest":12,"minecraft:yellow_wool":24,"minecraft:potion":9,"minecraft:stone_brick_stairs":1,"minecraft:lapis_block":10,"minecraft:raw_copper":103,"minecraft:netherite_ingot":8,"minecraft:experience_bottle":24,"minecraft:oak_sign":6,"minecraft:deepslate_tiles":5,"minecraft:smooth_stone":32,"minecraft:bucket":1,"minecraft:redstone_torch":7,"minecraft:calcite":1,"minecraft:azalea":9,"minecraft:smooth_quartz":5,"minecraft:furnace":18,"minecraft:blue_wool":54,"minecraft:tipped_arrow":2,"minecraft:stick":112,"minecraft:birch_trapdoor":20,"minecraft:torch":104,"minecraft:spruce_stairs":16,"minecraft:snow_block":32,"minecraft:vine":32,"minecraft:green_banner":4,"minecraft:cactus":17,"minecraft:rotten_flesh":348,"minecraft:green_wool":55,"minecraft:chorus_flower":5,"minecraft:obsidian":4,"minecraft:cobblestone":410,"minecraft:repeater":1,"minecraft:magma_cream":4,"minecraft:andesite":2,"minecraft:tuff":5,"minecraft:stripped_birch_log":15,"minecraft:green_shulker_box":3,"minecraft:lapis_lazuli":160,"minecraft:dirt":127,"minecraft:name_tag":6,"minecraft:glass":40,"minecraft:bone":50,"minecraft:bow":16,"minecraft:wheat_seeds":99,"minecraft:orange_tulip":1,"minecraft:raw_gold":41,"minecraft:bell":2,"minecraft:netherite_axe":1,"minecraft:bamboo":1,"minecraft:prismarine":3,"minecraft:diorite_wall":2,"minecraft:cooked_porkchop":1,"minecraft:oak_pressure_plate":1,"minecraft:sand":433,"minecraft:light_blue_shulker_box":1,"minecraft:melon":187,"minecraft:grass_block":14,"minecraft:spectral_arrow":1,"minecraft:orange_wool":22,"minecraft:shulker_box":76,"minecraft:mossy_cobblestone":166,"minecraft:light_gray_concrete":1,"minecraft:diamond":169,"minecraft:spruce_boat":150,"minecraft:netherite_helmet":7,"minecraft:soul_lantern":64,"minecraft:polished_blackstone_button":2,"minecraft:bone_meal":28,"minecraft:spruce_sign":6,"minecraft:emerald":6,"minecraft:oak_sapling":87,"minecraft:netherrack":22,"minecraft:chorus_fruit":24,"minecraft:oak_leaves":1,"minecraft:fishing_rod":1,"minecraft:allium":1,"minecraft:azure_bluet":6,"minecraft:ladder":5,"minecraft:brown_mushroom":19,"minecraft:packed_ice":2001,"minecraft:pink_wool":33,"minecraft:stone_brick_wall":5,"minecraft:gold_block":6,"minecraft:brick":1,"minecraft:oak_trapdoor":1,"minecraft:moss_carpet":80,"minecraft:stone_stairs":1,"minecraft:item_frame":78,"minecraft:mycelium":289,"minecraft:magenta_wool":35,"minecraft:blackstone":43,"minecraft:oak_boat":25,"minecraft:player_head":179,"minecraft:light_gray_wool":29,"minecraft:lectern":6,"minecraft:tinted_glass":8,"minecraft:sugar_cane":66,"minecraft:phantom_membrane":27,"minecraft:spruce_trapdoor":22,"minecraft:lime_wool":37,"minecraft:end_stone":258,"minecraft:raw_iron":61,"minecraft:bowl":5,"minecraft:trident":16,"minecraft:light_gray_stained_glass_pane":4,"minecraft:purple_terracotta":1,"minecraft:dark_oak_planks":8,"minecraft:arrow":462,"minecraft:pumpkin_pie":2,"minecraft:pink_tulip":1,"minecraft:netherite_boots":8,"minecraft:golden_carrot":814,"minecraft:glow_ink_sac":12,"minecraft:leather":70,"minecraft:cut_sandstone":10,"minecraft:birch_planks":20,"minecraft:ice":3,"minecraft:gunpowder":10,"minecraft:cooked_mutton":3,"minecraft:podzol":2,"minecraft:iron_ingot":4,"minecraft:cooked_chicken":4,"minecraft:green_dye":2,"minecraft:book":31,"minecraft:oak_slab":202,"minecraft:scaffolding":5,"minecraft:birch_boat":3,"minecraft:chiseled_stone_bricks":11,"minecraft:stone_brick_slab":1,"minecraft:dandelion":1,"minecraft:amethyst_shard":1,"minecraft:white_bed":13,"minecraft:spruce_door":10,"minecraft:spider_eye":8,"minecraft:light_blue_concrete_powder":9,"minecraft:terracotta":3,"minecraft:black_wool":25,"minecraft:coal":109,"minecraft:sunflower":1},"minecraft:dropped":{"minecraft:iron_sword":3,"minecraft:cooked_beef":36,"minecraft:glass_bottle":8,"minecraft:diamond":22,"minecraft:crafting_table":1,"minecraft:warped_roots":1,"minecraft:elytra":1,"minecraft:dragon_breath":17,"minecraft:item_frame":31,"minecraft:emerald":10,"minecraft:dirt":25,"minecraft:netherite_boots":3,"minecraft:writable_book":7,"minecraft:gold_nugget":8,"minecraft:phantom_membrane":17,"minecraft:bone_meal":1,"minecraft:iron_pickaxe":2,"minecraft:purple_wool":2,"minecraft:dark_oak_planks":4,"minecraft:fishing_rod":1,"minecraft:white_wool":1,"minecraft:birch_stairs":1,"minecraft:bone":41,"minecraft:stone_axe":1,"minecraft:cobbled_deepslate":8,"minecraft:netherite_sword":2,"minecraft:wheat":1,"minecraft:obsidian":3,"minecraft:rotten_flesh":347,"minecraft:end_stone":65,"minecraft:sea_lantern":1,"minecraft:deepslate_tiles":1,"minecraft:spruce_slab":3,"minecraft:beef":4,"minecraft:warped_wart_block":1,"minecraft:iron_ingot":7,"minecraft:wheat_seeds":79,"minecraft:tnt":1,"minecraft:netherite_helmet":2,"minecraft:light_gray_stained_glass_pane":4,"minecraft:netherite_chestplate":2,"minecraft:feather":5,"minecraft:cobblestone":151,"minecraft:book":1,"minecraft:spruce_door":4,"minecraft:coal":5,"minecraft:ink_sac":2,"minecraft:iron_trapdoor":2,"minecraft:golden_carrot":131,"minecraft:wooden_axe":1,"minecraft:diamond_helmet":1,"minecraft:potion":1,"minecraft:smooth_stone":32,"minecraft:paper":5,"minecraft:string":7,"minecraft:spruce_sapling":21,"minecraft:snow_block":12,"minecraft:furnace":1,"minecraft:moss_carpet":23,"minecraft:player_head":34,"minecraft:netherite_ingot":3,"minecraft:stone_sword":1,"minecraft:bowl":6,"minecraft:deepslate":54,"minecraft:clay_ball":4,"minecraft:iron_boots":1,"minecraft:name_tag":1,"minecraft:white_terracotta":1,"minecraft:white_shulker_box":1,"minecraft:nether_bricks":60,"minecraft:oak_sign":1,"minecraft:purple_stained_glass":1,"minecraft:diamond_sword":4,"minecraft:spruce_boat":4,"minecraft:stone":85,"minecraft:allium":1,"minecraft:spruce_planks":4,"minecraft:diamond_pickaxe":4,"minecraft:spider_eye":6,"minecraft:bow":2,"minecraft:black_wool":3,"minecraft:spruce_sign":2,"minecraft:brown_mushroom":6,"minecraft:birch_planks":1,"minecraft:diamond_axe":1,"minecraft:large_amethyst_bud":1,"minecraft:ender_pearl":8,"minecraft:leather":2,"minecraft:spruce_leaves":12,"minecraft:packed_ice":191,"minecraft:gold_ingot":47,"minecraft:gravel":8,"minecraft:pink_terracotta":1,"minecraft:spyglass":1,"minecraft:diamond_shovel":1,"minecraft:mycelium":12,"minecraft:chiseled_stone_bricks":3,"minecraft:shulker_shell":11,"minecraft:poppy":2,"minecraft:trident":9,"minecraft:gunpowder":6,"minecraft:birch_door":1,"minecraft:arrow":25,"minecraft:scaffolding":4,"minecraft:written_book":3,"minecraft:oak_leaves":1,"minecraft:netherrack":54,"minecraft:enchanting_table":1,"minecraft:firework_rocket":184,"minecraft:water_bucket":2,"minecraft:golden_helmet":1,"minecraft:mossy_cobblestone":8,"minecraft:diamond_leggings":1,"minecraft:netherite_axe":1,"minecraft:amethyst_block":4,"minecraft:spruce_stairs":1,"minecraft:tropical_fish":4,"minecraft:stick":28,"minecraft:brown_wool":1,"minecraft:crimson_fence":1,"minecraft:dandelion":1,"minecraft:sweet_berries":69,"minecraft:kelp":6,"minecraft:warped_nylium":1,"minecraft:ender_chest":7,"minecraft:coarse_dirt":2,"minecraft:raw_copper":13,"minecraft:tuff":5,"minecraft:composter":1,"minecraft:raw_iron":2,"minecraft:light_gray_wool":1,"minecraft:netherite_leggings":2,"minecraft:filled_map":66,"minecraft:snow":33,"minecraft:diamond_chestplate":1,"minecraft:iron_chestplate":1,"minecraft:pink_wool":2,"minecraft:oak_boat":2,"minecraft:oak_sapling":1,"minecraft:golden_sword":22,"minecraft:birch_sign":1,"minecraft:diamond_boots":1,"minecraft:slime_ball":39,"minecraft:purple_shulker_box":1,"minecraft:raw_gold":1,"minecraft:magma_cream":4,"minecraft:white_stained_glass":62,"minecraft:light_blue_shulker_box":1,"minecraft:brick":1},"minecraft:killed_by":{"minecraft:guardian":2,"minecraft:player":103,"minecraft:iron_golem":1},"minecraft:custom":{"minecraft:interact_with_crafting_table":292,"minecraft:open_barrel":305,"minecraft:bell_ring":760,"minecraft:eat_cake_slice":19,"minecraft:leave_game":165,"minecraft:time_since_death":100083,"minecraft:damage_blocked_by_shield":1850,"minecraft:play_time":4059962,"minecraft:deaths":126,"minecraft:jump":68153,"minecraft:interact_with_furnace":269,"minecraft:sleep_in_bed":24,"minecraft:damage_dealt":43409,"minecraft:interact_with_smoker":2,"minecraft:inspect_dispenser":2,"minecraft:horse_one_cm":231393,"minecraft:interact_with_smithing_table":5,"minecraft:inspect_dropper":5,"minecraft:interact_with_anvil":30,"minecraft:inspect_hopper":2,"minecraft:sneak_time":218042,"minecraft:interact_with_lectern":78,"minecraft:interact_with_blast_furnace":1,"minecraft:total_world_time":4059962,"minecraft:interact_with_stonecutter":9,"minecraft:time_since_rest":1341,"minecraft:swim_one_cm":1475962,"minecraft:fly_one_cm":18412886,"minecraft:open_chest":2513,"minecraft:fall_one_cm":2098900,"minecraft:animals_bred":17,"minecraft:open_shulker_box":622,"minecraft:damage_resisted":10308,"minecraft:sprint_one_cm":12477062,"minecraft:drop":682,"minecraft:talked_to_villager":5,"minecraft:walk_on_water_one_cm":327556,"minecraft:interact_with_loom":4,"minecraft:open_enderchest":346,"minecraft:interact_with_beacon":6,"minecraft:player_kills":1,"minecraft:crouch_one_cm":600031,"minecraft:mob_kills":3755,"minecraft:climb_one_cm":404504,"minecraft:walk_one_cm":7643813,"minecraft:walk_under_water_one_cm":772433,"minecraft:boat_one_cm":5032723,"minecraft:pot_flower":4,"minecraft:interact_with_grindstone":2,"minecraft:damage_taken":74953,"minecraft:damage_absorbed":152,"minecraft:pig_one_cm":3033,"minecraft:aviate_one_cm":44198204},"minecraft:crafted":{"minecraft:green_banner":5,"minecraft:black_dye":229,"minecraft:yellow_wool":2,"minecraft:oak_sign":6,"minecraft:cut_sandstone":16,"minecraft:birch_slab":24,"minecraft:bookshelf":2,"minecraft:cooked_mutton":2,"minecraft:glass":254,"minecraft:netherite_boots":1,"minecraft:light_blue_concrete_powder":128,"minecraft:birch_door":9,"minecraft:magenta_dye":2,"minecraft:flower_pot":1,"minecraft:warped_stairs":4,"minecraft:glass_bottle":18,"minecraft:green_bed":1,"minecraft:lime_banner":2,"minecraft:spruce_door":24,"minecraft:lectern":3,"minecraft:stone_slab":6,"minecraft:iron_pickaxe":3,"minecraft:iron_block":20,"minecraft:gold_ingot":148,"minecraft:light_gray_dye":2,"minecraft:composter":13,"minecraft:spruce_fence_gate":2,"minecraft:birch_stairs":128,"minecraft:golden_carrot":220,"minecraft:bone_meal":204,"minecraft:spruce_fence":9,"minecraft:white_carpet":9,"minecraft:diamond":18,"minecraft:spruce_stairs":40,"minecraft:ladder":21,"minecraft:spruce_slab":366,"minecraft:stone_pickaxe":1,"minecraft:spruce_boat":4,"minecraft:redstone_block":1,"minecraft:dark_oak_planks":8,"minecraft:lead":6,"minecraft:enchanting_table":1,"minecraft:cyan_bed":1,"minecraft:blue_bed":1,"minecraft:white_stained_glass":256,"minecraft:orange_dye":1,"minecraft:warped_sign":3,"minecraft:oak_stairs":28,"minecraft:wooden_axe":1,"minecraft:birch_trapdoor":38,"minecraft:writable_book":3,"minecraft:iron_leggings":1,"minecraft:white_bed":5,"minecraft:blue_carpet":3,"minecraft:grindstone":1,"minecraft:oak_planks":344,"minecraft:green_dye":4,"minecraft:warped_planks":140,"minecraft:stone_brick_slab":54,"minecraft:iron_boots":2,"minecraft:chest":34,"minecraft:netherite_helmet":1,"minecraft:chiseled_stone_bricks":4,"minecraft:golden_sword":2,"minecraft:white_banner":2,"minecraft:oak_slab":318,"minecraft:item_frame":3,"minecraft:arrow":32,"minecraft:crafting_table":13,"minecraft:spruce_planks":952,"minecraft:wooden_pickaxe":1,"minecraft:iron_helmet":1,"minecraft:red_wool":2,"minecraft:birch_planks":472,"minecraft:white_stained_glass_pane":32,"minecraft:warped_door":3,"minecraft:spruce_trapdoor":26,"minecraft:iron_chestplate":2,"minecraft:book":20,"minecraft:paper":33,"minecraft:yellow_dye":3,"minecraft:purple_dye":2,"minecraft:shield":1,"minecraft:stick":96,"minecraft:warped_slab":18,"minecraft:light_blue_dye":2,"minecraft:iron_ingot":262,"minecraft:stone_sword":2,"minecraft:shears":3,"minecraft:coarse_dirt":16,"minecraft:redstone":54,"minecraft:stone_brick_wall":24,"minecraft:beehive":3,"minecraft:spruce_button":2,"minecraft:mossy_stone_bricks":12,"minecraft:furnace":3,"minecraft:piston":1,"minecraft:gray_dye":2,"minecraft:oak_trapdoor":8,"minecraft:diamond_block":17,"minecraft:glass_pane":32,"minecraft:netherite_chestplate":1,"minecraft:netherite_leggings":1,"minecraft:iron_axe":1,"minecraft:iron_hoe":2,"minecraft:lime_dye":2,"minecraft:birch_sign":15,"minecraft:red_dye":2,"minecraft:bone_block":5,"minecraft:diamond_sword":1,"minecraft:cyan_dye":2,"minecraft:iron_trapdoor":9,"minecraft:stripped_spruce_wood":99,"minecraft:spruce_sign":9,"minecraft:iron_sword":2,"minecraft:bucket":3,"minecraft:stone_axe":1,"minecraft:lodestone":1,"minecraft:air":0,"minecraft:blue_dye":7,"minecraft:oak_boat":2,"minecraft:gold_nugget":1809,"minecraft:white_dye":82,"minecraft:blue_wool":2,"minecraft:stonecutter":1,"minecraft:anvil":1,"minecraft:torch":128,"minecraft:lapis_lazuli":234,"minecraft:lapis_block":16},"minecraft:killed":{"minecraft:shulker":2,"minecraft:skeleton":26,"minecraft:magma_cube":10,"minecraft:ender_dragon":1,"minecraft:zombie":40,"minecraft:glow_squid":5,"minecraft:cow":8,"minecraft:endermite":1,"minecraft:enderman":5,"minecraft:zombified_piglin":18,"minecraft:spider":17,"minecraft:zombie_villager":2,"minecraft:creeper":10,"minecraft:sheep":2,"minecraft:ghast":1,"minecraft:mooshroom":2,"minecraft:slime":41,"minecraft:phantom":23,"minecraft:drowned":2,"minecraft:squid":64},"minecraft:mined":{"minecraft:blue_carpet":1,"minecraft:stripped_warped_stem":1,"minecraft:white_bed":14,"minecraft:stone_brick_wall":5,"minecraft:brown_wool":65,"minecraft:oak_pressure_plate":1,"minecraft:deepslate_tile_stairs":1,"minecraft:blue_wool":5,"minecraft:oak_wall_sign":1,"minecraft:chorus_flower":6,"minecraft:magma_block":1,"minecraft:cobbled_deepslate":6,"minecraft:fire":1,"minecraft:deepslate_lapis_ore":11,"minecraft:moss_carpet":11,"minecraft:cave_vines":34,"minecraft:oak_sign":3,"minecraft:dirt_path":2,"minecraft:oak_stairs":5,"minecraft:light_gray_concrete":1,"minecraft:white_shulker_box":1,"minecraft:player_head":23,"minecraft:cut_sandstone":10,"minecraft:brown_mushroom":19,"minecraft:kelp_plant":4,"minecraft:player_wall_head":6,"minecraft:amethyst_cluster":30,"minecraft:torch":12,"minecraft:melon":1,"minecraft:spruce_wall_sign":2,"minecraft:glass":38,"minecraft:lime_shulker_box":5,"minecraft:sugar_cane":55,"minecraft:spruce_sign":2,"minecraft:amethyst_block":6,"minecraft:birch_sapling":1,"minecraft:white_terracotta":2,"minecraft:cyan_wool":6,"minecraft:tinted_glass":5,"minecraft:light_gray_stained_glass":2,"minecraft:wheat":14,"minecraft:birch_door":7,"minecraft:stone_brick_stairs":1,"minecraft:grass":23,"minecraft:smooth_quartz":5,"minecraft:smooth_basalt":1,"minecraft:acacia_sign":1,"minecraft:red_mushroom_block":45,"minecraft:stonecutter":1,"minecraft:piston":2,"minecraft:deepslate":30,"minecraft:deepslate_tiles":3,"minecraft:light_gray_stained_glass_pane":2,"minecraft:blue_stained_glass_pane":2,"minecraft:mossy_cobblestone":166,"minecraft:stripped_birch_log":16,"minecraft:sea_lantern":5,"minecraft:end_stone":259,"minecraft:shulker_box":72,"minecraft:allium":1,"minecraft:spruce_fence":4,"minecraft:crimson_roots":1,"minecraft:redstone_wire":1,"minecraft:lime_wool":2,"minecraft:moss_block":178,"minecraft:kelp":1,"minecraft:pink_wool":1,"minecraft:polished_blackstone_button":2,"minecraft:light_blue_concrete_powder":10,"minecraft:snow":324,"minecraft:andesite":1,"minecraft:warped_wall_sign":2,"minecraft:vine":3,"minecraft:warped_stem":49,"minecraft:cake":3,"minecraft:white_wool":19,"minecraft:green_wool":11,"minecraft:ender_chest":2,"minecraft:oak_slab":12,"minecraft:birch_stairs":56,"minecraft:gray_concrete":2,"minecraft:glass_pane":5,"minecraft:stone_brick_slab":1,"minecraft:dandelion":1,"minecraft:cornflower":5,"minecraft:spruce_button":1,"minecraft:tall_grass":11,"minecraft:deepslate_gold_ore":35,"minecraft:warped_wart_block":1,"minecraft:coarse_dirt":4,"minecraft:stripped_spruce_wood":44,"minecraft:white_carpet":1,"minecraft:spruce_log":759,"minecraft:birch_leaves":2,"minecraft:mycelium":314,"minecraft:sunflower":1,"minecraft:gravel":12,"minecraft:stone_bricks":116,"minecraft:iron_trapdoor":3,"minecraft:fern":2,"minecraft:large_amethyst_bud":1,"minecraft:spruce_planks":116,"minecraft:jungle_slab":1,"minecraft:spruce_trapdoor":22,"minecraft:cave_vines_plant":21,"minecraft:budding_amethyst":1,"minecraft:grass_block":52,"minecraft:green_wall_banner":4,"minecraft:iron_ore":25,"minecraft:anvil":2,"minecraft:azure_bluet":3,"minecraft:iron_bars":2,"minecraft:azalea_leaves":2,"minecraft:azalea":5,"minecraft:spruce_slab":22,"minecraft:green_bed":3,"minecraft:clay":3,"minecraft:poppy":2,"minecraft:chest":12,"minecraft:mushroom_stem":4,"minecraft:cobblestone":74,"minecraft:prismarine":2,"minecraft:iron_door":5,"minecraft:wall_torch":11,"minecraft:stone_stairs":1,"minecraft:warped_nylium":2,"minecraft:dark_oak_slab":2,"minecraft:warped_planks":7,"minecraft:birch_log":21,"minecraft:birch_trapdoor":20,"minecraft:tnt":3,"minecraft:oak_log":295,"minecraft:diorite_wall":2,"minecraft:dirt":64,"minecraft:sand":436,"minecraft:magenta_wool":2,"minecraft:oak_leaves":50,"minecraft:tuff":3,"minecraft:deepslate_diamond_ore":8,"minecraft:red_stained_glass":2,"minecraft:ladder":4,"minecraft:purple_terracotta":1,"minecraft:white_stained_glass":4,"minecraft:brown_mushroom_block":1,"minecraft:birch_slab":7,"minecraft:spruce_leaves":41,"minecraft:sandstone":8,"minecraft:large_fern":7,"minecraft:spore_blossom":2,"minecraft:oak_trapdoor":1,"minecraft:spruce_sapling":7,"minecraft:furnace":15,"minecraft:carrots":133,"minecraft:stripped_spruce_log":149,"minecraft:chiseled_deepslate":3,"minecraft:bell":1,"minecraft:deepslate_iron_ore":38,"minecraft:lantern":4,"minecraft:packed_ice":1796,"minecraft:chorus_plant":1,"minecraft:stone":139,"minecraft:podzol":4,"minecraft:flowering_azalea":3,"minecraft:scaffolding":1,"minecraft:magenta_stained_glass":3,"minecraft:snow_block":1,"minecraft:spruce_door":10,"minecraft:crafting_table":41,"minecraft:cyan_stained_glass_pane":2,"minecraft:lectern":6,"minecraft:quartz_bricks":2,"minecraft:lapis_ore":5,"minecraft:blue_bed":2,"minecraft:spruce_stairs":18,"minecraft:birch_planks":21,"minecraft:cactus":7,"minecraft:green_shulker_box":3,"minecraft:magenta_terracotta":1,"minecraft:sweet_berry_bush":96,"minecraft:ice":17,"minecraft:coal_ore":52,"minecraft:end_rod":4,"minecraft:flower_pot":1,"minecraft:lodestone":1,"minecraft:purple_shulker_box":1,"minecraft:crimson_fence":1}},"DataVersion":3120}