{"stats":{"minecraft:broken":{"minecraft:stone_pickaxe":1},"minecraft:dropped":{"minecraft:water_bucket":1,"minecraft:baked_potato":52,"minecraft:apple":1,"minecraft:golden_apple":2,"minecraft:snowball":1,"minecraft:iron_shovel":1,"minecraft:sweet_berries":32,"minecraft:ender_chest":1,"minecraft:end_stone":5,"minecraft:spruce_boat":1,"minecraft:charcoal":1,"minecraft:oak_boat":1,"minecraft:diamond_boots":1,"minecraft:glass":5,"minecraft:wooden_pickaxe":1,"minecraft:egg":1},"minecraft:used":{"minecraft:stone_sword":10,"minecraft:stone_shovel":45,"minecraft:ladder":3,"minecraft:oak_sign":2,"minecraft:chest":1,"minecraft:spruce_planks":2,"minecraft:player_head":1,"minecraft:cooked_chicken":1,"minecraft:netherrack":67,"minecraft:torch":16,"minecraft:dirt":1,"minecraft:snowball":38,"minecraft:spruce_boat":10,"minecraft:totem_of_undying":1,"minecraft:music_disc_stal":1,"minecraft:beef":5,"minecraft:sweet_berries":48,"minecraft:oak_sapling":8,"minecraft:furnace":1,"minecraft:egg":1,"minecraft:water_bucket":5,"minecraft:spruce_door":3,"minecraft:stone_pickaxe":252,"minecraft:wooden_pickaxe":3,"minecraft:deepslate_bricks":2,"minecraft:white_wool":3,"minecraft:crafting_table":6,"minecraft:mushroom_stew":1,"minecraft:white_bed":6,"minecraft:end_stone":11,"minecraft:apple":12,"minecraft:spruce_trapdoor":6,"minecraft:stone_axe":85,"minecraft:cobblestone":64,"minecraft:cooked_porkchop":1,"minecraft:porkchop":3,"minecraft:birch_log":6,"minecraft:bucket":6,"minecraft:oak_boat":4},"minecraft:mined":{"minecraft:spruce_planks":1,"minecraft:white_bed":2,"minecraft:end_stone":1,"minecraft:spruce_trapdoor":3,"minecraft:fire":3,"minecraft:snow":39,"minecraft:packed_ice":45,"minecraft:stone":161,"minecraft:white_wool":1,"minecraft:crafting_table":3,"minecraft:torch":2,"minecraft:copper_ore":7,"minecraft:cobblestone":29,"minecraft:birch_log":6,"minecraft:sweet_berry_bush":4,"minecraft:ice":1,"minecraft:spruce_log":7,"minecraft:grass":1,"minecraft:oak_log":68,"minecraft:coal_ore":9,"minecraft:dirt":7,"minecraft:netherrack":3,"minecraft:oak_leaves":8},"minecraft:killed":{"minecraft:skeleton":1,"minecraft:pig":2,"minecraft:zombie":1,"minecraft:cow":1},"minecraft:crafted":{"minecraft:oak_planks":4,"minecraft:stone_shovel":1,"minecraft:furnace":1,"minecraft:ladder":3,"minecraft:stone_pickaxe":2,"minecraft:chest":1,"minecraft:spruce_boat":1,"minecraft:crafting_table":3,"minecraft:spruce_planks":68,"minecraft:wooden_pickaxe":1,"minecraft:spruce_door":3,"minecraft:stone_axe":1,"minecraft:air":0,"minecraft:spruce_trapdoor":4,"minecraft:charcoal":3,"minecraft:stick":20,"minecraft:stone_sword":1,"minecraft:white_bed":3,"minecraft:torch":24},"minecraft:custom":{"minecraft:interact_with_smithing_table":2,"minecraft:interact_with_anvil":1,"minecraft:mob_kills":5,"minecraft:inspect_hopper":1,"minecraft:interact_with_crafting_table":22,"minecraft:open_barrel":17,"minecraft:leave_game":3,"minecraft:time_since_death":23866,"minecraft:climb_one_cm":4815,"minecraft:damage_resisted":40,"minecraft:sprint_one_cm":197016,"minecraft:walk_one_cm":461580,"minecraft:drop":16,"minecraft:play_time":113912,"minecraft:deaths":3,"minecraft:sneak_time":1110,"minecraft:walk_under_water_one_cm":21339,"minecraft:boat_one_cm":312753,"minecraft:jump":1737,"minecraft:interact_with_brewingstand":2,"minecraft:interact_with_blast_furnace":3,"minecraft:walk_on_water_one_cm":13510,"minecraft:total_world_time":113912,"minecraft:interact_with_furnace":9,"minecraft:play_record":1,"minecraft:interact_with_loom":1,"minecraft:pot_flower":2,"minecraft:sleep_in_bed":7,"minecraft:time_since_rest":23887,"minecraft:open_enderchest":10,"minecraft:damage_taken":2367,"minecraft:minecart_one_cm":636,"minecraft:damage_dealt":432,"minecraft:swim_one_cm":31086,"minecraft:fly_one_cm":429202,"minecraft:open_chest":99,"minecraft:crouch_one_cm":3342,"minecraft:fall_one_cm":45950},"minecraft:killed_by":{"minecraft:enderman":1},"minecraft:picked_up":{"minecraft:charcoal":1,"minecraft:crafting_table":4,"minecraft:ender_chest":1,"minecraft:shield":1,"minecraft:raw_copper":100,"minecraft:iron_shovel":1,"minecraft:oak_sign":8,"minecraft:bucket":1,"minecraft:spruce_planks":1,"minecraft:beef":18,"minecraft:oak_boat":6,"minecraft:player_head":1,"minecraft:birch_sapling":8,"minecraft:spruce_trapdoor":4,"minecraft:egg":32,"minecraft:stick":8,"minecraft:end_stone":70,"minecraft:torch":47,"minecraft:porkchop":9,"minecraft:stone_sword":3,"minecraft:arrow":6,"minecraft:stone_shovel":3,"minecraft:rotten_flesh":1,"minecraft:deepslate_bricks":2,"minecraft:diamond_boots":1,"minecraft:totem_of_undying":1,"minecraft:snowball":108,"minecraft:white_wool":35,"minecraft:cobblestone":360,"minecraft:birch_log":6,"minecraft:golden_carrot":6,"minecraft:water_bucket":4,"minecraft:leather":2,"minecraft:music_disc_stal":1,"minecraft:oak_log":132,"minecraft:dirt":13,"minecraft:glass":5,"minecraft:apple":10,"minecraft:stone_pickaxe":3,"minecraft:cooked_chicken":2,"minecraft:sweet_berries":265,"minecraft:white_bed":3,"minecraft:spruce_log":121,"minecraft:diamond_block":1,"minecraft:spruce_door":4,"minecraft:diamond":2,"minecraft:spruce_boat":12,"minecraft:stone_axe":3,"minecraft:golden_apple":2,"minecraft:baked_potato":52,"minecraft:oak_sapling":12,"minecraft:melon_seeds":1,"minecraft:coal":19}},"DataVersion":2865}