{"stats":{"minecraft:mined":{"minecraft:large_amethyst_bud":3,"minecraft:tuff":30,"minecraft:deepslate_diamond_ore":89,"minecraft:shulker_box":12,"minecraft:obsidian":20,"minecraft:granite":23,"minecraft:budding_amethyst":10,"minecraft:grass_block":5,"minecraft:redstone_wire":5,"minecraft:brown_mushroom_block":1,"minecraft:spruce_leaves":12,"minecraft:oak_wall_sign":1,"minecraft:furnace":1,"minecraft:iron_ore":60,"minecraft:cobbled_deepslate":3,"minecraft:snow":1,"minecraft:andesite":6,"minecraft:stripped_spruce_log":2,"minecraft:deepslate_lapis_ore":20,"minecraft:sculk_shrieker":1,"minecraft:small_amethyst_bud":1,"minecraft:deepslate_iron_ore":78,"minecraft:vine":1,"minecraft:stone":81,"minecraft:bone_block":18,"minecraft:player_head":4,"minecraft:cake":27,"minecraft:spruce_slab":3,"minecraft:deepslate_redstone_ore":8,"minecraft:flowering_azalea":1,"minecraft:player_wall_head":1,"minecraft:snow_block":11,"minecraft:amethyst_cluster":6,"minecraft:spruce_door":7,"minecraft:crafting_table":4,"minecraft:calcite":165,"minecraft:chest":1,"minecraft:nether_quartz_ore":16,"minecraft:copper_ore":3,"minecraft:cobblestone":30,"minecraft:deepslate_gold_ore":10,"minecraft:lapis_ore":5,"minecraft:diorite":16,"minecraft:amethyst_block":72,"minecraft:spruce_stairs":4,"minecraft:white_terracotta":1,"minecraft:purple_bed":4,"minecraft:spruce_log":46,"minecraft:grass":1,"minecraft:coal_ore":37,"minecraft:gravel":10,"minecraft:dirt":12,"minecraft:smooth_basalt":38,"minecraft:blue_shulker_box":3,"minecraft:netherrack":450,"minecraft:oak_leaves":2,"minecraft:deepslate":268},"minecraft:picked_up":{"minecraft:crafting_table":4,"minecraft:wheat":3,"minecraft:packed_ice":1,"minecraft:amethyst_block":70,"minecraft:string":1,"minecraft:raw_copper":13,"minecraft:iron_leggings":1,"minecraft:oak_sign":1,"minecraft:cobbled_deepslate":260,"minecraft:netherite_sword":2,"minecraft:spruce_planks":3,"minecraft:music_disc_otherside":1,"minecraft:calcite":165,"minecraft:written_book":1,"minecraft:oak_boat":7,"minecraft:player_head":9,"minecraft:poppy":3,"minecraft:spruce_slab":4,"minecraft:blue_shulker_box":3,"minecraft:chest":18,"minecraft:furnace":1,"minecraft:golden_helmet":1,"minecraft:raw_iron":252,"minecraft:spruce_stairs":5,"minecraft:diorite":13,"minecraft:trident":2,"minecraft:carrot":1,"minecraft:redstone":42,"minecraft:rotten_flesh":21,"minecraft:arrow":10,"minecraft:totem_of_undying":3,"minecraft:white_terracotta":1,"minecraft:obsidian":20,"minecraft:snowball":45,"minecraft:rail":2,"minecraft:bone_block":14,"minecraft:cobblestone":119,"minecraft:golden_carrot":133,"minecraft:iron_door":1,"minecraft:glow_ink_sac":3,"minecraft:andesite":6,"minecraft:potato":1,"minecraft:flint":1,"minecraft:tuff":29,"minecraft:gunpowder":3,"minecraft:acacia_boat":1,"minecraft:dirt":43,"minecraft:lapis_lazuli":330,"minecraft:bone":14,"minecraft:wheat_seeds":9,"minecraft:orange_tulip":20,"minecraft:raw_gold":10,"minecraft:flowering_azalea":1,"minecraft:smooth_basalt":33,"minecraft:cooked_porkchop":47,"minecraft:sweet_berries":8,"minecraft:quartz":6,"minecraft:dripstone_block":5,"minecraft:amethyst_shard":22,"minecraft:stripped_spruce_log":3,"minecraft:spruce_log":48,"minecraft:spider_eye":1,"minecraft:spruce_door":7,"minecraft:shulker_box":10,"minecraft:purple_bed":4,"minecraft:diamond":186,"minecraft:spruce_boat":25,"minecraft:chainmail_leggings":2,"minecraft:granite":20,"minecraft:baked_potato":46,"minecraft:netherrack":361,"minecraft:coal":80},"minecraft:dropped":{"minecraft:baked_potato":42,"minecraft:cobblestone":25,"minecraft:orange_tulip":20,"minecraft:glow_berries":1,"minecraft:rail":2,"minecraft:coal":7,"minecraft:stick":1,"minecraft:diorite":7,"minecraft:golden_carrot":15,"minecraft:iron_leggings":1,"minecraft:bone":4,"minecraft:player_head":6,"minecraft:cobbled_deepslate":1,"minecraft:netherite_sword":2,"minecraft:rotten_flesh":8,"minecraft:shulker_box":1,"minecraft:totem_of_undying":2,"minecraft:potato":1,"minecraft:spruce_boat":1,"minecraft:trident":2,"minecraft:spruce_planks":6,"minecraft:coal_ore":3,"minecraft:chest":17,"minecraft:spider_eye":1,"minecraft:spruce_log":1,"minecraft:spruce_slab":1,"minecraft:netherrack":282},"minecraft:killed":{"minecraft:zombified_piglin":61,"minecraft:witch":1,"minecraft:spider":8,"minecraft:skeleton":13,"minecraft:creeper":3,"minecraft:zombie":14,"minecraft:glow_squid":1},"minecraft:broken":{"minecraft:golden_helmet":1,"minecraft:stone_axe":1},"minecraft:custom":{"minecraft:mob_kills":101,"minecraft:inspect_hopper":3,"minecraft:interact_with_crafting_table":20,"minecraft:open_barrel":110,"minecraft:open_shulker_box":97,"minecraft:eat_cake_slice":7,"minecraft:leave_game":27,"minecraft:time_since_death":5054,"minecraft:climb_one_cm":39635,"minecraft:damage_resisted":68,"minecraft:sprint_one_cm":1994929,"minecraft:walk_one_cm":599553,"minecraft:damage_blocked_by_shield":490,"minecraft:drop":49,"minecraft:talked_to_villager":14,"minecraft:play_time":548249,"minecraft:deaths":11,"minecraft:sneak_time":19511,"minecraft:walk_under_water_one_cm":97380,"minecraft:boat_one_cm":1163385,"minecraft:interact_with_lectern":30,"minecraft:jump":12142,"minecraft:walk_on_water_one_cm":59135,"minecraft:total_world_time":548249,"minecraft:interact_with_furnace":23,"minecraft:play_record":1,"minecraft:tune_noteblock":1,"minecraft:sleep_in_bed":2,"minecraft:time_since_rest":5072,"minecraft:open_enderchest":30,"minecraft:damage_taken":10509,"minecraft:damage_dealt":9704,"minecraft:interact_with_beacon":1,"minecraft:swim_one_cm":253172,"minecraft:fly_one_cm":3023736,"minecraft:open_chest":219,"minecraft:crouch_one_cm":51882,"minecraft:aviate_one_cm":7910114,"minecraft:fall_one_cm":410458},"minecraft:crafted":{"minecraft:spyglass":1,"minecraft:furnace":1,"minecraft:blue_shulker_box":1,"minecraft:shulker_box":3,"minecraft:flint_and_steel":1,"minecraft:iron_boots":1,"minecraft:stone_pickaxe":1,"minecraft:spruce_boat":2,"minecraft:wooden_shovel":1,"minecraft:crafting_table":2,"minecraft:spruce_planks":72,"minecraft:baked_potato":30,"minecraft:iron_helmet":1,"minecraft:spruce_door":6,"minecraft:stone_axe":1,"minecraft:bread":1,"minecraft:air":0,"minecraft:blue_dye":1,"minecraft:iron_chestplate":1,"minecraft:diamond_pickaxe":1,"minecraft:shield":1,"minecraft:stick":24,"minecraft:iron_ingot":26,"minecraft:iron_leggings":1,"minecraft:torch":64,"minecraft:sponge":18},"minecraft:killed_by":{"minecraft:player":1,"minecraft:creeper":1,"minecraft:warden":1,"minecraft:skeleton":1},"minecraft:used":{"minecraft:trident":1,"minecraft:netherite_sword":21,"minecraft:writable_book":5,"minecraft:music_disc_otherside":1,"minecraft:flint_and_steel":1,"minecraft:spruce_slab":3,"minecraft:redstone":5,"minecraft:poppy":3,"minecraft:shield":11,"minecraft:white_terracotta":1,"minecraft:wooden_shovel":12,"minecraft:netherrack":15,"minecraft:player_head":1,"minecraft:stone_hoe":2,"minecraft:rotten_flesh":6,"minecraft:iron_chestplate":2,"minecraft:torch":2,"minecraft:dirt":32,"minecraft:spyglass":17,"minecraft:spruce_stairs":5,"minecraft:tuff":2,"minecraft:shulker_box":6,"minecraft:snowball":21,"minecraft:granite":13,"minecraft:stripped_spruce_log":2,"minecraft:obsidian":10,"minecraft:spruce_boat":24,"minecraft:packed_ice":1,"minecraft:flowering_azalea":1,"minecraft:totem_of_undying":2,"minecraft:golden_sword":5,"minecraft:golden_carrot":48,"minecraft:written_book":5,"minecraft:sweet_berries":8,"minecraft:blue_shulker_box":3,"minecraft:furnace":1,"minecraft:cooked_beef":11,"minecraft:potato":2,"minecraft:cobbled_deepslate":39,"minecraft:wheat_seeds":2,"minecraft:acacia_boat":1,"minecraft:diamond_boots":1,"minecraft:spruce_door":7,"minecraft:stone_pickaxe":5,"minecraft:baked_potato":9,"minecraft:spruce_sign":1,"minecraft:diamond_axe":56,"minecraft:glow_berries":2,"minecraft:crafting_table":4,"minecraft:dripstone_block":5,"minecraft:spruce_log":9,"minecraft:amethyst_cluster":1,"minecraft:diamond_pickaxe":1599,"minecraft:firework_rocket":150,"minecraft:bread":1,"minecraft:string":1,"minecraft:iron_door":1,"minecraft:deepslate":1,"minecraft:golden_helmet":1,"minecraft:stone_axe":80,"minecraft:cobblestone":237,"minecraft:purple_bed":2,"minecraft:cooked_porkchop":37,"minecraft:oak_boat":8,"minecraft:chainmail_leggings":1}},"DataVersion":3105}