{"stats":{"minecraft:mined":{"minecraft:dark_oak_planks":8,"minecraft:dark_prismarine_stairs":4,"minecraft:white_bed":13,"minecraft:pink_bed":10,"minecraft:jungle_leaves":3,"minecraft:obsidian":1481,"minecraft:carved_pumpkin":3,"minecraft:granite":402,"minecraft:stone_brick_wall":3,"minecraft:jungle_log":21,"minecraft:pink_stained_glass":1,"minecraft:coal_block":13,"minecraft:deepslate_bricks":2,"minecraft:blue_wool":191,"minecraft:green_concrete":200,"minecraft:oak_wall_sign":4,"minecraft:tall_seagrass":1,"minecraft:cobbled_deepslate":57,"minecraft:barrel":7,"minecraft:fire":150,"minecraft:cyan_wall_banner":4,"minecraft:moss_carpet":58,"minecraft:pumpkin":70,"minecraft:deepslate_lapis_ore":1,"minecraft:cave_vines":8,"minecraft:oak_sign":1,"minecraft:dirt_path":221,"minecraft:quartz_slab":3,"minecraft:spruce_pressure_plate":2,"minecraft:deepslate_brick_stairs":3,"minecraft:white_banner":4,"minecraft:iron_block":96,"minecraft:player_head":9,"minecraft:orange_bed":11,"minecraft:tripwire":20,"minecraft:brown_mushroom":131,"minecraft:magenta_carpet":1,"minecraft:red_bed":11,"minecraft:player_wall_head":14,"minecraft:kelp_plant":1,"minecraft:crimson_nylium":3,"minecraft:smoker":3,"minecraft:powder_snow":3,"minecraft:torch":42,"minecraft:dark_oak_wood":23,"minecraft:oxidized_copper":7,"minecraft:melon":9,"minecraft:white_stained_glass_pane":4,"minecraft:spruce_wall_sign":6,"minecraft:smooth_quartz_slab":48,"minecraft:glass":506,"minecraft:cyan_bed":12,"minecraft:lime_shulker_box":8,"minecraft:sugar_cane":48,"minecraft:spruce_sign":8,"minecraft:chain":19,"minecraft:cyan_wool":24,"minecraft:black_concrete_powder":1,"minecraft:tinted_glass":15,"minecraft:wheat":12,"minecraft:magenta_bed":12,"minecraft:jukebox":1,"minecraft:black_bed":11,"minecraft:copper_block":2,"minecraft:prismarine_brick_stairs":7,"minecraft:grass":188,"minecraft:smooth_quartz":57,"minecraft:red_mushroom_block":555,"minecraft:stonecutter":4,"minecraft:deepslate":855,"minecraft:purple_glazed_terracotta":4,"minecraft:dark_prismarine":20,"minecraft:deepslate_tiles":47,"minecraft:light_blue_wool":300,"minecraft:mossy_cobblestone":1,"minecraft:dark_oak_log":452,"minecraft:potted_flowering_azalea_bush":1,"minecraft:sea_lantern":76,"minecraft:end_stone":3409,"minecraft:shulker_box":112,"minecraft:cobbled_deepslate_slab":2,"minecraft:spruce_fence":8,"minecraft:jungle_planks":2,"minecraft:lime_wool":23,"minecraft:kelp":2,"minecraft:red_mushroom":6,"minecraft:cartography_table":1,"minecraft:pink_wool":23,"minecraft:moss_block":672,"minecraft:white_concrete_powder":21,"minecraft:snow":2869,"minecraft:andesite":699,"minecraft:green_terracotta":3,"minecraft:big_dripleaf_stem":4,"minecraft:potatoes":3,"minecraft:vine":70,"minecraft:rail":24,"minecraft:bamboo_sapling":2,"minecraft:bamboo":49,"minecraft:green_wool":25,"minecraft:ender_chest":25,"minecraft:white_wool":87,"minecraft:soul_sand":2,"minecraft:stone_brick_slab":2,"minecraft:dandelion":1,"minecraft:jungle_sign":1,"minecraft:cobbled_deepslate_wall":1,"minecraft:spruce_button":1,"minecraft:warped_roots":1,"minecraft:lightning_rod":1,"minecraft:copper_ore":75,"minecraft:tall_grass":19,"minecraft:diorite":1112,"minecraft:big_dripleaf":18,"minecraft:black_stained_glass":7,"minecraft:purple_wool":24,"minecraft:purple_bed":12,"minecraft:light_blue_bed":11,"minecraft:stripped_spruce_wood":1,"minecraft:purple_stained_glass":1,"minecraft:prismarine_brick_slab":1,"minecraft:spruce_log":803,"minecraft:birch_leaves":1,"minecraft:red_wall_banner":4,"minecraft:mycelium":1006,"minecraft:dark_oak_button":1,"minecraft:gravel":2572,"minecraft:cobweb":3,"minecraft:birch_sign":61,"minecraft:stone_bricks":6,"minecraft:gold_ore":8,"minecraft:fern":12,"minecraft:large_amethyst_bud":1,"minecraft:spruce_planks":113,"minecraft:prismarine_wall":5,"minecraft:oak_sapling":24,"minecraft:jungle_slab":7,"minecraft:orange_wool":23,"minecraft:spruce_trapdoor":22,"minecraft:cave_vines_plant":48,"minecraft:grass_block":85,"minecraft:white_concrete":1009,"minecraft:soul_soil":1,"minecraft:raw_iron_block":1,"minecraft:glowstone":97,"minecraft:iron_ore":53,"minecraft:black_carpet":5,"minecraft:anvil":11,"minecraft:dark_oak_stairs":5,"minecraft:flowering_azalea_leaves":2,"minecraft:purple_carpet":2,"minecraft:birch_wall_sign":21,"minecraft:jungle_pressure_plate":1,"minecraft:azalea_leaves":1,"minecraft:azalea":10,"minecraft:end_stone_bricks":95,"minecraft:spruce_slab":15,"minecraft:green_bed":12,"minecraft:deepslate_redstone_ore":1,"minecraft:quartz_block":1,"minecraft:blackstone":14,"minecraft:exposed_copper":1,"minecraft:polished_deepslate_stairs":10,"minecraft:medium_amethyst_bud":1,"minecraft:soul_lantern":3,"minecraft:clay":568,"minecraft:calcite":87,"minecraft:poppy":1,"minecraft:beacon":2,"minecraft:chest":28,"minecraft:mushroom_stem":127,"minecraft:nether_quartz_ore":319,"minecraft:cobblestone":323,"minecraft:grindstone":1,"minecraft:prismarine":165,"minecraft:oak_planks":1,"minecraft:wall_torch":21,"minecraft:birch_trapdoor":1,"minecraft:birch_log":13,"minecraft:blue_ice":79,"minecraft:yellow_wool":23,"minecraft:cracked_deepslate_tiles":2,"minecraft:oak_log":798,"minecraft:dirt":551,"minecraft:lime_terracotta":3,"minecraft:sand":1827,"minecraft:netherrack":1730,"minecraft:ancient_debris":25,"minecraft:oak_leaves":177,"minecraft:magenta_wool":24,"minecraft:emerald_block":32,"minecraft:nether_gold_ore":12,"minecraft:tuff":12,"minecraft:deepslate_diamond_ore":29,"minecraft:dark_oak_leaves":3,"minecraft:oak_door":13,"minecraft:glow_lichen":9,"minecraft:lever":1,"minecraft:black_banner":5,"minecraft:weathered_copper":1,"minecraft:white_stained_glass":1,"minecraft:brown_mushroom_block":405,"minecraft:birch_slab":25,"minecraft:spruce_leaves":166,"minecraft:rooted_dirt":18,"minecraft:spore_blossom":1,"minecraft:spruce_sapling":5,"minecraft:furnace":43,"minecraft:stripped_spruce_log":2,"minecraft:black_concrete":41,"minecraft:detector_rail":2,"minecraft:peony":1,"minecraft:gold_block":59,"minecraft:bell":11,"minecraft:polished_deepslate":24,"minecraft:bookshelf":8,"minecraft:deepslate_iron_ore":34,"minecraft:lantern":1,"minecraft:oxidized_cut_copper_slab":2,"minecraft:stripped_oak_log":867,"minecraft:packed_ice":1953,"minecraft:stone":8147,"minecraft:birch_pressure_plate":2,"minecraft:podzol":625,"minecraft:scaffolding":472,"minecraft:flowering_azalea":5,"minecraft:red_wool":28,"minecraft:snow_block":243,"minecraft:basalt":2,"minecraft:spruce_door":1,"minecraft:red_banner":5,"minecraft:oak_fence":3,"minecraft:crafting_table":50,"minecraft:blackstone_slab":3,"minecraft:gray_stained_glass":3,"minecraft:rose_bush":10,"minecraft:lectern":2,"minecraft:lapis_ore":18,"minecraft:lily_pad":6,"minecraft:blue_bed":13,"minecraft:spruce_stairs":52,"minecraft:prismarine_bricks":4,"minecraft:cactus":63,"minecraft:gray_wool":23,"minecraft:lime_bed":11,"minecraft:sea_pickle":1,"minecraft:polished_blackstone_stairs":2,"minecraft:sweet_berry_bush":75,"minecraft:black_wall_banner":1,"minecraft:ice":212,"minecraft:gray_bed":11,"minecraft:yellow_bed":11,"minecraft:black_wool":30,"minecraft:coal_ore":178,"minecraft:end_rod":36,"minecraft:flower_pot":1,"minecraft:small_dripleaf":6,"minecraft:jungle_wall_sign":1},"minecraft:dropped":{"minecraft:clay":321,"minecraft:iron_sword":1,"minecraft:lapis_lazuli":47,"minecraft:oak_pressure_plate":2,"minecraft:cooked_beef":7,"minecraft:glow_ink_sac":11,"minecraft:diamond":65,"minecraft:crafting_table":5,"minecraft:crossbow":2,"minecraft:glow_berries":2,"minecraft:elytra":3,"minecraft:leather_helmet":6,"minecraft:red_mushroom":21,"minecraft:emerald":1,"minecraft:dirt":23,"minecraft:melon":1,"minecraft:birch_fence":1,"minecraft:netherite_boots":4,"minecraft:writable_book":8,"minecraft:gold_nugget":41,"minecraft:bone_meal":1,"minecraft:sunflower":1,"minecraft:phantom_membrane":20,"minecraft:iron_pickaxe":1,"minecraft:dark_oak_planks":1,"minecraft:white_wool":971,"minecraft:tropical_fish_bucket":3,"minecraft:bone":294,"minecraft:ancient_debris":8,"minecraft:polished_andesite_slab":2,"minecraft:golden_chestplate":1,"minecraft:cobbled_deepslate":19,"minecraft:wheat":2,"minecraft:netherite_sword":3,"minecraft:obsidian":5,"minecraft:blue_wool":1,"minecraft:rotten_flesh":18,"minecraft:oak_planks":19,"minecraft:netherite_shovel":1,"minecraft:end_stone":226,"minecraft:white_bed":68,"minecraft:deepslate_tiles":3,"minecraft:coal_ore":6,"minecraft:quartz_block":128,"minecraft:jungle_log":20,"minecraft:leather_boots":1,"minecraft:leather_leggings":7,"minecraft:beef":5,"minecraft:egg":2,"minecraft:enchanted_book":1,"minecraft:golden_boots":7,"minecraft:iron_ingot":32,"minecraft:netherite_pickaxe":4,"minecraft:black_dye":124,"minecraft:wheat_seeds":2,"minecraft:cobbled_deepslate_stairs":163,"minecraft:tnt":19,"minecraft:netherite_chestplate":4,"minecraft:netherite_helmet":3,"minecraft:oak_fence":1,"minecraft:iron_helmet":4,"minecraft:cobblestone":588,"minecraft:book":15,"minecraft:apple":12,"minecraft:spruce_door":1,"minecraft:coal":50,"minecraft:coal_block":29,"minecraft:mushroom_stew":8,"minecraft:golden_carrot":158,"minecraft:wooden_axe":1,"minecraft:diamond_helmet":2,"minecraft:white_banner":4,"minecraft:chipped_anvil":2,"minecraft:iron_shovel":1,"minecraft:chainmail_leggings":1,"minecraft:paper":7,"minecraft:string":341,"minecraft:polished_deepslate_wall":1,"minecraft:magenta_shulker_box":1,"minecraft:spruce_sapling":57,"minecraft:snow_block":1,"minecraft:furnace":14,"minecraft:moss_carpet":3,"minecraft:player_head":105,"minecraft:netherite_ingot":3,"minecraft:cobblestone_wall":1,"minecraft:bowl":1,"minecraft:red_banner":3,"minecraft:white_carpet":78,"minecraft:clay_ball":20,"minecraft:iron_boots":1,"minecraft:blue_concrete":1,"minecraft:spruce_fence":6,"minecraft:polished_deepslate_stairs":2,"minecraft:shears":1,"minecraft:pumpkin_seeds":15,"minecraft:suspicious_stew":1,"minecraft:diamond_sword":2,"minecraft:cobblestone_slab":6,"minecraft:spruce_boat":3,"minecraft:stone":65,"minecraft:peony":2,"minecraft:spruce_trapdoor":2,"minecraft:spruce_planks":288,"minecraft:diamond_pickaxe":7,"minecraft:redstone_torch":1,"minecraft:barrel":2,"minecraft:bow":80,"minecraft:bell":3,"minecraft:black_wool":1,"minecraft:blue_shulker_box":1,"minecraft:spruce_sign":41,"minecraft:brown_mushroom":94,"minecraft:moss_block":5,"minecraft:diamond_axe":4,"minecraft:baked_potato":179,"minecraft:ender_pearl":2,"minecraft:leather":5,"minecraft:black_banner":6,"minecraft:flint":3,"minecraft:dark_oak_log":22,"minecraft:packed_ice":640,"minecraft:ice":3,"minecraft:cooked_cod":57,"minecraft:gold_ingot":9,"minecraft:gravel":13,"minecraft:blackstone":5,"minecraft:spyglass":1,"minecraft:diamond_shovel":2,"minecraft:stone_stairs":1,"minecraft:mycelium":17,"minecraft:chainmail_chestplate":3,"minecraft:poppy":8,"minecraft:leather_chestplate":7,"minecraft:trident":8,"minecraft:gunpowder":197,"minecraft:cyan_banner":4,"minecraft:skeleton_skull":1,"minecraft:chainmail_boots":3,"minecraft:arrow":257,"minecraft:quartz":4,"minecraft:oak_leaves":4,"minecraft:written_book":11,"minecraft:netherrack":679,"minecraft:water_bucket":2,"minecraft:bread":6,"minecraft:golden_helmet":2,"minecraft:deepslate_iron_ore":2,"minecraft:mossy_cobblestone":1,"minecraft:diamond_leggings":3,"minecraft:poisonous_potato":2,"minecraft:netherite_axe":6,"minecraft:amethyst_block":64,"minecraft:tropical_fish":15,"minecraft:spruce_stairs":6,"minecraft:grass_block":1,"minecraft:stick":6,"minecraft:diorite":58,"minecraft:torch":10,"minecraft:fire_charge":2,"minecraft:iron_leggings":3,"minecraft:flowering_azalea":2,"minecraft:bucket":1,"minecraft:redstone":12,"minecraft:sweet_berries":11,"minecraft:ender_chest":7,"minecraft:raw_copper":103,"minecraft:lime_concrete":1,"minecraft:tuff":98,"minecraft:raw_iron":36,"minecraft:birch_pressure_plate":2,"minecraft:iron_hoe":1,"minecraft:totem_of_undying":1,"minecraft:shulker_box":1,"minecraft:netherite_leggings":4,"minecraft:shield":2,"minecraft:black_concrete_powder":547,"minecraft:diamond_chestplate":3,"minecraft:iron_chestplate":3,"minecraft:andesite":9,"minecraft:cake":1,"minecraft:pink_wool":64,"minecraft:blue_ice":36,"minecraft:golden_leggings":5,"minecraft:oak_boat":3,"minecraft:spruce_log":106,"minecraft:birch_sign":1,"minecraft:diamond_boots":3,"minecraft:slime_ball":4,"minecraft:purple_shulker_box":1,"minecraft:stone_pickaxe":2,"minecraft:raw_gold":20,"minecraft:nether_quartz_ore":20,"minecraft:white_stained_glass":1,"minecraft:brick":5},"minecraft:killed_by":{"minecraft:zombie":1,"minecraft:cave_spider":1,"minecraft:player":2},"minecraft:killed":{"minecraft:cave_spider":1248,"minecraft:skeleton":2232,"minecraft:guardian":47,"minecraft:chicken":1,"minecraft:skeleton_horse":1,"minecraft:tropical_fish":1,"minecraft:cat":1,"minecraft:magma_cube":4,"minecraft:zombie":23,"minecraft:glow_squid":14,"minecraft:cow":4,"minecraft:snow_golem":1,"minecraft:enderman":1,"minecraft:zombified_piglin":3,"minecraft:spider":2,"minecraft:wither":1,"minecraft:axolotl":1,"minecraft:silverfish":3,"minecraft:piglin":3,"minecraft:creeper":5,"minecraft:sheep":4,"minecraft:mooshroom":3,"minecraft:blaze":3,"minecraft:slime":13,"minecraft:phantom":7,"minecraft:drowned":3,"minecraft:squid":42,"minecraft:wither_skeleton":1},"minecraft:broken":{"minecraft:diamond_helmet":1,"minecraft:iron_boots":1,"minecraft:iron_sword":1,"minecraft:wooden_pickaxe":1,"minecraft:iron_axe":6,"minecraft:iron_pickaxe":2,"minecraft:iron_shovel":2,"minecraft:stone_pickaxe":2,"minecraft:diamond_boots":1,"minecraft:stone_axe":1,"minecraft:wooden_axe":1,"minecraft:stone_shovel":2},"minecraft:picked_up":{"minecraft:iron_chestplate":4,"minecraft:chainmail_boots":3,"minecraft:anvil":14,"minecraft:flower_pot":2,"minecraft:prismarine_shard":174,"minecraft:magenta_carpet":1,"minecraft:lead":7,"minecraft:stone_slab":5,"minecraft:diamond_sword":2,"minecraft:enchanted_book":8,"minecraft:purple_shulker_box":1,"minecraft:blue_concrete":1,"minecraft:polished_deepslate_wall":1,"minecraft:polished_deepslate":24,"minecraft:music_disc_cat":1,"minecraft:string":515,"minecraft:soul_soil":1,"minecraft:pufferfish":1,"minecraft:diamond_leggings":5,"minecraft:gold_nugget":67,"minecraft:cobbled_deepslate":1116,"minecraft:spruce_planks":341,"minecraft:written_book":36,"minecraft:azalea_leaves":91,"minecraft:melon_slice":44,"minecraft:coal_block":42,"minecraft:golden_helmet":2,"minecraft:spruce_pressure_plate":4,"minecraft:polished_blackstone_stairs":2,"minecraft:jukebox":1,"minecraft:big_dripleaf":41,"minecraft:lightning_rod":1,"minecraft:end_crystal":1,"minecraft:golden_chestplate":1,"minecraft:green_terracotta":3,"minecraft:black_dye":124,"minecraft:light_blue_wool":410,"minecraft:tropical_fish":24,"minecraft:iron_block":91,"minecraft:red_tulip":32,"minecraft:carved_pumpkin":6,"minecraft:glowstone":9,"minecraft:end_rod":36,"minecraft:netherite_chestplate":4,"minecraft:blaze_rod":1,"minecraft:snowball":2858,"minecraft:birch_log":13,"minecraft:magma_block":19,"minecraft:cooked_beef":51,"minecraft:feather":3,"minecraft:oxidized_copper":7,"minecraft:water_bucket":5,"minecraft:iron_door":3,"minecraft:birch_slab":25,"minecraft:jungle_log":22,"minecraft:brown_wool":10,"minecraft:dark_oak_boat":44,"minecraft:copper_block":5,"minecraft:powder_snow_bucket":2,"minecraft:smoker":4,"minecraft:flint":88,"minecraft:stripped_spruce_wood":1,"minecraft:magenta_bed":12,"minecraft:purple_stained_glass":1,"minecraft:netherite_leggings":6,"minecraft:map":1,"minecraft:lantern":14,"minecraft:purple_carpet":2,"minecraft:chipped_anvil":3,"minecraft:stonecutter":4,"minecraft:dark_oak_sign":2,"minecraft:diamond_helmet":3,"minecraft:glowstone_dust":221,"minecraft:moss_block":686,"minecraft:glow_lichen":6,"minecraft:lime_terracotta":3,"minecraft:stripped_spruce_log":3,"minecraft:ink_sac":90,"minecraft:brown_mushroom_block":1,"minecraft:dark_oak_log":466,"minecraft:barrel":11,"minecraft:black_concrete_powder":1,"minecraft:green_concrete":200,"minecraft:deepslate":106,"minecraft:lever":2,"minecraft:writable_book":20,"minecraft:blue_ice":225,"minecraft:granite":420,"minecraft:spruce_button":1,"minecraft:rooted_dirt":18,"minecraft:diamond_pickaxe":11,"minecraft:crafting_table":67,"minecraft:bee_nest":1,"minecraft:purple_wool":24,"minecraft:clay_ball":360,"minecraft:leather_leggings":2,"minecraft:cornflower":1,"minecraft:elytra":6,"minecraft:snow":75,"minecraft:white_carpet":39,"minecraft:white_stained_glass":1,"minecraft:iron_shovel":1,"minecraft:polished_blackstone_wall":1,"minecraft:cartography_table":1,"minecraft:netherite_sword":3,"minecraft:music_disc_otherside":13,"minecraft:beef":13,"minecraft:cyan_wool":27,"minecraft:jungle_sapling":1,"minecraft:poppy":1,"minecraft:spruce_slab":20,"minecraft:minecart":1,"minecraft:chest":27,"minecraft:birch_sapling":3,"minecraft:copper_ore":25,"minecraft:egg":9,"minecraft:lime_shulker_box":8,"minecraft:black_stained_glass":7,"minecraft:stone":1400,"minecraft:oak_door":18,"minecraft:glow_item_frame":6,"minecraft:spruce_fence":11,"minecraft:cake":1,"minecraft:mushroom_stem":104,"minecraft:redstone":17,"minecraft:netherite_pickaxe":10,"minecraft:prismarine_crystals":6,"minecraft:jungle_sign":2,"minecraft:stone_shovel":1,"minecraft:diamond_chestplate":6,"minecraft:cooked_cod":61,"minecraft:peony":2,"minecraft:deepslate_bricks":2,"minecraft:diamond_boots":6,"minecraft:gold_ingot":12,"minecraft:totem_of_undying":4,"minecraft:glow_berries":55,"minecraft:mutton":5,"minecraft:white_wool":986,"minecraft:rail":34,"minecraft:stripped_oak_log":1081,"minecraft:red_mushroom_block":247,"minecraft:blackstone_slab":7,"minecraft:red_mushroom":120,"minecraft:filled_map":1,"minecraft:oak_log":916,"minecraft:lily_pad":6,"minecraft:ancient_debris":58,"minecraft:golden_boots":3,"minecraft:blue_bed":2,"minecraft:paper":6,"minecraft:white_banner":4,"minecraft:birch_pressure_plate":9,"minecraft:apple":63,"minecraft:stone_bricks":6,"minecraft:kelp":33,"minecraft:spore_blossom":2,"minecraft:stone_pickaxe":2,"minecraft:iron_ore":4,"minecraft:cobweb":10,"minecraft:glass_bottle":1,"minecraft:gray_bed":9,"minecraft:iron_sword":1,"minecraft:flowering_azalea":17,"minecraft:dark_oak_stairs":5,"minecraft:prismarine_brick_stairs":7,"minecraft:smooth_basalt":1,"minecraft:white_stained_glass_pane":2,"minecraft:sweet_berries":95,"minecraft:red_wool":31,"minecraft:lime_concrete":1,"minecraft:spyglass":6,"minecraft:weathered_copper":1,"minecraft:gravel":2743,"minecraft:spruce_sapling":181,"minecraft:spruce_log":1160,"minecraft:sea_lantern":133,"minecraft:leather_helmet":6,"minecraft:diamond_shovel":4,"minecraft:coal_ore":34,"minecraft:slime_ball":14,"minecraft:purple_glazed_terracotta":4,"minecraft:stone_axe":1,"minecraft:diamond_axe":4,"minecraft:birch_sign":82,"minecraft:gray_wool":23,"minecraft:warped_roots":1,"minecraft:baked_potato":205,"minecraft:smooth_quartz_slab":48,"minecraft:ender_pearl":10,"minecraft:shulker_shell":2,"minecraft:black_carpet":5,"minecraft:wheat":15,"minecraft:exposed_copper":1,"minecraft:ender_chest":32,"minecraft:yellow_wool":23,"minecraft:potion":1,"minecraft:lapis_block":64,"minecraft:raw_copper":589,"minecraft:iron_leggings":4,"minecraft:armor_stand":2,"minecraft:netherite_ingot":3,"minecraft:oak_sign":12,"minecraft:sea_pickle":7,"minecraft:deepslate_tiles":50,"minecraft:smooth_stone":1,"minecraft:bucket":2,"minecraft:white_tulip":32,"minecraft:rose_bush":73,"minecraft:cobblestone_slab":6,"minecraft:calcite":84,"minecraft:azalea":15,"minecraft:iron_pickaxe":2,"minecraft:smooth_quartz":57,"minecraft:deepslate_iron_ore":2,"minecraft:iron_boots":1,"minecraft:furnace":57,"minecraft:blue_wool":214,"minecraft:stick":338,"minecraft:oak_fence":3,"minecraft:birch_trapdoor":1,"minecraft:polished_deepslate_stairs":12,"minecraft:torch":186,"minecraft:spruce_stairs":52,"minecraft:snow_block":311,"minecraft:netherite_shovel":4,"minecraft:diorite":1219,"minecraft:vine":15,"minecraft:quartz_block":129,"minecraft:cactus":91,"minecraft:rotten_flesh":23,"minecraft:green_wool":25,"minecraft:deepslate_brick_stairs":3,"minecraft:obsidian":1733,"minecraft:cod":3,"minecraft:cobblestone":8441,"minecraft:leather_chestplate":4,"minecraft:jungle_pressure_plate":2,"minecraft:magma_cream":3,"minecraft:andesite":1069,"minecraft:black_bed":8,"minecraft:golden_leggings":5,"minecraft:beacon":2,"minecraft:potato":11,"minecraft:magenta_dye":1,"minecraft:tuff":122,"minecraft:prismarine_bricks":4,"minecraft:lapis_lazuli":328,"minecraft:dirt":2067,"minecraft:name_tag":4,"minecraft:leather_boots":1,"minecraft:glass":526,"minecraft:bone":358,"minecraft:cobbled_deepslate_wall":1,"minecraft:bow":54,"minecraft:wheat_seeds":95,"minecraft:orange_tulip":32,"minecraft:raw_gold":36,"minecraft:bell":12,"minecraft:grindstone":1,"minecraft:netherite_axe":10,"minecraft:bamboo":554,"minecraft:prismarine":165,"minecraft:oak_planks":11,"minecraft:pink_stained_glass":8,"minecraft:music_disc_13":1,"minecraft:axolotl_bucket":4,"minecraft:poisonous_potato":2,"minecraft:oak_pressure_plate":3,"minecraft:gray_stained_glass":3,"minecraft:polished_blackstone_slab":3,"minecraft:jungle_planks":2,"minecraft:sand":2073,"minecraft:melon":1,"minecraft:grass_block":67,"minecraft:diamond_block":2,"minecraft:oxidized_cut_copper_slab":2,"minecraft:jungle_slab":10,"minecraft:orange_wool":26,"minecraft:shulker_box":123,"minecraft:mossy_cobblestone":1,"minecraft:dark_prismarine":20,"minecraft:clay":800,"minecraft:diamond":375,"minecraft:spruce_boat":43,"minecraft:black_concrete":421,"minecraft:netherite_helmet":5,"minecraft:soul_lantern":3,"minecraft:crossbow":2,"minecraft:bone_meal":29,"minecraft:white_concrete":1130,"minecraft:spruce_sign":47,"minecraft:emerald":13,"minecraft:oak_sapling":435,"minecraft:netherrack":3201,"minecraft:oak_leaves":6,"minecraft:nether_star":1,"minecraft:end_stone_bricks":91,"minecraft:fishing_rod":1,"minecraft:azure_bluet":1,"minecraft:splash_potion":1,"minecraft:chicken":1,"minecraft:brown_mushroom":305,"minecraft:packed_ice":5898,"minecraft:wooden_pickaxe":1,"minecraft:pink_wool":87,"minecraft:stone_brick_wall":3,"minecraft:gold_block":59,"minecraft:chain":18,"minecraft:shield":8,"minecraft:brick":6,"minecraft:moss_carpet":95,"minecraft:stone_stairs":1,"minecraft:iron_axe":2,"minecraft:item_frame":11,"minecraft:quartz_slab":4,"minecraft:mycelium":282,"minecraft:magenta_wool":24,"minecraft:blackstone":55,"minecraft:blue_orchid":8,"minecraft:detector_rail":2,"minecraft:dark_prismarine_stairs":15,"minecraft:oak_boat":58,"minecraft:player_head":150,"minecraft:lectern":2,"minecraft:tinted_glass":15,"minecraft:sugar_cane":75,"minecraft:blue_shulker_box":1,"minecraft:spruce_trapdoor":25,"minecraft:phantom_membrane":32,"minecraft:lime_wool":23,"minecraft:dark_oak_sapling":3,"minecraft:raw_iron":180,"minecraft:end_stone":2853,"minecraft:copper_ingot":2,"minecraft:bowl":4,"minecraft:flowering_azalea_leaves":46,"minecraft:cookie":192,"minecraft:magenta_shulker_box":1,"minecraft:trident":10,"minecraft:dark_oak_planks":9,"minecraft:arrow":290,"minecraft:pink_tulip":33,"minecraft:black_banner":6,"minecraft:skeleton_skull":1,"minecraft:cracked_deepslate_tiles":2,"minecraft:netherite_boots":6,"minecraft:jungle_boat":2,"minecraft:basalt":1,"minecraft:dark_oak_button":2,"minecraft:golden_carrot":475,"minecraft:glow_ink_sac":70,"minecraft:leather":13,"minecraft:music_disc_stal":3,"minecraft:ice":216,"minecraft:mushroom_stew":12,"minecraft:chainmail_chestplate":3,"minecraft:cobbled_deepslate_stairs":163,"minecraft:cobblestone_wall":1,"minecraft:gunpowder":286,"minecraft:podzol":67,"minecraft:red_carpet":1,"minecraft:iron_ingot":27,"minecraft:cooked_chicken":3,"minecraft:prismarine_brick_slab":1,"minecraft:polished_andesite_slab":3,"minecraft:soul_sand":34,"minecraft:book":39,"minecraft:tropical_fish_bucket":3,"minecraft:scaffolding":901,"minecraft:pink_bed":9,"minecraft:nether_quartz_ore":40,"minecraft:emerald_block":32,"minecraft:pumpkin":65,"minecraft:stone_brick_slab":2,"minecraft:quartz":547,"minecraft:dandelion":2,"minecraft:raw_iron_block":1,"minecraft:amethyst_shard":2,"minecraft:red_banner":9,"minecraft:white_bed":43,"minecraft:spider_eye":114,"minecraft:spruce_door":2,"minecraft:cyan_banner":4,"minecraft:music_disc_mall":1,"minecraft:pumpkin_seeds":12,"minecraft:white_concrete_powder":213,"minecraft:prismarine_wall":5,"minecraft:chainmail_leggings":1,"minecraft:iron_helmet":4,"minecraft:terracotta":248,"minecraft:black_wool":30,"minecraft:dark_oak_wood":23,"minecraft:coal":724},"minecraft:crafted":{"minecraft:black_dye":257,"minecraft:smooth_stone":9,"minecraft:oxidized_cut_copper_slab":8,"minecraft:oak_sign":3,"minecraft:dark_oak_wood":381,"minecraft:loom":1,"minecraft:diamond_shovel":1,"minecraft:bookshelf":15,"minecraft:cooked_mutton":5,"minecraft:shulker_box":10,"minecraft:deepslate_brick_stairs":9,"minecraft:glass":23,"minecraft:quartz_block":103,"minecraft:diamond_helmet":1,"minecraft:diamond_leggings":2,"minecraft:beacon":1,"minecraft:black_wool":102,"minecraft:flower_pot":2,"minecraft:pink_stained_glass":160,"minecraft:emerald":85,"minecraft:smooth_quartz":85,"minecraft:diamond_axe":3,"minecraft:glow_item_frame":4,"minecraft:jungle_pressure_plate":1,"minecraft:prismarine_bricks":18,"minecraft:clock":1,"minecraft:copper_ingot":67,"minecraft:cracked_deepslate_tiles":96,"minecraft:lime_shulker_box":1,"minecraft:lectern":2,"minecraft:green_terracotta":144,"minecraft:iron_pickaxe":2,"minecraft:iron_block":54,"minecraft:gold_ingot":43,"minecraft:light_gray_dye":2,"minecraft:netherite_ingot":12,"minecraft:jungle_sign":3,"minecraft:golden_carrot":39,"minecraft:prismarine":134,"minecraft:stone_shovel":2,"minecraft:smooth_stone_slab":18,"minecraft:jukebox":1,"minecraft:iron_nugget":72,"minecraft:polished_deepslate_stairs":11,"minecraft:diamond_hoe":1,"minecraft:soul_torch":40,"minecraft:red_banner":8,"minecraft:bone_meal":1239,"minecraft:prismarine_brick_stairs":4,"minecraft:pink_dye":2,"minecraft:white_carpet":39,"minecraft:moss_carpet":57,"minecraft:terracotta":8,"minecraft:netherite_axe":2,"minecraft:diamond":144,"minecraft:spruce_stairs":136,"minecraft:black_concrete_powder":56,"minecraft:spruce_slab":150,"minecraft:stone_pickaxe":2,"minecraft:diamond_boots":1,"minecraft:purple_carpet":96,"minecraft:dark_oak_planks":248,"minecraft:lead":4,"minecraft:coal_block":50,"minecraft:dried_kelp":4,"minecraft:light_blue_wool":278,"minecraft:red_bed":1,"minecraft:blue_bed":1,"minecraft:leather_helmet":2,"minecraft:dark_oak_button":1,"minecraft:glowstone":54,"minecraft:jungle_slab":222,"minecraft:soul_lantern":8,"minecraft:wooden_axe":2,"minecraft:birch_trapdoor":10,"minecraft:writable_book":12,"minecraft:iron_shovel":2,"minecraft:iron_leggings":1,"minecraft:armor_stand":10,"minecraft:white_bed":78,"minecraft:brick":6,"minecraft:oak_planks":120,"minecraft:dark_oak_boat":1,"minecraft:lightning_rod":1,"minecraft:stone":9,"minecraft:spruce_pressure_plate":5,"minecraft:suspicious_stew":1,"minecraft:green_dye":81,"minecraft:iron_boots":2,"minecraft:written_book":8,"minecraft:chest":40,"minecraft:copper_block":7,"minecraft:oak_fence":3,"minecraft:sea_lantern":160,"minecraft:white_banner":5,"minecraft:item_frame":9,"minecraft:cauldron":1,"minecraft:crafting_table":3,"minecraft:spruce_planks":1864,"minecraft:lime_terracotta":112,"minecraft:wooden_pickaxe":1,"minecraft:iron_helmet":2,"minecraft:red_wool":72,"minecraft:birch_planks":100,"minecraft:prismarine_brick_slab":4,"minecraft:tnt":19,"minecraft:spruce_trapdoor":40,"minecraft:yellow_dye":1,"minecraft:purple_dye":10,"minecraft:book":20,"minecraft:iron_chestplate":1,"minecraft:paper":54,"minecraft:diamond_pickaxe":1,"minecraft:charcoal":14,"minecraft:shield":4,"minecraft:stick":82,"minecraft:light_blue_dye":278,"minecraft:iron_ingot":520,"minecraft:snow_block":715,"minecraft:redstone_torch":1,"minecraft:deepslate_bricks":4,"minecraft:shears":2,"minecraft:coarse_dirt":8,"minecraft:oak_door":3,"minecraft:raw_iron":9,"minecraft:leather_boots":2,"minecraft:spruce_button":13,"minecraft:furnace":15,"minecraft:dark_oak_trapdoor":2,"minecraft:jungle_trapdoor":10,"minecraft:gray_dye":2,"minecraft:dark_oak_sign":3,"minecraft:diamond_block":24,"minecraft:end_stone_bricks":1996,"minecraft:scaffolding":60,"minecraft:blue_ice":817,"minecraft:white_concrete_powder":4352,"minecraft:green_concrete_powder":192,"minecraft:iron_axe":6,"minecraft:iron_hoe":1,"minecraft:lime_dye":26,"minecraft:netherite_scrap":50,"minecraft:cooked_beef":8,"minecraft:red_dye":113,"minecraft:purple_stained_glass":72,"minecraft:spruce_sign":9,"minecraft:dark_oak_stairs":12,"minecraft:iron_sword":4,"minecraft:bowl":16,"minecraft:black_banner":13,"minecraft:bucket":28,"minecraft:stone_axe":1,"minecraft:air":0,"minecraft:bread":6,"minecraft:jungle_planks":160,"minecraft:blue_dye":332,"minecraft:black_stained_glass":64,"minecraft:oak_boat":1,"minecraft:white_wool":1532,"minecraft:white_dye":802,"minecraft:black_carpet":96,"minecraft:blue_wool":192,"minecraft:anvil":2,"minecraft:stonecutter":1,"minecraft:green_wool":24,"minecraft:torch":336,"minecraft:clay":90,"minecraft:diamond_chestplate":1},"minecraft:custom":{"minecraft:interact_with_crafting_table":397,"minecraft:open_barrel":724,"minecraft:bell_ring":116,"minecraft:eat_cake_slice":6,"minecraft:leave_game":170,"minecraft:time_since_death":2891307,"minecraft:damage_blocked_by_shield":530,"minecraft:play_time":10418052,"minecraft:deaths":11,"minecraft:jump":123447,"minecraft:enchant_item":15,"minecraft:interact_with_furnace":286,"minecraft:play_record":20,"minecraft:traded_with_villager":111,"minecraft:interact_with_cartography_table":11,"minecraft:sleep_in_bed":50,"minecraft:damage_dealt":166579,"minecraft:interact_with_smoker":11,"minecraft:interact_with_smithing_table":7,"minecraft:inspect_dispenser":4,"minecraft:horse_one_cm":347904,"minecraft:inspect_dropper":23,"minecraft:interact_with_anvil":59,"minecraft:inspect_hopper":31,"minecraft:damage_dealt_absorbed":40,"minecraft:sneak_time":421028,"minecraft:interact_with_lectern":56,"minecraft:interact_with_blast_furnace":53,"minecraft:total_world_time":10418052,"minecraft:interact_with_stonecutter":49,"minecraft:time_since_rest":2614,"minecraft:swim_one_cm":3720633,"minecraft:fly_one_cm":31900572,"minecraft:open_chest":4227,"minecraft:fall_one_cm":3347883,"minecraft:animals_bred":8,"minecraft:open_shulker_box":800,"minecraft:damage_resisted":3441,"minecraft:sprint_one_cm":22027348,"minecraft:drop":1226,"minecraft:play_noteblock":11,"minecraft:talked_to_villager":52,"minecraft:interact_with_brewingstand":14,"minecraft:walk_on_water_one_cm":1122824,"minecraft:interact_with_loom":43,"minecraft:open_enderchest":353,"minecraft:interact_with_beacon":11,"minecraft:player_kills":8,"minecraft:crouch_one_cm":1099780,"minecraft:mob_kills":3862,"minecraft:fill_cauldron":1,"minecraft:climb_one_cm":589169,"minecraft:walk_one_cm":16798202,"minecraft:walk_under_water_one_cm":2831443,"minecraft:boat_one_cm":5996675,"minecraft:pot_flower":10,"minecraft:interact_with_grindstone":6,"minecraft:damage_taken":37423,"minecraft:damage_absorbed":36,"minecraft:minecart_one_cm":1795,"minecraft:aviate_one_cm":25256147},"minecraft:used":{"minecraft:moss_block":289,"minecraft:writable_book":106,"minecraft:smooth_quartz_slab":48,"minecraft:spruce_slab":200,"minecraft:elytra":3,"minecraft:black_carpet":101,"minecraft:chest":47,"minecraft:stone":160,"minecraft:warped_sign":1,"minecraft:soul_sand":3,"minecraft:weathered_copper":1,"minecraft:cracked_deepslate_tiles":97,"minecraft:jungle_slab":161,"minecraft:orange_wool":3,"minecraft:deepslate_brick_slab":23,"minecraft:snowball":15,"minecraft:stripped_spruce_log":3,"minecraft:azure_bluet":1,"minecraft:spruce_boat":35,"minecraft:polished_blackstone_slab":1,"minecraft:jungle_sapling":3,"minecraft:netherite_shovel":7706,"minecraft:packed_ice":5191,"minecraft:lava_bucket":37,"minecraft:red_wool":36,"minecraft:grass_block":2,"minecraft:copper_ore":7,"minecraft:quartz_block":1,"minecraft:netherite_hoe":115,"minecraft:dark_oak_button":3,"minecraft:music_disc_stal":4,"minecraft:dark_oak_boat":44,"minecraft:netherite_boots":3,"minecraft:snow":15,"minecraft:bow":3,"minecraft:sweet_berries":35,"minecraft:furnace":33,"minecraft:oak_sapling":160,"minecraft:egg":7,"minecraft:potato":4,"minecraft:dark_prismarine_stairs":18,"minecraft:powered_rail":1,"minecraft:diorite":90,"minecraft:end_stone_bricks":2078,"minecraft:prismarine":691,"minecraft:blackstone":16,"minecraft:cactus":10,"minecraft:jungle_pressure_plate":3,"minecraft:wooden_pickaxe":59,"minecraft:composter":1,"minecraft:clay":60,"minecraft:cookie":64,"minecraft:smooth_quartz_stairs":1,"minecraft:jungle_boat":1,"minecraft:oak_leaves":2,"minecraft:glow_berries":18,"minecraft:dark_oak_trapdoor":1,"minecraft:golden_apple":1,"minecraft:blue_dye":2,"minecraft:sand":14,"minecraft:blast_furnace":2,"minecraft:blue_ice":1090,"minecraft:netherite_helmet":3,"minecraft:oxidized_cut_copper_slab":10,"minecraft:black_concrete_powder":40,"minecraft:deepslate_brick_stairs":29,"minecraft:lightning_rod":2,"minecraft:deepslate_tiles":151,"minecraft:birch_slab":25,"minecraft:spore_blossom":3,"minecraft:lectern":3,"minecraft:oak_pressure_plate":1,"minecraft:flowering_azalea_leaves":35,"minecraft:polished_andesite_slab":1,"minecraft:soul_lantern":11,"minecraft:coal_block":25,"minecraft:green_concrete_powder":192,"minecraft:pink_stained_glass":5,"minecraft:oak_boat":53,"minecraft:ice":192,"minecraft:gray_stained_glass":3,"minecraft:carved_pumpkin":6,"minecraft:armor_stand":4,"minecraft:mycelium":18,"minecraft:tinted_glass":39,"minecraft:polished_blackstone_wall":1,"minecraft:netherrack":900,"minecraft:torch":208,"minecraft:warped_wart_block":48,"minecraft:anvil":7,"minecraft:nether_quartz_ore":20,"minecraft:glow_lichen":6,"minecraft:jungle_trapdoor":10,"minecraft:flowering_azalea":4,"minecraft:sea_lantern":421,"minecraft:iron_block":104,"minecraft:iron_axe":1510,"minecraft:rooted_dirt":7,"minecraft:spruce_button":14,"minecraft:jungle_log":10,"minecraft:smooth_quartz":57,"minecraft:lime_dye":1,"minecraft:totem_of_undying":1,"minecraft:barrel":11,"minecraft:smooth_basalt":7,"minecraft:bamboo":20,"minecraft:diamond_chestplate":1,"minecraft:tripwire_hook":1,"minecraft:basalt":1,"minecraft:glowstone":60,"minecraft:oxidized_copper":6,"minecraft:podzol":67,"minecraft:cobbled_deepslate":133,"minecraft:calcite":85,"minecraft:wheat_seeds":22,"minecraft:water_bucket":198,"minecraft:prismarine_brick_slab":5,"minecraft:cartography_table":1,"minecraft:red_mushroom_block":100,"minecraft:cauldron":1,"minecraft:glow_ink_sac":6,"minecraft:deepslate_bricks":13,"minecraft:rail":37,"minecraft:lime_terracotta":112,"minecraft:vine":15,"minecraft:red_bed":1,"minecraft:crafting_table":48,"minecraft:green_dye":1,"minecraft:birch_sign":1,"minecraft:spruce_log":684,"minecraft:white_bed":44,"minecraft:music_disc_strad":1,"minecraft:lime_shulker_box":8,"minecraft:mushroom_stem":97,"minecraft:cake":1,"minecraft:deepslate_tile_wall":8,"minecraft:oak_log":694,"minecraft:dark_prismarine":15,"minecraft:diamond_pickaxe":13258,"minecraft:cornflower":1,"minecraft:diamond_shovel":1064,"minecraft:iron_pickaxe":502,"minecraft:spruce_pressure_plate":9,"minecraft:spruce_trapdoor":64,"minecraft:spruce_sapling":34,"minecraft:cobblestone":1250,"minecraft:azalea_leaves":51,"minecraft:potion":1,"minecraft:stripped_oak_log":464,"minecraft:dandelion":1,"minecraft:kelp":32,"minecraft:diamond_leggings":4,"minecraft:brown_mushroom_block":1,"minecraft:jukebox":2,"minecraft:moss_carpet":135,"minecraft:iron_shovel":501,"minecraft:polished_deepslate":24,"minecraft:oak_sign":15,"minecraft:white_concrete_powder":1172,"minecraft:shield":10,"minecraft:iron_sword":888,"minecraft:bell":9,"minecraft:player_head":45,"minecraft:green_terracotta":142,"minecraft:iron_chestplate":3,"minecraft:birch_pressure_plate":7,"minecraft:jungle_planks":2,"minecraft:prismarine_brick_stairs":11,"minecraft:deepslate_tile_slab":40,"minecraft:music_disc_13":1,"minecraft:axolotl_bucket":28,"minecraft:tuff":9,"minecraft:obsidian":34,"minecraft:cyan_wool":3,"minecraft:polished_deepslate_stairs":10,"minecraft:milk_bucket":2,"minecraft:big_dripleaf":8,"minecraft:glass":566,"minecraft:coal_ore":4,"minecraft:quartz_slab":4,"minecraft:lantern":8,"minecraft:green_wool":24,"minecraft:iron_helmet":7,"minecraft:dark_oak_wood":260,"minecraft:stone_bricks":4,"minecraft:item_frame":14,"minecraft:birch_trapdoor":6,"minecraft:red_carpet":1,"minecraft:written_book":61,"minecraft:scaffolding":857,"minecraft:gray_bed":1,"minecraft:gold_block":10,"minecraft:polished_blackstone_stairs":9,"minecraft:dark_oak_stairs":15,"minecraft:diamond_boots":4,"minecraft:end_rod":5,"minecraft:stone_pickaxe":291,"minecraft:dark_oak_sign":4,"minecraft:oak_planks":1,"minecraft:ender_pearl":9,"minecraft:sugar_cane":10,"minecraft:diamond_axe":105,"minecraft:blue_bed":2,"minecraft:white_wool":90,"minecraft:netherite_leggings":3,"minecraft:light_blue_wool":285,"minecraft:loom":1,"minecraft:mushroom_stew":143,"minecraft:black_banner":11,"minecraft:stone_brick_wall":3,"minecraft:black_bed":1,"minecraft:end_stone":159,"minecraft:shears":831,"minecraft:exposed_copper":1,"minecraft:melon_slice":21,"minecraft:bread":7,"minecraft:dark_oak_log":1931,"minecraft:black_concrete":532,"minecraft:firework_rocket":331,"minecraft:string":47,"minecraft:lever":3,"minecraft:green_concrete":196,"minecraft:music_disc_mall":1,"minecraft:deepslate":67,"minecraft:prismarine_wall":17,"minecraft:gravel":36,"minecraft:blackstone_slab":11,"minecraft:jungle_sign":4,"minecraft:grindstone":1,"minecraft:andesite":86,"minecraft:coarse_dirt":6,"minecraft:chain":14,"minecraft:white_concrete":230,"minecraft:warped_button":1,"minecraft:bone_meal":76,"minecraft:cobweb":8,"minecraft:azalea":13,"minecraft:oak_fence":4,"minecraft:netherite_sword":2,"minecraft:trident":681,"minecraft:rose_bush":15,"minecraft:flint_and_steel":54,"minecraft:music_disc_otherside":12,"minecraft:stone_shovel":275,"minecraft:dried_kelp":4,"minecraft:spruce_planks":1042,"minecraft:ender_chest":25,"minecraft:cooked_chicken":3,"minecraft:oak_door":13,"minecraft:dirt":2372,"minecraft:spyglass":61,"minecraft:prismarine_bricks":25,"minecraft:spruce_stairs":215,"minecraft:diamond_helmet":5,"minecraft:shulker_box":131,"minecraft:pink_dye":1,"minecraft:spruce_fence":5,"minecraft:granite":13,"minecraft:dark_oak_planks":189,"minecraft:iron_hoe":4,"minecraft:wooden_axe":94,"minecraft:bookshelf":12,"minecraft:iron_boots":3,"minecraft:light_gray_wool":2,"minecraft:golden_carrot":865,"minecraft:black_stained_glass":71,"minecraft:emerald_block":32,"minecraft:soul_soil":1,"minecraft:deepslate_tile_stairs":2,"minecraft:white_stained_glass_pane":2,"minecraft:minecart":2,"minecraft:netherite_pickaxe":10557,"minecraft:cooked_beef":9,"minecraft:red_dye":1,"minecraft:powder_snow_bucket":8,"minecraft:pumpkin":2,"minecraft:iron_leggings":4,"minecraft:cobbled_deepslate_wall":1,"minecraft:cooked_mutton":5,"minecraft:amethyst_block":43,"minecraft:snow_block":927,"minecraft:glass_bottle":1,"minecraft:blue_wool":190,"minecraft:copper_block":9,"minecraft:brown_mushroom":147,"minecraft:spruce_sign":14,"minecraft:beacon":3,"minecraft:stonecutter":5,"minecraft:warped_roots":1,"minecraft:glow_item_frame":9,"minecraft:music_disc_cat":1,"minecraft:red_mushroom":57,"minecraft:magenta_carpet":1,"minecraft:smoker":3,"minecraft:purple_stained_glass":66,"minecraft:flower_pot":4,"minecraft:black_wool":54,"minecraft:apple":2,"minecraft:map":1,"minecraft:netherite_axe":5959,"minecraft:detector_rail":4,"minecraft:stone_axe":71,"minecraft:end_crystal":1,"minecraft:white_banner":5,"minecraft:red_banner":14,"minecraft:bucket":260,"minecraft:sea_pickle":7,"minecraft:splash_potion":8,"minecraft:purple_carpet":62,"minecraft:smooth_stone":1}},"DataVersion":3120}