{"stats":{"minecraft:killed_by":{"minecraft:zombie":2,"minecraft:drowned":1,"minecraft:creeper":2,"minecraft:cave_spider":1,"minecraft:player":14,"minecraft:phantom":1},"minecraft:broken":{"minecraft:shears":2,"minecraft:iron_leggings":2,"minecraft:fishing_rod":1,"minecraft:iron_pickaxe":1,"minecraft:iron_shovel":3,"minecraft:stone_shovel":1,"minecraft:iron_boots":1,"minecraft:iron_helmet":1},"minecraft:crafted":{"minecraft:lime_stained_glass":3520,"minecraft:black_dye":58,"minecraft:chainmail_helmet":1,"minecraft:oak_sign":12,"minecraft:cactus":8,"minecraft:melon":1,"minecraft:blaze_powder":6,"minecraft:birch_boat":3,"minecraft:diamond_shovel":3,"minecraft:nether_brick":128,"minecraft:shulker_box":139,"minecraft:diamond_helmet":1,"minecraft:beacon":1,"minecraft:dried_kelp_block":1,"minecraft:black_wool":6,"minecraft:lime_concrete_powder":8,"minecraft:bubble_coral_block":8,"minecraft:name_tag":21,"minecraft:white_shulker_box":9,"minecraft:redstone_lamp":3,"minecraft:end_rod":512,"minecraft:soul_campfire":2,"minecraft:jungle_boat":2,"minecraft:glow_item_frame":78,"minecraft:jungle_pressure_plate":2,"minecraft:raw_gold_block":34,"minecraft:smithing_table":6,"minecraft:sticky_piston":4,"minecraft:fletching_table":4,"minecraft:green_stained_glass":448,"minecraft:cartography_table":4,"minecraft:stone_brick_stairs":4,"minecraft:lectern":21,"minecraft:cornflower":12,"minecraft:stone_slab":18,"minecraft:iron_pickaxe":7,"minecraft:netherite_ingot":62,"minecraft:composter":10,"minecraft:polished_blackstone_bricks":204,"minecraft:tube_coral_block":8,"minecraft:cyan_wool":6,"minecraft:jungle_sign":3,"minecraft:golden_carrot":12942,"minecraft:jukebox":2,"minecraft:orange_shulker_box":1,"minecraft:iron_nugget":288,"minecraft:diamond_hoe":2,"minecraft:blue_shulker_box":7,"minecraft:spruce_fence":48,"minecraft:stone_stairs":8,"minecraft:brain_coral_block":8,"minecraft:lantern":132,"minecraft:spruce_stairs":148,"minecraft:light_gray_shulker_box":1,"minecraft:red_shulker_box":1,"minecraft:stone_pickaxe":1,"minecraft:quartz_slab":630,"minecraft:blue_orchid":8,"minecraft:spruce_boat":7,"minecraft:brick_slab":702,"minecraft:lead":35,"minecraft:enchanting_table":3,"minecraft:cyan_bed":3,"minecraft:lily_pad":10,"minecraft:enchanted_book":302,"minecraft:orange_dye":42,"minecraft:oxeye_daisy":12,"minecraft:warped_sign":3,"minecraft:gunpowder":8,"minecraft:fermented_spider_eye":15,"minecraft:birch_trapdoor":4,"minecraft:writable_book":12,"minecraft:iron_shovel":5,"minecraft:armor_stand":10,"minecraft:note_block":9,"minecraft:grindstone":2,"minecraft:cobblestone_slab":1920,"minecraft:barrel":17,"minecraft:polished_granite_slab":701,"minecraft:lightning_rod":3,"minecraft:stone":8,"minecraft:red_sandstone":1,"minecraft:snow":6,"minecraft:warped_planks":8,"minecraft:cake":12,"minecraft:stone_brick_slab":996,"minecraft:bow":25,"minecraft:polished_basalt":68,"minecraft:chest":309,"minecraft:netherite_helmet":1,"minecraft:copper_block":2,"minecraft:jungle_stairs":248,"minecraft:rail":432,"minecraft:blue_concrete_powder":8,"minecraft:bricks":354,"minecraft:birch_button":4,"minecraft:ender_eye":8,"minecraft:stone_bricks":1736,"minecraft:granite_stairs":4,"minecraft:respawn_anchor":4,"minecraft:sea_lantern":683,"minecraft:white_banner":5,"minecraft:dropper":3,"minecraft:arrow":64,"minecraft:iron_helmet":3,"minecraft:brown_dye":2,"minecraft:birch_pressure_plate":133,"minecraft:dispenser":2,"minecraft:apple":92,"minecraft:tnt":2196,"minecraft:spruce_trapdoor":410,"minecraft:yellow_dye":39,"minecraft:purple_dye":40,"minecraft:netherite_block":2,"minecraft:stick":11720,"minecraft:iron_ingot":1605,"minecraft:light_blue_shulker_box":1,"minecraft:pink_tulip":12,"minecraft:dark_oak_fence_gate":5,"minecraft:small_dripleaf":10,"minecraft:nether_brick_slab":24,"minecraft:beehive":1,"minecraft:netherite_sword":1,"minecraft:spruce_button":24,"minecraft:furnace":42,"minecraft:piston":96,"minecraft:raw_copper_block":807,"minecraft:oak_trapdoor":14,"minecraft:flint_and_steel":3,"minecraft:scaffolding":64,"minecraft:cobblestone_wall":18,"minecraft:birch_sign":39,"minecraft:iron_trapdoor":1,"minecraft:purple_shulker_box":2,"minecraft:iron_sword":6,"minecraft:black_banner":1,"minecraft:mangrove_planks":8,"minecraft:jungle_planks":3352,"minecraft:white_dye":55,"minecraft:brown_concrete_powder":16,"minecraft:netherite_shovel":1,"minecraft:black_carpet":2880,"minecraft:blue_wool":3,"minecraft:anvil":9,"minecraft:diorite_slab":6,"minecraft:torch":13180,"minecraft:granite_slab":702,"minecraft:diamond_chestplate":1,"minecraft:ender_chest":4,"minecraft:smooth_stone":459,"minecraft:dark_oak_wood":1608,"minecraft:birch_slab":1326,"minecraft:slime_block":16,"minecraft:loom":2,"minecraft:lever":30,"minecraft:bookshelf":215,"minecraft:iron_bars":48,"minecraft:red_concrete_powder":24,"minecraft:quartz_block":645,"minecraft:glass":4642,"minecraft:repeater":6,"minecraft:diamond_leggings":1,"minecraft:birch_fence_gate":12,"minecraft:polished_blackstone":296,"minecraft:glass_bottle":75,"minecraft:target":4,"minecraft:emerald":24827,"minecraft:cooked_porkchop":7,"minecraft:diamond_axe":1,"minecraft:spruce_door":87,"minecraft:clock":12,"minecraft:copper_ingot":32,"minecraft:hay_block":8,"minecraft:light_gray_bed":1,"minecraft:lime_shulker_box":1,"minecraft:compass":279,"minecraft:iron_block":775,"minecraft:gold_ingot":1943,"minecraft:light_gray_dye":2,"minecraft:spruce_fence_gate":12,"minecraft:birch_stairs":28,"minecraft:yellow_concrete_powder":8,"minecraft:stone_shovel":9,"minecraft:smooth_stone_slab":906,"minecraft:player_head":1895,"minecraft:pufferfish_bucket":8,"minecraft:bone_meal":3303,"minecraft:pink_dye":110,"minecraft:white_carpet":507,"minecraft:diamond":585,"minecraft:netherite_axe":1,"minecraft:dark_oak_fence":8667,"minecraft:ladder":222,"minecraft:spruce_slab":216,"minecraft:diamond_boots":3,"minecraft:cobbled_deepslate_stairs":52,"minecraft:redstone_block":171,"minecraft:dark_oak_planks":16934,"minecraft:wheat":27,"minecraft:coal_block":159,"minecraft:netherite_pickaxe":2,"minecraft:lily_of_the_valley":14,"minecraft:polished_blackstone_brick_slab":60,"minecraft:dried_kelp":9,"minecraft:blue_bed":1,"minecraft:polished_granite":308,"minecraft:glowstone":5,"minecraft:white_stained_glass":8,"minecraft:jungle_slab":2312,"minecraft:golden_apple":54,"minecraft:flint":10,"minecraft:oak_stairs":372,"minecraft:iron_leggings":2,"minecraft:white_bed":507,"minecraft:brick":956,"minecraft:oak_planks":1628,"minecraft:dark_oak_boat":3,"minecraft:cobblestone_stairs":144,"minecraft:flower_banner_pattern":1,"minecraft:suspicious_stew":2,"minecraft:green_dye":46,"minecraft:dark_oak_door":12,"minecraft:hopper":173,"minecraft:iron_boots":4,"minecraft:written_book":8,"minecraft:honeycomb_block":20,"minecraft:raw_iron_block":276,"minecraft:smoker":2,"minecraft:quartz_stairs":36,"minecraft:oak_slab":126,"minecraft:item_frame":100,"minecraft:map":279,"minecraft:crafting_table":38,"minecraft:spruce_planks":5476,"minecraft:wooden_pickaxe":1,"minecraft:baked_potato":112,"minecraft:gold_block":276,"minecraft:hopper_minecart":16,"minecraft:brewing_stand":1,"minecraft:birch_planks":2656,"minecraft:pumpkin_seeds":24,"minecraft:sea_pickle":5,"minecraft:black_shulker_box":2,"minecraft:dark_oak_slab":216,"minecraft:iron_chestplate":3,"minecraft:book":64,"minecraft:paper":28795,"minecraft:charcoal":70,"minecraft:diamond_pickaxe":5,"minecraft:emerald_block":1755,"minecraft:shield":6,"minecraft:birch_fence":24,"minecraft:light_blue_dye":38,"minecraft:stone_sword":2,"minecraft:snow_block":3253,"minecraft:polished_blackstone_brick_stairs":48,"minecraft:redstone_torch":30,"minecraft:sponge":2,"minecraft:shears":8,"minecraft:polished_andesite":8,"minecraft:coarse_dirt":4352,"minecraft:azure_bluet":12,"minecraft:cobbled_deepslate_slab":156,"minecraft:redstone":351,"minecraft:raw_iron":567,"minecraft:coal":2331,"minecraft:stone_button":388,"minecraft:jungle_trapdoor":182,"minecraft:gray_dye":38,"minecraft:dark_oak_sign":12,"minecraft:diamond_block":182,"minecraft:glass_pane":128,"minecraft:polished_deepslate":4,"minecraft:green_concrete_powder":16,"minecraft:iron_axe":6,"minecraft:iron_hoe":7,"minecraft:orange_concrete_powder":16,"minecraft:lime_dye":4,"minecraft:netherite_scrap":175,"minecraft:observer":70,"minecraft:minecart":26,"minecraft:sugar":15,"minecraft:red_dye":12,"minecraft:cyan_concrete_powder":8,"minecraft:crimson_planks":12,"minecraft:diamond_sword":1,"minecraft:cyan_dye":144,"minecraft:spruce_sign":69,"minecraft:dark_oak_stairs":128,"minecraft:pink_concrete_powder":16,"minecraft:powered_rail":192,"minecraft:bell":4,"minecraft:bowl":16,"minecraft:nether_bricks":10,"minecraft:bucket":70,"minecraft:stone_axe":1,"minecraft:lodestone":1,"minecraft:air":0,"minecraft:blue_dye":266,"minecraft:cut_copper":4,"minecraft:oak_boat":2,"minecraft:white_wool":3690,"minecraft:acacia_planks":124,"minecraft:end_crystal":4,"minecraft:purple_concrete_powder":16,"minecraft:clay":23,"minecraft:lapis_block":265,"minecraft:firework_rocket":75712},"minecraft:custom":{"minecraft:interact_with_crafting_table":1761,"minecraft:play_time":60384873,"minecraft:deaths":47,"minecraft:jump":351602,"minecraft:play_record":233,"minecraft:interact_with_cartography_table":21,"minecraft:interact_with_smoker":3,"minecraft:inspect_dispenser":54,"minecraft:horse_one_cm":100190,"minecraft:inspect_dropper":22,"minecraft:interact_with_anvil":206,"minecraft:inspect_hopper":813,"minecraft:tune_noteblock":205,"minecraft:time_since_rest":137784,"minecraft:swim_one_cm":8813646,"minecraft:open_chest":17987,"minecraft:open_shulker_box":9381,"minecraft:damage_resisted":42997,"minecraft:play_noteblock":128,"minecraft:talked_to_villager":3077,"minecraft:interact_with_brewingstand":64,"minecraft:interact_with_beacon":57,"minecraft:raid_win":3,"minecraft:boat_one_cm":11757698,"minecraft:damage_taken":241982,"minecraft:aviate_one_cm":552482590,"minecraft:open_barrel":1939,"minecraft:bell_ring":762,"minecraft:leave_game":595,"minecraft:time_since_death":806682,"minecraft:enchant_item":63,"minecraft:interact_with_furnace":986,"minecraft:traded_with_villager":17417,"minecraft:sleep_in_bed":321,"minecraft:damage_dealt":644011,"minecraft:interact_with_smithing_table":36,"minecraft:sneak_time":1434070,"minecraft:interact_with_lectern":55,"minecraft:interact_with_blast_furnace":1,"minecraft:total_world_time":60384873,"minecraft:interact_with_stonecutter":13,"minecraft:fly_one_cm":102614350,"minecraft:fall_one_cm":15926424,"minecraft:animals_bred":93,"minecraft:sprint_one_cm":72461654,"minecraft:drop":5045,"minecraft:walk_on_water_one_cm":3680909,"minecraft:interact_with_loom":20,"minecraft:open_enderchest":2871,"minecraft:player_kills":68,"minecraft:crouch_one_cm":6543029,"minecraft:mob_kills":16062,"minecraft:climb_one_cm":1116767,"minecraft:walk_one_cm":44567993,"minecraft:walk_under_water_one_cm":10653501,"minecraft:pot_flower":71,"minecraft:interact_with_grindstone":49,"minecraft:damage_absorbed":395,"minecraft:minecart_one_cm":826395,"minecraft:pig_one_cm":416},"minecraft:killed":{"minecraft:guardian":25,"minecraft:tropical_fish":5,"minecraft:skeleton_horse":20,"minecraft:salmon":1,"minecraft:elder_guardian":6,"minecraft:iron_golem":1,"minecraft:pillager":45,"minecraft:goat":1,"minecraft:zombie":643,"minecraft:evoker":11,"minecraft:vindicator":36,"minecraft:snow_golem":3,"minecraft:husk":8,"minecraft:rabbit":1,"minecraft:frog":1,"minecraft:ravager":5,"minecraft:polar_bear":2,"minecraft:zombified_piglin":10,"minecraft:witch":21,"minecraft:spider":136,"minecraft:wither":2,"minecraft:bee":5,"minecraft:axolotl":3,"minecraft:silverfish":2,"minecraft:piglin_brute":29,"minecraft:piglin":92,"minecraft:zombie_villager":11,"minecraft:sheep":1,"minecraft:trader_llama":10,"minecraft:mooshroom":184,"minecraft:ghast":35,"minecraft:vex":30,"minecraft:slime":121,"minecraft:drowned":88,"minecraft:hoglin":5,"minecraft:squid":7,"minecraft:wither_skeleton":61,"minecraft:villager":12,"minecraft:cave_spider":521,"minecraft:pufferfish":5,"minecraft:shulker":208,"minecraft:skeleton":4301,"minecraft:fox":3,"minecraft:chicken":5,"minecraft:cat":6,"minecraft:magma_cube":156,"minecraft:glow_squid":25,"minecraft:cow":1,"minecraft:horse":1,"minecraft:wandering_trader":10,"minecraft:enderman":307,"minecraft:wolf":2,"minecraft:pig":4,"minecraft:strider":1,"minecraft:creeper":242,"minecraft:stray":4,"minecraft:blaze":287,"minecraft:phantom":101,"minecraft:bat":3},"minecraft:used":{"minecraft:moss_block":499,"minecraft:writable_book":223,"minecraft:dispenser":3,"minecraft:black_carpet":3023,"minecraft:stone":2950,"minecraft:warped_sign":3,"minecraft:quartz_stairs":41,"minecraft:soul_sand":80,"minecraft:lily_of_the_valley":15,"minecraft:cut_copper":5,"minecraft:cracked_deepslate_tiles":2,"minecraft:deepslate_brick_slab":6,"minecraft:snowball":72,"minecraft:weeping_vines":11,"minecraft:jungle_sapling":1,"minecraft:spruce_boat":156,"minecraft:packed_ice":1056,"minecraft:lava_bucket":8,"minecraft:music_disc_pigstep":1,"minecraft:red_wool":40,"minecraft:deepslate_copper_ore":30,"minecraft:quartz_block":229,"minecraft:netherite_hoe":295,"minecraft:dark_oak_leaves":2,"minecraft:dark_oak_slab":138,"minecraft:netherite_boots":9,"minecraft:bow":430,"minecraft:cooked_cod":3,"minecraft:oak_sapling":39,"minecraft:damaged_anvil":6,"minecraft:chorus_fruit":12,"minecraft:prismarine":17,"minecraft:blackstone":3,"minecraft:cactus":20,"minecraft:leather_chestplate":1,"minecraft:wooden_pickaxe":13,"minecraft:composter":26,"minecraft:clay":25,"minecraft:jungle_boat":5,"minecraft:golden_apple":11,"minecraft:glow_berries":18,"minecraft:cyan_dye":2,"minecraft:chiseled_quartz_block":4,"minecraft:deepslate_brick_stairs":2,"minecraft:purple_concrete_powder":3,"minecraft:birch_fence":35,"minecraft:red_sandstone":29,"minecraft:birch_slab":1423,"minecraft:deepslate_iron_ore":474,"minecraft:oak_pressure_plate":2,"minecraft:flowering_azalea_leaves":78,"minecraft:nether_wart_block":12,"minecraft:diamond_sword":2653,"minecraft:coal_block":17,"minecraft:exposed_cut_copper":1,"minecraft:smithing_table":4,"minecraft:birch_log":10,"minecraft:oak_boat":134,"minecraft:purple_wool":122,"minecraft:diorite_slab":6,"minecraft:oak_trapdoor":15,"minecraft:polished_blackstone_brick_slab":48,"minecraft:enchanting_table":1,"minecraft:orange_concrete":4,"minecraft:carved_pumpkin":37,"minecraft:armor_stand":8,"minecraft:torch":15465,"minecraft:brewing_stand":1,"minecraft:light_blue_dye":21,"minecraft:nether_quartz_ore":695,"minecraft:yellow_carpet":1,"minecraft:oak_fence_gate":1,"minecraft:sea_lantern":351,"minecraft:chipped_anvil":3,"minecraft:iron_block":1320,"minecraft:muddy_mangrove_roots":1,"minecraft:jungle_log":5,"minecraft:barrel":25,"minecraft:bamboo":9,"minecraft:diamond_chestplate":1,"minecraft:basalt":134,"minecraft:lime_concrete":645,"minecraft:deepslate_emerald_ore":1,"minecraft:calcite":38,"minecraft:wheat_seeds":467,"minecraft:warped_stem":10,"minecraft:light_blue_shulker_box":337,"minecraft:birch_planks":163,"minecraft:lead":6,"minecraft:blue_concrete_powder":9,"minecraft:cauldron":1,"minecraft:glow_ink_sac":50,"minecraft:spruce_fence_gate":10,"minecraft:gold_ore":72,"minecraft:deepslate_bricks":1,"minecraft:diamond_block":8,"minecraft:rail":1353,"minecraft:red_bed":2,"minecraft:sculk_shrieker":6,"minecraft:white_bed":593,"minecraft:spruce_log":713,"minecraft:music_disc_strad":55,"minecraft:mushroom_stem":2,"minecraft:diamond_pickaxe":18736,"minecraft:diamond_shovel":21995,"minecraft:acacia_sign":1,"minecraft:suspicious_stew":14,"minecraft:spruce_pressure_plate":4,"minecraft:spruce_trapdoor":499,"minecraft:spruce_sapling":226,"minecraft:green_carpet":12,"minecraft:potion":33,"minecraft:azalea_leaves":209,"minecraft:cooked_porkchop":7,"minecraft:stripped_oak_log":35,"minecraft:dandelion":2,"minecraft:diamond_leggings":1,"minecraft:green_stained_glass":361,"minecraft:moss_carpet":72,"minecraft:polished_deepslate":1,"minecraft:light_gray_stained_glass_pane":1,"minecraft:melon":5,"minecraft:polished_basalt":98,"minecraft:nether_wart":49,"minecraft:soul_campfire":4,"minecraft:jungle_planks":553,"minecraft:beehive":1,"minecraft:music_disc_13":53,"minecraft:obsidian":101,"minecraft:bricks":32,"minecraft:lantern":8,"minecraft:blue_orchid":3,"minecraft:green_wool":68,"minecraft:warped_nylium":4,"minecraft:item_frame":79,"minecraft:deepslate_diamond_ore":358,"minecraft:birch_button":2,"minecraft:birch_trapdoor":4,"minecraft:written_book":262,"minecraft:blue_shulker_box":159,"minecraft:gold_block":262,"minecraft:pink_concrete_powder":2,"minecraft:dark_oak_sapling":1,"minecraft:ink_sac":1,"minecraft:end_rod":105,"minecraft:diamond_boots":2,"minecraft:stone_pickaxe":72,"minecraft:jungle_fence":1,"minecraft:mangrove_planks":6,"minecraft:oak_planks":1004,"minecraft:sandstone":20,"minecraft:diamond_axe":3333,"minecraft:sugar_cane":143,"minecraft:white_wool":3,"minecraft:netherite_leggings":6,"minecraft:mushroom_stew":136,"minecraft:light_blue_wool":35,"minecraft:yellow_concrete":55,"minecraft:crossbow":50,"minecraft:end_stone":248,"minecraft:deepslate_lapis_ore":84,"minecraft:sticky_piston":4,"minecraft:lever":42,"minecraft:acacia_door":6,"minecraft:dark_oak_log":3244,"minecraft:bread":10,"minecraft:iron_door":4,"minecraft:deepslate":2103,"minecraft:mossy_cobblestone_wall":1,"minecraft:smooth_stone_slab":917,"minecraft:coarse_dirt":4422,"minecraft:bone_meal":28,"minecraft:orange_concrete_powder":4,"minecraft:netherite_sword":6577,"minecraft:rose_bush":4,"minecraft:granite_stairs":5,"minecraft:flint_and_steel":45,"minecraft:redstone":163,"minecraft:ender_chest":419,"minecraft:brown_shulker_box":5,"minecraft:deepslate_gold_ore":598,"minecraft:stripped_birch_wood":7,"minecraft:dirt":8313,"minecraft:prismarine_bricks":1,"minecraft:spruce_fence":82,"minecraft:iron_hoe":738,"minecraft:oak_stairs":723,"minecraft:smooth_sandstone":14,"minecraft:iron_boots":3,"minecraft:yellow_concrete_powder":1,"minecraft:soul_soil":133,"minecraft:lime_stained_glass":3676,"minecraft:minecart":61,"minecraft:netherite_pickaxe":212889,"minecraft:cyan_concrete_powder":2,"minecraft:cooked_beef":107,"minecraft:pumpkin":128,"minecraft:light_gray_bed":5,"minecraft:iron_leggings":1,"minecraft:cobbled_deepslate_wall":2,"minecraft:quartz_bricks":2,"minecraft:cobblestone_stairs":166,"minecraft:snow_block":80,"minecraft:baked_potato":126,"minecraft:birch_boat":3,"minecraft:brown_mushroom":19,"minecraft:spruce_sign":102,"minecraft:music_disc_cat":59,"minecraft:red_mushroom":4,"minecraft:magenta_carpet":3,"minecraft:cyan_stained_glass":2,"minecraft:gray_terracotta":2,"minecraft:piston":109,"minecraft:flower_pot":2,"minecraft:black_wool":5,"minecraft:lapis_ore":26,"minecraft:detector_rail":6,"minecraft:jungle_stairs":306,"minecraft:stone_slab":9,"minecraft:yellow_wool":10,"minecraft:stone_axe":32,"minecraft:end_crystal":2,"minecraft:cobbled_deepslate_slab":221,"minecraft:cyan_stained_glass_pane":14,"minecraft:pink_shulker_box":12,"minecraft:lapis_block":1,"minecraft:birch_stairs":54,"minecraft:orange_dye":1,"minecraft:nether_brick_fence":26,"minecraft:spruce_slab":87,"minecraft:polished_blackstone":21,"minecraft:elytra":16,"minecraft:ladder":190,"minecraft:chest":632,"minecraft:white_shulker_box":18,"minecraft:blue_stained_glass":1,"minecraft:allium":2,"minecraft:brick_slab":557,"minecraft:jungle_slab":2533,"minecraft:orange_wool":13,"minecraft:stripped_spruce_log":665,"minecraft:honey_block":1,"minecraft:netherite_shovel":66218,"minecraft:grass_block":27,"minecraft:orange_shulker_box":4,"minecraft:copper_ore":1263,"minecraft:wet_sponge":168,"minecraft:dark_oak_button":1,"minecraft:pink_wool":229,"minecraft:stone_brick_stairs":4,"minecraft:snow":886,"minecraft:dark_oak_boat":9,"minecraft:sweet_berries":9,"minecraft:furnace":104,"minecraft:egg":44,"minecraft:potato":113,"minecraft:dragon_head":1,"minecraft:brown_concrete_powder":2,"minecraft:magenta_shulker_box":3,"minecraft:light_blue_carpet":1,"minecraft:end_stone_bricks":8,"minecraft:diorite":289,"minecraft:spruce_door":119,"minecraft:stripped_birch_log":1,"minecraft:powered_rail":278,"minecraft:orange_tulip":4,"minecraft:lime_concrete_powder":578,"minecraft:jungle_pressure_plate":2,"minecraft:purpur_pillar":1,"minecraft:oak_leaves":9,"minecraft:smooth_quartz_stairs":1,"minecraft:dark_oak_trapdoor":6,"minecraft:sand":52,"minecraft:purpur_stairs":6,"minecraft:blue_ice":3,"minecraft:netherite_helmet":10,"minecraft:pumpkin_seeds":32,"minecraft:lightning_rod":3,"minecraft:deepslate_tiles":1,"minecraft:stone_button":464,"minecraft:spore_blossom":13,"minecraft:lectern":489,"minecraft:polished_granite":37,"minecraft:fire_charge":2,"minecraft:white_stained_glass":1,"minecraft:dark_oak_fence":8337,"minecraft:green_concrete_powder":10,"minecraft:pink_stained_glass":1,"minecraft:ice":8,"minecraft:iron_bars":18,"minecraft:red_concrete":11,"minecraft:mycelium":3461,"minecraft:netherrack":18868,"minecraft:orange_bed":2,"minecraft:light_gray_shulker_box":56,"minecraft:target":6,"minecraft:warped_wart_block":39,"minecraft:anvil":15,"minecraft:ancient_debris":1,"minecraft:stone_stairs":12,"minecraft:nether_brick_slab":41,"minecraft:polished_granite_slab":648,"minecraft:jungle_trapdoor":148,"minecraft:blue_concrete":89,"minecraft:polished_diorite":1,"minecraft:shroomlight":33,"minecraft:red_shulker_box":250,"minecraft:flowering_azalea":9,"minecraft:cyan_shulker_box":3,"minecraft:iron_axe":1365,"minecraft:spruce_button":25,"minecraft:slime_block":18,"minecraft:smooth_quartz":1,"minecraft:lime_dye":1,"minecraft:smooth_basalt":35,"minecraft:glowstone":9,"minecraft:purple_concrete":39,"minecraft:magenta_wool":22,"minecraft:beef":2,"minecraft:iron_trapdoor":2,"minecraft:oxidized_copper":1,"minecraft:cobbled_deepslate":7409,"minecraft:observer":112,"minecraft:water_bucket":1406,"minecraft:yellow_shulker_box":40,"minecraft:lime_wool":80,"minecraft:cartography_table":3,"minecraft:red_mushroom_block":6,"minecraft:fletching_table":17,"minecraft:polished_blackstone_bricks":524,"minecraft:pink_concrete":1,"minecraft:lime_terracotta":73,"minecraft:vine":41,"minecraft:tnt":1143,"minecraft:oak_slab":141,"minecraft:crafting_table":217,"minecraft:birch_sign":6,"minecraft:dark_oak_fence_gate":11,"minecraft:lime_shulker_box":59,"minecraft:deepslate_tile_wall":4,"minecraft:oak_log":72,"minecraft:mud":104,"minecraft:dark_prismarine":13,"minecraft:iron_pickaxe":599,"minecraft:cyan_concrete":2,"minecraft:cobblestone":3642,"minecraft:red_concrete_powder":11,"minecraft:glass_pane":62,"minecraft:brown_mushroom_block":2,"minecraft:kelp":263,"minecraft:jukebox":4,"minecraft:purple_candle":4,"minecraft:iron_shovel":1063,"minecraft:diamond_hoe":3964,"minecraft:oak_sign":17,"minecraft:iron_sword":861,"minecraft:purple_shulker_box":20,"minecraft:bell":28,"minecraft:player_head":43,"minecraft:sculk_sensor":4,"minecraft:iron_chestplate":2,"minecraft:birch_pressure_plate":132,"minecraft:nether_bricks":867,"minecraft:carrot":280,"minecraft:deepslate_tile_slab":9,"minecraft:tuff":346,"minecraft:cyan_wool":466,"minecraft:axolotl_bucket":40,"minecraft:milk_bucket":22,"minecraft:glass":436,"minecraft:coal_ore":705,"minecraft:quartz_slab":642,"minecraft:dark_oak_wood":2019,"minecraft:iron_helmet":2,"minecraft:hopper_minecart":15,"minecraft:stone_bricks":1483,"minecraft:repeater":12,"minecraft:red_carpet":1,"minecraft:honeycomb_block":1,"minecraft:magma_block":461,"minecraft:scaffolding":405,"minecraft:dark_oak_stairs":29,"minecraft:dark_oak_sign":41,"minecraft:ender_pearl":16,"minecraft:redstone_block":7,"minecraft:blue_bed":11,"minecraft:loom":1,"minecraft:black_banner":4,"minecraft:deepslate_redstone_ore":211,"minecraft:sponge":149,"minecraft:note_block":24,"minecraft:stone_brick_wall":6,"minecraft:shears":1239,"minecraft:cobbled_deepslate_stairs":86,"minecraft:redstone_torch":99,"minecraft:green_concrete":148,"minecraft:black_concrete":3,"minecraft:firework_rocket":12039,"minecraft:birch_fence_gate":13,"minecraft:gray_shulker_box":3,"minecraft:lime_carpet":10,"minecraft:cyan_bed":7,"minecraft:string":5,"minecraft:gravel":320,"minecraft:granite_slab":597,"minecraft:jungle_sign":5,"minecraft:stripped_oak_wood":6,"minecraft:grindstone":7,"minecraft:andesite":157,"minecraft:white_concrete":25,"minecraft:tropical_fish_bucket":3,"minecraft:experience_bottle":8,"minecraft:oak_fence":8,"minecraft:purpur_block":23,"minecraft:azalea":5,"minecraft:trident":9762,"minecraft:music_disc_otherside":65,"minecraft:stone_shovel":131,"minecraft:spruce_planks":55,"minecraft:sculk":64,"minecraft:spyglass":460,"minecraft:white_carpet":246,"minecraft:hopper":343,"minecraft:spruce_stairs":195,"minecraft:cobblestone_wall":14,"minecraft:diamond_helmet":3,"minecraft:shulker_box":1518,"minecraft:pink_carpet":1,"minecraft:light_blue_stained_glass":1,"minecraft:granite":513,"minecraft:andesite_wall":2,"minecraft:stone_brick_slab":1231,"minecraft:dark_oak_planks":705,"minecraft:bookshelf":181,"minecraft:red_tulip":5,"minecraft:polished_blackstone_brick_stairs":12,"minecraft:golden_carrot":4042,"minecraft:emerald_block":132,"minecraft:white_stained_glass_pane":6,"minecraft:amethyst_block":7,"minecraft:pink_tulip":3,"minecraft:iron_ore":476,"minecraft:glass_bottle":91,"minecraft:netherite_chestplate":1,"minecraft:blue_wool":10,"minecraft:pink_banner":2,"minecraft:copper_block":3,"minecraft:black_shulker_box":111,"minecraft:white_dye":7,"minecraft:magenta_stained_glass":7,"minecraft:beacon":12,"minecraft:cobblestone_slab":1464,"minecraft:glow_item_frame":104,"minecraft:terracotta":4,"minecraft:stripped_dark_oak_log":281,"minecraft:painting":1,"minecraft:dark_oak_door":12,"minecraft:nether_gold_ore":9,"minecraft:purple_stained_glass":3,"minecraft:cracked_polished_blackstone_bricks":12,"minecraft:map":54,"minecraft:netherite_axe":20599,"minecraft:fishing_rod":65,"minecraft:green_shulker_box":5,"minecraft:white_banner":9,"minecraft:bucket":1596,"minecraft:yellow_bed":3,"minecraft:purple_carpet":2,"minecraft:splash_potion":33,"minecraft:smooth_stone":618},"minecraft:mined":{"minecraft:dragon_wall_head":35,"minecraft:potted_pink_tulip":1,"minecraft:red_shulker_box":249,"minecraft:white_bed":29,"minecraft:cyan_shulker_box":3,"minecraft:granite":3368,"minecraft:acacia_log":41,"minecraft:deepslate_tile_wall":4,"minecraft:light_gray_bed":4,"minecraft:oak_pressure_plate":2,"minecraft:blue_wool":3,"minecraft:green_concrete":31,"minecraft:oak_wall_sign":2,"minecraft:nether_wart":48,"minecraft:spawner":7,"minecraft:polished_blackstone_bricks":1165,"minecraft:magma_block":858,"minecraft:dark_oak_trapdoor":6,"minecraft:barrel":21,"minecraft:cobbled_deepslate":2067,"minecraft:fire":1279,"minecraft:deepslate_lapis_ore":341,"minecraft:fletching_table":14,"minecraft:granite_slab":74,"minecraft:nether_brick_stairs":3,"minecraft:spruce_pressure_plate":4,"minecraft:pink_tulip":3,"minecraft:white_shulker_box":17,"minecraft:white_banner":1,"minecraft:player_head":22,"minecraft:tripwire":6,"minecraft:orange_bed":3,"minecraft:jungle_trapdoor":6,"minecraft:cut_sandstone":21,"minecraft:magenta_carpet":3,"minecraft:blue_concrete_powder":5,"minecraft:kelp_plant":100,"minecraft:smoker":1,"minecraft:crimson_nylium":51,"minecraft:deepslate_tile_slab":8,"minecraft:powder_snow":11,"minecraft:torch":591,"minecraft:note_block":21,"minecraft:dark_oak_wood":179,"minecraft:oxidized_copper":1,"minecraft:melon":22,"minecraft:dead_bush":5,"minecraft:nether_brick_slab":17,"minecraft:spruce_wall_sign":17,"minecraft:lime_shulker_box":59,"minecraft:sugar_cane":1078,"minecraft:bricks":32,"minecraft:amethyst_block":971,"minecraft:white_terracotta":3,"minecraft:repeater":10,"minecraft:mud":484,"minecraft:jukebox":4,"minecraft:grass":2689,"minecraft:smooth_quartz":2,"minecraft:mangrove_log":83,"minecraft:smooth_basalt":256,"minecraft:deepslate":46245,"minecraft:purple_glazed_terracotta":8,"minecraft:deepslate_tiles":1,"minecraft:dark_prismarine":31,"minecraft:exposed_cut_copper":2,"minecraft:brown_concrete":2,"minecraft:light_blue_wool":15,"minecraft:mossy_cobblestone":117,"minecraft:orange_concrete_powder":1,"minecraft:dark_oak_log":6646,"minecraft:cyan_stained_glass":1,"minecraft:sea_lantern":136,"minecraft:end_stone":337,"minecraft:birch_fence_gate":4,"minecraft:dark_oak_fence":650,"minecraft:spruce_fence":39,"minecraft:redstone_wire":76,"minecraft:red_mushroom":66,"minecraft:cartography_table":2,"minecraft:redstone_ore":26,"minecraft:pink_concrete":2,"minecraft:andesite":4912,"minecraft:mossy_stone_brick_stairs":1,"minecraft:cobblestone_slab":171,"minecraft:cyan_concrete":3,"minecraft:vine":166,"minecraft:rail":790,"minecraft:brain_coral_wall_fan":1,"minecraft:bone_block":51,"minecraft:fire_coral_block":1,"minecraft:green_wool":5,"minecraft:ender_chest":451,"minecraft:oak_slab":19,"minecraft:birch_stairs":31,"minecraft:redstone_block":3,"minecraft:glass_pane":30,"minecraft:soul_sand":772,"minecraft:lily_of_the_valley":29,"minecraft:dandelion":13,"minecraft:cornflower":2,"minecraft:warped_roots":1,"minecraft:purpur_pillar":429,"minecraft:tall_grass":1311,"minecraft:copper_ore":2203,"minecraft:deepslate_gold_ore":1528,"minecraft:diorite":3552,"minecraft:warped_wart_block":60,"minecraft:purple_wool":16,"minecraft:black_stained_glass":1,"minecraft:coarse_dirt":381,"minecraft:cobblestone_wall":30,"minecraft:dark_oak_wall_sign":11,"minecraft:purple_concrete":5,"minecraft:mangrove_leaves":652,"minecraft:gravel":17780,"minecraft:cobweb":349,"minecraft:brown_terracotta":1,"minecraft:birch_sign":1,"minecraft:polished_blackstone":1,"minecraft:stone_bricks":551,"minecraft:gold_ore":214,"minecraft:chipped_anvil":3,"minecraft:iron_trapdoor":1,"minecraft:fern":3,"minecraft:oak_sapling":6,"minecraft:mossy_stone_brick_slab":3,"minecraft:orange_wool":5,"minecraft:brewing_stand":16,"minecraft:spruce_trapdoor":95,"minecraft:budding_amethyst":69,"minecraft:cracked_polished_blackstone_bricks":279,"minecraft:white_concrete":25,"minecraft:polished_diorite":1,"minecraft:polished_blackstone_brick_slab":36,"minecraft:composter":16,"minecraft:gilded_blackstone":3,"minecraft:sculk_catalyst":8,"minecraft:green_stained_glass":61,"minecraft:red_tulip":6,"minecraft:pointed_dripstone":31,"minecraft:flowering_azalea_leaves":53,"minecraft:iron_bars":16,"minecraft:azalea":2064,"minecraft:granite_stairs":2,"minecraft:spruce_slab":49,"minecraft:deepslate_redstone_ore":936,"minecraft:brown_shulker_box":3,"minecraft:quartz_block":286,"minecraft:medium_amethyst_bud":20,"minecraft:orange_terracotta":28,"minecraft:purpur_stairs":354,"minecraft:jungle_stairs":67,"minecraft:mossy_cobblestone_wall":1,"minecraft:beacon":16,"minecraft:nether_quartz_ore":2810,"minecraft:oak_planks":726,"minecraft:wall_torch":691,"minecraft:stone_stairs":4,"minecraft:warped_nylium":60,"minecraft:powered_rail":127,"minecraft:dark_oak_slab":52,"minecraft:blue_ice":10,"minecraft:tnt":61,"minecraft:smooth_stone_slab":92,"minecraft:oak_log":488,"minecraft:lime_terracotta":5,"minecraft:dirt":10639,"minecraft:pink_banner":2,"minecraft:dispenser":3,"minecraft:ancient_debris":180,"minecraft:crying_obsidian":45,"minecraft:pink_carpet":1,"minecraft:quartz_stairs":5,"minecraft:dark_oak_leaves":505,"minecraft:red_stained_glass":1,"minecraft:mangrove_roots":101,"minecraft:lever":11,"minecraft:ladder":112,"minecraft:stone_button":69,"minecraft:cyan_banner":1,"minecraft:brown_mushroom_block":2347,"minecraft:soul_campfire":2,"minecraft:birch_slab":1479,"minecraft:spruce_leaves":225,"minecraft:crimson_stem":10,"minecraft:polished_basalt":34,"minecraft:light_gray_shulker_box":55,"minecraft:detector_rail":5,"minecraft:gold_block":166,"minecraft:nether_brick_fence":120,"minecraft:bookshelf":175,"minecraft:shroomlight":117,"minecraft:deepslate_iron_ore":1699,"minecraft:stripped_oak_log":292,"minecraft:wet_sponge":198,"minecraft:acacia_leaves":1,"minecraft:scaffolding":215,"minecraft:magenta_stained_glass":92,"minecraft:snow_block":18,"minecraft:stripped_dark_oak_log":301,"minecraft:basalt":1699,"minecraft:polished_granite":37,"minecraft:oak_fence":68,"minecraft:gray_stained_glass":1,"minecraft:lime_carpet":2,"minecraft:stone_slab":1,"minecraft:quartz_bricks":2,"minecraft:deepslate_coal_ore":4,"minecraft:red_concrete":15,"minecraft:polished_blackstone_brick_stairs":38,"minecraft:prismarine_bricks":28,"minecraft:birch_planks":87,"minecraft:black_wall_banner":2,"minecraft:ice":154,"minecraft:mangrove_planks":6,"minecraft:bee_nest":3,"minecraft:muddy_mangrove_roots":38,"minecraft:black_wool":5,"minecraft:cocoa":2,"minecraft:yellow_concrete":3,"minecraft:purple_shulker_box":17,"minecraft:small_dripleaf":4,"minecraft:mossy_stone_bricks":1,"minecraft:dark_oak_planks":230,"minecraft:polished_granite_slab":83,"minecraft:jungle_leaves":572,"minecraft:carved_pumpkin":68,"minecraft:obsidian":176,"minecraft:red_sand":197,"minecraft:stone_brick_wall":8,"minecraft:jungle_log":942,"minecraft:pink_stained_glass":1,"minecraft:deepslate_bricks":1,"minecraft:coal_block":13,"minecraft:lime_stained_glass":518,"minecraft:purpur_slab":48,"minecraft:bubble_coral_block":1,"minecraft:hopper":210,"minecraft:oxeye_daisy":7,"minecraft:light_blue_stained_glass":1,"minecraft:orange_concrete":6,"minecraft:weeping_vines_plant":46,"minecraft:tall_seagrass":22,"minecraft:brown_stained_glass":1,"minecraft:sticky_piston":6,"minecraft:pumpkin":69,"minecraft:moss_carpet":395,"minecraft:stripped_dark_oak_wood":1,"minecraft:enchanting_table":1,"minecraft:sculk_shrieker":11,"minecraft:quartz_slab":692,"minecraft:cave_vines":25,"minecraft:water_cauldron":2,"minecraft:oak_sign":5,"minecraft:dirt_path":120,"minecraft:small_amethyst_bud":35,"minecraft:oak_stairs":309,"minecraft:deepslate_brick_stairs":2,"minecraft:iron_block":653,"minecraft:blue_orchid":3,"minecraft:piston_head":1,"minecraft:brown_mushroom":681,"minecraft:red_bed":2,"minecraft:player_wall_head":16,"minecraft:soul_fire":32,"minecraft:amethyst_cluster":75,"minecraft:glass":110,"minecraft:cyan_bed":4,"minecraft:damaged_anvil":6,"minecraft:spruce_sign":8,"minecraft:cyan_wool":409,"minecraft:light_gray_stained_glass":1,"minecraft:wheat":430,"minecraft:lilac":36,"minecraft:lime_concrete":596,"minecraft:stone_brick_stairs":3,"minecraft:copper_block":2,"minecraft:oak_fence_gate":1,"minecraft:blue_shulker_box":159,"minecraft:red_mushroom_block":2582,"minecraft:piston":20,"minecraft:infested_deepslate":3,"minecraft:yellow_terracotta":11,"minecraft:pink_shulker_box":9,"minecraft:light_gray_stained_glass_pane":1,"minecraft:stripped_birch_log":1,"minecraft:shulker_box":1450,"minecraft:nether_bricks":1902,"minecraft:cobbled_deepslate_slab":166,"minecraft:allium":2,"minecraft:jungle_planks":141,"minecraft:crimson_roots":4,"minecraft:orange_shulker_box":3,"minecraft:lime_wool":4,"minecraft:kelp":58,"minecraft:moss_block":1471,"minecraft:pink_wool":149,"minecraft:jungle_sapling":1,"minecraft:red_sandstone":20,"minecraft:snow":19704,"minecraft:diamond_block":4,"minecraft:potatoes":101,"minecraft:warped_stem":202,"minecraft:smooth_quartz_stairs":1,"minecraft:bamboo_sapling":2,"minecraft:bamboo":9,"minecraft:cut_copper":1,"minecraft:white_wool":3,"minecraft:smithing_table":2,"minecraft:stone_brick_slab":227,"minecraft:observer":31,"minecraft:jungle_sign":3,"minecraft:smooth_sandstone":3,"minecraft:cobbled_deepslate_wall":2,"minecraft:spruce_button":2,"minecraft:emerald_ore":13,"minecraft:sponge":186,"minecraft:big_dripleaf":2,"minecraft:purple_stained_glass":2,"minecraft:white_carpet":16,"minecraft:spruce_log":1606,"minecraft:birch_leaves":4,"minecraft:jungle_fence":1,"minecraft:mycelium":19179,"minecraft:dark_oak_sign":9,"minecraft:dripstone_block":44,"minecraft:acacia_door":2,"minecraft:spruce_fence_gate":2,"minecraft:deepslate_emerald_ore":2,"minecraft:black_shulker_box":108,"minecraft:large_amethyst_bud":18,"minecraft:spruce_planks":53,"minecraft:cobbled_deepslate_stairs":68,"minecraft:jungle_slab":322,"minecraft:cobblestone_stairs":33,"minecraft:sculk_vein":3,"minecraft:cave_vines_plant":3,"minecraft:grass_block":349,"minecraft:blue_concrete":8,"minecraft:soul_soil":421,"minecraft:smooth_stone":68,"minecraft:raw_iron_block":10,"minecraft:glowstone":4,"minecraft:iron_ore":1560,"minecraft:target":5,"minecraft:black_carpet":778,"minecraft:anvil":6,"minecraft:dark_oak_stairs":23,"minecraft:warped_button":1,"minecraft:azalea_leaves":75,"minecraft:end_stone_bricks":529,"minecraft:blackstone":2007,"minecraft:melon_stem":4,"minecraft:chiseled_quartz_block":4,"minecraft:clay":1849,"minecraft:calcite":1192,"minecraft:poppy":6,"minecraft:chest":682,"minecraft:mushroom_stem":594,"minecraft:cobblestone":1763,"minecraft:slime_block":4,"minecraft:grindstone":5,"minecraft:prismarine":37,"minecraft:iron_door":4,"minecraft:deepslate_copper_ore":98,"minecraft:magenta_shulker_box":3,"minecraft:seagrass":22,"minecraft:nether_wart_block":304,"minecraft:birch_log":50,"minecraft:light_gray_wool":3,"minecraft:stripped_oak_wood":1,"minecraft:orange_tulip":4,"minecraft:purpur_block":1133,"minecraft:cracked_deepslate_tiles":2,"minecraft:sand":18008,"minecraft:netherrack":68158,"minecraft:oak_leaves":1865,"minecraft:magenta_wool":2,"minecraft:emerald_block":89,"minecraft:nether_gold_ore":165,"minecraft:diamond_ore":20,"minecraft:tuff":4668,"minecraft:red_carpet":1,"minecraft:deepslate_diamond_ore":831,"minecraft:gray_shulker_box":2,"minecraft:black_banner":1,"minecraft:weeping_vines":4,"minecraft:white_stained_glass":2,"minecraft:mangrove_propagule":1,"minecraft:sandstone":54,"minecraft:rooted_dirt":1,"minecraft:deepslate_brick_slab":5,"minecraft:spore_blossom":13,"minecraft:diorite_slab":2,"minecraft:oxidized_cut_copper":1,"minecraft:oak_trapdoor":7,"minecraft:spruce_sapling":22,"minecraft:furnace":88,"minecraft:carrots":194,"minecraft:chiseled_sandstone":2,"minecraft:dark_oak_fence_gate":6,"minecraft:stripped_spruce_log":736,"minecraft:black_concrete":1,"minecraft:bell":31,"minecraft:polished_deepslate":1,"minecraft:lantern":1,"minecraft:packed_ice":5148,"minecraft:chorus_plant":16,"minecraft:stone":50076,"minecraft:yellow_shulker_box":40,"minecraft:birch_pressure_plate":3,"minecraft:redstone_wall_torch":41,"minecraft:podzol":12,"minecraft:light_blue_shulker_box":335,"minecraft:flowering_azalea":1219,"minecraft:red_wool":1,"minecraft:spruce_door":10,"minecraft:crafting_table":184,"minecraft:cyan_stained_glass_pane":14,"minecraft:blackstone_slab":1,"minecraft:rose_bush":4,"minecraft:sculk_sensor":52,"minecraft:lectern":472,"minecraft:andesite_wall":2,"minecraft:lapis_ore":133,"minecraft:sculk":245,"minecraft:blue_bed":9,"minecraft:spruce_stairs":58,"minecraft:cactus":17,"minecraft:brick_slab":81,"minecraft:green_shulker_box":5,"minecraft:beehive":1,"minecraft:redstone_torch":35,"minecraft:sweet_berry_bush":10,"minecraft:yellow_bed":5,"minecraft:coal_ore":3831,"minecraft:end_rod":58,"minecraft:terracotta":27,"minecraft:potted_white_tulip":1,"minecraft:birch_fence":21},"minecraft:picked_up":{"minecraft:suspicious_stew":2,"minecraft:lead":236,"minecraft:smithing_table":2,"minecraft:stone_slab":15,"minecraft:enchanted_book":19,"minecraft:purple_shulker_box":20,"minecraft:blue_concrete":136,"minecraft:music_disc_cat":73,"minecraft:polished_deepslate":354,"minecraft:polished_blackstone_brick_stairs":38,"minecraft:string":8723,"minecraft:pufferfish":2,"minecraft:shroomlight":272,"minecraft:sculk_shrieker":11,"minecraft:diamond_leggings":29,"minecraft:diamond_ore":3,"minecraft:spruce_pressure_plate":4,"minecraft:polished_blackstone_brick_slab":36,"minecraft:jukebox":4,"minecraft:big_dripleaf":13,"minecraft:purpur_pillar":424,"minecraft:cyan_stained_glass":1,"minecraft:acacia_log":41,"minecraft:warped_button":4,"minecraft:end_crystal":2,"minecraft:cyan_stained_glass_pane":14,"minecraft:gray_shulker_box":4,"minecraft:golden_chestplate":34,"minecraft:cauldron":5,"minecraft:orange_bed":3,"minecraft:stone_sword":10,"minecraft:lime_carpet":2,"minecraft:horn_coral_fan":1,"minecraft:polished_basalt":34,"minecraft:carved_pumpkin":86,"minecraft:red_tulip":7,"minecraft:glowstone":4,"minecraft:bookshelf":4,"minecraft:end_rod":67,"minecraft:white_terracotta":3,"minecraft:blaze_rod":233,"minecraft:iron_bars":150,"minecraft:snowball":3895,"minecraft:sponge":201,"minecraft:feather":67,"minecraft:cooked_beef":548,"minecraft:medium_amethyst_bud":20,"minecraft:water_bucket":52,"minecraft:dark_oak_boat":12,"minecraft:copper_block":2,"minecraft:flint":1507,"minecraft:purple_stained_glass":2,"minecraft:lantern":42,"minecraft:purple_carpet":2,"minecraft:large_amethyst_bud":18,"minecraft:dark_oak_sign":29,"minecraft:diamond_helmet":36,"minecraft:honeycomb":96,"minecraft:chiseled_polished_blackstone":24,"minecraft:lime_terracotta":4,"minecraft:birch_fence_gate":4,"minecraft:stripped_spruce_log":807,"minecraft:brown_mushroom_block":362,"minecraft:iron_hoe":5,"minecraft:deepslate":9910,"minecraft:lever":27,"minecraft:granite":3669,"minecraft:spruce_button":3,"minecraft:golden_horse_armor":8,"minecraft:cyan_dye":36,"minecraft:deepslate_coal_ore":3,"minecraft:rooted_dirt":4,"minecraft:crimson_roots":7,"minecraft:diamond_pickaxe":59,"minecraft:magenta_glazed_terracotta":234,"minecraft:mud":569,"minecraft:bee_nest":3,"minecraft:clay_ball":6375,"minecraft:leather_leggings":26,"minecraft:dragon_head":36,"minecraft:purpur_block":1148,"minecraft:cornflower":2,"minecraft:elytra":59,"minecraft:acacia_door":16,"minecraft:flint_and_steel":14,"minecraft:white_stained_glass":33,"minecraft:white_carpet":57,"minecraft:iron_shovel":40,"minecraft:glass_pane":17,"minecraft:netherite_sword":39,"minecraft:jungle_sapling":35,"minecraft:poppy":2004,"minecraft:spruce_slab":68,"minecraft:minecart":115,"minecraft:birch_sapling":5,"minecraft:piston":26,"minecraft:diamond_hoe":6,"minecraft:copper_ore":1194,"minecraft:lime_shulker_box":63,"minecraft:black_stained_glass":1,"minecraft:stone":29904,"minecraft:fire_charge":3,"minecraft:white_dye":8,"minecraft:netherite_pickaxe":57,"minecraft:cyan_shulker_box":6,"minecraft:jungle_sign":12,"minecraft:stone_shovel":2,"minecraft:diamond_chestplate":28,"minecraft:purpur_slab":47,"minecraft:yellow_terracotta":11,"minecraft:totem_of_undying":18,"minecraft:polished_blackstone":1,"minecraft:mutton":3,"minecraft:bone_block":51,"minecraft:rail":1505,"minecraft:emerald_ore":12,"minecraft:oxeye_daisy":7,"minecraft:yellow_shulker_box":42,"minecraft:clock":10,"minecraft:blackstone_slab":1,"minecraft:jungle_fence":1,"minecraft:purpur_stairs":351,"minecraft:sculk_vein":6,"minecraft:paper":465,"minecraft:apple":157,"minecraft:warped_stem":202,"minecraft:stone_pickaxe":2,"minecraft:spore_blossom":13,"minecraft:oak_fence_gate":1,"minecraft:pufferfish_bucket":3,"minecraft:iron_ore":508,"minecraft:magenta_stained_glass":85,"minecraft:dark_oak_stairs":23,"minecraft:smooth_basalt":313,"minecraft:milk_bucket":3,"minecraft:light_gray_stained_glass":1,"minecraft:sweet_berries":334,"minecraft:red_wool":1,"minecraft:lime_concrete":596,"minecraft:light_blue_stained_glass":1,"minecraft:crying_obsidian":54,"minecraft:leather_helmet":25,"minecraft:diamond_shovel":49,"minecraft:coal_ore":1530,"minecraft:slime_ball":254,"minecraft:deepslate_redstone_ore":547,"minecraft:painting":1,"minecraft:birch_sign":11,"minecraft:baked_potato":161,"minecraft:hopper":199,"minecraft:black_carpet":941,"minecraft:ender_chest":876,"minecraft:nether_brick_fence":115,"minecraft:gilded_blackstone":26,"minecraft:stone_brick_stairs":2,"minecraft:dead_tube_coral_block":8,"minecraft:deepslate_lapis_ore":188,"minecraft:experience_bottle":11,"minecraft:red_sand":192,"minecraft:smooth_stone":385,"minecraft:bucket":40,"minecraft:white_tulip":7,"minecraft:rose_bush":5,"minecraft:cobblestone_slab":287,"minecraft:azalea":2240,"minecraft:iron_pickaxe":74,"minecraft:smooth_quartz":1,"minecraft:smooth_quartz_stairs":1,"minecraft:deepslate_iron_ore":489,"minecraft:blue_wool":4,"minecraft:tipped_arrow":3,"minecraft:polished_deepslate_stairs":6,"minecraft:spruce_stairs":93,"minecraft:netherite_shovel":23,"minecraft:diorite":4053,"minecraft:vine":43,"minecraft:goat_horn":4,"minecraft:andesite_wall":2,"minecraft:rotten_flesh":1662,"minecraft:brown_shulker_box":6,"minecraft:mangrove_roots":101,"minecraft:deepslate_copper_ore":54,"minecraft:obsidian":1163,"minecraft:deepslate_brick_stairs":2,"minecraft:cobblestone":22693,"minecraft:enchanting_table":1,"minecraft:leather_chestplate":27,"minecraft:muddy_mangrove_roots":41,"minecraft:lilac":36,"minecraft:repeater":9,"minecraft:andesite":6142,"minecraft:golden_leggings":23,"minecraft:beacon":82,"minecraft:potato":409,"minecraft:prismarine_bricks":327,"minecraft:stripped_birch_log":1,"minecraft:dirt":25673,"minecraft:name_tag":28,"minecraft:glass":1536,"minecraft:bone":8826,"minecraft:bow":633,"minecraft:orange_tulip":4,"minecraft:wheat_seeds":1991,"minecraft:grindstone":5,"minecraft:popped_chorus_fruit":128,"minecraft:netherite_axe":24,"minecraft:fletching_table":15,"minecraft:bamboo":244,"minecraft:cyan_concrete":3,"minecraft:prismarine":118,"minecraft:brown_stained_glass":1,"minecraft:gray_stained_glass":1,"minecraft:light_blue_shulker_box":340,"minecraft:melon":5,"minecraft:nether_brick_stairs":3,"minecraft:grass_block":120,"minecraft:diamond_block":209,"minecraft:spectral_arrow":15,"minecraft:jungle_slab":411,"minecraft:mossy_cobblestone":114,"minecraft:jungle_leaves":3,"minecraft:yellow_carpet":1,"minecraft:sugar":7,"minecraft:netherite_helmet":24,"minecraft:slime_block":4,"minecraft:cracked_polished_blackstone_bricks":214,"minecraft:crossbow":11,"minecraft:bone_meal":585,"minecraft:golden_apple":17,"minecraft:spruce_sign":135,"minecraft:emerald":845,"minecraft:chorus_fruit":217,"minecraft:netherrack":49628,"minecraft:oak_leaves":55,"minecraft:ladder":126,"minecraft:brown_mushroom":2178,"minecraft:packed_ice":5711,"minecraft:pink_wool":215,"minecraft:stone_brick_wall":9,"minecraft:diorite_slab":8,"minecraft:shield":25,"minecraft:brick":112,"minecraft:orange_stained_glass":1,"minecraft:oak_trapdoor":15,"minecraft:moss_carpet":1494,"minecraft:mycelium":6236,"minecraft:birch_fence":21,"minecraft:magenta_wool":2,"minecraft:blackstone":1571,"minecraft:blue_orchid":3,"minecraft:lime_wool":4,"minecraft:end_stone":335,"minecraft:flowering_azalea_leaves":14,"minecraft:note_block":21,"minecraft:polished_blackstone_bricks":982,"minecraft:trident":78,"minecraft:light_gray_stained_glass_pane":1,"minecraft:purple_candle":4,"minecraft:blue_concrete_powder":5,"minecraft:tube_coral":1,"minecraft:weeping_vines":302,"minecraft:red_shulker_box":254,"minecraft:pumpkin_pie":1,"minecraft:nether_bricks":1862,"minecraft:stripped_dark_oak_wood":4,"minecraft:pink_tulip":17,"minecraft:black_banner":6,"minecraft:netherite_boots":23,"minecraft:jungle_boat":4,"minecraft:dark_oak_button":1,"minecraft:basalt":594,"minecraft:golden_carrot":2971,"minecraft:leather":498,"minecraft:ice":12,"minecraft:granite_stairs":2,"minecraft:chainmail_chestplate":17,"minecraft:gunpowder":20546,"minecraft:yellow_bed":5,"minecraft:cobbled_deepslate_stairs":97,"minecraft:cobblestone_wall":50,"minecraft:orange_terracotta":18,"minecraft:cooked_mutton":576,"minecraft:red_carpet":2,"minecraft:deepslate_emerald_ore":3,"minecraft:rabbit_hide":3,"minecraft:iron_ingot":1138,"minecraft:cooked_chicken":17,"minecraft:sculk_catalyst":8,"minecraft:tropical_fish_bucket":3,"minecraft:nether_quartz_ore":1135,"minecraft:emerald_block":365,"minecraft:stone_brick_slab":243,"minecraft:quartz":3576,"minecraft:dandelion":18,"minecraft:lava_bucket":4,"minecraft:amethyst_shard":724,"minecraft:green_stained_glass":61,"minecraft:red_banner":5,"minecraft:nether_brick_slab":13,"minecraft:spruce_door":328,"minecraft:brick_slab":83,"minecraft:mangrove_leaves":566,"minecraft:pumpkin_seeds":292,"minecraft:sculk_sensor":58,"minecraft:chainmail_leggings":4,"minecraft:terracotta":12,"minecraft:damaged_anvil":8,"minecraft:netherite_hoe":2,"minecraft:dark_oak_wood":999,"minecraft:iron_chestplate":55,"minecraft:flower_pot":3,"minecraft:chainmail_boots":13,"minecraft:creeper_head":2,"minecraft:anvil":257,"minecraft:prismarine_shard":369,"minecraft:magenta_carpet":3,"minecraft:diamond_sword":48,"minecraft:oak_stairs":324,"minecraft:golden_shovel":4,"minecraft:brewing_stand":21,"minecraft:golden_sword":58,"minecraft:amethyst_block":1339,"minecraft:dark_oak_trapdoor":6,"minecraft:soul_soil":363,"minecraft:cooked_salmon":9,"minecraft:orange_concrete_powder":1,"minecraft:gold_nugget":1063,"minecraft:cobbled_deepslate":38812,"minecraft:spruce_planks":515,"minecraft:acacia_sign":2,"minecraft:flower_banner_pattern":3,"minecraft:written_book":43,"minecraft:azalea_leaves":267,"minecraft:enchanted_golden_apple":3,"minecraft:melon_slice":116,"minecraft:coal_block":554,"minecraft:mangrove_log":81,"minecraft:dark_oak_door":30,"minecraft:golden_helmet":19,"minecraft:beehive":1,"minecraft:composter":20,"minecraft:pink_carpet":1,"minecraft:light_gray_bed":4,"minecraft:light_blue_wool":19,"minecraft:tropical_fish":43,"minecraft:iron_block":791,"minecraft:netherite_chestplate":23,"minecraft:birch_log":209,"minecraft:magma_block":1359,"minecraft:oxidized_copper":1,"minecraft:iron_door":4,"minecraft:birch_slab":1513,"minecraft:jungle_log":1279,"minecraft:smoker":1,"minecraft:netherite_leggings":23,"minecraft:map":52,"minecraft:chipped_anvil":3,"minecraft:glowstone_dust":28,"minecraft:moss_block":1648,"minecraft:warped_wart_block":48,"minecraft:granite_slab":75,"minecraft:ink_sac":789,"minecraft:dark_oak_log":9787,"minecraft:barrel":26,"minecraft:quartz_bricks":2,"minecraft:dispenser":2,"minecraft:green_concrete":31,"minecraft:polished_granite_slab":94,"minecraft:writable_book":9,"minecraft:deepslate_gold_ore":641,"minecraft:blue_ice":7,"minecraft:chainmail_helmet":9,"minecraft:bread":62,"minecraft:dark_oak_fence":710,"minecraft:bricks":96,"minecraft:crafting_table":207,"minecraft:coarse_dirt":411,"minecraft:bubble_coral_fan":1,"minecraft:purple_wool":17,"minecraft:nether_wart":349,"minecraft:crimson_trapdoor":3,"minecraft:jungle_trapdoor":6,"minecraft:red_bed":2,"minecraft:snow":206,"minecraft:compass":1,"minecraft:cartography_table":2,"minecraft:deepslate_diamond_ore":375,"minecraft:music_disc_otherside":70,"minecraft:beef":579,"minecraft:cyan_wool":408,"minecraft:iron_nugget":60,"minecraft:quartz_stairs":5,"minecraft:chest":842,"minecraft:egg":53,"minecraft:sandstone":65,"minecraft:polished_deepslate_slab":22,"minecraft:glow_item_frame":31,"minecraft:amethyst_cluster":76,"minecraft:spruce_fence":80,"minecraft:carrot":734,"minecraft:redstone":2916,"minecraft:mushroom_stem":6,"minecraft:prismarine_crystals":393,"minecraft:blue_carpet":3,"minecraft:tnt":101,"minecraft:beetroot_seeds":284,"minecraft:tube_coral_fan":1,"minecraft:diamond_boots":37,"minecraft:shears":5,"minecraft:deepslate_bricks":1,"minecraft:cut_copper":1,"minecraft:tube_coral_block":33,"minecraft:gold_ingot":1590,"minecraft:white_shulker_box":21,"minecraft:glow_berries":270,"minecraft:lime_concrete_powder":186,"minecraft:white_wool":245,"minecraft:lapis_ore":70,"minecraft:stripped_oak_log":379,"minecraft:red_mushroom_block":385,"minecraft:red_mushroom":992,"minecraft:filled_map":529,"minecraft:brown_concrete":2,"minecraft:oak_log":711,"minecraft:ancient_debris":182,"minecraft:golden_boots":33,"minecraft:blue_bed":11,"minecraft:white_banner":36,"minecraft:birch_pressure_plate":8,"minecraft:stone_bricks":879,"minecraft:kelp":633,"minecraft:glass_bottle":19,"minecraft:mangrove_planks":6,"minecraft:iron_sword":55,"minecraft:flowering_azalea":1340,"minecraft:dark_oak_slab":69,"minecraft:sculk":199,"minecraft:yellow_concrete":3,"minecraft:spyglass":17,"minecraft:gravel":16438,"minecraft:birch_stairs":35,"minecraft:small_amethyst_bud":35,"minecraft:spruce_sapling":350,"minecraft:spruce_log":2308,"minecraft:sea_lantern":293,"minecraft:firework_rocket":2741,"minecraft:red_stained_glass":1,"minecraft:stone_axe":4,"minecraft:purple_glazed_terracotta":8,"minecraft:polished_diorite":1,"minecraft:light_blue_carpet":1,"minecraft:diamond_axe":5,"minecraft:redstone_ore":26,"minecraft:melon_seeds":62,"minecraft:warped_nylium":4,"minecraft:stripped_dark_oak_log":369,"minecraft:crimson_nylium":33,"minecraft:mangrove_propagule":11,"minecraft:ender_pearl":277,"minecraft:shulker_shell":309,"minecraft:music_disc_strad":57,"minecraft:wheat":437,"minecraft:redstone_block":171,"minecraft:iron_trapdoor":1,"minecraft:light_gray_shulker_box":58,"minecraft:potion":47,"minecraft:turtle_egg":3,"minecraft:nether_brick":4,"minecraft:crimson_planks":7,"minecraft:raw_copper":9207,"minecraft:smooth_stone_slab":114,"minecraft:iron_leggings":52,"minecraft:sticky_piston":11,"minecraft:armor_stand":6,"minecraft:netherite_ingot":4,"minecraft:zombie_head":1,"minecraft:pink_shulker_box":13,"minecraft:oak_sign":24,"minecraft:sea_pickle":63,"minecraft:activator_rail":21,"minecraft:deepslate_tiles":1,"minecraft:black_shulker_box":118,"minecraft:dark_oak_leaves":11,"minecraft:redstone_torch":92,"minecraft:calcite":1361,"minecraft:deepslate_tile_wall":4,"minecraft:iron_boots":59,"minecraft:furnace":103,"minecraft:stick":883,"minecraft:orange_shulker_box":6,"minecraft:oak_fence":91,"minecraft:torch":3443,"minecraft:porkchop":12,"minecraft:snow_block":66,"minecraft:target":5,"minecraft:music_disc_pigstep":2,"minecraft:pointed_dripstone":60,"minecraft:blue_stained_glass":1,"minecraft:quartz_block":319,"minecraft:nether_gold_ore":42,"minecraft:cactus":97,"minecraft:green_wool":5,"minecraft:fire_coral_fan":1,"minecraft:cod":49,"minecraft:nautilus_shell":2,"minecraft:magma_cream":98,"minecraft:chiseled_quartz_block":4,"minecraft:tuff":6807,"minecraft:wither_skeleton_skull":4,"minecraft:green_shulker_box":7,"minecraft:lapis_lazuli":3748,"minecraft:polished_granite":143,"minecraft:leather_boots":63,"minecraft:bell":51,"minecraft:cobbled_deepslate_wall":2,"minecraft:pink_banner":2,"minecraft:deepslate_brick_slab":6,"minecraft:raw_gold":2245,"minecraft:cobbled_deepslate_slab":181,"minecraft:powered_rail":196,"minecraft:oak_planks":811,"minecraft:ghast_tear":40,"minecraft:pink_stained_glass":1,"minecraft:pink_concrete":2,"minecraft:cooked_porkchop":6,"minecraft:music_disc_13":61,"minecraft:oak_pressure_plate":2,"minecraft:axolotl_bucket":15,"minecraft:poisonous_potato":7,"minecraft:sand":21538,"minecraft:jungle_planks":160,"minecraft:cyan_bed":4,"minecraft:lily_of_the_valley":94,"minecraft:chiseled_sandstone":1,"minecraft:shulker_box":1549,"minecraft:orange_wool":5,"minecraft:exposed_cut_copper":2,"minecraft:dark_prismarine":47,"minecraft:spruce_fence_gate":16,"minecraft:clay":8,"minecraft:spruce_boat":194,"minecraft:diamond":2940,"minecraft:black_concrete":1,"minecraft:white_concrete":26,"minecraft:oak_sapling":291,"minecraft:bubble_coral_block":52,"minecraft:nether_star":4,"minecraft:end_stone_bricks":528,"minecraft:fishing_rod":13,"minecraft:cocoa_beans":32,"minecraft:allium":2,"minecraft:chicken":14,"minecraft:wooden_pickaxe":2,"minecraft:gold_block":166,"minecraft:diamond_horse_armor":11,"minecraft:stone_stairs":4,"minecraft:orange_concrete":6,"minecraft:iron_axe":34,"minecraft:quartz_slab":705,"minecraft:item_frame":69,"minecraft:detector_rail":30,"minecraft:mossy_cobblestone_wall":1,"minecraft:oak_boat":148,"minecraft:player_head":644,"minecraft:observer":31,"minecraft:light_gray_wool":3,"minecraft:lectern":474,"minecraft:blue_shulker_box":166,"minecraft:sugar_cane":2152,"minecraft:phantom_membrane":184,"minecraft:spruce_trapdoor":142,"minecraft:dark_oak_sapling":431,"minecraft:raw_iron":4238,"minecraft:copper_ingot":9,"minecraft:bowl":23,"minecraft:stone_button":278,"minecraft:magenta_shulker_box":5,"minecraft:iron_horse_armor":13,"minecraft:dark_oak_planks":543,"minecraft:arrow":10098,"minecraft:jungle_stairs":67,"minecraft:saddle":57,"minecraft:soul_campfire":2,"minecraft:lime_stained_glass":509,"minecraft:wet_sponge":249,"minecraft:cracked_deepslate_tiles":2,"minecraft:crimson_stem":10,"minecraft:glow_ink_sac":136,"minecraft:cut_sandstone":18,"minecraft:birch_planks":134,"minecraft:mushroom_stew":64,"minecraft:nether_wart_block":1041,"minecraft:cobblestone_stairs":66,"minecraft:deepslate_tile_slab":9,"minecraft:podzol":2,"minecraft:smooth_sandstone":2,"minecraft:red_sandstone":14,"minecraft:fire_coral_block":12,"minecraft:stripped_oak_wood":1,"minecraft:soul_sand":787,"minecraft:oxidized_cut_copper":1,"minecraft:purple_concrete":5,"minecraft:green_dye":3,"minecraft:book":712,"minecraft:oak_slab":30,"minecraft:scaffolding":407,"minecraft:birch_boat":1,"minecraft:pumpkin":1435,"minecraft:dripstone_block":18,"minecraft:raw_iron_block":10,"minecraft:brain_coral_fan":6,"minecraft:white_bed":108,"minecraft:gold_ore":128,"minecraft:dark_oak_fence_gate":6,"minecraft:mossy_stone_brick_slab":1,"minecraft:spider_eye":1216,"minecraft:cyan_banner":1,"minecraft:lime_dye":2,"minecraft:honey_block":14,"minecraft:iron_helmet":47,"minecraft:black_wool":5,"minecraft:red_concrete":15,"minecraft:coal":5432,"minecraft:purple_concrete_powder":12},"minecraft:dropped":{"minecraft:iron_sword":13,"minecraft:porkchop":5,"minecraft:lapis_lazuli":10,"minecraft:glow_ink_sac":4,"minecraft:crafting_table":8,"minecraft:glass_bottle":21,"minecraft:diamond":1091,"minecraft:cooked_porkchop":3,"minecraft:lime_concrete_powder":604,"minecraft:lime_stained_glass":64,"minecraft:dark_oak_slab":5,"minecraft:weeping_vines":26,"minecraft:glow_berries":5,"minecraft:red_mushroom":243,"minecraft:gold_block":2,"minecraft:emerald":264,"minecraft:dark_oak_fence":150,"minecraft:stripped_dark_oak_wood":1,"minecraft:netherite_boots":3,"minecraft:writable_book":9,"minecraft:gold_nugget":215,"minecraft:sand":742,"minecraft:purple_wool":1,"minecraft:white_wool":1090,"minecraft:dark_oak_planks":333,"minecraft:fishing_rod":3,"minecraft:compass":1,"minecraft:stone_axe":3,"minecraft:goat_horn":2,"minecraft:diamond_block":308,"minecraft:ancient_debris":17,"minecraft:lever":1,"minecraft:iron_nugget":19,"minecraft:cobbled_deepslate":2504,"minecraft:black_carpet":39,"minecraft:wheat":20,"minecraft:netherite_sword":6,"minecraft:stripped_dark_oak_log":15,"minecraft:rotten_flesh":660,"minecraft:oak_planks":15,"minecraft:glowstone_dust":16,"minecraft:nether_brick_fence":3,"minecraft:azalea_leaves":39,"minecraft:quartz_block":198,"minecraft:jungle_log":155,"minecraft:leather_boots":19,"minecraft:acacia_sapling":4,"minecraft:leather_leggings":7,"minecraft:beef":37,"minecraft:podzol":1,"minecraft:glass":855,"minecraft:green_stained_glass":64,"minecraft:orange_shulker_box":3,"minecraft:golden_boots":11,"minecraft:wheat_seeds":299,"minecraft:clock":5,"minecraft:dripstone_block":18,"minecraft:netherite_chestplate":1,"minecraft:book":19,"minecraft:prismarine_crystals":327,"minecraft:coal_block":48,"minecraft:golden_apple":14,"minecraft:mushroom_stew":28,"minecraft:turtle_egg":2,"minecraft:lava_bucket":1,"minecraft:ink_sac":2,"minecraft:potion":6,"minecraft:oak_stairs":1,"minecraft:white_banner":20,"minecraft:pumpkin":3,"minecraft:chainmail_leggings":2,"minecraft:snow_block":1,"minecraft:bricks":64,"minecraft:creeper_head":1,"minecraft:player_head":88,"minecraft:sticky_piston":2,"minecraft:stone_shovel":10,"minecraft:white_carpet":6,"minecraft:clay_ball":145,"minecraft:iron_boots":19,"minecraft:damaged_anvil":1,"minecraft:name_tag":15,"minecraft:cobbled_deepslate_slab":60,"minecraft:white_terracotta":3,"minecraft:white_shulker_box":3,"minecraft:shears":1,"minecraft:oak_sign":1,"minecraft:deepslate_lapis_ore":6,"minecraft:diamond_sword":6,"minecraft:spruce_boat":6,"minecraft:flower_pot":1,"minecraft:spruce_trapdoor":6,"minecraft:spruce_planks":105,"minecraft:diamond_pickaxe":13,"minecraft:pink_shulker_box":1,"minecraft:bamboo":3,"minecraft:stone_bricks":8,"minecraft:sandstone":6,"minecraft:bow":172,"minecraft:magma_block":61,"minecraft:nether_brick_stairs":3,"minecraft:blue_shulker_box":6,"minecraft:soul_sand":150,"minecraft:moss_block":26,"minecraft:polished_granite_slab":1,"minecraft:oak_log":3,"minecraft:ender_pearl":206,"minecraft:nether_star":3,"minecraft:dark_oak_sapling":4,"minecraft:green_shulker_box":2,"minecraft:leather":16,"minecraft:iron_horse_armor":2,"minecraft:black_banner":2,"minecraft:cod":1,"minecraft:music_disc_13":4,"minecraft:cracked_polished_blackstone_bricks":41,"minecraft:dark_oak_log":560,"minecraft:packed_ice":535,"minecraft:dark_oak_wood":268,"minecraft:mutton":3,"minecraft:snowball":16,"minecraft:black_shulker_box":1,"minecraft:axolotl_bucket":3,"minecraft:gold_ingot":253,"minecraft:purpur_block":23,"minecraft:spyglass":6,"minecraft:music_disc_otherside":1,"minecraft:pointed_dripstone":24,"minecraft:cyan_shulker_box":2,"minecraft:mycelium":41,"minecraft:leather_chestplate":4,"minecraft:trident":39,"minecraft:beetroot_seeds":291,"minecraft:iron_ore":3,"minecraft:iron_bars":4,"minecraft:polished_granite":106,"minecraft:bread":4,"minecraft:vine":18,"minecraft:golden_helmet":9,"minecraft:netherite_axe":3,"minecraft:amethyst_block":7,"minecraft:activator_rail":8,"minecraft:tropical_fish":4,"minecraft:spruce_stairs":1,"minecraft:spruce_fence_gate":6,"minecraft:iron_block":65,"minecraft:milk_bucket":1,"minecraft:green_dye":2,"minecraft:light_gray_shulker_box":1,"minecraft:yellow_shulker_box":2,"minecraft:music_disc_strad":2,"minecraft:jungle_leaves":3,"minecraft:polished_blackstone_brick_slab":1,"minecraft:cactus":9,"minecraft:redstone_block":1,"minecraft:kelp":12,"minecraft:sweet_berries":26,"minecraft:oak_trapdoor":2,"minecraft:totem_of_undying":7,"minecraft:shulker_box":84,"minecraft:netherite_leggings":2,"minecraft:flint_and_steel":2,"minecraft:copper_ore":2,"minecraft:andesite":139,"minecraft:golden_leggings":5,"minecraft:oak_sapling":5,"minecraft:birch_sign":1,"minecraft:spruce_log":86,"minecraft:wooden_pickaxe":1,"minecraft:brick":3,"minecraft:clay":2,"minecraft:cooked_beef":102,"minecraft:crossbow":7,"minecraft:purpur_stairs":18,"minecraft:saddle":12,"minecraft:elytra":11,"minecraft:leather_helmet":3,"minecraft:rail":306,"minecraft:item_frame":2,"minecraft:red_carpet":1,"minecraft:dirt":442,"minecraft:red_shulker_box":3,"minecraft:stone_button":2,"minecraft:jungle_sapling":1,"minecraft:chain":7,"minecraft:bone_block":4,"minecraft:phantom_membrane":12,"minecraft:bone_meal":107,"minecraft:sugar":7,"minecraft:iron_pickaxe":29,"minecraft:end_crystal":4,"minecraft:bone":3696,"minecraft:emerald_block":304,"minecraft:sugar_cane":5,"minecraft:detector_rail":4,"minecraft:golden_chestplate":10,"minecraft:birch_sapling":2,"minecraft:lime_dye":4,"minecraft:enchanted_golden_apple":2,"minecraft:end_stone":20,"minecraft:netherite_shovel":8,"minecraft:deepslate_emerald_ore":2,"minecraft:white_bed":4,"minecraft:honey_block":7,"minecraft:hopper":17,"minecraft:ladder":1,"minecraft:white_dye":10,"minecraft:end_stone_bricks":65,"minecraft:crying_obsidian":3,"minecraft:egg":1,"minecraft:enchanted_book":54,"minecraft:iron_ingot":474,"minecraft:netherite_pickaxe":11,"minecraft:cobbled_deepslate_stairs":1,"minecraft:tnt":2,"minecraft:golden_horse_armor":2,"minecraft:deepslate_diamond_ore":34,"minecraft:netherite_helmet":3,"minecraft:feather":8,"minecraft:yellow_terracotta":3,"minecraft:oak_fence":8,"minecraft:cobblestone":1271,"minecraft:iron_helmet":15,"minecraft:apple":22,"minecraft:granite":233,"minecraft:music_disc_pigstep":1,"minecraft:spruce_door":3,"minecraft:chainmail_helmet":2,"minecraft:coal":394,"minecraft:end_rod":1,"minecraft:jungle_slab":84,"minecraft:sculk":41,"minecraft:golden_carrot":1447,"minecraft:sponge":26,"minecraft:rose_bush":1,"minecraft:pufferfish_bucket":3,"minecraft:magenta_glazed_terracotta":88,"minecraft:paper":88,"minecraft:iron_shovel":10,"minecraft:string":861,"minecraft:magenta_shulker_box":1,"minecraft:spruce_sapling":17,"minecraft:pink_tulip":12,"minecraft:purpur_pillar":3,"minecraft:furnace":7,"minecraft:moss_carpet":63,"minecraft:netherite_ingot":10,"minecraft:stone_sword":7,"minecraft:deepslate":2375,"minecraft:bowl":16,"minecraft:diamond_hoe":2,"minecraft:chicken":2,"minecraft:nether_bricks":49,"minecraft:spruce_fence":9,"minecraft:pumpkin_seeds":8,"minecraft:cobblestone_slab":11,"minecraft:potato":98,"minecraft:shroomlight":39,"minecraft:stone":866,"minecraft:spider_eye":48,"minecraft:dark_prismarine":2,"minecraft:quartz_slab":1,"minecraft:spruce_sign":45,"minecraft:gold_ore":4,"minecraft:crimson_nylium":9,"minecraft:birch_planks":1,"minecraft:brown_mushroom":289,"minecraft:diamond_axe":1,"minecraft:baked_potato":2,"minecraft:lime_shulker_box":3,"minecraft:lantern":12,"minecraft:flint":479,"minecraft:deepslate_gold_ore":4,"minecraft:polished_blackstone_brick_stairs":2,"minecraft:crimson_roots":7,"minecraft:polished_blackstone_bricks":90,"minecraft:acacia_door":6,"minecraft:gravel":1240,"minecraft:blackstone":455,"minecraft:diamond_shovel":2,"minecraft:prismarine":7,"minecraft:carrot":133,"minecraft:brown_shulker_box":1,"minecraft:chainmail_chestplate":6,"minecraft:poppy":1986,"minecraft:shulker_shell":4,"minecraft:gunpowder":354,"minecraft:azalea":1,"minecraft:melon_seeds":13,"minecraft:chainmail_boots":1,"minecraft:chest":24,"minecraft:blackstone_slab":1,"minecraft:arrow":3639,"minecraft:gray_shulker_box":1,"minecraft:basalt":750,"minecraft:prismarine_bricks":31,"minecraft:quartz":164,"minecraft:written_book":26,"minecraft:oak_leaves":1,"minecraft:netherrack":23539,"minecraft:firework_rocket":682,"minecraft:water_bucket":20,"minecraft:oak_slab":2,"minecraft:minecart":10,"minecraft:bookshelf":2,"minecraft:cyan_dye":36,"minecraft:diamond_leggings":1,"minecraft:poisonous_potato":3,"minecraft:prismarine_shard":328,"minecraft:lead":23,"minecraft:sculk_vein":6,"minecraft:copper_ingot":4,"minecraft:grass_block":10,"minecraft:stick":70,"minecraft:blue_dye":256,"minecraft:diorite":160,"minecraft:nether_gold_ore":13,"minecraft:brewing_stand":7,"minecraft:torch":416,"minecraft:map":46,"minecraft:iron_leggings":21,"minecraft:flowering_azalea":2,"minecraft:iron_axe":19,"minecraft:bucket":22,"minecraft:music_disc_cat":5,"minecraft:redstone":73,"minecraft:lapis_block":64,"minecraft:dandelion":1,"minecraft:smooth_basalt":22,"minecraft:anvil":2,"minecraft:ender_chest":3,"minecraft:blaze_rod":1,"minecraft:raw_copper":74,"minecraft:tuff":175,"minecraft:raw_iron":113,"minecraft:wither_skeleton_skull":2,"minecraft:filled_map":11,"minecraft:shield":19,"minecraft:iron_chestplate":19,"minecraft:cake":12,"minecraft:blue_ice":64,"minecraft:oak_boat":4,"minecraft:golden_sword":52,"minecraft:beacon":65,"minecraft:purple_shulker_box":1,"minecraft:stone_pickaxe":1,"minecraft:raw_gold":9,"minecraft:nether_quartz_ore":229,"minecraft:calcite":7,"minecraft:white_stained_glass":8,"minecraft:light_blue_shulker_box":2}},"DataVersion":3120}