{"stats":{"minecraft:broken":{"minecraft:wooden_pickaxe":1,"minecraft:stone_pickaxe":2,"minecraft:iron_pickaxe":1},"minecraft:killed_by":{"minecraft:player":1,"minecraft:creeper":1,"minecraft:piglin":1},"minecraft:mined":{"minecraft:tuff":44,"minecraft:dark_oak_leaves":7,"minecraft:deepslate_diamond_ore":5,"minecraft:dark_oak_log":6,"minecraft:glow_lichen":1,"minecraft:granite":47,"minecraft:crimson_trapdoor":1,"minecraft:grass_block":27,"minecraft:crimson_roots":10,"minecraft:weeping_vines":4,"minecraft:brown_mushroom_block":28,"minecraft:crimson_fungus":3,"minecraft:crimson_stem":49,"minecraft:weeping_vines_plant":4,"minecraft:redstone_ore":17,"minecraft:furnace":5,"minecraft:carrots":35,"minecraft:iron_ore":161,"minecraft:cobbled_deepslate":1,"minecraft:andesite":52,"minecraft:deepslate_lapis_ore":8,"minecraft:deepslate_iron_ore":69,"minecraft:bookshelf":8,"minecraft:potatoes":6,"minecraft:shroomlight":17,"minecraft:crimson_door":1,"minecraft:bamboo":16,"minecraft:stone":466,"minecraft:deepslate_redstone_ore":47,"minecraft:brown_mushroom":29,"minecraft:clay":3,"minecraft:crafting_table":12,"minecraft:torch":10,"minecraft:mushroom_stem":13,"minecraft:cobblestone":8,"minecraft:tall_grass":3,"minecraft:copper_ore":27,"minecraft:deepslate_coal_ore":3,"minecraft:deepslate_gold_ore":33,"minecraft:lapis_ore":33,"minecraft:sugar_cane":22,"minecraft:diorite":65,"minecraft:wall_torch":8,"minecraft:nether_wart_block":5,"minecraft:wheat":74,"minecraft:spruce_log":1,"minecraft:grass":11,"minecraft:oak_log":18,"minecraft:coal_ore":117,"minecraft:beetroots":55,"minecraft:gravel":32,"minecraft:sand":74,"minecraft:dirt":34,"minecraft:crimson_planks":5,"minecraft:red_mushroom_block":43,"minecraft:gold_ore":23,"minecraft:oak_leaves":8,"minecraft:deepslate":320},"minecraft:used":{"minecraft:beetroot":15,"minecraft:stone_sword":15,"minecraft:iron_shovel":76,"minecraft:shield":2,"minecraft:stone":1,"minecraft:iron_sword":366,"minecraft:cooked_chicken":2,"minecraft:iron_chestplate":1,"minecraft:torch":17,"minecraft:dirt":11,"minecraft:carrot":51,"minecraft:granite":1,"minecraft:shroomlight":1,"minecraft:iron_hoe":1,"minecraft:wooden_axe":56,"minecraft:crimson_planks":12,"minecraft:sweet_berries":6,"minecraft:furnace":5,"minecraft:beetroot_seeds":69,"minecraft:cooked_beef":6,"minecraft:potato":19,"minecraft:cobbled_deepslate":54,"minecraft:iron_leggings":1,"minecraft:wheat_seeds":67,"minecraft:stone_pickaxe":392,"minecraft:oak_planks":3,"minecraft:wooden_pickaxe":85,"minecraft:sugar_cane":2,"minecraft:cookie":32,"minecraft:crafting_table":11,"minecraft:mushroom_stew":2,"minecraft:apple":5,"minecraft:bread":29,"minecraft:melon_slice":18,"minecraft:iron_pickaxe":1236,"minecraft:suspicious_stew":2,"minecraft:leather_helmet":1,"minecraft:gravel":1,"minecraft:deepslate":33,"minecraft:stone_axe":45,"minecraft:fishing_rod":14,"minecraft:cobblestone":260,"minecraft:cooked_porkchop":10,"minecraft:crimson_door":2,"minecraft:andesite":9,"minecraft:oak_boat":3},"minecraft:custom":{"minecraft:mob_kills":66,"minecraft:interact_with_crafting_table":49,"minecraft:bell_ring":47,"minecraft:leave_game":21,"minecraft:time_since_death":95422,"minecraft:climb_one_cm":38503,"minecraft:sprint_one_cm":1056031,"minecraft:walk_one_cm":1859656,"minecraft:damage_blocked_by_shield":55,"minecraft:drop":107,"minecraft:talked_to_villager":26,"minecraft:play_time":457240,"minecraft:deaths":7,"minecraft:sneak_time":3040,"minecraft:walk_under_water_one_cm":12633,"minecraft:boat_one_cm":946672,"minecraft:jump":4756,"minecraft:interact_with_brewingstand":1,"minecraft:interact_with_blast_furnace":21,"minecraft:walk_on_water_one_cm":39844,"minecraft:total_world_time":457240,"minecraft:interact_with_furnace":68,"minecraft:traded_with_villager":1,"minecraft:interact_with_stonecutter":4,"minecraft:sleep_in_bed":2,"minecraft:time_since_rest":95442,"minecraft:damage_taken":6494,"minecraft:damage_dealt":11211,"minecraft:swim_one_cm":1421,"minecraft:fly_one_cm":465724,"minecraft:player_kills":1,"minecraft:open_chest":185,"minecraft:crouch_one_cm":14107,"minecraft:fish_caught":1,"minecraft:fall_one_cm":126554},"minecraft:crafted":{"minecraft:oak_planks":80,"minecraft:cooked_chicken":2,"minecraft:furnace":2,"minecraft:stone":22,"minecraft:mushroom_stew":2,"minecraft:bone_meal":3,"minecraft:bookshelf":9,"minecraft:flint_and_steel":1,"minecraft:diamond_block":1,"minecraft:diamond":27,"minecraft:diamond_helmet":1,"minecraft:diamond_leggings":1,"minecraft:iron_boots":3,"minecraft:stone_pickaxe":3,"minecraft:diamond_boots":1,"minecraft:redstone_block":15,"minecraft:dark_oak_planks":148,"minecraft:cooked_beef":4,"minecraft:crimson_planks":444,"minecraft:emerald":1,"minecraft:cooked_porkchop":13,"minecraft:crafting_table":1,"minecraft:wooden_pickaxe":2,"minecraft:iron_helmet":3,"minecraft:iron_sword":2,"minecraft:stone_axe":1,"minecraft:bread":28,"minecraft:air":0,"minecraft:jungle_planks":4,"minecraft:crimson_stairs":28,"minecraft:oak_boat":2,"minecraft:iron_chestplate":2,"minecraft:shield":1,"minecraft:stick":32,"minecraft:iron_pickaxe":6,"minecraft:iron_ingot":128,"minecraft:wooden_axe":1,"minecraft:iron_shovel":1,"minecraft:iron_leggings":3,"minecraft:crimson_door":3,"minecraft:torch":8,"minecraft:diamond_chestplate":1},"minecraft:killed":{"minecraft:spider":9,"minecraft:slime":5,"minecraft:skeleton":12,"minecraft:chicken":2,"minecraft:drowned":1,"minecraft:pig":3,"minecraft:hoglin":3,"minecraft:creeper":8,"minecraft:zombie":19,"minecraft:glow_squid":1},"minecraft:picked_up":{"minecraft:wooden_axe":3,"minecraft:fishing_rod":3,"minecraft:cocoa_beans":12,"minecraft:iron_chestplate":6,"minecraft:crafting_table":18,"minecraft:wheat":44,"minecraft:chicken":2,"minecraft:ladder":64,"minecraft:clay_ball":24,"minecraft:suspicious_stew":1,"minecraft:brown_mushroom":35,"minecraft:diamond_sword":1,"minecraft:crimson_trapdoor":1,"minecraft:crimson_planks":14,"minecraft:golden_sword":1,"minecraft:raw_copper":86,"minecraft:flint_and_steel":1,"minecraft:iron_leggings":6,"minecraft:iron_shovel":5,"minecraft:shroomlight":17,"minecraft:beetroot":47,"minecraft:cobbled_deepslate":304,"minecraft:crimson_fence":14,"minecraft:bucket":1,"minecraft:beef":4,"minecraft:oak_boat":5,"minecraft:player_head":1,"minecraft:iron_pickaxe":8,"minecraft:melon_slice":18,"minecraft:sugar_cane":33,"minecraft:iron_boots":6,"minecraft:furnace":11,"minecraft:stick":6,"minecraft:raw_iron":312,"minecraft:stone":8,"minecraft:torch":42,"minecraft:bowl":2,"minecraft:porkchop":15,"minecraft:cookie":32,"minecraft:diorite":90,"minecraft:carrot":84,"minecraft:redstone":299,"minecraft:tnt":2,"minecraft:stone_sword":3,"minecraft:arrow":26,"minecraft:weeping_vines":4,"minecraft:rotten_flesh":25,"minecraft:beetroot_seeds":116,"minecraft:cod":4,"minecraft:crimson_slab":10,"minecraft:rail":2,"minecraft:cobblestone":829,"minecraft:feather":3,"minecraft:jungle_log":1,"minecraft:crimson_stem":47,"minecraft:glow_ink_sac":14,"minecraft:andesite":60,"minecraft:leather":2,"minecraft:red_mushroom":8,"minecraft:potato":39,"minecraft:filled_map":3,"minecraft:flint":2,"minecraft:crimson_fungus":3,"minecraft:tuff":33,"minecraft:oak_log":17,"minecraft:lily_pad":1,"minecraft:golden_boots":1,"minecraft:nether_wart_block":7,"minecraft:gunpowder":21,"minecraft:lapis_lazuli":265,"minecraft:dirt":101,"minecraft:glass":4,"minecraft:bone":13,"minecraft:wheat_seeds":144,"minecraft:raw_gold":80,"minecraft:iron_ingot":76,"minecraft:stone_pickaxe":3,"minecraft:bamboo":188,"minecraft:iron_sword":6,"minecraft:book":96,"minecraft:warped_fungus":2,"minecraft:cooked_porkchop":12,"minecraft:sweet_berries":6,"minecraft:gravel":30,"minecraft:sand":145,"minecraft:crimson_door":1,"minecraft:dark_oak_log":5,"minecraft:spider_eye":1,"minecraft:leather_helmet":3,"minecraft:slime_ball":28,"minecraft:diamond":5,"minecraft:deepslate":361,"minecraft:stone_axe":3,"minecraft:iron_helmet":6,"minecraft:granite":57,"minecraft:diamond_axe":1,"minecraft:bread":11,"minecraft:netherrack":130,"minecraft:coal":145,"minecraft:crimson_roots":9,"minecraft:hopper":8,"minecraft:diamond_pickaxe":1},"minecraft:dropped":{"minecraft:crimson_planks":6,"minecraft:golden_boots":1,"minecraft:porkchop":2,"minecraft:wheat_seeds":6,"minecraft:diamond_axe":1,"minecraft:warped_fungus":2,"minecraft:tnt":2,"minecraft:feather":2,"minecraft:cobblestone":262,"minecraft:granite":28,"minecraft:flint":1,"minecraft:dirt":56,"minecraft:crimson_stairs":28,"minecraft:crimson_trapdoor":1,"minecraft:diorite":64,"minecraft:wooden_axe":1,"minecraft:crimson_fence":14,"minecraft:sand":76,"minecraft:iron_pickaxe":3,"minecraft:lily_pad":1,"minecraft:bucket":1,"minecraft:gravel":3,"minecraft:sugar_cane":4,"minecraft:stone_sword":2,"minecraft:cocoa_beans":12,"minecraft:cobbled_deepslate":42,"minecraft:bowl":2,"minecraft:tuff":1,"minecraft:raw_iron":1,"minecraft:beetroot":6,"minecraft:rotten_flesh":22,"minecraft:flint_and_steel":2,"minecraft:filled_map":3,"minecraft:diamond_sword":1,"minecraft:stone":7,"minecraft:gunpowder":10,"minecraft:crimson_slab":10,"minecraft:diamond_pickaxe":1,"minecraft:andesite":35,"minecraft:beetroot_seeds":2,"minecraft:ladder":64,"minecraft:hopper":8,"minecraft:oak_boat":3,"minecraft:spider_eye":1,"minecraft:wooden_pickaxe":1,"minecraft:glass":4,"minecraft:stone_pickaxe":3,"minecraft:netherrack":128,"minecraft:bread":4}},"DataVersion":2865}