{"stats":{"minecraft:crafted":{"minecraft:black_dye":1,"minecraft:chain":16,"minecraft:bookshelf":4,"minecraft:cooked_mutton":5,"minecraft:magenta_shulker_box":1,"minecraft:quartz_block":32,"minecraft:glass":117,"minecraft:netherite_boots":1,"minecraft:magenta_dye":81,"minecraft:white_shulker_box":1,"minecraft:flower_pot":5,"minecraft:cooked_porkchop":17,"minecraft:glow_item_frame":3,"minecraft:spruce_door":6,"minecraft:smithing_table":1,"minecraft:cobbled_deepslate_wall":53,"minecraft:copper_ingot":1662,"minecraft:painting":1,"minecraft:lectern":1,"minecraft:stone_slab":24,"minecraft:iron_pickaxe":16,"minecraft:iron_block":29,"minecraft:gold_ingot":3,"minecraft:light_gray_dye":2,"minecraft:spruce_fence_gate":131,"minecraft:stone_shovel":1,"minecraft:orange_shulker_box":1,"minecraft:spyglass":44,"minecraft:iron_nugget":720,"minecraft:player_head":2,"minecraft:tinted_glass":32,"minecraft:cut_copper_stairs":16,"minecraft:bone_meal":772,"minecraft:blue_shulker_box":1,"minecraft:spruce_fence":126,"minecraft:pink_dye":1,"minecraft:lantern":29,"minecraft:diamond":54,"minecraft:dark_oak_fence":18,"minecraft:spruce_stairs":92,"minecraft:ladder":42,"minecraft:spruce_slab":168,"minecraft:red_shulker_box":1,"minecraft:stone_pickaxe":4,"minecraft:cobbled_deepslate_stairs":97,"minecraft:spruce_boat":3,"minecraft:redstone_block":3,"minecraft:dark_oak_planks":532,"minecraft:coal_block":45,"minecraft:purple_stained_glass_pane":16,"minecraft:netherite_pickaxe":1,"minecraft:cut_copper_slab":24,"minecraft:enchanting_table":1,"minecraft:magenta_stained_glass":24,"minecraft:orange_dye":2,"minecraft:warped_sign":3,"minecraft:writable_book":12,"minecraft:iron_shovel":3,"minecraft:iron_leggings":1,"minecraft:white_bed":1,"minecraft:brick":16,"minecraft:grindstone":2,"minecraft:oak_planks":24,"minecraft:cobblestone_slab":30,"minecraft:barrel":46,"minecraft:dark_oak_boat":1,"minecraft:cooked_chicken":1,"minecraft:pink_shulker_box":1,"minecraft:stone":227,"minecraft:cobblestone_stairs":44,"minecraft:spruce_pressure_plate":1,"minecraft:dark_oak_door":3,"minecraft:bow":2,"minecraft:iron_boots":1,"minecraft:raw_copper":81,"minecraft:chest":21,"minecraft:netherite_helmet":1,"minecraft:copper_block":185,"minecraft:stone_hoe":1,"minecraft:granite_stairs":36,"minecraft:item_frame":33,"minecraft:crafting_table":16,"minecraft:spruce_planks":3023,"minecraft:wooden_pickaxe":1,"minecraft:baked_potato":390,"minecraft:iron_helmet":1,"minecraft:birch_planks":108,"minecraft:black_shulker_box":1,"minecraft:spruce_trapdoor":210,"minecraft:dark_oak_slab":66,"minecraft:iron_chestplate":2,"minecraft:book":18,"minecraft:paper":78,"minecraft:diamond_pickaxe":1,"minecraft:yellow_dye":4,"minecraft:purple_dye":6,"minecraft:shield":5,"minecraft:stick":1343,"minecraft:light_blue_dye":2,"minecraft:iron_ingot":514,"minecraft:light_blue_shulker_box":1,"minecraft:dark_oak_fence_gate":2,"minecraft:shears":1,"minecraft:wooden_sword":1,"minecraft:cobbled_deepslate_slab":190,"minecraft:coal":72,"minecraft:furnace":14,"minecraft:dark_oak_trapdoor":18,"minecraft:dark_oak_sign":9,"minecraft:magenta_stained_glass_pane":88,"minecraft:raw_copper_block":9,"minecraft:diamond_block":32,"minecraft:glass_pane":72,"minecraft:yellow_shulker_box":1,"minecraft:iron_axe":9,"minecraft:cobblestone_wall":66,"minecraft:cooked_beef":5,"minecraft:red_dye":12,"minecraft:bone_block":48,"minecraft:purple_stained_glass":16,"minecraft:spruce_sign":30,"minecraft:dark_oak_stairs":20,"minecraft:bucket":9,"minecraft:stone_axe":8,"minecraft:amethyst_block":152,"minecraft:air":0,"minecraft:bread":174,"minecraft:blue_dye":5,"minecraft:cut_copper":36,"minecraft:white_dye":4,"minecraft:stonecutter":1,"minecraft:anvil":4,"minecraft:diorite_slab":6,"minecraft:torch":936,"minecraft:clay":24,"minecraft:lapis_block":30},"minecraft:used":{"minecraft:moss_block":275,"minecraft:writable_book":56,"minecraft:spruce_slab":116,"minecraft:ladder":23,"minecraft:elytra":3,"minecraft:poppy":12,"minecraft:chest":32,"minecraft:stone":330,"minecraft:white_shulker_box":7,"minecraft:warped_sign":3,"minecraft:rotten_flesh":2,"minecraft:jungle_slab":2,"minecraft:azure_bluet":66,"minecraft:stripped_spruce_log":7,"minecraft:spruce_boat":1,"minecraft:honeycomb":1,"minecraft:grass_block":2,"minecraft:dark_oak_slab":64,"minecraft:music_disc_stal":1,"minecraft:netherite_boots":1,"minecraft:bow":257,"minecraft:dark_oak_boat":1,"minecraft:sweet_berries":2200,"minecraft:furnace":32,"minecraft:cooked_cod":25,"minecraft:egg":4,"minecraft:potato":196,"minecraft:dragon_head":1,"minecraft:magenta_shulker_box":13,"minecraft:diorite":76,"minecraft:spruce_door":1,"minecraft:cut_copper_slab":26,"minecraft:blackstone":456,"minecraft:orange_tulip":1,"minecraft:wooden_pickaxe":9,"minecraft:clay":113,"minecraft:jungle_boat":1,"minecraft:glow_berries":83,"minecraft:dark_oak_trapdoor":27,"minecraft:deepslate_tiles":16,"minecraft:spore_blossom":3,"minecraft:lectern":1,"minecraft:flowering_azalea_leaves":14,"minecraft:lilac":1,"minecraft:magenta_stained_glass_pane":109,"minecraft:diamond_sword":922,"minecraft:wooden_sword":59,"minecraft:dark_oak_fence":18,"minecraft:smithing_table":1,"minecraft:oak_boat":18,"minecraft:diorite_slab":6,"minecraft:mycelium":15,"minecraft:tinted_glass":33,"minecraft:netherrack":7,"minecraft:torch":1145,"minecraft:anvil":5,"minecraft:small_dripleaf":1,"minecraft:red_shulker_box":24,"minecraft:flowering_azalea":8,"minecraft:chipped_anvil":3,"minecraft:iron_block":33,"minecraft:iron_axe":1490,"minecraft:rooted_dirt":101,"minecraft:barrel":57,"minecraft:smooth_basalt":195,"minecraft:diamond_chestplate":2,"minecraft:cobbled_deepslate":819,"minecraft:magenta_dye":1,"minecraft:calcite":779,"minecraft:wheat_seeds":610,"minecraft:yellow_banner":1,"minecraft:water_bucket":333,"minecraft:light_blue_shulker_box":6,"minecraft:birch_planks":1,"minecraft:yellow_shulker_box":23,"minecraft:red_mushroom_block":62,"minecraft:glow_ink_sac":31,"minecraft:spruce_fence_gate":146,"minecraft:salmon":2,"minecraft:crafting_table":45,"minecraft:birch_sign":4,"minecraft:white_bed":11,"minecraft:dark_oak_fence_gate":1,"minecraft:spruce_log":469,"minecraft:mushroom_stem":10,"minecraft:amethyst_cluster":71,"minecraft:yellow_dye":2,"minecraft:diamond_pickaxe":11327,"minecraft:oxeye_daisy":1,"minecraft:diamond_shovel":2854,"minecraft:sunflower":2,"minecraft:iron_pickaxe":3785,"minecraft:spruce_pressure_plate":1,"minecraft:spruce_trapdoor":214,"minecraft:spruce_sapling":63,"minecraft:cobblestone":1445,"minecraft:azalea_leaves":17,"minecraft:cooked_porkchop":26,"minecraft:kelp":30,"minecraft:dandelion":4,"minecraft:diamond_leggings":1,"minecraft:moss_carpet":67,"minecraft:light_gray_dye":2,"minecraft:iron_shovel":791,"minecraft:bone_block":343,"minecraft:oak_sign":18,"minecraft:shield":72,"minecraft:purple_shulker_box":11,"minecraft:bell":23,"minecraft:player_head":12,"minecraft:iron_chestplate":2,"minecraft:spruce_leaves":40,"minecraft:jungle_planks":19,"minecraft:carrot":77,"minecraft:tuff":119,"minecraft:axolotl_bucket":51,"minecraft:big_dripleaf":25,"minecraft:glass":27,"minecraft:coal_ore":4,"minecraft:lantern":36,"minecraft:iron_helmet":1,"minecraft:item_frame":49,"minecraft:red_carpet":2,"minecraft:written_book":12,"minecraft:scaffolding":1,"minecraft:blue_shulker_box":5,"minecraft:dark_oak_sapling":20,"minecraft:dark_oak_stairs":34,"minecraft:end_rod":22,"minecraft:diamond_boots":2,"minecraft:stone_pickaxe":376,"minecraft:gray_carpet":4,"minecraft:dark_oak_sign":16,"minecraft:ender_pearl":18,"minecraft:diamond_axe":1293,"minecraft:sugar_cane":21,"minecraft:large_amethyst_bud":17,"minecraft:deepslate_redstone_ore":11,"minecraft:shears":53,"minecraft:cobbled_deepslate_stairs":110,"minecraft:end_stone":1,"minecraft:firework_rocket":593,"minecraft:daylight_detector":1,"minecraft:dark_oak_log":187,"minecraft:bread":161,"minecraft:string":13,"minecraft:iron_door":1,"minecraft:deepslate":22,"minecraft:gravel":2,"minecraft:grindstone":2,"minecraft:medium_amethyst_bud":7,"minecraft:andesite":180,"minecraft:chain":17,"minecraft:coarse_dirt":7,"minecraft:bone_meal":79,"minecraft:experience_bottle":3,"minecraft:azalea":13,"minecraft:trident":5,"minecraft:purpur_block":1,"minecraft:rose_bush":1,"minecraft:granite_stairs":12,"minecraft:flint_and_steel":5,"minecraft:tropical_fish":1,"minecraft:stone_shovel":131,"minecraft:spruce_planks":931,"minecraft:ender_chest":35,"minecraft:stone_hoe":101,"minecraft:cut_copper_stairs":15,"minecraft:dirt":1900,"minecraft:spyglass":2427,"minecraft:spruce_stairs":66,"minecraft:cobblestone_wall":73,"minecraft:shulker_box":49,"minecraft:diamond_helmet":2,"minecraft:spruce_fence":106,"minecraft:granite":154,"minecraft:purple_stained_glass_pane":18,"minecraft:dark_oak_planks":212,"minecraft:red_tulip":2,"minecraft:bookshelf":146,"minecraft:golden_carrot":14,"minecraft:netherite_pickaxe":3718,"minecraft:cooked_beef":39,"minecraft:red_dye":2,"minecraft:iron_leggings":1,"minecraft:cobbled_deepslate_wall":21,"minecraft:cooked_mutton":7,"minecraft:pink_tulip":2,"minecraft:amethyst_block":717,"minecraft:cobblestone_stairs":52,"minecraft:baked_potato":604,"minecraft:pink_banner":1,"minecraft:copper_block":67,"minecraft:black_shulker_box":17,"minecraft:brown_mushroom":10,"minecraft:spruce_sign":56,"minecraft:white_dye":2,"minecraft:magenta_stained_glass":18,"minecraft:beacon":2,"minecraft:stonecutter":1,"minecraft:cobblestone_slab":38,"minecraft:glow_item_frame":3,"minecraft:stripped_dark_oak_log":1,"minecraft:terracotta":1,"minecraft:red_mushroom":4,"minecraft:painting":9,"minecraft:dark_oak_door":4,"minecraft:purple_stained_glass":12,"minecraft:flower_pot":8,"minecraft:stone_slab":18,"minecraft:stone_axe":615,"minecraft:magenta_banner":2,"minecraft:cobbled_deepslate_slab":183,"minecraft:white_banner":1,"minecraft:pink_shulker_box":8,"minecraft:bucket":389},"minecraft:dropped":{"minecraft:iron_sword":2,"minecraft:lapis_lazuli":27,"minecraft:cooked_beef":11,"minecraft:diamond":89,"minecraft:crafting_table":3,"minecraft:dark_oak_slab":3,"minecraft:cut_copper_slab":2,"minecraft:crossbow":1,"minecraft:glow_berries":10,"minecraft:rooted_dirt":18,"minecraft:elytra":2,"minecraft:leather_helmet":1,"minecraft:red_carpet":6,"minecraft:dirt":554,"minecraft:birch_fence":1,"minecraft:stone_button":3,"minecraft:yellow_dye":2,"minecraft:netherite_boots":1,"minecraft:bone_meal":39,"minecraft:sand":14,"minecraft:phantom_membrane":11,"minecraft:iron_pickaxe":1,"minecraft:polished_blackstone_slab":1,"minecraft:dark_oak_planks":24,"minecraft:small_amethyst_bud":13,"minecraft:white_wool":1,"minecraft:bone":3,"minecraft:stone_axe":4,"minecraft:sugar_cane":1,"minecraft:diamond_block":2,"minecraft:iron_nugget":9,"minecraft:cooked_chicken":1,"minecraft:cobbled_deepslate":566,"minecraft:wheat":7,"minecraft:netherite_sword":1,"minecraft:rotten_flesh":77,"minecraft:oak_planks":2,"minecraft:azure_bluet":14,"minecraft:warped_planks":25,"minecraft:salmon":1,"minecraft:dark_oak_fence_gate":6,"minecraft:deepslate_tiles":1,"minecraft:coal_ore":2,"minecraft:white_dye":1,"minecraft:spruce_slab":7,"minecraft:glass":29,"minecraft:netherite_pickaxe":1,"minecraft:wheat_seeds":311,"minecraft:netherite_helmet":1,"minecraft:cobblestone":745,"minecraft:oak_fence":2,"minecraft:granite":409,"minecraft:spruce_door":2,"minecraft:purple_dye":4,"minecraft:polished_blackstone_button":1,"minecraft:coal":48,"minecraft:golden_apple":1,"minecraft:oxeye_daisy":2,"minecraft:golden_carrot":14,"minecraft:white_banner":1,"minecraft:red_dye":6,"minecraft:iron_shovel":1,"minecraft:string":11,"minecraft:lily_pad":6,"minecraft:spruce_sapling":65,"minecraft:furnace":1,"minecraft:moss_carpet":1,"minecraft:player_head":2,"minecraft:stone_sword":1,"minecraft:deepslate":7,"minecraft:cut_copper_stairs":2,"minecraft:clay_ball":18,"minecraft:iron_boots":2,"minecraft:name_tag":1,"minecraft:oak_sign":3,"minecraft:diamond_sword":1,"minecraft:light_blue_dye":1,"minecraft:stone":4,"minecraft:potato":68,"minecraft:spruce_boat":6,"minecraft:spruce_planks":4,"minecraft:diamond_pickaxe":5,"minecraft:bamboo":1629,"minecraft:spider_eye":1,"minecraft:bow":4,"minecraft:magenta_dye":67,"minecraft:spruce_sign":2,"minecraft:brown_mushroom":2,"minecraft:moss_block":105,"minecraft:birch_planks":4,"minecraft:diamond_axe":1,"minecraft:orange_dye":1,"minecraft:oak_log":4,"minecraft:large_amethyst_bud":7,"minecraft:baked_potato":93,"minecraft:ender_pearl":1520,"minecraft:leather":1,"minecraft:cobblestone_stairs":1,"minecraft:flint":16,"minecraft:spruce_leaves":51,"minecraft:packed_ice":64,"minecraft:cornflower":6,"minecraft:cooked_cod":1,"minecraft:amethyst_shard":32,"minecraft:gravel":140,"minecraft:spyglass":3,"minecraft:diamond_shovel":2,"minecraft:cooked_mutton":1,"minecraft:shulker_shell":16,"minecraft:poppy":2,"minecraft:leather_chestplate":1,"minecraft:trident":1,"minecraft:gunpowder":16,"minecraft:azalea":2,"minecraft:chest":8,"minecraft:spruce_pressure_plate":2,"minecraft:arrow":2,"minecraft:written_book":4,"minecraft:netherrack":14,"minecraft:stone_hoe":1,"minecraft:water_bucket":3,"minecraft:bread":57,"minecraft:golden_helmet":1,"minecraft:lilac":31,"minecraft:mossy_cobblestone":1,"minecraft:diamond_leggings":1,"minecraft:poisonous_potato":2,"minecraft:observer":1,"minecraft:amethyst_block":3,"minecraft:copper_ingot":23,"minecraft:tropical_fish":5,"minecraft:stick":27,"minecraft:iron_block":2,"minecraft:diorite":4,"minecraft:torch":6,"minecraft:iron_leggings":2,"minecraft:flowering_azalea":1,"minecraft:iron_axe":1,"minecraft:bucket":3,"minecraft:redstone_block":67,"minecraft:dandelion":25,"minecraft:smooth_basalt":118,"minecraft:redstone":3,"minecraft:polished_deepslate":1,"minecraft:sweet_berries":117,"minecraft:ender_chest":1,"minecraft:raw_copper":6,"minecraft:raw_iron":1,"minecraft:tuff":131,"minecraft:totem_of_undying":1,"minecraft:netherite_leggings":1,"minecraft:shield":4,"minecraft:diamond_chestplate":1,"minecraft:andesite":11,"minecraft:stone_pickaxe":1,"minecraft:wooden_pickaxe":2,"minecraft:calcite":55,"minecraft:medium_amethyst_bud":5,"minecraft:amethyst_cluster":152,"minecraft:brick":4},"minecraft:killed_by":{"minecraft:zombie":3,"minecraft:creeper":2,"minecraft:player":1,"minecraft:enderman":1,"minecraft:skeleton":4},"minecraft:broken":{"minecraft:iron_boots":1,"minecraft:iron_chestplate":1,"minecraft:iron_leggings":1,"minecraft:wooden_sword":1,"minecraft:iron_axe":4,"minecraft:iron_pickaxe":14,"minecraft:iron_helmet":1,"minecraft:iron_shovel":3,"minecraft:stone_pickaxe":2,"minecraft:stone_axe":2,"minecraft:stone_shovel":1},"minecraft:mined":{"minecraft:dark_oak_planks":165,"minecraft:red_shulker_box":24,"minecraft:white_bed":9,"minecraft:obsidian":26,"minecraft:granite":752,"minecraft:green_concrete":1,"minecraft:oak_wall_sign":3,"minecraft:oxeye_daisy":3,"minecraft:tall_seagrass":22,"minecraft:dark_oak_trapdoor":9,"minecraft:fire":5,"minecraft:cobbled_deepslate":327,"minecraft:barrel":11,"minecraft:moss_carpet":38,"minecraft:deepslate_lapis_ore":4,"minecraft:cave_vines":38,"minecraft:oak_sign":1,"minecraft:dirt_path":2,"minecraft:spruce_pressure_plate":1,"minecraft:small_amethyst_bud":244,"minecraft:pink_tulip":4,"minecraft:white_shulker_box":7,"minecraft:iron_block":28,"minecraft:tripwire":5,"minecraft:jungle_button":1,"minecraft:brown_mushroom":11,"minecraft:kelp_plant":3,"minecraft:player_wall_head":1,"minecraft:amethyst_cluster":2038,"minecraft:powder_snow":2,"minecraft:torch":55,"minecraft:spruce_wall_sign":20,"minecraft:glass":18,"minecraft:sugar_cane":158,"minecraft:spruce_sign":5,"minecraft:amethyst_block":1241,"minecraft:chain":2,"minecraft:tinted_glass":8,"minecraft:wheat":612,"minecraft:lilac":1,"minecraft:lime_concrete":1,"minecraft:potted_poppy":1,"minecraft:copper_block":3,"minecraft:grass":243,"minecraft:smooth_basalt":341,"minecraft:blue_shulker_box":5,"minecraft:red_mushroom_block":94,"minecraft:deepslate":2206,"minecraft:deepslate_tiles":18,"minecraft:pink_shulker_box":9,"minecraft:mossy_cobblestone":1,"minecraft:potted_flowering_azalea_bush":1,"minecraft:dark_oak_log":346,"minecraft:end_stone":1,"minecraft:shulker_box":51,"minecraft:dark_oak_fence":6,"minecraft:cobbled_deepslate_slab":69,"minecraft:allium":2,"minecraft:spruce_fence":3,"minecraft:jungle_planks":20,"minecraft:kelp":24,"minecraft:moss_block":294,"minecraft:red_mushroom":6,"minecraft:magenta_stained_glass_pane":31,"minecraft:andesite":194,"minecraft:big_dripleaf_stem":4,"minecraft:potatoes":184,"minecraft:vine":6,"minecraft:cobblestone_slab":8,"minecraft:bone_block":47,"minecraft:ender_chest":34,"minecraft:hanging_roots":2,"minecraft:lily_of_the_valley":1,"minecraft:observer":1,"minecraft:dandelion":27,"minecraft:cobbled_deepslate_wall":6,"minecraft:cornflower":9,"minecraft:spruce_button":1,"minecraft:emerald_ore":2,"minecraft:copper_ore":209,"minecraft:tall_grass":75,"minecraft:deepslate_gold_ore":1,"minecraft:diorite":147,"minecraft:big_dripleaf":10,"minecraft:coarse_dirt":12,"minecraft:cut_copper_slab":3,"minecraft:cobblestone_wall":7,"minecraft:dark_oak_wall_sign":6,"minecraft:purple_stained_glass":2,"minecraft:spruce_log":1163,"minecraft:birch_leaves":1,"minecraft:dark_oak_sign":3,"minecraft:mycelium":55,"minecraft:sunflower":2,"minecraft:gravel":147,"minecraft:spruce_fence_gate":28,"minecraft:chipped_anvil":3,"minecraft:fern":2,"minecraft:black_shulker_box":17,"minecraft:large_amethyst_bud":265,"minecraft:spruce_planks":352,"minecraft:farmland":2,"minecraft:cobbled_deepslate_stairs":37,"minecraft:jungle_slab":2,"minecraft:cobblestone_stairs":12,"minecraft:spruce_trapdoor":14,"minecraft:cave_vines_plant":38,"minecraft:budding_amethyst":14,"minecraft:grass_block":807,"minecraft:purple_stained_glass_pane":2,"minecraft:iron_ore":203,"minecraft:anvil":1,"minecraft:azure_bluet":76,"minecraft:dark_oak_stairs":18,"minecraft:red_tulip":4,"minecraft:flowering_azalea_leaves":16,"minecraft:birch_wall_sign":2,"minecraft:azalea_leaves":41,"minecraft:azalea":19,"minecraft:granite_stairs":9,"minecraft:spruce_slab":43,"minecraft:deepslate_redstone_ore":43,"minecraft:magenta_wall_banner":1,"minecraft:blackstone":81,"minecraft:medium_amethyst_bud":287,"minecraft:clay":201,"minecraft:calcite":1151,"minecraft:poppy":16,"minecraft:beacon":1,"minecraft:chest":18,"minecraft:mushroom_stem":10,"minecraft:cobblestone":590,"minecraft:iron_door":1,"minecraft:wall_torch":70,"minecraft:magenta_shulker_box":14,"minecraft:seagrass":16,"minecraft:dark_oak_slab":27,"minecraft:dark_oak_door":2,"minecraft:birch_log":23,"minecraft:orange_tulip":4,"minecraft:oak_log":6,"minecraft:sand":333,"minecraft:dirt":2159,"minecraft:netherrack":45,"minecraft:oak_leaves":9,"minecraft:daylight_detector":1,"minecraft:red_carpet":3,"minecraft:tuff":282,"minecraft:dark_oak_leaves":40,"minecraft:deepslate_diamond_ore":43,"minecraft:glow_lichen":2,"minecraft:stone_button":1,"minecraft:spruce_leaves":309,"minecraft:rooted_dirt":796,"minecraft:large_fern":15,"minecraft:spore_blossom":2,"minecraft:diorite_slab":2,"minecraft:spruce_sapling":2,"minecraft:furnace":29,"minecraft:carrots":12,"minecraft:dark_oak_fence_gate":1,"minecraft:stripped_spruce_log":7,"minecraft:peony":3,"minecraft:bell":2,"minecraft:polished_deepslate":1,"minecraft:bookshelf":23,"minecraft:deepslate_iron_ore":25,"minecraft:lantern":8,"minecraft:packed_ice":1,"minecraft:white_tulip":3,"minecraft:stone":6452,"minecraft:yellow_shulker_box":23,"minecraft:podzol":8,"minecraft:flowering_azalea":9,"minecraft:light_blue_shulker_box":6,"minecraft:scaffolding":1,"minecraft:cut_copper_stairs":1,"minecraft:magenta_stained_glass":1,"minecraft:stripped_dark_oak_log":2,"minecraft:oak_fence":4,"minecraft:crafting_table":38,"minecraft:rose_bush":6,"minecraft:stone_slab":9,"minecraft:deepslate_coal_ore":2,"minecraft:lapis_ore":28,"minecraft:lily_pad":6,"minecraft:spruce_stairs":19,"minecraft:birch_planks":1,"minecraft:polished_blackstone_slab":1,"minecraft:sweet_berry_bush":271,"minecraft:coal_ore":581,"minecraft:end_rod":6,"minecraft:flower_pot":1,"minecraft:gray_carpet":4,"minecraft:purple_shulker_box":15,"minecraft:terracotta":1,"minecraft:small_dripleaf":3},"minecraft:killed":{"minecraft:cod":5,"minecraft:skeleton":30,"minecraft:chicken":1,"minecraft:salmon":11,"minecraft:zombie":43,"minecraft:glow_squid":6,"minecraft:cow":8,"minecraft:endermite":1,"minecraft:ocelot":1,"minecraft:enderman":4495,"minecraft:spider":5,"minecraft:silverfish":1,"minecraft:wolf":1,"minecraft:pig":10,"minecraft:creeper":5,"minecraft:sheep":7,"minecraft:phantom":19,"minecraft:drowned":4},"minecraft:custom":{"minecraft:interact_with_crafting_table":459,"minecraft:open_barrel":391,"minecraft:bell_ring":1524,"minecraft:eat_cake_slice":5,"minecraft:leave_game":65,"minecraft:time_since_death":540072,"minecraft:damage_blocked_by_shield":3110,"minecraft:play_time":4878824,"minecraft:deaths":29,"minecraft:jump":61580,"minecraft:interact_with_furnace":456,"minecraft:play_record":1,"minecraft:traded_with_villager":2,"minecraft:sleep_in_bed":27,"minecraft:damage_dealt":85861,"minecraft:interact_with_smoker":1,"minecraft:inspect_dispenser":12,"minecraft:horse_one_cm":434174,"minecraft:interact_with_smithing_table":10,"minecraft:inspect_dropper":18,"minecraft:interact_with_anvil":87,"minecraft:inspect_hopper":3,"minecraft:damage_dealt_absorbed":3,"minecraft:target_hit":25,"minecraft:sneak_time":191069,"minecraft:interact_with_lectern":52,"minecraft:total_world_time":4878824,"minecraft:interact_with_stonecutter":2,"minecraft:time_since_rest":12979,"minecraft:swim_one_cm":1117889,"minecraft:fly_one_cm":10592487,"minecraft:open_chest":1812,"minecraft:fall_one_cm":1482904,"minecraft:animals_bred":1,"minecraft:open_shulker_box":648,"minecraft:damage_resisted":4,"minecraft:sprint_one_cm":14729600,"minecraft:drop":1065,"minecraft:talked_to_villager":7,"minecraft:walk_on_water_one_cm":674061,"minecraft:open_enderchest":712,"minecraft:interact_with_beacon":9,"minecraft:player_kills":2,"minecraft:crouch_one_cm":255974,"minecraft:mob_kills":4846,"minecraft:climb_one_cm":132597,"minecraft:walk_one_cm":3387550,"minecraft:walk_under_water_one_cm":774344,"minecraft:boat_one_cm":2166237,"minecraft:pot_flower":15,"minecraft:damage_taken":35592,"minecraft:minecart_one_cm":302,"minecraft:pig_one_cm":316,"minecraft:aviate_one_cm":12338597},"minecraft:picked_up":{"minecraft:iron_chestplate":15,"minecraft:anvil":1,"minecraft:chainmail_boots":2,"minecraft:flower_pot":3,"minecraft:stone_slab":12,"minecraft:lead":9,"minecraft:diamond_sword":4,"minecraft:enchanted_book":1,"minecraft:purple_shulker_box":15,"minecraft:amethyst_block":1172,"minecraft:polished_deepslate":1,"minecraft:dark_oak_trapdoor":9,"minecraft:string":81,"minecraft:diamond_leggings":4,"minecraft:cobbled_deepslate":2540,"minecraft:spruce_planks":565,"minecraft:written_book":15,"minecraft:azalea_leaves":36,"minecraft:dark_oak_door":2,"minecraft:golden_helmet":1,"minecraft:spruce_pressure_plate":2,"minecraft:big_dripleaf":28,"minecraft:cut_copper_stairs":1,"minecraft:golden_chestplate":1,"minecraft:stone_sword":1,"minecraft:tropical_fish":8,"minecraft:iron_block":76,"minecraft:red_tulip":7,"minecraft:bookshelf":15,"minecraft:end_rod":38,"minecraft:birch_log":27,"minecraft:cooked_beef":79,"minecraft:water_bucket":10,"minecraft:iron_door":1,"minecraft:medium_amethyst_bud":281,"minecraft:copper_block":42,"minecraft:flint":36,"minecraft:purple_stained_glass":2,"minecraft:netherite_leggings":1,"minecraft:lantern":7,"minecraft:chipped_anvil":3,"minecraft:large_amethyst_bud":245,"minecraft:dark_oak_sign":9,"minecraft:moss_block":390,"minecraft:honeycomb":1,"minecraft:stripped_spruce_log":8,"minecraft:dark_oak_log":346,"minecraft:barrel":11,"minecraft:deepslate":29,"minecraft:writable_book":17,"minecraft:granite":745,"minecraft:spruce_button":1,"minecraft:bread":98,"minecraft:rooted_dirt":795,"minecraft:dark_oak_fence":5,"minecraft:diamond_pickaxe":13,"minecraft:spruce_leaves":91,"minecraft:crafting_table":46,"minecraft:coarse_dirt":7,"minecraft:clay_ball":130,"minecraft:dragon_head":2,"minecraft:cornflower":16,"minecraft:elytra":5,"minecraft:flint_and_steel":8,"minecraft:iron_shovel":3,"minecraft:glass_pane":8,"minecraft:netherite_sword":1,"minecraft:beef":5,"minecraft:iron_nugget":1,"minecraft:poppy":28,"minecraft:spruce_slab":134,"minecraft:chest":30,"minecraft:egg":4,"minecraft:stone":286,"minecraft:amethyst_cluster":1100,"minecraft:spruce_fence":23,"minecraft:white_dye":1,"minecraft:carrot":61,"minecraft:mushroom_stem":10,"minecraft:redstone":41,"minecraft:netherite_pickaxe":4,"minecraft:diamond_chestplate":6,"minecraft:cooked_cod":18,"minecraft:shears":4,"minecraft:gold_ingot":3,"minecraft:totem_of_undying":8,"minecraft:white_shulker_box":9,"minecraft:mutton":7,"minecraft:glow_berries":88,"minecraft:bone_block":90,"minecraft:white_wool":8,"minecraft:oxeye_daisy":7,"minecraft:yellow_shulker_box":24,"minecraft:red_mushroom_block":86,"minecraft:yellow_dye":1,"minecraft:red_mushroom":6,"minecraft:filled_map":3,"minecraft:oak_log":20,"minecraft:lily_pad":38,"minecraft:jungle_button":2,"minecraft:white_banner":1,"minecraft:kelp":38,"minecraft:spore_blossom":3,"minecraft:stone_pickaxe":4,"minecraft:magenta_stained_glass":1,"minecraft:iron_sword":3,"minecraft:flowering_azalea":13,"minecraft:dark_oak_stairs":18,"minecraft:smooth_basalt":320,"minecraft:dark_oak_slab":55,"minecraft:daylight_detector":1,"minecraft:sweet_berries":3701,"minecraft:spyglass":7,"minecraft:gravel":143,"minecraft:small_amethyst_bud":244,"minecraft:spruce_sapling":154,"minecraft:spruce_log":1188,"minecraft:leather_helmet":2,"minecraft:diamond_shovel":5,"minecraft:firework_rocket":307,"minecraft:coal_ore":8,"minecraft:stone_axe":9,"minecraft:diamond_axe":5,"minecraft:deepslate_redstone_ore":11,"minecraft:painting":8,"minecraft:birch_sign":3,"minecraft:baked_potato":234,"minecraft:stripped_dark_oak_log":2,"minecraft:ender_pearl":2104,"minecraft:shulker_shell":56,"minecraft:wheat":531,"minecraft:ender_chest":39,"minecraft:potion":1,"minecraft:lapis_block":23,"minecraft:raw_copper":1465,"minecraft:iron_leggings":5,"minecraft:netherite_ingot":3,"minecraft:experience_bottle":1,"minecraft:pink_shulker_box":9,"minecraft:oak_sign":9,"minecraft:deepslate_tiles":17,"minecraft:black_shulker_box":17,"minecraft:bucket":4,"minecraft:red_dye":1,"minecraft:white_tulip":4,"minecraft:rose_bush":6,"minecraft:cobblestone_slab":16,"minecraft:calcite":1134,"minecraft:azalea":34,"minecraft:iron_pickaxe":18,"minecraft:iron_boots":5,"minecraft:furnace":28,"minecraft:stick":193,"minecraft:oak_fence":2,"minecraft:torch":823,"minecraft:spruce_stairs":16,"minecraft:porkchop":17,"minecraft:diorite":131,"minecraft:rotten_flesh":116,"minecraft:obsidian":34,"minecraft:cod":3,"minecraft:blaze_powder":1,"minecraft:cobblestone":3322,"minecraft:leather_chestplate":1,"minecraft:lilac":97,"minecraft:andesite":196,"minecraft:beacon":1,"minecraft:potato":693,"minecraft:tuff":272,"minecraft:dirt":3102,"minecraft:lapis_lazuli":309,"minecraft:glass":114,"minecraft:bone":28,"minecraft:wheat_seeds":1710,"minecraft:bow":15,"minecraft:cobbled_deepslate_wall":5,"minecraft:orange_tulip":5,"minecraft:small_dripleaf":1,"minecraft:raw_gold":4,"minecraft:cobbled_deepslate_slab":62,"minecraft:bell":3,"minecraft:purple_stained_glass_pane":2,"minecraft:bamboo":2672,"minecraft:oak_planks":12,"minecraft:stone_hoe":3,"minecraft:cooked_porkchop":19,"minecraft:sand":339,"minecraft:jungle_planks":19,"minecraft:poisonous_potato":2,"minecraft:polished_blackstone_slab":1,"minecraft:light_blue_shulker_box":6,"minecraft:grass_block":2,"minecraft:lily_of_the_valley":2,"minecraft:jungle_slab":2,"minecraft:shulker_box":52,"minecraft:mossy_cobblestone":1,"minecraft:spruce_fence_gate":28,"minecraft:clay":89,"minecraft:diamond":149,"minecraft:spruce_boat":6,"minecraft:netherite_helmet":4,"minecraft:polished_blackstone_button":1,"minecraft:crossbow":1,"minecraft:bone_meal":97,"minecraft:golden_apple":9,"minecraft:spruce_sign":39,"minecraft:emerald":6,"minecraft:oak_sapling":8,"minecraft:netherrack":48,"minecraft:allium":3,"minecraft:azure_bluet":198,"minecraft:chicken":1,"minecraft:brown_mushroom":11,"minecraft:wooden_pickaxe":3,"minecraft:chain":2,"minecraft:brick":3,"minecraft:shield":24,"minecraft:moss_carpet":68,"minecraft:iron_axe":16,"minecraft:item_frame":17,"minecraft:mycelium":15,"minecraft:birch_fence":1,"minecraft:blackstone":79,"minecraft:oak_boat":20,"minecraft:player_head":14,"minecraft:observer":2,"minecraft:blue_shulker_box":5,"minecraft:tinted_glass":7,"minecraft:sugar_cane":224,"minecraft:phantom_membrane":24,"minecraft:spruce_trapdoor":27,"minecraft:dark_oak_sapling":26,"minecraft:raw_iron":352,"minecraft:end_stone":16,"minecraft:copper_ingot":484,"minecraft:flowering_azalea_leaves":14,"minecraft:stone_button":3,"minecraft:magenta_shulker_box":14,"minecraft:trident":1,"minecraft:dark_oak_planks":177,"minecraft:arrow":63,"minecraft:red_shulker_box":24,"minecraft:pumpkin_pie":1,"minecraft:pink_tulip":7,"minecraft:netherite_boots":4,"minecraft:golden_carrot":28,"minecraft:glow_ink_sac":59,"minecraft:magenta_banner":1,"minecraft:salmon":17,"minecraft:leather":78,"minecraft:music_disc_stal":1,"minecraft:birch_planks":523,"minecraft:granite_stairs":7,"minecraft:cobblestone_wall":47,"minecraft:cobbled_deepslate_stairs":35,"minecraft:gunpowder":10,"minecraft:cobblestone_stairs":26,"minecraft:cut_copper_slab":4,"minecraft:cooked_mutton":3,"minecraft:red_carpet":8,"minecraft:gray_carpet":4,"minecraft:iron_ingot":34,"minecraft:book":12,"minecraft:scaffolding":1,"minecraft:dandelion":68,"minecraft:magenta_stained_glass_pane":29,"minecraft:amethyst_shard":9723,"minecraft:white_bed":10,"minecraft:dark_oak_fence_gate":5,"minecraft:spruce_door":5,"minecraft:spider_eye":1,"minecraft:iron_helmet":2,"minecraft:terracotta":1,"minecraft:coal":1683,"minecraft:sunflower":3}},"DataVersion":3105}