{"stats":{"minecraft:broken":{"minecraft:stone_pickaxe":2},"minecraft:killed_by":{"minecraft:creeper":1,"minecraft:zombie":1},"minecraft:picked_up":{"minecraft:crafting_table":9,"minecraft:string":8,"minecraft:shroomlight":11,"minecraft:deepslate_tiles":91,"minecraft:cobbled_deepslate":42,"minecraft:netherite_sword":1,"minecraft:oak_boat":3,"minecraft:written_book":2,"minecraft:player_head":1,"minecraft:deepslate_tile_wall":8,"minecraft:melon_slice":6,"minecraft:furnace":3,"minecraft:egg":2,"minecraft:raw_iron":44,"minecraft:stick":2,"minecraft:torch":8,"minecraft:spruce_fence":2,"minecraft:stone_button":10,"minecraft:cookie":2,"minecraft:diorite":7,"minecraft:deepslate_tile_stairs":22,"minecraft:golden_chestplate":1,"minecraft:arrow":3,"minecraft:honey_bottle":1,"minecraft:shears":1,"minecraft:deepslate_bricks":1,"minecraft:totem_of_undying":1,"minecraft:netherite_chestplate":1,"minecraft:glow_berries":1,"minecraft:mutton":2,"minecraft:white_wool":1,"minecraft:cobblestone":391,"minecraft:netherite_boots":1,"minecraft:cooked_beef":20,"minecraft:andesite":19,"minecraft:oak_log":22,"minecraft:netherite_leggings":1,"minecraft:dirt":47,"minecraft:paper":2,"minecraft:orange_terracotta":6,"minecraft:bone":7,"minecraft:wheat_seeds":4,"minecraft:warped_stem":227,"minecraft:diamond_helmet":1,"minecraft:flowering_azalea":1,"minecraft:honeycomb":3,"minecraft:sweet_berries":57,"minecraft:gravel":1,"minecraft:jungle_slab":4,"minecraft:spectral_arrow":64,"minecraft:dark_oak_chest_boat":1,"minecraft:red_terracotta":4,"minecraft:spider_eye":5,"minecraft:spruce_boat":2,"minecraft:netherite_helmet":1,"minecraft:diamond_axe":1,"minecraft:terracotta":6,"minecraft:rooted_dirt":55,"minecraft:baked_potato":4,"minecraft:oak_sapling":5,"minecraft:netherite_hoe":1,"minecraft:netherrack":9,"minecraft:coal":67},"minecraft:killed":{"minecraft:spider":7,"minecraft:skeleton":3,"minecraft:sheep":1,"minecraft:zombie":2},"minecraft:crafted":{"minecraft:oak_planks":52,"minecraft:stone_shovel":2,"minecraft:furnace":3,"minecraft:cooked_mutton":2,"minecraft:bow":1,"minecraft:iron_boots":2,"minecraft:iron_axe":1,"minecraft:stone_pickaxe":3,"minecraft:crafting_table":2,"minecraft:wooden_pickaxe":2,"minecraft:bucket":1,"minecraft:stone_axe":2,"minecraft:air":0,"minecraft:iron_chestplate":1,"minecraft:charcoal":4,"minecraft:shield":2,"minecraft:stick":36,"minecraft:iron_ingot":34,"minecraft:iron_pickaxe":2,"minecraft:iron_leggings":2,"minecraft:torch":28},"minecraft:used":{"minecraft:netherite_sword":6,"minecraft:stone_shovel":100,"minecraft:torch":35,"minecraft:dirt":27,"minecraft:jungle_slab":4,"minecraft:diamond_helmet":1,"minecraft:spruce_fence":2,"minecraft:honey_bottle":2,"minecraft:spruce_boat":3,"minecraft:flowering_azalea":1,"minecraft:iron_axe":1,"minecraft:iron_boots":1,"minecraft:bow":1,"minecraft:written_book":3,"minecraft:sweet_berries":42,"minecraft:oak_sapling":1,"minecraft:furnace":4,"minecraft:egg":1,"minecraft:cooked_beef":19,"minecraft:iron_leggings":2,"minecraft:cooked_mutton":2,"minecraft:water_bucket":2,"minecraft:stone_pickaxe":329,"minecraft:baked_potato":3,"minecraft:wooden_pickaxe":7,"minecraft:spruce_sign":1,"minecraft:diamond_axe":28,"minecraft:cookie":2,"minecraft:crafting_table":9,"minecraft:iron_pickaxe":190,"minecraft:stone_axe":23,"minecraft:cobblestone":17,"minecraft:bucket":3,"minecraft:andesite":10,"minecraft:oak_boat":3},"minecraft:dropped":{"minecraft:netherite_helmet":1,"minecraft:netherite_chestplate":1,"minecraft:stick":1,"minecraft:netherite_boots":1,"minecraft:gravel":1,"minecraft:netherite_hoe":1,"minecraft:netherite_sword":1,"minecraft:red_terracotta":4,"minecraft:netherite_leggings":1,"minecraft:orange_terracotta":3,"minecraft:andesite":2,"minecraft:dark_oak_chest_boat":1},"minecraft:mined":{"minecraft:jungle_slab":3,"minecraft:spruce_fence":1,"minecraft:grass_block":2,"minecraft:rooted_dirt":55,"minecraft:furnace":3,"minecraft:iron_ore":34,"minecraft:fire":1,"minecraft:andesite":19,"minecraft:deepslate_iron_ore":10,"minecraft:dirt_path":1,"minecraft:stone":387,"minecraft:flowering_azalea":1,"minecraft:orange_terracotta":3,"minecraft:crafting_table":9,"minecraft:melon":1,"minecraft:tall_grass":2,"minecraft:cobblestone":1,"minecraft:diorite":7,"minecraft:wall_torch":2,"minecraft:red_terracotta":2,"minecraft:sweet_berry_bush":1,"minecraft:grass":28,"minecraft:coal_ore":44,"minecraft:oak_log":22,"minecraft:gravel":1,"minecraft:dirt":44,"minecraft:terracotta":6,"minecraft:oak_leaves":24,"minecraft:deepslate":10,"minecraft:fern":4},"minecraft:custom":{"minecraft:mob_kills":17,"minecraft:interact_with_crafting_table":29,"minecraft:open_barrel":9,"minecraft:open_shulker_box":30,"minecraft:leave_game":7,"minecraft:time_since_death":486,"minecraft:climb_one_cm":2151,"minecraft:sprint_one_cm":440200,"minecraft:walk_one_cm":137163,"minecraft:drop":13,"minecraft:talked_to_villager":2,"minecraft:play_time":174280,"minecraft:deaths":2,"minecraft:sneak_time":9783,"minecraft:walk_under_water_one_cm":25069,"minecraft:boat_one_cm":133766,"minecraft:interact_with_lectern":1,"minecraft:jump":3088,"minecraft:walk_on_water_one_cm":13793,"minecraft:total_world_time":174280,"minecraft:interact_with_furnace":20,"minecraft:sleep_in_bed":1,"minecraft:time_since_rest":506,"minecraft:damage_taken":2200,"minecraft:open_enderchest":1,"minecraft:damage_dealt":2482,"minecraft:swim_one_cm":65625,"minecraft:fly_one_cm":694669,"minecraft:pig_one_cm":179,"minecraft:open_chest":54,"minecraft:crouch_one_cm":11554,"minecraft:fall_one_cm":87478,"minecraft:inspect_dispenser":1}},"DataVersion":3120}