{"stats":{"minecraft:dropped":{"minecraft:porkchop":2,"minecraft:brown_mushroom":9,"minecraft:crafting_table":2,"minecraft:dirt":20,"minecraft:mutton":3,"minecraft:sunflower":2,"minecraft:gold_nugget":12,"minecraft:iron_pickaxe":1,"minecraft:gravel":37,"minecraft:stone_axe":1,"minecraft:sugar_cane":3,"minecraft:wheat":75,"minecraft:beetroot":1,"minecraft:rotten_flesh":1,"minecraft:oak_planks":3,"minecraft:salmon":1,"minecraft:chest":1,"minecraft:spruce_slab":5,"minecraft:arrow":11,"minecraft:wheat_seeds":5,"minecraft:mossy_cobblestone":1,"minecraft:feather":2,"minecraft:cobblestone":75,"minecraft:stick":6,"minecraft:torch":3,"minecraft:redstone":4,"minecraft:kelp":2,"minecraft:sweet_berries":18,"minecraft:bowl":1,"minecraft:filled_map":1,"minecraft:potato":12,"minecraft:magma_block":3},"minecraft:killed_by":{"minecraft:creeper":1,"minecraft:magma_cube":1,"minecraft:zombie":1,"minecraft:skeleton":1},"minecraft:mined":{"minecraft:black_shulker_box":11,"minecraft:spruce_planks":86,"minecraft:white_bed":4,"minecraft:farmland":69,"minecraft:cobbled_deepslate_stairs":4,"minecraft:cobblestone_stairs":36,"minecraft:jungle_leaves":45,"minecraft:carved_pumpkin":2,"minecraft:spruce_trapdoor":4,"minecraft:cave_vines_plant":1,"minecraft:granite":453,"minecraft:grass_block":26,"minecraft:stone_brick_wall":8,"minecraft:jungle_log":4,"minecraft:white_concrete":1,"minecraft:soul_soil":214,"minecraft:oak_wall_sign":4,"minecraft:chiseled_stone_bricks":12,"minecraft:tall_seagrass":4,"minecraft:weeping_vines_plant":1,"minecraft:magma_block":8,"minecraft:iron_ore":189,"minecraft:cobbled_deepslate":17,"minecraft:cyan_wall_banner":1,"minecraft:pumpkin":326,"minecraft:deepslate_lapis_ore":9,"minecraft:azure_bluet":1,"minecraft:cave_vines":3,"minecraft:oak_sign":2,"minecraft:polished_deepslate_slab":13,"minecraft:dirt_path":3,"minecraft:spruce_pressure_plate":1,"minecraft:birch_wall_sign":6,"minecraft:jungle_pressure_plate":1,"minecraft:spruce_slab":78,"minecraft:deepslate_redstone_ore":16,"minecraft:brown_mushroom":215,"minecraft:kelp_plant":75,"minecraft:polished_deepslate_stairs":7,"minecraft:powder_snow":3,"minecraft:clay":1,"minecraft:torch":152,"minecraft:poppy":1,"minecraft:melon":6,"minecraft:dead_bush":24,"minecraft:chest":47,"minecraft:mushroom_stem":35,"minecraft:spruce_wall_sign":2,"minecraft:cobblestone":306,"minecraft:oak_planks":6,"minecraft:prismarine":4,"minecraft:sugar_cane":430,"minecraft:wall_torch":118,"minecraft:spruce_sign":1,"minecraft:seagrass":10,"minecraft:birch_log":70,"minecraft:wheat":164,"minecraft:lilac":4,"minecraft:pumpkin_stem":22,"minecraft:grass":340,"minecraft:oak_log":83,"minecraft:beetroots":34,"minecraft:diorite_wall":2,"minecraft:sand":235,"minecraft:dirt":1735,"minecraft:raw_copper_block":1,"minecraft:red_mushroom_block":91,"minecraft:stonecutter":1,"minecraft:oak_leaves":73,"minecraft:deepslate":1007,"minecraft:tuff":101,"minecraft:mossy_cobblestone":18,"minecraft:dark_oak_leaves":37,"minecraft:deepslate_diamond_ore":4,"minecraft:blackstone_wall":6,"minecraft:oak_door":6,"minecraft:stripped_birch_log":1,"minecraft:dark_oak_log":96,"minecraft:sea_lantern":1,"minecraft:glow_lichen":12,"minecraft:lever":7,"minecraft:ladder":10,"minecraft:cobbled_deepslate_slab":3,"minecraft:spruce_fence":10,"minecraft:brown_mushroom_block":225,"minecraft:spruce_leaves":119,"minecraft:red_mushroom":105,"minecraft:kelp":18,"minecraft:large_fern":13,"minecraft:hay_block":47,"minecraft:redstone_ore":2,"minecraft:spruce_sapling":2,"minecraft:furnace":24,"minecraft:carrots":23,"minecraft:andesite":77,"minecraft:stripped_spruce_log":1,"minecraft:peony":30,"minecraft:polished_deepslate":1,"minecraft:bookshelf":12,"minecraft:potatoes":368,"minecraft:cobblestone_slab":23,"minecraft:deepslate_iron_ore":9,"minecraft:vine":52,"minecraft:bamboo":16,"minecraft:stone":6963,"minecraft:podzol":343,"minecraft:soul_sand":59,"minecraft:polished_granite":5,"minecraft:stripped_dark_oak_log":1,"minecraft:basalt":5,"minecraft:polished_blackstone_brick_wall":5,"minecraft:dandelion":1,"minecraft:spruce_door":1,"minecraft:oak_fence":1,"minecraft:crafting_table":10,"minecraft:cornflower":1,"minecraft:rose_bush":20,"minecraft:lectern":1,"minecraft:copper_ore":397,"minecraft:tall_grass":26,"minecraft:deepslate_gold_ore":8,"minecraft:lapis_ore":31,"minecraft:diorite":139,"minecraft:spruce_stairs":10,"minecraft:cactus":2,"minecraft:birch_planks":4,"minecraft:cut_copper_slab":2,"minecraft:coarse_dirt":88,"minecraft:dark_oak_wall_sign":6,"minecraft:sweet_berry_bush":34,"minecraft:spruce_log":753,"minecraft:birch_leaves":2,"minecraft:yellow_bed":6,"minecraft:coal_ore":342,"minecraft:mycelium":177,"minecraft:cocoa":5,"minecraft:sunflower":107,"minecraft:gravel":209,"minecraft:cracked_stone_bricks":6,"minecraft:spruce_fence_gate":5,"minecraft:stone_bricks":4,"minecraft:mossy_stone_bricks":18,"minecraft:gold_ore":19,"minecraft:birch_fence":20,"minecraft:fern":85},"minecraft:killed":{"minecraft:spider":5,"minecraft:cod":6,"minecraft:chicken":4,"minecraft:tropical_fish":3,"minecraft:pig":1,"minecraft:zombie_villager":1,"minecraft:salmon":4,"minecraft:sheep":3,"minecraft:zombie":12,"minecraft:mooshroom":16,"minecraft:drowned":8,"minecraft:squid":1,"minecraft:enderman":1},"minecraft:used":{"minecraft:moss_carpet":2,"minecraft:jack_o_lantern":2,"minecraft:writable_book":23,"minecraft:iron_shovel":1256,"minecraft:polished_deepslate":69,"minecraft:spruce_slab":509,"minecraft:poppy":1,"minecraft:ladder":40,"minecraft:oak_sign":12,"minecraft:chest":69,"minecraft:stone":8,"minecraft:warped_sign":3,"minecraft:spruce_leaves":9,"minecraft:soul_sand":2,"minecraft:cocoa_beans":1,"minecraft:cut_copper":56,"minecraft:carrot":24,"minecraft:music_disc_13":1,"minecraft:tuff":5,"minecraft:axolotl_bucket":10,"minecraft:stripped_spruce_log":1,"minecraft:milk_bucket":4,"minecraft:polished_deepslate_stairs":45,"minecraft:spruce_boat":16,"minecraft:polished_blackstone_brick_wall":67,"minecraft:diorite_wall":57,"minecraft:stone_bricks":1,"minecraft:item_frame":1,"minecraft:magma_block":1,"minecraft:written_book":2,"minecraft:sweet_berries":36,"minecraft:furnace":30,"minecraft:beetroot_seeds":53,"minecraft:egg":26,"minecraft:potato":418,"minecraft:seagrass":4,"minecraft:deepslate_brick_wall":53,"minecraft:mossy_stone_bricks":6,"minecraft:diorite":18,"minecraft:spruce_door":5,"minecraft:cut_copper_slab":55,"minecraft:stone_pickaxe":918,"minecraft:dark_oak_sign":12,"minecraft:wooden_pickaxe":59,"minecraft:jungle_pressure_plate":1,"minecraft:sugar_cane":71,"minecraft:jungle_boat":78,"minecraft:glow_berries":1,"minecraft:sand":1,"minecraft:mushroom_stew":5,"minecraft:blackstone_wall":82,"minecraft:stone_brick_wall":72,"minecraft:shears":154,"minecraft:cobbled_deepslate_stairs":112,"minecraft:pumpkin_seeds":63,"minecraft:birch_fence":20,"minecraft:lever":12,"minecraft:dark_oak_log":90,"minecraft:gravel":32,"minecraft:birch_log":8,"minecraft:andesite":10,"minecraft:oak_boat":2,"minecraft:white_concrete":1,"minecraft:coarse_dirt":129,"minecraft:bone_meal":18,"minecraft:music_disc_otherside":1,"minecraft:stone_shovel":267,"minecraft:spruce_planks":935,"minecraft:wooden_shovel":59,"minecraft:stone_hoe":330,"minecraft:cut_copper_stairs":32,"minecraft:oak_door":8,"minecraft:torch":571,"minecraft:dirt":1112,"minecraft:hopper":1,"minecraft:spruce_stairs":19,"minecraft:cod_bucket":1,"minecraft:granite":11,"minecraft:salmon_bucket":2,"minecraft:glow_lichen":7,"minecraft:spruce_fence":34,"minecraft:andesite_wall":64,"minecraft:yellow_stained_glass":10,"minecraft:iron_axe":1915,"minecraft:golden_carrot":42,"minecraft:soul_soil":160,"minecraft:cyan_banner":1,"minecraft:granite_wall":46,"minecraft:cobbled_deepslate":84,"minecraft:red_dye":1,"minecraft:pumpkin":4,"minecraft:wheat_seeds":194,"minecraft:water_bucket":138,"minecraft:cobblestone_stairs":38,"minecraft:birch_planks":4,"minecraft:glass_bottle":12,"minecraft:baked_potato":241,"minecraft:black_shulker_box":11,"minecraft:brown_mushroom":30,"minecraft:spruce_sign":7,"minecraft:spruce_fence_gate":6,"minecraft:cobblestone_slab":23,"minecraft:cracked_stone_bricks":1,"minecraft:polished_deepslate_slab":61,"minecraft:mossy_cobblestone":18,"minecraft:music_disc_cat":2,"minecraft:vine":14,"minecraft:crafting_table":12,"minecraft:birch_sign":18,"minecraft:red_mushroom":24,"minecraft:white_bed":3,"minecraft:spruce_log":383,"minecraft:oak_log":4,"minecraft:piston":2,"minecraft:yellow_dye":8,"minecraft:acacia_sign":1,"minecraft:sunflower":4,"minecraft:iron_pickaxe":9516,"minecraft:spruce_pressure_plate":2,"minecraft:spruce_trapdoor":8,"minecraft:spruce_sapling":47,"minecraft:stone_axe":54,"minecraft:fishing_rod":9,"minecraft:cobblestone":504,"minecraft:cobbled_deepslate_slab":105,"minecraft:bucket":152,"minecraft:lapis_block":1,"minecraft:yellow_bed":7,"minecraft:kelp":21},"minecraft:broken":{"minecraft:iron_shovel":5,"minecraft:wooden_shovel":1,"minecraft:stone_pickaxe":7,"minecraft:stone_shovel":2,"minecraft:stone_hoe":2,"minecraft:wooden_pickaxe":1,"minecraft:iron_axe":8,"minecraft:iron_pickaxe":37},"minecraft:crafted":{"minecraft:oak_planks":316,"minecraft:cobblestone_slab":12,"minecraft:oak_sign":3,"minecraft:stone":8,"minecraft:cobblestone_stairs":20,"minecraft:lever":4,"minecraft:spruce_pressure_plate":1,"minecraft:glass":48,"minecraft:hopper":1,"minecraft:raw_copper":594,"minecraft:chest":25,"minecraft:copper_block":143,"minecraft:birch_door":3,"minecraft:stone_hoe":3,"minecraft:glass_bottle":12,"minecraft:wooden_shovel":1,"minecraft:arrow":64,"minecraft:emerald":19,"minecraft:crafting_table":2,"minecraft:spruce_planks":1164,"minecraft:wooden_pickaxe":1,"minecraft:baked_potato":416,"minecraft:spruce_door":3,"minecraft:mossy_cobblestone":1,"minecraft:copper_ingot":1145,"minecraft:birch_planks":168,"minecraft:pumpkin_seeds":28,"minecraft:polished_deepslate_slab":48,"minecraft:yellow_stained_glass":16,"minecraft:spruce_trapdoor":4,"minecraft:yellow_dye":11,"minecraft:book":1,"minecraft:paper":33,"minecraft:charcoal":8,"minecraft:birch_fence":21,"minecraft:stick":252,"minecraft:iron_ingot":182,"minecraft:iron_pickaxe":38,"minecraft:gold_ingot":2,"minecraft:light_gray_dye":1,"minecraft:spruce_fence_gate":3,"minecraft:shears":1,"minecraft:coarse_dirt":124,"minecraft:cobbled_deepslate_slab":114,"minecraft:oak_door":3,"minecraft:stone_shovel":2,"minecraft:polished_deepslate_stairs":40,"minecraft:cut_copper_stairs":32,"minecraft:furnace":9,"minecraft:piston":2,"minecraft:jack_o_lantern":2,"minecraft:yellow_bed":1,"minecraft:dark_oak_sign":6,"minecraft:bone_meal":33,"minecraft:spruce_fence":24,"minecraft:raw_copper_block":1,"minecraft:spruce_stairs":12,"minecraft:polished_deepslate":168,"minecraft:iron_axe":8,"minecraft:ladder":21,"minecraft:spruce_slab":444,"minecraft:stone_pickaxe":7,"minecraft:cobbled_deepslate_stairs":108,"minecraft:dark_oak_planks":28,"minecraft:birch_sign":12,"minecraft:wheat":408,"minecraft:sugar":64,"minecraft:red_dye":1,"minecraft:cut_copper_slab":54,"minecraft:spruce_sign":3,"minecraft:bowl":112,"minecraft:bucket":2,"minecraft:air":0,"minecraft:blue_dye":1,"minecraft:cut_copper":140,"minecraft:oak_boat":1,"minecraft:gold_nugget":9,"minecraft:writable_book":1,"minecraft:iron_shovel":5,"minecraft:torch":224,"minecraft:lapis_block":31},"minecraft:custom":{"minecraft:animals_bred":25,"minecraft:interact_with_crafting_table":215,"minecraft:open_barrel":219,"minecraft:open_shulker_box":40,"minecraft:bell_ring":4,"minecraft:eat_cake_slice":3,"minecraft:leave_game":49,"minecraft:time_since_death":318365,"minecraft:damage_resisted":30,"minecraft:sprint_one_cm":5079311,"minecraft:drop":82,"minecraft:talked_to_villager":24,"minecraft:play_time":2437512,"minecraft:deaths":8,"minecraft:jump":23420,"minecraft:walk_on_water_one_cm":423258,"minecraft:interact_with_furnace":239,"minecraft:play_record":4,"minecraft:traded_with_villager":23,"minecraft:sleep_in_bed":33,"minecraft:open_enderchest":46,"minecraft:damage_dealt":8172,"minecraft:crouch_one_cm":77974,"minecraft:inspect_dispenser":1,"minecraft:horse_one_cm":3994,"minecraft:mob_kills":65,"minecraft:interact_with_anvil":9,"minecraft:climb_one_cm":196749,"minecraft:walk_one_cm":8283940,"minecraft:sneak_time":50783,"minecraft:walk_under_water_one_cm":494158,"minecraft:boat_one_cm":4224391,"minecraft:interact_with_lectern":39,"minecraft:total_world_time":2437512,"minecraft:pot_flower":1,"minecraft:time_since_rest":1539,"minecraft:damage_taken":9124,"minecraft:minecart_one_cm":63159,"minecraft:swim_one_cm":583942,"minecraft:fly_one_cm":4737576,"minecraft:open_chest":1734,"minecraft:fish_caught":4,"minecraft:fall_one_cm":437921},"minecraft:picked_up":{"minecraft:seagrass":26,"minecraft:birch_door":6,"minecraft:wheat":500,"minecraft:lead":9,"minecraft:wither_rose":1,"minecraft:potion":3,"minecraft:raw_copper":2090,"minecraft:polished_deepslate":3,"minecraft:lapis_block":31,"minecraft:music_disc_cat":2,"minecraft:soul_soil":322,"minecraft:string":10,"minecraft:pufferfish":1,"minecraft:oak_sign":9,"minecraft:beetroot":67,"minecraft:cobbled_deepslate":2589,"minecraft:black_shulker_box":12,"minecraft:gold_nugget":60,"minecraft:bucket":1,"minecraft:dark_oak_leaves":57,"minecraft:spruce_planks":354,"minecraft:red_dye":1,"minecraft:written_book":1,"minecraft:rose_bush":60,"minecraft:cobblestone_slab":26,"minecraft:iron_pickaxe":9,"minecraft:melon_slice":90,"minecraft:furnace":28,"minecraft:golden_helmet":1,"minecraft:spruce_pressure_plate":1,"minecraft:stick":139,"minecraft:polished_deepslate_stairs":9,"minecraft:torch":580,"minecraft:spruce_stairs":16,"minecraft:porkchop":2,"minecraft:golden_axe":3,"minecraft:diorite":308,"minecraft:vine":75,"minecraft:cactus":6,"minecraft:rotten_flesh":82,"minecraft:tropical_fish":12,"minecraft:salmon_bucket":1,"minecraft:blackstone_wall":6,"minecraft:blue_dye":2,"minecraft:carved_pumpkin":2,"minecraft:cod":19,"minecraft:cobblestone":17152,"minecraft:birch_log":132,"minecraft:leather_chestplate":1,"minecraft:cooked_beef":15,"minecraft:magma_block":16,"minecraft:jungle_pressure_plate":1,"minecraft:feather":17,"minecraft:lilac":9,"minecraft:jungle_log":5,"minecraft:water_bucket":5,"minecraft:andesite":93,"minecraft:copper_block":3,"minecraft:potato":2567,"minecraft:flint":36,"minecraft:tuff":259,"minecraft:light_gray_dye":2,"minecraft:stripped_birch_log":2,"minecraft:map":3,"minecraft:lapis_lazuli":393,"minecraft:dirt":4660,"minecraft:polished_granite":5,"minecraft:bone":11,"minecraft:glass":32,"minecraft:granite_wall":18,"minecraft:stonecutter":1,"minecraft:wheat_seeds":894,"minecraft:cobbled_deepslate_slab":3,"minecraft:raw_gold":73,"minecraft:dark_oak_sign":6,"minecraft:prismarine":3,"minecraft:mossy_stone_bricks":22,"minecraft:bamboo":456,"minecraft:stone_hoe":2,"minecraft:oak_planks":146,"minecraft:glow_lichen":25,"minecraft:diorite_wall":2,"minecraft:music_disc_13":1,"minecraft:poisonous_potato":9,"minecraft:sand":777,"minecraft:stripped_spruce_log":1,"minecraft:ink_sac":31,"minecraft:dark_oak_log":190,"minecraft:mossy_cobblestone":26,"minecraft:spruce_fence_gate":5,"minecraft:diamond":12,"minecraft:spruce_boat":16,"minecraft:lever":10,"minecraft:writable_book":1,"minecraft:granite":915,"minecraft:bone_meal":12,"minecraft:grass":126,"minecraft:spruce_sign":3,"minecraft:white_concrete":1,"minecraft:emerald":2,"minecraft:oak_sapling":40,"minecraft:spruce_leaves":81,"minecraft:fishing_rod":2,"minecraft:cocoa_beans":57,"minecraft:crafting_table":18,"minecraft:coarse_dirt":90,"minecraft:azure_bluet":1,"minecraft:chicken":12,"minecraft:ladder":48,"minecraft:clay_ball":12,"minecraft:brown_mushroom":514,"minecraft:stone_brick_wall":8,"minecraft:cornflower":1,"minecraft:moss_carpet":2,"minecraft:iron_axe":6,"minecraft:item_frame":1,"minecraft:birch_fence":62,"minecraft:blackstone":54,"minecraft:cracked_stone_bricks":8,"minecraft:music_disc_otherside":1,"minecraft:beef":99,"minecraft:lectern":1,"minecraft:oak_boat":3,"minecraft:jungle_sapling":4,"minecraft:poppy":2,"minecraft:spruce_slab":98,"minecraft:chest":48,"minecraft:sugar_cane":1782,"minecraft:birch_sapling":45,"minecraft:spruce_trapdoor":4,"minecraft:raw_copper_block":1,"minecraft:egg":3,"minecraft:dark_oak_sapling":6,"minecraft:raw_iron":209,"minecraft:polished_deepslate_slab":13,"minecraft:oak_door":11,"minecraft:copper_ingot":219,"minecraft:bowl":6,"minecraft:spruce_fence":13,"minecraft:fire_charge":4,"minecraft:carrot":183,"minecraft:redstone":254,"minecraft:prismarine_crystals":2,"minecraft:dark_oak_planks":3,"minecraft:tnt":3,"minecraft:arrow":42,"minecraft:beetroot_seeds":153,"minecraft:peony":90,"minecraft:shears":8,"minecraft:cut_copper":1,"minecraft:hay_block":57,"minecraft:gold_ingot":2,"minecraft:glow_berries":1,"minecraft:mutton":18,"minecraft:white_wool":11,"minecraft:jungle_boat":84,"minecraft:basalt":12,"minecraft:golden_carrot":42,"minecraft:salmon":17,"minecraft:leather":58,"minecraft:fern":66,"minecraft:red_mushroom":250,"minecraft:filled_map":1,"minecraft:birch_planks":6,"minecraft:mushroom_stew":9,"minecraft:oak_log":87,"minecraft:cobbled_deepslate_stairs":4,"minecraft:golden_boots":7,"minecraft:yellow_bed":6,"minecraft:cobblestone_stairs":42,"minecraft:paper":6,"minecraft:cut_copper_slab":3,"minecraft:kelp":701,"minecraft:apple":1,"minecraft:stone_bricks":6,"minecraft:iron_ingot":31,"minecraft:soul_sand":167,"minecraft:book":36,"minecraft:pumpkin":738,"minecraft:sweet_berries":146,"minecraft:chiseled_stone_bricks":12,"minecraft:dandelion":1,"minecraft:gravel":392,"minecraft:spruce_sapling":117,"minecraft:white_bed":4,"minecraft:spruce_log":963,"minecraft:spruce_door":5,"minecraft:spider_eye":11,"minecraft:cyan_banner":1,"minecraft:pumpkin_seeds":97,"minecraft:stone_axe":3,"minecraft:birch_sign":11,"minecraft:polished_blackstone_brick_wall":28,"minecraft:baked_potato":241,"minecraft:stripped_dark_oak_log":1,"minecraft:coal":423,"minecraft:sunflower":139,"minecraft:ender_pearl":3}},"DataVersion":2975}