{"stats":{"minecraft:dropped":{"minecraft:iron_sword":1,"minecraft:oak_slab":2,"minecraft:wheat_seeds":5,"minecraft:dripstone_block":5,"minecraft:feather":1,"minecraft:amethyst_block":2,"minecraft:granite":16,"minecraft:cod":2,"minecraft:flint":1,"minecraft:stick":2,"minecraft:diorite":1,"minecraft:crimson_roots":2,"minecraft:writable_book":1,"minecraft:amethyst_shard":6,"minecraft:iron_pickaxe":1,"minecraft:string":3,"minecraft:gravel":5,"minecraft:stone_axe":1,"minecraft:sweet_berries":2,"minecraft:player_head":1,"minecraft:twisting_vines":4,"minecraft:raw_iron":1,"minecraft:pointed_dripstone":1,"minecraft:rotten_flesh":16,"minecraft:salmon":1,"minecraft:powder_snow_bucket":1,"minecraft:andesite":6,"minecraft:spider_eye":1,"minecraft:arrow":1,"minecraft:stone_pickaxe":1,"minecraft:magma_cream":1,"minecraft:quartz":6,"minecraft:netherrack":9},"minecraft:crafted":{"minecraft:oak_planks":192,"minecraft:stone_shovel":1,"minecraft:oak_sign":30,"minecraft:fishing_rod":1,"minecraft:cooked_chicken":2,"minecraft:furnace":3,"minecraft:cooked_mutton":5,"minecraft:diamond_block":1,"minecraft:flint_and_steel":1,"minecraft:stone_pickaxe":1,"minecraft:cooked_beef":8,"minecraft:oak_slab":6,"minecraft:cooked_porkchop":5,"minecraft:crafting_table":2,"minecraft:wooden_pickaxe":1,"minecraft:iron_sword":1,"minecraft:cooked_salmon":3,"minecraft:bucket":2,"minecraft:stone_axe":2,"minecraft:air":0,"minecraft:blue_dye":1,"minecraft:oak_boat":2,"minecraft:shield":1,"minecraft:stick":44,"minecraft:iron_ingot":76,"minecraft:iron_pickaxe":3,"minecraft:iron_block":3,"minecraft:iron_shovel":1,"minecraft:gold_ingot":9,"minecraft:anvil":1,"minecraft:light_gray_dye":1,"minecraft:torch":24},"minecraft:picked_up":{"minecraft:crafting_table":16,"minecraft:azure_bluet":11,"minecraft:chicken":2,"minecraft:anvil":1,"minecraft:gold_block":1,"minecraft:amethyst_block":102,"minecraft:heavy_weighted_pressure_plate":2,"minecraft:string":5,"minecraft:moss_carpet":4,"minecraft:blackstone":17,"minecraft:oak_sign":3,"minecraft:cobbled_deepslate":151,"minecraft:beef":8,"minecraft:oak_boat":21,"minecraft:player_head":1,"minecraft:iron_pickaxe":1,"minecraft:furnace":14,"minecraft:egg":1,"minecraft:stick":11,"minecraft:raw_iron":78,"minecraft:oak_door":1,"minecraft:torch":2,"minecraft:porkchop":11,"minecraft:pointed_dripstone":23,"minecraft:diorite":1,"minecraft:redstone":99,"minecraft:arrow":12,"minecraft:rotten_flesh":17,"minecraft:mutton":5,"minecraft:cod":10,"minecraft:snowball":5,"minecraft:white_wool":3,"minecraft:cobblestone":126,"minecraft:magma_block":1,"minecraft:andesite":7,"minecraft:feather":1,"minecraft:basalt":8,"minecraft:magma_cream":1,"minecraft:golden_carrot":64,"minecraft:iron_door":1,"minecraft:salmon":7,"minecraft:leather":6,"minecraft:music_disc_stal":1,"minecraft:flint":3,"minecraft:tuff":4,"minecraft:oak_log":48,"minecraft:yellow_bed":1,"minecraft:gunpowder":11,"minecraft:lapis_lazuli":55,"minecraft:dirt":162,"minecraft:twisting_vines":6,"minecraft:bone":18,"minecraft:apple":1,"minecraft:bow":1,"minecraft:wheat_seeds":5,"minecraft:raw_gold":88,"minecraft:iron_ingot":1,"minecraft:cooked_chicken":3,"minecraft:iron_sword":1,"minecraft:oak_planks":75,"minecraft:scaffolding":1,"minecraft:sweet_berries":57,"minecraft:warped_wart_block":2,"minecraft:quartz":6,"minecraft:dripstone_block":14,"minecraft:gravel":10,"minecraft:amethyst_shard":6,"minecraft:grass_block":1,"minecraft:spider_eye":1,"minecraft:diamond":21,"minecraft:stone_axe":1,"minecraft:granite":16,"minecraft:netherrack":66,"minecraft:coal":30,"minecraft:crimson_roots":2},"minecraft:custom":{"minecraft:inspect_dropper":3,"minecraft:interact_with_anvil":1,"minecraft:mob_kills":87,"minecraft:inspect_hopper":4,"minecraft:interact_with_crafting_table":40,"minecraft:open_barrel":42,"minecraft:open_shulker_box":18,"minecraft:leave_game":12,"minecraft:time_since_death":344174,"minecraft:climb_one_cm":16016,"minecraft:sprint_one_cm":1598716,"minecraft:walk_one_cm":728134,"minecraft:damage_blocked_by_shield":855,"minecraft:drop":48,"minecraft:play_noteblock":1,"minecraft:talked_to_villager":1,"minecraft:play_time":344174,"minecraft:sneak_time":12210,"minecraft:walk_under_water_one_cm":29559,"minecraft:boat_one_cm":542476,"minecraft:interact_with_lectern":20,"minecraft:jump":14086,"minecraft:walk_on_water_one_cm":25369,"minecraft:total_world_time":344174,"minecraft:interact_with_furnace":105,"minecraft:play_record":1,"minecraft:sleep_in_bed":3,"minecraft:time_since_rest":57351,"minecraft:damage_taken":4860,"minecraft:open_enderchest":6,"minecraft:damage_dealt":13897,"minecraft:swim_one_cm":69952,"minecraft:fly_one_cm":3720970,"minecraft:open_chest":311,"minecraft:crouch_one_cm":42414,"minecraft:fish_caught":15,"minecraft:fall_one_cm":480306,"minecraft:horse_one_cm":1234},"minecraft:mined":{"minecraft:large_amethyst_bud":1,"minecraft:tuff":5,"minecraft:deepslate_diamond_ore":21,"minecraft:oak_door":1,"minecraft:glow_lichen":1,"minecraft:granite":16,"minecraft:budding_amethyst":8,"minecraft:grass_block":156,"minecraft:crimson_roots":7,"minecraft:spruce_leaves":2,"minecraft:oak_wall_sign":2,"minecraft:large_fern":3,"minecraft:magma_block":1,"minecraft:furnace":15,"minecraft:iron_ore":22,"minecraft:cobbled_deepslate":1,"minecraft:fire":6,"minecraft:snow":1,"minecraft:andesite":7,"minecraft:moss_carpet":2,"minecraft:anvil":1,"minecraft:deepslate_lapis_ore":8,"minecraft:azure_bluet":11,"minecraft:gold_block":1,"minecraft:twisting_vines":3,"minecraft:pointed_dripstone":17,"minecraft:oak_sign":1,"minecraft:cave_vines":1,"minecraft:deepslate_iron_ore":56,"minecraft:stone":97,"minecraft:deepslate_redstone_ore":23,"minecraft:scaffolding":1,"minecraft:blackstone":18,"minecraft:twisting_vines_plant":2,"minecraft:snow_block":2,"minecraft:crimson_nylium":6,"minecraft:basalt":8,"minecraft:powder_snow":6,"minecraft:crafting_table":16,"minecraft:torch":1,"minecraft:calcite":1,"minecraft:tall_grass":9,"minecraft:cobblestone":20,"minecraft:deepslate_gold_ore":46,"minecraft:iron_door":1,"minecraft:wall_torch":1,"minecraft:amethyst_block":104,"minecraft:warped_wart_block":2,"minecraft:warped_nylium":3,"minecraft:sweet_berry_bush":13,"minecraft:yellow_bed":1,"minecraft:grass":25,"minecraft:oak_log":48,"minecraft:coal_ore":11,"minecraft:gravel":11,"minecraft:dripstone_block":10,"minecraft:dirt":9,"minecraft:netherrack":80,"minecraft:oak_leaves":5,"minecraft:deepslate":179},"minecraft:used":{"minecraft:moss_carpet":4,"minecraft:writable_book":2,"minecraft:iron_shovel":36,"minecraft:flint_and_steel":1,"minecraft:stone_shovel":135,"minecraft:oak_sign":16,"minecraft:shield":15,"minecraft:iron_sword":247,"minecraft:cooked_salmon":3,"minecraft:cooked_chicken":5,"minecraft:rotten_flesh":1,"minecraft:netherrack":57,"minecraft:oak_door":1,"minecraft:torch":26,"minecraft:anvil":1,"minecraft:dirt":162,"minecraft:warped_wart_block":2,"minecraft:twisting_vines":2,"minecraft:tuff":4,"minecraft:snowball":5,"minecraft:azure_bluet":10,"minecraft:lava_bucket":8,"minecraft:grass_block":1,"minecraft:music_disc_stal":1,"minecraft:basalt":8,"minecraft:golden_carrot":38,"minecraft:magma_block":1,"minecraft:bow":15,"minecraft:sweet_berries":55,"minecraft:scaffolding":1,"minecraft:furnace":16,"minecraft:egg":1,"minecraft:cooked_beef":8,"minecraft:cobbled_deepslate":153,"minecraft:powder_snow_bucket":4,"minecraft:cooked_mutton":10,"minecraft:water_bucket":18,"minecraft:amethyst_block":4,"minecraft:stone_pickaxe":123,"minecraft:blackstone":17,"minecraft:wooden_pickaxe":25,"minecraft:glow_berries":2,"minecraft:diamond_block":1,"minecraft:oak_slab":4,"minecraft:crafting_table":17,"minecraft:dripstone_block":9,"minecraft:apple":1,"minecraft:heavy_weighted_pressure_plate":2,"minecraft:iron_pickaxe":642,"minecraft:gravel":5,"minecraft:iron_door":1,"minecraft:stone_axe":114,"minecraft:fishing_rod":24,"minecraft:cobblestone":92,"minecraft:cooked_porkchop":41,"minecraft:andesite":1,"minecraft:bucket":32,"minecraft:yellow_bed":1,"minecraft:oak_boat":22},"minecraft:broken":{"minecraft:stone_axe":1,"minecraft:iron_pickaxe":2,"minecraft:stone_shovel":1},"minecraft:killed":{"minecraft:spider":5,"minecraft:skeleton":13,"minecraft:chicken":3,"minecraft:magma_cube":8,"minecraft:pig":4,"minecraft:zombie_villager":1,"minecraft:salmon":1,"minecraft:hoglin":1,"minecraft:creeper":14,"minecraft:sheep":3,"minecraft:goat":3,"minecraft:zombie":25,"minecraft:enderman":1,"minecraft:cow":5}},"DataVersion":3105}