{"stats":{"minecraft:dropped":{"minecraft:diamond_leggings":2},"minecraft:crafted":{"minecraft:spruce_sign":3,"minecraft:crafting_table":1,"minecraft:spruce_slab":12,"minecraft:spruce_planks":72,"minecraft:wooden_pickaxe":1,"minecraft:chest":1,"minecraft:spruce_door":3},"minecraft:picked_up":{"minecraft:stick":10,"minecraft:crafting_table":1,"minecraft:azure_bluet":1,"minecraft:cooked_porkchop":6,"minecraft:flower_pot":2,"minecraft:filled_map":1,"minecraft:stone_button":1,"minecraft:spruce_sapling":6,"minecraft:spruce_log":24,"minecraft:dirt":2,"minecraft:diamond_chestplate":1,"minecraft:diamond_leggings":3,"minecraft:white_tulip":2,"minecraft:spruce_slab":5,"minecraft:spruce_trapdoor":4,"minecraft:phantom_membrane":1},"minecraft:mined":{"minecraft:glass_pane":1,"minecraft:spruce_log":24,"minecraft:crafting_table":1,"minecraft:azure_bluet":1,"minecraft:spruce_trapdoor":4,"minecraft:stone_button":1,"minecraft:grass_block":1,"minecraft:dirt":1,"minecraft:potted_white_tulip":2,"minecraft:spruce_leaves":15,"minecraft:spruce_slab":4},"minecraft:used":{"minecraft:flower_pot":2,"minecraft:spruce_door":1,"minecraft:spruce_slab":16,"minecraft:chest":1,"minecraft:spruce_planks":13,"minecraft:wooden_pickaxe":2,"minecraft:spruce_sign":2,"minecraft:spruce_sapling":5,"minecraft:dirt":2,"minecraft:golden_carrot":8,"minecraft:sweet_berries":23,"minecraft:crafting_table":1,"minecraft:spruce_log":6},"minecraft:custom":{"minecraft:time_since_rest":74713,"minecraft:sprint_one_cm":316676,"minecraft:open_enderchest":1,"minecraft:damage_taken":690,"minecraft:walk_one_cm":179884,"minecraft:drop":2,"minecraft:inspect_hopper":1,"minecraft:damage_dealt":70,"minecraft:swim_one_cm":13226,"minecraft:interact_with_crafting_table":4,"minecraft:fly_one_cm":216576,"minecraft:open_barrel":4,"minecraft:open_chest":6,"minecraft:crouch_one_cm":451,"minecraft:play_time":74713,"minecraft:sneak_time":961,"minecraft:walk_under_water_one_cm":2440,"minecraft:pot_flower":2,"minecraft:jump":936,"minecraft:leave_game":3,"minecraft:time_since_death":74713,"minecraft:walk_on_water_one_cm":6368,"minecraft:total_world_time":74713,"minecraft:climb_one_cm":2153,"minecraft:damage_resisted":32,"minecraft:fall_one_cm":20764}},"DataVersion":2975}