{"stats":{"minecraft:mined":{"minecraft:large_amethyst_bud":1,"minecraft:spruce_planks":26,"minecraft:attached_melon_stem":2,"minecraft:white_bed":9,"minecraft:oak_sapling":1,"minecraft:farmland":1,"minecraft:jungle_leaves":1,"minecraft:obsidian":22,"minecraft:granite":53,"minecraft:budding_amethyst":3,"minecraft:grass_block":684,"minecraft:cracked_polished_blackstone_bricks":3,"minecraft:soul_soil":19,"minecraft:spawner":1,"minecraft:smooth_stone":1,"minecraft:polished_blackstone_bricks":6,"minecraft:magma_block":95,"minecraft:iron_ore":210,"minecraft:cobbled_deepslate":8,"minecraft:fire":246,"minecraft:moss_carpet":1,"minecraft:deepslate_lapis_ore":40,"minecraft:cave_vines":10,"minecraft:oak_sign":3,"minecraft:small_amethyst_bud":1,"minecraft:player_head":1,"minecraft:spruce_slab":3,"minecraft:deepslate_redstone_ore":103,"minecraft:brown_mushroom":5,"minecraft:quartz_block":31,"minecraft:blackstone":256,"minecraft:crimson_nylium":2,"minecraft:soul_fire":1,"minecraft:amethyst_cluster":3,"minecraft:powder_snow":7,"minecraft:clay":327,"minecraft:torch":7,"minecraft:blast_furnace":9,"minecraft:poppy":1,"minecraft:melon":172,"minecraft:glass":8,"minecraft:nether_quartz_ore":2815,"minecraft:cobblestone":249,"minecraft:oak_planks":40,"minecraft:sugar_cane":40,"minecraft:bricks":25,"minecraft:wall_torch":3,"minecraft:amethyst_block":7,"minecraft:deepslate_copper_ore":1,"minecraft:seagrass":1,"minecraft:birch_log":48,"minecraft:wheat":3,"minecraft:jukebox":1,"minecraft:warped_fungus":4,"minecraft:grass":24,"minecraft:oak_log":257,"minecraft:sand":101,"minecraft:dirt":455,"minecraft:ancient_debris":57,"minecraft:netherrack":34478,"minecraft:deepslate":555,"minecraft:oak_leaves":130,"minecraft:nether_gold_ore":48,"minecraft:tuff":39,"minecraft:deepslate_diamond_ore":61,"minecraft:oak_door":2,"minecraft:nether_bricks":389,"minecraft:dark_oak_fence":1,"minecraft:ladder":3,"minecraft:weeping_vines":1,"minecraft:redstone_wire":6,"minecraft:brown_mushroom_block":1,"minecraft:spruce_leaves":42,"minecraft:kelp":1,"minecraft:moss_block":3,"minecraft:red_mushroom":4,"minecraft:sandstone":2,"minecraft:large_fern":11,"minecraft:redstone_ore":21,"minecraft:furnace":8,"minecraft:carrots":1,"minecraft:snow":3,"minecraft:andesite":90,"minecraft:gold_block":1,"minecraft:nether_brick_fence":3,"minecraft:potatoes":165,"minecraft:deepslate_iron_ore":171,"minecraft:rail":1,"minecraft:warped_stem":7,"minecraft:packed_ice":3,"minecraft:white_tulip":1,"minecraft:stone":1611,"minecraft:potted_allium":1,"minecraft:scaffolding":1,"minecraft:flowering_azalea":2,"minecraft:glass_pane":1,"minecraft:soul_sand":19,"minecraft:comparator":1,"minecraft:basalt":431,"minecraft:dandelion":5,"minecraft:crafting_table":24,"minecraft:emerald_ore":3,"minecraft:warped_roots":1,"minecraft:copper_ore":8,"minecraft:tall_grass":3,"minecraft:lapis_ore":30,"minecraft:deepslate_gold_ore":70,"minecraft:diorite":42,"minecraft:warped_wart_block":3,"minecraft:birch_planks":2,"minecraft:cobblestone_wall":209,"minecraft:sweet_berry_bush":946,"minecraft:ice":7,"minecraft:birch_leaves":6,"minecraft:spruce_log":44,"minecraft:quartz_pillar":13,"minecraft:mycelium":94,"minecraft:coal_ore":292,"minecraft:gravel":26,"minecraft:cobweb":10,"minecraft:birch_sign":6,"minecraft:oak_button":1,"minecraft:stone_bricks":5,"minecraft:gold_ore":24,"minecraft:infested_stone":1,"minecraft:fern":2},"minecraft:dropped":{"minecraft:brown_mushroom":4,"minecraft:lapis_lazuli":1,"minecraft:oak_pressure_plate":1,"minecraft:oak_log":1,"minecraft:baked_potato":1,"minecraft:glass_bottle":3,"minecraft:diamond":14,"minecraft:crossbow":1,"minecraft:red_mushroom":4,"minecraft:emerald":1,"minecraft:cracked_polished_blackstone_bricks":3,"minecraft:dirt":40,"minecraft:mutton":1,"minecraft:gold_nugget":15,"minecraft:pumpkin_pie":1,"minecraft:sand":1,"minecraft:polished_blackstone_bricks":6,"minecraft:white_wool":2,"minecraft:bone":2,"minecraft:gravel":13,"minecraft:stone_axe":1,"minecraft:blackstone":158,"minecraft:cobbled_deepslate":198,"minecraft:netherite_sword":1,"minecraft:birch_sapling":4,"minecraft:obsidian":2,"minecraft:rotten_flesh":22,"minecraft:oak_planks":1,"minecraft:chainmail_chestplate":2,"minecraft:melon_seeds":3,"minecraft:leather_boots":1,"minecraft:chainmail_boots":1,"minecraft:ladder":1,"minecraft:spruce_slab":6,"minecraft:basalt":329,"minecraft:warped_wart_block":2,"minecraft:quartz":96,"minecraft:netherrack":19998,"minecraft:egg":5,"minecraft:netherite_pickaxe":2,"minecraft:wheat_seeds":8,"minecraft:poisonous_potato":5,"minecraft:iron_helmet":1,"minecraft:cobblestone":243,"minecraft:book":2,"minecraft:granite":15,"minecraft:music_disc_pigstep":1,"minecraft:stick":5,"minecraft:diorite":15,"minecraft:melon_slice":2,"minecraft:iron_leggings":1,"minecraft:iron_axe":2,"minecraft:string":3,"minecraft:spruce_sapling":6,"minecraft:redstone":21,"minecraft:kelp":16,"minecraft:sweet_berries":908,"minecraft:soul_soil":10,"minecraft:player_head":2,"minecraft:stone_sword":1,"minecraft:cobblestone_wall":1,"minecraft:raw_copper":10,"minecraft:bowl":4,"minecraft:tuff":1,"minecraft:light_gray_wool":1,"minecraft:iron_boots":1,"minecraft:nether_bricks":67,"minecraft:stone":11,"minecraft:allium":1,"minecraft:spruce_planks":19,"minecraft:diamond_pickaxe":1,"minecraft:iron_chestplate":2,"minecraft:andesite":29,"minecraft:oak_sapling":5,"minecraft:golden_sword":13,"minecraft:spider_eye":1,"minecraft:sandstone":1,"minecraft:bow":1,"minecraft:stone_pickaxe":1,"minecraft:wooden_pickaxe":1,"minecraft:magma_block":17},"minecraft:killed_by":{"minecraft:piglin_brute":1,"minecraft:creeper":2,"minecraft:zombie":1,"minecraft:skeleton":2},"minecraft:killed":{"minecraft:zombified_piglin":169,"minecraft:spider":11,"minecraft:skeleton":57,"minecraft:chicken":5,"minecraft:silverfish":1,"minecraft:magma_cube":29,"minecraft:piglin":31,"minecraft:pig":8,"minecraft:zombie_villager":4,"minecraft:ender_dragon":1,"minecraft:creeper":13,"minecraft:sheep":3,"minecraft:zombie":67,"minecraft:ghast":3,"minecraft:blaze":3,"minecraft:cow":6,"minecraft:slime":13,"minecraft:phantom":18,"minecraft:drowned":1,"minecraft:wither_skeleton":3,"minecraft:enderman":3},"minecraft:broken":{"minecraft:golden_helmet":1,"minecraft:iron_shovel":1,"minecraft:golden_boots":1,"minecraft:iron_boots":1,"minecraft:golden_sword":3,"minecraft:iron_sword":2,"minecraft:iron_axe":3,"minecraft:iron_pickaxe":1,"minecraft:iron_helmet":1},"minecraft:picked_up":{"minecraft:iron_chestplate":3,"minecraft:wheat":3,"minecraft:chainmail_boots":1,"minecraft:nether_brick_fence":3,"minecraft:smithing_table":1,"minecraft:enchanted_book":1,"minecraft:golden_sword":16,"minecraft:amethyst_block":5,"minecraft:string":21,"minecraft:soul_soil":16,"minecraft:raw_copper":41,"minecraft:cooked_salmon":1,"minecraft:iron_leggings":2,"minecraft:netherite_ingot":1,"minecraft:oak_sign":4,"minecraft:smooth_stone":1,"minecraft:gold_nugget":370,"minecraft:cobbled_deepslate":508,"minecraft:comparator":1,"minecraft:spruce_planks":23,"minecraft:white_tulip":1,"minecraft:red_dye":1,"minecraft:written_book":2,"minecraft:melon_slice":874,"minecraft:iron_boots":1,"minecraft:furnace":7,"minecraft:golden_helmet":1,"minecraft:stick":45,"minecraft:jukebox":1,"minecraft:big_dripleaf":1,"minecraft:torch":10,"minecraft:porkchop":10,"minecraft:diorite":35,"minecraft:music_disc_pigstep":1,"minecraft:quartz_block":28,"minecraft:stone_sword":3,"minecraft:rotten_flesh":157,"minecraft:netherite_chestplate":1,"minecraft:blaze_rod":2,"minecraft:obsidian":19,"minecraft:cod":10,"minecraft:snowball":7,"minecraft:cobblestone":1638,"minecraft:birch_log":46,"minecraft:magma_block":41,"minecraft:feather":3,"minecraft:cooked_beef":6,"minecraft:magma_cream":3,"minecraft:andesite":87,"minecraft:dark_oak_boat":16,"minecraft:potato":605,"minecraft:flint":5,"minecraft:tuff":37,"minecraft:lapis_lazuli":539,"minecraft:dirt":1200,"minecraft:leather_boots":1,"minecraft:bone":52,"minecraft:bow":7,"minecraft:wheat_seeds":14,"minecraft:raw_gold":123,"minecraft:moss_block":2,"minecraft:stone_hoe":2,"minecraft:oak_planks":73,"minecraft:ghast_tear":1,"minecraft:cooked_porkchop":4,"minecraft:warped_wart_block":3,"minecraft:poisonous_potato":5,"minecraft:sand":98,"minecraft:brown_mushroom_block":41,"minecraft:diamond":105,"minecraft:spruce_boat":67,"minecraft:writable_book":1,"minecraft:cracked_polished_blackstone_bricks":3,"minecraft:crossbow":2,"minecraft:granite":53,"minecraft:emerald":4,"minecraft:oak_sapling":20,"minecraft:netherrack":26151,"minecraft:bricks":22,"minecraft:crimson_roots":1,"minecraft:diamond_pickaxe":2,"minecraft:crafting_table":24,"minecraft:allium":1,"minecraft:chicken":3,"minecraft:ladder":2,"minecraft:clay_ball":1212,"minecraft:brown_mushroom":13,"minecraft:wooden_pickaxe":1,"minecraft:gold_block":1,"minecraft:shield":2,"minecraft:moss_carpet":1,"minecraft:iron_axe":4,"minecraft:item_frame":1,"minecraft:mycelium":1,"minecraft:blackstone":387,"minecraft:netherite_sword":2,"minecraft:beef":11,"minecraft:oak_boat":48,"minecraft:player_head":7,"minecraft:light_gray_wool":1,"minecraft:spruce_slab":6,"minecraft:sugar_cane":88,"minecraft:birch_sapling":4,"minecraft:phantom_membrane":32,"minecraft:egg":22,"minecraft:raw_iron":425,"minecraft:sandstone":1,"minecraft:end_stone":15,"minecraft:stone":3,"minecraft:oak_door":2,"minecraft:polished_blackstone_bricks":6,"minecraft:quartz_pillar":12,"minecraft:carrot":11,"minecraft:redstone":507,"minecraft:netherite_pickaxe":3,"minecraft:tnt":2,"minecraft:arrow":61,"minecraft:pumpkin_pie":1,"minecraft:nether_bricks":360,"minecraft:shears":1,"minecraft:gold_ingot":2,"minecraft:glow_berries":2,"minecraft:mutton":8,"minecraft:rail":1,"minecraft:white_wool":134,"minecraft:jungle_boat":7,"minecraft:basalt":600,"minecraft:golden_carrot":8,"minecraft:glow_ink_sac":1,"minecraft:leather":8,"minecraft:red_mushroom":9,"minecraft:birch_planks":2,"minecraft:oak_log":259,"minecraft:chainmail_chestplate":2,"minecraft:ancient_debris":60,"minecraft:golden_boots":1,"minecraft:cobblestone_wall":279,"minecraft:gunpowder":11,"minecraft:apple":4,"minecraft:stone_bricks":6,"minecraft:kelp":16,"minecraft:warped_stem":4,"minecraft:iron_ingot":1,"minecraft:stone_pickaxe":1,"minecraft:glass_bottle":1,"minecraft:flowering_azalea":2,"minecraft:soul_sand":19,"minecraft:book":2,"minecraft:warped_fungus":4,"minecraft:birch_boat":6,"minecraft:sweet_berries":1215,"minecraft:quartz":4747,"minecraft:dandelion":3,"minecraft:gravel":164,"minecraft:amethyst_shard":9,"minecraft:spruce_sapling":7,"minecraft:blast_furnace":9,"minecraft:white_bed":8,"minecraft:spruce_log":41,"minecraft:spider_eye":4,"minecraft:diamond_shovel":2,"minecraft:slime_ball":10,"minecraft:stone_axe":1,"minecraft:iron_helmet":1,"minecraft:birch_sign":7,"minecraft:warped_roots":1,"minecraft:oak_button":1,"minecraft:baked_potato":12,"minecraft:melon_seeds":7,"minecraft:coal":496,"minecraft:ender_pearl":2},"minecraft:crafted":{"minecraft:brick":740,"minecraft:smooth_stone":6,"minecraft:oak_planks":1000,"minecraft:oak_sign":6,"minecraft:cooked_chicken":3,"minecraft:oak_pressure_plate":1,"minecraft:birch_boat":1,"minecraft:stone":145,"minecraft:diamond_shovel":2,"minecraft:quartz_pillar":148,"minecraft:cooked_mutton":6,"minecraft:glass":96,"minecraft:quartz_block":293,"minecraft:diamond_helmet":1,"minecraft:bow":2,"minecraft:diamond_leggings":1,"minecraft:iron_boots":6,"minecraft:melon_seeds":3,"minecraft:chest":10,"minecraft:oak_button":1,"minecraft:bricks":185,"minecraft:stone_hoe":2,"minecraft:stone_bricks":120,"minecraft:cooked_porkchop":7,"minecraft:crafting_table":9,"minecraft:spruce_planks":164,"minecraft:iron_helmet":6,"minecraft:wooden_pickaxe":2,"minecraft:baked_potato":420,"minecraft:smithing_table":1,"minecraft:birch_planks":184,"minecraft:stone_brick_stairs":40,"minecraft:iron_chestplate":5,"minecraft:diamond_pickaxe":7,"minecraft:shield":5,"minecraft:stick":300,"minecraft:iron_ingot":359,"minecraft:iron_pickaxe":10,"minecraft:iron_block":3,"minecraft:stone_sword":2,"minecraft:gold_ingot":90,"minecraft:netherite_ingot":8,"minecraft:shears":3,"minecraft:oak_door":6,"minecraft:netherite_sword":1,"minecraft:brick_stairs":4,"minecraft:furnace":12,"minecraft:blast_furnace":2,"minecraft:bone_meal":57,"minecraft:glass_pane":16,"minecraft:flint_and_steel":1,"minecraft:iron_axe":9,"minecraft:ladder":87,"minecraft:iron_hoe":1,"minecraft:stone_pickaxe":1,"minecraft:cobblestone_wall":210,"minecraft:diamond_boots":1,"minecraft:quartz_slab":24,"minecraft:spruce_boat":5,"minecraft:netherite_scrap":40,"minecraft:birch_sign":6,"minecraft:cooked_beef":11,"minecraft:netherite_pickaxe":2,"minecraft:diamond_sword":2,"minecraft:spruce_sign":3,"minecraft:iron_sword":6,"minecraft:bowl":12,"minecraft:bucket":2,"minecraft:stone_axe":1,"minecraft:bread":31,"minecraft:air":0,"minecraft:oak_boat":4,"minecraft:iron_shovel":2,"minecraft:iron_leggings":5,"minecraft:anvil":1,"minecraft:white_bed":42,"minecraft:torch":92,"minecraft:diamond_chestplate":1},"minecraft:custom":{"minecraft:interact_with_crafting_table":231,"minecraft:open_barrel":44,"minecraft:open_shulker_box":7,"minecraft:bell_ring":19,"minecraft:leave_game":92,"minecraft:time_since_death":969800,"minecraft:damage_resisted":243,"minecraft:sprint_one_cm":8995384,"minecraft:damage_blocked_by_shield":2245,"minecraft:drop":553,"minecraft:talked_to_villager":5,"minecraft:play_time":2370636,"minecraft:deaths":12,"minecraft:jump":79060,"minecraft:walk_on_water_one_cm":202490,"minecraft:enchant_item":5,"minecraft:interact_with_furnace":770,"minecraft:sleep_in_bed":20,"minecraft:open_enderchest":34,"minecraft:damage_dealt":77358,"minecraft:player_kills":2,"minecraft:crouch_one_cm":863694,"minecraft:interact_with_smoker":3,"minecraft:interact_with_smithing_table":13,"minecraft:interact_with_anvil":17,"minecraft:mob_kills":458,"minecraft:inspect_hopper":2,"minecraft:climb_one_cm":94952,"minecraft:walk_one_cm":4709381,"minecraft:sneak_time":167101,"minecraft:walk_under_water_one_cm":104707,"minecraft:boat_one_cm":3653361,"minecraft:interact_with_lectern":5,"minecraft:interact_with_blast_furnace":216,"minecraft:total_world_time":2370636,"minecraft:pot_flower":1,"minecraft:interact_with_grindstone":1,"minecraft:time_since_rest":342293,"minecraft:damage_taken":29894,"minecraft:swim_one_cm":423108,"minecraft:fly_one_cm":18402179,"minecraft:open_chest":1304,"minecraft:fall_one_cm":2457444},"minecraft:used":{"minecraft:writable_book":1,"minecraft:iron_shovel":385,"minecraft:ladder":87,"minecraft:oak_sign":3,"minecraft:shield":52,"minecraft:chest":10,"minecraft:iron_sword":884,"minecraft:stone":3,"minecraft:rotten_flesh":79,"minecraft:soul_sand":12,"minecraft:mutton":1,"minecraft:nether_bricks":29,"minecraft:carrot":38,"minecraft:tuff":36,"minecraft:obsidian":10,"minecraft:glass":90,"minecraft:spruce_boat":71,"minecraft:bricks":201,"minecraft:quartz_pillar":158,"minecraft:quartz_slab":20,"minecraft:quartz_block":55,"minecraft:stone_brick_stairs":40,"minecraft:stone_bricks":125,"minecraft:item_frame":1,"minecraft:golden_sword":31,"minecraft:magma_block":7,"minecraft:bow":291,"minecraft:dark_oak_boat":15,"minecraft:written_book":5,"minecraft:sweet_berries":257,"minecraft:oak_sapling":5,"minecraft:furnace":17,"minecraft:cooked_cod":17,"minecraft:egg":5,"minecraft:potato":182,"minecraft:diorite":2,"minecraft:diamond_boots":3,"minecraft:oak_planks":472,"minecraft:stone_pickaxe":44,"minecraft:blackstone":8,"minecraft:ender_pearl":2,"minecraft:wooden_pickaxe":46,"minecraft:jungle_boat":7,"minecraft:cookie":4,"minecraft:glow_berries":8,"minecraft:golden_apple":1,"minecraft:sand":1,"minecraft:netherite_leggings":2,"minecraft:mushroom_stew":5,"minecraft:blast_furnace":11,"minecraft:crossbow":1,"minecraft:melon_slice":685,"minecraft:bread":41,"minecraft:gravel":1,"minecraft:golden_helmet":1,"minecraft:smithing_table":2,"minecraft:andesite":48,"minecraft:oak_boat":53,"minecraft:netherite_sword":176,"minecraft:stone_sword":106,"minecraft:white_tulip":1,"minecraft:flint_and_steel":4,"minecraft:redstone":2,"minecraft:mycelium":1,"minecraft:spruce_planks":119,"minecraft:cooked_salmon":1,"minecraft:stone_hoe":20,"minecraft:cooked_chicken":3,"minecraft:netherrack":4495,"minecraft:oak_door":8,"minecraft:torch":123,"minecraft:dirt":1091,"minecraft:warped_wart_block":1,"minecraft:anvil":1,"minecraft:cobblestone_wall":405,"minecraft:diamond_helmet":3,"minecraft:granite":27,"minecraft:iron_hoe":32,"minecraft:flowering_azalea":1,"minecraft:iron_axe":1060,"minecraft:brick_stairs":4,"minecraft:melon_seeds":9,"minecraft:basalt":82,"minecraft:golden_carrot":8,"minecraft:soul_soil":2,"minecraft:netherite_pickaxe":37245,"minecraft:cooked_beef":27,"minecraft:cobbled_deepslate":211,"minecraft:iron_leggings":1,"minecraft:wheat_seeds":3,"minecraft:cooked_mutton":8,"minecraft:water_bucket":54,"minecraft:birch_planks":49,"minecraft:netherite_chestplate":2,"minecraft:baked_potato":467,"minecraft:birch_boat":6,"minecraft:spruce_sign":1,"minecraft:rail":1,"minecraft:tnt":1,"minecraft:crafting_table":27,"minecraft:birch_sign":7,"minecraft:white_bed":49,"minecraft:cod":10,"minecraft:flower_pot":1,"minecraft:diamond_pickaxe":3819,"minecraft:apple":2,"minecraft:diamond_shovel":1146,"minecraft:oak_button":2,"minecraft:iron_pickaxe":1560,"minecraft:spruce_sapling":1,"minecraft:stone_axe":75,"minecraft:cobblestone":829,"minecraft:potion":2,"minecraft:porkchop":2,"minecraft:cooked_porkchop":11,"minecraft:bucket":56,"minecraft:glass_pane":9,"minecraft:pumpkin_pie":38,"minecraft:dandelion":3,"minecraft:jukebox":1,"minecraft:smooth_stone":1}},"DataVersion":3120}