{"stats":{"minecraft:broken":{"minecraft:fishing_rod":1,"minecraft:shield":1,"minecraft:flint_and_steel":2},"minecraft:dropped":{"minecraft:iron_sword":1,"minecraft:lapis_lazuli":20,"minecraft:chorus_fruit":5,"minecraft:glass_bottle":15,"minecraft:diamond":54,"minecraft:crafting_table":6,"minecraft:weeping_vines":15,"minecraft:warped_roots":47,"minecraft:cracked_stone_bricks":1,"minecraft:red_mushroom":4,"minecraft:emerald":21,"minecraft:netherite_boots":1,"minecraft:gold_nugget":179,"minecraft:sand":6,"minecraft:small_amethyst_bud":1,"minecraft:white_wool":18,"minecraft:stone_axe":15,"minecraft:iron_nugget":5,"minecraft:cobbled_deepslate":28,"minecraft:netherite_sword":1,"minecraft:wheat":12,"minecraft:stripped_dark_oak_log":1,"minecraft:rotten_flesh":316,"minecraft:oak_planks":4,"minecraft:glowstone_dust":2,"minecraft:golden_shovel":2,"minecraft:nether_brick_fence":2,"minecraft:azure_bluet":3,"minecraft:coal_ore":6,"minecraft:leather_boots":8,"minecraft:leather_leggings":2,"minecraft:warped_wart_block":2,"minecraft:acacia_fence":2,"minecraft:golden_boots":5,"minecraft:black_dye":1,"minecraft:wheat_seeds":103,"minecraft:deepslate_redstone_ore":32,"minecraft:netherite_chestplate":1,"minecraft:deepslate_tile_slab":141,"minecraft:yellow_carpet":1,"minecraft:golden_apple":1,"minecraft:diamond_horse_armor":3,"minecraft:gray_wool":1,"minecraft:wooden_axe":2,"minecraft:potion":4,"minecraft:white_banner":3,"minecraft:red_dye":1,"minecraft:chainmail_leggings":13,"minecraft:acacia_planks":70,"minecraft:soul_soil":19,"minecraft:player_head":185,"minecraft:stone_shovel":11,"minecraft:white_carpet":6,"minecraft:clay_ball":7,"minecraft:iron_boots":1,"minecraft:white_shulker_box":1,"minecraft:oak_sign":2,"minecraft:deepslate_lapis_ore":2,"minecraft:shears":1,"minecraft:diamond_sword":7,"minecraft:spruce_boat":1,"minecraft:diamond_pickaxe":8,"minecraft:stone_pressure_plate":1,"minecraft:stone_bricks":38,"minecraft:bamboo":422,"minecraft:sandstone":8,"minecraft:bow":13,"minecraft:magma_block":27,"minecraft:soul_sand":121,"minecraft:orange_dye":1,"minecraft:warped_fungus":19,"minecraft:ender_pearl":24395,"minecraft:dark_oak_sapling":2,"minecraft:leather":29,"minecraft:cracked_polished_blackstone_bricks":56,"minecraft:dark_oak_log":2,"minecraft:jungle_sign":1,"minecraft:gold_ingot":36,"minecraft:purpur_block":11,"minecraft:twisting_vines":17,"minecraft:cooked_mutton":4,"minecraft:mycelium":16,"minecraft:leather_chestplate":1,"minecraft:beetroot_seeds":2,"minecraft:acacia_slab":6,"minecraft:iron_ore":5,"minecraft:stone_hoe":2,"minecraft:bread":2,"minecraft:golden_helmet":5,"minecraft:netherite_axe":1,"minecraft:golden_axe":5,"minecraft:amethyst_block":38,"minecraft:tropical_fish":1,"minecraft:iron_block":32,"minecraft:milk_bucket":2,"minecraft:nether_wart_block":6,"minecraft:melon_slice":27,"minecraft:light_gray_shulker_box":1,"minecraft:iron_door":1,"minecraft:fire_charge":2,"minecraft:raw_iron_block":4,"minecraft:cactus":1,"minecraft:kelp":18,"minecraft:sweet_berries":46,"minecraft:oak_trapdoor":2,"minecraft:dragon_head":1,"minecraft:totem_of_undying":1,"minecraft:shulker_box":5,"minecraft:flint_and_steel":3,"minecraft:copper_ore":21,"minecraft:oak_button":1,"minecraft:andesite":333,"minecraft:golden_leggings":2,"minecraft:oak_sapling":4,"minecraft:wooden_pickaxe":4,"minecraft:magma_cream":10,"minecraft:medium_amethyst_bud":3,"minecraft:amethyst_cluster":1,"minecraft:brick":6,"minecraft:clay":8,"minecraft:crossbow":3,"minecraft:saddle":16,"minecraft:elytra":15,"minecraft:rail":126,"minecraft:leather_helmet":9,"minecraft:red_carpet":1,"minecraft:red_shulker_box":1,"minecraft:dirt":814,"minecraft:melon":4,"minecraft:grass":3,"minecraft:stone_button":3,"minecraft:yellow_dye":1,"minecraft:bone_meal":20,"minecraft:phantom_membrane":7,"minecraft:gray_dye":1,"minecraft:bone":359,"minecraft:sugar_cane":2,"minecraft:golden_chestplate":4,"minecraft:nether_brick":6,"minecraft:pink_dye":1,"minecraft:end_stone":4,"minecraft:deepslate_tiles":2,"minecraft:white_dye":14,"minecraft:end_stone_bricks":10,"minecraft:crying_obsidian":4,"minecraft:egg":1,"minecraft:enchanted_book":4,"minecraft:iron_ingot":27,"minecraft:netherite_pickaxe":2,"minecraft:deepslate_diamond_ore":15,"minecraft:oak_fence":4,"minecraft:feather":4,"minecraft:cobblestone":88,"minecraft:apple":1,"minecraft:granite":475,"minecraft:purple_dye":1,"minecraft:chainmail_helmet":12,"minecraft:coal":10,"minecraft:oxeye_daisy":2,"minecraft:golden_carrot":77,"minecraft:diamond_helmet":31,"minecraft:iron_shovel":1,"minecraft:paper":1,"minecraft:string":31,"minecraft:purpur_pillar":5,"minecraft:stone_sword":34,"minecraft:deepslate":74,"minecraft:diamond_hoe":1,"minecraft:stone_slab":5,"minecraft:diamond_ore":2,"minecraft:nether_bricks":15,"minecraft:light_blue_dye":1,"minecraft:stone":171,"minecraft:yellow_bed":2,"minecraft:spider_eye":62,"minecraft:magenta_dye":1,"minecraft:crimson_nylium":5,"minecraft:brown_mushroom":22,"minecraft:birch_planks":3,"minecraft:diamond_axe":1,"minecraft:baked_potato":1,"minecraft:deepslate_tile_wall":5,"minecraft:flint":66,"minecraft:spruce_leaves":1,"minecraft:deepslate_gold_ore":90,"minecraft:polished_blackstone_brick_stairs":3,"minecraft:crimson_roots":72,"minecraft:polished_blackstone_bricks":98,"minecraft:gravel":908,"minecraft:crimson_fungus":10,"minecraft:blackstone":236,"minecraft:diamond_shovel":4,"minecraft:carrot":280,"minecraft:brown_shulker_box":1,"minecraft:shulker_shell":4,"minecraft:poppy":31,"minecraft:gunpowder":2,"minecraft:chest":2,"minecraft:chainmail_boots":13,"minecraft:basalt":49,"minecraft:arrow":19,"minecraft:powered_rail":60,"minecraft:quartz":135,"minecraft:oak_leaves":4,"minecraft:netherrack":11262,"minecraft:firework_rocket":793,"minecraft:minecart":7,"minecraft:diamond_leggings":6,"minecraft:lead":1,"minecraft:spectral_arrow":5,"minecraft:grass_block":210,"minecraft:stick":96,"minecraft:blue_dye":2,"minecraft:nether_gold_ore":11,"minecraft:diorite":369,"minecraft:brewing_stand":1,"minecraft:torch":1,"minecraft:brown_wool":2,"minecraft:map":20,"minecraft:iron_leggings":29,"minecraft:iron_axe":7,"minecraft:dandelion":12,"minecraft:smooth_basalt":3,"minecraft:redstone":2,"minecraft:warped_nylium":8,"minecraft:ender_chest":2,"minecraft:blaze_rod":13,"minecraft:tuff":45,"minecraft:wither_skeleton_skull":3,"minecraft:iron_hoe":1,"minecraft:glass_pane":86,"minecraft:acacia_leaves":6,"minecraft:filled_map":15,"minecraft:snow":6,"minecraft:shield":26,"minecraft:diamond_chestplate":2,"minecraft:iron_chestplate":11,"minecraft:mossy_stone_bricks":2,"minecraft:oak_boat":1,"minecraft:golden_sword":7,"minecraft:diamond_boots":4,"minecraft:stripped_warped_stem":1,"minecraft:stone_pickaxe":12,"minecraft:nether_quartz_ore":17},"minecraft:custom":{"minecraft:interact_with_crafting_table":597,"minecraft:damage_blocked_by_shield":2735,"minecraft:play_time":10595058,"minecraft:deaths":5,"minecraft:jump":70529,"minecraft:interact_with_cartography_table":7,"minecraft:interact_with_smoker":1,"minecraft:inspect_dispenser":22,"minecraft:horse_one_cm":3196,"minecraft:inspect_dropper":4,"minecraft:interact_with_anvil":117,"minecraft:inspect_hopper":164,"minecraft:tune_noteblock":1,"minecraft:time_since_rest":6012,"minecraft:swim_one_cm":1222061,"minecraft:open_chest":7230,"minecraft:open_shulker_box":5029,"minecraft:damage_resisted":141,"minecraft:talked_to_villager":3500,"minecraft:interact_with_brewingstand":239,"minecraft:interact_with_beacon":6,"minecraft:raid_win":3,"minecraft:boat_one_cm":691814,"minecraft:damage_taken":47073,"minecraft:aviate_one_cm":204220777,"minecraft:open_barrel":326,"minecraft:bell_ring":20,"minecraft:eat_cake_slice":4,"minecraft:leave_game":115,"minecraft:time_since_death":1372145,"minecraft:enchant_item":78,"minecraft:interact_with_furnace":196,"minecraft:traded_with_villager":18306,"minecraft:sleep_in_bed":165,"minecraft:damage_dealt":765791,"minecraft:interact_with_smithing_table":10,"minecraft:sneak_time":652084,"minecraft:interact_with_lectern":76,"minecraft:interact_with_blast_furnace":3,"minecraft:total_world_time":10595058,"minecraft:interact_with_stonecutter":59,"minecraft:fly_one_cm":15064974,"minecraft:fish_caught":26,"minecraft:fall_one_cm":1326198,"minecraft:animals_bred":5,"minecraft:sprint_one_cm":15732430,"minecraft:drop":3348,"minecraft:walk_on_water_one_cm":300693,"minecraft:open_enderchest":469,"minecraft:crouch_one_cm":2159074,"minecraft:mob_kills":23808,"minecraft:climb_one_cm":180739,"minecraft:walk_one_cm":15091893,"minecraft:walk_under_water_one_cm":444367,"minecraft:raid_trigger":3,"minecraft:pot_flower":1,"minecraft:interact_with_grindstone":50,"minecraft:damage_absorbed":187},"minecraft:picked_up":{"minecraft:stone_slab":86,"minecraft:smithing_table":3,"minecraft:lead":5,"minecraft:enchanted_book":20,"minecraft:blue_concrete":344,"minecraft:polished_blackstone_brick_stairs":6,"minecraft:string":126,"minecraft:pufferfish":2,"minecraft:shroomlight":375,"minecraft:diamond_leggings":15,"minecraft:diamond_ore":5,"minecraft:acacia_log":355,"minecraft:purpur_pillar":18,"minecraft:golden_axe":7,"minecraft:golden_chestplate":4,"minecraft:gray_shulker_box":11,"minecraft:stone_sword":39,"minecraft:polished_basalt":3,"minecraft:red_tulip":1,"minecraft:glowstone":63,"minecraft:bookshelf":465,"minecraft:end_rod":10,"minecraft:blaze_rod":854,"minecraft:iron_bars":8,"minecraft:feather":22,"minecraft:cooked_beef":11,"minecraft:medium_amethyst_bud":7,"minecraft:water_bucket":5,"minecraft:brown_wool":1,"minecraft:flint":119,"minecraft:purple_stained_glass":1,"minecraft:lantern":17,"minecraft:large_amethyst_bud":2,"minecraft:stonecutter":64,"minecraft:diamond_helmet":31,"minecraft:chiseled_polished_blackstone":2,"minecraft:stripped_crimson_stem":1,"minecraft:brown_mushroom_block":455,"minecraft:acacia_stairs":2,"minecraft:iron_hoe":1,"minecraft:blue_terracotta":4,"minecraft:deepslate":1826,"minecraft:lever":6,"minecraft:granite":1104,"minecraft:deepslate_coal_ore":6,"minecraft:crimson_roots":75,"minecraft:diamond_pickaxe":13,"minecraft:bee_nest":8,"minecraft:clay_ball":923,"minecraft:leather_leggings":2,"minecraft:dragon_head":8,"minecraft:acacia_button":3,"minecraft:purpur_block":37,"minecraft:cornflower":36,"minecraft:elytra":48,"minecraft:flint_and_steel":5,"minecraft:white_carpet":18,"minecraft:iron_shovel":1,"minecraft:glass_pane":684,"minecraft:stripped_warped_stem":1,"minecraft:netherite_sword":7,"minecraft:jungle_sapling":4,"minecraft:poppy":43,"minecraft:minecart":125,"minecraft:birch_sapling":10,"minecraft:piston":4,"minecraft:diamond_hoe":3,"minecraft:copper_ore":190,"minecraft:stone":14493,"minecraft:fire_charge":2,"minecraft:white_dye":7,"minecraft:netherite_pickaxe":7,"minecraft:jungle_sign":3,"minecraft:diamond_chestplate":3,"minecraft:hay_block":181,"minecraft:totem_of_undying":19,"minecraft:mutton":6,"minecraft:bone_block":16,"minecraft:rail":2078,"minecraft:oxeye_daisy":5,"minecraft:yellow_shulker_box":126,"minecraft:clock":2,"minecraft:yellow_dye":4,"minecraft:purpur_stairs":5,"minecraft:paper":115,"minecraft:apple":76,"minecraft:warped_stem":585,"minecraft:yellow_stained_glass":3,"minecraft:oak_fence_gate":54,"minecraft:iron_ore":60,"minecraft:magenta_stained_glass":1,"minecraft:smooth_basalt":41,"minecraft:light_gray_stained_glass":2,"minecraft:sweet_berries":112,"minecraft:lime_concrete":289,"minecraft:crying_obsidian":2,"minecraft:leather_helmet":8,"minecraft:diamond_shovel":10,"minecraft:coal_ore":510,"minecraft:slime_ball":23,"minecraft:deepslate_redstone_ore":144,"minecraft:lodestone":1,"minecraft:baked_potato":4,"minecraft:hopper":4,"minecraft:ender_chest":82,"minecraft:nether_brick_fence":5,"minecraft:yellow_wool":2,"minecraft:stone_brick_stairs":1,"minecraft:lapis_block":217,"minecraft:deepslate_lapis_ore":46,"minecraft:purple_banner":1,"minecraft:smooth_stone":6,"minecraft:bucket":17,"minecraft:red_dye":10,"minecraft:ender_eye":17,"minecraft:iron_pickaxe":6,"minecraft:deepslate_iron_ore":158,"minecraft:netherite_shovel":1,"minecraft:crimson_button":29,"minecraft:diorite":1627,"minecraft:rotten_flesh":346,"minecraft:brown_shulker_box":51,"minecraft:deepslate_copper_ore":75,"minecraft:obsidian":219,"minecraft:cobblestone":1051,"minecraft:leather_chestplate":1,"minecraft:repeater":3,"minecraft:andesite":480,"minecraft:golden_leggings":3,"minecraft:beacon":2,"minecraft:prismarine_bricks":3,"minecraft:dirt":3013,"minecraft:name_tag":7,"minecraft:glass":284,"minecraft:bone":1193,"minecraft:acacia_planks":249,"minecraft:bow":24,"minecraft:wheat_seeds":167,"minecraft:grindstone":12,"minecraft:netherite_axe":2,"minecraft:mossy_stone_bricks":4,"minecraft:fletching_table":5,"minecraft:bamboo":10,"minecraft:prismarine":6,"minecraft:light_blue_shulker_box":39,"minecraft:melon":6,"minecraft:grass_block":906,"minecraft:spectral_arrow":33,"minecraft:jungle_slab":14,"minecraft:mossy_cobblestone":2,"minecraft:sugar":8,"minecraft:netherite_helmet":3,"minecraft:cracked_polished_blackstone_bricks":102,"minecraft:crossbow":15,"minecraft:bone_meal":153,"minecraft:grass":3,"minecraft:golden_apple":4,"minecraft:emerald":267,"minecraft:netherrack":25453,"minecraft:chorus_fruit":62,"minecraft:oak_leaves":20,"minecraft:azure_bluet":13,"minecraft:splash_potion":3,"minecraft:brown_mushroom":63,"minecraft:packed_ice":6,"minecraft:stone_brick_wall":11,"minecraft:brick":2,"minecraft:shield":9,"minecraft:orange_stained_glass":1,"minecraft:oak_trapdoor":23,"minecraft:moss_carpet":5,"minecraft:mycelium":1778,"minecraft:blackstone":1277,"minecraft:end_stone":96,"minecraft:polished_blackstone_bricks":282,"minecraft:trident":1,"minecraft:stone_pressure_plate":4,"minecraft:weeping_vines":17,"minecraft:red_shulker_box":145,"minecraft:pumpkin_pie":109,"minecraft:nether_bricks":902,"minecraft:netherite_boots":2,"minecraft:jungle_boat":20,"minecraft:basalt":725,"minecraft:golden_carrot":230,"minecraft:leather":42,"minecraft:ice":1,"minecraft:crimson_fungus":11,"minecraft:cobblestone_wall":44,"minecraft:yellow_bed":7,"minecraft:gunpowder":414,"minecraft:cooked_mutton":13,"minecraft:acacia_trapdoor":7,"minecraft:iron_ingot":163,"minecraft:cooked_chicken":20,"minecraft:warped_fungus":20,"minecraft:nether_quartz_ore":250,"minecraft:emerald_block":3,"minecraft:stone_brick_slab":127,"minecraft:quartz":3512,"minecraft:dandelion":75,"minecraft:lava_bucket":7,"minecraft:amethyst_shard":16,"minecraft:gray_banner":5,"minecraft:damaged_anvil":6,"minecraft:netherite_hoe":1,"minecraft:sunflower":27,"minecraft:wooden_axe":1,"minecraft:seagrass":15,"minecraft:flower_pot":1,"minecraft:anvil":3,"minecraft:magenta_carpet":1,"minecraft:diamond_sword":8,"minecraft:golden_shovel":1,"minecraft:brewing_stand":44,"minecraft:golden_sword":7,"minecraft:amethyst_block":112,"minecraft:soul_soil":351,"minecraft:spruce_planks":3,"minecraft:gold_nugget":180,"minecraft:cobbled_deepslate":2270,"minecraft:acacia_fence_gate":1,"minecraft:melon_slice":51,"minecraft:golden_helmet":4,"minecraft:composter":1,"minecraft:warped_planks":55,"minecraft:deepslate_tile_stairs":21,"minecraft:light_blue_wool":1,"minecraft:tropical_fish":1,"minecraft:blue_dye":13,"minecraft:iron_block":67,"minecraft:netherite_chestplate":3,"minecraft:blackstone_stairs":1,"minecraft:birch_log":39,"minecraft:magma_block":1135,"minecraft:oxidized_copper":2,"minecraft:iron_door":2,"minecraft:jungle_log":68,"minecraft:acacia_leaves":153,"minecraft:netherite_leggings":1,"minecraft:map":42,"minecraft:twisting_vines":19,"minecraft:chipped_anvil":1,"minecraft:glowstone_dust":15,"minecraft:warped_wart_block":155,"minecraft:ink_sac":22,"minecraft:dark_oak_log":46,"minecraft:barrel":5,"minecraft:dispenser":5,"minecraft:deepslate_gold_ore":167,"minecraft:bread":7,"minecraft:chainmail_helmet":1,"minecraft:bricks":7,"minecraft:spruce_leaves":1,"minecraft:crafting_table":100,"minecraft:nether_wart":1588,"minecraft:snow":31,"minecraft:netherite_scrap":1,"minecraft:compass":2,"minecraft:cracked_stone_bricks":5,"minecraft:cartography_table":49,"minecraft:deepslate_diamond_ore":83,"minecraft:beef":1,"minecraft:chest":82,"minecraft:quartz_stairs":61,"minecraft:egg":17,"minecraft:sandstone":39,"minecraft:oak_door":5,"minecraft:amethyst_cluster":10,"minecraft:spruce_fence":1,"minecraft:carrot":1070,"minecraft:redstone":835,"minecraft:mushroom_stem":218,"minecraft:blue_carpet":1,"minecraft:tnt":163,"minecraft:cooked_cod":10,"minecraft:beetroot_seeds":2,"minecraft:diamond_boots":11,"minecraft:shears":3,"minecraft:deepslate_bricks":2,"minecraft:warped_sign":1,"minecraft:gold_ingot":38,"minecraft:white_shulker_box":65,"minecraft:glow_berries":6,"minecraft:white_wool":295,"minecraft:lapis_ore":19,"minecraft:red_mushroom_block":556,"minecraft:red_mushroom":4,"minecraft:filled_map":12,"minecraft:oak_log":646,"minecraft:ancient_debris":207,"minecraft:golden_boots":6,"minecraft:white_banner":28,"minecraft:stone_bricks":226,"minecraft:kelp":30,"minecraft:glass_bottle":34,"minecraft:yellow_concrete":338,"minecraft:spyglass":1,"minecraft:gravel":3476,"minecraft:small_amethyst_bud":2,"minecraft:spruce_sapling":42,"minecraft:spruce_log":630,"minecraft:sea_lantern":1,"minecraft:firework_rocket":985,"minecraft:red_stained_glass":6,"minecraft:stone_axe":1,"minecraft:light_blue_carpet":2,"minecraft:diamond_axe":6,"minecraft:redstone_ore":7,"minecraft:gray_wool":9,"minecraft:warped_roots":50,"minecraft:crimson_nylium":501,"minecraft:stripped_dark_oak_log":3,"minecraft:warped_nylium":490,"minecraft:ender_pearl":14914,"minecraft:shulker_shell":343,"minecraft:chiseled_deepslate":1,"minecraft:wheat":53,"minecraft:redstone_block":1,"minecraft:light_gray_shulker_box":25,"minecraft:turtle_egg":7,"minecraft:potion":27,"minecraft:nether_brick":6,"minecraft:raw_copper":373,"minecraft:iron_leggings":4,"minecraft:sticky_piston":4,"minecraft:netherite_ingot":2,"minecraft:oak_sign":39,"minecraft:sea_pickle":3,"minecraft:activator_rail":4,"minecraft:deepslate_tiles":54,"minecraft:black_shulker_box":83,"minecraft:dark_oak_leaves":2,"minecraft:redstone_torch":111,"minecraft:calcite":162,"minecraft:deepslate_tile_wall":24,"minecraft:furnace":19,"minecraft:stick":185,"minecraft:orange_shulker_box":111,"minecraft:oak_fence":2,"minecraft:torch":313,"minecraft:snow_block":178,"minecraft:porkchop":1,"minecraft:target":1,"minecraft:pointed_dripstone":7,"minecraft:music_disc_pigstep":1,"minecraft:light_gray_banner":4,"minecraft:green_banner":8,"minecraft:quartz_block":224,"minecraft:nether_gold_ore":59,"minecraft:cactus":19,"minecraft:cod":18,"minecraft:nautilus_shell":6,"minecraft:jungle_pressure_plate":1,"minecraft:magma_cream":131,"minecraft:tuff":728,"minecraft:light_gray_dye":2,"minecraft:acacia_boat":11,"minecraft:wither_skeleton_skull":25,"minecraft:lapis_lazuli":188,"minecraft:leather_boots":8,"minecraft:pink_banner":1,"minecraft:raw_gold":132,"minecraft:bell":5,"minecraft:powered_rail":374,"minecraft:oak_planks":120,"minecraft:stone_hoe":2,"minecraft:pink_concrete":1,"minecraft:ghast_tear":14,"minecraft:pink_stained_glass":1,"minecraft:cooked_porkchop":88,"minecraft:music_disc_13":1,"minecraft:pink_stained_glass_pane":1,"minecraft:sand":4534,"minecraft:jungle_planks":16,"minecraft:chiseled_sandstone":1,"minecraft:shulker_box":336,"minecraft:dark_prismarine":3,"minecraft:spruce_fence_gate":17,"minecraft:clay":83,"minecraft:spruce_boat":6,"minecraft:diamond":360,"minecraft:white_concrete":9,"minecraft:oak_sapling":109,"minecraft:nether_star":1,"minecraft:end_stone_bricks":192,"minecraft:cocoa_beans":63,"minecraft:fishing_rod":2,"minecraft:wooden_pickaxe":2,"minecraft:gold_block":380,"minecraft:diamond_horse_armor":5,"minecraft:iron_axe":7,"minecraft:orange_concrete":267,"minecraft:item_frame":10,"minecraft:quartz_slab":13,"minecraft:oak_boat":66,"minecraft:player_head":257,"minecraft:observer":4,"minecraft:light_gray_wool":10,"minecraft:lectern":534,"minecraft:blue_shulker_box":108,"minecraft:sugar_cane":137,"minecraft:phantom_membrane":38,"minecraft:dark_oak_sapling":10,"minecraft:orange_dye":4,"minecraft:raw_iron":338,"minecraft:copper_ingot":1,"minecraft:gray_dye":1,"minecraft:stone_button":2,"minecraft:dark_oak_planks":2,"minecraft:arrow":205,"minecraft:saddle":31,"minecraft:crimson_stem":1851,"minecraft:glow_ink_sac":2,"minecraft:salmon":11,"minecraft:cut_sandstone":22,"minecraft:nether_wart_block":255,"minecraft:deepslate_tile_slab":156,"minecraft:heart_of_the_sea":2,"minecraft:soul_sand":764,"minecraft:acacia_sapling":22,"minecraft:book":709,"minecraft:oak_slab":11,"minecraft:scaffolding":1,"minecraft:pumpkin":97,"minecraft:raw_iron_block":8,"minecraft:dripstone_block":7,"minecraft:blast_furnace":11,"minecraft:white_bed":56,"minecraft:spider_eye":76,"minecraft:cyan_banner":1,"minecraft:lime_dye":11,"minecraft:magenta_concrete":1,"minecraft:acacia_slab":91,"minecraft:red_concrete":285,"minecraft:coal":2375},"minecraft:crafted":{"minecraft:lime_stained_glass":152,"minecraft:black_dye":7,"minecraft:chainmail_helmet":12,"minecraft:oak_sign":18,"minecraft:melon":161,"minecraft:blaze_powder":48,"minecraft:diamond_shovel":5,"minecraft:shulker_box":20,"minecraft:diamond_helmet":13,"minecraft:magenta_concrete_powder":8,"minecraft:beacon":1,"minecraft:dried_kelp_block":1,"minecraft:lime_concrete_powder":272,"minecraft:white_shulker_box":4,"minecraft:blue_stained_glass":184,"minecraft:redstone_lamp":1,"minecraft:acacia_slab":90,"minecraft:smithing_table":6,"minecraft:sticky_piston":6,"minecraft:fletching_table":1,"minecraft:red_nether_bricks":112,"minecraft:cartography_table":52,"minecraft:lectern":16,"minecraft:stone_slab":446,"minecraft:iron_pickaxe":2,"minecraft:netherite_ingot":43,"minecraft:composter":6,"minecraft:golden_carrot":480,"minecraft:orange_shulker_box":1,"minecraft:diamond_hoe":5,"minecraft:acacia_fence_gate":20,"minecraft:blue_shulker_box":2,"minecraft:lantern":92,"minecraft:light_gray_shulker_box":2,"minecraft:red_shulker_box":2,"minecraft:stone_pickaxe":12,"minecraft:quartz_slab":52,"minecraft:spruce_boat":2,"minecraft:chainmail_leggings":12,"minecraft:light_gray_terracotta":5,"minecraft:enchanting_table":1,"minecraft:acacia_trapdoor":234,"minecraft:leather_helmet":1,"minecraft:red_carpet":18,"minecraft:deepslate_tiles":20,"minecraft:enchanted_book":100,"minecraft:orange_dye":26,"minecraft:light_blue_carpet":48,"minecraft:oak_fence_gate":76,"minecraft:red_stained_glass":224,"minecraft:chainmail_boots":12,"minecraft:fermented_spider_eye":18,"minecraft:writable_book":10,"minecraft:pink_terracotta":7,"minecraft:grindstone":5,"minecraft:cobblestone_slab":384,"minecraft:barrel":7,"minecraft:quartz_pillar":168,"minecraft:warped_planks":248,"minecraft:stone_brick_slab":6,"minecraft:bow":5,"minecraft:polished_basalt":4,"minecraft:chest":341,"minecraft:netherite_helmet":1,"minecraft:copper_block":153,"minecraft:rail":112,"minecraft:blue_concrete_powder":360,"minecraft:bricks":184,"minecraft:ender_eye":34,"minecraft:stone_bricks":464,"minecraft:brown_dye":3,"minecraft:chiseled_polished_blackstone":1,"minecraft:yellow_stained_glass":148,"minecraft:dispenser":6,"minecraft:apple":60,"minecraft:tnt":837,"minecraft:spruce_trapdoor":46,"minecraft:yellow_dye":56,"minecraft:purple_dye":4,"minecraft:stick":2000,"minecraft:iron_ingot":1175,"minecraft:light_blue_shulker_box":5,"minecraft:lime_carpet":6,"minecraft:oak_door":3,"minecraft:fishing_rod":5,"minecraft:spruce_button":76,"minecraft:furnace":1,"minecraft:blast_furnace":1,"minecraft:piston":7,"minecraft:crimson_button":3824,"minecraft:raw_copper_block":1,"minecraft:oak_trapdoor":172,"minecraft:flint_and_steel":12,"minecraft:cobblestone_wall":570,"minecraft:brown_shulker_box":3,"minecraft:purple_stained_glass":16,"minecraft:acacia_boat":3,"minecraft:white_dye":18,"minecraft:netherite_shovel":1,"minecraft:black_carpet":45,"minecraft:blue_wool":5,"minecraft:stonecutter":19,"minecraft:anvil":8,"minecraft:torch":152,"minecraft:diamond_chestplate":4,"minecraft:smooth_stone":6,"minecraft:orange_carpet":3,"minecraft:orange_stained_glass":152,"minecraft:lever":2,"minecraft:bookshelf":88,"minecraft:cooked_mutton":8,"minecraft:red_concrete_powder":216,"minecraft:quartz_block":2724,"minecraft:glass":11093,"minecraft:repeater":5,"minecraft:diamond_leggings":15,"minecraft:netherite_boots":2,"minecraft:acacia_fence":3,"minecraft:magenta_dye":2,"minecraft:glass_bottle":39,"minecraft:emerald":12850,"minecraft:cooked_porkchop":6,"minecraft:diamond_axe":12,"minecraft:chiseled_deepslate":4,"minecraft:compass":1,"minecraft:iron_block":1726,"minecraft:gold_ingot":796,"minecraft:light_gray_dye":4,"minecraft:spruce_fence_gate":35,"minecraft:yellow_concrete_powder":136,"minecraft:stone_shovel":10,"minecraft:player_head":337,"minecraft:tinted_glass":48,"minecraft:red_terracotta":7,"minecraft:bone_meal":132,"minecraft:pink_dye":2,"minecraft:white_carpet":249,"minecraft:diamond":81,"minecraft:netherite_axe":1,"minecraft:yellow_glazed_terracotta":7,"minecraft:ladder":6,"minecraft:spruce_slab":12,"minecraft:diamond_boots":11,"minecraft:redstone_block":48,"minecraft:dark_oak_planks":168,"minecraft:wheat":279,"minecraft:dripstone_block":356,"minecraft:coal_block":17,"minecraft:crossbow":9,"minecraft:netherite_pickaxe":2,"minecraft:glowstone":2,"minecraft:golden_apple":68,"minecraft:gray_shulker_box":3,"minecraft:deepslate_tile_stairs":9,"minecraft:iron_leggings":21,"minecraft:white_bed":28,"minecraft:blue_carpet":54,"minecraft:brick":740,"minecraft:oak_planks":2756,"minecraft:hopper":32,"minecraft:quartz_stairs":2,"minecraft:oak_slab":12,"minecraft:map":18,"minecraft:crafting_table":12,"minecraft:spruce_planks":2072,"minecraft:wooden_pickaxe":2,"minecraft:baked_potato":5,"minecraft:gold_block":41,"minecraft:hopper_minecart":1,"minecraft:brewing_stand":21,"minecraft:birch_planks":80,"minecraft:black_shulker_box":4,"minecraft:iron_chestplate":11,"minecraft:book":2,"minecraft:paper":4012,"minecraft:diamond_pickaxe":5,"minecraft:emerald_block":670,"minecraft:shield":19,"minecraft:light_blue_dye":6,"minecraft:netherite_hoe":2,"minecraft:gray_carpet":12,"minecraft:redstone_torch":93,"minecraft:light_gray_carpet":15,"minecraft:shears":1,"minecraft:redstone":40,"minecraft:dark_oak_trapdoor":48,"minecraft:gray_dye":4,"minecraft:glass_pane":27499,"minecraft:diamond_block":135,"minecraft:yellow_shulker_box":1,"minecraft:netherite_leggings":2,"minecraft:iron_axe":2,"minecraft:iron_hoe":1,"minecraft:orange_concrete_powder":8,"minecraft:filled_map":1,"minecraft:netherite_scrap":54,"minecraft:observer":4,"minecraft:minecart":76,"minecraft:cooked_beef":31,"minecraft:sugar":12,"minecraft:red_dye":2069,"minecraft:crimson_planks":3860,"minecraft:diamond_sword":3,"minecraft:spruce_sign":3,"minecraft:yellow_carpet":3,"minecraft:bucket":5,"minecraft:stone_axe":14,"minecraft:brown_terracotta":3,"minecraft:bread":6,"minecraft:air":0,"minecraft:blue_dye":37,"minecraft:oak_boat":4,"minecraft:magenta_terracotta":2,"minecraft:acacia_planks":1412,"minecraft:lapis_lazuli":54,"minecraft:lapis_block":45,"minecraft:firework_rocket":3225},"minecraft:used":{"minecraft:writable_book":51,"minecraft:chiseled_deepslate":1,"minecraft:dispenser":5,"minecraft:poppy":4,"minecraft:stone":3515,"minecraft:warped_sign":1,"minecraft:quartz_stairs":269,"minecraft:rotten_flesh":11,"minecraft:soul_sand":77,"minecraft:azure_bluet":8,"minecraft:weeping_vines":2,"minecraft:spruce_boat":5,"minecraft:jungle_sapling":4,"minecraft:packed_ice":6,"minecraft:lava_bucket":42,"minecraft:quartz_pillar":1,"minecraft:quartz_block":1527,"minecraft:netherite_hoe":244,"minecraft:dark_oak_leaves":2,"minecraft:netherite_boots":1,"minecraft:bow":449,"minecraft:oak_sapling":85,"minecraft:cooked_cod":1,"minecraft:acacia_fence":1,"minecraft:mossy_stone_bricks":1,"minecraft:damaged_anvil":6,"minecraft:chorus_fruit":1,"minecraft:prismarine":4,"minecraft:blackstone":67,"minecraft:wooden_pickaxe":14,"minecraft:composter":7,"minecraft:clay":75,"minecraft:jungle_boat":21,"minecraft:golden_apple":6,"minecraft:glow_berries":2,"minecraft:blast_furnace":10,"minecraft:acacia_leaves":6,"minecraft:deepslate_iron_ore":10,"minecraft:nether_wart_block":9,"minecraft:diamond_sword":445,"minecraft:smithing_table":9,"minecraft:oak_boat":65,"minecraft:oak_trapdoor":142,"minecraft:enchanting_table":2,"minecraft:orange_concrete":267,"minecraft:tinted_glass":25,"minecraft:cooked_salmon":4,"minecraft:orange_stained_glass":149,"minecraft:torch":581,"minecraft:brewing_stand":67,"minecraft:nether_quartz_ore":32,"minecraft:yellow_carpet":2,"minecraft:oak_fence_gate":128,"minecraft:chipped_anvil":1,"minecraft:iron_block":4,"minecraft:barrel":8,"minecraft:bamboo":8,"minecraft:basalt":24,"minecraft:lime_concrete":279,"minecraft:acacia_planks":186,"minecraft:calcite":224,"minecraft:wheat_seeds":2,"minecraft:warped_stem":2,"minecraft:light_blue_shulker_box":43,"minecraft:blue_concrete_powder":332,"minecraft:spruce_fence_gate":46,"minecraft:deepslate_bricks":2,"minecraft:diamond_block":1,"minecraft:rail":2176,"minecraft:white_bed":78,"minecraft:mushroom_stem":5,"minecraft:diamond_pickaxe":10956,"minecraft:diamond_shovel":4033,"minecraft:magenta_concrete_powder":1,"minecraft:spruce_trapdoor":46,"minecraft:spruce_sapling":42,"minecraft:blue_carpet":6,"minecraft:potion":43,"minecraft:porkchop":1,"minecraft:cooked_porkchop":173,"minecraft:dandelion":6,"minecraft:diamond_leggings":3,"minecraft:moss_carpet":133,"minecraft:blue_terracotta":4,"minecraft:polished_basalt":3,"minecraft:nether_wart":517,"minecraft:mutton":1,"minecraft:obsidian":128,"minecraft:crimson_button":3811,"minecraft:bricks":13,"minecraft:lantern":44,"minecraft:warped_nylium":1,"minecraft:item_frame":10,"minecraft:deepslate_diamond_ore":42,"minecraft:written_book":2,"minecraft:blue_shulker_box":111,"minecraft:gold_block":72,"minecraft:dark_oak_sapling":9,"minecraft:end_rod":2,"minecraft:diamond_boots":4,"minecraft:wither_skeleton_skull":4,"minecraft:oak_planks":220,"minecraft:sandstone":29,"minecraft:diamond_axe":1737,"minecraft:light_blue_wool":1,"minecraft:yellow_concrete":282,"minecraft:crossbow":6,"minecraft:deepslate_lapis_ore":5,"minecraft:end_stone":66,"minecraft:sticky_piston":12,"minecraft:lever":6,"minecraft:dark_oak_log":1,"minecraft:bread":63,"minecraft:iron_door":1,"minecraft:deepslate":398,"minecraft:bone_meal":16,"minecraft:orange_concrete_powder":264,"minecraft:netherite_sword":8327,"minecraft:flint_and_steel":399,"minecraft:redstone":64,"minecraft:dried_kelp":1,"minecraft:ender_chest":45,"minecraft:deepslate_gold_ore":1,"minecraft:brown_shulker_box":53,"minecraft:cooked_chicken":22,"minecraft:dirt":857,"minecraft:prismarine_bricks":2,"minecraft:bee_nest":1,"minecraft:iron_hoe":221,"minecraft:light_gray_stained_glass":2,"minecraft:yellow_concrete_powder":320,"minecraft:soul_soil":70,"minecraft:lime_stained_glass":148,"minecraft:deepslate_tile_stairs":38,"minecraft:netherite_pickaxe":60075,"minecraft:minecart":183,"minecraft:cooked_beef":28,"minecraft:pumpkin":6,"minecraft:snow_block":2,"minecraft:baked_potato":8,"minecraft:red_nether_bricks":1,"minecraft:cut_sandstone":14,"minecraft:spruce_sign":3,"minecraft:warped_roots":3,"minecraft:magenta_carpet":1,"minecraft:warped_planks":196,"minecraft:piston":4,"minecraft:flower_pot":1,"minecraft:black_wool":1,"minecraft:chicken":1,"minecraft:stone_slab":536,"minecraft:crimson_fungus":1,"minecraft:pumpkin_pie":69,"minecraft:sea_pickle":2,"minecraft:elytra":8,"minecraft:ladder":6,"minecraft:chest":319,"minecraft:white_shulker_box":68,"minecraft:blue_stained_glass":181,"minecraft:jungle_slab":2,"minecraft:acacia_sapling":14,"minecraft:netherite_shovel":11851,"minecraft:grass_block":275,"minecraft:birch_sapling":4,"minecraft:orange_shulker_box":112,"minecraft:copper_ore":33,"minecraft:stone_brick_stairs":1,"minecraft:sweet_berries":29,"minecraft:furnace":1,"minecraft:egg":16,"minecraft:dragon_head":1,"minecraft:light_blue_carpet":50,"minecraft:diorite":308,"minecraft:end_stone_bricks":130,"minecraft:red_stained_glass":154,"minecraft:acacia_trapdoor":223,"minecraft:powered_rail":204,"minecraft:blackstone_stairs":1,"minecraft:lime_concrete_powder":272,"minecraft:jungle_pressure_plate":1,"minecraft:purpur_pillar":7,"minecraft:oak_leaves":16,"minecraft:dark_oak_trapdoor":48,"minecraft:sand":21,"minecraft:netherite_helmet":1,"minecraft:deepslate_tiles":219,"minecraft:lectern":549,"minecraft:fire_charge":1,"minecraft:pink_stained_glass":1,"minecraft:ice":1,"minecraft:iron_bars":1,"minecraft:red_concrete":272,"minecraft:mycelium":354,"minecraft:netherrack":7154,"minecraft:light_gray_shulker_box":25,"minecraft:ancient_debris":2,"minecraft:warped_wart_block":5,"minecraft:anvil":11,"minecraft:wheat":1,"minecraft:twisting_vines":2,"minecraft:blue_concrete":341,"minecraft:shroomlight":20,"minecraft:red_shulker_box":147,"minecraft:spruce_button":76,"minecraft:totem_of_undying":1,"minecraft:pink_stained_glass_pane":1,"minecraft:smooth_basalt":6,"minecraft:beef":3,"minecraft:oxidized_copper":2,"minecraft:cobbled_deepslate":112,"minecraft:observer":8,"minecraft:golden_axe":14,"minecraft:crimson_stem":3,"minecraft:water_bucket":99,"minecraft:yellow_shulker_box":126,"minecraft:cartography_table":100,"minecraft:red_mushroom_block":1,"minecraft:fletching_table":5,"minecraft:polished_blackstone_bricks":31,"minecraft:cracked_stone_bricks":2,"minecraft:salmon":1,"minecraft:pink_concrete":1,"minecraft:mossy_cobblestone":2,"minecraft:orange_carpet":2,"minecraft:comparator":4,"minecraft:oak_slab":11,"minecraft:tnt":954,"minecraft:crafting_table":98,"minecraft:deepslate_tile_wall":35,"minecraft:small_amethyst_bud":1,"minecraft:ender_eye":47,"minecraft:cornflower":1,"minecraft:oxeye_daisy":2,"minecraft:iron_pickaxe":966,"minecraft:crimson_nylium":2,"minecraft:cobblestone":682,"minecraft:red_concrete_powder":280,"minecraft:glass_pane":7,"minecraft:brown_mushroom_block":2,"minecraft:diamond_hoe":1460,"minecraft:oak_sign":56,"minecraft:shield":51,"minecraft:iron_sword":110,"minecraft:bell":6,"minecraft:player_head":12,"minecraft:nether_bricks":225,"minecraft:carrot":367,"minecraft:deepslate_tile_slab":15,"minecraft:tuff":107,"minecraft:axolotl_bucket":1,"minecraft:milk_bucket":5,"minecraft:glass":63,"minecraft:coal_ore":504,"minecraft:quartz_slab":1229,"minecraft:crimson_roots":4,"minecraft:stone_bricks":539,"minecraft:red_carpet":2,"minecraft:repeater":8,"minecraft:magma_block":112,"minecraft:warped_fungus":1,"minecraft:hay_block":15,"minecraft:scaffolding":1,"minecraft:chiseled_polished_blackstone":3,"minecraft:ender_pearl":5,"minecraft:redstone_block":3,"minecraft:large_amethyst_bud":2,"minecraft:deepslate_redstone_ore":10,"minecraft:dripstone_block":3,"minecraft:stone_brick_wall":113,"minecraft:shears":1,"minecraft:redstone_torch":136,"minecraft:firework_rocket":4778,"minecraft:gray_shulker_box":12,"minecraft:lime_carpet":4,"minecraft:melon_slice":3,"minecraft:gravel":105,"minecraft:jungle_sign":2,"minecraft:grindstone":17,"minecraft:medium_amethyst_bud":4,"minecraft:andesite":72,"minecraft:deepslate_coal_ore":5,"minecraft:white_concrete":8,"minecraft:tropical_fish_bucket":1,"minecraft:oak_fence":1,"minecraft:purpur_block":22,"minecraft:trident":146,"minecraft:spruce_planks":3,"minecraft:oak_door":5,"minecraft:spyglass":12,"minecraft:white_carpet":17,"minecraft:hopper":34,"minecraft:cobblestone_wall":107,"minecraft:diamond_helmet":5,"minecraft:shulker_box":304,"minecraft:granite":263,"minecraft:purple_banner":1,"minecraft:stone_brick_slab":90,"minecraft:dark_oak_planks":2,"minecraft:bookshelf":40,"minecraft:yellow_stained_glass":154,"minecraft:acacia_slab":11,"minecraft:crimson_planks":4,"minecraft:golden_carrot":558,"minecraft:emerald_block":169,"minecraft:cyan_banner":1,"minecraft:cooked_mutton":10,"minecraft:acacia_boat":13,"minecraft:iron_ore":39,"minecraft:amethyst_block":146,"minecraft:glass_bottle":81,"minecraft:pink_banner":1,"minecraft:black_shulker_box":83,"minecraft:magenta_stained_glass":1,"minecraft:beacon":3,"minecraft:stonecutter":83,"minecraft:stripped_dark_oak_log":2,"minecraft:purple_stained_glass":43,"minecraft:apple":7,"minecraft:cracked_polished_blackstone_bricks":18,"minecraft:netherite_axe":5716,"minecraft:acacia_fence_gate":21,"minecraft:fishing_rod":68,"minecraft:white_banner":20,"minecraft:bucket":147,"minecraft:yellow_bed":5,"minecraft:splash_potion":47},"minecraft:killed":{"minecraft:guardian":14,"minecraft:salmon":5,"minecraft:iron_golem":28,"minecraft:pillager":165,"minecraft:zombie":175,"minecraft:evoker":16,"minecraft:vindicator":68,"minecraft:endermite":1,"minecraft:husk":1,"minecraft:ravager":14,"minecraft:zombified_piglin":14,"minecraft:witch":19,"minecraft:spider":23,"minecraft:wither":1,"minecraft:silverfish":7,"minecraft:piglin_brute":61,"minecraft:piglin":124,"minecraft:zombie_villager":6,"minecraft:mooshroom":1,"minecraft:ghast":19,"minecraft:vex":26,"minecraft:slime":17,"minecraft:drowned":20,"minecraft:hoglin":21,"minecraft:squid":6,"minecraft:wither_skeleton":288,"minecraft:villager":3,"minecraft:cave_spider":3,"minecraft:shulker":94,"minecraft:skeleton":115,"minecraft:chicken":10,"minecraft:magma_cube":257,"minecraft:enderman":20777,"minecraft:pig":1,"minecraft:creeper":100,"minecraft:blaze":299,"minecraft:phantom":12,"minecraft:bat":4},"minecraft:killed_by":{"minecraft:piglin_brute":1,"minecraft:wither_skeleton":1,"minecraft:creeper":1,"minecraft:piglin":1},"minecraft:mined":{"minecraft:dragon_wall_head":4,"minecraft:red_shulker_box":144,"minecraft:blackstone_stairs":1,"minecraft:white_bed":57,"minecraft:light_blue_carpet":2,"minecraft:granite":774,"minecraft:acacia_log":329,"minecraft:deepslate_tile_wall":14,"minecraft:oak_wall_sign":31,"minecraft:nether_wart":490,"minecraft:spawner":13,"minecraft:polished_blackstone_bricks":285,"minecraft:magma_block":1251,"minecraft:fire":704,"minecraft:cobbled_deepslate":88,"minecraft:barrel":3,"minecraft:fletching_table":5,"minecraft:deepslate_lapis_ore":46,"minecraft:twisting_vines":1,"minecraft:white_shulker_box":64,"minecraft:white_banner":6,"minecraft:player_head":6,"minecraft:tripwire":1,"minecraft:cut_sandstone":32,"minecraft:magenta_carpet":1,"minecraft:kelp_plant":11,"minecraft:crimson_nylium":548,"minecraft:deepslate_tile_slab":16,"minecraft:torch":115,"minecraft:oxidized_copper":2,"minecraft:dead_bush":5,"minecraft:sugar_cane":67,"minecraft:bricks":7,"minecraft:amethyst_block":49,"minecraft:repeater":3,"minecraft:grass":316,"minecraft:dark_oak_sapling":1,"minecraft:smooth_basalt":28,"minecraft:stripped_crimson_stem":1,"minecraft:deepslate":4051,"minecraft:dark_prismarine":3,"minecraft:deepslate_tiles":52,"minecraft:light_blue_wool":1,"minecraft:mossy_cobblestone":2,"minecraft:dark_oak_log":39,"minecraft:sea_lantern":1,"minecraft:end_stone":66,"minecraft:redstone_wire":15,"minecraft:cartography_table":54,"minecraft:redstone_ore":26,"minecraft:acacia_trapdoor":7,"minecraft:pink_concrete":1,"minecraft:andesite":443,"minecraft:vine":8,"minecraft:rail":1852,"minecraft:bone_block":8,"minecraft:ender_chest":85,"minecraft:oak_slab":7,"minecraft:redstone_block":1,"minecraft:glass_pane":7,"minecraft:soul_sand":797,"minecraft:dandelion":69,"minecraft:cornflower":35,"minecraft:warped_roots":8,"minecraft:copper_ore":286,"minecraft:purpur_pillar":16,"minecraft:tall_grass":57,"minecraft:deepslate_gold_ore":104,"minecraft:diorite":1024,"minecraft:warped_wart_block":159,"minecraft:cobblestone_wall":45,"minecraft:sunflower":27,"minecraft:gravel":3119,"minecraft:cobweb":52,"minecraft:stone_bricks":186,"minecraft:chipped_anvil":1,"minecraft:stone_pressure_plate":9,"minecraft:oak_sapling":4,"minecraft:farmland":4,"minecraft:orange_stained_glass":1,"minecraft:brewing_stand":43,"minecraft:budding_amethyst":3,"minecraft:cracked_polished_blackstone_bricks":110,"minecraft:white_concrete":9,"minecraft:composter":1,"minecraft:green_wall_banner":6,"minecraft:turtle_egg":5,"minecraft:dragon_head":2,"minecraft:pointed_dripstone":5,"minecraft:red_tulip":1,"minecraft:iron_bars":1,"minecraft:deepslate_redstone_ore":215,"minecraft:brown_shulker_box":50,"minecraft:quartz_block":224,"minecraft:medium_amethyst_bud":1,"minecraft:purpur_stairs":5,"minecraft:beacon":2,"minecraft:wither_skeleton_wall_skull":1,"minecraft:nether_quartz_ore":1923,"minecraft:oak_planks":62,"minecraft:wall_torch":63,"minecraft:warped_nylium":497,"minecraft:blue_terracotta":7,"minecraft:powered_rail":114,"minecraft:green_banner":1,"minecraft:warped_planks":55,"minecraft:tnt":163,"minecraft:oak_log":625,"minecraft:dirt":3421,"minecraft:ancient_debris":191,"minecraft:quartz_stairs":61,"minecraft:dark_oak_leaves":8,"minecraft:red_stained_glass":6,"minecraft:lever":5,"minecraft:glow_lichen":5,"minecraft:brown_mushroom_block":518,"minecraft:spruce_leaves":121,"minecraft:acacia_slab":7,"minecraft:crimson_stem":1868,"minecraft:hay_block":110,"minecraft:nether_sprouts":5,"minecraft:polished_basalt":3,"minecraft:light_gray_shulker_box":24,"minecraft:gold_block":372,"minecraft:nether_brick_fence":2,"minecraft:bookshelf":628,"minecraft:deepslate_iron_ore":203,"minecraft:shroomlight":342,"minecraft:scaffolding":1,"minecraft:acacia_leaves":54,"minecraft:magenta_stained_glass":1,"minecraft:snow_block":183,"minecraft:stripped_dark_oak_log":3,"minecraft:basalt":754,"minecraft:oak_fence":2,"minecraft:stone_slab":83,"minecraft:deepslate_coal_ore":11,"minecraft:red_concrete":285,"minecraft:polished_blackstone_brick_stairs":10,"minecraft:prismarine_bricks":3,"minecraft:sea_pickle":2,"minecraft:ice":1,"minecraft:bee_nest":5,"minecraft:cocoa":8,"minecraft:yellow_concrete":338,"minecraft:cracked_stone_bricks":6,"minecraft:mossy_stone_bricks":4,"minecraft:jungle_wall_sign":1,"minecraft:dark_oak_planks":2,"minecraft:stripped_warped_stem":1,"minecraft:jungle_leaves":130,"minecraft:obsidian":134,"minecraft:chiseled_polished_blackstone":2,"minecraft:stone_brick_wall":11,"minecraft:jungle_log":52,"minecraft:pink_stained_glass":1,"minecraft:deepslate_bricks":2,"minecraft:deepslate_tile_stairs":21,"minecraft:crimson_fungus":1,"minecraft:hopper":2,"minecraft:oxeye_daisy":4,"minecraft:tall_seagrass":3,"minecraft:orange_concrete":267,"minecraft:weeping_vines_plant":11,"minecraft:sticky_piston":3,"minecraft:cyan_wall_banner":1,"minecraft:moss_carpet":2,"minecraft:oak_sign":1,"minecraft:dirt_path":30,"minecraft:quartz_slab":12,"minecraft:iron_block":3,"minecraft:piston_head":1,"minecraft:brown_mushroom":11,"minecraft:soul_fire":21,"minecraft:amethyst_cluster":9,"minecraft:blast_furnace":11,"minecraft:glass":22,"minecraft:damaged_anvil":6,"minecraft:light_gray_stained_glass":2,"minecraft:wheat":1,"minecraft:lime_concrete":289,"minecraft:stone_brick_stairs":1,"minecraft:oak_fence_gate":54,"minecraft:blue_shulker_box":109,"minecraft:red_mushroom_block":559,"minecraft:stonecutter":64,"minecraft:yellow_stained_glass":3,"minecraft:piston":4,"minecraft:shulker_box":308,"minecraft:nether_bricks":962,"minecraft:crimson_roots":20,"minecraft:orange_shulker_box":111,"minecraft:magenta_concrete":1,"minecraft:crimson_button":21,"minecraft:moss_block":1,"minecraft:kelp":4,"minecraft:snow":25,"minecraft:warped_stem":588,"minecraft:bamboo":1,"minecraft:smithing_table":3,"minecraft:stone_brick_slab":18,"minecraft:observer":4,"minecraft:jungle_sign":1,"minecraft:purple_stained_glass":1,"minecraft:white_carpet":4,"minecraft:spruce_log":630,"minecraft:birch_leaves":83,"minecraft:mycelium":1835,"minecraft:pink_stained_glass_pane":1,"minecraft:dripstone_block":6,"minecraft:acacia_planks":27,"minecraft:spruce_fence_gate":16,"minecraft:black_shulker_box":84,"minecraft:light_gray_banner":4,"minecraft:large_amethyst_bud":1,"minecraft:spruce_planks":3,"minecraft:cobblestone_stairs":1,"minecraft:grass_block":1831,"minecraft:gray_banner":5,"minecraft:blue_concrete":344,"minecraft:soul_soil":401,"minecraft:raw_iron_block":2,"minecraft:iron_ore":125,"minecraft:anvil":3,"minecraft:azure_bluet":11,"minecraft:jungle_pressure_plate":1,"minecraft:end_stone_bricks":201,"minecraft:blackstone":987,"minecraft:twisting_vines_plant":3,"minecraft:clay":321,"minecraft:calcite":162,"minecraft:poppy":7,"minecraft:chest":79,"minecraft:mushroom_stem":228,"minecraft:cobblestone":335,"minecraft:grindstone":12,"minecraft:prismarine":6,"minecraft:iron_door":1,"minecraft:deepslate_copper_ore":114,"minecraft:seagrass":9,"minecraft:acacia_sapling":4,"minecraft:nether_wart_block":266,"minecraft:birch_log":38,"minecraft:purpur_block":40,"minecraft:sand":3861,"minecraft:netherrack":31622,"minecraft:oak_leaves":462,"minecraft:emerald_block":3,"minecraft:nether_gold_ore":83,"minecraft:diamond_ore":4,"minecraft:tuff":679,"minecraft:deepslate_diamond_ore":111,"minecraft:gray_shulker_box":11,"minecraft:weeping_vines":4,"minecraft:sandstone":368,"minecraft:oak_trapdoor":23,"minecraft:furnace":2,"minecraft:spruce_sapling":1,"minecraft:carrots":283,"minecraft:chiseled_sandstone":2,"minecraft:chiseled_deepslate":1,"minecraft:bell":5,"minecraft:lantern":16,"minecraft:packed_ice":6,"minecraft:chorus_plant":8,"minecraft:stone":15396,"minecraft:yellow_shulker_box":126,"minecraft:redstone_wall_torch":9,"minecraft:light_blue_shulker_box":39,"minecraft:crafting_table":85,"minecraft:lectern":534,"minecraft:lapis_ore":19,"minecraft:acacia_fence_gate":1,"minecraft:redstone_torch":85,"minecraft:sweet_berry_bush":19,"minecraft:yellow_bed":6,"minecraft:potted_azure_bluet":1,"minecraft:coal_ore":1250,"minecraft:end_rod":4}},"DataVersion":3120}