{"stats":{"minecraft:mined":{"minecraft:jungle_leaves":1,"minecraft:obsidian":3214,"minecraft:granite":1312,"minecraft:jungle_log":11,"minecraft:oak_pressure_plate":14,"minecraft:deepslate_bricks":112,"minecraft:purpur_slab":1,"minecraft:green_concrete":2,"minecraft:orange_concrete":8,"minecraft:weeping_vines_plant":1,"minecraft:tall_seagrass":14,"minecraft:magma_block":7,"minecraft:fire":2,"minecraft:cobbled_deepslate":38,"minecraft:deepslate_lapis_ore":110,"minecraft:dirt_path":2,"minecraft:deepslate_brick_stairs":39,"minecraft:player_head":9,"minecraft:orange_bed":1,"minecraft:kelp_plant":15,"minecraft:deepslate_brick_wall":2,"minecraft:crimson_nylium":7,"minecraft:amethyst_cluster":13,"minecraft:powder_snow":22,"minecraft:torch":64,"minecraft:blast_furnace":1,"minecraft:dead_bush":6,"minecraft:polished_diorite_slab":4,"minecraft:lime_shulker_box":4,"minecraft:sugar_cane":29,"minecraft:damaged_anvil":2,"minecraft:amethyst_block":520,"minecraft:polished_diorite_stairs":22,"minecraft:chain":1,"minecraft:verdant_froglight":12,"minecraft:wheat":3220,"minecraft:jukebox":1,"minecraft:lime_concrete":91,"minecraft:grass":144,"minecraft:smooth_basalt":18,"minecraft:blue_shulker_box":78,"minecraft:stonecutter":7,"minecraft:deepslate":15406,"minecraft:deepslate_tiles":3,"minecraft:pink_shulker_box":4,"minecraft:shulker_box":144,"minecraft:end_stone":950,"minecraft:jungle_planks":4,"minecraft:crimson_roots":3,"minecraft:cartography_table":2,"minecraft:redstone_ore":25,"minecraft:andesite":1891,"minecraft:potatoes":748,"minecraft:vine":1,"minecraft:cyan_concrete":657,"minecraft:cobblestone_slab":82,"minecraft:bamboo_sapling":1,"minecraft:bamboo":14,"minecraft:white_wool":8,"minecraft:ender_chest":20,"minecraft:redstone_block":4,"minecraft:cyan_concrete_powder":101,"minecraft:purpur_pillar":2,"minecraft:tall_grass":14,"minecraft:copper_ore":111,"minecraft:deepslate_gold_ore":295,"minecraft:diorite":1002,"minecraft:pearlescent_froglight":1,"minecraft:birch_leaves":37,"minecraft:mycelium":1,"minecraft:gravel":1063,"minecraft:gold_ore":11,"minecraft:iron_trapdoor":5,"minecraft:fern":1,"minecraft:black_shulker_box":5,"minecraft:oak_sapling":9,"minecraft:cobbled_deepslate_stairs":12,"minecraft:jungle_slab":1,"minecraft:cobblestone_stairs":135,"minecraft:budding_amethyst":3,"minecraft:grass_block":396,"minecraft:glowstone":3,"minecraft:iron_ore":214,"minecraft:end_stone_bricks":16,"minecraft:deepslate_redstone_ore":828,"minecraft:purpur_stairs":8,"minecraft:calcite":116,"minecraft:poppy":1,"minecraft:beacon":1,"minecraft:chest":1,"minecraft:nether_quartz_ore":211,"minecraft:cobblestone":272,"minecraft:iron_door":3,"minecraft:oak_planks":5,"minecraft:wall_torch":188,"minecraft:deepslate_copper_ore":70,"minecraft:seagrass":13,"minecraft:dark_oak_slab":2,"minecraft:warped_planks":2,"minecraft:nether_wart_block":2,"minecraft:birch_log":5,"minecraft:purpur_block":13,"minecraft:oak_log":889,"minecraft:sand":695,"minecraft:dirt":483,"minecraft:netherrack":173,"minecraft:oak_leaves":582,"minecraft:diamond_ore":1,"minecraft:tuff":566,"minecraft:deepslate_diamond_ore":165,"minecraft:ladder":1,"minecraft:glow_lichen":3,"minecraft:deepslate_brick_slab":23,"minecraft:furnace":3,"minecraft:carrots":874,"minecraft:chiseled_deepslate":9,"minecraft:gold_block":5,"minecraft:deepslate_iron_ore":433,"minecraft:chorus_plant":2,"minecraft:stone":4113,"minecraft:yellow_shulker_box":6,"minecraft:magenta_stained_glass":4,"minecraft:crafting_table":6,"minecraft:lectern":21,"minecraft:deepslate_coal_ore":4,"minecraft:lapis_ore":37,"minecraft:cactus":31,"minecraft:green_shulker_box":13,"minecraft:sweet_berry_bush":3,"minecraft:coal_ore":174,"minecraft:ochre_froglight":9,"minecraft:end_rod":203,"minecraft:terracotta":2},"minecraft:crafted":{"minecraft:black_dye":2,"minecraft:smooth_stone":6,"minecraft:oak_pressure_plate":14,"minecraft:chain":12,"minecraft:shulker_box":45,"minecraft:quartz_block":113,"minecraft:diamond_helmet":2,"minecraft:diamond_leggings":1,"minecraft:stone_pressure_plate":14,"minecraft:iron_door":6,"minecraft:name_tag":1,"minecraft:emerald":50,"minecraft:diamond_axe":1,"minecraft:jungle_boat":1,"minecraft:copper_ingot":892,"minecraft:hay_block":270,"minecraft:cartography_table":1,"minecraft:iron_pickaxe":19,"minecraft:iron_block":78,"minecraft:gold_ingot":434,"minecraft:composter":2,"minecraft:iron_nugget":27,"minecraft:spyglass":1,"minecraft:globe_banner_pattern":1,"minecraft:bone_meal":3,"minecraft:blue_shulker_box":1,"minecraft:orange_wool":3,"minecraft:warped_trapdoor":2,"minecraft:diamond":54,"minecraft:stone_pickaxe":6,"minecraft:diamond_boots":1,"minecraft:cobbled_deepslate_stairs":232,"minecraft:redstone_block":355,"minecraft:dark_oak_planks":12,"minecraft:lead":2,"minecraft:wheat":574,"minecraft:enchanted_book":3,"minecraft:warped_sign":3,"minecraft:writable_book":1,"minecraft:iron_shovel":4,"minecraft:iron_leggings":1,"minecraft:oak_planks":1960,"minecraft:cobblestone_slab":84,"minecraft:dark_oak_boat":2,"minecraft:stone":9,"minecraft:cobblestone_stairs":156,"minecraft:green_dye":53,"minecraft:bow":3,"minecraft:iron_boots":1,"minecraft:chest":56,"minecraft:copper_block":52,"minecraft:stone_hoe":1,"minecraft:polished_diorite_slab":76,"minecraft:oak_slab":18,"minecraft:map":5,"minecraft:crafting_table":6,"minecraft:spruce_planks":24,"minecraft:baked_potato":1048,"minecraft:iron_helmet":1,"minecraft:gold_block":49,"minecraft:birch_planks":20,"minecraft:black_shulker_box":3,"minecraft:diamond_pickaxe":4,"minecraft:iron_chestplate":1,"minecraft:book":3,"minecraft:paper":294,"minecraft:charcoal":278,"minecraft:shield":4,"minecraft:stick":344,"minecraft:iron_ingot":834,"minecraft:green_shulker_box":1,"minecraft:redstone_torch":2,"minecraft:deepslate_bricks":1,"minecraft:polished_diorite_stairs":4,"minecraft:shears":1,"minecraft:oak_door":6,"minecraft:furnace":6,"minecraft:blast_furnace":2,"minecraft:diamond_block":15,"minecraft:iron_axe":4,"minecraft:filled_map":1,"minecraft:orange_banner":6,"minecraft:cooked_beef":3,"minecraft:cyan_concrete_powder":824,"minecraft:diamond_sword":1,"minecraft:cyan_dye":104,"minecraft:iron_trapdoor":2,"minecraft:bucket":1,"minecraft:bread":531,"minecraft:air":0,"minecraft:jungle_planks":44,"minecraft:blue_dye":67,"minecraft:oak_boat":1,"minecraft:stonecutter":1,"minecraft:anvil":1,"minecraft:torch":1404,"minecraft:orange_bed":1,"minecraft:lapis_lazuli":90,"minecraft:lapis_block":119,"minecraft:diamond_chestplate":1},"minecraft:killed_by":{"minecraft:piglin":1},"minecraft:killed":{"minecraft:shulker":56,"minecraft:skeleton":81,"minecraft:chicken":2,"minecraft:magma_cube":13,"minecraft:zombie":72,"minecraft:glow_squid":3,"minecraft:cow":11,"minecraft:husk":7,"minecraft:enderman":32,"minecraft:zombified_piglin":2,"minecraft:witch":1,"minecraft:spider":2207,"minecraft:pig":1,"minecraft:zombie_villager":2,"minecraft:creeper":78,"minecraft:slime":30,"minecraft:phantom":72,"minecraft:drowned":8,"minecraft:bat":1,"minecraft:hoglin":2,"minecraft:squid":23},"minecraft:custom":{"minecraft:interact_with_crafting_table":307,"minecraft:open_barrel":249,"minecraft:leave_game":92,"minecraft:time_since_death":361957,"minecraft:damage_blocked_by_shield":4060,"minecraft:play_time":4598193,"minecraft:deaths":4,"minecraft:jump":48014,"minecraft:enchant_item":20,"minecraft:interact_with_furnace":516,"minecraft:play_record":2,"minecraft:traded_with_villager":67,"minecraft:interact_with_cartography_table":1,"minecraft:sleep_in_bed":25,"minecraft:damage_dealt":243425,"minecraft:interact_with_smoker":31,"minecraft:inspect_dispenser":4,"minecraft:horse_one_cm":271075,"minecraft:interact_with_smithing_table":2,"minecraft:inspect_dropper":1,"minecraft:interact_with_anvil":28,"minecraft:inspect_hopper":137,"minecraft:sneak_time":506105,"minecraft:interact_with_lectern":33,"minecraft:interact_with_blast_furnace":82,"minecraft:total_world_time":4598193,"minecraft:interact_with_stonecutter":66,"minecraft:time_since_rest":31684,"minecraft:swim_one_cm":1298842,"minecraft:fly_one_cm":10227887,"minecraft:open_chest":1928,"minecraft:fall_one_cm":1274715,"minecraft:animals_bred":13,"minecraft:open_shulker_box":888,"minecraft:sprint_one_cm":12337915,"minecraft:drop":414,"minecraft:talked_to_villager":106,"minecraft:interact_with_brewingstand":2,"minecraft:walk_on_water_one_cm":2818756,"minecraft:interact_with_loom":1,"minecraft:open_enderchest":353,"minecraft:crouch_one_cm":1591139,"minecraft:mob_kills":2746,"minecraft:climb_one_cm":610352,"minecraft:walk_one_cm":8216558,"minecraft:walk_under_water_one_cm":2284332,"minecraft:boat_one_cm":2698134,"minecraft:pot_flower":2,"minecraft:interact_with_grindstone":1,"minecraft:damage_taken":18363,"minecraft:pig_one_cm":476,"minecraft:aviate_one_cm":11957398},"minecraft:picked_up":{"minecraft:iron_chestplate":3,"minecraft:lead":2,"minecraft:diamond_sword":6,"minecraft:enchanted_book":4,"minecraft:golden_sword":1,"minecraft:amethyst_block":511,"minecraft:string":890,"minecraft:diamond_leggings":3,"minecraft:gold_nugget":2,"minecraft:cobbled_deepslate":9275,"minecraft:written_book":4,"minecraft:diamond_ore":1,"minecraft:jukebox":1,"minecraft:purpur_pillar":2,"minecraft:warped_planks":2,"minecraft:orange_bed":1,"minecraft:tropical_fish":1,"minecraft:end_rod":223,"minecraft:netherite_chestplate":1,"minecraft:birch_log":5,"minecraft:magma_block":7,"minecraft:polished_diorite_slab":4,"minecraft:feather":5,"minecraft:cooked_beef":36,"minecraft:iron_door":5,"minecraft:water_bucket":5,"minecraft:jungle_log":11,"minecraft:dark_oak_boat":2,"minecraft:flint":107,"minecraft:netherite_leggings":1,"minecraft:cyan_concrete_powder":101,"minecraft:stonecutter":7,"minecraft:diamond_helmet":5,"minecraft:glowstone_dust":4,"minecraft:ink_sac":84,"minecraft:green_concrete":2,"minecraft:deepslate":5833,"minecraft:writable_book":3,"minecraft:deepslate_gold_ore":112,"minecraft:granite":1256,"minecraft:chainmail_helmet":1,"minecraft:bread":23,"minecraft:deepslate_coal_ore":2,"minecraft:crimson_roots":4,"minecraft:diamond_pickaxe":4,"minecraft:music_disc_5":1,"minecraft:crafting_table":6,"minecraft:leather_leggings":3,"minecraft:purpur_block":13,"minecraft:elytra":1,"minecraft:iron_shovel":3,"minecraft:glass_pane":9,"minecraft:cartography_table":2,"minecraft:netherite_sword":1,"minecraft:deepslate_diamond_ore":52,"minecraft:music_disc_otherside":1,"minecraft:beef":5,"minecraft:jungle_sapling":2,"minecraft:poppy":3,"minecraft:birch_sapling":11,"minecraft:chest":13,"minecraft:egg":2,"minecraft:copper_ore":21,"minecraft:lime_shulker_box":6,"minecraft:stone":610,"minecraft:oak_door":1,"minecraft:amethyst_cluster":13,"minecraft:carrot":3225,"minecraft:redstone":3199,"minecraft:netherite_pickaxe":3,"minecraft:diamond_chestplate":3,"minecraft:diamond_boots":3,"minecraft:shears":1,"minecraft:deepslate_bricks":112,"minecraft:purpur_slab":1,"minecraft:totem_of_undying":3,"minecraft:glow_berries":1,"minecraft:white_wool":27,"minecraft:lapis_ore":19,"minecraft:stripped_oak_log":9,"minecraft:yellow_shulker_box":8,"minecraft:ochre_froglight":70,"minecraft:filled_map":3,"minecraft:purpur_stairs":8,"minecraft:oak_log":954,"minecraft:golden_boots":1,"minecraft:apple":55,"minecraft:kelp":143,"minecraft:iron_ore":96,"minecraft:iron_sword":1,"minecraft:smooth_basalt":16,"minecraft:dark_oak_slab":2,"minecraft:sweet_berries":16,"minecraft:lime_concrete":90,"minecraft:spyglass":3,"minecraft:gravel":1111,"minecraft:leather_helmet":1,"minecraft:firework_rocket":21,"minecraft:diamond_shovel":2,"minecraft:coal_ore":19,"minecraft:slime_ball":47,"minecraft:diamond_axe":1,"minecraft:redstone_ore":8,"minecraft:deepslate_redstone_ore":313,"minecraft:baked_potato":192,"minecraft:mangrove_propagule":30,"minecraft:ender_pearl":65,"minecraft:shulker_shell":115,"minecraft:chiseled_deepslate":9,"minecraft:wheat":3254,"minecraft:redstone_block":4,"minecraft:ender_chest":23,"minecraft:iron_trapdoor":5,"minecraft:raw_copper":891,"minecraft:deepslate_lapis_ore":68,"minecraft:iron_leggings":3,"minecraft:pink_shulker_box":6,"minecraft:deepslate_tiles":3,"minecraft:black_shulker_box":5,"minecraft:smooth_stone":25,"minecraft:cobblestone_slab":82,"minecraft:calcite":110,"minecraft:iron_pickaxe":3,"minecraft:deepslate_iron_ore":220,"minecraft:furnace":3,"minecraft:iron_boots":2,"minecraft:stick":288,"minecraft:deepslate_brick_wall":2,"minecraft:torch":539,"minecraft:porkchop":7,"minecraft:diorite":983,"minecraft:goat_horn":2,"minecraft:cactus":82,"minecraft:rotten_flesh":108,"minecraft:deepslate_copper_ore":43,"minecraft:deepslate_brick_stairs":39,"minecraft:obsidian":3206,"minecraft:cobblestone":3728,"minecraft:leather_chestplate":1,"minecraft:magma_cream":12,"minecraft:andesite":1798,"minecraft:golden_leggings":1,"minecraft:beacon":1,"minecraft:potato":2797,"minecraft:tuff":563,"minecraft:acacia_boat":1,"minecraft:dirt":936,"minecraft:green_shulker_box":13,"minecraft:lapis_lazuli":1103,"minecraft:leather_boots":2,"minecraft:bone":116,"minecraft:bow":6,"minecraft:wheat_seeds":8827,"minecraft:deepslate_brick_slab":26,"minecraft:raw_gold":434,"minecraft:cyan_concrete":643,"minecraft:bamboo":193,"minecraft:oak_planks":123,"minecraft:cooked_porkchop":4,"minecraft:axolotl_bucket":1,"minecraft:oak_pressure_plate":24,"minecraft:poisonous_potato":10,"minecraft:jungle_planks":4,"minecraft:sand":694,"minecraft:grass_block":17,"minecraft:jungle_slab":1,"minecraft:shulker_box":145,"minecraft:spruce_boat":11,"minecraft:diamond":305,"minecraft:netherite_helmet":1,"minecraft:bone_meal":78,"minecraft:golden_apple":1,"minecraft:spruce_sign":4,"minecraft:emerald":103,"minecraft:oak_sapling":441,"minecraft:netherrack":158,"minecraft:chorus_fruit":50,"minecraft:end_stone_bricks":16,"minecraft:chicken":1,"minecraft:packed_ice":192,"minecraft:gold_block":5,"minecraft:chain":1,"minecraft:shield":1,"minecraft:orange_concrete":14,"minecraft:iron_axe":2,"minecraft:mycelium":1,"minecraft:oak_boat":11,"minecraft:player_head":33,"minecraft:lectern":23,"minecraft:blue_shulker_box":78,"minecraft:sugar_cane":49,"minecraft:phantom_membrane":74,"minecraft:raw_iron":851,"minecraft:end_stone":1509,"minecraft:trident":2,"minecraft:arrow":214,"minecraft:weeping_vines":2,"minecraft:saddle":1,"minecraft:netherite_boots":1,"minecraft:jungle_boat":15,"minecraft:golden_carrot":2,"minecraft:glow_ink_sac":8,"minecraft:leather":40,"minecraft:mushroom_stew":2,"minecraft:chainmail_chestplate":1,"minecraft:nether_wart_block":2,"minecraft:cobbled_deepslate_stairs":12,"minecraft:gunpowder":293,"minecraft:cobblestone_stairs":130,"minecraft:pearlescent_froglight":1,"minecraft:spruce_wood":4,"minecraft:iron_ingot":16,"minecraft:verdant_froglight":12,"minecraft:warped_fungus":1,"minecraft:quartz":484,"minecraft:dandelion":5,"minecraft:blast_furnace":1,"minecraft:gold_ore":6,"minecraft:spider_eye":561,"minecraft:polished_diorite_stairs":22,"minecraft:iron_helmet":2,"minecraft:terracotta":2,"minecraft:netherite_hoe":1,"minecraft:damaged_anvil":3,"minecraft:dark_oak_wood":1,"minecraft:coal":248},"minecraft:dropped":{"minecraft:iron_sword":1,"minecraft:chorus_fruit":2,"minecraft:diamond":9,"minecraft:weeping_vines":1,"minecraft:quartz_pillar":113,"minecraft:leather_helmet":1,"minecraft:emerald":64,"minecraft:dirt":24,"minecraft:netherite_boots":1,"minecraft:gold_nugget":2,"minecraft:writable_book":3,"minecraft:phantom_membrane":4,"minecraft:bone":44,"minecraft:sugar_cane":28,"minecraft:iron_nugget":3,"minecraft:cobbled_deepslate":43,"minecraft:netherite_sword":1,"minecraft:rotten_flesh":94,"minecraft:oak_planks":71,"minecraft:glowstone_dust":4,"minecraft:end_stone":523,"minecraft:leather_boots":2,"minecraft:leather_leggings":2,"minecraft:end_stone_bricks":2,"minecraft:lectern":2,"minecraft:iron_ingot":13,"minecraft:netherite_pickaxe":2,"minecraft:wheat_seeds":44,"minecraft:netherite_chestplate":1,"minecraft:netherite_helmet":1,"minecraft:feather":4,"minecraft:cobblestone":156,"minecraft:apple":1,"minecraft:granite":32,"minecraft:mushroom_stew":1,"minecraft:end_rod":6,"minecraft:warped_trapdoor":2,"minecraft:ink_sac":82,"minecraft:diamond_helmet":1,"minecraft:smooth_stone":25,"minecraft:string":24,"minecraft:netherite_hoe":1,"minecraft:player_head":2,"minecraft:bowl":1,"minecraft:deepslate":1591,"minecraft:orange_concrete":14,"minecraft:iron_boots":2,"minecraft:name_tag":2,"minecraft:diamond_sword":1,"minecraft:spruce_boat":1,"minecraft:diamond_pickaxe":1,"minecraft:spider_eye":30,"minecraft:bow":3,"minecraft:cyan_concrete_powder":168,"minecraft:terracotta":2,"minecraft:spruce_sign":1,"minecraft:diamond_axe":1,"minecraft:oak_log":177,"minecraft:baked_potato":62,"minecraft:ender_pearl":16,"minecraft:lantern":10,"minecraft:leather":38,"minecraft:flint":28,"minecraft:dark_oak_wood":1,"minecraft:gravel":15,"minecraft:spyglass":2,"minecraft:diamond_shovel":1,"minecraft:carrot":3,"minecraft:shulker_shell":4,"minecraft:poppy":1,"minecraft:leather_chestplate":1,"minecraft:trident":2,"minecraft:gunpowder":3,"minecraft:ochre_froglight":61,"minecraft:arrow":55,"minecraft:cyan_concrete":64,"minecraft:scaffolding":64,"minecraft:quartz":29,"minecraft:written_book":5,"minecraft:splash_potion":1,"minecraft:firework_rocket":21,"minecraft:water_bucket":1,"minecraft:diamond_leggings":2,"minecraft:poisonous_potato":8,"minecraft:mangrove_propagule":30,"minecraft:lead":3,"minecraft:spectral_arrow":2,"minecraft:grass_block":16,"minecraft:stick":8,"minecraft:diorite":1,"minecraft:torch":136,"minecraft:iron_axe":1,"minecraft:bucket":1,"minecraft:dandelion":1,"minecraft:redstone":2,"minecraft:ender_chest":2,"minecraft:tuff":39,"minecraft:totem_of_undying":1,"minecraft:netherite_leggings":1,"minecraft:filled_map":2,"minecraft:shield":1,"minecraft:diamond_chestplate":2,"minecraft:andesite":4,"minecraft:golden_leggings":1,"minecraft:golden_sword":1,"minecraft:diamond_boots":2,"minecraft:globe_banner_pattern":1,"minecraft:calcite":2},"minecraft:broken":{"minecraft:iron_axe":1,"minecraft:iron_pickaxe":19,"minecraft:iron_helmet":1,"minecraft:iron_shovel":3,"minecraft:golden_shovel":1,"minecraft:stone_pickaxe":4},"minecraft:used":{"minecraft:writable_book":8,"minecraft:chiseled_deepslate":9,"minecraft:elytra":1,"minecraft:poppy":2,"minecraft:chest":11,"minecraft:stone":351,"minecraft:warped_sign":2,"minecraft:soul_sand":1,"minecraft:jungle_slab":1,"minecraft:deepslate_brick_slab":183,"minecraft:weeping_vines":1,"minecraft:spruce_boat":9,"minecraft:jungle_sapling":2,"minecraft:lava_bucket":1,"minecraft:grass_block":1,"minecraft:deepslate_copper_ore":19,"minecraft:birch_sapling":3,"minecraft:copper_ore":22,"minecraft:dark_oak_slab":2,"minecraft:bow":244,"minecraft:dark_oak_boat":4,"minecraft:sweet_berries":16,"minecraft:oak_sapling":441,"minecraft:furnace":5,"minecraft:egg":2,"minecraft:potato":801,"minecraft:deepslate_brick_wall":50,"minecraft:diorite":156,"minecraft:damaged_anvil":3,"minecraft:end_stone_bricks":4,"minecraft:chorus_fruit":7,"minecraft:cactus":29,"minecraft:composter":2,"minecraft:jungle_boat":14,"minecraft:glow_berries":1,"minecraft:purpur_stairs":8,"minecraft:sand":143,"minecraft:blast_furnace":3,"minecraft:deepslate_brick_stairs":217,"minecraft:deepslate_tiles":3,"minecraft:deepslate_iron_ore":145,"minecraft:verdant_froglight":100,"minecraft:lectern":21,"minecraft:oak_pressure_plate":24,"minecraft:nether_wart_block":2,"minecraft:diamond_sword":3769,"minecraft:fire_charge":1,"minecraft:oak_boat":11,"minecraft:mycelium":21,"minecraft:music_disc_5":1,"minecraft:netherrack":74,"minecraft:orange_bed":2,"minecraft:torch":1872,"minecraft:anvil":1,"minecraft:wheat":3,"minecraft:golden_shovel":32,"minecraft:iron_axe":574,"minecraft:smooth_basalt":4,"minecraft:bamboo":1,"minecraft:lime_concrete":3,"minecraft:iron_trapdoor":7,"minecraft:cobbled_deepslate":622,"minecraft:calcite":8,"minecraft:wheat_seeds":4611,"minecraft:water_bucket":667,"minecraft:yellow_shulker_box":8,"minecraft:cartography_table":3,"minecraft:gold_ore":5,"minecraft:deepslate_bricks":4114,"minecraft:crafting_table":10,"minecraft:lime_shulker_box":6,"minecraft:oak_log":8,"minecraft:amethyst_cluster":1,"minecraft:diamond_pickaxe":25994,"minecraft:diamond_shovel":1290,"minecraft:iron_pickaxe":6390,"minecraft:cyan_concrete":1,"minecraft:purpur_slab":1,"minecraft:cobblestone":2023,"minecraft:cooked_porkchop":4,"minecraft:porkchop":4,"minecraft:kelp":143,"minecraft:dandelion":4,"minecraft:jukebox":1,"minecraft:iron_shovel":838,"minecraft:shield":95,"minecraft:player_head":11,"minecraft:iron_chestplate":1,"minecraft:jungle_planks":15,"minecraft:carrot":900,"minecraft:tuff":403,"minecraft:axolotl_bucket":2,"minecraft:coal_ore":19,"minecraft:iron_helmet":1,"minecraft:crimson_roots":4,"minecraft:deepslate_diamond_ore":52,"minecraft:magma_block":1,"minecraft:warped_fungus":1,"minecraft:written_book":8,"minecraft:blue_shulker_box":78,"minecraft:polished_diorite_stairs":158,"minecraft:gold_block":3,"minecraft:pearlescent_froglight":1,"minecraft:golden_boots":1,"minecraft:dark_oak_stairs":1,"minecraft:end_rod":155,"minecraft:stone_pickaxe":582,"minecraft:oak_planks":5,"minecraft:polished_diorite_slab":80,"minecraft:ender_pearl":31,"minecraft:redstone_block":4,"minecraft:diamond_axe":509,"minecraft:sugar_cane":15,"minecraft:white_wool":8,"minecraft:mushroom_stew":3,"minecraft:deepslate_redstone_ore":304,"minecraft:ochre_froglight":17,"minecraft:deepslate_lapis_ore":42,"minecraft:end_stone":978,"minecraft:shears":8,"minecraft:cobbled_deepslate_stairs":189,"minecraft:redstone_torch":2,"minecraft:green_concrete":2,"minecraft:firework_rocket":373,"minecraft:bread":245,"minecraft:string":17,"minecraft:iron_door":11,"minecraft:deepslate":3797,"minecraft:gravel":349,"minecraft:andesite":231,"minecraft:deepslate_coal_ore":2,"minecraft:chain":13,"minecraft:bone_meal":2,"minecraft:purpur_block":13,"minecraft:trident":23,"minecraft:music_disc_otherside":1,"minecraft:flint_and_steel":1,"minecraft:redstone_ore":8,"minecraft:ender_chest":26,"minecraft:deepslate_gold_ore":89,"minecraft:stone_hoe":3,"minecraft:oak_door":5,"minecraft:dirt":853,"minecraft:spyglass":203,"minecraft:shulker_box":160,"minecraft:granite":289,"minecraft:iron_boots":1,"minecraft:golden_carrot":2,"minecraft:netherite_pickaxe":1042,"minecraft:cyan_concrete_powder":757,"minecraft:stone_pressure_plate":14,"minecraft:cooked_beef":3,"minecraft:iron_leggings":1,"minecraft:iron_ore":54,"minecraft:amethyst_block":1,"minecraft:cobblestone_stairs":135,"minecraft:baked_potato":537,"minecraft:black_shulker_box":7,"minecraft:spruce_sign":3,"minecraft:beacon":1,"minecraft:stonecutter":8,"minecraft:cobblestone_slab":82,"minecraft:warped_planks":2,"minecraft:apple":30,"minecraft:chicken":1,"minecraft:lapis_ore":7,"minecraft:green_shulker_box":13,"minecraft:bucket":670,"minecraft:pink_shulker_box":6}},"DataVersion":3120}