{"stats":{"minecraft:killed_by":{"minecraft:creeper":1,"minecraft:zombie":1},"minecraft:broken":{"minecraft:iron_shovel":1,"minecraft:stone_pickaxe":2,"minecraft:stone_axe":1,"minecraft:iron_sword":4,"minecraft:stone_shovel":1,"minecraft:shield":3,"minecraft:iron_axe":1,"minecraft:iron_pickaxe":10,"minecraft:iron_helmet":1},"minecraft:mined":{"minecraft:white_bed":2,"minecraft:spruce_planks":85,"minecraft:farmland":1,"minecraft:obsidian":23,"minecraft:cave_vines_plant":2,"minecraft:granite":30,"minecraft:budding_amethyst":21,"minecraft:grass_block":132,"minecraft:oak_wall_sign":1,"minecraft:spawner":7,"minecraft:tall_seagrass":3,"minecraft:magma_block":3,"minecraft:fire":18,"minecraft:iron_ore":88,"minecraft:cobbled_deepslate":64,"minecraft:moss_carpet":21,"minecraft:deepslate_lapis_ore":113,"minecraft:anvil":1,"minecraft:enchanting_table":3,"minecraft:cave_vines":13,"minecraft:oak_stairs":2,"minecraft:birch_wall_sign":1,"minecraft:azalea":3,"minecraft:white_banner":5,"minecraft:spruce_slab":49,"minecraft:deepslate_redstone_ore":21,"minecraft:blackstone":11,"minecraft:kelp_plant":9,"minecraft:player_wall_head":4,"minecraft:smoker":3,"minecraft:medium_amethyst_bud":2,"minecraft:powder_snow":4,"minecraft:clay":1,"minecraft:torch":3,"minecraft:blast_furnace":1,"minecraft:calcite":285,"minecraft:chest":10,"minecraft:nether_quartz_ore":31,"minecraft:cobblestone":90,"minecraft:sugar_cane":43,"minecraft:oak_planks":65,"minecraft:wall_torch":3,"minecraft:amethyst_block":210,"minecraft:birch_log":26,"minecraft:wheat":86,"minecraft:blue_ice":1,"minecraft:pumpkin_stem":1,"minecraft:grass":37,"minecraft:oak_log":271,"minecraft:dirt":320,"minecraft:smooth_basalt":1,"minecraft:netherrack":370,"minecraft:oak_leaves":193,"minecraft:deepslate":507,"minecraft:nether_gold_ore":6,"minecraft:diamond_ore":2,"minecraft:tuff":34,"minecraft:dark_oak_leaves":55,"minecraft:deepslate_diamond_ore":53,"minecraft:dark_oak_log":62,"minecraft:nether_bricks":1,"minecraft:glow_lichen":8,"minecraft:ladder":5,"minecraft:spruce_leaves":76,"minecraft:kelp":5,"minecraft:moss_block":49,"minecraft:large_fern":9,"minecraft:spore_blossom":3,"minecraft:oak_trapdoor":4,"minecraft:spruce_sapling":2,"minecraft:furnace":8,"minecraft:carrots":22,"minecraft:andesite":11,"minecraft:potatoes":21,"minecraft:deepslate_iron_ore":151,"minecraft:vine":17,"minecraft:lantern":1,"minecraft:stripped_oak_log":3,"minecraft:stone":896,"minecraft:ender_chest":1,"minecraft:oak_slab":14,"minecraft:flowering_azalea":2,"minecraft:stone_brick_slab":18,"minecraft:spruce_door":38,"minecraft:crafting_table":19,"minecraft:emerald_ore":3,"minecraft:tall_grass":8,"minecraft:copper_ore":9,"minecraft:lapis_ore":54,"minecraft:deepslate_gold_ore":100,"minecraft:diorite":20,"minecraft:big_dripleaf":3,"minecraft:spruce_stairs":2,"minecraft:spruce_log":173,"minecraft:birch_leaves":20,"minecraft:white_wall_banner":4,"minecraft:coal_ore":521,"minecraft:gravel":47,"minecraft:cobweb":7,"minecraft:gold_ore":9,"minecraft:fern":4},"minecraft:used":{"minecraft:moss_block":12,"minecraft:moss_carpet":28,"minecraft:iron_shovel":250,"minecraft:spruce_slab":99,"minecraft:ladder":11,"minecraft:oak_sign":3,"minecraft:chest":58,"minecraft:shield":243,"minecraft:iron_sword":1142,"minecraft:player_head":12,"minecraft:iron_chestplate":3,"minecraft:mutton":4,"minecraft:carrot":54,"minecraft:tuff":19,"minecraft:axolotl_bucket":2,"minecraft:spruce_boat":19,"minecraft:lava_bucket":1,"minecraft:lantern":6,"minecraft:birch_sapling":1,"minecraft:iron_helmet":2,"minecraft:stone_brick_stairs":23,"minecraft:stone_bricks":9,"minecraft:bow":1,"minecraft:dark_oak_boat":2,"minecraft:sweet_berries":35,"minecraft:furnace":10,"minecraft:oak_sapling":24,"minecraft:cooked_cod":8,"minecraft:egg":3,"minecraft:potato":27,"minecraft:diorite":4,"minecraft:spruce_door":42,"minecraft:stone_pickaxe":264,"minecraft:oak_planks":267,"minecraft:wooden_pickaxe":17,"minecraft:sugar_cane":4,"minecraft:oak_leaves":40,"minecraft:glow_berries":72,"minecraft:loom":1,"minecraft:blast_furnace":2,"minecraft:dripstone_block":6,"minecraft:shears":56,"minecraft:pumpkin_seeds":1,"minecraft:dark_oak_log":10,"minecraft:string":1,"minecraft:bread":55,"minecraft:spore_blossom":3,"minecraft:gravel":11,"minecraft:andesite":2,"minecraft:oak_boat":20,"minecraft:tropical_fish_bucket":1,"minecraft:azalea":2,"minecraft:oak_fence":1,"minecraft:oak_trapdoor":4,"minecraft:enchanting_table":4,"minecraft:armor_stand":4,"minecraft:stone_shovel":132,"minecraft:spruce_planks":235,"minecraft:ender_chest":2,"minecraft:cooked_salmon":23,"minecraft:stone_hoe":41,"minecraft:cooked_chicken":4,"minecraft:netherrack":147,"minecraft:torch":292,"minecraft:dirt":196,"minecraft:anvil":3,"minecraft:spruce_stairs":30,"minecraft:glow_lichen":2,"minecraft:granite":14,"minecraft:spruce_fence":34,"minecraft:stone_brick_slab":216,"minecraft:dark_oak_planks":3,"minecraft:flowering_azalea":1,"minecraft:bookshelf":4,"minecraft:iron_axe":927,"minecraft:oak_stairs":46,"minecraft:golden_carrot":1,"minecraft:cooked_beef":38,"minecraft:cobbled_deepslate":567,"minecraft:iron_leggings":1,"minecraft:calcite":8,"minecraft:wheat_seeds":96,"minecraft:cooked_mutton":4,"minecraft:water_bucket":111,"minecraft:amethyst_block":5,"minecraft:baked_potato":13,"minecraft:cauldron":1,"minecraft:salmon":13,"minecraft:rail":1,"minecraft:vine":16,"minecraft:oak_slab":90,"minecraft:crafting_table":21,"minecraft:birch_sign":3,"minecraft:cod":8,"minecraft:white_bed":3,"minecraft:smoker":4,"minecraft:spruce_log":5,"minecraft:oak_log":166,"minecraft:ender_eye":1,"minecraft:diamond_pickaxe":1044,"minecraft:apple":6,"minecraft:chicken":6,"minecraft:iron_pickaxe":2489,"minecraft:spruce_sapling":17,"minecraft:stone_axe":89,"minecraft:cobblestone":426,"minecraft:porkchop":2,"minecraft:white_banner":10,"minecraft:cooked_porkchop":16,"minecraft:bucket":117,"minecraft:stripped_oak_log":3,"minecraft:kelp":14},"minecraft:custom":{"minecraft:interact_with_crafting_table":175,"minecraft:clean_banner":6,"minecraft:leave_game":13,"minecraft:time_since_death":92417,"minecraft:damage_resisted":4,"minecraft:sprint_one_cm":3129354,"minecraft:damage_blocked_by_shield":13225,"minecraft:drop":182,"minecraft:play_time":857125,"minecraft:deaths":3,"minecraft:jump":13958,"minecraft:walk_on_water_one_cm":277161,"minecraft:enchant_item":3,"minecraft:interact_with_furnace":116,"minecraft:interact_with_loom":7,"minecraft:sleep_in_bed":12,"minecraft:open_enderchest":21,"minecraft:damage_dealt":56225,"minecraft:interact_with_beacon":1,"minecraft:crouch_one_cm":164009,"minecraft:interact_with_smoker":52,"minecraft:mob_kills":347,"minecraft:fill_cauldron":2,"minecraft:climb_one_cm":32528,"minecraft:walk_one_cm":1013964,"minecraft:sneak_time":52822,"minecraft:walk_under_water_one_cm":213729,"minecraft:boat_one_cm":2495873,"minecraft:interact_with_blast_furnace":33,"minecraft:total_world_time":857125,"minecraft:interact_with_stonecutter":1,"minecraft:time_since_rest":49263,"minecraft:damage_taken":9514,"minecraft:swim_one_cm":1593616,"minecraft:fly_one_cm":2837683,"minecraft:open_chest":598,"minecraft:fall_one_cm":320117},"minecraft:crafted":{"minecraft:ender_chest":2,"minecraft:smooth_stone":3,"minecraft:oak_planks":408,"minecraft:dark_oak_boat":1,"minecraft:blaze_powder":2,"minecraft:cooked_chicken":4,"minecraft:loom":1,"minecraft:stone":165,"minecraft:bookshelf":4,"minecraft:cooked_mutton":4,"minecraft:stone_brick_slab":192,"minecraft:diamond_leggings":1,"minecraft:diamond_helmet":1,"minecraft:bow":1,"minecraft:iron_boots":3,"minecraft:chest":48,"minecraft:stone_hoe":1,"minecraft:ender_eye":2,"minecraft:stone_bricks":148,"minecraft:raw_iron_block":7,"minecraft:smoker":1,"minecraft:white_banner":1,"minecraft:oak_slab":84,"minecraft:cauldron":1,"minecraft:cooked_porkchop":16,"minecraft:crafting_table":2,"minecraft:spruce_planks":580,"minecraft:wooden_pickaxe":1,"minecraft:baked_potato":13,"minecraft:iron_helmet":2,"minecraft:raw_gold_block":3,"minecraft:spruce_door":3,"minecraft:copper_ingot":34,"minecraft:gold_block":11,"minecraft:hay_block":7,"minecraft:birch_planks":100,"minecraft:stone_brick_stairs":24,"minecraft:iron_chestplate":3,"minecraft:book":13,"minecraft:paper":39,"minecraft:diamond_pickaxe":1,"minecraft:shield":6,"minecraft:stick":132,"minecraft:stone_slab":6,"minecraft:light_blue_dye":4,"minecraft:iron_ingot":255,"minecraft:iron_pickaxe":8,"minecraft:iron_block":13,"minecraft:gold_ingot":114,"minecraft:shears":1,"minecraft:raw_iron":63,"minecraft:stone_shovel":1,"minecraft:iron_nugget":45,"minecraft:furnace":4,"minecraft:blast_furnace":1,"minecraft:bone_meal":54,"minecraft:spruce_fence":36,"minecraft:moss_carpet":3,"minecraft:oak_trapdoor":4,"minecraft:lantern":5,"minecraft:spruce_stairs":32,"minecraft:iron_axe":5,"minecraft:ladder":6,"minecraft:spruce_slab":78,"minecraft:stone_pickaxe":2,"minecraft:diamond_boots":1,"minecraft:spruce_boat":1,"minecraft:redstone_block":8,"minecraft:dark_oak_planks":84,"minecraft:birch_sign":3,"minecraft:wheat":144,"minecraft:cooked_beef":23,"minecraft:coal_block":40,"minecraft:cooked_cod":10,"minecraft:enchanting_table":1,"minecraft:iron_sword":5,"minecraft:cooked_salmon":23,"minecraft:bucket":2,"minecraft:stone_axe":1,"minecraft:bread":49,"minecraft:air":0,"minecraft:blue_dye":2,"minecraft:oak_boat":1,"minecraft:white_wool":4,"minecraft:white_dye":12,"minecraft:raw_gold":27,"minecraft:oak_stairs":44,"minecraft:iron_shovel":1,"minecraft:iron_leggings":3,"minecraft:anvil":2,"minecraft:white_bed":1,"minecraft:torch":260,"minecraft:lapis_block":111,"minecraft:diamond_chestplate":1},"minecraft:killed":{"minecraft:spider":22,"minecraft:cod":18,"minecraft:skeleton":61,"minecraft:chicken":11,"minecraft:pig":10,"minecraft:zombie_villager":6,"minecraft:salmon":36,"minecraft:creeper":5,"minecraft:sheep":5,"minecraft:zombie":110,"minecraft:stray":1,"minecraft:blaze":11,"minecraft:cow":11,"minecraft:slime":14,"minecraft:drowned":13,"minecraft:enderman":8},"minecraft:picked_up":{"minecraft:iron_chestplate":4,"minecraft:wheat":78,"minecraft:redstone_block":8,"minecraft:anvil":1,"minecraft:stone_slab":6,"minecraft:oak_stairs":2,"minecraft:stone_brick_stairs":1,"minecraft:amethyst_block":201,"minecraft:lapis_block":116,"minecraft:string":38,"minecraft:raw_copper":68,"minecraft:cooked_salmon":11,"minecraft:iron_leggings":4,"minecraft:armor_stand":5,"minecraft:oak_sign":5,"minecraft:gold_nugget":28,"minecraft:cobbled_deepslate":649,"minecraft:spruce_planks":85,"minecraft:calcite":264,"minecraft:ender_eye":1,"minecraft:azalea":8,"minecraft:iron_pickaxe":4,"minecraft:coal_block":43,"minecraft:iron_boots":6,"minecraft:furnace":10,"minecraft:golden_helmet":1,"minecraft:stick":58,"minecraft:big_dripleaf":12,"minecraft:oak_fence":1,"minecraft:torch":55,"minecraft:spruce_stairs":2,"minecraft:porkchop":18,"minecraft:diorite":18,"minecraft:vine":16,"minecraft:golden_chestplate":3,"minecraft:rotten_flesh":104,"minecraft:tropical_fish":1,"minecraft:iron_block":5,"minecraft:blaze_rod":13,"minecraft:obsidian":55,"minecraft:cod":18,"minecraft:cobblestone":1133,"minecraft:birch_log":29,"minecraft:enchanting_table":4,"minecraft:magma_block":3,"minecraft:feather":22,"minecraft:cooked_beef":81,"minecraft:water_bucket":2,"minecraft:andesite":30,"minecraft:dark_oak_boat":3,"minecraft:smoker":3,"minecraft:potato":73,"minecraft:flint":4,"minecraft:tuff":36,"minecraft:dirt":482,"minecraft:lapis_lazuli":1436,"minecraft:lantern":1,"minecraft:name_tag":6,"minecraft:bone":64,"minecraft:bow":4,"minecraft:wheat_seeds":245,"minecraft:raw_gold":166,"minecraft:moss_block":125,"minecraft:oak_planks":67,"minecraft:stone_hoe":1,"minecraft:glow_lichen":9,"minecraft:cooked_porkchop":10,"minecraft:ink_sac":1,"minecraft:grass_block":2,"minecraft:dark_oak_log":62,"minecraft:diamond":61,"minecraft:deepslate":10,"minecraft:spruce_boat":20,"minecraft:granite":30,"minecraft:bone_meal":3,"minecraft:golden_apple":1,"minecraft:golden_horse_armor":2,"minecraft:emerald":4,"minecraft:oak_sapling":38,"minecraft:netherrack":545,"minecraft:oak_leaves":40,"minecraft:diamond_pickaxe":3,"minecraft:crafting_table":21,"minecraft:chicken":11,"minecraft:ladder":5,"minecraft:clay_ball":15,"minecraft:leather_leggings":1,"minecraft:wooden_pickaxe":4,"minecraft:gold_block":11,"minecraft:shield":2,"minecraft:oak_trapdoor":4,"minecraft:moss_carpet":33,"minecraft:iron_axe":3,"minecraft:blackstone":11,"minecraft:music_disc_otherside":2,"minecraft:beef":25,"minecraft:oak_boat":19,"minecraft:player_head":15,"minecraft:iron_nugget":4,"minecraft:spruce_slab":49,"minecraft:sugar_cane":111,"minecraft:chest":10,"minecraft:birch_sapling":10,"minecraft:spruce_trapdoor":1,"minecraft:egg":3,"minecraft:dark_oak_sapling":1,"minecraft:raw_iron":268,"minecraft:stone":11,"minecraft:raw_gold_block":3,"minecraft:copper_ingot":36,"minecraft:carrot":83,"minecraft:redstone":178,"minecraft:cooked_cod":1,"minecraft:arrow":93,"minecraft:hay_block":23,"minecraft:pink_tulip":1,"minecraft:saddle":2,"minecraft:gold_ingot":1,"minecraft:glow_berries":100,"minecraft:mutton":8,"minecraft:white_wool":17,"minecraft:rail":1,"minecraft:stripped_oak_log":3,"minecraft:golden_carrot":2,"minecraft:glow_ink_sac":3,"minecraft:salmon":41,"minecraft:leather":13,"minecraft:birch_planks":2,"minecraft:oak_log":269,"minecraft:golden_boots":1,"minecraft:gunpowder":18,"minecraft:white_banner":9,"minecraft:apple":11,"minecraft:stone_bricks":7,"minecraft:kelp":162,"minecraft:spore_blossom":5,"minecraft:iron_ingot":16,"minecraft:cooked_chicken":3,"minecraft:flowering_azalea":7,"minecraft:iron_sword":4,"minecraft:book":11,"minecraft:oak_slab":16,"minecraft:smooth_basalt":1,"minecraft:sweet_berries":35,"minecraft:stone_brick_slab":25,"minecraft:quartz":49,"minecraft:dripstone_block":6,"minecraft:raw_iron_block":7,"minecraft:gravel":54,"minecraft:spruce_sapling":35,"minecraft:blast_furnace":1,"minecraft:white_bed":2,"minecraft:spruce_log":185,"minecraft:spruce_door":44,"minecraft:spider_eye":7,"minecraft:pumpkin_seeds":1,"minecraft:music_disc_mall":1,"minecraft:slime_ball":12,"minecraft:stone_axe":1,"minecraft:iron_helmet":3,"minecraft:birch_sign":1,"minecraft:coal":642,"minecraft:ender_pearl":2},"minecraft:dropped":{"minecraft:iron_sword":1,"minecraft:glow_ink_sac":3,"minecraft:glow_berries":12,"minecraft:flint":2,"minecraft:dirt":2,"minecraft:gold_nugget":24,"minecraft:bone_meal":1,"minecraft:white_wool":3,"minecraft:bone":36,"minecraft:armor_stand":1,"minecraft:gravel":28,"minecraft:stone_axe":1,"minecraft:blackstone":11,"minecraft:golden_chestplate":3,"minecraft:cobbled_deepslate":1,"minecraft:wheat":1,"minecraft:rotten_flesh":67,"minecraft:gunpowder":5,"minecraft:leather_leggings":1,"minecraft:arrow":20,"minecraft:quartz":13,"minecraft:water_bucket":1,"minecraft:golden_boots":1,"minecraft:wheat_seeds":45,"minecraft:feather":10,"minecraft:grass_block":2,"minecraft:stick":1,"minecraft:ink_sac":1,"minecraft:iron_axe":1,"minecraft:string":10,"minecraft:spruce_sapling":10,"minecraft:stone_brick_slab":1,"minecraft:kelp":1,"minecraft:chicken":1,"minecraft:clay_ball":15,"minecraft:potato":1,"minecraft:spruce_boat":1,"minecraft:spruce_trapdoor":1,"minecraft:andesite":12,"minecraft:oak_sapling":2,"minecraft:spider_eye":1,"minecraft:wooden_pickaxe":2,"minecraft:magma_block":3}},"DataVersion":2865}