{"stats":{"minecraft:mined":{"minecraft:birch_log":5,"minecraft:fire":10,"minecraft:sweet_berry_bush":6,"minecraft:crafting_table":2,"minecraft:grass":5,"minecraft:grass_block":1,"minecraft:oak_log":5,"minecraft:dirt":9,"minecraft:deepslate_bricks":1,"minecraft:stone":19,"minecraft:oak_leaves":2},"minecraft:crafted":{"minecraft:oak_planks":20,"minecraft:stone_shovel":1,"minecraft:crafting_table":2,"minecraft:stick":12,"minecraft:birch_boat":1,"minecraft:wooden_pickaxe":1,"minecraft:stone_pickaxe":1,"minecraft:birch_planks":20,"minecraft:stone_axe":1},"minecraft:used":{"minecraft:spruce_boat":4,"minecraft:cooked_mutton":1,"minecraft:flint_and_steel":16,"minecraft:stone_pickaxe":17,"minecraft:birch_boat":3,"minecraft:wooden_pickaxe":12,"minecraft:white_wool":1,"minecraft:cooked_chicken":1,"minecraft:rotten_flesh":5,"minecraft:deepslate_bricks":6,"minecraft:stone_axe":16,"minecraft:dirt":10,"minecraft:sweet_berries":10,"minecraft:crafting_table":2,"minecraft:cooked_porkchop":2,"minecraft:cooked_beef":16,"minecraft:obsidian":10},"minecraft:custom":{"minecraft:time_since_rest":2482,"minecraft:damage_taken":3350,"minecraft:sprint_one_cm":264547,"minecraft:open_enderchest":1,"minecraft:walk_one_cm":79784,"minecraft:interact_with_anvil":1,"minecraft:mob_kills":14,"minecraft:damage_dealt":1865,"minecraft:swim_one_cm":3472,"minecraft:interact_with_crafting_table":6,"minecraft:fly_one_cm":626595,"minecraft:open_chest":1,"minecraft:crouch_one_cm":7318,"minecraft:play_time":77186,"minecraft:deaths":7,"minecraft:sneak_time":3991,"minecraft:walk_under_water_one_cm":1976,"minecraft:boat_one_cm":534475,"minecraft:jump":3834,"minecraft:leave_game":2,"minecraft:time_since_death":2462,"minecraft:walk_on_water_one_cm":2374,"minecraft:climb_one_cm":6339,"minecraft:total_world_time":77186,"minecraft:fall_one_cm":78597},"minecraft:killed_by":{"minecraft:skeleton":2,"minecraft:creeper":1,"minecraft:spider":2,"minecraft:zombie":2},"minecraft:killed":{"minecraft:sheep":1,"minecraft:skeleton":1,"minecraft:zombie":5,"minecraft:pig":2,"minecraft:spider":1,"minecraft:cow":2},"minecraft:picked_up":{"minecraft:stick":8,"minecraft:birch_log":5,"minecraft:crafting_table":3,"minecraft:cooked_beef":35,"minecraft:cooked_porkchop":5,"minecraft:birch_boat":5,"minecraft:sweet_berries":10,"minecraft:leather":2,"minecraft:birch_planks":18,"minecraft:oak_log":5,"minecraft:dirt":10,"minecraft:string":4,"minecraft:cooked_mutton":1,"minecraft:flint_and_steel":1,"minecraft:bone":1,"minecraft:arrow":2,"minecraft:rotten_flesh":12,"minecraft:spruce_boat":5,"minecraft:deepslate_bricks":11,"minecraft:cooked_chicken":1,"minecraft:obsidian":10,"minecraft:white_wool":1,"minecraft:cobblestone":19}},"DataVersion":3120}