{"stats":{"minecraft:killed_by":{"minecraft:drowned":1},"minecraft:mined":{"minecraft:deepslate_redstone_ore":1,"minecraft:amethyst_cluster":40,"minecraft:crafting_table":16,"minecraft:granite":4,"minecraft:copper_ore":29,"minecraft:cobblestone":61,"minecraft:deepslate_coal_ore":1,"minecraft:lapis_ore":14,"minecraft:spruce_leaves":1,"minecraft:deepslate_gold_ore":3,"minecraft:diorite":4,"minecraft:redstone_ore":11,"minecraft:iron_ore":23,"minecraft:fire":2,"minecraft:sweet_berry_bush":227,"minecraft:spruce_log":5,"minecraft:diamond_block":3,"minecraft:light_gray_wool":1,"minecraft:deepslate_lapis_ore":3,"minecraft:grass":6,"minecraft:coal_ore":17,"minecraft:oak_log":3,"minecraft:cave_vines":1,"minecraft:deepslate_iron_ore":17,"minecraft:dirt":1,"minecraft:gravel":4,"minecraft:packed_ice":260,"minecraft:stone":178,"minecraft:fern":1},"minecraft:broken":{"minecraft:stone_pickaxe":1,"minecraft:iron_pickaxe":2},"minecraft:used":{"minecraft:moss_block":3,"minecraft:writable_book":1,"minecraft:diorite":4,"minecraft:stone_sword":23,"minecraft:spruce_door":2,"minecraft:flint_and_steel":11,"minecraft:stone_shovel":2,"minecraft:stone_pickaxe":142,"minecraft:baked_potato":9,"minecraft:ender_pearl":3,"minecraft:wooden_pickaxe":21,"minecraft:iron_sword":18,"minecraft:player_head":2,"minecraft:iron_chestplate":1,"minecraft:glow_berries":1,"minecraft:diamond_block":2,"minecraft:spyglass":361,"minecraft:crafting_table":16,"minecraft:granite":4,"minecraft:spruce_boat":5,"minecraft:iron_pickaxe":504,"minecraft:snow":1,"minecraft:iron_boots":1,"minecraft:stone_bricks":1,"minecraft:gravel":3,"minecraft:golden_carrot":8,"minecraft:potion":2,"minecraft:stone_axe":36,"minecraft:light_gray_wool":2,"minecraft:cobblestone":110,"minecraft:sweet_berries":222,"minecraft:oak_boat":13},"minecraft:custom":{"minecraft:interact_with_furnace":35,"minecraft:mob_kills":17,"minecraft:inspect_hopper":1,"minecraft:interact_with_crafting_table":14,"minecraft:open_barrel":187,"minecraft:open_shulker_box":17,"minecraft:leave_game":6,"minecraft:time_since_death":284046,"minecraft:damage_resisted":24,"minecraft:climb_one_cm":10655,"minecraft:time_since_rest":284066,"minecraft:sprint_one_cm":423288,"minecraft:open_enderchest":3,"minecraft:damage_taken":2861,"minecraft:walk_one_cm":840178,"minecraft:drop":45,"minecraft:damage_dealt":3870,"minecraft:interact_with_beacon":1,"minecraft:swim_one_cm":252994,"minecraft:player_kills":1,"minecraft:fly_one_cm":814366,"minecraft:open_chest":36,"minecraft:crouch_one_cm":55341,"minecraft:play_time":306484,"minecraft:deaths":1,"minecraft:sneak_time":14953,"minecraft:walk_under_water_one_cm":44538,"minecraft:boat_one_cm":640226,"minecraft:interact_with_lectern":4,"minecraft:jump":4214,"minecraft:walk_on_water_one_cm":41272,"minecraft:total_world_time":306484,"minecraft:fall_one_cm":139698,"minecraft:horse_one_cm":840},"minecraft:crafted":{"minecraft:oak_planks":12,"minecraft:deepslate":29,"minecraft:stone_shovel":1,"minecraft:crafting_table":4,"minecraft:spruce_planks":20,"minecraft:wooden_pickaxe":1,"minecraft:stone":8,"minecraft:stone_axe":2,"minecraft:cracked_stone_bricks":2,"minecraft:air":0,"minecraft:oak_boat":1,"minecraft:iron_boots":1,"minecraft:iron_chestplate":1,"minecraft:shield":1,"minecraft:stick":12,"minecraft:iron_ingot":24,"minecraft:iron_pickaxe":3,"minecraft:stone_pickaxe":2,"minecraft:stone_sword":1,"minecraft:iron_leggings":1,"minecraft:spruce_boat":1,"minecraft:stone_bricks":8},"minecraft:killed":{"minecraft:spider":1,"minecraft:creeper":4,"minecraft:skeleton":3,"minecraft:zombie":8,"minecraft:glow_squid":1},"minecraft:picked_up":{"minecraft:iron_chestplate":1,"minecraft:crafting_table":15,"minecraft:wheat":1,"minecraft:golden_carrot":9,"minecraft:glow_ink_sac":3,"minecraft:potion":2,"minecraft:flint":3,"minecraft:oak_log":3,"minecraft:golden_boots":1,"minecraft:gunpowder":5,"minecraft:lapis_lazuli":110,"minecraft:dirt":4,"minecraft:raw_copper":102,"minecraft:snow":1,"minecraft:bone":1,"minecraft:stone_bricks":1,"minecraft:wheat_seeds":4,"minecraft:raw_gold":3,"minecraft:written_book":1,"minecraft:oak_boat":14,"minecraft:player_head":3,"minecraft:glass_bottle":1,"minecraft:light_gray_wool":1,"minecraft:moss_block":1,"minecraft:iron_boots":1,"minecraft:raw_iron":40,"minecraft:sweet_berries":726,"minecraft:spyglass":1,"minecraft:gravel":9,"minecraft:amethyst_shard":161,"minecraft:diorite":4,"minecraft:spruce_log":5,"minecraft:diamond_block":2,"minecraft:redstone":52,"minecraft:golden_chestplate":1,"minecraft:arrow":2,"minecraft:rotten_flesh":10,"minecraft:spruce_boat":6,"minecraft:granite":4,"minecraft:baked_potato":64,"minecraft:glow_berries":2,"minecraft:coal":18,"minecraft:ender_pearl":16,"minecraft:cobblestone":248},"minecraft:dropped":{"minecraft:golden_boots":1,"minecraft:sweet_berries":538,"minecraft:moss_block":1,"minecraft:wheat_seeds":4,"minecraft:player_head":1,"minecraft:golden_chestplate":1,"minecraft:ender_pearl":2,"minecraft:glass_bottle":3,"minecraft:wheat":1,"minecraft:glow_berries":1,"minecraft:cobblestone":7,"minecraft:rotten_flesh":7,"minecraft:cracked_stone_bricks":2,"minecraft:flint":1,"minecraft:dirt":4,"minecraft:spruce_boat":1,"minecraft:amethyst_shard":1,"minecraft:written_book":2}},"DataVersion":2865}