{"stats":{"minecraft:mined":{"minecraft:red_shulker_box":14,"minecraft:white_bed":6,"minecraft:obsidian":90,"minecraft:granite":53,"minecraft:purpur_slab":1,"minecraft:hopper":10,"minecraft:nether_wart":20,"minecraft:polished_blackstone_bricks":73,"minecraft:weeping_vines_plant":1,"minecraft:magma_block":88,"minecraft:fire":62,"minecraft:cobbled_deepslate":71,"minecraft:moss_carpet":11,"minecraft:fletching_table":4,"minecraft:deepslate_lapis_ore":47,"minecraft:enchanting_table":2,"minecraft:dirt_path":8,"minecraft:red_bed":5,"minecraft:kelp_plant":175,"minecraft:player_wall_head":1,"minecraft:smoker":4,"minecraft:soul_fire":1,"minecraft:deepslate_tile_slab":7,"minecraft:torch":31,"minecraft:glass":35,"minecraft:sugar_cane":110,"minecraft:spruce_sign":1,"minecraft:amethyst_block":26,"minecraft:white_terracotta":2,"minecraft:wheat":101,"minecraft:lilac":20,"minecraft:birch_door":4,"minecraft:warped_fungus":1,"minecraft:grass":37,"minecraft:smooth_basalt":17,"minecraft:blue_shulker_box":4,"minecraft:stonecutter":6,"minecraft:piston":3,"minecraft:deepslate":4293,"minecraft:pink_shulker_box":7,"minecraft:stripped_birch_log":26,"minecraft:shulker_box":156,"minecraft:nether_bricks":47,"minecraft:cobbled_deepslate_slab":43,"minecraft:spruce_fence":1,"minecraft:crimson_roots":1,"minecraft:orange_shulker_box":14,"minecraft:redstone_wire":1,"minecraft:kelp":13,"minecraft:snow":109,"minecraft:andesite":34,"minecraft:potatoes":19,"minecraft:rail":1,"minecraft:warped_stem":1,"minecraft:ender_chest":21,"minecraft:smithing_table":3,"minecraft:birch_stairs":9,"minecraft:soul_sand":39,"minecraft:cobbled_deepslate_wall":1,"minecraft:spruce_button":1,"minecraft:purpur_pillar":4,"minecraft:copper_ore":16,"minecraft:tall_grass":1,"minecraft:deepslate_gold_ore":133,"minecraft:diorite":12,"minecraft:stripped_spruce_wood":1,"minecraft:white_carpet":1,"minecraft:spruce_log":528,"minecraft:birch_leaves":6,"minecraft:sunflower":15,"minecraft:gravel":602,"minecraft:cobweb":10,"minecraft:birch_sign":1,"minecraft:chipped_anvil":3,"minecraft:gold_ore":10,"minecraft:fern":4,"minecraft:spruce_planks":5,"minecraft:farmland":38,"minecraft:cobbled_deepslate_stairs":15,"minecraft:cobblestone_stairs":1,"minecraft:brewing_stand":5,"minecraft:spruce_trapdoor":3,"minecraft:grass_block":1085,"minecraft:cracked_polished_blackstone_bricks":9,"minecraft:soul_soil":1,"minecraft:composter":17,"minecraft:raw_iron_block":1,"minecraft:glowstone":23,"minecraft:iron_ore":100,"minecraft:anvil":7,"minecraft:red_tulip":3,"minecraft:birch_wall_sign":2,"minecraft:end_stone_bricks":2,"minecraft:deepslate_redstone_ore":235,"minecraft:blackstone":62,"minecraft:purpur_stairs":2,"minecraft:clay":2,"minecraft:calcite":9,"minecraft:chest":39,"minecraft:nether_quartz_ore":357,"minecraft:cobblestone":602,"minecraft:oak_planks":6,"minecraft:wall_torch":10,"minecraft:deepslate_copper_ore":6,"minecraft:magenta_shulker_box":8,"minecraft:seagrass":4,"minecraft:warped_nylium":1,"minecraft:nether_wart_block":6,"minecraft:birch_log":338,"minecraft:blue_ice":1,"minecraft:orange_tulip":2,"minecraft:purpur_block":4,"minecraft:oak_log":39,"minecraft:sand":376,"minecraft:dirt":732,"minecraft:ancient_debris":2,"minecraft:netherrack":5913,"minecraft:oak_leaves":7,"minecraft:emerald_block":25,"minecraft:nether_gold_ore":84,"minecraft:diamond_ore":1,"minecraft:tuff":341,"minecraft:pink_carpet":15,"minecraft:deepslate_diamond_ore":104,"minecraft:oak_door":4,"minecraft:glow_lichen":1,"minecraft:lever":3,"minecraft:ladder":5,"minecraft:weeping_vines":1,"minecraft:spruce_leaves":828,"minecraft:crimson_stem":13,"minecraft:sandstone":10,"minecraft:rooted_dirt":184,"minecraft:large_fern":12,"minecraft:oak_trapdoor":8,"minecraft:furnace":26,"minecraft:peony":11,"minecraft:gold_block":1,"minecraft:bell":1,"minecraft:nether_brick_fence":1,"minecraft:deepslate_iron_ore":181,"minecraft:lantern":1,"minecraft:packed_ice":143,"minecraft:stone":829,"minecraft:yellow_shulker_box":5,"minecraft:redstone_wall_torch":6,"minecraft:birch_pressure_plate":14,"minecraft:snow_block":76,"minecraft:basalt":288,"minecraft:crafting_table":49,"minecraft:blackstone_slab":1,"minecraft:rose_bush":15,"minecraft:deepslate_coal_ore":3,"minecraft:lapis_ore":36,"minecraft:polished_blackstone_brick_stairs":2,"minecraft:blue_bed":3,"minecraft:spruce_stairs":2,"minecraft:birch_planks":1,"minecraft:sweet_berry_bush":31,"minecraft:white_wall_banner":9,"minecraft:coal_ore":144,"minecraft:small_dripleaf":1,"minecraft:birch_fence":12},"minecraft:broken":{"minecraft:shears":3,"minecraft:shield":1,"minecraft:iron_axe":2,"minecraft:iron_pickaxe":5,"minecraft:iron_helmet":1},"minecraft:used":{"minecraft:peony":1,"minecraft:writable_book":2,"minecraft:dispenser":2,"minecraft:elytra":1,"minecraft:ladder":32,"minecraft:chest":45,"minecraft:stone":113,"minecraft:soul_sand":55,"minecraft:packed_ice":665,"minecraft:lava_bucket":10,"minecraft:grass_block":641,"minecraft:birch_sapling":2,"minecraft:orange_shulker_box":15,"minecraft:snow":47,"minecraft:bow":178,"minecraft:sweet_berries":33,"minecraft:furnace":29,"minecraft:cooked_cod":3,"minecraft:egg":7,"minecraft:potato":25,"minecraft:magenta_shulker_box":8,"minecraft:diorite":3,"minecraft:end_stone_bricks":2,"minecraft:blackstone":2,"minecraft:wooden_pickaxe":26,"minecraft:composter":32,"minecraft:clay":1,"minecraft:purpur_pillar":2,"minecraft:jungle_boat":10,"minecraft:golden_apple":1,"minecraft:purpur_stairs":1,"minecraft:sand":20,"minecraft:blast_furnace":1,"minecraft:lightning_rod":1,"minecraft:birch_fence":47,"minecraft:stone_button":2,"minecraft:lilac":1,"minecraft:nether_wart_block":5,"minecraft:diamond_sword":1292,"minecraft:smithing_table":3,"minecraft:birch_log":50,"minecraft:oak_boat":24,"minecraft:oak_trapdoor":8,"minecraft:enchanting_table":3,"minecraft:stone_sword":10,"minecraft:cooked_salmon":7,"minecraft:netherrack":964,"minecraft:torch":296,"minecraft:brewing_stand":4,"minecraft:anvil":8,"minecraft:stone_stairs":4,"minecraft:red_shulker_box":14,"minecraft:chipped_anvil":3,"minecraft:iron_axe":459,"minecraft:rooted_dirt":179,"minecraft:spruce_button":8,"minecraft:totem_of_undying":6,"minecraft:smooth_basalt":1,"minecraft:diamond_chestplate":1,"minecraft:basalt":178,"minecraft:beef":2,"minecraft:cobbled_deepslate":376,"minecraft:observer":19,"minecraft:golden_axe":7,"minecraft:wheat_seeds":151,"minecraft:water_bucket":148,"minecraft:birch_planks":94,"minecraft:yellow_shulker_box":5,"minecraft:cauldron":2,"minecraft:fletching_table":2,"minecraft:polished_blackstone_bricks":4,"minecraft:rail":1,"minecraft:comparator":10,"minecraft:crafting_table":54,"minecraft:red_bed":6,"minecraft:birch_sign":9,"minecraft:white_bed":6,"minecraft:spruce_log":147,"minecraft:diamond_pickaxe":11928,"minecraft:diamond_shovel":2803,"minecraft:sunflower":1,"minecraft:suspicious_stew":13,"minecraft:iron_pickaxe":2943,"minecraft:purpur_slab":1,"minecraft:spruce_trapdoor":15,"minecraft:cobblestone":680,"minecraft:cooked_porkchop":3,"minecraft:glass_pane":5,"minecraft:kelp":163,"minecraft:iron_shovel":454,"minecraft:shield":140,"minecraft:white_terracotta":2,"minecraft:iron_sword":225,"minecraft:nether_wart":11,"minecraft:bell":1,"minecraft:iron_chestplate":2,"minecraft:spruce_leaves":638,"minecraft:birch_pressure_plate":14,"minecraft:nether_bricks":29,"minecraft:carrot":8,"minecraft:tuff":144,"minecraft:axolotl_bucket":1,"minecraft:milk_bucket":1,"minecraft:obsidian":80,"minecraft:glass":350,"minecraft:coal_ore":17,"minecraft:lantern":1,"minecraft:warped_nylium":1,"minecraft:iron_helmet":1,"minecraft:deepslate_diamond_ore":1,"minecraft:birch_trapdoor":8,"minecraft:repeater":12,"minecraft:redstone_lamp":1,"minecraft:magma_block":8,"minecraft:blue_shulker_box":4,"minecraft:stripped_spruce_wood":1,"minecraft:golden_boots":1,"minecraft:end_rod":1,"minecraft:stone_pickaxe":148,"minecraft:oak_planks":8,"minecraft:ender_pearl":74,"minecraft:blue_bed":3,"minecraft:diamond_axe":1032,"minecraft:sugar_cane":69,"minecraft:deepslate_redstone_ore":1,"minecraft:crossbow":1,"minecraft:shears":735,"minecraft:cobbled_deepslate_stairs":156,"minecraft:redstone_torch":11,"minecraft:sticky_piston":10,"minecraft:lever":3,"minecraft:firework_rocket":505,"minecraft:bread":48,"minecraft:string":1,"minecraft:deepslate":59,"minecraft:andesite":4,"minecraft:smooth_stone_slab":4,"minecraft:purpur_block":2,"minecraft:rose_bush":1,"minecraft:flint_and_steel":50,"minecraft:stone_shovel":25,"minecraft:redstone":69,"minecraft:spruce_planks":176,"minecraft:ender_chest":22,"minecraft:cooked_chicken":6,"minecraft:oak_door":6,"minecraft:dirt":305,"minecraft:white_carpet":7,"minecraft:hopper":26,"minecraft:shulker_box":156,"minecraft:spruce_fence":1,"minecraft:granite":2,"minecraft:birch_door":5,"minecraft:iron_hoe":174,"minecraft:crimson_planks":48,"minecraft:golden_carrot":146,"minecraft:emerald_block":25,"minecraft:soul_soil":1,"minecraft:stone_pressure_plate":1,"minecraft:cooked_beef":26,"minecraft:iron_leggings":1,"minecraft:cobbled_deepslate_wall":26,"minecraft:cooked_mutton":5,"minecraft:amethyst_block":16,"minecraft:cobblestone_stairs":5,"minecraft:snow_block":27,"minecraft:baked_potato":6,"minecraft:birch_boat":33,"minecraft:spruce_sign":4,"minecraft:stonecutter":4,"minecraft:cobblestone_slab":5,"minecraft:smoker":4,"minecraft:piston":17,"minecraft:cracked_polished_blackstone_bricks":1,"minecraft:stone_slab":15,"minecraft:stone_axe":54,"minecraft:fishing_rod":10,"minecraft:cobbled_deepslate_slab":1470,"minecraft:white_banner":2,"minecraft:bucket":163,"minecraft:pink_shulker_box":7,"minecraft:splash_potion":2,"minecraft:birch_stairs":9},"minecraft:crafted":{"minecraft:ender_chest":2,"minecraft:smooth_stone":7,"minecraft:blaze_powder":2,"minecraft:oak_pressure_plate":1,"minecraft:birch_boat":14,"minecraft:birch_slab":132,"minecraft:lever":3,"minecraft:shulker_box":24,"minecraft:magenta_shulker_box":2,"minecraft:quartz_block":116,"minecraft:glass":328,"minecraft:repeater":12,"minecraft:netherite_boots":1,"minecraft:stone_pressure_plate":1,"minecraft:birch_door":6,"minecraft:magenta_dye":2,"minecraft:redstone_lamp":1,"minecraft:emerald":2727,"minecraft:smithing_table":1,"minecraft:cobbled_deepslate_wall":54,"minecraft:copper_ingot":152,"minecraft:sticky_piston":10,"minecraft:stone_slab":24,"minecraft:iron_pickaxe":6,"minecraft:iron_block":38,"minecraft:gold_ingot":299,"minecraft:netherite_ingot":3,"minecraft:composter":18,"minecraft:birch_stairs":8,"minecraft:golden_carrot":216,"minecraft:stone_shovel":1,"minecraft:smooth_stone_slab":6,"minecraft:orange_shulker_box":2,"minecraft:bone_meal":39,"minecraft:blue_shulker_box":1,"minecraft:pink_dye":2,"minecraft:white_carpet":6,"minecraft:stone_stairs":4,"minecraft:diamond":108,"minecraft:ladder":27,"minecraft:red_shulker_box":1,"minecraft:stone_pickaxe":2,"minecraft:cobbled_deepslate_stairs":184,"minecraft:redstone_block":144,"minecraft:chainmail_leggings":12,"minecraft:enchanting_table":1,"minecraft:red_bed":1,"minecraft:glowstone":20,"minecraft:orange_dye":1,"minecraft:birch_trapdoor":12,"minecraft:iron_shovel":1,"minecraft:iron_leggings":2,"minecraft:armor_stand":2,"minecraft:oak_planks":140,"minecraft:cobblestone_slab":6,"minecraft:cooked_chicken":3,"minecraft:pink_shulker_box":1,"minecraft:lightning_rod":1,"minecraft:stone":15,"minecraft:cobblestone_stairs":4,"minecraft:suspicious_stew":13,"minecraft:hopper":22,"minecraft:bow":3,"minecraft:iron_boots":2,"minecraft:comparator":5,"minecraft:chest":54,"minecraft:netherite_helmet":1,"minecraft:copper_block":16,"minecraft:ender_eye":2,"minecraft:golden_boots":2,"minecraft:smoker":1,"minecraft:cauldron":2,"minecraft:crafting_table":10,"minecraft:spruce_planks":448,"minecraft:wooden_pickaxe":2,"minecraft:iron_helmet":2,"minecraft:birch_pressure_plate":14,"minecraft:chainmail_chestplate":8,"minecraft:red_wool":3,"minecraft:gold_block":19,"minecraft:birch_planks":832,"minecraft:dispenser":2,"minecraft:apple":320,"minecraft:spruce_trapdoor":12,"minecraft:paper":3,"minecraft:iron_chestplate":12,"minecraft:book":1,"minecraft:diamond_pickaxe":3,"minecraft:charcoal":64,"minecraft:emerald_block":591,"minecraft:yellow_dye":2,"minecraft:shield":3,"minecraft:birch_fence":39,"minecraft:stick":260,"minecraft:iron_ingot":593,"minecraft:stone_sword":1,"minecraft:snow_block":1,"minecraft:redstone_torch":49,"minecraft:shears":4,"minecraft:oak_door":3,"minecraft:cobbled_deepslate_slab":738,"minecraft:redstone":189,"minecraft:raw_iron":9,"minecraft:fishing_rod":1,"minecraft:furnace":10,"minecraft:stone_button":2,"minecraft:blast_furnace":1,"minecraft:piston":24,"minecraft:oak_trapdoor":2,"minecraft:diamond_block":12,"minecraft:glass_pane":32,"minecraft:flint_and_steel":1,"minecraft:netherite_leggings":1,"minecraft:yellow_shulker_box":1,"minecraft:iron_axe":4,"minecraft:iron_hoe":1,"minecraft:netherite_scrap":11,"minecraft:birch_sign":9,"minecraft:observer":21,"minecraft:red_dye":5,"minecraft:cooked_cod":3,"minecraft:crimson_planks":52,"minecraft:diamond_sword":1,"minecraft:spruce_sign":3,"minecraft:cooked_salmon":7,"minecraft:bucket":8,"minecraft:stone_axe":1,"minecraft:bread":843,"minecraft:air":0,"minecraft:blue_dye":2,"minecraft:oak_boat":3,"minecraft:anvil":1,"minecraft:pumpkin_pie":96,"minecraft:torch":264,"minecraft:clay":1,"minecraft:lapis_block":112},"minecraft:dropped":{"minecraft:oak_pressure_plate":1,"minecraft:glass_bottle":213,"minecraft:diamond":23,"minecraft:crafting_table":1,"minecraft:orange_tulip":2,"minecraft:crossbow":133,"minecraft:weeping_vines":1,"minecraft:rooted_dirt":20,"minecraft:saddle":13,"minecraft:purpur_stairs":1,"minecraft:dirt":35,"minecraft:gold_nugget":1,"minecraft:sand":32,"minecraft:phantom_membrane":3,"minecraft:sugar":87,"minecraft:white_wool":1,"minecraft:birch_stairs":8,"minecraft:bone":12,"minecraft:stone_axe":3,"minecraft:sugar_cane":8,"minecraft:cobbled_deepslate":1163,"minecraft:nether_brick":21,"minecraft:rotten_flesh":29,"minecraft:oak_planks":2,"minecraft:glowstone_dust":203,"minecraft:nether_brick_fence":1,"minecraft:end_stone_bricks":2,"minecraft:glass":15,"minecraft:crying_obsidian":12,"minecraft:ghast_tear":1,"minecraft:enchanted_book":8,"minecraft:golden_boots":2,"minecraft:wheat_seeds":80,"minecraft:cobbled_deepslate_stairs":43,"minecraft:feather":2,"minecraft:cobblestone":59,"minecraft:granite":34,"minecraft:spruce_button":79,"minecraft:gray_wool":1,"minecraft:potion":15,"minecraft:white_banner":328,"minecraft:chainmail_leggings":12,"minecraft:string":26,"minecraft:snow_block":1,"minecraft:purpur_pillar":2,"minecraft:player_head":329,"minecraft:stone_sword":2,"minecraft:deepslate":105,"minecraft:stone_shovel":1,"minecraft:stone_slab":6,"minecraft:nether_bricks":13,"minecraft:diamond_sword":5,"minecraft:stone":111,"minecraft:spider_eye":199,"minecraft:sandstone":10,"minecraft:bow":7,"minecraft:warped_stem":1,"minecraft:brown_mushroom":2,"minecraft:soul_sand":22,"minecraft:moss_block":1,"minecraft:birch_planks":7,"minecraft:warped_fungus":1,"minecraft:oak_log":1,"minecraft:ender_pearl":17,"minecraft:leather":15,"minecraft:birch_slab":1,"minecraft:spruce_leaves":8,"minecraft:cracked_polished_blackstone_bricks":5,"minecraft:packed_ice":44,"minecraft:netherite_scrap":1,"minecraft:mutton":2,"minecraft:gilded_blackstone":3,"minecraft:polished_blackstone_bricks":53,"minecraft:gold_ingot":353,"minecraft:gravel":340,"minecraft:purpur_block":2,"minecraft:blackstone":111,"minecraft:fern":2,"minecraft:chainmail_chestplate":9,"minecraft:shulker_shell":2,"minecraft:gunpowder":24,"minecraft:birch_trapdoor":2,"minecraft:beetroot_seeds":12,"minecraft:chest":2,"minecraft:blackstone_slab":1,"minecraft:basalt":70,"minecraft:arrow":10,"minecraft:quartz":12,"minecraft:netherrack":1347,"minecraft:water_bucket":1,"minecraft:bread":161,"minecraft:spectral_arrow":2,"minecraft:grass_block":2,"minecraft:stick":376,"minecraft:diorite":8,"minecraft:fire_charge":7,"minecraft:iron_axe":91,"minecraft:smooth_basalt":1,"minecraft:redstone":127,"minecraft:anvil":64,"minecraft:sweet_berries":2,"minecraft:kelp":60,"minecraft:oak_trapdoor":2,"minecraft:ender_chest":3,"minecraft:blaze_rod":17,"minecraft:tuff":65,"minecraft:raw_iron":2,"minecraft:birch_pressure_plate":14,"minecraft:totem_of_undying":68,"minecraft:shulker_box":1,"minecraft:glass_pane":1,"minecraft:flint_and_steel":1,"minecraft:snow":4,"minecraft:shield":1,"minecraft:iron_chestplate":17,"minecraft:andesite":30,"minecraft:golden_leggings":1,"minecraft:oak_boat":5,"minecraft:golden_sword":1,"minecraft:birch_sign":2,"minecraft:spruce_log":59,"minecraft:stone_pickaxe":5,"minecraft:wooden_pickaxe":3,"minecraft:calcite":9},"minecraft:custom":{"minecraft:interact_with_crafting_table":247,"minecraft:open_barrel":89,"minecraft:bell_ring":11,"minecraft:leave_game":24,"minecraft:time_since_death":446398,"minecraft:damage_blocked_by_shield":7310,"minecraft:play_time":1456370,"minecraft:deaths":6,"minecraft:jump":17995,"minecraft:enchant_item":15,"minecraft:interact_with_furnace":424,"minecraft:traded_with_villager":357,"minecraft:sleep_in_bed":19,"minecraft:damage_dealt":68089,"minecraft:interact_with_smoker":36,"minecraft:inspect_dispenser":5,"minecraft:interact_with_smithing_table":9,"minecraft:inspect_dropper":3,"minecraft:interact_with_anvil":51,"minecraft:inspect_hopper":254,"minecraft:sneak_time":73442,"minecraft:interact_with_lectern":11,"minecraft:interact_with_blast_furnace":2,"minecraft:total_world_time":1456370,"minecraft:time_since_rest":19469,"minecraft:swim_one_cm":454709,"minecraft:fly_one_cm":3563899,"minecraft:open_chest":956,"minecraft:fish_caught":6,"minecraft:fall_one_cm":509274,"minecraft:animals_bred":4,"minecraft:open_shulker_box":1059,"minecraft:sprint_one_cm":3427705,"minecraft:drop":878,"minecraft:talked_to_villager":68,"minecraft:interact_with_brewingstand":1,"minecraft:walk_on_water_one_cm":308859,"minecraft:open_enderchest":375,"minecraft:crouch_one_cm":291803,"minecraft:mob_kills":10326,"minecraft:fill_cauldron":1,"minecraft:climb_one_cm":61310,"minecraft:walk_one_cm":3160462,"minecraft:raid_win":61,"minecraft:walk_under_water_one_cm":410723,"minecraft:boat_one_cm":2237383,"minecraft:raid_trigger":344,"minecraft:damage_taken":17478,"minecraft:damage_absorbed":319,"minecraft:aviate_one_cm":22655710},"minecraft:killed_by":{"minecraft:creeper":3},"minecraft:killed":{"minecraft:cave_spider":1,"minecraft:shulker":68,"minecraft:skeleton":54,"minecraft:chicken":3,"minecraft:magma_cube":12,"minecraft:salmon":6,"minecraft:pillager":5116,"minecraft:zombie":51,"minecraft:cow":14,"minecraft:evoker":670,"minecraft:vindicator":3163,"minecraft:horse":1,"minecraft:ravager":4,"minecraft:enderman":72,"minecraft:zombified_piglin":1,"minecraft:witch":978,"minecraft:spider":12,"minecraft:silverfish":1,"minecraft:piglin_brute":2,"minecraft:piglin":4,"minecraft:pig":1,"minecraft:zombie_villager":3,"minecraft:creeper":7,"minecraft:sheep":5,"minecraft:trader_llama":2,"minecraft:ghast":5,"minecraft:stray":1,"minecraft:blaze":17,"minecraft:vex":3,"minecraft:slime":4,"minecraft:phantom":2,"minecraft:hoglin":1,"minecraft:squid":3,"minecraft:wither_skeleton":3},"minecraft:picked_up":{"minecraft:iron_chestplate":11,"minecraft:birch_door":9,"minecraft:anvil":71,"minecraft:smithing_table":3,"minecraft:lead":4,"minecraft:diamond_sword":8,"minecraft:enchanted_book":4,"minecraft:brewing_stand":5,"minecraft:golden_sword":1,"minecraft:amethyst_block":78,"minecraft:polished_blackstone_brick_stairs":2,"minecraft:string":65,"minecraft:soul_soil":1,"minecraft:pufferfish":2,"minecraft:diamond_leggings":1,"minecraft:gold_nugget":556,"minecraft:cobbled_deepslate":2701,"minecraft:spruce_planks":5,"minecraft:composter":15,"minecraft:purpur_pillar":4,"minecraft:pink_carpet":15,"minecraft:golden_axe":1,"minecraft:stone_sword":1,"minecraft:red_tulip":3,"minecraft:glowstone":20,"minecraft:end_rod":1,"minecraft:white_terracotta":2,"minecraft:blaze_rod":35,"minecraft:birch_log":344,"minecraft:magma_block":62,"minecraft:feather":6,"minecraft:cooked_beef":69,"minecraft:water_bucket":11,"minecraft:smoker":6,"minecraft:flint":31,"minecraft:stripped_spruce_wood":1,"minecraft:netherite_leggings":1,"minecraft:lantern":3,"minecraft:chipped_anvil":3,"minecraft:stonecutter":6,"minecraft:diamond_helmet":1,"minecraft:glowstone_dust":332,"minecraft:moss_block":1,"minecraft:ink_sac":18,"minecraft:dark_oak_log":8,"minecraft:deepslate":241,"minecraft:lever":3,"minecraft:blue_ice":1,"minecraft:granite":88,"minecraft:spruce_button":87,"minecraft:golden_horse_armor":1,"minecraft:bread":64,"minecraft:rooted_dirt":262,"minecraft:diamond_pickaxe":4,"minecraft:spruce_leaves":673,"minecraft:crafting_table":51,"minecraft:nether_wart":35,"minecraft:clay_ball":16,"minecraft:purpur_block":4,"minecraft:red_bed":7,"minecraft:elytra":3,"minecraft:flint_and_steel":5,"minecraft:snow":133,"minecraft:netherite_scrap":1,"minecraft:white_carpet":1,"minecraft:iron_shovel":4,"minecraft:glass_pane":1,"minecraft:deepslate_diamond_ore":1,"minecraft:beef":2,"minecraft:chest":39,"minecraft:birch_sapling":98,"minecraft:piston":3,"minecraft:egg":9,"minecraft:sandstone":10,"minecraft:stone":363,"minecraft:oak_door":7,"minecraft:spruce_fence":1,"minecraft:fire_charge":7,"minecraft:carrot":8,"minecraft:redstone":1634,"minecraft:diamond_chestplate":2,"minecraft:beetroot_seeds":12,"minecraft:peony":39,"minecraft:shears":1,"minecraft:purpur_slab":1,"minecraft:gold_ingot":305,"minecraft:totem_of_undying":69,"minecraft:glow_berries":1,"minecraft:mutton":2,"minecraft:white_wool":192,"minecraft:rail":1,"minecraft:yellow_shulker_box":5,"minecraft:fern":8,"minecraft:blackstone_slab":1,"minecraft:purpur_stairs":2,"minecraft:oak_log":68,"minecraft:ancient_debris":2,"minecraft:golden_boots":3,"minecraft:blue_bed":3,"minecraft:white_banner":166,"minecraft:birch_pressure_plate":14,"minecraft:kelp":485,"minecraft:warped_stem":1,"minecraft:stone_pickaxe":3,"minecraft:glass_bottle":208,"minecraft:smooth_basalt":3,"minecraft:milk_bucket":1,"minecraft:sweet_berries":78,"minecraft:gravel":485,"minecraft:birch_stairs":9,"minecraft:spruce_sapling":90,"minecraft:spruce_log":587,"minecraft:crying_obsidian":12,"minecraft:leather_helmet":1,"minecraft:diamond_shovel":1,"minecraft:firework_rocket":56,"minecraft:coal_ore":17,"minecraft:slime_ball":22,"minecraft:stone_axe":2,"minecraft:diamond_axe":1,"minecraft:deepslate_redstone_ore":1,"minecraft:birch_sign":4,"minecraft:gray_wool":1,"minecraft:warped_nylium":1,"minecraft:pink_dye":1,"minecraft:hopper":9,"minecraft:ender_pearl":170,"minecraft:shulker_shell":112,"minecraft:wheat":80,"minecraft:ender_chest":26,"minecraft:nether_brick_fence":1,"minecraft:potion":10,"minecraft:gilded_blackstone":3,"minecraft:nether_brick":21,"minecraft:raw_copper":152,"minecraft:iron_leggings":5,"minecraft:experience_bottle":1,"minecraft:pink_shulker_box":7,"minecraft:comparator":5,"minecraft:bucket":2,"minecraft:rose_bush":39,"minecraft:redstone_torch":6,"minecraft:calcite":11,"minecraft:iron_pickaxe":7,"minecraft:iron_boots":4,"minecraft:furnace":28,"minecraft:stick":327,"minecraft:orange_shulker_box":15,"minecraft:birch_trapdoor":4,"minecraft:torch":117,"minecraft:spruce_stairs":2,"minecraft:snow_block":77,"minecraft:diorite":12,"minecraft:rotten_flesh":65,"minecraft:obsidian":126,"minecraft:cod":3,"minecraft:cobblestone":1303,"minecraft:enchanting_table":3,"minecraft:lilac":49,"minecraft:magma_cream":16,"minecraft:andesite":49,"minecraft:golden_leggings":2,"minecraft:potato":42,"minecraft:magenta_dye":1,"minecraft:tuff":440,"minecraft:stripped_birch_log":26,"minecraft:dirt":772,"minecraft:lapis_lazuli":1260,"minecraft:name_tag":3,"minecraft:glass":58,"minecraft:bone":172,"minecraft:wheat_seeds":240,"minecraft:bow":11,"minecraft:cobbled_deepslate_wall":1,"minecraft:orange_tulip":2,"minecraft:raw_gold":354,"minecraft:cobbled_deepslate_slab":47,"minecraft:bell":1,"minecraft:fletching_table":4,"minecraft:oak_planks":42,"minecraft:ghast_tear":1,"minecraft:cooked_porkchop":3,"minecraft:sand":483,"minecraft:grass_block":1095,"minecraft:spectral_arrow":156,"minecraft:shulker_box":161,"minecraft:sugar":134,"minecraft:diamond":248,"minecraft:netherite_helmet":1,"minecraft:cracked_polished_blackstone_bricks":6,"minecraft:crossbow":86,"minecraft:spruce_sign":2,"minecraft:emerald":238,"minecraft:netherrack":2876,"minecraft:end_stone_bricks":4,"minecraft:charcoal":75,"minecraft:splash_potion":2,"minecraft:chicken":3,"minecraft:ladder":11,"minecraft:packed_ice":525,"minecraft:brown_mushroom":3,"minecraft:wooden_pickaxe":1,"minecraft:gold_block":1,"minecraft:shield":5,"minecraft:oak_trapdoor":8,"minecraft:moss_carpet":11,"minecraft:iron_axe":56,"minecraft:birch_fence":14,"minecraft:blackstone":116,"minecraft:oak_boat":31,"minecraft:player_head":293,"minecraft:blue_shulker_box":4,"minecraft:sugar_cane":232,"minecraft:phantom_membrane":11,"minecraft:spruce_trapdoor":3,"minecraft:raw_iron":671,"minecraft:orange_dye":1,"minecraft:polished_blackstone_bricks":57,"minecraft:magenta_shulker_box":8,"minecraft:weeping_vines":1,"minecraft:arrow":116,"minecraft:red_shulker_box":14,"minecraft:nether_bricks":46,"minecraft:saddle":14,"minecraft:netherite_boots":1,"minecraft:jungle_boat":10,"minecraft:basalt":250,"minecraft:golden_carrot":124,"minecraft:crimson_stem":13,"minecraft:salmon":7,"minecraft:leather":117,"minecraft:birch_planks":19,"minecraft:chainmail_chestplate":1,"minecraft:cobbled_deepslate_stairs":15,"minecraft:nether_wart_block":5,"minecraft:gunpowder":184,"minecraft:cobblestone_stairs":1,"minecraft:deepslate_tile_slab":7,"minecraft:cooked_mutton":9,"minecraft:iron_ingot":8,"minecraft:cooked_chicken":3,"minecraft:soul_sand":105,"minecraft:warped_fungus":1,"minecraft:emerald_block":25,"minecraft:birch_boat":35,"minecraft:quartz":990,"minecraft:raw_iron_block":1,"minecraft:white_bed":6,"minecraft:spider_eye":208,"minecraft:iron_helmet":5,"minecraft:coal":391,"minecraft:sunflower":35}},"DataVersion":3120}