{"stats":{"minecraft:picked_up":{"minecraft:iron_chestplate":2,"minecraft:clay_ball":88,"minecraft:gold_block":4,"minecraft:shield":2,"minecraft:iron_axe":2,"minecraft:music_disc_cat":3,"minecraft:raw_copper":174,"minecraft:string":1,"minecraft:elytra":2,"minecraft:iron_leggings":3,"minecraft:iron_shovel":5,"minecraft:cobbled_deepslate":9,"minecraft:smooth_stone":4,"minecraft:player_head":1,"minecraft:iron_pickaxe":12,"minecraft:melon_slice":22,"minecraft:sugar_cane":7,"minecraft:birch_sapling":1,"minecraft:iron_boots":1,"minecraft:raw_iron":17,"minecraft:golden_helmet":2,"minecraft:stick":1,"minecraft:torch":11,"minecraft:cake":1,"minecraft:diorite":70,"minecraft:trident":1,"minecraft:rotten_flesh":24,"minecraft:arrow":13,"minecraft:hay_block":81,"minecraft:totem_of_undying":2,"minecraft:cobblestone":5305,"minecraft:birch_log":7,"minecraft:leather_chestplate":5,"minecraft:jungle_boat":1,"minecraft:cooked_beef":2,"minecraft:golden_carrot":6,"minecraft:andesite":120,"minecraft:filled_map":4,"minecraft:golden_boots":6,"minecraft:gunpowder":5,"minecraft:map":1,"minecraft:dirt":321,"minecraft:paper":21,"minecraft:bone":12,"minecraft:bow":2,"minecraft:wheat_seeds":29,"minecraft:bamboo":4,"minecraft:iron_sword":6,"minecraft:flowering_azalea":1,"minecraft:sweet_berries":5,"minecraft:sand":13,"minecraft:white_bed":1,"minecraft:grass_block":1,"minecraft:diamond_block":1,"minecraft:firework_rocket":64,"minecraft:spruce_boat":13,"minecraft:iron_helmet":5,"minecraft:granite":101,"minecraft:baked_potato":75,"minecraft:coal":303},"minecraft:dropped":{"minecraft:iron_sword":1,"minecraft:stick":1,"minecraft:dirt":3,"minecraft:iron_shovel":2,"minecraft:bone":2,"minecraft:totem_of_undying":1,"minecraft:filled_map":3,"minecraft:leather_chestplate":4,"minecraft:spruce_boat":1,"minecraft:gunpowder":5,"minecraft:cake":1},"minecraft:crafted":{"minecraft:stone":16,"minecraft:bone_meal":3,"minecraft:cake":1,"minecraft:diamond":9,"minecraft:spruce_boat":2,"minecraft:golden_boots":1,"minecraft:wheat":18,"minecraft:crafting_table":1,"minecraft:baked_potato":80,"minecraft:air":0,"minecraft:diamond_pickaxe":1,"minecraft:stick":28,"minecraft:iron_pickaxe":16,"minecraft:gold_ingot":27},"minecraft:custom":{"minecraft:mob_kills":36,"minecraft:interact_with_anvil":1,"minecraft:inspect_hopper":1,"minecraft:interact_with_crafting_table":16,"minecraft:open_barrel":86,"minecraft:open_shulker_box":10,"minecraft:eat_cake_slice":3,"minecraft:leave_game":6,"minecraft:time_since_death":46042,"minecraft:climb_one_cm":38278,"minecraft:sprint_one_cm":976890,"minecraft:walk_one_cm":1189006,"minecraft:damage_blocked_by_shield":515,"minecraft:drop":21,"minecraft:talked_to_villager":20,"minecraft:play_time":472758,"minecraft:deaths":8,"minecraft:sneak_time":39971,"minecraft:walk_under_water_one_cm":64955,"minecraft:boat_one_cm":2271649,"minecraft:interact_with_lectern":5,"minecraft:jump":6598,"minecraft:interact_with_brewingstand":3,"minecraft:walk_on_water_one_cm":69777,"minecraft:enchant_item":2,"minecraft:total_world_time":472758,"minecraft:interact_with_furnace":42,"minecraft:play_record":3,"minecraft:traded_with_villager":1,"minecraft:interact_with_cartography_table":7,"minecraft:sleep_in_bed":2,"minecraft:time_since_rest":46062,"minecraft:open_enderchest":14,"minecraft:damage_taken":5204,"minecraft:damage_dealt":7065,"minecraft:interact_with_beacon":1,"minecraft:swim_one_cm":164642,"minecraft:fly_one_cm":1105154,"minecraft:player_kills":1,"minecraft:open_chest":242,"minecraft:crouch_one_cm":114642,"minecraft:fall_one_cm":150082,"minecraft:inspect_dispenser":1,"minecraft:horse_one_cm":410955},"minecraft:broken":{"minecraft:iron_pickaxe":22,"minecraft:stone_shovel":1},"minecraft:killed":{"minecraft:spider":3,"minecraft:skeleton":10,"minecraft:drowned":3,"minecraft:creeper":1,"minecraft:zombie":19},"minecraft:killed_by":{"minecraft:player":2,"minecraft:creeper":1,"minecraft:zombie":2},"minecraft:used":{"minecraft:iron_shovel":78,"minecraft:stone_shovel":69,"minecraft:shield":11,"minecraft:iron_sword":157,"minecraft:rotten_flesh":24,"minecraft:iron_chestplate":1,"minecraft:torch":7,"minecraft:dirt":33,"minecraft:granite":98,"minecraft:spruce_boat":13,"minecraft:iron_axe":6,"minecraft:iron_helmet":1,"minecraft:bamboo":1,"minecraft:golden_carrot":6,"minecraft:hay_block":15,"minecraft:sweet_berries":5,"minecraft:gold_block":1,"minecraft:cooked_beef":2,"minecraft:iron_leggings":1,"minecraft:golden_boots":3,"minecraft:diorite":46,"minecraft:baked_potato":61,"minecraft:jungle_boat":1,"minecraft:glow_berries":4,"minecraft:music_disc_cat":3,"minecraft:crafting_table":1,"minecraft:white_bed":1,"minecraft:cake":1,"minecraft:firework_rocket":2,"minecraft:bread":6,"minecraft:melon_slice":5,"minecraft:iron_pickaxe":6217,"minecraft:map":1,"minecraft:fishing_rod":153,"minecraft:cobblestone":278,"minecraft:andesite":51,"minecraft:smooth_stone":4},"minecraft:mined":{"minecraft:jungle_leaves":1,"minecraft:glow_lichen":1,"minecraft:granite":101,"minecraft:grass_block":23,"minecraft:hay_block":81,"minecraft:smooth_stone":4,"minecraft:tall_seagrass":2,"minecraft:iron_ore":9,"minecraft:andesite":119,"minecraft:gold_block":4,"minecraft:deepslate_iron_ore":3,"minecraft:vine":3,"minecraft:bamboo":2,"minecraft:stone":5521,"minecraft:kelp_plant":1,"minecraft:clay":22,"minecraft:melon":3,"minecraft:copper_ore":49,"minecraft:cobblestone":16,"minecraft:sugar_cane":3,"minecraft:diorite":73,"minecraft:deepslate_copper_ore":1,"minecraft:birch_log":6,"minecraft:sweet_berry_bush":1,"minecraft:birch_leaves":1,"minecraft:grass":130,"minecraft:coal_ore":303,"minecraft:gravel":2,"minecraft:sand":11,"minecraft:dirt":304,"minecraft:oak_leaves":8,"minecraft:deepslate":9,"minecraft:fern":48}},"DataVersion":2975}