{"stats":{"minecraft:crafted":{"minecraft:oak_planks":60,"minecraft:cooked_chicken":2,"minecraft:furnace":2,"minecraft:cooked_mutton":10,"minecraft:iron_boots":1,"minecraft:iron_axe":2,"minecraft:stone_pickaxe":1,"minecraft:chest":2,"minecraft:stone_hoe":1,"minecraft:cooked_beef":14,"minecraft:cooked_porkchop":19,"minecraft:crafting_table":2,"minecraft:wooden_pickaxe":1,"minecraft:iron_helmet":1,"minecraft:bucket":1,"minecraft:campfire":1,"minecraft:stone_axe":1,"minecraft:bread":1,"minecraft:air":0,"minecraft:oak_boat":1,"minecraft:iron_chestplate":1,"minecraft:shield":1,"minecraft:stick":34,"minecraft:iron_ingot":32,"minecraft:iron_pickaxe":1,"minecraft:iron_leggings":1,"minecraft:gold_ingot":6,"minecraft:white_bed":1,"minecraft:torch":72},"minecraft:used":{"minecraft:moss_block":1,"minecraft:chest":2,"minecraft:shield":19,"minecraft:stone_hoe":3,"minecraft:cooked_chicken":2,"minecraft:rotten_flesh":9,"minecraft:netherrack":48,"minecraft:iron_chestplate":3,"minecraft:torch":73,"minecraft:dirt":21,"minecraft:granite":3,"minecraft:lava_bucket":2,"minecraft:iron_axe":91,"minecraft:iron_helmet":4,"minecraft:iron_boots":3,"minecraft:furnace":6,"minecraft:cooked_beef":12,"minecraft:iron_leggings":1,"minecraft:wheat_seeds":2,"minecraft:cooked_mutton":10,"minecraft:water_bucket":35,"minecraft:stone_pickaxe":131,"minecraft:wooden_pickaxe":9,"minecraft:sand":1,"minecraft:crafting_table":6,"minecraft:white_bed":2,"minecraft:chicken":1,"minecraft:bread":1,"minecraft:iron_pickaxe":207,"minecraft:stone_axe":71,"minecraft:cobblestone":84,"minecraft:cooked_porkchop":9,"minecraft:bucket":38,"minecraft:andesite":4,"minecraft:yellow_bed":1,"minecraft:oak_boat":10},"minecraft:custom":{"minecraft:mob_kills":52,"minecraft:interact_with_crafting_table":40,"minecraft:leave_game":27,"minecraft:time_since_death":29408,"minecraft:climb_one_cm":1224,"minecraft:sprint_one_cm":430483,"minecraft:walk_one_cm":213089,"minecraft:damage_blocked_by_shield":1290,"minecraft:drop":5,"minecraft:play_time":140143,"minecraft:deaths":3,"minecraft:sneak_time":8687,"minecraft:walk_under_water_one_cm":42337,"minecraft:boat_one_cm":784272,"minecraft:jump":4818,"minecraft:walk_on_water_one_cm":42869,"minecraft:total_world_time":140143,"minecraft:interact_with_furnace":101,"minecraft:sleep_in_bed":2,"minecraft:time_since_rest":29418,"minecraft:open_enderchest":1,"minecraft:damage_taken":3163,"minecraft:damage_dealt":7756,"minecraft:swim_one_cm":49427,"minecraft:fly_one_cm":1189461,"minecraft:open_chest":61,"minecraft:crouch_one_cm":26373,"minecraft:fall_one_cm":191910},"minecraft:killed_by":{"minecraft:creeper":1,"minecraft:enderman":1},"minecraft:dropped":{"minecraft:moss_block":1,"minecraft:wheat_seeds":2,"minecraft:rotten_flesh":1,"minecraft:oak_boat":1,"minecraft:campfire":1},"minecraft:mined":{"minecraft:nether_gold_ore":24,"minecraft:white_bed":1,"minecraft:granite":3,"minecraft:grass_block":4,"minecraft:moss_block":2,"minecraft:furnace":4,"minecraft:iron_ore":35,"minecraft:andesite":4,"minecraft:pumpkin":6,"minecraft:stone":140,"minecraft:podzol":5,"minecraft:basalt":2,"minecraft:clay":1,"minecraft:crafting_table":4,"minecraft:nether_quartz_ore":10,"minecraft:diorite":1,"minecraft:wheat":5,"minecraft:yellow_bed":1,"minecraft:grass":2,"minecraft:oak_log":18,"minecraft:coal_ore":59,"minecraft:sand":1,"minecraft:dirt":54,"minecraft:netherrack":61,"minecraft:oak_leaves":5},"minecraft:killed":{"minecraft:spider":3,"minecraft:skeleton":8,"minecraft:chicken":3,"minecraft:pig":9,"minecraft:sheep":6,"minecraft:zombie":10,"minecraft:enderman":4,"minecraft:cow":6},"minecraft:picked_up":{"minecraft:crafting_table":4,"minecraft:iron_chestplate":3,"minecraft:wheat":3,"minecraft:chicken":3,"minecraft:clay_ball":137,"minecraft:wooden_pickaxe":1,"minecraft:shield":3,"minecraft:iron_axe":3,"minecraft:string":2,"minecraft:moss_carpet":11,"minecraft:iron_leggings":3,"minecraft:gold_nugget":91,"minecraft:bucket":1,"minecraft:beef":14,"minecraft:oak_boat":11,"minecraft:azalea":3,"minecraft:iron_pickaxe":3,"minecraft:melon_slice":63,"minecraft:iron_boots":3,"minecraft:furnace":4,"minecraft:stick":4,"minecraft:raw_iron":41,"minecraft:torch":16,"minecraft:porkchop":19,"minecraft:diorite":1,"minecraft:arrow":12,"minecraft:rotten_flesh":17,"minecraft:mutton":10,"minecraft:white_wool":6,"minecraft:cobblestone":137,"minecraft:lilac":3,"minecraft:basalt":2,"minecraft:feather":7,"minecraft:cooked_beef":26,"minecraft:glow_ink_sac":4,"minecraft:water_bucket":2,"minecraft:andesite":4,"minecraft:leather":5,"minecraft:filled_map":1,"minecraft:oak_log":18,"minecraft:yellow_bed":1,"minecraft:dirt":63,"minecraft:bone":10,"minecraft:wheat_seeds":7,"minecraft:iron_ingot":3,"minecraft:cooked_chicken":1,"minecraft:moss_block":5,"minecraft:cooked_porkchop":25,"minecraft:pumpkin":6,"minecraft:quartz":10,"minecraft:sand":1,"minecraft:white_bed":1,"minecraft:iron_helmet":3,"minecraft:granite":4,"minecraft:bread":96,"minecraft:netherrack":56,"minecraft:coal":94,"minecraft:ender_pearl":1},"minecraft:broken":{"minecraft:stone_pickaxe":1,"minecraft:stone_axe":1}},"DataVersion":3120}