{"stats":{"minecraft:picked_up":{"minecraft:lead":6,"minecraft:smithing_table":1,"minecraft:stone_slab":66,"minecraft:enchanted_book":12,"minecraft:blue_concrete":12,"minecraft:string":373,"minecraft:shroomlight":17,"minecraft:diamond_leggings":3,"minecraft:polished_blackstone_brick_slab":5,"minecraft:golden_chestplate":2,"minecraft:cauldron":1,"minecraft:stone_sword":4,"minecraft:carved_pumpkin":3,"minecraft:bookshelf":10,"minecraft:end_rod":4,"minecraft:white_terracotta":113,"minecraft:blaze_rod":105,"minecraft:iron_bars":11,"minecraft:sponge":170,"minecraft:feather":2,"minecraft:water_bucket":4,"minecraft:copper_block":3,"minecraft:flint":339,"minecraft:purple_stained_glass":460,"minecraft:gray_concrete_powder":1,"minecraft:stonecutter":7,"minecraft:diamond_helmet":3,"minecraft:brown_mushroom_block":400,"minecraft:iron_hoe":1,"minecraft:polished_andesite":116,"minecraft:deepslate":3095,"minecraft:lever":316,"minecraft:granite":2073,"minecraft:spruce_button":14,"minecraft:crimson_roots":60,"minecraft:diamond_pickaxe":16,"minecraft:magenta_glazed_terracotta":212,"minecraft:clay_ball":968,"minecraft:leather_leggings":2,"minecraft:dragon_head":1,"minecraft:purpur_block":3,"minecraft:cornflower":4,"minecraft:elytra":18,"minecraft:flint_and_steel":13,"minecraft:white_carpet":6,"minecraft:iron_shovel":3,"minecraft:polished_blackstone_wall":60,"minecraft:glass_pane":11,"minecraft:netherite_sword":18,"minecraft:jungle_sapling":41,"minecraft:poppy":38,"minecraft:spruce_slab":2,"minecraft:minecart":114,"minecraft:piston":701,"minecraft:copper_ore":87,"minecraft:black_stained_glass":9,"minecraft:stone":15600,"minecraft:cyan_glazed_terracotta":25,"minecraft:fire_charge":13,"minecraft:netherite_pickaxe":34,"minecraft:jungle_sign":5,"minecraft:diamond_chestplate":4,"minecraft:hay_block":26,"minecraft:yellow_terracotta":424,"minecraft:totem_of_undying":1,"minecraft:polished_blackstone":1029,"minecraft:rail":646,"minecraft:oxeye_daisy":6,"minecraft:paper":87,"minecraft:apple":64,"minecraft:warped_stem":29,"minecraft:oak_fence_gate":2,"minecraft:iron_ore":67,"minecraft:polished_andesite_stairs":46,"minecraft:smooth_basalt":44,"minecraft:sweet_berries":8,"minecraft:crimson_stairs":384,"minecraft:crying_obsidian":658,"minecraft:dragon_egg":1,"minecraft:leather_helmet":1,"minecraft:diamond_shovel":3,"minecraft:coal_ore":30,"minecraft:slime_ball":239,"minecraft:deepslate_redstone_ore":154,"minecraft:polished_blackstone_brick_wall":8,"minecraft:baked_potato":3,"minecraft:hopper":305,"minecraft:black_carpet":89,"minecraft:ender_chest":2,"minecraft:nether_brick_fence":37,"minecraft:stone_brick_stairs":17,"minecraft:lapis_block":39,"minecraft:deepslate_lapis_ore":34,"minecraft:experience_bottle":37,"minecraft:red_sand":43,"minecraft:smooth_stone":141,"minecraft:comparator":80,"minecraft:bucket":18,"minecraft:red_dye":1,"minecraft:cobblestone_slab":1,"minecraft:wooden_shovel":2,"minecraft:smooth_quartz":26,"minecraft:iron_pickaxe":13,"minecraft:deepslate_iron_ore":36,"minecraft:birch_trapdoor":2,"minecraft:netherite_shovel":16,"minecraft:diorite":1510,"minecraft:rotten_flesh":4011,"minecraft:deepslate_copper_ore":4,"minecraft:chorus_flower":44,"minecraft:deepslate_brick_stairs":468,"minecraft:obsidian":1524,"minecraft:blaze_powder":2,"minecraft:cobblestone":5888,"minecraft:enchanting_table":7,"minecraft:lilac":1,"minecraft:repeater":76,"minecraft:andesite":1504,"minecraft:golden_leggings":1,"minecraft:beacon":7,"minecraft:potato":1716,"minecraft:prismarine_bricks":552,"minecraft:dirt":11224,"minecraft:name_tag":10,"minecraft:glass":2053,"minecraft:bone":399,"minecraft:acacia_planks":70,"minecraft:bow":14,"minecraft:wheat_seeds":581,"minecraft:grindstone":1,"minecraft:netherite_axe":17,"minecraft:fletching_table":11,"minecraft:bamboo":1726,"minecraft:prismarine":2057,"minecraft:melon":141,"minecraft:diamond_block":30,"minecraft:grass_block":6473,"minecraft:jungle_slab":324,"minecraft:spectral_arrow":128,"minecraft:mossy_cobblestone":63,"minecraft:jungle_leaves":41,"minecraft:slime_block":15,"minecraft:netherite_helmet":16,"minecraft:crossbow":5,"minecraft:bone_meal":36,"minecraft:golden_apple":4,"minecraft:spruce_sign":2,"minecraft:emerald":262,"minecraft:chorus_fruit":443,"minecraft:netherrack":21448,"minecraft:oak_leaves":279,"minecraft:azure_bluet":6,"minecraft:splash_potion":7,"minecraft:ladder":564,"minecraft:packed_ice":90,"minecraft:brown_mushroom":79,"minecraft:pink_wool":179,"minecraft:stone_brick_wall":6,"minecraft:shield":2,"minecraft:brick":1,"minecraft:oak_trapdoor":1088,"minecraft:mycelium":3300,"minecraft:birch_fence":26,"minecraft:blackstone":950,"minecraft:end_stone":711,"minecraft:note_block":1,"minecraft:cookie":32,"minecraft:brown_concrete_powder":17,"minecraft:trident":1,"minecraft:blue_concrete_powder":2,"minecraft:weeping_vines":44,"minecraft:nether_bricks":96,"minecraft:netherite_boots":16,"minecraft:purple_dye":77,"minecraft:jungle_boat":12,"minecraft:basalt":64,"minecraft:golden_carrot":40,"minecraft:leather":301,"minecraft:crimson_fungus":5,"minecraft:yellow_bed":2,"minecraft:gunpowder":215,"minecraft:orange_terracotta":220,"minecraft:cooked_mutton":1,"minecraft:iron_ingot":398,"minecraft:prismarine_brick_slab":461,"minecraft:nether_quartz_ore":16,"minecraft:warped_fungus":11,"minecraft:emerald_block":83,"minecraft:stone_brick_slab":89,"minecraft:quartz":1483,"minecraft:dandelion":22,"minecraft:lava_bucket":4,"minecraft:amethyst_shard":3360,"minecraft:pumpkin_seeds":56,"minecraft:white_concrete_powder":335,"minecraft:terracotta":3520,"minecraft:netherite_hoe":13,"minecraft:iron_chestplate":13,"minecraft:anvil":3,"minecraft:prismarine_shard":3706,"minecraft:diamond_sword":10,"minecraft:oak_stairs":245,"minecraft:wither_rose":286,"minecraft:birch_button":5,"minecraft:brewing_stand":5,"minecraft:golden_sword":413,"minecraft:polished_deepslate_wall":1,"minecraft:amethyst_block":11,"minecraft:dark_oak_trapdoor":56,"minecraft:beetroot":312,"minecraft:crimson_fence":62,"minecraft:gold_nugget":3624,"minecraft:cobbled_deepslate":23281,"minecraft:spruce_planks":187,"minecraft:acacia_sign":5,"minecraft:written_book":2,"minecraft:coal_block":1,"minecraft:melon_slice":273,"minecraft:golden_helmet":3,"minecraft:composter":7,"minecraft:pink_carpet":63,"minecraft:black_dye":17,"minecraft:light_blue_wool":110,"minecraft:tropical_fish":1,"minecraft:iron_block":908,"minecraft:cyan_terracotta":48,"minecraft:netherite_chestplate":17,"minecraft:birch_log":2,"minecraft:magma_block":11404,"minecraft:birch_slab":80,"minecraft:jungle_log":2750,"minecraft:smoker":1,"minecraft:netherite_leggings":16,"minecraft:gray_concrete":1868,"minecraft:gray_glazed_terracotta":173,"minecraft:warped_wart_block":1,"minecraft:dropper":12,"minecraft:ink_sac":728,"minecraft:loom":1,"minecraft:barrel":1,"minecraft:quartz_bricks":3,"minecraft:dispenser":1,"minecraft:black_concrete_powder":127,"minecraft:deepslate_gold_ore":24,"minecraft:blue_ice":106,"minecraft:bread":292,"minecraft:dark_oak_fence":28,"minecraft:crafting_table":18,"minecraft:coarse_dirt":24,"minecraft:nether_wart":63,"minecraft:crimson_trapdoor":3,"minecraft:deepslate_diamond_ore":14,"minecraft:music_disc_otherside":3,"minecraft:beef":10,"minecraft:iron_nugget":158,"minecraft:quartz_stairs":9,"minecraft:chest":462,"minecraft:egg":11,"minecraft:sandstone":315,"minecraft:oak_door":10,"minecraft:amethyst_cluster":34,"minecraft:carrot":1742,"minecraft:redstone":4521,"minecraft:mushroom_stem":69,"minecraft:prismarine_crystals":1933,"minecraft:tnt":386,"minecraft:cooked_cod":29,"minecraft:beetroot_seeds":743,"minecraft:diamond_boots":5,"minecraft:shears":2,"minecraft:deepslate_bricks":2279,"minecraft:warped_sign":3,"minecraft:gold_ingot":2081,"minecraft:glow_berries":1,"minecraft:crimson_slab":11,"minecraft:white_wool":37,"minecraft:lapis_ore":14,"minecraft:stripped_oak_log":66,"minecraft:red_mushroom_block":230,"minecraft:red_mushroom":11,"minecraft:jungle_button":1,"minecraft:oak_log":818,"minecraft:ancient_debris":87,"minecraft:golden_boots":7,"minecraft:blue_bed":10,"minecraft:birch_pressure_plate":20,"minecraft:stone_bricks":993,"minecraft:kelp":266,"minecraft:glass_bottle":7,"minecraft:iron_sword":11,"minecraft:prismarine_brick_stairs":289,"minecraft:spyglass":3,"minecraft:gravel":31274,"minecraft:birch_stairs":1,"minecraft:spruce_sapling":2,"minecraft:spruce_log":254,"minecraft:sea_lantern":308,"minecraft:firework_rocket":964,"minecraft:stone_axe":4,"minecraft:diamond_axe":4,"minecraft:redstone_ore":3,"minecraft:crimson_nylium":77,"minecraft:melon_seeds":3,"minecraft:ender_pearl":652,"minecraft:shulker_shell":7,"minecraft:wheat":148,"minecraft:redstone_block":66,"minecraft:potion":146,"minecraft:nether_brick":62,"minecraft:crimson_planks":106,"minecraft:raw_copper":3678,"minecraft:smooth_stone_slab":324,"minecraft:iron_leggings":13,"minecraft:sticky_piston":32,"minecraft:oak_sign":47,"minecraft:sea_pickle":3,"minecraft:activator_rail":11,"minecraft:deepslate_tiles":114,"minecraft:black_shulker_box":35,"minecraft:redstone_torch":61,"minecraft:calcite":88,"minecraft:furnace":39,"minecraft:iron_boots":142,"minecraft:stick":568,"minecraft:deepslate_brick_wall":1473,"minecraft:brown_terracotta":9,"minecraft:oak_fence":281,"minecraft:torch":1363,"minecraft:porkchop":61,"minecraft:pointed_dripstone":1,"minecraft:blue_stained_glass":133,"minecraft:quartz_block":138,"minecraft:nether_gold_ore":22,"minecraft:cactus":467,"minecraft:cod":293,"minecraft:nautilus_shell":1,"minecraft:magma_cream":52,"minecraft:tuff":1679,"minecraft:warped_trapdoor":7,"minecraft:wither_skeleton_skull":10,"minecraft:lapis_lazuli":2007,"minecraft:leather_boots":3,"minecraft:bell":1,"minecraft:deepslate_brick_slab":692,"minecraft:raw_gold":118,"minecraft:powered_rail":311,"minecraft:stone_hoe":2,"minecraft:oak_planks":435,"minecraft:ghast_tear":2,"minecraft:cooked_porkchop":1981,"minecraft:music_disc_13":2,"minecraft:sand":3438,"minecraft:oak_pressure_plate":1,"minecraft:poisonous_potato":10,"minecraft:polished_blackstone_slab":45,"minecraft:jungle_planks":75,"minecraft:shulker_box":174,"minecraft:orange_wool":2,"minecraft:clay":25,"minecraft:black_concrete":254,"minecraft:diamond":727,"minecraft:spruce_boat":3,"minecraft:polished_blackstone_button":30,"minecraft:oak_sapling":160,"minecraft:nether_star":6,"minecraft:cocoa_beans":60,"minecraft:fishing_rod":5,"minecraft:chicken":8,"minecraft:gold_block":697,"minecraft:stone_stairs":111,"minecraft:iron_axe":4,"minecraft:item_frame":13,"minecraft:quartz_slab":47,"minecraft:detector_rail":2,"minecraft:andesite_stairs":57,"minecraft:oak_boat":11,"minecraft:player_head":107,"minecraft:observer":84,"minecraft:lectern":613,"minecraft:tinted_glass":1110,"minecraft:sugar_cane":1066,"minecraft:phantom_membrane":72,"minecraft:spruce_trapdoor":3,"minecraft:raw_iron":488,"minecraft:copper_ingot":35,"minecraft:bowl":10,"minecraft:gray_dye":3,"minecraft:stone_button":125,"minecraft:dark_oak_planks":55,"minecraft:arrow":605,"minecraft:wet_sponge":112,"minecraft:glow_ink_sac":34,"minecraft:crimson_stem":242,"minecraft:birch_planks":24,"minecraft:nether_wart_block":452,"minecraft:cobblestone_stairs":3,"minecraft:deepslate_tile_slab":17,"minecraft:soul_sand":218,"minecraft:green_dye":882,"minecraft:book":1151,"minecraft:scaffolding":551,"minecraft:pumpkin":250,"minecraft:dripstone_block":1,"minecraft:raw_iron_block":1,"minecraft:blast_furnace":3,"minecraft:white_bed":9,"minecraft:green_carpet":2,"minecraft:spider_eye":558,"minecraft:honey_block":20,"minecraft:iron_helmet":13,"minecraft:black_wool":63,"minecraft:coal":3288},"minecraft:dropped":{"minecraft:iron_sword":8,"minecraft:porkchop":31,"minecraft:lapis_lazuli":28,"minecraft:glow_ink_sac":4,"minecraft:chorus_fruit":78,"minecraft:glass_bottle":26,"minecraft:diamond":3,"minecraft:crafting_table":6,"minecraft:cooked_porkchop":359,"minecraft:weeping_vines":29,"minecraft:blackstone_stairs":22,"minecraft:red_mushroom":4,"minecraft:emerald":94,"minecraft:birch_fence":1,"minecraft:dark_oak_fence":1,"minecraft:gold_nugget":554,"minecraft:sand":110,"minecraft:birch_stairs":1,"minecraft:white_wool":40,"minecraft:lever":4,"minecraft:diamond_block":29,"minecraft:iron_nugget":482,"minecraft:cobbled_deepslate":2745,"minecraft:black_carpet":18,"minecraft:netherite_sword":2,"minecraft:wheat":101,"minecraft:obsidian":109,"minecraft:rotten_flesh":4097,"minecraft:oak_planks":137,"minecraft:pink_carpet":2,"minecraft:nether_brick_fence":18,"minecraft:azure_bluet":6,"minecraft:red_mushroom_block":230,"minecraft:sea_lantern":26,"minecraft:coal_ore":11,"minecraft:quartz_block":28,"minecraft:jungle_log":53,"minecraft:leather_boots":2,"minecraft:leather_leggings":2,"minecraft:beef":4,"minecraft:glass":281,"minecraft:warped_wart_block":1,"minecraft:stone_brick_stairs":32,"minecraft:golden_boots":1,"minecraft:black_dye":426,"minecraft:wheat_seeds":344,"minecraft:smooth_quartz_stairs":1,"minecraft:dripstone_block":1,"minecraft:book":17,"minecraft:prismarine_crystals":3614,"minecraft:deepslate_tile_slab":12,"minecraft:golden_apple":7,"minecraft:warped_trapdoor":4,"minecraft:acacia_sign":1,"minecraft:brown_concrete_powder":16,"minecraft:ink_sac":60,"minecraft:lapis_ore":4,"minecraft:potion":806,"minecraft:oak_stairs":244,"minecraft:pumpkin":1,"minecraft:red_dye":5,"minecraft:smooth_stone":12,"minecraft:acacia_planks":1,"minecraft:stone_brick_slab":111,"minecraft:netherite_hoe":3,"minecraft:player_head":88,"minecraft:cocoa_beans":24,"minecraft:white_carpet":55,"minecraft:iron_boots":662,"minecraft:name_tag":20,"minecraft:white_terracotta":106,"minecraft:oak_sign":23,"minecraft:deepslate_lapis_ore":1,"minecraft:shears":3,"minecraft:diamond_sword":5,"minecraft:spruce_trapdoor":2,"minecraft:spruce_planks":72,"minecraft:diamond_pickaxe":6,"minecraft:redstone_torch":4,"minecraft:stone_bricks":26,"minecraft:bamboo":36,"minecraft:sandstone":24,"minecraft:bow":15,"minecraft:red_sand":44,"minecraft:magma_block":407,"minecraft:terracotta":93,"minecraft:soul_sand":161,"minecraft:moss_block":4,"minecraft:oak_log":24,"minecraft:ender_pearl":632,"minecraft:leather":425,"minecraft:prismarine_brick_stairs":80,"minecraft:jungle_planks":51,"minecraft:polished_blackstone_brick_wall":8,"minecraft:cod":2992,"minecraft:music_disc_13":1,"minecraft:cobblestone_stairs":3,"minecraft:packed_ice":69,"minecraft:prismarine_brick_slab":66,"minecraft:jungle_sign":4,"minecraft:wet_sponge":17,"minecraft:black_concrete":42,"minecraft:crimson_door":1,"minecraft:cauldron":1,"minecraft:gold_ingot":347,"minecraft:purpur_block":3,"minecraft:spyglass":2,"minecraft:music_disc_otherside":1,"minecraft:pointed_dripstone":1,"minecraft:beetroot":256,"minecraft:mycelium":3296,"minecraft:mushroom_stem":69,"minecraft:trident":1,"minecraft:dropper":2,"minecraft:beetroot_seeds":290,"minecraft:stone_brick_wall":3,"minecraft:birch_door":1,"minecraft:iron_ore":10,"minecraft:birch_button":3,"minecraft:iron_bars":20,"minecraft:scaffolding":31,"minecraft:white_concrete_powder":12,"minecraft:splash_potion":13,"minecraft:bread":36,"minecraft:golden_helmet":3,"minecraft:netherite_axe":2,"minecraft:activator_rail":14,"minecraft:tropical_fish":1,"minecraft:iron_block":55,"minecraft:green_dye":2,"minecraft:light_blue_wool":1,"minecraft:nether_wart_block":364,"minecraft:melon_slice":37,"minecraft:iron_door":2,"minecraft:fire_charge":14,"minecraft:jungle_leaves":41,"minecraft:polished_blackstone_brick_slab":5,"minecraft:stonecutter":1,"minecraft:raw_iron_block":1,"minecraft:cactus":2869,"minecraft:redstone_block":72,"minecraft:kelp":262,"minecraft:sweet_berries":3,"minecraft:oak_trapdoor":76,"minecraft:gray_glazed_terracotta":39,"minecraft:birch_pressure_plate":18,"minecraft:comparator":1,"minecraft:shulker_box":10,"minecraft:flint_and_steel":5,"minecraft:deepslate_bricks":111,"minecraft:copper_ore":7,"minecraft:andesite":932,"minecraft:golden_leggings":1,"minecraft:oak_sapling":73,"minecraft:spruce_log":5,"minecraft:wooden_pickaxe":1,"minecraft:magma_cream":2,"minecraft:brick":1,"minecraft:crimson_stem":17,"minecraft:clay":25,"minecraft:piston":7,"minecraft:oak_pressure_plate":1,"minecraft:crossbow":5,"minecraft:elytra":8,"minecraft:rail":95,"minecraft:leather_helmet":1,"minecraft:item_frame":2,"minecraft:dirt":2199,"minecraft:stone_button":616,"minecraft:jungle_sapling":12,"minecraft:bone_meal":18,"minecraft:phantom_membrane":72,"minecraft:iron_pickaxe":5,"minecraft:polished_blackstone_slab":92,"minecraft:end_crystal":10,"minecraft:bone":253,"minecraft:oak_door":6,"minecraft:polished_blackstone_wall":44,"minecraft:note_block":1,"minecraft:sugar_cane":54,"minecraft:detector_rail":2,"minecraft:golden_chestplate":2,"minecraft:nether_brick":111,"minecraft:deepslate_brick_slab":22,"minecraft:end_stone":252,"minecraft:white_bed":1,"minecraft:deepslate_tiles":13,"minecraft:hopper":1,"minecraft:ladder":127,"minecraft:white_dye":1,"minecraft:crying_obsidian":65,"minecraft:ghast_tear":2,"minecraft:egg":33,"minecraft:enchanted_book":7,"minecraft:crimson_planks":36,"minecraft:iron_ingot":116,"minecraft:netherite_pickaxe":2,"minecraft:tnt":39,"minecraft:deepslate_brick_wall":1,"minecraft:iron_helmet":6,"minecraft:oak_fence":74,"minecraft:yellow_terracotta":232,"minecraft:feather":2,"minecraft:cobblestone":2940,"minecraft:apple":2,"minecraft:granite":916,"minecraft:spruce_button":1,"minecraft:purple_dye":31,"minecraft:polished_blackstone_button":4,"minecraft:coal":33,"minecraft:oxeye_daisy":6,"minecraft:jungle_slab":214,"minecraft:crimson_stairs":215,"minecraft:golden_carrot":2,"minecraft:sponge":107,"minecraft:diamond_helmet":2,"minecraft:brown_terracotta":18,"minecraft:magenta_glazed_terracotta":192,"minecraft:iron_shovel":2,"minecraft:paper":10,"minecraft:string":529,"minecraft:polished_deepslate_wall":1,"minecraft:spruce_sapling":2,"minecraft:furnace":4,"minecraft:stone_sword":4,"minecraft:deepslate":2362,"minecraft:smooth_stone_slab":271,"minecraft:bowl":2,"minecraft:chicken":8,"minecraft:blue_concrete":12,"minecraft:stone_slab":61,"minecraft:orange_wool":1,"minecraft:nether_bricks":4,"minecraft:pumpkin_seeds":26,"minecraft:purple_stained_glass":55,"minecraft:potato":760,"minecraft:shroomlight":12,"minecraft:stone":6671,"minecraft:crimson_slab":5,"minecraft:yellow_bed":2,"minecraft:carved_pumpkin":3,"minecraft:spider_eye":3486,"minecraft:black_wool":43,"minecraft:spruce_sign":2,"minecraft:crimson_nylium":62,"minecraft:brown_mushroom":74,"minecraft:birch_planks":2,"minecraft:diamond_axe":1,"minecraft:blue_concrete_powder":2,"minecraft:flint":231,"minecraft:cyan_terracotta":2,"minecraft:jungle_button":2,"minecraft:cornflower":4,"minecraft:crimson_roots":46,"minecraft:cooked_cod":25,"minecraft:amethyst_shard":2,"minecraft:black_stained_glass":48,"minecraft:brown_mushroom_block":391,"minecraft:gravel":4034,"minecraft:crimson_fungus":2,"minecraft:blackstone":495,"minecraft:diamond_shovel":3,"minecraft:prismarine":19,"minecraft:stone_stairs":53,"minecraft:carrot":1015,"minecraft:shulker_shell":2,"minecraft:poppy":80,"minecraft:gunpowder":143,"minecraft:melon_seeds":2,"minecraft:chest":8,"minecraft:arrow":655,"minecraft:powered_rail":26,"minecraft:prismarine_bricks":60,"minecraft:quartz":113,"minecraft:written_book":2,"minecraft:oak_leaves":137,"minecraft:netherrack":17554,"minecraft:firework_rocket":342,"minecraft:oak_slab":2,"minecraft:mossy_cobblestone":63,"minecraft:minecart":6,"minecraft:bookshelf":1,"minecraft:cyan_dye":1,"minecraft:diamond_leggings":2,"minecraft:poisonous_potato":10,"minecraft:prismarine_shard":4142,"minecraft:lead":3,"minecraft:spectral_arrow":147,"minecraft:copper_ingot":35,"minecraft:grass_block":1336,"minecraft:stick":281,"minecraft:deepslate_brick_stairs":1,"minecraft:nether_gold_ore":18,"minecraft:diorite":1110,"minecraft:torch":38,"minecraft:green_carpet":2,"minecraft:iron_leggings":7,"minecraft:wither_rose":31,"minecraft:crimson_fence":3,"minecraft:iron_axe":2,"minecraft:bucket":5,"minecraft:dandelion":22,"minecraft:smooth_basalt":26,"minecraft:redstone":29,"minecraft:ender_chest":10,"minecraft:coarse_dirt":24,"minecraft:blaze_rod":23,"minecraft:raw_copper":45,"minecraft:tuff":901,"minecraft:raw_iron":13,"minecraft:composter":4,"minecraft:glass_pane":33,"minecraft:filled_map":2,"minecraft:shield":1,"minecraft:diamond_chestplate":2,"minecraft:orange_terracotta":254,"minecraft:iron_chestplate":7,"minecraft:quartz_stairs":1,"minecraft:blue_ice":1,"minecraft:oak_boat":1,"minecraft:golden_sword":1095,"minecraft:diamond_boots":3,"minecraft:slime_ball":23,"minecraft:beacon":1,"minecraft:stone_pickaxe":1,"minecraft:raw_gold":1,"minecraft:nether_quartz_ore":15,"minecraft:calcite":18},"minecraft:custom":{"minecraft:interact_with_crafting_table":1848,"minecraft:damage_blocked_by_shield":940,"minecraft:play_time":19894297,"minecraft:deaths":42,"minecraft:jump":191376,"minecraft:play_record":2,"minecraft:interact_with_smoker":1,"minecraft:inspect_dispenser":13,"minecraft:horse_one_cm":32536,"minecraft:inspect_dropper":393,"minecraft:interact_with_anvil":178,"minecraft:inspect_hopper":1681,"minecraft:tune_noteblock":2350,"minecraft:time_since_rest":63,"minecraft:swim_one_cm":5624417,"minecraft:open_chest":18337,"minecraft:open_shulker_box":1225,"minecraft:damage_resisted":126,"minecraft:play_noteblock":1,"minecraft:talked_to_villager":3753,"minecraft:interact_with_brewingstand":78,"minecraft:interact_with_beacon":11,"minecraft:boat_one_cm":1380631,"minecraft:damage_taken":143167,"minecraft:aviate_one_cm":134545489,"minecraft:open_barrel":234,"minecraft:bell_ring":1995,"minecraft:eat_cake_slice":17,"minecraft:leave_game":321,"minecraft:time_since_death":1165277,"minecraft:enchant_item":10,"minecraft:interact_with_furnace":2375,"minecraft:traded_with_villager":2898,"minecraft:sleep_in_bed":186,"minecraft:damage_dealt":798422,"minecraft:interact_with_smithing_table":40,"minecraft:sneak_time":2017701,"minecraft:interact_with_lectern":11,"minecraft:interact_with_blast_furnace":12,"minecraft:total_world_time":19894297,"minecraft:interact_with_stonecutter":34,"minecraft:fly_one_cm":39555522,"minecraft:fall_one_cm":4789314,"minecraft:sprint_one_cm":48244320,"minecraft:drop":6701,"minecraft:walk_on_water_one_cm":2999532,"minecraft:interact_with_loom":1,"minecraft:open_enderchest":204,"minecraft:player_kills":3,"minecraft:crouch_one_cm":8230928,"minecraft:mob_kills":548218,"minecraft:climb_one_cm":3806116,"minecraft:walk_one_cm":36127119,"minecraft:strider_one_cm":262,"minecraft:walk_under_water_one_cm":5827738,"minecraft:interact_with_grindstone":11,"minecraft:damage_absorbed":40,"minecraft:minecart_one_cm":2443965,"minecraft:pig_one_cm":400},"minecraft:crafted":{"minecraft:black_dye":883,"minecraft:oak_sign":36,"minecraft:melon":60,"minecraft:blaze_powder":68,"minecraft:diamond_shovel":3,"minecraft:nether_brick":212,"minecraft:shulker_box":2,"minecraft:diamond_helmet":3,"minecraft:beacon":1,"minecraft:iron_door":3,"minecraft:black_wool":73,"minecraft:name_tag":47,"minecraft:blue_stained_glass":160,"minecraft:end_rod":384,"minecraft:polished_andesite_stairs":40,"minecraft:jungle_boat":1,"minecraft:smithing_table":1,"minecraft:nether_brick_fence":132,"minecraft:sticky_piston":62,"minecraft:fletching_table":2,"minecraft:stone_brick_stairs":84,"minecraft:lectern":1,"minecraft:stone_slab":974,"minecraft:iron_pickaxe":14,"minecraft:netherite_ingot":22,"minecraft:composter":11,"minecraft:golden_carrot":9,"minecraft:jukebox":1,"minecraft:iron_nugget":18,"minecraft:crimson_trapdoor":26,"minecraft:diamond_hoe":2,"minecraft:prismarine_brick_stairs":1480,"minecraft:stone_stairs":3920,"minecraft:black_concrete_powder":3280,"minecraft:stone_pickaxe":1,"minecraft:quartz_slab":90,"minecraft:enchanting_table":3,"minecraft:crimson_slab":60,"minecraft:acacia_stairs":8,"minecraft:deepslate_tiles":472,"minecraft:enchanted_book":119,"minecraft:orange_dye":2,"minecraft:oak_fence_gate":18,"minecraft:crimson_stairs":248,"minecraft:warped_sign":15,"minecraft:fermented_spider_eye":9,"minecraft:grindstone":1,"minecraft:cobblestone_slab":6,"minecraft:quartz_bricks":52,"minecraft:stone":1199,"minecraft:pink_carpet":3,"minecraft:quartz_pillar":32,"minecraft:warped_planks":100,"minecraft:polished_blackstone_button":12,"minecraft:stone_brick_slab":534,"minecraft:bow":9,"minecraft:comparator":175,"minecraft:chest":1556,"minecraft:netherite_helmet":2,"minecraft:yellow_terracotta":312,"minecraft:copper_block":437,"minecraft:rail":416,"minecraft:birch_button":1,"minecraft:ender_eye":32,"minecraft:stone_bricks":1604,"minecraft:oak_fence":120,"minecraft:golden_boots":1,"minecraft:sea_lantern":8663,"minecraft:dropper":18,"minecraft:arrow":384,"minecraft:cauldron":1,"minecraft:iron_helmet":2,"minecraft:birch_pressure_plate":4,"minecraft:white_stained_glass_pane":32,"minecraft:prismarine_brick_slab":558,"minecraft:dispenser":1,"minecraft:tnt":710,"minecraft:spruce_trapdoor":2,"minecraft:purple_dye":54,"minecraft:gray_terracotta":64,"minecraft:stick":6377,"minecraft:iron_ingot":8988,"minecraft:andesite_stairs":40,"minecraft:deepslate_bricks":3400,"minecraft:deepslate_tile_slab":12,"minecraft:oak_door":3,"minecraft:stone_brick_wall":6,"minecraft:tripwire_hook":118,"minecraft:netherite_sword":2,"minecraft:spruce_button":2,"minecraft:furnace":58,"minecraft:piston":78,"minecraft:mushroom_stew":5,"minecraft:smooth_quartz_stairs":4,"minecraft:oak_trapdoor":386,"minecraft:flint_and_steel":4,"minecraft:scaffolding":60,"minecraft:netherite_chestplate":1,"minecraft:white_concrete_powder":336,"minecraft:blackstone_stairs":28,"minecraft:purple_stained_glass":200,"minecraft:iron_trapdoor":22,"minecraft:polished_blackstone_wall":174,"minecraft:iron_sword":1,"minecraft:jungle_planks":11216,"minecraft:white_dye":55,"minecraft:netherite_shovel":2,"minecraft:black_carpet":90,"minecraft:anvil":8,"minecraft:andesite":676,"minecraft:torch":480,"minecraft:diamond_chestplate":4,"minecraft:ender_chest":15,"minecraft:jungle_button":1,"minecraft:smooth_stone":15,"minecraft:birch_slab":384,"minecraft:slime_block":18,"minecraft:polished_blackstone_slab":222,"minecraft:lever":20,"minecraft:bookshelf":373,"minecraft:iron_bars":32,"minecraft:deepslate_brick_stairs":608,"minecraft:quartz_block":413,"minecraft:glass":68,"minecraft:repeater":209,"minecraft:diamond_leggings":3,"minecraft:polished_blackstone":2064,"minecraft:birch_door":3,"minecraft:chiseled_quartz_block":45,"minecraft:glass_bottle":15,"minecraft:target":2,"minecraft:wooden_shovel":1,"minecraft:emerald":2958,"minecraft:smooth_quartz":56,"minecraft:cooked_porkchop":16,"minecraft:diamond_axe":2,"minecraft:prismarine_bricks":6824,"minecraft:hay_block":2,"minecraft:iron_block":1077,"minecraft:gold_ingot":61551,"minecraft:prismarine":6560,"minecraft:smooth_stone_slab":1730,"minecraft:tinted_glass":3764,"minecraft:bone_meal":300,"minecraft:white_carpet":57,"minecraft:orange_wool":1,"minecraft:warped_trapdoor":20,"minecraft:diamond":333,"minecraft:netherite_axe":1,"minecraft:dark_oak_fence":9,"minecraft:deepslate_brick_wall":58,"minecraft:ladder":429,"minecraft:diamond_boots":3,"minecraft:redstone_block":479,"minecraft:wheat":495,"minecraft:coal_block":36,"minecraft:netherite_pickaxe":4,"minecraft:deepslate_brick_slab":4898,"minecraft:gray_concrete_powder":1240,"minecraft:jungle_slab":526,"minecraft:golden_apple":7,"minecraft:crimson_fence":75,"minecraft:iron_leggings":2,"minecraft:white_bed":20,"minecraft:brick":100,"minecraft:oak_planks":4896,"minecraft:green_dye":193,"minecraft:hopper":1020,"minecraft:iron_boots":2,"minecraft:cyan_terracotta":3072,"minecraft:chiseled_stone_bricks":8,"minecraft:stone_hoe":1,"minecraft:quartz_stairs":44,"minecraft:oak_slab":48,"minecraft:item_frame":3,"minecraft:crafting_table":21,"minecraft:spruce_planks":1271,"minecraft:wooden_pickaxe":1,"minecraft:baked_potato":15,"minecraft:gold_block":4377,"minecraft:hopper_minecart":1,"minecraft:birch_planks":264,"minecraft:pumpkin_seeds":4,"minecraft:black_shulker_box":2,"minecraft:iron_chestplate":2,"minecraft:book":128,"minecraft:paper":1314,"minecraft:diamond_pickaxe":6,"minecraft:emerald_block":69,"minecraft:shield":1,"minecraft:netherite_hoe":1,"minecraft:redstone_torch":1048,"minecraft:sponge":46,"minecraft:shears":3,"minecraft:polished_andesite":320,"minecraft:redstone":2283,"minecraft:coal":323,"minecraft:stone_button":43,"minecraft:dark_oak_trapdoor":16,"minecraft:gray_dye":94,"minecraft:diamond_block":104,"minecraft:glass_pane":16,"minecraft:blue_ice":24,"minecraft:netherite_leggings":1,"minecraft:polished_deepslate":3532,"minecraft:iron_hoe":1,"minecraft:slime_ball":18,"minecraft:netherite_scrap":88,"minecraft:observer":9,"minecraft:minecart":9,"minecraft:sugar":9,"minecraft:crimson_planks":904,"minecraft:diamond_sword":2,"minecraft:cyan_dye":386,"minecraft:powered_rail":24,"minecraft:activator_rail":6,"minecraft:bowl":4,"minecraft:nether_bricks":44,"minecraft:bucket":5,"minecraft:bread":178,"minecraft:air":0,"minecraft:black_stained_glass":112,"minecraft:blue_dye":304,"minecraft:oak_boat":4,"minecraft:magenta_terracotta":192,"minecraft:white_wool":181,"minecraft:gold_nugget":81,"minecraft:end_crystal":14,"minecraft:lapis_lazuli":315,"minecraft:lapis_block":216,"minecraft:firework_rocket":2790},"minecraft:broken":{"minecraft:diamond_pickaxe":1,"minecraft:iron_pickaxe":10,"minecraft:netherite_pickaxe":1,"minecraft:stone_axe":3,"minecraft:golden_boots":1},"minecraft:killed":{"minecraft:guardian":68,"minecraft:skeleton_horse":1,"minecraft:elder_guardian":1,"minecraft:iron_golem":19,"minecraft:zombie":490,"minecraft:endermite":1,"minecraft:husk":16,"minecraft:zombified_piglin":101,"minecraft:witch":1,"minecraft:spider":2595,"minecraft:wither":3,"minecraft:piglin":146,"minecraft:zombie_villager":12,"minecraft:ghast":9,"minecraft:slime":89,"minecraft:drowned":21,"minecraft:hoglin":167,"minecraft:squid":18,"minecraft:wither_skeleton":56,"minecraft:cave_spider":18,"minecraft:shulker":3,"minecraft:skeleton":323,"minecraft:chicken":2,"minecraft:magma_cube":99,"minecraft:glow_squid":6,"minecraft:cow":1,"minecraft:horse":1,"minecraft:enderman":127,"minecraft:creeper":124,"minecraft:blaze":81,"minecraft:phantom":73,"minecraft:bat":3},"minecraft:killed_by":{"minecraft:zombie":1,"minecraft:wither":1,"minecraft:ghast":2,"minecraft:guardian":2,"minecraft:creeper":2,"minecraft:piglin":4,"minecraft:player":1,"minecraft:enderman":3,"minecraft:hoglin":1},"minecraft:used":{"minecraft:writable_book":2,"minecraft:dispenser":2,"minecraft:poppy":128,"minecraft:black_carpet":83,"minecraft:stone":936,"minecraft:warped_sign":14,"minecraft:quartz_stairs":50,"minecraft:rotten_flesh":4,"minecraft:soul_sand":136,"minecraft:deepslate_brick_slab":5041,"minecraft:spruce_boat":2,"minecraft:jungle_sapling":26,"minecraft:polished_blackstone_slab":174,"minecraft:packed_ice":35,"minecraft:lava_bucket":146,"minecraft:quartz_pillar":8,"minecraft:deepslate_copper_ore":4,"minecraft:quartz_block":341,"minecraft:netherite_hoe":701,"minecraft:bow":320,"minecraft:oak_sapling":49,"minecraft:cooked_cod":9,"minecraft:deepslate_brick_wall":1063,"minecraft:chorus_fruit":11,"minecraft:prismarine":3056,"minecraft:cactus":268,"minecraft:blackstone":116,"minecraft:wooden_pickaxe":3,"minecraft:composter":37,"minecraft:jungle_boat":13,"minecraft:golden_apple":4,"minecraft:glow_berries":1,"minecraft:blast_furnace":1,"minecraft:cyan_dye":1,"minecraft:chiseled_quartz_block":39,"minecraft:gray_concrete":1758,"minecraft:deepslate_brick_stairs":665,"minecraft:birch_fence":25,"minecraft:birch_slab":147,"minecraft:deepslate_iron_ore":36,"minecraft:nether_wart_block":22,"minecraft:diamond_sword":6164,"minecraft:smithing_table":1,"minecraft:oak_boat":14,"minecraft:oak_trapdoor":649,"minecraft:enchanting_table":14,"minecraft:tinted_glass":5101,"minecraft:polished_blackstone_wall":139,"minecraft:torch":1348,"minecraft:brewing_stand":4,"minecraft:nether_quartz_ore":1,"minecraft:oak_fence_gate":20,"minecraft:sea_lantern":595,"minecraft:iron_block":595,"minecraft:jungle_log":77,"minecraft:calcite":6,"minecraft:wheat_seeds":111,"minecraft:birch_planks":43,"minecraft:cauldron":1,"minecraft:deepslate_bricks":4685,"minecraft:rail":592,"minecraft:cyan_glazed_terracotta":41,"minecraft:crimson_trapdoor":26,"minecraft:white_bed":25,"minecraft:amethyst_cluster":160,"minecraft:diamond_pickaxe":24518,"minecraft:warped_trapdoor":9,"minecraft:diamond_shovel":3331,"minecraft:acacia_sign":3,"minecraft:spruce_trapdoor":1,"minecraft:potion":46,"minecraft:crimson_stairs":295,"minecraft:porkchop":2,"minecraft:cooked_porkchop":2393,"minecraft:andesite_stairs":39,"minecraft:stripped_oak_log":2,"minecraft:polished_deepslate":4,"minecraft:nether_wart":23,"minecraft:jungle_planks":54,"minecraft:obsidian":4885,"minecraft:item_frame":14,"minecraft:deepslate_diamond_ore":8,"minecraft:birch_button":3,"minecraft:birch_trapdoor":1,"minecraft:written_book":2,"minecraft:jungle_button":1,"minecraft:gold_block":364,"minecraft:dropper":37,"minecraft:wither_skeleton_skull":19,"minecraft:stone_pickaxe":67,"minecraft:oak_planks":163,"minecraft:sandstone":291,"minecraft:diamond_axe":1763,"minecraft:sugar_cane":82,"minecraft:white_wool":6,"minecraft:netherite_leggings":1,"minecraft:mushroom_stew":5,"minecraft:light_blue_wool":108,"minecraft:crossbow":1,"minecraft:deepslate_lapis_ore":24,"minecraft:end_stone":346,"minecraft:sticky_piston":48,"minecraft:lever":294,"minecraft:bread":171,"minecraft:iron_door":1,"minecraft:deepslate":279,"minecraft:smooth_stone_slab":1563,"minecraft:coarse_dirt":24,"minecraft:bone_meal":3,"minecraft:netherite_sword":5557,"minecraft:crimson_fence":74,"minecraft:flint_and_steel":57,"minecraft:redstone":799,"minecraft:ender_chest":4,"minecraft:deepslate_gold_ore":18,"minecraft:stone_hoe":127,"minecraft:dirt":15596,"minecraft:prismarine_bricks":374,"minecraft:iron_hoe":7,"minecraft:oak_stairs":1,"minecraft:crimson_slab":11,"minecraft:iron_boots":3,"minecraft:black_stained_glass":18,"minecraft:netherite_pickaxe":141727,"minecraft:minecart":125,"minecraft:cooked_beef":2,"minecraft:iron_leggings":1,"minecraft:quartz_bricks":41,"minecraft:baked_potato":22,"minecraft:red_mushroom":1,"minecraft:piston":632,"minecraft:black_wool":20,"minecraft:lapis_ore":10,"minecraft:stone_slab":812,"minecraft:stone_axe":332,"minecraft:crimson_fungus":1,"minecraft:end_crystal":4,"minecraft:sea_pickle":3,"minecraft:beetroot":17,"minecraft:nether_brick_fence":132,"minecraft:spruce_slab":2,"minecraft:polished_blackstone":2576,"minecraft:elytra":3,"minecraft:ladder":477,"minecraft:chest":840,"minecraft:blue_stained_glass":240,"minecraft:jungle_slab":298,"minecraft:orange_wool":2,"minecraft:honey_block":14,"minecraft:netherite_shovel":32952,"minecraft:grass_block":5649,"minecraft:polished_andesite_stairs":22,"minecraft:copper_ore":87,"minecraft:wet_sponge":52,"minecraft:pink_wool":123,"minecraft:stone_brick_stairs":65,"minecraft:sweet_berries":5,"minecraft:furnace":93,"minecraft:egg":39,"minecraft:potato":419,"minecraft:dragon_head":1,"minecraft:brown_concrete_powder":17,"minecraft:diorite":30,"minecraft:powered_rail":254,"minecraft:blackstone_stairs":6,"minecraft:oak_leaves":51,"minecraft:smooth_quartz_stairs":3,"minecraft:cookie":32,"minecraft:dark_oak_trapdoor":2,"minecraft:sand":262,"minecraft:blue_ice":60,"minecraft:netherite_helmet":1,"minecraft:black_concrete_powder":552,"minecraft:pumpkin_seeds":12,"minecraft:deepslate_tiles":528,"minecraft:crying_obsidian":567,"minecraft:stone_button":136,"minecraft:lectern":613,"minecraft:lilac":1,"minecraft:dark_oak_fence":1,"minecraft:iron_bars":8,"minecraft:mycelium":101,"minecraft:netherrack":3105,"minecraft:dragon_egg":1,"minecraft:target":2,"minecraft:anvil":11,"minecraft:chorus_flower":44,"minecraft:stone_stairs":6059,"minecraft:shroomlight":6,"minecraft:slime_block":31,"minecraft:spruce_button":15,"minecraft:smooth_quartz":62,"minecraft:melon_seeds":1,"minecraft:smooth_basalt":18,"minecraft:gray_glazed_terracotta":150,"minecraft:iron_trapdoor":5,"minecraft:cobbled_deepslate":910,"minecraft:observer":122,"minecraft:water_bucket":5468,"minecraft:prismarine_brick_slab":784,"minecraft:fletching_table":13,"minecraft:comparator":146,"minecraft:tnt":726,"minecraft:crafting_table":33,"minecraft:cod":36,"minecraft:cake":4,"minecraft:oak_log":36,"minecraft:ender_eye":1,"minecraft:iron_pickaxe":2797,"minecraft:crimson_nylium":15,"minecraft:cobblestone":1397,"minecraft:glass_pane":18,"minecraft:brown_mushroom_block":9,"minecraft:jukebox":1,"minecraft:diamond_hoe":200,"minecraft:oak_sign":60,"minecraft:white_concrete_powder":28,"minecraft:shield":24,"minecraft:white_terracotta":7,"minecraft:iron_sword":258,"minecraft:player_head":16,"minecraft:iron_chestplate":1,"minecraft:birch_pressure_plate":5,"minecraft:nether_bricks":32,"minecraft:prismarine_brick_stairs":2003,"minecraft:carrot":346,"minecraft:deepslate_tile_slab":3,"minecraft:tuff":125,"minecraft:milk_bucket":2,"minecraft:glass":4203,"minecraft:cyan_terracotta":721,"minecraft:coal_ore":18,"minecraft:quartz_slab":47,"minecraft:iron_helmet":3,"minecraft:gray_concrete_powder":1241,"minecraft:hopper_minecart":1,"minecraft:stone_bricks":2070,"minecraft:repeater":175,"minecraft:magma_block":6612,"minecraft:warped_fungus":5,"minecraft:scaffolding":358,"minecraft:beetroot_seeds":233,"minecraft:ender_pearl":152,"minecraft:redstone_block":27,"minecraft:blue_bed":10,"minecraft:yellow_terracotta":470,"minecraft:deepslate_redstone_ore":117,"minecraft:sponge":74,"minecraft:note_block":5,"minecraft:stone_brick_wall":9,"minecraft:shears":15,"minecraft:redstone_torch":124,"minecraft:black_concrete":212,"minecraft:firework_rocket":2954,"minecraft:melon_slice":58,"minecraft:string":65,"minecraft:gravel":32538,"minecraft:jungle_sign":1,"minecraft:grindstone":2,"minecraft:crimson_door":1,"minecraft:andesite":164,"minecraft:experience_bottle":37,"minecraft:oak_fence":271,"minecraft:trident":2,"minecraft:music_disc_otherside":2,"minecraft:redstone_ore":3,"minecraft:spruce_planks":38,"minecraft:wooden_shovel":30,"minecraft:oak_door":4,"minecraft:spyglass":5,"minecraft:white_carpet":8,"minecraft:hopper":1090,"minecraft:shulker_box":157,"minecraft:pink_carpet":16,"minecraft:granite":27,"minecraft:birch_door":2,"minecraft:stone_brick_slab":514,"minecraft:dark_oak_planks":1,"minecraft:bookshelf":390,"minecraft:crimson_planks":762,"minecraft:golden_carrot":37,"minecraft:emerald_block":83,"minecraft:white_stained_glass_pane":26,"minecraft:cooked_mutton":1,"minecraft:iron_ore":25,"minecraft:amethyst_block":11,"minecraft:netherite_chestplate":2,"minecraft:glass_bottle":25,"minecraft:polished_andesite":111,"minecraft:copper_block":2,"minecraft:black_shulker_box":33,"minecraft:beacon":4,"minecraft:stonecutter":6,"minecraft:cobblestone_slab":1,"minecraft:terracotta":18,"minecraft:nether_gold_ore":4,"minecraft:purple_stained_glass":460,"minecraft:acacia_stairs":8,"minecraft:activator_rail":5,"minecraft:apple":5,"minecraft:netherite_axe":7309,"minecraft:bucket":5614,"minecraft:magenta_glazed_terracotta":60,"minecraft:polished_blackstone_button":38,"minecraft:smooth_stone":64,"minecraft:splash_potion":11},"minecraft:mined":{"minecraft:white_bed":7,"minecraft:granite":2417,"minecraft:oak_wall_sign":20,"minecraft:nether_wart":12,"minecraft:chorus_flower":44,"minecraft:magma_block":10934,"minecraft:dark_oak_trapdoor":1,"minecraft:barrel":1,"minecraft:cobbled_deepslate":372,"minecraft:fire":439,"minecraft:fletching_table":11,"minecraft:deepslate_lapis_ore":116,"minecraft:player_head":3,"minecraft:tripwire":11,"minecraft:jungle_button":1,"minecraft:blue_concrete_powder":3,"minecraft:kelp_plant":54,"minecraft:smoker":1,"minecraft:deepslate_brick_wall":80,"minecraft:crimson_nylium":546,"minecraft:deepslate_tile_slab":4,"minecraft:torch":879,"minecraft:melon":190,"minecraft:dead_bush":2,"minecraft:sugar_cane":609,"minecraft:amethyst_block":13,"minecraft:white_terracotta":107,"minecraft:repeater":61,"minecraft:tinted_glass":1002,"minecraft:magenta_glazed_terracotta":24,"minecraft:grass":764,"minecraft:birch_button":2,"minecraft:smooth_quartz":26,"minecraft:smooth_basalt":32,"minecraft:acacia_sign":5,"minecraft:stripped_crimson_stem":1,"minecraft:deepslate":26161,"minecraft:deepslate_tiles":189,"minecraft:light_blue_wool":62,"minecraft:mossy_cobblestone":38,"minecraft:sea_lantern":284,"minecraft:end_stone":636,"minecraft:dark_oak_fence":1,"minecraft:redstone_wire":236,"minecraft:white_concrete_powder":12,"minecraft:redstone_ore":42,"minecraft:andesite":2108,"minecraft:vine":285,"minecraft:cobblestone_slab":1,"minecraft:rail":563,"minecraft:ender_chest":4,"minecraft:redstone_block":28,"minecraft:glass_pane":22,"minecraft:soul_sand":115,"minecraft:dandelion":19,"minecraft:polished_blackstone_brick_wall":7,"minecraft:cornflower":6,"minecraft:crimson_slab":3,"minecraft:tall_grass":33,"minecraft:copper_ore":545,"minecraft:deepslate_gold_ore":72,"minecraft:diorite":1617,"minecraft:warped_wart_block":1,"minecraft:black_stained_glass":9,"minecraft:coarse_dirt":24,"minecraft:gravel":12150,"minecraft:cobweb":10,"minecraft:polished_blackstone":1027,"minecraft:stone_bricks":720,"minecraft:gold_ore":5,"minecraft:fern":126,"minecraft:oak_sapling":1,"minecraft:farmland":2,"minecraft:andesite_stairs":26,"minecraft:orange_wool":2,"minecraft:brewing_stand":5,"minecraft:polished_blackstone_brick_slab":5,"minecraft:composter":6,"minecraft:iron_bars":11,"minecraft:spruce_slab":2,"minecraft:deepslate_redstone_ore":709,"minecraft:quartz_block":131,"minecraft:polished_blackstone_wall":50,"minecraft:medium_amethyst_bud":1,"minecraft:orange_terracotta":165,"minecraft:beacon":5,"minecraft:nether_quartz_ore":1135,"minecraft:oak_planks":406,"minecraft:wall_torch":40,"minecraft:stone_stairs":91,"minecraft:warped_nylium":9,"minecraft:powered_rail":286,"minecraft:blue_ice":81,"minecraft:tnt":41,"minecraft:smooth_stone_slab":35,"minecraft:oak_log":793,"minecraft:beetroots":233,"minecraft:dirt":11561,"minecraft:dispenser":1,"minecraft:ancient_debris":86,"minecraft:crying_obsidian":572,"minecraft:pink_carpet":13,"minecraft:quartz_stairs":9,"minecraft:gray_glazed_terracotta":97,"minecraft:ladder":31,"minecraft:glow_lichen":2,"minecraft:lever":25,"minecraft:stone_button":43,"minecraft:brown_mushroom_block":419,"minecraft:birch_slab":7,"minecraft:spruce_leaves":18,"minecraft:crimson_stem":257,"minecraft:hay_block":26,"minecraft:gold_block":120,"minecraft:nether_brick_fence":54,"minecraft:bookshelf":379,"minecraft:shroomlight":31,"minecraft:deepslate_iron_ore":131,"minecraft:stripped_oak_log":64,"minecraft:wet_sponge":81,"minecraft:scaffolding":225,"minecraft:basalt":94,"minecraft:oak_fence":255,"minecraft:honey_block":4,"minecraft:stone_slab":61,"minecraft:quartz_bricks":3,"minecraft:deepslate_coal_ore":6,"minecraft:prismarine_bricks":545,"minecraft:birch_planks":17,"minecraft:polished_blackstone_slab":41,"minecraft:black_wool":14,"minecraft:crimson_fence":40,"minecraft:dark_oak_planks":1,"minecraft:jungle_leaves":175,"minecraft:obsidian":892,"minecraft:carved_pumpkin":3,"minecraft:red_sand":30,"minecraft:crimson_trapdoor":1,"minecraft:stone_brick_wall":6,"minecraft:jungle_log":2743,"minecraft:deepslate_bricks":2097,"minecraft:crimson_fungus":4,"minecraft:hopper":327,"minecraft:oxeye_daisy":4,"minecraft:tall_seagrass":53,"minecraft:weeping_vines_plant":29,"minecraft:sticky_piston":29,"minecraft:pumpkin":246,"minecraft:enchanting_table":3,"minecraft:oak_sign":13,"minecraft:water_cauldron":1,"minecraft:dirt_path":307,"minecraft:oak_stairs":250,"minecraft:quartz_slab":47,"minecraft:deepslate_brick_stairs":243,"minecraft:iron_block":782,"minecraft:piston_head":1,"minecraft:brown_mushroom":30,"minecraft:player_wall_head":6,"minecraft:soul_fire":1,"minecraft:amethyst_cluster":410,"minecraft:blue_stained_glass":82,"minecraft:cyan_glazed_terracotta":28,"minecraft:blast_furnace":3,"minecraft:polished_andesite_stairs":13,"minecraft:glass":1200,"minecraft:crimson_stairs":222,"minecraft:black_concrete_powder":70,"minecraft:wheat":115,"minecraft:pumpkin_stem":1,"minecraft:warped_fungus":6,"minecraft:stone_brick_stairs":18,"minecraft:copper_block":3,"minecraft:prismarine_brick_stairs":73,"minecraft:oak_fence_gate":2,"minecraft:loom":1,"minecraft:red_mushroom_block":255,"minecraft:stonecutter":6,"minecraft:piston":362,"minecraft:yellow_terracotta":317,"minecraft:shulker_box":147,"minecraft:nether_bricks":115,"minecraft:jungle_planks":84,"minecraft:crimson_roots":34,"minecraft:kelp":60,"minecraft:pink_wool":88,"minecraft:jungle_sapling":1,"minecraft:polished_blackstone_button":3,"minecraft:warped_wall_sign":3,"minecraft:potatoes":386,"minecraft:warped_stem":29,"minecraft:warped_trapdoor":3,"minecraft:bamboo":135,"minecraft:white_wool":6,"minecraft:smithing_table":1,"minecraft:gray_concrete":1940,"minecraft:comparator":66,"minecraft:stone_brick_slab":71,"minecraft:observer":52,"minecraft:jungle_sign":4,"minecraft:sponge":58,"minecraft:dropper":12,"minecraft:purple_stained_glass":212,"minecraft:prismarine_brick_slab":341,"minecraft:white_carpet":6,"minecraft:spruce_log":263,"minecraft:birch_leaves":1,"minecraft:mycelium":3831,"minecraft:dripstone_block":2,"minecraft:acacia_planks":6,"minecraft:black_shulker_box":33,"minecraft:large_amethyst_bud":11,"minecraft:spruce_planks":38,"minecraft:attached_melon_stem":1,"minecraft:jungle_slab":107,"minecraft:cobblestone_stairs":4,"minecraft:grass_block":7497,"minecraft:blue_concrete":11,"minecraft:smooth_stone":54,"minecraft:raw_iron_block":1,"minecraft:iron_ore":269,"minecraft:black_carpet":13,"minecraft:anvil":3,"minecraft:azure_bluet":4,"minecraft:cyan_terracotta":233,"minecraft:blackstone":492,"minecraft:clay":223,"minecraft:calcite":31,"minecraft:poppy":4,"minecraft:chest":335,"minecraft:mushroom_stem":81,"minecraft:cobblestone":1073,"minecraft:slime_block":15,"minecraft:prismarine":2004,"minecraft:deepslate_copper_ore":52,"minecraft:seagrass":14,"minecraft:brown_concrete_powder":17,"minecraft:nether_wart_block":863,"minecraft:birch_trapdoor":2,"minecraft:activator_rail":3,"minecraft:purpur_block":3,"minecraft:sand":3613,"minecraft:crimson_planks":75,"minecraft:netherrack":68134,"minecraft:oak_leaves":701,"minecraft:emerald_block":83,"minecraft:nether_gold_ore":395,"minecraft:diamond_ore":17,"minecraft:tuff":2112,"minecraft:deepslate_diamond_ore":286,"minecraft:oak_door":4,"minecraft:weeping_vines":11,"minecraft:sandstone":300,"minecraft:deepslate_brick_slab":258,"minecraft:oak_trapdoor":89,"minecraft:furnace":40,"minecraft:carrots":305,"minecraft:black_concrete":260,"minecraft:bell":1,"minecraft:polished_deepslate":4,"minecraft:packed_ice":34,"minecraft:chorus_plant":45,"minecraft:stone":22686,"minecraft:birch_pressure_plate":10,"minecraft:redstone_wall_torch":26,"minecraft:crafting_table":18,"minecraft:lectern":612,"minecraft:lapis_ore":77,"minecraft:blue_bed":3,"minecraft:cactus":69,"minecraft:gray_concrete_powder":1,"minecraft:redstone_torch":11,"minecraft:sweet_berry_bush":5,"minecraft:yellow_bed":3,"minecraft:coal_ore":1472,"minecraft:terracotta":3873,"minecraft:polished_andesite":53,"minecraft:acacia_wall_sign":1,"minecraft:birch_fence":24}},"DataVersion":2975}