{"stats":{"minecraft:killed_by":{"minecraft:piglin_brute":1,"minecraft:guardian":2,"minecraft:player":8,"minecraft:enderman":1},"minecraft:custom":{"minecraft:interact_with_crafting_table":432,"minecraft:open_barrel":217,"minecraft:bell_ring":13,"minecraft:leave_game":83,"minecraft:time_since_death":35710,"minecraft:damage_blocked_by_shield":6985,"minecraft:play_time":3944257,"minecraft:deaths":13,"minecraft:jump":88572,"minecraft:enchant_item":6,"minecraft:interact_with_furnace":337,"minecraft:play_record":45,"minecraft:traded_with_villager":246,"minecraft:sleep_in_bed":21,"minecraft:damage_dealt":146291,"minecraft:interact_with_smoker":365,"minecraft:use_cauldron":1,"minecraft:inspect_dispenser":10,"minecraft:horse_one_cm":57544,"minecraft:interact_with_smithing_table":11,"minecraft:inspect_dropper":5,"minecraft:interact_with_anvil":38,"minecraft:inspect_hopper":1,"minecraft:target_hit":30,"minecraft:sneak_time":157643,"minecraft:interact_with_lectern":76,"minecraft:interact_with_blast_furnace":232,"minecraft:total_world_time":3944257,"minecraft:tune_noteblock":732,"minecraft:interact_with_stonecutter":1,"minecraft:time_since_rest":35730,"minecraft:swim_one_cm":1464533,"minecraft:fly_one_cm":27037057,"minecraft:open_chest":2505,"minecraft:fish_caught":5,"minecraft:fall_one_cm":2411397,"minecraft:animals_bred":89,"minecraft:open_shulker_box":174,"minecraft:damage_resisted":855,"minecraft:sprint_one_cm":11654317,"minecraft:drop":960,"minecraft:play_noteblock":7678,"minecraft:talked_to_villager":125,"minecraft:interact_with_brewingstand":6,"minecraft:walk_on_water_one_cm":586869,"minecraft:interact_with_loom":1,"minecraft:open_enderchest":244,"minecraft:player_kills":34,"minecraft:crouch_one_cm":504316,"minecraft:mob_kills":5072,"minecraft:climb_one_cm":431403,"minecraft:walk_one_cm":8907205,"minecraft:walk_under_water_one_cm":850281,"minecraft:boat_one_cm":7774295,"minecraft:interact_with_grindstone":1,"minecraft:damage_taken":35425,"minecraft:damage_absorbed":10,"minecraft:minecart_one_cm":532,"minecraft:pig_one_cm":586,"minecraft:aviate_one_cm":8104867},"minecraft:crafted":{"minecraft:black_dye":3,"minecraft:smooth_stone":101,"minecraft:oak_sign":18,"minecraft:blaze_powder":2,"minecraft:oak_pressure_plate":3,"minecraft:chain":6,"minecraft:slime_block":4,"minecraft:lever":1,"minecraft:bookshelf":11,"minecraft:quartz_block":70,"minecraft:glass":492,"minecraft:diamond_helmet":1,"minecraft:repeater":7,"minecraft:diamond_leggings":2,"minecraft:netherite_boots":1,"minecraft:magenta_concrete_powder":8,"minecraft:birch_fence_gate":2,"minecraft:stone_pressure_plate":1,"minecraft:dried_kelp_block":222,"minecraft:pink_stained_glass":56,"minecraft:redstone_lamp":2,"minecraft:target":2,"minecraft:emerald":223,"minecraft:diamond_axe":1,"minecraft:spruce_door":6,"minecraft:smithing_table":1,"minecraft:copper_ingot":9,"minecraft:sticky_piston":8,"minecraft:hay_block":2,"minecraft:painting":2,"minecraft:lectern":1,"minecraft:iron_pickaxe":8,"minecraft:iron_block":4,"minecraft:gold_ingot":45,"minecraft:netherite_ingot":5,"minecraft:spruce_fence_gate":2,"minecraft:stone_shovel":5,"minecraft:smooth_stone_slab":72,"minecraft:jukebox":1,"minecraft:iron_nugget":108,"minecraft:spyglass":3,"minecraft:player_head":6,"minecraft:red_terracotta":128,"minecraft:bone_meal":18,"minecraft:spruce_fence":39,"minecraft:pink_dye":14,"minecraft:lantern":10,"minecraft:diamond":54,"minecraft:spruce_stairs":4,"minecraft:black_concrete_powder":8,"minecraft:ladder":3,"minecraft:spruce_slab":90,"minecraft:stone_pickaxe":4,"minecraft:diamond_boots":1,"minecraft:cobbled_deepslate_stairs":36,"minecraft:spruce_boat":5,"minecraft:golden_helmet":1,"minecraft:daylight_detector":2,"minecraft:netherite_pickaxe":1,"minecraft:dried_kelp":1817,"minecraft:magenta_stained_glass":8,"minecraft:glowstone":15,"minecraft:white_stained_glass":8,"minecraft:enchanted_book":15,"minecraft:wooden_axe":1,"minecraft:writable_book":1,"minecraft:iron_shovel":2,"minecraft:iron_leggings":4,"minecraft:white_bed":24,"minecraft:note_block":29,"minecraft:oak_planks":280,"minecraft:barrel":1,"minecraft:cooked_chicken":5,"minecraft:stone":6,"minecraft:heavy_weighted_pressure_plate":1,"minecraft:spruce_pressure_plate":3,"minecraft:hopper":1,"minecraft:bow":1,"minecraft:iron_boots":4,"minecraft:comparator":1,"minecraft:chest":30,"minecraft:netherite_helmet":1,"minecraft:oak_button":3,"minecraft:ender_eye":1,"minecraft:stone_bricks":24,"minecraft:golden_sword":3,"minecraft:golden_boots":1,"minecraft:smoker":3,"minecraft:quartz_stairs":20,"minecraft:oak_slab":24,"minecraft:item_frame":4,"minecraft:crafting_table":24,"minecraft:spruce_planks":5004,"minecraft:wooden_pickaxe":3,"minecraft:baked_potato":287,"minecraft:iron_helmet":2,"minecraft:birch_planks":180,"minecraft:spectral_arrow":6,"minecraft:spruce_trapdoor":6,"minecraft:iron_chestplate":4,"minecraft:book":6,"minecraft:paper":18,"minecraft:diamond_pickaxe":2,"minecraft:shield":6,"minecraft:light_weighted_pressure_plate":1,"minecraft:birch_fence":12,"minecraft:stick":6997,"minecraft:iron_ingot":503,"minecraft:snow_block":12,"minecraft:redstone_torch":20,"minecraft:deepslate_bricks":16,"minecraft:shears":2,"minecraft:wooden_sword":1,"minecraft:cobbled_deepslate_slab":6,"minecraft:raw_iron":9,"minecraft:stone_brick_wall":24,"minecraft:fishing_rod":1,"minecraft:netherite_sword":1,"minecraft:furnace":30,"minecraft:blast_furnace":3,"minecraft:piston":24,"minecraft:diamond_block":7,"minecraft:oak_trapdoor":2,"minecraft:scaffolding":60,"minecraft:netherite_chestplate":1,"minecraft:netherite_leggings":1,"minecraft:white_concrete_powder":8,"minecraft:polished_deepslate":76,"minecraft:iron_axe":4,"minecraft:netherite_scrap":22,"minecraft:observer":4,"minecraft:red_dye":73,"minecraft:cooked_cod":3,"minecraft:magenta_bed":1,"minecraft:crimson_planks":88,"minecraft:diamond_sword":1,"minecraft:spruce_sign":54,"minecraft:pink_concrete_powder":48,"minecraft:iron_sword":5,"minecraft:cooked_salmon":8,"minecraft:bucket":3,"minecraft:stone_axe":3,"minecraft:bread":8,"minecraft:air":0,"minecraft:black_stained_glass":8,"minecraft:oak_boat":2,"minecraft:white_dye":10,"minecraft:anvil":2,"minecraft:torch":48,"minecraft:diamond_chestplate":2,"minecraft:ender_chest":1},"minecraft:picked_up":{"minecraft:wooden_axe":2,"minecraft:iron_chestplate":4,"minecraft:anvil":3,"minecraft:lead":3,"minecraft:diamond_sword":5,"minecraft:oak_stairs":1,"minecraft:enchanted_book":7,"minecraft:golden_sword":39,"minecraft:amethyst_block":338,"minecraft:music_disc_cat":38,"minecraft:string":134,"minecraft:cooked_salmon":3,"minecraft:diamond_leggings":2,"minecraft:gold_nugget":330,"minecraft:cobbled_deepslate":2596,"minecraft:spruce_planks":153,"minecraft:written_book":1,"minecraft:melon_slice":50,"minecraft:golden_helmet":2,"minecraft:spruce_pressure_plate":3,"minecraft:jukebox":1,"minecraft:music_disc_blocks":3,"minecraft:big_dripleaf":19,"minecraft:golden_axe":1,"minecraft:end_crystal":1,"minecraft:pink_terracotta":2,"minecraft:cauldron":2,"minecraft:stone_sword":2,"minecraft:red_tulip":1,"minecraft:iron_block":3,"minecraft:white_terracotta":1,"minecraft:netherite_chestplate":2,"minecraft:blaze_rod":39,"minecraft:snowball":1127,"minecraft:birch_log":141,"minecraft:magma_block":10,"minecraft:feather":38,"minecraft:cooked_beef":333,"minecraft:water_bucket":10,"minecraft:smoker":6,"minecraft:flint":24,"minecraft:stripped_spruce_wood":1,"minecraft:netherite_leggings":3,"minecraft:pink_concrete_powder":8,"minecraft:lantern":6,"minecraft:dark_oak_sign":2,"minecraft:diamond_helmet":5,"minecraft:glowstone_dust":66,"minecraft:moss_block":8,"minecraft:stripped_spruce_log":10,"minecraft:ink_sac":15,"minecraft:red_terracotta":2,"minecraft:barrel":1,"minecraft:deepslate":1365,"minecraft:lever":3,"minecraft:writable_book":4,"minecraft:blue_ice":2,"minecraft:granite":275,"minecraft:spruce_button":1,"minecraft:bread":1,"minecraft:dark_oak_fence":2,"minecraft:crimson_roots":6,"minecraft:diamond_pickaxe":9,"minecraft:spruce_leaves":5,"minecraft:crafting_table":40,"minecraft:nether_wart":26,"minecraft:clay_ball":64,"minecraft:leather_leggings":3,"minecraft:heavy_weighted_pressure_plate":3,"minecraft:elytra":2,"minecraft:flint_and_steel":1,"minecraft:snow":22,"minecraft:white_carpet":1,"minecraft:white_stained_glass":7,"minecraft:iron_shovel":3,"minecraft:glass_pane":2,"minecraft:netherite_sword":3,"minecraft:deepslate_diamond_ore":9,"minecraft:beef":89,"minecraft:iron_nugget":5,"minecraft:poppy":5,"minecraft:spruce_slab":28,"minecraft:birch_sapling":11,"minecraft:quartz_stairs":4,"minecraft:chest":19,"minecraft:piston":7,"minecraft:egg":79,"minecraft:copper_ore":2,"minecraft:black_stained_glass":6,"minecraft:sandstone":911,"minecraft:stone":851,"minecraft:music_disc_mellohi":2,"minecraft:spruce_fence":9,"minecraft:carrot":618,"minecraft:redstone":1029,"minecraft:netherite_pickaxe":3,"minecraft:tnt":1,"minecraft:diamond_chestplate":4,"minecraft:stone_shovel":5,"minecraft:deepslate_bricks":6,"minecraft:diamond_boots":2,"minecraft:gold_ingot":18,"minecraft:totem_of_undying":8,"minecraft:glow_berries":10,"minecraft:rail":3,"minecraft:white_wool":111,"minecraft:bone_block":61,"minecraft:red_mushroom":2,"minecraft:filled_map":2,"minecraft:oak_log":76,"minecraft:ancient_debris":22,"minecraft:golden_boots":1,"minecraft:paper":1,"minecraft:apple":2,"minecraft:stone_bricks":2,"minecraft:kelp":2668,"minecraft:stone_pickaxe":1,"minecraft:music_disc_far":1,"minecraft:iron_ore":6,"minecraft:magenta_stained_glass":8,"minecraft:glass_bottle":3,"minecraft:iron_sword":5,"minecraft:flowering_azalea":4,"minecraft:smooth_basalt":14,"minecraft:sweet_berries":305,"minecraft:spyglass":8,"minecraft:gravel":198,"minecraft:spruce_sapling":226,"minecraft:spruce_log":1594,"minecraft:sea_lantern":23,"minecraft:leather_helmet":2,"minecraft:firework_rocket":279,"minecraft:diamond_shovel":2,"minecraft:purple_bed":3,"minecraft:slime_ball":159,"minecraft:redstone_ore":1,"minecraft:diamond_axe":6,"minecraft:painting":5,"minecraft:birch_sign":1,"minecraft:oak_button":3,"minecraft:baked_potato":333,"minecraft:pink_dye":1,"minecraft:hopper":2,"minecraft:ender_pearl":26,"minecraft:music_disc_strad":2,"minecraft:wheat":348,"minecraft:ender_chest":26,"minecraft:yellow_wool":3,"minecraft:potion":6,"minecraft:crimson_planks":3,"minecraft:lapis_block":1,"minecraft:raw_copper":107,"minecraft:smooth_stone_slab":64,"minecraft:armor_stand":1,"minecraft:iron_leggings":2,"minecraft:sticky_piston":10,"minecraft:pink_shulker_box":11,"minecraft:oak_sign":5,"minecraft:deepslate_tiles":1,"minecraft:smooth_stone":18,"minecraft:comparator":1,"minecraft:bucket":1,"minecraft:light_weighted_pressure_plate":2,"minecraft:white_tulip":5,"minecraft:rose_bush":1,"minecraft:redstone_torch":3,"minecraft:calcite":588,"minecraft:azalea":3,"minecraft:iron_pickaxe":6,"minecraft:iron_boots":5,"minecraft:furnace":19,"minecraft:stick":231,"minecraft:orange_shulker_box":1,"minecraft:oak_fence":1,"minecraft:torch":97,"minecraft:spruce_stairs":9,"minecraft:snow_block":8,"minecraft:dried_kelp":122,"minecraft:netherite_shovel":1,"minecraft:pointed_dripstone":150,"minecraft:diorite":110,"minecraft:quartz_block":350,"minecraft:nether_gold_ore":2,"minecraft:rotten_flesh":573,"minecraft:obsidian":119,"minecraft:cod":3,"minecraft:cobblestone":8470,"minecraft:magma_cream":16,"minecraft:repeater":2,"minecraft:andesite":132,"minecraft:potato":1257,"minecraft:magenta_dye":4,"minecraft:tuff":119,"minecraft:dirt":6535,"minecraft:lapis_lazuli":569,"minecraft:name_tag":5,"minecraft:leather_boots":2,"minecraft:glass":61,"minecraft:bone":246,"minecraft:bow":23,"minecraft:wheat_seeds":1029,"minecraft:raw_gold":290,"minecraft:cobbled_deepslate_slab":4,"minecraft:grindstone":1,"minecraft:bamboo":217,"minecraft:prismarine":9,"minecraft:oak_planks":149,"minecraft:ghast_tear":2,"minecraft:pink_stained_glass":96,"minecraft:cooked_porkchop":129,"minecraft:music_disc_13":3,"minecraft:axolotl_bucket":1,"minecraft:oak_pressure_plate":4,"minecraft:poisonous_potato":9,"minecraft:sand":3119,"minecraft:grass_block":40,"minecraft:spectral_arrow":72,"minecraft:shulker_box":8,"minecraft:mossy_cobblestone":19,"minecraft:sugar":3,"minecraft:clay":1,"minecraft:slime_block":12,"minecraft:diamond":429,"minecraft:spruce_boat":153,"minecraft:netherite_helmet":1,"minecraft:cracked_polished_blackstone_bricks":23,"minecraft:bone_meal":2,"minecraft:spruce_sign":27,"minecraft:emerald":5,"minecraft:oak_sapling":14,"minecraft:netherrack":2318,"minecraft:azure_bluet":11,"minecraft:splash_potion":1,"minecraft:chicken":48,"minecraft:ladder":2,"minecraft:brown_mushroom":1,"minecraft:packed_ice":5414,"minecraft:wooden_pickaxe":2,"minecraft:pink_wool":6,"minecraft:gold_block":12,"minecraft:chain":3,"minecraft:shield":10,"minecraft:moss_carpet":3,"minecraft:oak_trapdoor":3,"minecraft:iron_axe":3,"minecraft:wooden_sword":1,"minecraft:item_frame":10,"minecraft:blackstone":182,"minecraft:birch_fence":3,"minecraft:magenta_wool":6,"minecraft:oak_boat":58,"minecraft:player_head":85,"minecraft:observer":9,"minecraft:light_gray_wool":10,"minecraft:lectern":6,"minecraft:sugar_cane":400,"minecraft:phantom_membrane":91,"minecraft:spruce_trapdoor":14,"minecraft:raw_iron":844,"minecraft:bowl":1,"minecraft:note_block":43,"minecraft:polished_blackstone_bricks":49,"minecraft:stone_button":1,"minecraft:music_disc_11":1,"minecraft:trident":2,"minecraft:stone_pressure_plate":1,"minecraft:dark_oak_planks":8,"minecraft:arrow":1059,"minecraft:nether_bricks":55,"minecraft:pink_tulip":2,"minecraft:saddle":1,"minecraft:black_banner":33,"minecraft:netherite_boots":1,"minecraft:jungle_boat":65,"minecraft:basalt":353,"minecraft:crimson_stem":22,"minecraft:golden_carrot":58,"minecraft:salmon":8,"minecraft:leather":247,"minecraft:music_disc_stal":3,"minecraft:birch_planks":3,"minecraft:ice":176,"minecraft:gunpowder":115,"minecraft:cobbled_deepslate_stairs":13,"minecraft:cobblestone_wall":12,"minecraft:cooked_mutton":1,"minecraft:red_carpet":27,"minecraft:gray_carpet":4,"minecraft:iron_ingot":29,"minecraft:cooked_chicken":21,"minecraft:soul_sand":1,"minecraft:music_disc_chirp":3,"minecraft:book":157,"minecraft:scaffolding":1,"minecraft:oak_slab":7,"minecraft:nether_quartz_ore":5,"minecraft:birch_boat":4,"minecraft:pumpkin":7,"minecraft:quartz":370,"minecraft:dandelion":13,"minecraft:raw_iron_block":1,"minecraft:dripstone_block":2,"minecraft:lava_bucket":1,"minecraft:amethyst_shard":172,"minecraft:blast_furnace":4,"minecraft:white_bed":5,"minecraft:spider_eye":53,"minecraft:spruce_door":6,"minecraft:pumpkin_seeds":1,"minecraft:music_disc_mall":3,"minecraft:dried_kelp_block":7,"minecraft:iron_helmet":3,"minecraft:terracotta":1,"minecraft:black_wool":13,"minecraft:coal":266},"minecraft:mined":{"minecraft:dark_oak_planks":10,"minecraft:white_bed":5,"minecraft:jungle_leaves":3,"minecraft:obsidian":77,"minecraft:granite":851,"minecraft:pink_stained_glass":98,"minecraft:oak_pressure_plate":2,"minecraft:deepslate_bricks":5,"minecraft:hopper":2,"minecraft:oak_wall_sign":3,"minecraft:nether_wart":1,"minecraft:spawner":4,"minecraft:polished_blackstone_bricks":40,"minecraft:magma_block":44,"minecraft:cobbled_deepslate":53,"minecraft:barrel":1,"minecraft:sticky_piston":9,"minecraft:fire":326,"minecraft:pumpkin":7,"minecraft:deepslate_lapis_ore":28,"minecraft:oak_sign":2,"minecraft:water_cauldron":1,"minecraft:oak_stairs":1,"minecraft:spruce_pressure_plate":2,"minecraft:pink_tulip":1,"minecraft:player_head":6,"minecraft:piston_head":1,"minecraft:kelp_plant":373,"minecraft:player_wall_head":14,"minecraft:amethyst_cluster":14,"minecraft:smoker":6,"minecraft:crimson_nylium":2,"minecraft:soul_fire":8,"minecraft:powder_snow":5,"minecraft:torch":16,"minecraft:note_block":43,"minecraft:blast_furnace":4,"minecraft:spruce_wall_sign":16,"minecraft:glass":64,"minecraft:sugar_cane":236,"minecraft:spruce_sign":6,"minecraft:amethyst_block":277,"minecraft:white_terracotta":1,"minecraft:chain":3,"minecraft:wheat":357,"minecraft:jukebox":1,"minecraft:grass":11,"minecraft:smooth_basalt":12,"minecraft:piston":2,"minecraft:deepslate":3817,"minecraft:pink_shulker_box":9,"minecraft:dark_oak_log":11,"minecraft:sea_lantern":23,"minecraft:shulker_box":4,"minecraft:nether_bricks":81,"minecraft:cobbled_deepslate_slab":3,"minecraft:spruce_fence":6,"minecraft:redstone_wire":31,"minecraft:moss_block":3,"minecraft:kelp":69,"minecraft:pink_wool":2,"minecraft:redstone_ore":4,"minecraft:snow":817,"minecraft:pink_concrete":1,"minecraft:andesite":222,"minecraft:potatoes":330,"minecraft:vine":3,"minecraft:rail":2,"minecraft:bamboo":22,"minecraft:bone_block":59,"minecraft:white_wool":7,"minecraft:ender_chest":7,"minecraft:oak_slab":3,"minecraft:comparator":1,"minecraft:soul_sand":1,"minecraft:pink_concrete_powder":8,"minecraft:observer":9,"minecraft:dandelion":1,"minecraft:spruce_button":1,"minecraft:copper_ore":50,"minecraft:tall_grass":14,"minecraft:deepslate_gold_ore":124,"minecraft:diorite":243,"minecraft:black_stained_glass":6,"minecraft:purple_bed":2,"minecraft:red_terracotta":3,"minecraft:spruce_log":1625,"minecraft:birch_leaves":7,"minecraft:dark_oak_sign":1,"minecraft:mycelium":95,"minecraft:dripstone_block":3,"minecraft:gravel":497,"minecraft:cobweb":40,"minecraft:oak_button":2,"minecraft:stone_bricks":3,"minecraft:gold_ore":1,"minecraft:fern":4,"minecraft:spruce_planks":48,"minecraft:stone_pressure_plate":1,"minecraft:cobbled_deepslate_stairs":5,"minecraft:spruce_trapdoor":12,"minecraft:budding_amethyst":30,"minecraft:grass_block":2671,"minecraft:cracked_polished_blackstone_bricks":23,"minecraft:soul_soil":4,"minecraft:polished_diorite":1,"minecraft:smooth_stone":17,"minecraft:raw_iron_block":1,"minecraft:glowstone":18,"minecraft:iron_ore":161,"minecraft:anvil":2,"minecraft:pointed_dripstone":53,"minecraft:birch_wall_sign":1,"minecraft:azalea":3,"minecraft:spruce_slab":24,"minecraft:deepslate_redstone_ore":223,"minecraft:quartz_block":22,"minecraft:blackstone":150,"minecraft:clay":17,"minecraft:calcite":519,"minecraft:poppy":1,"minecraft:chest":19,"minecraft:nether_quartz_ore":361,"minecraft:cobblestone":650,"minecraft:slime_block":12,"minecraft:grindstone":1,"minecraft:oak_planks":35,"minecraft:wall_torch":6,"minecraft:light_weighted_pressure_plate":1,"minecraft:lapis_block":1,"minecraft:yellow_wool":3,"minecraft:birch_log":109,"minecraft:blue_ice":2,"minecraft:light_gray_wool":10,"minecraft:tnt":3,"minecraft:smooth_stone_slab":61,"minecraft:oak_log":75,"minecraft:sand":3101,"minecraft:dirt":5637,"minecraft:crimson_planks":7,"minecraft:ancient_debris":22,"minecraft:netherrack":14300,"minecraft:oak_leaves":6,"minecraft:magenta_wool":1,"minecraft:nether_gold_ore":21,"minecraft:tuff":124,"minecraft:diamond_ore":15,"minecraft:quartz_stairs":4,"minecraft:deepslate_diamond_ore":128,"minecraft:glow_lichen":2,"minecraft:lever":1,"minecraft:weeping_vines":1,"minecraft:white_stained_glass":6,"minecraft:spruce_leaves":440,"minecraft:sandstone":1007,"minecraft:crimson_stem":23,"minecraft:large_fern":55,"minecraft:oak_trapdoor":3,"minecraft:heavy_weighted_pressure_plate":1,"minecraft:spruce_sapling":4,"minecraft:furnace":18,"minecraft:carrots":155,"minecraft:stripped_spruce_log":10,"minecraft:gold_block":16,"minecraft:bookshelf":52,"minecraft:deepslate_iron_ore":251,"minecraft:lantern":5,"minecraft:packed_ice":5674,"minecraft:stone":12637,"minecraft:pink_terracotta":1,"minecraft:scaffolding":1,"minecraft:flowering_azalea":4,"minecraft:magenta_stained_glass":8,"minecraft:snow_block":8,"minecraft:basalt":441,"minecraft:spruce_door":5,"minecraft:crafting_table":32,"minecraft:rose_bush":1,"minecraft:lectern":6,"minecraft:lapis_ore":39,"minecraft:spruce_stairs":8,"minecraft:birch_planks":3,"minecraft:redstone_torch":2,"minecraft:sweet_berry_bush":27,"minecraft:ice":365,"minecraft:black_wall_banner":4,"minecraft:yellow_bed":1,"minecraft:black_wool":8,"minecraft:coal_ore":121,"minecraft:end_rod":1,"minecraft:small_dripleaf":2,"minecraft:birch_fence":3},"minecraft:broken":{"minecraft:iron_boots":1,"minecraft:iron_leggings":1,"minecraft:iron_sword":1,"minecraft:shield":1,"minecraft:iron_axe":3,"minecraft:iron_pickaxe":5,"minecraft:golden_helmet":1,"minecraft:iron_shovel":1,"minecraft:stone_pickaxe":3,"minecraft:stone_shovel":3},"minecraft:dropped":{"minecraft:clay":1,"minecraft:iron_sword":5,"minecraft:lapis_lazuli":3,"minecraft:oak_pressure_plate":1,"minecraft:cooked_beef":66,"minecraft:glass_bottle":4,"minecraft:diamond":58,"minecraft:crafting_table":1,"minecraft:cooked_porkchop":34,"minecraft:rail":2,"minecraft:leather_helmet":1,"minecraft:red_mushroom":2,"minecraft:red_carpet":27,"minecraft:emerald":1,"minecraft:light_weighted_pressure_plate":2,"minecraft:gold_block":7,"minecraft:dirt":164,"minecraft:birch_fence":1,"minecraft:writable_book":9,"minecraft:gold_nugget":249,"minecraft:wooden_sword":2,"minecraft:bone_block":61,"minecraft:bone_meal":14,"minecraft:phantom_membrane":27,"minecraft:iron_pickaxe":4,"minecraft:sugar":2,"minecraft:dark_oak_planks":4,"minecraft:bone":47,"minecraft:stone_axe":3,"minecraft:sugar_cane":4,"minecraft:ancient_debris":3,"minecraft:lever":1,"minecraft:iron_nugget":10,"minecraft:cooked_chicken":4,"minecraft:cobbled_deepslate":396,"minecraft:netherite_sword":2,"minecraft:wheat":6,"minecraft:obsidian":4,"minecraft:rotten_flesh":547,"minecraft:oak_planks":32,"minecraft:netherite_shovel":1,"minecraft:glowstone_dust":4,"minecraft:azure_bluet":13,"minecraft:deepslate_tiles":2,"minecraft:heavy_weighted_pressure_plate":3,"minecraft:leather_boots":2,"minecraft:leather_leggings":3,"minecraft:spruce_slab":8,"minecraft:glass":12,"minecraft:beef":16,"minecraft:egg":8,"minecraft:crimson_planks":1,"minecraft:enchanted_book":2,"minecraft:iron_ingot":2,"minecraft:orange_shulker_box":1,"minecraft:netherite_pickaxe":2,"minecraft:wheat_seeds":75,"minecraft:dripstone_block":2,"minecraft:deepslate_diamond_ore":1,"minecraft:feather":1,"minecraft:book":1,"minecraft:oak_fence":1,"minecraft:cobblestone":89,"minecraft:iron_helmet":3,"minecraft:granite":54,"minecraft:spruce_door":3,"minecraft:coal":39,"minecraft:golden_carrot":5,"minecraft:ink_sac":6,"minecraft:wooden_axe":3,"minecraft:cooked_salmon":3,"minecraft:diamond_helmet":4,"minecraft:dried_kelp":6,"minecraft:oak_stairs":1,"minecraft:jungle_boat":1,"minecraft:smooth_stone":1,"minecraft:iron_shovel":1,"minecraft:string":27,"minecraft:gray_carpet":4,"minecraft:spruce_sapling":58,"minecraft:snow_block":4,"minecraft:furnace":2,"minecraft:redstone_ore":1,"minecraft:player_head":11,"minecraft:stone_sword":2,"minecraft:dark_oak_sign":1,"minecraft:deepslate":465,"minecraft:bowl":1,"minecraft:stone_shovel":2,"minecraft:chicken":9,"minecraft:white_carpet":1,"minecraft:clay_ball":12,"minecraft:iron_boots":3,"minecraft:shears":1,"minecraft:pumpkin_seeds":1,"minecraft:spruce_fence":3,"minecraft:oak_sign":1,"minecraft:diamond_sword":3,"minecraft:big_dripleaf":3,"minecraft:potato":23,"minecraft:stone":85,"minecraft:diamond_pickaxe":6,"minecraft:pink_shulker_box":1,"minecraft:stone_pressure_plate":1,"minecraft:bamboo":4,"minecraft:spider_eye":27,"minecraft:sandstone":11,"minecraft:birch_boat":1,"minecraft:bow":13,"minecraft:red_tulip":1,"minecraft:stripped_spruce_wood":1,"minecraft:black_wool":1,"minecraft:terracotta":1,"minecraft:spruce_sign":4,"minecraft:brown_mushroom":1,"minecraft:moss_block":8,"minecraft:diamond_axe":3,"minecraft:baked_potato":41,"minecraft:leather":76,"minecraft:black_banner":2,"minecraft:music_disc_13":1,"minecraft:flint":5,"minecraft:spruce_leaves":5,"minecraft:cracked_polished_blackstone_bricks":10,"minecraft:packed_ice":165,"minecraft:netherite_scrap":1,"minecraft:ice":5,"minecraft:crimson_roots":4,"minecraft:snowball":493,"minecraft:gilded_blackstone":1,"minecraft:amethyst_shard":8,"minecraft:axolotl_bucket":2,"minecraft:birch_log":1,"minecraft:gold_ingot":21,"minecraft:gravel":31,"minecraft:white_tulip":5,"minecraft:pink_terracotta":2,"minecraft:blackstone":24,"minecraft:spyglass":2,"minecraft:diamond_shovel":2,"minecraft:carrot":1,"minecraft:poppy":5,"minecraft:gunpowder":41,"minecraft:azalea":2,"minecraft:arrow":116,"minecraft:basalt":77,"minecraft:iron_ore":1,"minecraft:quartz":2,"minecraft:written_book":2,"minecraft:splash_potion":1,"minecraft:netherrack":337,"minecraft:firework_rocket":33,"minecraft:water_bucket":3,"minecraft:oak_slab":2,"minecraft:golden_helmet":1,"minecraft:diamond_leggings":1,"minecraft:poisonous_potato":6,"minecraft:golden_axe":1,"minecraft:spectral_arrow":66,"minecraft:amethyst_block":5,"minecraft:copper_ingot":3,"minecraft:spruce_stairs":1,"minecraft:grass_block":3,"minecraft:stick":6,"minecraft:diorite":56,"minecraft:nether_gold_ore":2,"minecraft:torch":12,"minecraft:melon_slice":36,"minecraft:iron_leggings":2,"minecraft:lapis_block":1,"minecraft:smooth_basalt":14,"minecraft:redstone":180,"minecraft:sweet_berries":3,"minecraft:kelp":83,"minecraft:oak_trapdoor":1,"minecraft:ender_chest":15,"minecraft:nether_wart":2,"minecraft:blaze_rod":26,"minecraft:raw_copper":10,"minecraft:tuff":98,"minecraft:raw_iron":1,"minecraft:light_gray_wool":10,"minecraft:totem_of_undying":4,"minecraft:glass_pane":2,"minecraft:netherite_leggings":1,"minecraft:filled_map":1,"minecraft:snow":22,"minecraft:shield":3,"minecraft:oak_button":1,"minecraft:diamond_chestplate":2,"minecraft:iron_chestplate":4,"minecraft:andesite":53,"minecraft:oak_sapling":2,"minecraft:golden_sword":33,"minecraft:birch_sign":1,"minecraft:diamond_boots":1,"minecraft:stone_pickaxe":1,"minecraft:wooden_pickaxe":4,"minecraft:raw_gold":3,"minecraft:magma_cream":12,"minecraft:calcite":5,"minecraft:amethyst_cluster":2},"minecraft:killed":{"minecraft:cave_spider":2,"minecraft:skeleton":156,"minecraft:guardian":1,"minecraft:chicken":33,"minecraft:magma_cube":92,"minecraft:salmon":7,"minecraft:zombie":110,"minecraft:glow_squid":1,"minecraft:cow":95,"minecraft:evoker":2,"minecraft:vindicator":4,"minecraft:polar_bear":2,"minecraft:enderman":6,"minecraft:zombified_piglin":643,"minecraft:witch":5,"minecraft:spider":55,"minecraft:axolotl":1,"minecraft:piglin_brute":7,"minecraft:piglin":19,"minecraft:pig":3,"minecraft:zombie_villager":3,"minecraft:creeper":65,"minecraft:sheep":1,"minecraft:ghast":5,"minecraft:blaze":20,"minecraft:vex":3,"minecraft:slime":82,"minecraft:phantom":34,"minecraft:drowned":2,"minecraft:bat":2,"minecraft:hoglin":5,"minecraft:squid":9,"minecraft:wither_skeleton":17},"minecraft:used":{"minecraft:writable_book":68,"minecraft:spruce_slab":69,"minecraft:ladder":5,"minecraft:poppy":1,"minecraft:chest":48,"minecraft:stone":188,"minecraft:quartz_stairs":24,"minecraft:rotten_flesh":3,"minecraft:soul_sand":1,"minecraft:snowball":1,"minecraft:spruce_boat":138,"minecraft:packed_ice":4085,"minecraft:grass_block":23,"minecraft:birch_sapling":11,"minecraft:quartz_block":153,"minecraft:music_disc_chirp":1,"minecraft:pink_wool":2,"minecraft:music_disc_stal":2,"minecraft:bow":327,"minecraft:sweet_berries":239,"minecraft:oak_sapling":12,"minecraft:furnace":38,"minecraft:cooked_cod":3,"minecraft:egg":66,"minecraft:potato":331,"minecraft:diorite":16,"minecraft:spruce_door":7,"minecraft:blackstone":24,"minecraft:wooden_pickaxe":24,"minecraft:jungle_boat":55,"minecraft:glow_berries":8,"minecraft:sand":103,"minecraft:blast_furnace":7,"minecraft:netherite_helmet":1,"minecraft:black_concrete_powder":2,"minecraft:birch_fence":14,"minecraft:stone_button":1,"minecraft:lectern":7,"minecraft:red_terracotta":118,"minecraft:oak_pressure_plate":6,"minecraft:diamond_sword":363,"minecraft:wooden_sword":1,"minecraft:dark_oak_fence":2,"minecraft:white_stained_glass":9,"minecraft:smithing_table":1,"minecraft:pink_stained_glass":148,"minecraft:ice":151,"minecraft:oak_boat":52,"minecraft:oak_trapdoor":4,"minecraft:armor_stand":2,"minecraft:cooked_salmon":8,"minecraft:netherrack":1351,"minecraft:torch":119,"minecraft:anvil":4,"minecraft:target":2,"minecraft:music_disc_mellohi":1,"minecraft:flowering_azalea":1,"minecraft:iron_block":1,"minecraft:iron_axe":767,"minecraft:light_weighted_pressure_plate":1,"minecraft:spruce_button":1,"minecraft:slime_block":16,"minecraft:totem_of_undying":1,"minecraft:barrel":2,"minecraft:diamond_chestplate":1,"minecraft:basalt":78,"minecraft:magenta_wool":1,"minecraft:cobbled_deepslate":295,"minecraft:observer":13,"minecraft:pointed_dripstone":4,"minecraft:calcite":243,"minecraft:wheat_seeds":353,"minecraft:water_bucket":520,"minecraft:birch_planks":101,"minecraft:cauldron":1,"minecraft:spruce_fence_gate":2,"minecraft:deepslate_bricks":22,"minecraft:polished_blackstone_bricks":48,"minecraft:gilded_blackstone":13,"minecraft:diamond_block":1,"minecraft:comparator":2,"minecraft:oak_slab":12,"minecraft:crafting_table":59,"minecraft:white_bed":29,"minecraft:music_disc_strad":1,"minecraft:spruce_log":91,"minecraft:diamond_pickaxe":15497,"minecraft:diamond_shovel":11760,"minecraft:oak_button":5,"minecraft:iron_pickaxe":1759,"minecraft:spruce_pressure_plate":6,"minecraft:spruce_trapdoor":16,"minecraft:magenta_concrete_powder":2,"minecraft:spruce_sapling":111,"minecraft:music_disc_blocks":1,"minecraft:cobblestone":1303,"minecraft:potion":2,"minecraft:purple_bed":3,"minecraft:cooked_porkchop":32,"minecraft:kelp":422,"minecraft:dandelion":11,"minecraft:jukebox":2,"minecraft:diamond_leggings":1,"minecraft:moss_carpet":3,"minecraft:iron_shovel":319,"minecraft:polished_deepslate":58,"minecraft:oak_sign":23,"minecraft:white_concrete_powder":4,"minecraft:shield":191,"minecraft:white_terracotta":1,"minecraft:iron_sword":596,"minecraft:player_head":42,"minecraft:iron_chestplate":1,"minecraft:nether_bricks":15,"minecraft:carrot":158,"minecraft:tuff":1,"minecraft:axolotl_bucket":6,"minecraft:milk_bucket":1,"minecraft:obsidian":49,"minecraft:glass":436,"minecraft:lantern":14,"minecraft:crimson_roots":1,"minecraft:stone_bricks":2,"minecraft:item_frame":12,"minecraft:deepslate_diamond_ore":8,"minecraft:repeater":9,"minecraft:redstone_lamp":2,"minecraft:written_book":2,"minecraft:scaffolding":38,"minecraft:pink_concrete_powder":51,"minecraft:stone_pickaxe":526,"minecraft:dark_oak_sign":1,"minecraft:oak_planks":57,"minecraft:ender_pearl":1,"minecraft:sandstone":3,"minecraft:diamond_axe":1526,"minecraft:sugar_cane":33,"minecraft:white_wool":2,"minecraft:netherite_leggings":2,"minecraft:black_banner":4,"minecraft:note_block":72,"minecraft:stone_brick_wall":10,"minecraft:cobbled_deepslate_stairs":41,"minecraft:redstone_torch":2,"minecraft:sticky_piston":18,"minecraft:lever":3,"minecraft:firework_rocket":157,"minecraft:music_disc_mall":1,"minecraft:daylight_detector":2,"minecraft:birch_fence_gate":2,"minecraft:bread":9,"minecraft:heavy_weighted_pressure_plate":1,"minecraft:melon_slice":14,"minecraft:deepslate":270,"minecraft:gravel":64,"minecraft:pufferfish_bucket":1,"minecraft:grindstone":1,"minecraft:andesite":73,"minecraft:chain":8,"minecraft:smooth_stone_slab":133,"minecraft:azalea":1,"minecraft:trident":535,"minecraft:netherite_sword":1149,"minecraft:rose_bush":1,"minecraft:redstone":86,"minecraft:stone_shovel":551,"minecraft:spruce_planks":220,"minecraft:ender_chest":8,"minecraft:cooked_chicken":18,"minecraft:spyglass":253,"minecraft:dirt":129,"minecraft:hopper":3,"minecraft:spruce_stairs":11,"minecraft:shulker_box":7,"minecraft:granite":16,"minecraft:spruce_fence":43,"minecraft:wooden_axe":9,"minecraft:bookshelf":9,"minecraft:iron_boots":1,"minecraft:crimson_planks":82,"minecraft:golden_carrot":158,"minecraft:black_stained_glass":8,"minecraft:netherite_pickaxe":26113,"minecraft:stone_pressure_plate":1,"minecraft:cooked_beef":369,"minecraft:powder_snow_bucket":22,"minecraft:cooked_mutton":1,"minecraft:pink_tulip":2,"minecraft:amethyst_block":45,"minecraft:snow_block":12,"minecraft:baked_potato":346,"minecraft:spruce_sign":65,"minecraft:magenta_stained_glass":10,"minecraft:music_disc_cat":38,"minecraft:magenta_bed":1,"minecraft:painting":8,"minecraft:smoker":9,"minecraft:piston":23,"minecraft:black_wool":5,"minecraft:cracked_polished_blackstone_bricks":7,"minecraft:yellow_wool":3,"minecraft:stone_axe":216,"minecraft:fishing_rod":37,"minecraft:end_crystal":1,"minecraft:cobbled_deepslate_slab":8,"minecraft:pink_shulker_box":8,"minecraft:bucket":550,"minecraft:smooth_stone":101}},"DataVersion":2975}