{"stats":{"minecraft:killed":{"minecraft:zombie":1,"minecraft:chicken":1,"minecraft:spider":2},"minecraft:custom":{"minecraft:time_since_rest":21300,"minecraft:open_enderchest":3,"minecraft:sprint_one_cm":101160,"minecraft:damage_taken":395,"minecraft:walk_one_cm":225114,"minecraft:mob_kills":4,"minecraft:damage_dealt":560,"minecraft:fly_one_cm":241948,"minecraft:interact_with_crafting_table":3,"minecraft:open_barrel":12,"minecraft:open_chest":9,"minecraft:crouch_one_cm":2389,"minecraft:play_time":48698,"minecraft:deaths":1,"minecraft:sneak_time":706,"minecraft:walk_under_water_one_cm":1376,"minecraft:interact_with_lectern":5,"minecraft:jump":1717,"minecraft:leave_game":2,"minecraft:time_since_death":21279,"minecraft:walk_on_water_one_cm":519,"minecraft:total_world_time":48698,"minecraft:fall_one_cm":17343},"minecraft:broken":{"minecraft:stone_pickaxe":1},"minecraft:mined":{"minecraft:tuff":18,"minecraft:iron_ore":1,"minecraft:sweet_berry_bush":3,"minecraft:lilac":1,"minecraft:spruce_log":12,"minecraft:andesite":23,"minecraft:clay":8,"minecraft:crafting_table":3,"minecraft:azure_bluet":1,"minecraft:granite":8,"minecraft:grass_block":1,"minecraft:gravel":20,"minecraft:dirt":7,"minecraft:spruce_leaves":9,"minecraft:stone":115,"minecraft:diorite":25,"minecraft:deepslate":32},"minecraft:crafted":{"minecraft:stone_shovel":1,"minecraft:crafting_table":1,"minecraft:spruce_planks":24,"minecraft:stick":12,"minecraft:wooden_pickaxe":1,"minecraft:stone_pickaxe":3,"minecraft:spruce_boat":1,"minecraft:stone_axe":1},"minecraft:picked_up":{"minecraft:lilac":1,"minecraft:feather":1,"minecraft:raw_iron":1,"minecraft:crafting_table":3,"minecraft:azure_bluet":1,"minecraft:chicken":1,"minecraft:clay_ball":32,"minecraft:sweet_berries":6,"minecraft:andesite":23,"minecraft:gravel":20,"minecraft:tuff":18,"minecraft:diorite":18,"minecraft:spruce_log":12,"minecraft:spider_eye":1,"minecraft:string":3,"minecraft:dirt":8,"minecraft:cobbled_deepslate":32,"minecraft:granite":8,"minecraft:warped_nylium":1,"minecraft:cobblestone":115},"minecraft:used":{"minecraft:stone_shovel":34,"minecraft:stone_pickaxe":210,"minecraft:oak_sign":1,"minecraft:wooden_pickaxe":13,"minecraft:stone_axe":9,"minecraft:dirt":2,"minecraft:cobblestone":10,"minecraft:crafting_table":3,"minecraft:written_book":3,"minecraft:sweet_berries":6,"minecraft:mushroom_stew":2,"minecraft:cobbled_deepslate":6}},"DataVersion":3105}