{"stats":{"minecraft:picked_up":{"minecraft:feather":2,"minecraft:basalt":4,"minecraft:chicken":2,"minecraft:golden_carrot":8,"minecraft:leather":32,"minecraft:diamond_sword":1,"minecraft:dirt":60,"minecraft:elytra":2,"minecraft:bone":2,"minecraft:blackstone":3,"minecraft:stone_bricks":20,"minecraft:diamond_leggings":1,"minecraft:wheat_seeds":3,"minecraft:beef":60,"minecraft:redstone_torch":1,"minecraft:player_head":2,"minecraft:diamond_helmet":1,"minecraft:lectern":45,"minecraft:sugar_cane":56,"minecraft:chest":1,"minecraft:iron_sword":1,"minecraft:oak_planks":6,"minecraft:acacia_sapling":2,"minecraft:stick":2,"minecraft:raw_iron":16,"minecraft:sweet_berries":297,"minecraft:acacia_log":45,"minecraft:gravel":1,"minecraft:porkchop":9,"minecraft:target":1,"minecraft:redstone":47,"minecraft:firework_rocket":141,"minecraft:diamond_shovel":2,"minecraft:arrow":1,"minecraft:rotten_flesh":2,"minecraft:diamond":3,"minecraft:diamond_boots":1,"minecraft:diamond_axe":1,"minecraft:granite":2,"minecraft:golden_apple":1,"minecraft:emerald":5,"minecraft:bread":34,"minecraft:white_wool":1,"minecraft:mutton":1,"minecraft:netherrack":12,"minecraft:ender_pearl":14,"minecraft:obsidian":10,"minecraft:diamond_pickaxe":1,"minecraft:coal":13,"minecraft:cobblestone":16},"minecraft:mined":{"minecraft:acacia_leaves":8,"minecraft:acacia_log":45,"minecraft:grass_block":5,"minecraft:lectern":45,"minecraft:tall_grass":2,"minecraft:cobblestone":1,"minecraft:sugar_cane":22,"minecraft:iron_ore":16,"minecraft:sweet_berry_bush":12,"minecraft:grass":16,"minecraft:coal_ore":13,"minecraft:gravel":1,"minecraft:dirt":24,"minecraft:stone":17},"minecraft:killed":{"minecraft:pig":4,"minecraft:spider":1,"minecraft:sheep":1,"minecraft:zombie":1,"minecraft:chicken":2,"minecraft:cow":31},"minecraft:used":{"minecraft:water_bucket":2,"minecraft:stone_pickaxe":45,"minecraft:wooden_pickaxe":6,"minecraft:iron_sword":71,"minecraft:player_head":1,"minecraft:dirt":24,"minecraft:firework_rocket":18,"minecraft:bread":5,"minecraft:lectern":45,"minecraft:gravel":1,"minecraft:stone_axe":120,"minecraft:cobblestone":1,"minecraft:sweet_berries":65,"minecraft:furnace":1,"minecraft:bucket":3,"minecraft:cooked_beef":1},"minecraft:broken":{"minecraft:stone_axe":1},"minecraft:custom":{"minecraft:interact_with_furnace":14,"minecraft:mob_kills":40,"minecraft:traded_with_villager":4,"minecraft:interact_with_crafting_table":10,"minecraft:open_shulker_box":73,"minecraft:leave_game":1,"minecraft:time_since_death":86176,"minecraft:sleep_in_bed":2,"minecraft:time_since_rest":19423,"minecraft:sprint_one_cm":288499,"minecraft:open_enderchest":1,"minecraft:damage_taken":300,"minecraft:walk_one_cm":188234,"minecraft:drop":41,"minecraft:damage_dealt":4021,"minecraft:swim_one_cm":9810,"minecraft:talked_to_villager":60,"minecraft:fly_one_cm":474224,"minecraft:open_chest":22,"minecraft:crouch_one_cm":2761,"minecraft:play_time":86176,"minecraft:sneak_time":826,"minecraft:walk_under_water_one_cm":2724,"minecraft:aviate_one_cm":1225397,"minecraft:jump":1821,"minecraft:walk_on_water_one_cm":1655,"minecraft:total_world_time":86176,"minecraft:fall_one_cm":40684},"minecraft:dropped":{"minecraft:sweet_berries":85,"minecraft:blackstone":3,"minecraft:wheat_seeds":1,"minecraft:diamond_axe":1,"minecraft:player_head":1,"minecraft:ender_pearl":14,"minecraft:diamond_leggings":1,"minecraft:obsidian":10,"minecraft:rotten_flesh":2,"minecraft:oak_planks":6,"minecraft:diamond_shovel":1,"minecraft:leather":2,"minecraft:granite":2,"minecraft:elytra":1,"minecraft:stick":2,"minecraft:target":1,"minecraft:diamond_sword":1,"minecraft:dirt":36,"minecraft:diamond_pickaxe":1,"minecraft:chest":1,"minecraft:diamond_helmet":1,"minecraft:redstone_torch":1,"minecraft:stone_bricks":20,"minecraft:diamond_boots":1,"minecraft:basalt":4,"minecraft:arrow":1,"minecraft:acacia_planks":180,"minecraft:netherrack":12,"minecraft:bone":2,"minecraft:redstone":47,"minecraft:firework_rocket":77},"minecraft:crafted":{"minecraft:cooked_beef":7,"minecraft:coal":18,"minecraft:emerald":4,"minecraft:wooden_pickaxe":1,"minecraft:furnace":1,"minecraft:bucket":1,"minecraft:stone_axe":1,"minecraft:air":0,"minecraft:paper":105,"minecraft:iron_boots":1,"minecraft:iron_chestplate":1,"minecraft:stick":8,"minecraft:iron_ingot":16,"minecraft:stone_pickaxe":1,"minecraft:acacia_planks":180}},"DataVersion":2975}