{"stats":{"minecraft:dropped":{"minecraft:stone_axe":1,"minecraft:gravel":10,"minecraft:golden_boots":1,"minecraft:iron_sword":2,"minecraft:diamond_axe":1,"minecraft:mossy_cobblestone":3,"minecraft:rotten_flesh":1,"minecraft:granite":2,"minecraft:leather_helmet":1,"minecraft:gunpowder":2,"minecraft:andesite":3,"minecraft:golden_leggings":1,"minecraft:spider_eye":1,"minecraft:stone_pickaxe":1,"minecraft:iron_shovel":1,"minecraft:bone":1},"minecraft:used":{"minecraft:wheat_seeds":105,"minecraft:water_bucket":11,"minecraft:diorite":4,"minecraft:flint_and_steel":6,"minecraft:iron_shovel":40,"minecraft:stone_pickaxe":38,"minecraft:shield":37,"minecraft:iron_sword":99,"minecraft:diamond_axe":2,"minecraft:cooked_chicken":1,"minecraft:rotten_flesh":40,"minecraft:torch":4,"minecraft:dirt":4,"minecraft:crafting_table":8,"minecraft:granite":5,"minecraft:tuff":17,"minecraft:spruce_boat":1,"minecraft:diamond_pickaxe":325,"minecraft:diamond_shovel":33,"minecraft:bread":38,"minecraft:iron_pickaxe":181,"minecraft:gravel":32,"minecraft:stone_axe":48,"minecraft:diamond_sword":100,"minecraft:cobblestone":185,"minecraft:furnace":10,"minecraft:cooked_porkchop":3,"minecraft:bucket":11,"minecraft:cooked_beef":3,"minecraft:cobbled_deepslate":105,"minecraft:iron_leggings":1},"minecraft:picked_up":{"minecraft:cooked_beef":3,"minecraft:crafting_table":9,"minecraft:wheat":105,"minecraft:feather":1,"minecraft:chicken":1,"minecraft:andesite":3,"minecraft:golden_leggings":1,"minecraft:leather":3,"minecraft:flint":2,"minecraft:tuff":17,"minecraft:oak_log":3,"minecraft:golden_boots":1,"minecraft:gunpowder":4,"minecraft:lapis_lazuli":67,"minecraft:dirt":4,"minecraft:string":1,"minecraft:cooked_mutton":4,"minecraft:bone":20,"minecraft:bow":1,"minecraft:wheat_seeds":285,"minecraft:cobbled_deepslate":105,"minecraft:raw_gold":15,"minecraft:beef":3,"minecraft:iron_ingot":95,"minecraft:sugar_cane":2,"minecraft:iron_sword":1,"minecraft:furnace":10,"minecraft:dark_oak_door":1,"minecraft:raw_iron":98,"minecraft:cooked_porkchop":3,"minecraft:gravel":42,"minecraft:porkchop":3,"minecraft:diorite":4,"minecraft:spruce_log":6,"minecraft:spider_eye":1,"minecraft:leather_helmet":1,"minecraft:mossy_cobblestone":3,"minecraft:arrow":18,"minecraft:rotten_flesh":37,"minecraft:diamond":37,"minecraft:spruce_boat":1,"minecraft:granite":7,"minecraft:diamond_axe":1,"minecraft:emerald":1,"minecraft:coal":62,"minecraft:white_wool":3,"minecraft:cobblestone":197},"minecraft:mined":{"minecraft:tuff":22,"minecraft:mossy_cobblestone":1,"minecraft:deepslate_diamond_ore":37,"minecraft:crafting_table":9,"minecraft:granite":7,"minecraft:grass_block":1,"minecraft:cobblestone":53,"minecraft:spruce_leaves":1,"minecraft:deepslate_gold_ore":6,"minecraft:lapis_ore":6,"minecraft:sugar_cane":2,"minecraft:diorite":4,"minecraft:fire":6,"minecraft:furnace":10,"minecraft:cobbled_deepslate":5,"minecraft:dark_oak_door":1,"minecraft:iron_ore":60,"minecraft:wheat":105,"minecraft:spruce_log":6,"minecraft:andesite":2,"minecraft:deepslate_lapis_ore":4,"minecraft:grass":1,"minecraft:coal_ore":65,"minecraft:deepslate_iron_ore":38,"minecraft:gravel":72,"minecraft:dirt":3,"minecraft:stone":118,"minecraft:gold_ore":9,"minecraft:deepslate_emerald_ore":1,"minecraft:deepslate":94},"minecraft:crafted":{"minecraft:cooked_beef":3,"minecraft:oak_planks":12,"minecraft:diamond_sword":1,"minecraft:arrow":4,"minecraft:diamond_axe":1,"minecraft:spruce_planks":24,"minecraft:iron_helmet":1,"minecraft:cooked_chicken":1,"minecraft:iron_sword":1,"minecraft:furnace":2,"minecraft:diamond_shovel":1,"minecraft:bread":35,"minecraft:air":0,"minecraft:flint_and_steel":1,"minecraft:diamond_pickaxe":1,"minecraft:iron_boots":1,"minecraft:bow":2,"minecraft:iron_chestplate":1,"minecraft:shield":1,"minecraft:stick":20,"minecraft:iron_pickaxe":1,"minecraft:gold_ingot":15,"minecraft:iron_shovel":1,"minecraft:iron_leggings":1,"minecraft:spruce_boat":1,"minecraft:torch":4},"minecraft:killed":{"minecraft:cave_spider":1,"minecraft:pig":1,"minecraft:witch":1,"minecraft:spider":3,"minecraft:creeper":3,"minecraft:sheep":4,"minecraft:skeleton":15,"minecraft:zombie":43,"minecraft:chicken":1,"minecraft:cow":3},"minecraft:custom":{"minecraft:interact_with_furnace":69,"minecraft:mob_kills":76,"minecraft:interact_with_crafting_table":15,"minecraft:leave_game":1,"minecraft:time_since_death":84458,"minecraft:time_since_rest":84458,"minecraft:sprint_one_cm":299540,"minecraft:damage_taken":2574,"minecraft:walk_one_cm":92780,"minecraft:damage_blocked_by_shield":2120,"minecraft:drop":26,"minecraft:damage_dealt":14474,"minecraft:swim_one_cm":43356,"minecraft:talked_to_villager":4,"minecraft:fly_one_cm":275223,"minecraft:open_chest":22,"minecraft:crouch_one_cm":13399,"minecraft:play_time":84458,"minecraft:sneak_time":7163,"minecraft:walk_under_water_one_cm":2753,"minecraft:boat_one_cm":251450,"minecraft:jump":1683,"minecraft:walk_on_water_one_cm":2438,"minecraft:total_world_time":84458,"minecraft:fall_one_cm":34116}},"DataVersion":2865}