{"stats":{"minecraft:dropped":{"minecraft:birch_planks":1,"minecraft:cobblestone":5,"minecraft:copper_ingot":2,"minecraft:stick":3,"minecraft:emerald":3,"minecraft:diorite":3,"minecraft:mutton":3,"minecraft:melon_slice":1,"minecraft:pumpkin":2,"minecraft:sand":10,"minecraft:gravel":1,"minecraft:stone_axe":4,"minecraft:sweet_berries":2,"minecraft:cobbled_deepslate":15,"minecraft:wheat":3,"minecraft:rotten_flesh":4,"minecraft:poppy":1,"minecraft:spruce_planks":8,"minecraft:oak_sapling":1,"minecraft:bamboo":29,"minecraft:light_gray_dye":1,"minecraft:stone_pickaxe":2},"minecraft:killed_by":{"minecraft:zombie":1},"minecraft:used":{"minecraft:stone_shovel":26,"minecraft:spruce_planks":12,"minecraft:stone_hoe":76,"minecraft:torch":23,"minecraft:dirt":4,"minecraft:mutton":1,"minecraft:spruce_boat":1,"minecraft:wooden_axe":20,"minecraft:birch_sapling":1,"minecraft:magma_block":2,"minecraft:sweet_berries":101,"minecraft:furnace":2,"minecraft:acacia_planks":13,"minecraft:iron_leggings":1,"minecraft:wheat_seeds":71,"minecraft:stone_pickaxe":38,"minecraft:wooden_pickaxe":42,"minecraft:birch_boat":3,"minecraft:diamond_axe":8,"minecraft:jungle_boat":1,"minecraft:crafting_table":9,"minecraft:white_bed":5,"minecraft:melon_slice":1,"minecraft:bread":12,"minecraft:iron_pickaxe":41,"minecraft:stone_axe":186,"minecraft:cobblestone":1,"minecraft:bucket":1},"minecraft:picked_up":{"minecraft:crafting_table":9,"minecraft:wheat":71,"minecraft:cornflower":1,"minecraft:cobbled_deepslate":21,"minecraft:beef":3,"minecraft:jungle_sapling":4,"minecraft:poppy":2,"minecraft:sugar_cane":7,"minecraft:melon_slice":66,"minecraft:chest":1,"minecraft:birch_sapling":3,"minecraft:furnace":2,"minecraft:stick":8,"minecraft:raw_iron":30,"minecraft:copper_ingot":2,"minecraft:acacia_log":14,"minecraft:diorite":3,"minecraft:arrow":7,"minecraft:rotten_flesh":6,"minecraft:mutton":8,"minecraft:white_wool":7,"minecraft:cobblestone":43,"minecraft:oxeye_daisy":1,"minecraft:birch_log":5,"minecraft:magma_block":2,"minecraft:jungle_boat":2,"minecraft:jungle_log":34,"minecraft:lapis_lazuli":12,"minecraft:dirt":4,"minecraft:bone":4,"minecraft:acacia_planks":8,"minecraft:kelp":11,"minecraft:bow":2,"minecraft:wheat_seeds":195,"minecraft:stone_pickaxe":1,"minecraft:bamboo":91,"minecraft:acacia_sapling":2,"minecraft:birch_boat":2,"minecraft:pumpkin":2,"minecraft:sweet_berries":252,"minecraft:sand":10,"minecraft:gravel":1,"minecraft:spruce_sapling":3,"minecraft:white_bed":4,"minecraft:spruce_log":55,"minecraft:mossy_cobblestone":1,"minecraft:diamond":4,"minecraft:stone_axe":1,"minecraft:spruce_boat":1,"minecraft:emerald":2,"minecraft:oak_sapling":2,"minecraft:coal":12},"minecraft:crafted":{"minecraft:stone_shovel":2,"minecraft:birch_boat":1,"minecraft:furnace":2,"minecraft:stone_pickaxe":2,"minecraft:spruce_boat":1,"minecraft:stone_hoe":2,"minecraft:red_dye":1,"minecraft:diamond_axe":1,"minecraft:crafting_table":3,"minecraft:spruce_planks":80,"minecraft:wooden_pickaxe":3,"minecraft:bucket":1,"minecraft:birch_planks":20,"minecraft:stone_axe":3,"minecraft:bread":23,"minecraft:air":0,"minecraft:blue_dye":1,"minecraft:purple_dye":2,"minecraft:shield":1,"minecraft:stick":38,"minecraft:iron_ingot":30,"minecraft:iron_pickaxe":1,"minecraft:wooden_axe":2,"minecraft:iron_leggings":1,"minecraft:light_gray_dye":1,"minecraft:white_bed":2,"minecraft:acacia_planks":20,"minecraft:torch":32},"minecraft:mined":{"minecraft:white_bed":4,"minecraft:mossy_cobblestone":1,"minecraft:deepslate_diamond_ore":4,"minecraft:jungle_leaves":65,"minecraft:glow_lichen":2,"minecraft:acacia_log":14,"minecraft:grass_block":3,"minecraft:jungle_log":35,"minecraft:spruce_leaves":24,"minecraft:oxeye_daisy":1,"minecraft:tall_seagrass":7,"minecraft:magma_block":2,"minecraft:furnace":2,"minecraft:iron_ore":28,"minecraft:pumpkin":2,"minecraft:deepslate_lapis_ore":2,"minecraft:vine":1,"minecraft:deepslate_iron_ore":2,"minecraft:bamboo":9,"minecraft:stone":46,"minecraft:acacia_leaves":4,"minecraft:kelp_plant":2,"minecraft:crafting_table":9,"minecraft:cornflower":1,"minecraft:poppy":2,"minecraft:melon":14,"minecraft:chest":1,"minecraft:tall_grass":1,"minecraft:cobblestone":3,"minecraft:sugar_cane":3,"minecraft:diorite":1,"minecraft:birch_log":5,"minecraft:sweet_berry_bush":1,"minecraft:wheat":71,"minecraft:spruce_log":57,"minecraft:birch_leaves":10,"minecraft:grass":4,"minecraft:coal_ore":12,"minecraft:sand":14,"minecraft:gravel":1,"minecraft:dirt":3,"minecraft:acacia_planks":8,"minecraft:oak_leaves":4,"minecraft:deepslate":16,"minecraft:fern":2},"minecraft:killed":{"minecraft:spider":2,"minecraft:skeleton":3,"minecraft:chicken":1,"minecraft:drowned":3,"minecraft:magma_cube":1,"minecraft:sheep":7,"minecraft:zombie":8,"minecraft:glow_squid":1,"minecraft:cow":1},"minecraft:custom":{"minecraft:mob_kills":27,"minecraft:interact_with_crafting_table":19,"minecraft:leave_game":4,"minecraft:time_since_death":31080,"minecraft:climb_one_cm":1951,"minecraft:sprint_one_cm":331007,"minecraft:walk_one_cm":421012,"minecraft:drop":40,"minecraft:talked_to_villager":1,"minecraft:play_time":105533,"minecraft:deaths":3,"minecraft:sneak_time":1698,"minecraft:walk_under_water_one_cm":33604,"minecraft:boat_one_cm":555380,"minecraft:jump":2184,"minecraft:walk_on_water_one_cm":30938,"minecraft:total_world_time":105533,"minecraft:interact_with_furnace":20,"minecraft:sleep_in_bed":2,"minecraft:time_since_rest":10578,"minecraft:damage_taken":2057,"minecraft:damage_dealt":3734,"minecraft:swim_one_cm":93542,"minecraft:fly_one_cm":382131,"minecraft:open_chest":15,"minecraft:crouch_one_cm":3988,"minecraft:fall_one_cm":68805}},"DataVersion":2865}