{"stats":{"minecraft:used":{"minecraft:spruce_planks":153,"minecraft:shield":8,"minecraft:tinted_glass":3,"minecraft:nether_wart":1,"minecraft:stone":87,"minecraft:purple_shulker_box":1,"minecraft:cooked_salmon":7,"minecraft:cooked_chicken":16,"minecraft:netherrack":36,"minecraft:iron_chestplate":1,"minecraft:dirt":105,"minecraft:prismarine_bricks":1,"minecraft:diamond_helmet":2,"minecraft:shulker_box":8,"minecraft:granite":7,"minecraft:glass":1,"minecraft:packed_ice":27,"minecraft:iron_axe":85,"minecraft:slime_block":1,"minecraft:iron_boots":1,"minecraft:basalt":64,"minecraft:diamond_chestplate":1,"minecraft:deepslate_diamond_ore":17,"minecraft:golden_carrot":50,"minecraft:bow":76,"minecraft:magenta_wool":1,"minecraft:dark_oak_boat":6,"minecraft:sweet_berries":2,"minecraft:furnace":3,"minecraft:egg":7,"minecraft:potato":3,"minecraft:cooked_beef":1,"minecraft:cobbled_deepslate":1,"minecraft:light_blue_shulker_box":4,"minecraft:water_bucket":73,"minecraft:diamond_boots":1,"minecraft:spruce_door":6,"minecraft:baked_potato":52,"minecraft:stone_pickaxe":75,"minecraft:prismarine":3,"minecraft:wooden_pickaxe":7,"minecraft:diamond_axe":92,"minecraft:spruce_sign":3,"minecraft:white_wool":1,"minecraft:glow_berries":3,"minecraft:crafting_table":6,"minecraft:light_gray_terracotta":2,"minecraft:diamond_pickaxe":987,"minecraft:firework_rocket":10,"minecraft:diamond_shovel":28,"minecraft:iron_pickaxe":10,"minecraft:bread":63,"minecraft:deepslate":121,"minecraft:gravel":1,"minecraft:diamond_ore":3,"minecraft:diamond_sword":183,"minecraft:cobblestone":36,"minecraft:pink_shulker_box":1,"minecraft:bucket":74,"minecraft:ice":1,"minecraft:oak_boat":26,"minecraft:diamond_leggings":1},"minecraft:picked_up":{"minecraft:shulker_shell":16,"minecraft:iron_chestplate":2,"minecraft:crafting_table":5,"minecraft:wheat":10,"minecraft:ender_chest":1,"minecraft:nether_wart":13,"minecraft:brown_mushroom":2,"minecraft:packed_ice":54,"minecraft:diamond_sword":10,"minecraft:enchanted_book":2,"minecraft:purple_shulker_box":1,"minecraft:shield":1,"minecraft:string":8,"minecraft:elytra":8,"minecraft:iron_axe":2,"minecraft:deepslate_lapis_ore":4,"minecraft:iron_leggings":2,"minecraft:netherite_scrap":1,"minecraft:armor_stand":1,"minecraft:magenta_wool":2,"minecraft:pink_shulker_box":1,"minecraft:diamond_leggings":11,"minecraft:cobbled_deepslate":31,"minecraft:netherite_sword":3,"minecraft:spruce_planks":66,"minecraft:deepslate_diamond_ore":22,"minecraft:beef":1,"minecraft:oak_boat":26,"minecraft:player_head":21,"minecraft:iron_pickaxe":5,"minecraft:tinted_glass":3,"minecraft:spruce_trapdoor":5,"minecraft:egg":11,"minecraft:iron_boots":1,"minecraft:furnace":3,"minecraft:diamond_ore":3,"minecraft:raw_iron":10,"minecraft:stick":6,"minecraft:stone":91,"minecraft:torch":47,"minecraft:netherite_shovel":1,"minecraft:diorite":4,"minecraft:trident":2,"minecraft:carrot":61,"minecraft:netherite_pickaxe":2,"minecraft:arrow":779,"minecraft:rotten_flesh":9,"minecraft:diamond_chestplate":11,"minecraft:diamond_boots":11,"minecraft:white_terracotta":448,"minecraft:netherite_chestplate":1,"minecraft:mutton":4,"minecraft:obsidian":1,"minecraft:glow_berries":3,"minecraft:snowball":10,"minecraft:white_wool":2,"minecraft:cobblestone":47,"minecraft:netherite_boots":2,"minecraft:cooked_beef":11,"minecraft:basalt":176,"minecraft:golden_carrot":540,"minecraft:andesite":16,"minecraft:water_bucket":2,"minecraft:salmon":8,"minecraft:dark_oak_boat":6,"minecraft:red_mushroom":1,"minecraft:potato":7,"minecraft:ice":2,"minecraft:flint":1,"minecraft:tuff":36,"minecraft:oak_log":4,"minecraft:prismarine_bricks":1,"minecraft:nether_wart_block":56,"minecraft:netherite_leggings":2,"minecraft:dirt":109,"minecraft:glass":3,"minecraft:bone":7,"minecraft:kelp":6,"minecraft:bow":16,"minecraft:wheat_seeds":16,"minecraft:iron_ingot":428,"minecraft:cooked_chicken":16,"minecraft:netherite_axe":1,"minecraft:diamond_helmet":12,"minecraft:glass_bottle":1,"minecraft:prismarine":3,"minecraft:oak_planks":5,"minecraft:iron_sword":1,"minecraft:scaffolding":166,"minecraft:milk_bucket":1,"minecraft:pumpkin":2,"minecraft:sweet_berries":2,"minecraft:gravel":3,"minecraft:lava_bucket":1,"minecraft:sand":3,"minecraft:light_blue_shulker_box":8,"minecraft:soul_torch":1,"minecraft:spruce_sapling":4,"minecraft:ink_sac":2,"minecraft:spruce_log":36,"minecraft:grass_block":13,"minecraft:diamond_block":6,"minecraft:spider_eye":3,"minecraft:spruce_door":4,"minecraft:shulker_box":18,"minecraft:light_gray_terracotta":6,"minecraft:firework_rocket":123,"minecraft:diamond_shovel":7,"minecraft:purple_glazed_terracotta":20,"minecraft:deepslate":851,"minecraft:diamond":40,"minecraft:slime_block":14,"minecraft:netherite_helmet":1,"minecraft:iron_helmet":1,"minecraft:diamond_axe":2,"minecraft:granite":7,"minecraft:deepslate_redstone_ore":2,"minecraft:birch_sign":5,"minecraft:spruce_sign":1,"minecraft:bread":533,"minecraft:terracotta":588,"minecraft:baked_potato":9,"minecraft:netherrack":69,"minecraft:coal":21,"minecraft:diamond_pickaxe":14},"minecraft:killed_by":{"minecraft:player":16},"minecraft:mined":{"minecraft:diamond_ore":3,"minecraft:spruce_planks":81,"minecraft:deepslate_diamond_ore":19,"minecraft:shulker_box":9,"minecraft:granite":7,"minecraft:grass_block":13,"minecraft:spruce_leaves":23,"minecraft:nether_wart":1,"minecraft:large_fern":17,"minecraft:furnace":2,"minecraft:iron_ore":6,"minecraft:snow":2,"minecraft:andesite":10,"minecraft:pumpkin":2,"minecraft:potatoes":3,"minecraft:deepslate_iron_ore":1,"minecraft:birch_wall_sign":1,"minecraft:packed_ice":35,"minecraft:stone":140,"minecraft:brown_mushroom":1,"minecraft:light_blue_shulker_box":4,"minecraft:scaffolding":1,"minecraft:basalt":3,"minecraft:spruce_door":4,"minecraft:light_gray_terracotta":5,"minecraft:crafting_table":4,"minecraft:torch":3,"minecraft:dead_bush":1,"minecraft:glass":3,"minecraft:slime_block":1,"minecraft:prismarine":3,"minecraft:diorite":17,"minecraft:spruce_sign":1,"minecraft:prismarine_bricks":1,"minecraft:seagrass":1,"minecraft:white_terracotta":256,"minecraft:tinted_glass":3,"minecraft:spruce_log":36,"minecraft:sweet_berry_bush":1,"minecraft:wheat":5,"minecraft:ice":20,"minecraft:grass":3,"minecraft:potted_azure_bluet":1,"minecraft:coal_ore":8,"minecraft:oak_log":5,"minecraft:dirt":31,"minecraft:terracotta":358,"minecraft:netherrack":20,"minecraft:magenta_wool":1,"minecraft:deepslate":130,"minecraft:fern":4},"minecraft:crafted":{"minecraft:oak_planks":16,"minecraft:iron_nugget":1,"minecraft:furnace":1,"minecraft:diamond_helmet":1,"minecraft:stone_pickaxe":1,"minecraft:cooked_beef":1,"minecraft:spruce_sign":6,"minecraft:crafting_table":2,"minecraft:spruce_planks":144,"minecraft:wooden_pickaxe":1,"minecraft:baked_potato":13,"minecraft:spruce_door":6,"minecraft:cooked_salmon":8,"minecraft:bucket":1,"minecraft:air":0,"minecraft:oak_boat":1,"minecraft:shield":1,"minecraft:stick":12,"minecraft:iron_ingot":3},"minecraft:custom":{"minecraft:inspect_dropper":1,"minecraft:mob_kills":25,"minecraft:interact_with_crafting_table":14,"minecraft:open_barrel":3,"minecraft:open_shulker_box":72,"minecraft:bell_ring":14,"minecraft:leave_game":35,"minecraft:time_since_death":11957,"minecraft:damage_resisted":36,"minecraft:climb_one_cm":25549,"minecraft:sprint_one_cm":1715308,"minecraft:walk_one_cm":686317,"minecraft:damage_blocked_by_shield":710,"minecraft:drop":106,"minecraft:damage_dealt_absorbed":182,"minecraft:talked_to_villager":5,"minecraft:play_time":431193,"minecraft:sneak_time":15120,"minecraft:deaths":26,"minecraft:walk_under_water_one_cm":52066,"minecraft:boat_one_cm":700661,"minecraft:interact_with_lectern":3,"minecraft:jump":13390,"minecraft:interact_with_brewingstand":1,"minecraft:interact_with_blast_furnace":1,"minecraft:walk_on_water_one_cm":56029,"minecraft:total_world_time":431193,"minecraft:interact_with_furnace":28,"minecraft:sleep_in_bed":5,"minecraft:time_since_rest":11977,"minecraft:open_enderchest":11,"minecraft:damage_taken":15670,"minecraft:damage_dealt":9556,"minecraft:player_kills":4,"minecraft:swim_one_cm":382992,"minecraft:fly_one_cm":3869121,"minecraft:open_chest":107,"minecraft:crouch_one_cm":47204,"minecraft:aviate_one_cm":5680674,"minecraft:interact_with_smoker":3,"minecraft:fall_one_cm":402885,"minecraft:horse_one_cm":82058},"minecraft:dropped":{"minecraft:water_bucket":1,"minecraft:spruce_sign":4,"minecraft:iron_ingot":128,"minecraft:bread":64,"minecraft:iron_sword":1,"minecraft:netherite_pickaxe":1,"minecraft:brown_mushroom":2,"minecraft:wheat_seeds":16,"minecraft:cooked_beef":10,"minecraft:baked_potato":2,"minecraft:diamond":1,"minecraft:diamond_leggings":1,"minecraft:spectral_arrow":1,"minecraft:spruce_door":4,"minecraft:elytra":2,"minecraft:coal":6,"minecraft:flint":1,"minecraft:stick":7,"minecraft:lava_bucket":1,"minecraft:dirt":4,"minecraft:packed_ice":4,"minecraft:milk_bucket":1,"minecraft:diorite":4,"minecraft:golden_carrot":14,"minecraft:ink_sac":1,"minecraft:cooked_salmon":1,"minecraft:snowball":10,"minecraft:diamond_helmet":2,"minecraft:iron_leggings":2,"minecraft:pumpkin":2,"minecraft:iron_axe":1,"minecraft:string":3,"minecraft:white_wool":1,"minecraft:spruce_sapling":4,"minecraft:armor_stand":1,"minecraft:bone":5,"minecraft:gravel":2,"minecraft:furnace":1,"minecraft:kelp":6,"minecraft:player_head":3,"minecraft:iron_nugget":1,"minecraft:ender_chest":1,"minecraft:cobbled_deepslate":2,"minecraft:light_gray_terracotta":2,"minecraft:deepslate":64,"minecraft:netherite_sword":2,"minecraft:wheat":6,"minecraft:raw_iron":3,"minecraft:oak_planks":5,"minecraft:iron_boots":2,"minecraft:white_terracotta":256,"minecraft:shulker_box":1,"minecraft:carrot":61,"minecraft:diamond_sword":2,"minecraft:potato":4,"minecraft:shield":2,"minecraft:diamond_chestplate":1,"minecraft:spruce_planks":10,"minecraft:iron_chestplate":2,"minecraft:diamond_pickaxe":2,"minecraft:andesite":10,"minecraft:diamond_boots":1,"minecraft:bow":2,"minecraft:arrow":57,"minecraft:stone_pickaxe":1,"minecraft:beef":1,"minecraft:wooden_pickaxe":1,"minecraft:scaffolding":1,"minecraft:firework_rocket":35,"minecraft:terracotta":358},"minecraft:killed":{"minecraft:spider":1,"minecraft:skeleton":7,"minecraft:salmon":8,"minecraft:creeper":1,"minecraft:sheep":2,"minecraft:zombie":5,"minecraft:cow":1}},"DataVersion":3120}