{"stats":{"minecraft:crafted":{"minecraft:black_dye":36,"minecraft:smooth_stone":15,"minecraft:dark_oak_wood":192,"minecraft:birch_boat":2,"minecraft:chain":2,"minecraft:loom":1,"minecraft:shulker_box":1,"minecraft:quartz_block":103,"minecraft:glass":1436,"minecraft:acacia_fence":18,"minecraft:dried_kelp_block":28,"minecraft:flower_pot":2,"minecraft:wooden_shovel":1,"minecraft:cooked_porkchop":8,"minecraft:diamond_axe":1,"minecraft:acacia_slab":12,"minecraft:polished_andesite_stairs":24,"minecraft:spruce_door":3,"minecraft:campfire":38,"minecraft:stone_slab":6,"minecraft:iron_pickaxe":5,"minecraft:iron_block":24,"minecraft:birch_stairs":4,"minecraft:jungle_sign":15,"minecraft:stone_shovel":1,"minecraft:smooth_stone_slab":30,"minecraft:jukebox":1,"minecraft:iron_nugget":108,"minecraft:bone_meal":987,"minecraft:spruce_fence":18,"minecraft:white_carpet":3,"minecraft:lantern":12,"minecraft:diamond":54,"minecraft:dark_oak_fence":21,"minecraft:spruce_stairs":56,"minecraft:ladder":57,"minecraft:spruce_slab":36,"minecraft:stone_pickaxe":1,"minecraft:dark_oak_planks":624,"minecraft:dried_kelp":207,"minecraft:acacia_trapdoor":44,"minecraft:gray_concrete_powder":256,"minecraft:acacia_stairs":48,"minecraft:jungle_slab":6,"minecraft:oak_stairs":12,"minecraft:wooden_axe":1,"minecraft:birch_trapdoor":22,"minecraft:black_stained_glass_pane":16,"minecraft:iron_shovel":3,"minecraft:iron_leggings":1,"minecraft:armor_stand":1,"minecraft:brick":6,"minecraft:oak_planks":428,"minecraft:cobblestone_slab":6,"minecraft:barrel":22,"minecraft:cooked_chicken":1,"minecraft:stone":8,"minecraft:cobblestone_stairs":4,"minecraft:warped_planks":24,"minecraft:iron_boots":1,"minecraft:blackstone_wall":6,"minecraft:chest":14,"minecraft:stone_bricks":20,"minecraft:quartz_stairs":60,"minecraft:oak_slab":24,"minecraft:cauldron":1,"minecraft:crafting_table":7,"minecraft:spruce_planks":372,"minecraft:wooden_pickaxe":1,"minecraft:iron_helmet":1,"minecraft:birch_planks":364,"minecraft:spruce_trapdoor":10,"minecraft:dark_oak_slab":60,"minecraft:iron_chestplate":1,"minecraft:charcoal":67,"minecraft:birch_fence":18,"minecraft:stick":290,"minecraft:iron_ingot":334,"minecraft:stone_sword":1,"minecraft:dark_oak_fence_gate":9,"minecraft:sponge":165,"minecraft:shears":1,"minecraft:green_carpet":18,"minecraft:polished_andesite":100,"minecraft:oak_door":3,"minecraft:stone_brick_wall":12,"minecraft:fishing_rod":1,"minecraft:furnace":7,"minecraft:dark_oak_trapdoor":20,"minecraft:gray_dye":64,"minecraft:glass_pane":64,"minecraft:diamond_block":8,"minecraft:iron_axe":7,"minecraft:spruce_wood":192,"minecraft:iron_hoe":1,"minecraft:cobblestone_wall":18,"minecraft:birch_sign":30,"minecraft:cooked_beef":23,"minecraft:cooked_cod":2,"minecraft:bone_block":19,"minecraft:dark_oak_stairs":48,"minecraft:iron_sword":2,"minecraft:bucket":2,"minecraft:stone_axe":1,"minecraft:air":0,"minecraft:jungle_planks":516,"minecraft:black_stained_glass":8,"minecraft:white_wool":5,"minecraft:white_dye":34,"minecraft:anvil":1,"minecraft:acacia_planks":248,"minecraft:torch":176},"minecraft:mined":{"minecraft:dark_oak_planks":200,"minecraft:jungle_leaves":59,"minecraft:obsidian":1,"minecraft:granite":5,"minecraft:acacia_log":441,"minecraft:stone_brick_wall":2,"minecraft:jungle_log":396,"minecraft:green_concrete":64,"minecraft:crimson_fungus":35,"minecraft:oak_wall_sign":1,"minecraft:tall_seagrass":23,"minecraft:magma_block":3,"minecraft:fire":8,"minecraft:cobbled_deepslate":38,"minecraft:barrel":10,"minecraft:cyan_wall_banner":3,"minecraft:pumpkin":23,"minecraft:oak_sign":2,"minecraft:dirt_path":7,"minecraft:oak_stairs":14,"minecraft:green_carpet":5,"minecraft:spruce_wood":31,"minecraft:player_head":7,"minecraft:player_wall_head":1,"minecraft:kelp_plant":31,"minecraft:soul_fire":5,"minecraft:powder_snow":5,"minecraft:torch":22,"minecraft:dark_oak_wood":73,"minecraft:blast_furnace":7,"minecraft:melon":4,"minecraft:polished_andesite_stairs":34,"minecraft:glass":138,"minecraft:sugar_cane":5,"minecraft:birch_sapling":21,"minecraft:lilac":4,"minecraft:jukebox":5,"minecraft:warped_fungus":67,"minecraft:grass":69,"minecraft:dark_oak_sapling":12,"minecraft:red_mushroom_block":1,"minecraft:yellow_terracotta":1,"minecraft:dark_oak_log":3580,"minecraft:stripped_birch_log":171,"minecraft:shulker_box":143,"minecraft:dark_oak_fence":2,"minecraft:spruce_fence":19,"minecraft:jungle_planks":3,"minecraft:crimson_roots":4,"minecraft:moss_block":2,"minecraft:kelp":107,"minecraft:black_stained_glass_pane":14,"minecraft:acacia_trapdoor":10,"minecraft:acacia_wood":1,"minecraft:andesite":169,"minecraft:vine":20,"minecraft:cobblestone_slab":2,"minecraft:warped_stem":14,"minecraft:bamboo_sapling":2,"minecraft:bamboo":9,"minecraft:bone_block":7,"minecraft:green_wool":1,"minecraft:ender_chest":1,"minecraft:birch_stairs":2,"minecraft:oak_slab":1,"minecraft:gray_concrete":39,"minecraft:glass_pane":22,"minecraft:soul_sand":7,"minecraft:stone_brick_slab":3,"minecraft:dandelion":1,"minecraft:jungle_sign":2,"minecraft:emerald_ore":1,"minecraft:sponge":2,"minecraft:warped_roots":7,"minecraft:campfire":2,"minecraft:tall_grass":14,"minecraft:dried_kelp_block":1,"minecraft:diorite":191,"minecraft:warped_wart_block":34,"minecraft:light_blue_bed":2,"minecraft:spruce_log":1533,"minecraft:birch_leaves":136,"minecraft:mycelium":220,"minecraft:gravel":527,"minecraft:cobweb":85,"minecraft:birch_sign":2,"minecraft:fern":2,"minecraft:spruce_planks":56,"minecraft:oak_sapling":2,"minecraft:brewing_stand":1,"minecraft:spruce_trapdoor":10,"minecraft:grass_block":265,"minecraft:iron_ore":9,"minecraft:dark_oak_stairs":6,"minecraft:birch_wall_sign":10,"minecraft:quartz_block":47,"minecraft:blackstone":42,"minecraft:clay":3,"minecraft:poppy":1,"minecraft:chest":6,"minecraft:mushroom_stem":1,"minecraft:nether_quartz_ore":371,"minecraft:cobblestone":7,"minecraft:oak_planks":37,"minecraft:prismarine":3,"minecraft:wall_torch":3,"minecraft:seagrass":31,"minecraft:warped_nylium":5,"minecraft:acacia_sapling":1,"minecraft:dark_oak_slab":16,"minecraft:nether_wart_block":3,"minecraft:birch_log":996,"minecraft:birch_trapdoor":21,"minecraft:smooth_stone_slab":21,"minecraft:oak_log":618,"minecraft:sand":2028,"minecraft:dirt":235,"minecraft:netherrack":231,"minecraft:oak_leaves":223,"minecraft:quartz_stairs":135,"minecraft:oak_door":2,"minecraft:dark_oak_leaves":129,"minecraft:blackstone_wall":6,"minecraft:ladder":8,"minecraft:stone_button":1,"minecraft:cyan_banner":1,"minecraft:birch_slab":3,"minecraft:spruce_leaves":359,"minecraft:large_fern":1,"minecraft:furnace":5,"minecraft:spruce_sapling":11,"minecraft:nether_sprouts":3,"minecraft:acacia_stairs":7,"minecraft:stripped_spruce_log":1,"minecraft:peony":5,"minecraft:bell":1,"minecraft:lantern":4,"minecraft:stripped_oak_log":248,"minecraft:wet_sponge":165,"minecraft:stone":571,"minecraft:acacia_leaves":92,"minecraft:basalt":45,"minecraft:crafting_table":15,"minecraft:honey_block":1,"minecraft:rose_bush":4,"minecraft:lime_carpet":1,"minecraft:prismarine_bricks":1,"minecraft:spruce_stairs":55,"minecraft:birch_planks":168,"minecraft:sea_pickle":31,"minecraft:coal_ore":33,"minecraft:jungle_wall_sign":12},"minecraft:killed_by":{"minecraft:creeper":2,"minecraft:skeleton":4},"minecraft:killed":{"minecraft:cod":6,"minecraft:dolphin":1,"minecraft:skeleton":15,"minecraft:chicken":3,"minecraft:iron_golem":1,"minecraft:zombie":30,"minecraft:cow":8,"minecraft:enderman":4,"minecraft:spider":11,"minecraft:axolotl":1,"minecraft:pig":3,"minecraft:zombie_villager":1,"minecraft:creeper":4,"minecraft:mooshroom":6,"minecraft:ghast":1,"minecraft:phantom":7,"minecraft:drowned":10,"minecraft:squid":29},"minecraft:custom":{"minecraft:interact_with_crafting_table":243,"minecraft:open_barrel":647,"minecraft:bell_ring":25,"minecraft:eat_cake_slice":2,"minecraft:leave_game":54,"minecraft:time_since_death":390540,"minecraft:play_time":3140994,"minecraft:deaths":7,"minecraft:jump":39272,"minecraft:interact_with_furnace":498,"minecraft:play_record":8,"minecraft:sleep_in_bed":31,"minecraft:damage_dealt":25605,"minecraft:horse_one_cm":12132,"minecraft:inspect_dropper":1,"minecraft:interact_with_anvil":8,"minecraft:inspect_hopper":2,"minecraft:sneak_time":62112,"minecraft:interact_with_lectern":22,"minecraft:interact_with_blast_furnace":17,"minecraft:total_world_time":3140994,"minecraft:time_since_rest":70,"minecraft:swim_one_cm":6186668,"minecraft:fly_one_cm":11429505,"minecraft:open_chest":1515,"minecraft:fish_caught":1,"minecraft:fall_one_cm":903739,"minecraft:animals_bred":1,"minecraft:open_shulker_box":622,"minecraft:clean_banner":6,"minecraft:damage_resisted":94,"minecraft:sprint_one_cm":5999494,"minecraft:drop":281,"minecraft:talked_to_villager":3,"minecraft:walk_on_water_one_cm":607860,"minecraft:interact_with_loom":3,"minecraft:open_enderchest":14,"minecraft:player_kills":1,"minecraft:crouch_one_cm":199646,"minecraft:mob_kills":143,"minecraft:fill_cauldron":2,"minecraft:climb_one_cm":180075,"minecraft:walk_one_cm":5697631,"minecraft:walk_under_water_one_cm":1581685,"minecraft:boat_one_cm":16771324,"minecraft:pot_flower":2,"minecraft:damage_taken":16708,"minecraft:aviate_one_cm":4552199},"minecraft:picked_up":{"minecraft:wooden_axe":4,"minecraft:iron_chestplate":1,"minecraft:lead":13,"minecraft:stone_slab":22,"minecraft:diamond_sword":6,"minecraft:oak_stairs":20,"minecraft:enchanted_book":1,"minecraft:brewing_stand":1,"minecraft:music_disc_cat":1,"minecraft:string":165,"minecraft:dark_oak_trapdoor":2,"minecraft:diamond_leggings":1,"minecraft:gold_nugget":1,"minecraft:cobbled_deepslate":38,"minecraft:spruce_planks":82,"minecraft:written_book":3,"minecraft:melon_slice":32,"minecraft:jukebox":5,"minecraft:acacia_log":441,"minecraft:golden_chestplate":1,"minecraft:lime_carpet":1,"minecraft:honey_bottle":8,"minecraft:tropical_fish":1,"minecraft:blackstone_wall":12,"minecraft:sponge":52,"minecraft:birch_log":1509,"minecraft:magma_block":4,"minecraft:feather":8,"minecraft:birch_slab":3,"minecraft:water_bucket":4,"minecraft:jungle_log":827,"minecraft:flint":22,"minecraft:gray_concrete":39,"minecraft:lantern":4,"minecraft:diamond_helmet":4,"minecraft:moss_block":2,"minecraft:warped_wart_block":34,"minecraft:stripped_spruce_log":1,"minecraft:ink_sac":78,"minecraft:acacia_stairs":7,"minecraft:dark_oak_log":3627,"minecraft:barrel":10,"minecraft:green_concrete":64,"minecraft:granite":2,"minecraft:bread":96,"minecraft:dark_oak_fence":2,"minecraft:crimson_roots":2,"minecraft:diamond_pickaxe":8,"minecraft:crafting_table":17,"minecraft:clay_ball":12,"minecraft:purpur_block":4,"minecraft:elytra":1,"minecraft:flint_and_steel":3,"minecraft:netherite_scrap":2,"minecraft:glass_pane":10,"minecraft:music_disc_otherside":3,"minecraft:beef":47,"minecraft:jungle_sapling":90,"minecraft:poppy":2,"minecraft:quartz_stairs":195,"minecraft:chest":16,"minecraft:birch_sapling":422,"minecraft:sandstone":6,"minecraft:stone":39,"minecraft:oak_door":6,"minecraft:spruce_fence":19,"minecraft:white_dye":1,"minecraft:jungle_sign":14,"minecraft:diamond_chestplate":1,"minecraft:cooked_cod":13,"minecraft:peony":5,"minecraft:diamond_boots":1,"minecraft:yellow_terracotta":1,"minecraft:totem_of_undying":9,"minecraft:bone_block":105,"minecraft:white_wool":1,"minecraft:stripped_oak_log":351,"minecraft:birch_leaves":1,"minecraft:clock":6,"minecraft:oak_log":677,"minecraft:lily_pad":7,"minecraft:apple":65,"minecraft:kelp":1167,"minecraft:warped_stem":14,"minecraft:music_disc_far":1,"minecraft:iron_sword":5,"minecraft:dark_oak_stairs":26,"minecraft:polished_andesite_stairs":34,"minecraft:dark_oak_slab":21,"minecraft:sweet_berries":85,"minecraft:spyglass":4,"minecraft:gravel":638,"minecraft:birch_stairs":2,"minecraft:spruce_sapling":229,"minecraft:spruce_log":1539,"minecraft:diamond_shovel":11,"minecraft:firework_rocket":1,"minecraft:diamond_axe":14,"minecraft:birch_sign":17,"minecraft:warped_roots":6,"minecraft:baked_potato":107,"minecraft:melon_seeds":4,"minecraft:warped_nylium":4,"minecraft:ender_pearl":4,"minecraft:shulker_shell":58,"minecraft:music_disc_strad":1,"minecraft:ender_chest":2,"minecraft:smooth_stone_slab":455,"minecraft:iron_leggings":1,"minecraft:armor_stand":2,"minecraft:oak_sign":5,"minecraft:sea_pickle":139,"minecraft:rose_bush":4,"minecraft:cobblestone_slab":2,"minecraft:iron_pickaxe":2,"minecraft:furnace":5,"minecraft:iron_boots":5,"minecraft:stick":893,"minecraft:acacia_fence":2,"minecraft:birch_trapdoor":43,"minecraft:torch":94,"minecraft:spruce_stairs":111,"minecraft:porkchop":16,"minecraft:dried_kelp":45,"minecraft:music_disc_pigstep":3,"minecraft:diorite":174,"minecraft:quartz_block":47,"minecraft:rotten_flesh":60,"minecraft:green_wool":4,"minecraft:obsidian":15,"minecraft:cod":72,"minecraft:cobblestone":577,"minecraft:lilac":4,"minecraft:andesite":167,"minecraft:golden_leggings":1,"minecraft:potato":1,"minecraft:prismarine_bricks":1,"minecraft:acacia_boat":47,"minecraft:stripped_birch_log":184,"minecraft:dirt":872,"minecraft:name_tag":4,"minecraft:glass":140,"minecraft:bone":256,"minecraft:bow":1,"minecraft:wheat_seeds":28,"minecraft:raw_gold":1,"minecraft:bell":1,"minecraft:bamboo":110,"minecraft:prismarine":8,"minecraft:oak_planks":31,"minecraft:axolotl_bucket":1,"minecraft:black_stained_glass_pane":14,"minecraft:jungle_planks":6,"minecraft:sand":2065,"minecraft:diamond_block":6,"minecraft:shulker_box":168,"minecraft:diamond":27,"minecraft:spruce_boat":1,"minecraft:bone_meal":117,"minecraft:golden_apple":9,"minecraft:emerald":2,"minecraft:oak_sapling":254,"minecraft:netherrack":240,"minecraft:chicken":8,"minecraft:ladder":10,"minecraft:brown_mushroom":60,"minecraft:wooden_pickaxe":2,"minecraft:stone_brick_wall":3,"minecraft:mycelium":35,"minecraft:birch_fence":4,"minecraft:blackstone":47,"minecraft:oak_boat":176,"minecraft:player_head":19,"minecraft:sugar_cane":19,"minecraft:phantom_membrane":19,"minecraft:spruce_trapdoor":10,"minecraft:dark_oak_sapling":342,"minecraft:raw_iron":73,"minecraft:copper_ingot":3,"minecraft:stone_button":1,"minecraft:cookie":2,"minecraft:trident":8,"minecraft:light_blue_bed":3,"minecraft:dark_oak_planks":215,"minecraft:arrow":21,"minecraft:pumpkin_pie":56,"minecraft:wet_sponge":167,"minecraft:basalt":39,"minecraft:golden_carrot":111,"minecraft:salmon":1,"minecraft:leather":15,"minecraft:birch_planks":223,"minecraft:mushroom_stew":1,"minecraft:crimson_fungus":35,"minecraft:gunpowder":7,"minecraft:nether_wart_block":3,"minecraft:cobblestone_wall":2,"minecraft:wooden_hoe":1,"minecraft:acacia_trapdoor":10,"minecraft:heart_of_the_sea":1,"minecraft:spruce_wood":31,"minecraft:iron_ingot":61,"minecraft:cooked_chicken":5,"minecraft:soul_sand":7,"minecraft:acacia_sapling":181,"minecraft:oak_slab":1,"minecraft:warped_fungus":131,"minecraft:pumpkin":46,"minecraft:birch_boat":120,"minecraft:stone_brick_slab":3,"minecraft:quartz":412,"minecraft:dandelion":1,"minecraft:lava_bucket":1,"minecraft:blast_furnace":7,"minecraft:nether_brick_slab":96,"minecraft:green_carpet":15,"minecraft:spider_eye":5,"minecraft:spruce_door":2,"minecraft:cyan_banner":5,"minecraft:dried_kelp_block":6,"minecraft:campfire":2,"minecraft:iron_helmet":1,"minecraft:acacia_slab":2,"minecraft:netherite_hoe":1,"minecraft:dark_oak_wood":73,"minecraft:coal":41},"minecraft:dropped":{"minecraft:diamond":21,"minecraft:crafting_table":1,"minecraft:cookie":2,"minecraft:elytra":1,"minecraft:gold_nugget":1,"minecraft:bone_meal":1,"minecraft:phantom_membrane":4,"minecraft:dark_oak_planks":14,"minecraft:bone":38,"minecraft:golden_chestplate":1,"minecraft:birch_sapling":9,"minecraft:rotten_flesh":43,"minecraft:jungle_log":64,"minecraft:white_dye":2,"minecraft:glass":3,"minecraft:beef":9,"minecraft:enchanted_book":1,"minecraft:wheat_seeds":1,"minecraft:feather":8,"minecraft:granite":2,"minecraft:mushroom_stew":1,"minecraft:golden_apple":3,"minecraft:jungle_slab":6,"minecraft:golden_carrot":27,"minecraft:ink_sac":1,"minecraft:wooden_hoe":1,"minecraft:blackstone_wall":6,"minecraft:wooden_axe":1,"minecraft:stripped_birch_log":1,"minecraft:pumpkin":12,"minecraft:string":3,"minecraft:lily_pad":7,"minecraft:spruce_sapling":2,"minecraft:netherite_hoe":1,"minecraft:player_head":4,"minecraft:smooth_stone_slab":95,"minecraft:chicken":1,"minecraft:iron_boots":1,"minecraft:stone_slab":28,"minecraft:oak_sign":1,"minecraft:spruce_boat":1,"minecraft:bamboo":48,"minecraft:spider_eye":2,"minecraft:sandstone":2,"minecraft:bow":1,"minecraft:bell":7,"minecraft:acacia_boat":2,"minecraft:soul_sand":7,"minecraft:brown_mushroom":60,"minecraft:diamond_axe":2,"minecraft:oak_log":31,"minecraft:baked_potato":15,"minecraft:cod":2,"minecraft:flint":15,"minecraft:dark_oak_log":1,"minecraft:netherite_scrap":1,"minecraft:crimson_roots":2,"minecraft:pumpkin_pie":1,"minecraft:birch_log":1,"minecraft:gravel":19,"minecraft:crimson_fungus":1,"minecraft:music_disc_otherside":1,"minecraft:shulker_shell":22,"minecraft:trident":5,"minecraft:gunpowder":2,"minecraft:stone_brick_wall":1,"minecraft:chest":11,"minecraft:arrow":15,"minecraft:written_book":1,"minecraft:netherrack":2,"minecraft:bread":1,"minecraft:stripped_spruce_log":1,"minecraft:tropical_fish":1,"minecraft:stick":184,"minecraft:iron_block":31,"minecraft:brewing_stand":1,"minecraft:torch":2,"minecraft:bucket":1,"minecraft:kelp":54,"minecraft:sweet_berries":31,"minecraft:ender_chest":1,"minecraft:totem_of_undying":5,"minecraft:shulker_box":4,"minecraft:flint_and_steel":1,"minecraft:golden_leggings":1,"minecraft:oak_boat":1,"minecraft:raw_gold":1},"minecraft:broken":{"minecraft:wooden_shovel":1,"minecraft:diamond_shovel":1,"minecraft:iron_sword":2,"minecraft:iron_hoe":1,"minecraft:iron_axe":7,"minecraft:iron_pickaxe":5,"minecraft:iron_shovel":3,"minecraft:stone_pickaxe":1,"minecraft:stone_axe":1,"minecraft:stone_shovel":1,"minecraft:diamond_axe":2},"minecraft:used":{"minecraft:peony":5,"minecraft:moss_block":1,"minecraft:music_disc_far":1,"minecraft:writable_book":7,"minecraft:spruce_slab":8,"minecraft:ladder":28,"minecraft:poppy":2,"minecraft:chest":18,"minecraft:stone":83,"minecraft:quartz_stairs":135,"minecraft:rotten_flesh":2,"minecraft:acacia_sapling":49,"minecraft:jungle_sapling":20,"minecraft:lava_bucket":1,"minecraft:music_disc_pigstep":3,"minecraft:black_stained_glass_pane":22,"minecraft:birch_sapling":168,"minecraft:polished_andesite_stairs":52,"minecraft:quartz_block":60,"minecraft:wet_sponge":2,"minecraft:dark_oak_slab":52,"minecraft:bow":6,"minecraft:sweet_berries":28,"minecraft:oak_sapling":93,"minecraft:furnace":12,"minecraft:cooked_cod":15,"minecraft:acacia_fence":17,"minecraft:potato":1,"minecraft:diorite":92,"minecraft:spruce_door":1,"minecraft:stripped_birch_log":143,"minecraft:acacia_trapdoor":50,"minecraft:prismarine":43,"minecraft:blackstone":31,"minecraft:wooden_pickaxe":16,"minecraft:dark_oak_trapdoor":18,"minecraft:sand":404,"minecraft:blast_furnace":7,"minecraft:gray_concrete":39,"minecraft:birch_fence":16,"minecraft:birch_slab":3,"minecraft:stone_button":1,"minecraft:lilac":4,"minecraft:nether_wart_block":3,"minecraft:diamond_sword":37,"minecraft:dark_oak_fence":23,"minecraft:green_concrete_powder":64,"minecraft:birch_log":96,"minecraft:oak_boat":169,"minecraft:stone_sword":61,"minecraft:acacia_log":49,"minecraft:armor_stand":3,"minecraft:netherrack":134,"minecraft:torch":77,"minecraft:anvil":1,"minecraft:nether_brick_slab":66,"minecraft:iron_axe":1760,"minecraft:jungle_log":3,"minecraft:barrel":32,"minecraft:bamboo":38,"minecraft:basalt":37,"minecraft:beef":2,"minecraft:cobbled_deepslate":36,"minecraft:water_bucket":72,"minecraft:birch_planks":168,"minecraft:cauldron":1,"minecraft:conduit":1,"minecraft:salmon":1,"minecraft:oak_slab":10,"minecraft:crafting_table":19,"minecraft:birch_sign":36,"minecraft:campfire":40,"minecraft:dark_oak_fence_gate":9,"minecraft:cod":16,"minecraft:spruce_log":336,"minecraft:music_disc_strad":1,"minecraft:oak_log":119,"minecraft:diamond_pickaxe":873,"minecraft:diamond_shovel":2492,"minecraft:iron_pickaxe":1252,"minecraft:spruce_trapdoor":20,"minecraft:spruce_sapling":66,"minecraft:green_carpet":32,"minecraft:cobblestone":40,"minecraft:cooked_porkchop":8,"minecraft:glass_pane":52,"minecraft:stripped_oak_log":145,"minecraft:kelp":1,"minecraft:dandelion":1,"minecraft:jukebox":6,"minecraft:iron_shovel":750,"minecraft:bone_block":25,"minecraft:oak_sign":6,"minecraft:iron_sword":412,"minecraft:bell":2,"minecraft:player_head":7,"minecraft:jungle_planks":38,"minecraft:obsidian":14,"minecraft:honey_bottle":16,"minecraft:glass":1106,"minecraft:spruce_wood":203,"minecraft:lantern":16,"minecraft:green_wool":20,"minecraft:warped_nylium":1,"minecraft:dark_oak_wood":198,"minecraft:light_blue_bed":3,"minecraft:gray_concrete_powder":64,"minecraft:birch_trapdoor":22,"minecraft:warped_fungus":3,"minecraft:written_book":3,"minecraft:dark_oak_sapling":323,"minecraft:dark_oak_stairs":31,"minecraft:birch_leaves":1,"minecraft:stone_pickaxe":133,"minecraft:oak_planks":45,"minecraft:ender_pearl":2,"minecraft:diamond_axe":8014,"minecraft:white_wool":3,"minecraft:yellow_terracotta":1,"minecraft:loom":1,"minecraft:sponge":166,"minecraft:blackstone_wall":6,"minecraft:stone_brick_wall":18,"minecraft:firework_rocket":104,"minecraft:dark_oak_log":53,"minecraft:lime_carpet":1,"minecraft:melon_slice":2,"minecraft:bread":64,"minecraft:gravel":44,"minecraft:jungle_sign":15,"minecraft:chain":2,"minecraft:smooth_stone_slab":379,"minecraft:bone_meal":363,"minecraft:trident":1192,"minecraft:rose_bush":4,"minecraft:music_disc_otherside":2,"minecraft:flint_and_steel":1,"minecraft:stone_shovel":131,"minecraft:spruce_planks":60,"minecraft:ender_chest":1,"minecraft:wooden_shovel":59,"minecraft:cooked_chicken":26,"minecraft:dried_kelp_block":1,"minecraft:oak_door":2,"minecraft:dirt":366,"minecraft:spyglass":31,"minecraft:white_carpet":3,"minecraft:spruce_stairs":55,"minecraft:cobblestone_wall":18,"minecraft:diamond_helmet":3,"minecraft:shulker_box":147,"minecraft:spruce_fence":37,"minecraft:iron_hoe":250,"minecraft:stone_brick_slab":1,"minecraft:dark_oak_planks":224,"minecraft:wooden_axe":8,"minecraft:oak_stairs":20,"minecraft:acacia_slab":6,"minecraft:iron_boots":3,"minecraft:light_gray_wool":20,"minecraft:golden_carrot":160,"minecraft:cyan_banner":5,"minecraft:cooked_beef":23,"minecraft:pumpkin":11,"minecraft:acacia_boat":40,"minecraft:cobblestone_stairs":4,"minecraft:baked_potato":99,"minecraft:birch_boat":121,"minecraft:cobblestone_slab":8,"minecraft:music_disc_cat":1,"minecraft:warped_planks":21,"minecraft:flower_pot":2,"minecraft:acacia_stairs":43,"minecraft:apple":1,"minecraft:stone_axe":134,"minecraft:fishing_rod":1,"minecraft:bucket":74,"minecraft:pumpkin_pie":18,"minecraft:sea_pickle":35,"minecraft:birch_stairs":2}},"DataVersion":3120}