{"stats":{"minecraft:picked_up":{"minecraft:suspicious_stew":2,"minecraft:stone_slab":3,"minecraft:smithing_table":1,"minecraft:lead":26,"minecraft:enchanted_book":6,"minecraft:music_disc_cat":1,"minecraft:polished_deepslate":6,"minecraft:string":23,"minecraft:pufferfish":6,"minecraft:shroomlight":53,"minecraft:sculk_shrieker":2,"minecraft:diamond_leggings":4,"minecraft:hopper_minecart":8,"minecraft:diamond_ore":11,"minecraft:big_dripleaf":8,"minecraft:acacia_log":147,"minecraft:cut_copper_stairs":5,"minecraft:honeycomb_block":690,"minecraft:honey_bottle":9662,"minecraft:glowstone":1,"minecraft:bookshelf":43,"minecraft:end_rod":15,"minecraft:blaze_rod":8,"minecraft:iron_bars":1,"minecraft:sponge":83,"minecraft:feather":123,"minecraft:cooked_beef":143,"minecraft:medium_amethyst_bud":5,"minecraft:water_bucket":18,"minecraft:dark_oak_boat":14,"minecraft:copper_block":263,"minecraft:flint":36,"minecraft:pink_concrete_powder":7,"minecraft:lantern":311,"minecraft:purple_carpet":3,"minecraft:large_amethyst_bud":8,"minecraft:stonecutter":1,"minecraft:dark_oak_sign":4,"minecraft:diamond_helmet":3,"minecraft:honeycomb":9239,"minecraft:stripped_spruce_log":1,"minecraft:brown_mushroom_block":45,"minecraft:netherite_block":1,"minecraft:deepslate":7259,"minecraft:lever":5,"minecraft:granite":722,"minecraft:cyan_dye":2,"minecraft:deepslate_coal_ore":1,"minecraft:light_gray_carpet":3,"minecraft:diamond_pickaxe":7,"minecraft:bee_nest":25,"minecraft:clay_ball":58,"minecraft:dragon_head":1,"minecraft:purpur_block":1,"minecraft:cornflower":2,"minecraft:elytra":18,"minecraft:flint_and_steel":5,"minecraft:white_carpet":113,"minecraft:iron_shovel":3,"minecraft:glass_pane":89,"minecraft:netherite_sword":14,"minecraft:jungle_sapling":1,"minecraft:poppy":7,"minecraft:spruce_slab":1,"minecraft:minecart":14,"minecraft:piston":24,"minecraft:copper_ore":1073,"minecraft:lime_shulker_box":7,"minecraft:stone":36590,"minecraft:netherite_pickaxe":30,"minecraft:cyan_shulker_box":8,"minecraft:diamond_chestplate":6,"minecraft:totem_of_undying":22,"minecraft:polished_blackstone":1,"minecraft:mutton":1,"minecraft:rail":39,"minecraft:emerald_ore":13,"minecraft:yellow_shulker_box":47,"minecraft:purpur_stairs":1,"minecraft:paper":731,"minecraft:apple":12,"minecraft:warped_stem":239,"minecraft:spore_blossom":10,"minecraft:yellow_stained_glass":1,"minecraft:iron_ore":539,"minecraft:gray_bed":4,"minecraft:dark_oak_stairs":20,"minecraft:smooth_basalt":107,"minecraft:milk_bucket":1,"minecraft:sweet_berries":3414,"minecraft:red_wool":1,"minecraft:lime_concrete":1,"minecraft:crying_obsidian":5,"minecraft:leather_helmet":3,"minecraft:oak_wood":110,"minecraft:diamond_shovel":3,"minecraft:coal_ore":925,"minecraft:slime_ball":152,"minecraft:deepslate_redstone_ore":715,"minecraft:birch_sign":3,"minecraft:lodestone":1,"minecraft:baked_potato":214,"minecraft:hopper":11,"minecraft:ender_chest":314,"minecraft:yellow_wool":2,"minecraft:stone_brick_stairs":38,"minecraft:lapis_block":8,"minecraft:deepslate_lapis_ore":51,"minecraft:experience_bottle":128,"minecraft:red_sand":65,"minecraft:smooth_stone":220,"minecraft:comparator":1,"minecraft:bucket":3,"minecraft:light_weighted_pressure_plate":5,"minecraft:rose_bush":55,"minecraft:azalea":10,"minecraft:iron_pickaxe":7,"minecraft:deepslate_iron_ore":451,"minecraft:tipped_arrow":259,"minecraft:polished_deepslate_stairs":5,"minecraft:spruce_stairs":10,"minecraft:netherite_shovel":14,"minecraft:diorite":2306,"minecraft:goat_horn":1,"minecraft:andesite_wall":12,"minecraft:rotten_flesh":128,"minecraft:brown_shulker_box":6,"minecraft:deepslate_copper_ore":139,"minecraft:music_disc_wait":3,"minecraft:obsidian":177,"minecraft:cobblestone":1270,"minecraft:repeater":9,"minecraft:andesite":2543,"minecraft:beacon":4,"minecraft:potato":8,"minecraft:smooth_sandstone_stairs":1,"minecraft:prismarine_bricks":64,"minecraft:stripped_birch_log":1,"minecraft:dirt":4499,"minecraft:cut_sandstone_slab":1,"minecraft:name_tag":21,"minecraft:glass":460,"minecraft:bone":57,"minecraft:acacia_planks":64,"minecraft:granite_wall":5,"minecraft:bow":56,"minecraft:wheat_seeds":455,"minecraft:purple_stained_glass_pane":263,"minecraft:mossy_stone_bricks":1,"minecraft:fletching_table":5,"minecraft:bamboo":299,"minecraft:cyan_concrete":1,"minecraft:light_blue_shulker_box":5,"minecraft:melon":30,"minecraft:grass_block":575,"minecraft:diamond_block":2,"minecraft:spectral_arrow":1,"minecraft:netherite_helmet":22,"minecraft:yellow_stained_glass_pane":6,"minecraft:crossbow":14,"minecraft:bone_meal":1,"minecraft:grass":20,"minecraft:golden_apple":74,"minecraft:spruce_sign":50,"minecraft:emerald":854,"minecraft:netherrack":119,"minecraft:oak_leaves":3612,"minecraft:azure_bluet":1,"minecraft:splash_potion":4,"minecraft:ladder":7,"minecraft:packed_ice":12460,"minecraft:brown_mushroom":399,"minecraft:pink_wool":11,"minecraft:stone_brick_wall":3,"minecraft:chain":18,"minecraft:shield":4,"minecraft:oak_trapdoor":7,"minecraft:moss_carpet":9,"minecraft:mycelium":1759,"minecraft:birch_fence":3,"minecraft:magenta_wool":7,"minecraft:end_stone":142,"minecraft:flowering_azalea_leaves":390,"minecraft:note_block":10,"minecraft:cookie":9,"minecraft:trident":23,"minecraft:light_blue_bed":1,"minecraft:weeping_vines":2,"minecraft:red_shulker_box":66,"minecraft:netherite_boots":21,"minecraft:jungle_boat":1,"minecraft:basalt":20,"minecraft:dark_oak_button":1,"minecraft:golden_carrot":951,"minecraft:leather":13,"minecraft:music_disc_stal":1,"minecraft:ice":4,"minecraft:crimson_fungus":11,"minecraft:gunpowder":31,"minecraft:cobbled_deepslate_stairs":2,"minecraft:cooked_mutton":1,"minecraft:red_carpet":9,"minecraft:gray_carpet":1,"minecraft:deepslate_emerald_ore":1,"minecraft:spruce_wood":39,"minecraft:iron_ingot":84,"minecraft:cooked_chicken":82,"minecraft:tropical_fish_bucket":1,"minecraft:warped_fungus":2,"minecraft:nether_quartz_ore":2,"minecraft:emerald_block":489,"minecraft:stone_brick_slab":5,"minecraft:dandelion":13,"minecraft:quartz":103,"minecraft:spruce_door":2,"minecraft:sculk_sensor":4,"minecraft:chainmail_leggings":5,"minecraft:damaged_anvil":2,"minecraft:netherite_hoe":16,"minecraft:sunflower":3,"minecraft:iron_chestplate":5,"minecraft:chainmail_boots":3,"minecraft:flower_pot":4,"minecraft:anvil":2,"minecraft:prismarine_shard":4,"minecraft:magenta_carpet":15,"minecraft:diamond_sword":7,"minecraft:oak_stairs":3,"minecraft:wither_rose":2,"minecraft:birch_button":1,"minecraft:brewing_stand":2,"minecraft:golden_sword":1,"minecraft:amethyst_block":589,"minecraft:cooked_salmon":4,"minecraft:blue_stained_glass_pane":5,"minecraft:beetroot":80,"minecraft:gold_nugget":9,"minecraft:cobbled_deepslate":484,"minecraft:spruce_planks":26,"minecraft:written_book":37,"minecraft:azalea_leaves":1135,"minecraft:enchanted_golden_apple":1,"minecraft:coal_block":8,"minecraft:dark_oak_door":14,"minecraft:golden_helmet":2,"minecraft:music_disc_blocks":1,"minecraft:composter":2,"minecraft:pink_carpet":8,"minecraft:deepslate_tile_stairs":86,"minecraft:light_gray_bed":4,"minecraft:tropical_fish":6,"minecraft:blue_dye":1,"minecraft:iron_block":1,"minecraft:netherite_chestplate":19,"minecraft:oxidized_copper":145,"minecraft:iron_door":10,"minecraft:green_concrete_powder":1,"minecraft:powder_snow_bucket":2,"minecraft:smoker":2,"minecraft:netherite_leggings":19,"minecraft:map":60,"minecraft:twisting_vines":2,"minecraft:glowstone_dust":3,"minecraft:moss_block":34,"minecraft:warped_wart_block":1116,"minecraft:dropper":1,"minecraft:ink_sac":12,"minecraft:dark_oak_log":343,"minecraft:barrel":2,"minecraft:dispenser":6,"minecraft:green_concrete":2,"minecraft:writable_book":13,"minecraft:deepslate_gold_ore":278,"minecraft:blue_ice":126,"minecraft:bread":33,"minecraft:chainmail_helmet":1,"minecraft:dark_oak_fence":2,"minecraft:lime_stained_glass_pane":5,"minecraft:crafting_table":32,"minecraft:purple_wool":1,"minecraft:orange_stained_glass_pane":6,"minecraft:red_bed":1,"minecraft:snow":66,"minecraft:compass":14,"minecraft:cracked_stone_bricks":1,"minecraft:deepslate_diamond_ore":159,"minecraft:music_disc_otherside":3,"minecraft:iron_nugget":2,"minecraft:chest":16,"minecraft:egg":437,"minecraft:sandstone":18,"minecraft:polished_deepslate_slab":7,"minecraft:oak_door":2,"minecraft:amethyst_cluster":158,"minecraft:mushroom_stem":10,"minecraft:redstone":4320,"minecraft:prismarine_crystals":1,"minecraft:tnt":1,"minecraft:cooked_cod":19,"minecraft:beetroot_seeds":2,"minecraft:peony":1,"minecraft:diamond_boots":6,"minecraft:shears":19,"minecraft:deepslate_bricks":6,"minecraft:cut_copper":14,"minecraft:gold_ingot":1,"minecraft:white_shulker_box":108,"minecraft:glow_berries":80,"minecraft:white_wool":91,"minecraft:lapis_ore":78,"minecraft:stripped_oak_log":1,"minecraft:red_mushroom_block":50,"minecraft:red_mushroom":336,"minecraft:filled_map":89,"minecraft:brown_concrete":1,"minecraft:oak_log":967,"minecraft:stone_bricks":780,"minecraft:kelp":87,"minecraft:glass_bottle":8760,"minecraft:iron_sword":3,"minecraft:flowering_azalea":19,"minecraft:white_stained_glass_pane":33,"minecraft:dark_oak_slab":38,"minecraft:yellow_concrete":2,"minecraft:spyglass":5,"minecraft:gravel":1582,"minecraft:small_amethyst_bud":21,"minecraft:spruce_sapling":34,"minecraft:spruce_log":585,"minecraft:sea_lantern":31,"minecraft:firework_rocket":1461,"minecraft:light_blue_carpet":12,"minecraft:diamond_axe":19,"minecraft:redstone_ore":60,"minecraft:gray_wool":4,"minecraft:warped_roots":132,"minecraft:crimson_nylium":8,"minecraft:warped_nylium":1,"minecraft:stripped_dark_oak_log":17,"minecraft:ender_pearl":223,"minecraft:shulker_shell":14,"minecraft:wheat":131,"minecraft:exposed_copper":3,"minecraft:iron_trapdoor":14,"minecraft:light_gray_shulker_box":17,"minecraft:green_stained_glass_pane":5,"minecraft:turtle_egg":1,"minecraft:potion":6,"minecraft:crimson_planks":3,"minecraft:raw_copper":9681,"minecraft:smooth_stone_slab":5,"minecraft:iron_leggings":8,"minecraft:sticky_piston":13,"minecraft:armor_stand":9,"minecraft:pink_shulker_box":9,"minecraft:oak_sign":10,"minecraft:black_shulker_box":108,"minecraft:dark_oak_leaves":7,"minecraft:redstone_torch":6,"minecraft:calcite":9611,"minecraft:iron_boots":7,"minecraft:furnace":14,"minecraft:stick":3012,"minecraft:orange_shulker_box":17,"minecraft:deepslate_brick_wall":14,"minecraft:oak_fence":19,"minecraft:torch":922,"minecraft:snow_block":606,"minecraft:pointed_dripstone":12,"minecraft:yellow_concrete_powder":1,"minecraft:quartz_block":12,"minecraft:nether_gold_ore":1,"minecraft:cactus":1,"minecraft:green_wool":1,"minecraft:cod":24,"minecraft:magma_cream":14,"minecraft:chiseled_quartz_block":1,"minecraft:tuff":2038,"minecraft:acacia_boat":2,"minecraft:lapis_lazuli":2189,"minecraft:weathered_cut_copper":1,"minecraft:leather_boots":1,"minecraft:deepslate_brick_slab":22,"minecraft:raw_gold":712,"minecraft:bell":8,"minecraft:light_blue_dye":1,"minecraft:oak_planks":24,"minecraft:pink_stained_glass":1,"minecraft:pink_concrete":100,"minecraft:cooked_porkchop":2,"minecraft:music_disc_13":3,"minecraft:sand":975,"minecraft:axolotl_bucket":1,"minecraft:jungle_planks":40,"minecraft:lily_of_the_valley":25,"minecraft:chiseled_sandstone":1,"minecraft:shulker_box":338,"minecraft:exposed_cut_copper":3,"minecraft:dark_prismarine":26,"minecraft:light_gray_concrete":2,"minecraft:clay":4,"minecraft:spruce_boat":41,"minecraft:diamond":518,"minecraft:black_concrete":2,"minecraft:oak_sapling":135,"minecraft:cocoa_beans":57,"minecraft:fishing_rod":1,"minecraft:charcoal":2,"minecraft:allium":4,"minecraft:chicken":23,"minecraft:turtle_helmet":7,"minecraft:chest_minecart":2,"minecraft:gold_block":10,"minecraft:stone_stairs":1,"minecraft:iron_axe":3,"minecraft:orange_concrete":3,"minecraft:item_frame":287,"minecraft:quartz_slab":7,"minecraft:oak_boat":271,"minecraft:player_head":121,"minecraft:observer":64,"minecraft:tinted_glass":2,"minecraft:light_gray_wool":1,"minecraft:lectern":205,"minecraft:sugar_cane":400,"minecraft:phantom_membrane":42,"minecraft:spruce_trapdoor":6,"minecraft:dark_oak_sapling":45,"minecraft:raw_iron":2256,"minecraft:copper_ingot":2371,"minecraft:bowl":2,"minecraft:stone_button":166,"minecraft:dark_oak_planks":29,"minecraft:arrow":257,"minecraft:light_blue_stained_glass_pane":5,"minecraft:wet_sponge":45,"minecraft:crimson_stem":18,"minecraft:glow_ink_sac":40,"minecraft:salmon":12,"minecraft:birch_planks":311,"minecraft:waxed_copper_block":29,"minecraft:nether_wart_block":40,"minecraft:cobblestone_stairs":4,"minecraft:deepslate_tile_slab":11,"minecraft:cut_copper_slab":4,"minecraft:podzol":2,"minecraft:soul_sand":54,"minecraft:acacia_sapling":35,"minecraft:purple_concrete":4,"minecraft:book":1801,"minecraft:oak_slab":62,"minecraft:scaffolding":1695,"minecraft:pumpkin":48,"minecraft:birch_boat":2,"minecraft:raw_iron_block":11,"minecraft:dripstone_block":10,"minecraft:magenta_stained_glass_pane":5,"minecraft:blast_furnace":1,"minecraft:white_bed":26,"minecraft:gold_ore":46,"minecraft:spider_eye":11,"minecraft:music_disc_mall":4,"minecraft:campfire":3,"minecraft:honey_block":2956,"minecraft:iron_helmet":5,"minecraft:acacia_slab":358,"minecraft:magenta_concrete":1,"minecraft:coal":2248},"minecraft:custom":{"minecraft:interact_with_crafting_table":891,"minecraft:damage_blocked_by_shield":3185,"minecraft:play_time":21279517,"minecraft:deaths":19,"minecraft:jump":331050,"minecraft:play_record":14,"minecraft:interact_with_cartography_table":7,"minecraft:interact_with_smoker":54,"minecraft:inspect_dispenser":57,"minecraft:horse_one_cm":25776,"minecraft:inspect_dropper":938,"minecraft:interact_with_anvil":181,"minecraft:inspect_hopper":299,"minecraft:tune_noteblock":75,"minecraft:time_since_rest":275422,"minecraft:swim_one_cm":1469861,"minecraft:open_chest":9483,"minecraft:open_shulker_box":5171,"minecraft:damage_resisted":1419,"minecraft:play_noteblock":109,"minecraft:talked_to_villager":2608,"minecraft:interact_with_brewingstand":98,"minecraft:interact_with_beacon":19,"minecraft:interact_with_campfire":100,"minecraft:damage_dealt_resisted":418,"minecraft:boat_one_cm":11442441,"minecraft:damage_taken":83541,"minecraft:aviate_one_cm":120252806,"minecraft:open_barrel":869,"minecraft:bell_ring":86,"minecraft:eat_cake_slice":20,"minecraft:leave_game":501,"minecraft:time_since_death":10366637,"minecraft:enchant_item":23,"minecraft:interact_with_furnace":812,"minecraft:traded_with_villager":8070,"minecraft:sleep_in_bed":166,"minecraft:damage_dealt":53454,"minecraft:interact_with_smithing_table":12,"minecraft:damage_dealt_absorbed":72,"minecraft:target_hit":4,"minecraft:sneak_time":386573,"minecraft:interact_with_lectern":225,"minecraft:interact_with_blast_furnace":477,"minecraft:total_world_time":21279517,"minecraft:interact_with_stonecutter":13,"minecraft:fly_one_cm":81632533,"minecraft:fish_caught":35,"minecraft:fall_one_cm":12210415,"minecraft:animals_bred":20,"minecraft:sprint_one_cm":52806869,"minecraft:drop":5075,"minecraft:walk_on_water_one_cm":872719,"minecraft:open_enderchest":1400,"minecraft:player_kills":10,"minecraft:crouch_one_cm":1734918,"minecraft:mob_kills":893,"minecraft:climb_one_cm":929037,"minecraft:walk_one_cm":28657093,"minecraft:walk_under_water_one_cm":1571551,"minecraft:pot_flower":33,"minecraft:interact_with_grindstone":10,"minecraft:damage_absorbed":265,"minecraft:minecart_one_cm":37534,"minecraft:pig_one_cm":218},"minecraft:killed":{"minecraft:cod":1,"minecraft:guardian":2,"minecraft:salmon":5,"minecraft:zombie":81,"minecraft:evoker":1,"minecraft:vindicator":3,"minecraft:endermite":1,"minecraft:rabbit":1,"minecraft:zombified_piglin":5,"minecraft:spider":18,"minecraft:silverfish":6,"minecraft:piglin":1,"minecraft:sheep":1,"minecraft:trader_llama":5,"minecraft:mooshroom":1,"minecraft:ghast":5,"minecraft:vex":3,"minecraft:slime":9,"minecraft:drowned":2,"minecraft:hoglin":1,"minecraft:shulker":6,"minecraft:skeleton":56,"minecraft:chicken":32,"minecraft:magma_cube":25,"minecraft:glow_squid":8,"minecraft:zoglin":1,"minecraft:wandering_trader":7,"minecraft:enderman":506,"minecraft:creeper":18,"minecraft:stray":1,"minecraft:phantom":40,"minecraft:bat":3},"minecraft:dropped":{"minecraft:glass_bottle":1017,"minecraft:diamond":216,"minecraft:dark_oak_slab":1,"minecraft:red_mushroom":131,"minecraft:gold_block":1,"minecraft:emerald":118,"minecraft:netherite_boots":6,"minecraft:writable_book":9,"minecraft:gold_nugget":5,"minecraft:dark_oak_planks":9,"minecraft:white_wool":66,"minecraft:tropical_fish_bucket":1,"minecraft:stone_axe":1,"minecraft:goat_horn":1,"minecraft:lever":2,"minecraft:cooked_chicken":2,"minecraft:cobbled_deepslate":618,"minecraft:wheat":3,"minecraft:netherite_sword":1,"minecraft:obsidian":15,"minecraft:rotten_flesh":115,"minecraft:oak_planks":1,"minecraft:golden_shovel":1,"minecraft:red_mushroom_block":14,"minecraft:coal_ore":1,"minecraft:leather_boots":1,"minecraft:acacia_sapling":21,"minecraft:glass":23,"minecraft:purple_stained_glass_pane":256,"minecraft:granite_wall":5,"minecraft:wheat_seeds":19,"minecraft:deepslate_redstone_ore":64,"minecraft:dripstone_block":10,"minecraft:netherite_chestplate":3,"minecraft:book":189,"minecraft:prismarine_crystals":1,"minecraft:golden_apple":6,"minecraft:coal_block":8,"minecraft:lava_bucket":1,"minecraft:gray_wool":4,"minecraft:lodestone":1,"minecraft:lapis_ore":2,"minecraft:potion":1,"minecraft:smooth_stone":1,"minecraft:chainmail_leggings":5,"minecraft:acacia_planks":65,"minecraft:netherite_hoe":2,"minecraft:player_head":63,"minecraft:cocoa_beans":4,"minecraft:experience_bottle":406,"minecraft:clay_ball":6,"minecraft:iron_boots":1,"minecraft:name_tag":14,"minecraft:white_shulker_box":4,"minecraft:diamond_sword":5,"minecraft:spruce_boat":2,"minecraft:powder_snow_bucket":1,"minecraft:spruce_planks":17,"minecraft:diamond_pickaxe":3,"minecraft:barrel":1,"minecraft:bamboo":181,"minecraft:sandstone":18,"minecraft:bow":114,"minecraft:ender_pearl":22,"minecraft:leather":1,"minecraft:chest_minecart":1,"minecraft:honeycomb":9184,"minecraft:jungle_planks":35,"minecraft:dark_oak_log":10,"minecraft:packed_ice":66,"minecraft:axolotl_bucket":1,"minecraft:gold_ingot":3,"minecraft:spyglass":2,"minecraft:beetroot":64,"minecraft:trident":6,"minecraft:beetroot_seeds":2,"minecraft:acacia_slab":378,"minecraft:birch_button":1,"minecraft:iron_bars":1,"minecraft:golden_helmet":1,"minecraft:yellow_concrete":1,"minecraft:amethyst_block":17,"minecraft:tropical_fish":1,"minecraft:iron_block":1,"minecraft:milk_bucket":1,"minecraft:yellow_shulker_box":1,"minecraft:kelp":60,"minecraft:sweet_berries":2899,"minecraft:totem_of_undying":3,"minecraft:shulker_box":7,"minecraft:netherite_leggings":4,"minecraft:flint_and_steel":3,"minecraft:deepslate_bricks":27,"minecraft:copper_ore":8,"minecraft:andesite":618,"minecraft:oak_sapling":2,"minecraft:spruce_log":64,"minecraft:magma_cream":1,"minecraft:piston":16,"minecraft:cooked_beef":130,"minecraft:crossbow":66,"minecraft:cookie":45,"minecraft:fletching_table":1,"minecraft:elytra":2,"minecraft:rail":11,"minecraft:leather_helmet":3,"minecraft:item_frame":125,"minecraft:red_shulker_box":1,"minecraft:dirt":486,"minecraft:melon":64,"minecraft:jungle_sapling":1,"minecraft:phantom_membrane":33,"minecraft:bone_meal":1,"minecraft:iron_pickaxe":2,"minecraft:bone":33,"minecraft:note_block":1,"minecraft:emerald_block":17,"minecraft:sugar_cane":578,"minecraft:netherite_shovel":1,"minecraft:salmon":1,"minecraft:tipped_arrow":2,"minecraft:deepslate_copper_ore":6,"minecraft:honey_block":3184,"minecraft:hopper":8,"minecraft:ladder":3,"minecraft:egg":2,"minecraft:enchanted_book":7,"minecraft:crimson_planks":3,"minecraft:iron_ingot":60,"minecraft:netherite_pickaxe":1,"minecraft:cobbled_deepslate_stairs":1,"minecraft:copper_block":3,"minecraft:tnt":1,"minecraft:polished_blackstone":1,"minecraft:deepslate_diamond_ore":1,"minecraft:netherite_helmet":7,"minecraft:feather":63,"minecraft:cobblestone":277,"minecraft:granite":257,"minecraft:chainmail_helmet":1,"minecraft:coal":10,"minecraft:end_rod":35,"minecraft:pufferfish":3,"minecraft:golden_carrot":451,"minecraft:sponge":1,"minecraft:rose_bush":6,"minecraft:diamond_helmet":1,"minecraft:paper":619,"minecraft:string":17,"minecraft:oxidized_copper":144,"minecraft:spruce_sapling":2,"minecraft:stone_sword":1,"minecraft:bowl":5,"minecraft:deepslate":6344,"minecraft:chicken":2,"minecraft:stone_slab":2,"minecraft:light_blue_dye":1,"minecraft:potato":5,"minecraft:stone":1391,"minecraft:spider_eye":11,"minecraft:bell":24,"minecraft:dark_prismarine":2,"minecraft:quartz_slab":6,"minecraft:birch_planks":309,"minecraft:diamond_axe":3,"minecraft:baked_potato":1,"minecraft:lime_shulker_box":5,"minecraft:lantern":1,"minecraft:armor_stand":4,"minecraft:honeycomb_block":831,"minecraft:gravel":1324,"minecraft:diamond_shovel":2,"minecraft:honey_bottle":9962,"minecraft:shulker_shell":2,"minecraft:turtle_helmet":2,"minecraft:gunpowder":31,"minecraft:chainmail_boots":7,"minecraft:bee_nest":1,"minecraft:glowstone":45,"minecraft:chest":5,"minecraft:arrow":664,"minecraft:quartz":28,"minecraft:written_book":8,"minecraft:oak_leaves":1,"minecraft:netherrack":10,"minecraft:firework_rocket":599,"minecraft:water_bucket":2,"minecraft:oak_slab":3,"minecraft:deepslate_iron_ore":35,"minecraft:minecart":9,"minecraft:cyan_dye":2,"minecraft:diamond_leggings":2,"minecraft:prismarine_shard":4,"minecraft:lead":3,"minecraft:hopper_minecart":8,"minecraft:copper_ingot":2712,"minecraft:grass_block":16,"minecraft:orange_candle":21,"minecraft:stick":3423,"minecraft:blue_dye":1,"minecraft:diorite":837,"minecraft:torch":8,"minecraft:iron_leggings":5,"minecraft:iron_axe":1,"minecraft:smooth_basalt":11,"minecraft:redstone":97,"minecraft:anvil":1,"minecraft:blaze_rod":8,"minecraft:raw_copper":805,"minecraft:tuff":1131,"minecraft:raw_iron":4,"minecraft:glass_pane":64,"minecraft:filled_map":240,"minecraft:diamond_chestplate":6,"minecraft:cake":1,"minecraft:oak_boat":4,"minecraft:golden_sword":1,"minecraft:diamond_boots":4,"minecraft:slime_ball":2,"minecraft:stone_pickaxe":1,"minecraft:calcite":5211,"minecraft:light_blue_bed":1},"minecraft:broken":{"minecraft:shears":9,"minecraft:fishing_rod":1,"minecraft:iron_pickaxe":2,"minecraft:iron_shovel":4,"minecraft:stone_pickaxe":3,"minecraft:iron_axe":5,"minecraft:flint_and_steel":2},"minecraft:crafted":{"minecraft:oak_sign":69,"minecraft:melon":50,"minecraft:blaze_powder":62,"minecraft:shulker_box":24,"minecraft:diamond_helmet":3,"minecraft:tipped_arrow":215,"minecraft:bubble_coral_block":8,"minecraft:name_tag":195,"minecraft:white_shulker_box":2,"minecraft:pink_stained_glass":256,"minecraft:turtle_helmet":1,"minecraft:redstone_lamp":6,"minecraft:acacia_slab":506,"minecraft:glow_item_frame":1,"minecraft:chest_minecart":1,"minecraft:raw_gold_block":28,"minecraft:smithing_table":1,"minecraft:mossy_cobblestone":3,"minecraft:sticky_piston":16,"minecraft:fletching_table":1,"minecraft:red_nether_bricks":1,"minecraft:cartography_table":2,"minecraft:tropical_fish_bucket":12,"minecraft:stone_brick_stairs":40,"minecraft:lectern":1,"minecraft:stone_slab":18,"minecraft:iron_pickaxe":4,"minecraft:netherite_ingot":9,"minecraft:composter":89,"minecraft:tube_coral_block":8,"minecraft:golden_carrot":1794,"minecraft:jukebox":3,"minecraft:orange_shulker_box":4,"minecraft:iron_nugget":153,"minecraft:experience_bottle":552,"minecraft:diamond_hoe":1,"minecraft:spruce_fence":99,"minecraft:stone_stairs":12,"minecraft:waxed_copper_block":349,"minecraft:lantern":77,"minecraft:spruce_stairs":20,"minecraft:red_shulker_box":3,"minecraft:stone_pickaxe":4,"minecraft:spruce_boat":1,"minecraft:chainmail_leggings":4,"minecraft:cut_copper_slab":6,"minecraft:enchanting_table":2,"minecraft:dark_oak_button":2,"minecraft:red_carpet":21,"minecraft:enchanted_book":16,"minecraft:chainmail_boots":4,"minecraft:gunpowder":8,"minecraft:fermented_spider_eye":3,"minecraft:writable_book":10,"minecraft:iron_shovel":7,"minecraft:armor_stand":4,"minecraft:note_block":29,"minecraft:barrel":6,"minecraft:cooked_chicken":8,"minecraft:lightning_rod":1,"minecraft:stone":448,"minecraft:pink_carpet":216,"minecraft:heavy_weighted_pressure_plate":31,"minecraft:quartz_pillar":158,"minecraft:stone_brick_slab":126,"minecraft:bow":85,"minecraft:comparator":28,"minecraft:chest":34,"minecraft:oak_button":1,"minecraft:copper_block":985,"minecraft:bricks":1,"minecraft:birch_button":2,"minecraft:ender_eye":48,"minecraft:stone_bricks":72,"minecraft:oak_fence":132,"minecraft:respawn_anchor":4,"minecraft:dropper":39,"minecraft:arrow":1471,"minecraft:chiseled_nether_bricks":3,"minecraft:iron_helmet":1,"minecraft:red_wool":3,"minecraft:oxidized_cut_copper":4,"minecraft:dispenser":12,"minecraft:tnt":1,"minecraft:spruce_trapdoor":8,"minecraft:purple_dye":64,"minecraft:stick":4885,"minecraft:iron_ingot":1131,"minecraft:light_blue_shulker_box":5,"minecraft:deepslate_bricks":4,"minecraft:deepslate_tile_slab":18,"minecraft:oak_door":3,"minecraft:nether_brick_slab":6,"minecraft:stone_brick_wall":6,"minecraft:fishing_rod":3,"minecraft:beehive":2,"minecraft:leather_boots":19,"minecraft:furnace":16,"minecraft:blast_furnace":3,"minecraft:piston":24,"minecraft:raw_copper_block":159,"minecraft:oak_trapdoor":4,"minecraft:flint_and_steel":2,"minecraft:scaffolding":54,"minecraft:brown_shulker_box":1,"minecraft:honey_block":2942,"minecraft:purple_stained_glass":376,"minecraft:iron_trapdoor":1,"minecraft:iron_sword":1,"minecraft:golden_shovel":1,"minecraft:jungle_planks":1260,"minecraft:white_dye":18,"minecraft:netherite_shovel":1,"minecraft:anvil":4,"minecraft:torch":476,"minecraft:diamond_chestplate":4,"minecraft:ender_chest":29,"minecraft:smooth_stone":322,"minecraft:horn_coral_block":16,"minecraft:lever":1,"minecraft:bookshelf":467,"minecraft:quartz_block":245,"minecraft:glass":1480,"minecraft:repeater":52,"minecraft:diamond_leggings":3,"minecraft:polished_blackstone":4,"minecraft:flower_pot":5,"minecraft:glass_bottle":1662,"minecraft:target":1,"minecraft:emerald":8313,"minecraft:diamond_axe":2,"minecraft:spruce_door":3,"minecraft:clock":1,"minecraft:copper_ingot":2843,"minecraft:oak_wood":651,"minecraft:hay_block":11,"minecraft:campfire":4,"minecraft:fire_coral_block":16,"minecraft:lime_shulker_box":1,"minecraft:compass":528,"minecraft:iron_block":164,"minecraft:gold_ingot":611,"minecraft:stone_shovel":8,"minecraft:smooth_stone_slab":438,"minecraft:leather_leggings":21,"minecraft:player_head":2391,"minecraft:cut_copper_stairs":12,"minecraft:pufferfish_bucket":12,"minecraft:bone_meal":117,"minecraft:white_carpet":1728,"minecraft:diamond":315,"minecraft:dark_oak_fence":9,"minecraft:ladder":18,"minecraft:spruce_slab":6,"minecraft:ender_pearl":8,"minecraft:diamond_boots":4,"minecraft:redstone_block":482,"minecraft:dark_oak_planks":672,"minecraft:wheat":369,"minecraft:coal_block":206,"minecraft:daylight_detector":1,"minecraft:purple_stained_glass_pane":512,"minecraft:crossbow":53,"minecraft:netherite_pickaxe":3,"minecraft:lily_of_the_valley":7,"minecraft:red_bed":1,"minecraft:glowstone":44,"minecraft:golden_apple":25,"minecraft:cyan_shulker_box":1,"minecraft:oak_stairs":16,"minecraft:wooden_axe":1,"minecraft:deepslate_tile_stairs":16,"minecraft:iron_leggings":3,"minecraft:brick":20,"minecraft:oak_planks":892,"minecraft:dark_oak_boat":1,"minecraft:pink_shulker_box":1,"minecraft:spruce_pressure_plate":1,"minecraft:dark_oak_door":3,"minecraft:hopper":75,"minecraft:iron_boots":1,"minecraft:raw_copper":3828,"minecraft:honeycomb_block":3052,"minecraft:raw_iron_block":125,"minecraft:smoker":2,"minecraft:oak_slab":204,"minecraft:item_frame":577,"minecraft:map":601,"minecraft:crafting_table":17,"minecraft:spruce_planks":748,"minecraft:wooden_pickaxe":1,"minecraft:baked_potato":736,"minecraft:gold_block":69,"minecraft:hopper_minecart":11,"minecraft:brewing_stand":6,"minecraft:birch_planks":968,"minecraft:sea_pickle":4,"minecraft:black_shulker_box":4,"minecraft:dark_oak_slab":372,"minecraft:iron_chestplate":1,"minecraft:book":41,"minecraft:paper":4713,"minecraft:charcoal":168,"minecraft:diamond_pickaxe":3,"minecraft:emerald_block":85,"minecraft:shield":3,"minecraft:light_weighted_pressure_plate":18,"minecraft:netherite_hoe":1,"minecraft:leather_chestplate":18,"minecraft:stone_sword":1,"minecraft:redstone_torch":210,"minecraft:shears":87,"minecraft:polished_andesite":4,"minecraft:coarse_dirt":60,"minecraft:redstone":782,"minecraft:raw_iron":1158,"minecraft:coal":1156,"minecraft:stone_button":130,"minecraft:dark_oak_sign":3,"minecraft:diamond_block":52,"minecraft:glass_pane":80,"minecraft:blue_ice":1302,"minecraft:yellow_shulker_box":1,"minecraft:polished_deepslate":28,"minecraft:green_concrete_powder":8,"minecraft:iron_axe":7,"minecraft:spruce_wood":87,"minecraft:filled_map":1341,"minecraft:minecart":10,"minecraft:sugar":33,"minecraft:red_dye":64,"minecraft:cyan_concrete_powder":8,"minecraft:crimson_planks":4,"minecraft:diamond_sword":1,"minecraft:cyan_dye":36,"minecraft:spruce_sign":36,"minecraft:dark_oak_stairs":120,"minecraft:pink_concrete_powder":512,"minecraft:nether_bricks":4,"minecraft:bucket":2,"minecraft:stone_axe":1,"minecraft:air":0,"minecraft:bread":43,"minecraft:blue_dye":34,"minecraft:cut_copper":104,"minecraft:raw_gold":234,"minecraft:acacia_planks":256,"minecraft:lapis_lazuli":207,"minecraft:lapis_block":244},"minecraft:killed_by":{"minecraft:creeper":1,"minecraft:player":13,"minecraft:iron_golem":1},"minecraft:used":{"minecraft:moss_block":10,"minecraft:writable_book":388,"minecraft:dispenser":22,"minecraft:poppy":10,"minecraft:stone":1479,"minecraft:soul_sand":1,"minecraft:cocoa_beans":19,"minecraft:cut_copper":17,"minecraft:deepslate_brick_slab":106,"minecraft:azure_bluet":1,"minecraft:spruce_boat":31,"minecraft:packed_ice":476,"minecraft:red_wool":2,"minecraft:deepslate_copper_ore":132,"minecraft:quartz_block":12,"minecraft:netherite_hoe":12226,"minecraft:dark_oak_leaves":7,"minecraft:dark_oak_slab":302,"minecraft:netherite_boots":6,"minecraft:bow":769,"minecraft:oak_sapling":122,"minecraft:cooked_cod":19,"minecraft:green_stained_glass_pane":1,"minecraft:deepslate_brick_wall":26,"minecraft:mossy_stone_bricks":1,"minecraft:leather_leggings":8,"minecraft:damaged_anvil":3,"minecraft:wooden_pickaxe":17,"minecraft:leather_chestplate":6,"minecraft:composter":43,"minecraft:clay":4,"minecraft:jungle_boat":1,"minecraft:golden_apple":6,"minecraft:glow_berries":85,"minecraft:cut_sandstone_slab":1,"minecraft:blast_furnace":4,"minecraft:chiseled_quartz_block":1,"minecraft:deepslate_brick_stairs":8,"minecraft:purple_concrete_powder":4,"minecraft:birch_fence":3,"minecraft:deepslate_iron_ore":416,"minecraft:flowering_azalea_leaves":24,"minecraft:nether_wart_block":1,"minecraft:coal_block":1,"minecraft:exposed_cut_copper":1,"minecraft:oak_boat":253,"minecraft:purple_wool":1,"minecraft:oak_trapdoor":11,"minecraft:enchanting_table":1,"minecraft:armor_stand":25,"minecraft:tinted_glass":3,"minecraft:cooked_salmon":4,"minecraft:orange_stained_glass":1,"minecraft:torch":706,"minecraft:brewing_stand":7,"minecraft:nether_quartz_ore":2,"minecraft:golden_shovel":1,"minecraft:iron_block":6,"minecraft:light_weighted_pressure_plate":22,"minecraft:barrel":8,"minecraft:bamboo":26,"minecraft:diamond_chestplate":1,"minecraft:basalt":20,"minecraft:podzol":1,"minecraft:calcite":24,"minecraft:wheat_seeds":129,"minecraft:warped_stem":71,"minecraft:light_blue_shulker_box":14,"minecraft:birch_planks":2,"minecraft:glow_ink_sac":15,"minecraft:leather_boots":6,"minecraft:gold_ore":32,"minecraft:deepslate_bricks":5,"minecraft:polished_deepslate_slab":9,"minecraft:diamond_block":1,"minecraft:rail":27,"minecraft:red_bed":2,"minecraft:green_dye":1,"minecraft:sculk_shrieker":2,"minecraft:campfire":5,"minecraft:spruce_log":328,"minecraft:amethyst_cluster":19,"minecraft:blue_stained_glass_pane":1,"minecraft:diamond_pickaxe":11982,"minecraft:diamond_shovel":641,"minecraft:acacia_sign":1,"minecraft:oak_button":1,"minecraft:suspicious_stew":3,"minecraft:spruce_pressure_plate":1,"minecraft:magenta_concrete_powder":1,"minecraft:spruce_trapdoor":8,"minecraft:spruce_sapling":31,"minecraft:potion":5,"minecraft:azalea_leaves":123,"minecraft:cooked_porkchop":3,"minecraft:dandelion":7,"minecraft:moss_carpet":9,"minecraft:polished_deepslate":29,"minecraft:melon":1,"minecraft:grass":20,"minecraft:music_disc_13":2,"minecraft:obsidian":96,"minecraft:honey_bottle":4,"minecraft:spruce_wood":110,"minecraft:lantern":183,"minecraft:green_wool":1,"minecraft:warped_nylium":2,"minecraft:item_frame":224,"minecraft:deepslate_diamond_ore":162,"minecraft:written_book":747,"minecraft:gold_block":14,"minecraft:pink_concrete_powder":179,"minecraft:dark_oak_sapling":33,"minecraft:end_rod":8,"minecraft:dropper":36,"minecraft:gray_carpet":1,"minecraft:stone_pickaxe":506,"minecraft:oak_planks":30,"minecraft:diamond_axe":2987,"minecraft:white_wool":1,"minecraft:netherite_leggings":10,"minecraft:lime_stained_glass_pane":1,"minecraft:deepslate_lapis_ore":51,"minecraft:end_stone":12,"minecraft:sticky_piston":26,"minecraft:lever":2,"minecraft:daylight_detector":1,"minecraft:dark_oak_log":69,"minecraft:bread":57,"minecraft:barrier":48,"minecraft:iron_door":10,"minecraft:deepslate":412,"minecraft:chain":30,"minecraft:smooth_stone_slab":180,"minecraft:coarse_dirt":14,"minecraft:bone_meal":266,"minecraft:orange_concrete_powder":3,"minecraft:netherite_sword":466,"minecraft:rose_bush":17,"minecraft:flint_and_steel":133,"minecraft:redstone":104,"minecraft:ender_chest":211,"minecraft:brown_shulker_box":6,"minecraft:deepslate_gold_ore":278,"minecraft:cooked_chicken":58,"minecraft:dirt":2781,"minecraft:bee_nest":37,"minecraft:spruce_fence":88,"minecraft:wooden_axe":15,"minecraft:oak_stairs":8,"minecraft:iron_boots":2,"minecraft:yellow_concrete_powder":2,"minecraft:deepslate_tile_stairs":67,"minecraft:netherite_pickaxe":78165,"minecraft:minecart":11,"minecraft:cyan_concrete_powder":1,"minecraft:cooked_beef":74,"minecraft:orange_stained_glass_pane":2,"minecraft:pumpkin":32,"minecraft:iron_leggings":1,"minecraft:cobblestone_stairs":10,"minecraft:snow_block":3,"minecraft:baked_potato":832,"minecraft:birch_boat":1,"minecraft:brown_mushroom":14,"minecraft:spruce_sign":51,"minecraft:waxed_copper_block":343,"minecraft:red_mushroom":1,"minecraft:piston":3,"minecraft:flower_pot":8,"minecraft:command_block":3,"minecraft:lapis_ore":76,"minecraft:stone_slab":19,"minecraft:stone_axe":42,"minecraft:crimson_fungus":4,"minecraft:turtle_helmet":3,"minecraft:lapis_block":8,"minecraft:pink_shulker_box":10,"minecraft:wither_rose":1,"minecraft:sea_pickle":4,"minecraft:peony":5,"minecraft:spruce_slab":1,"minecraft:elytra":5,"minecraft:ladder":14,"minecraft:chest":36,"minecraft:white_shulker_box":104,"minecraft:jungle_slab":2,"minecraft:acacia_sapling":14,"minecraft:honeycomb":39,"minecraft:netherite_shovel":14679,"minecraft:grass_block":411,"minecraft:orange_shulker_box":18,"minecraft:copper_ore":1069,"minecraft:wet_sponge":83,"minecraft:music_disc_wait":4,"minecraft:dark_oak_button":2,"minecraft:pink_wool":168,"minecraft:stone_brick_stairs":40,"minecraft:music_disc_stal":1,"minecraft:snow":6,"minecraft:dark_oak_boat":13,"minecraft:sweet_berries":102,"minecraft:furnace":20,"minecraft:egg":454,"minecraft:emerald_ore":1,"minecraft:diorite":42,"minecraft:spruce_door":1,"minecraft:cut_copper_slab":2,"minecraft:stripped_birch_log":1,"minecraft:lime_concrete_powder":1,"minecraft:oak_leaves":3302,"minecraft:blue_dye":1,"minecraft:purpur_stairs":1,"minecraft:blue_ice":144,"minecraft:netherite_helmet":1,"minecraft:lightning_rod":1,"minecraft:deepslate_tiles":71,"minecraft:chiseled_sandstone":1,"minecraft:crying_obsidian":5,"minecraft:stone_button":96,"minecraft:lectern":207,"minecraft:spore_blossom":7,"minecraft:diamond_ore":6,"minecraft:magenta_stained_glass_pane":1,"minecraft:dark_oak_fence":11,"minecraft:green_concrete_powder":3,"minecraft:pink_stained_glass":85,"minecraft:ice":3,"minecraft:stone_sword":47,"minecraft:acacia_log":518,"minecraft:mycelium":2299,"minecraft:netherrack":150,"minecraft:light_gray_shulker_box":16,"minecraft:dragon_egg":1,"minecraft:warped_wart_block":54,"minecraft:anvil":5,"minecraft:stone_stairs":13,"minecraft:shroomlight":100,"minecraft:red_shulker_box":57,"minecraft:flowering_azalea":22,"minecraft:cyan_shulker_box":8,"minecraft:iron_axe":1517,"minecraft:smooth_quartz":5,"minecraft:lime_dye":1,"minecraft:totem_of_undying":10,"minecraft:glowstone":2,"minecraft:magenta_wool":7,"minecraft:iron_trapdoor":2,"minecraft:oxidized_copper":58,"minecraft:cobbled_deepslate":72,"minecraft:pointed_dripstone":3,"minecraft:water_bucket":150,"minecraft:yellow_shulker_box":46,"minecraft:cartography_table":1,"minecraft:red_mushroom_block":2,"minecraft:cracked_stone_bricks":1,"minecraft:salmon":1,"minecraft:pink_concrete":78,"minecraft:comparator":34,"minecraft:oak_slab":144,"minecraft:crafting_table":40,"minecraft:birch_sign":8,"minecraft:lime_shulker_box":3,"minecraft:cake":1,"minecraft:small_amethyst_bud":15,"minecraft:oak_log":587,"minecraft:ender_eye":11,"minecraft:light":2,"minecraft:cornflower":8,"minecraft:sunflower":2,"minecraft:iron_pickaxe":669,"minecraft:crimson_nylium":1,"minecraft:cobblestone":272,"minecraft:glass_pane":13,"minecraft:brown_mushroom_block":4,"minecraft:jukebox":2,"minecraft:light_blue_stained_glass_pane":1,"minecraft:iron_shovel":1317,"minecraft:diamond_hoe":328,"minecraft:oak_sign":30,"minecraft:shield":56,"minecraft:iron_sword":122,"minecraft:bell":32,"minecraft:player_head":37,"minecraft:smooth_sandstone_stairs":1,"minecraft:sculk_sensor":5,"minecraft:iron_chestplate":2,"minecraft:carrot":27,"minecraft:deepslate_tile_slab":34,"minecraft:tuff":7,"minecraft:axolotl_bucket":3,"minecraft:milk_bucket":6,"minecraft:polished_deepslate_stairs":5,"minecraft:glass":105,"minecraft:coal_ore":918,"minecraft:quartz_slab":5,"minecraft:iron_helmet":2,"minecraft:hopper_minecart":11,"minecraft:stone_bricks":11,"minecraft:bedrock":200,"minecraft:red_carpet":23,"minecraft:repeater":60,"minecraft:honeycomb_block":2,"minecraft:warped_fungus":2,"minecraft:scaffolding":1479,"minecraft:dark_oak_stairs":101,"minecraft:dark_oak_sign":20,"minecraft:ender_pearl":99,"minecraft:redstone_block":38,"minecraft:large_amethyst_bud":10,"minecraft:deepslate_redstone_ore":651,"minecraft:sponge":9,"minecraft:note_block":20,"minecraft:stone_brick_wall":3,"minecraft:shears":2673,"minecraft:cobbled_deepslate_stairs":1,"minecraft:exposed_copper":2,"minecraft:redstone_torch":12,"minecraft:black_concrete":2,"minecraft:firework_rocket":3265,"minecraft:heavy_weighted_pressure_plate":28,"minecraft:music_disc_mall":4,"minecraft:gravel":2,"minecraft:golden_helmet":1,"minecraft:medium_amethyst_bud":10,"minecraft:andesite":10,"minecraft:tropical_fish_bucket":4,"minecraft:experience_bottle":492,"minecraft:azalea":8,"minecraft:oak_fence":124,"minecraft:purpur_block":1,"minecraft:trident":835,"minecraft:music_disc_otherside":3,"minecraft:redstone_ore":42,"minecraft:tropical_fish":3,"minecraft:spruce_planks":30,"minecraft:cut_copper_stairs":15,"minecraft:oak_door":3,"minecraft:spyglass":71,"minecraft:white_carpet":1825,"minecraft:hopper":80,"minecraft:spruce_stairs":24,"minecraft:diamond_helmet":1,"minecraft:shulker_box":329,"minecraft:oak_wood":689,"minecraft:pink_carpet":213,"minecraft:granite":4,"minecraft:birch_door":2,"minecraft:purple_stained_glass_pane":3,"minecraft:stone_brick_slab":113,"minecraft:dark_oak_planks":99,"minecraft:red_tulip":23,"minecraft:bookshelf":543,"minecraft:yellow_stained_glass":1,"minecraft:light_gray_wool":1,"minecraft:golden_carrot":1714,"minecraft:emerald_block":425,"minecraft:white_stained_glass_pane":34,"minecraft:cooked_mutton":1,"minecraft:acacia_boat":1,"minecraft:iron_ore":539,"minecraft:amethyst_block":52,"minecraft:glass_bottle":16,"minecraft:copper_block":240,"minecraft:black_shulker_box":112,"minecraft:white_dye":15,"minecraft:beacon":3,"minecraft:stonecutter":1,"minecraft:cobblestone_slab":3,"minecraft:glow_item_frame":1,"minecraft:stripped_dark_oak_log":16,"minecraft:yellow_stained_glass_pane":2,"minecraft:light_gray_concrete_powder":2,"minecraft:smoker":2,"minecraft:dark_oak_door":15,"minecraft:apple":22,"minecraft:map":3,"minecraft:purple_dye":1,"minecraft:fishing_rod":71,"minecraft:bucket":158,"minecraft:purple_carpet":3,"minecraft:smooth_stone":626,"minecraft:splash_potion":10},"minecraft:mined":{"minecraft:dragon_wall_head":1,"minecraft:cut_sandstone_slab":1,"minecraft:red_shulker_box":57,"minecraft:white_bed":25,"minecraft:cyan_shulker_box":8,"minecraft:light_blue_carpet":13,"minecraft:granite":876,"minecraft:acacia_log":147,"minecraft:light_gray_bed":4,"minecraft:green_concrete":2,"minecraft:oak_wall_sign":5,"minecraft:spawner":3,"minecraft:fire":57,"minecraft:cobbled_deepslate":11,"minecraft:barrel":1,"minecraft:fletching_table":4,"minecraft:deepslate_lapis_ore":113,"minecraft:twisting_vines":3,"minecraft:light_gray_concrete":2,"minecraft:white_shulker_box":105,"minecraft:spruce_wood":31,"minecraft:player_head":31,"minecraft:tripwire":1,"minecraft:magenta_carpet":15,"minecraft:kelp_plant":7,"minecraft:crimson_nylium":8,"minecraft:deepslate_brick_wall":15,"minecraft:smoker":2,"minecraft:deepslate_tile_slab":11,"minecraft:powder_snow":137,"minecraft:note_block":8,"minecraft:torch":21,"minecraft:melon":1,"minecraft:oxidized_copper":145,"minecraft:white_stained_glass_pane":34,"minecraft:dead_bush":1,"minecraft:spruce_wall_sign":12,"minecraft:lime_shulker_box":2,"minecraft:amethyst_block":605,"minecraft:chain":18,"minecraft:repeater":9,"minecraft:grass":196,"minecraft:dark_oak_sapling":22,"minecraft:smooth_basalt":107,"minecraft:deepslate":9494,"minecraft:dark_prismarine":27,"minecraft:exposed_cut_copper":3,"minecraft:dark_oak_log":301,"minecraft:cyan_stained_glass":1,"minecraft:end_stone":156,"minecraft:dark_oak_fence":2,"minecraft:redstone_wire":19,"minecraft:red_mushroom":26,"minecraft:magenta_stained_glass_pane":5,"minecraft:redstone_ore":102,"minecraft:pink_concrete":100,"minecraft:andesite":2928,"minecraft:big_dripleaf_stem":1,"minecraft:cyan_concrete":1,"minecraft:vine":9,"minecraft:rail":25,"minecraft:green_wool":1,"minecraft:ender_chest":207,"minecraft:oak_slab":15,"minecraft:glass_pane":15,"minecraft:lily_of_the_valley":25,"minecraft:dandelion":13,"minecraft:cornflower":2,"minecraft:warped_roots":123,"minecraft:campfire":3,"minecraft:copper_ore":2114,"minecraft:tall_grass":53,"minecraft:deepslate_gold_ore":581,"minecraft:green_stained_glass_pane":5,"minecraft:diorite":2703,"minecraft:warped_wart_block":1185,"minecraft:purple_wool":1,"minecraft:dark_oak_wall_sign":2,"minecraft:weathered_cut_copper":1,"minecraft:purple_concrete":4,"minecraft:dark_oak_button":1,"minecraft:sunflower":4,"minecraft:gravel":924,"minecraft:stone_bricks":831,"minecraft:gold_ore":91,"minecraft:iron_trapdoor":1,"minecraft:fern":2,"minecraft:oak_sapling":11,"minecraft:brewing_stand":2,"minecraft:spruce_trapdoor":6,"minecraft:budding_amethyst":6,"minecraft:composter":4,"minecraft:pointed_dripstone":3,"minecraft:flowering_azalea_leaves":391,"minecraft:iron_bars":1,"minecraft:azalea":1,"minecraft:spruce_slab":4,"minecraft:netherite_block":1,"minecraft:deepslate_redstone_ore":1324,"minecraft:brown_shulker_box":6,"minecraft:quartz_block":12,"minecraft:exposed_copper":3,"minecraft:purpur_stairs":1,"minecraft:beacon":2,"minecraft:nether_quartz_ore":2,"minecraft:oak_planks":22,"minecraft:wall_torch":45,"minecraft:light_weighted_pressure_plate":5,"minecraft:stone_stairs":1,"minecraft:warped_nylium":1,"minecraft:dark_oak_slab":35,"minecraft:blue_ice":124,"minecraft:smooth_stone_slab":5,"minecraft:oak_log":967,"minecraft:dirt":2731,"minecraft:dispenser":6,"minecraft:crying_obsidian":5,"minecraft:pink_carpet":8,"minecraft:dark_oak_leaves":48,"minecraft:glow_lichen":2,"minecraft:ladder":3,"minecraft:stone_button":55,"minecraft:brown_mushroom_block":364,"minecraft:spruce_leaves":83,"minecraft:crimson_stem":18,"minecraft:nether_sprouts":86,"minecraft:light_gray_shulker_box":16,"minecraft:orange_stained_glass_pane":6,"minecraft:peony":1,"minecraft:gold_block":10,"minecraft:bookshelf":639,"minecraft:shroomlight":53,"minecraft:deepslate_iron_ore":860,"minecraft:stripped_oak_log":1,"minecraft:wet_sponge":8,"minecraft:scaffolding":564,"minecraft:acacia_leaves":19,"minecraft:snow_block":666,"minecraft:stripped_dark_oak_log":17,"minecraft:basalt":22,"minecraft:oak_fence":21,"minecraft:stone_slab":1,"minecraft:prismarine_bricks":79,"minecraft:birch_planks":2,"minecraft:ice":5,"minecraft:bee_nest":29,"minecraft:cocoa":19,"minecraft:flower_pot":4,"minecraft:yellow_concrete":1,"minecraft:cracked_stone_bricks":2,"minecraft:mossy_stone_bricks":2,"minecraft:dark_oak_planks":16,"minecraft:jungle_leaves":2,"minecraft:obsidian":49,"minecraft:red_sand":65,"minecraft:stone_brick_wall":3,"minecraft:pink_stained_glass":2,"minecraft:deepslate_bricks":5,"minecraft:deepslate_tile_stairs":84,"minecraft:crimson_fungus":4,"minecraft:hopper":1,"minecraft:orange_concrete":3,"minecraft:sticky_piston":11,"minecraft:pumpkin":32,"minecraft:moss_carpet":1,"minecraft:lime_stained_glass_pane":5,"minecraft:sculk_shrieker":2,"minecraft:oak_sign":4,"minecraft:cave_vines":6,"minecraft:polished_deepslate_slab":7,"minecraft:dirt_path":15,"minecraft:quartz_slab":1,"minecraft:small_amethyst_bud":11,"minecraft:oak_stairs":3,"minecraft:smooth_sandstone_stairs":1,"minecraft:piston_head":2,"minecraft:brown_mushroom":265,"minecraft:red_bed":1,"minecraft:player_wall_head":3,"minecraft:amethyst_cluster":15,"minecraft:blast_furnace":2,"minecraft:green_concrete_powder":1,"minecraft:glass":58,"minecraft:damaged_anvil":2,"minecraft:spruce_sign":9,"minecraft:wheat":128,"minecraft:waxed_copper_block":29,"minecraft:lime_concrete":1,"minecraft:warped_fungus":2,"minecraft:stone_brick_stairs":38,"minecraft:copper_block":21,"minecraft:red_mushroom_block":372,"minecraft:stonecutter":1,"minecraft:yellow_stained_glass":1,"minecraft:infested_deepslate":3,"minecraft:light_blue_stained_glass_pane":5,"minecraft:pink_shulker_box":9,"minecraft:blue_stained_glass_pane":5,"minecraft:stripped_birch_log":1,"minecraft:shulker_box":318,"minecraft:jungle_planks":6,"minecraft:orange_shulker_box":17,"minecraft:magenta_concrete":1,"minecraft:yellow_concrete_powder":1,"minecraft:moss_block":9,"minecraft:kelp":9,"minecraft:pink_wool":11,"minecraft:snow":5,"minecraft:diamond_block":1,"minecraft:warped_stem":239,"minecraft:bamboo_sapling":1,"minecraft:bamboo":4,"minecraft:white_wool":1,"minecraft:light_gray_carpet":3,"minecraft:comparator":1,"minecraft:pink_concrete_powder":7,"minecraft:stone_brick_slab":3,"minecraft:emerald_ore":14,"minecraft:sponge":83,"minecraft:dropper":1,"minecraft:white_carpet":36,"minecraft:spruce_log":576,"minecraft:dark_oak_sign":1,"minecraft:mycelium":2770,"minecraft:dripstone_block":16,"minecraft:deepslate_emerald_ore":1,"minecraft:infested_stone":4,"minecraft:black_shulker_box":108,"minecraft:large_amethyst_bud":2,"minecraft:spruce_planks":9,"minecraft:cobbled_deepslate_stairs":1,"minecraft:jungle_slab":2,"minecraft:cobblestone_stairs":4,"minecraft:cave_vines_plant":2,"minecraft:grass_block":733,"minecraft:purple_stained_glass_pane":7,"minecraft:smooth_stone":98,"minecraft:raw_iron_block":4,"minecraft:glowstone":1,"minecraft:iron_ore":1178,"minecraft:anvil":1,"minecraft:dark_oak_stairs":20,"minecraft:purple_carpet":3,"minecraft:birch_wall_sign":2,"minecraft:azalea_leaves":1171,"minecraft:twisting_vines_plant":3,"minecraft:polished_deepslate_stairs":4,"minecraft:chiseled_quartz_block":1,"minecraft:clay":9,"minecraft:calcite":4599,"minecraft:poppy":4,"minecraft:chest":13,"minecraft:mushroom_stem":79,"minecraft:cobblestone":45,"minecraft:honeycomb_block":1,"minecraft:prismarine":28,"minecraft:iron_door":11,"minecraft:deepslate_copper_ore":264,"minecraft:acacia_sapling":2,"minecraft:dark_oak_door":13,"minecraft:nether_wart_block":40,"minecraft:yellow_wool":2,"minecraft:lapis_block":8,"minecraft:light_gray_wool":1,"minecraft:orange_tulip":1,"minecraft:purpur_block":1,"minecraft:yellow_stained_glass_pane":6,"minecraft:sand":1264,"minecraft:netherrack":137,"minecraft:magenta_wool":4,"minecraft:oak_leaves":3818,"minecraft:emerald_block":346,"minecraft:granite_wall":5,"minecraft:diamond_ore":15,"minecraft:red_carpet":2,"minecraft:tuff":2852,"minecraft:deepslate_diamond_ore":327,"minecraft:oak_door":1,"minecraft:deepslate_brick_slab":16,"minecraft:spore_blossom":10,"minecraft:furnace":11,"minecraft:oak_trapdoor":7,"minecraft:spruce_sapling":1,"minecraft:chiseled_sandstone":1,"minecraft:stripped_spruce_log":2,"minecraft:black_concrete":2,"minecraft:bell":9,"minecraft:polished_deepslate":5,"minecraft:lantern":3,"minecraft:packed_ice":12056,"minecraft:stone":41467,"minecraft:yellow_shulker_box":46,"minecraft:redstone_wall_torch":2,"minecraft:podzol":2,"minecraft:flowering_azalea":19,"minecraft:light_blue_shulker_box":5,"minecraft:red_wool":1,"minecraft:cut_copper_stairs":3,"minecraft:crafting_table":29,"minecraft:oak_wood":110,"minecraft:rose_bush":7,"minecraft:sculk_sensor":5,"minecraft:lectern":205,"minecraft:andesite_wall":12,"minecraft:lapis_ore":169,"minecraft:spruce_stairs":10,"minecraft:redstone_torch":4,"minecraft:sweet_berry_bush":1607,"minecraft:gray_bed":4,"minecraft:coal_ore":1930,"minecraft:end_rod":14}},"DataVersion":3120}