{"stats":{"minecraft:killed_by":{"minecraft:creeper":3,"minecraft:enderman":2,"minecraft:shulker":1,"minecraft:skeleton":1,"minecraft:guardian":1},"minecraft:picked_up":{"minecraft:shulker_shell":64,"minecraft:iron_chestplate":4,"minecraft:wheat":520,"minecraft:ender_chest":46,"minecraft:prismarine_shard":109,"minecraft:stone_slab":5,"minecraft:diamond_sword":15,"minecraft:potion":22,"minecraft:brewing_stand":10,"minecraft:amethyst_block":20,"minecraft:string":49,"minecraft:raw_copper":6,"minecraft:iron_leggings":8,"minecraft:pufferfish":2,"minecraft:diamond_leggings":10,"minecraft:cobbled_deepslate":3093,"minecraft:spruce_planks":122,"minecraft:calcite":28,"minecraft:iron_pickaxe":5,"minecraft:iron_boots":7,"minecraft:furnace":6,"minecraft:golden_helmet":1,"minecraft:stick":84,"minecraft:torch":252,"minecraft:spruce_stairs":11,"minecraft:diorite":50,"minecraft:golden_chestplate":1,"minecraft:rotten_flesh":108,"minecraft:blaze_rod":1,"minecraft:deepslate_brick_stairs":113,"minecraft:obsidian":134,"minecraft:cod":12,"minecraft:blaze_powder":1,"minecraft:cobblestone":1057,"minecraft:sponge":464,"minecraft:magma_block":24,"minecraft:feather":46,"minecraft:cooked_beef":30,"minecraft:water_bucket":3,"minecraft:andesite":2,"minecraft:jungle_log":426,"minecraft:golden_leggings":1,"minecraft:beacon":2,"minecraft:flint":16,"minecraft:tuff":519,"minecraft:prismarine_bricks":3652,"minecraft:lapis_lazuli":1469,"minecraft:dirt":785,"minecraft:lantern":1,"minecraft:glass":156,"minecraft:bone":91,"minecraft:stonecutter":3,"minecraft:bow":7,"minecraft:wheat_seeds":1736,"minecraft:raw_gold":398,"minecraft:diamond_helmet":9,"minecraft:bamboo":72,"minecraft:moss_block":5,"minecraft:prismarine":5039,"minecraft:oak_planks":52,"minecraft:stone_hoe":1,"minecraft:cooked_porkchop":272,"minecraft:sand":431,"minecraft:grass_block":11,"minecraft:shulker_box":80,"minecraft:dark_prismarine":327,"minecraft:iron_hoe":1,"minecraft:diamond":199,"minecraft:deepslate":1,"minecraft:spruce_boat":7,"minecraft:granite":29,"minecraft:bread":19,"minecraft:golden_horse_armor":4,"minecraft:spruce_sign":1,"minecraft:emerald":4,"minecraft:chorus_fruit":252,"minecraft:netherrack":172,"minecraft:crimson_roots":16,"minecraft:diamond_pickaxe":11,"minecraft:end_stone_bricks":34,"minecraft:fishing_rod":1,"minecraft:crafting_table":29,"minecraft:bee_nest":4,"minecraft:ladder":7,"minecraft:clay_ball":16,"minecraft:brown_mushroom":39,"minecraft:wooden_pickaxe":1,"minecraft:gold_block":16,"minecraft:dragon_head":4,"minecraft:shield":2,"minecraft:elytra":14,"minecraft:iron_axe":2,"minecraft:flint_and_steel":2,"minecraft:item_frame":11,"minecraft:iron_shovel":10,"minecraft:blackstone":4,"minecraft:glass_pane":128,"minecraft:oak_boat":7,"minecraft:player_head":38,"minecraft:jungle_sapling":24,"minecraft:spruce_slab":77,"minecraft:blue_shulker_box":9,"minecraft:sugar_cane":26,"minecraft:chest":107,"minecraft:spruce_trapdoor":12,"minecraft:phantom_membrane":6,"minecraft:raw_iron":947,"minecraft:end_stone":146,"minecraft:stone":59,"minecraft:bowl":7,"minecraft:trident":2,"minecraft:carrot":5,"minecraft:redstone":2775,"minecraft:prismarine_crystals":60,"minecraft:cooked_cod":24,"minecraft:diamond_chestplate":6,"minecraft:weeping_vines":2,"minecraft:arrow":172,"minecraft:stone_shovel":2,"minecraft:deepslate_bricks":207,"minecraft:diamond_boots":9,"minecraft:saddle":3,"minecraft:gold_ingot":84,"minecraft:white_wool":48,"minecraft:wet_sponge":432,"minecraft:jungle_boat":15,"minecraft:basalt":4,"minecraft:salmon":2,"minecraft:leather":60,"minecraft:red_mushroom":47,"minecraft:mushroom_stew":1,"minecraft:oak_log":7,"minecraft:lily_pad":2,"minecraft:gunpowder":23,"minecraft:cobblestone_stairs":43,"minecraft:cooked_mutton":136,"minecraft:kelp":349,"minecraft:iron_ingot":51,"minecraft:cooked_chicken":60,"minecraft:iron_sword":6,"minecraft:smooth_basalt":28,"minecraft:sweet_berries":171,"minecraft:dandelion":1,"minecraft:raw_iron_block":1,"minecraft:gravel":142,"minecraft:spruce_sapling":34,"minecraft:white_bed":6,"minecraft:spruce_log":491,"minecraft:spruce_door":24,"minecraft:sea_lantern":154,"minecraft:spider_eye":39,"minecraft:diamond_shovel":9,"minecraft:firework_rocket":227,"minecraft:stone_axe":1,"minecraft:iron_helmet":4,"minecraft:diamond_axe":4,"minecraft:gray_wool":3,"minecraft:hopper":11,"minecraft:crimson_nylium":2,"minecraft:coal":533,"minecraft:ender_pearl":486},"minecraft:mined":{"minecraft:dragon_wall_head":3,"minecraft:white_bed":5,"minecraft:cobblestone_stairs":1,"minecraft:jungle_leaves":24,"minecraft:brewing_stand":5,"minecraft:obsidian":109,"minecraft:spruce_trapdoor":12,"minecraft:granite":19,"minecraft:grass_block":389,"minecraft:jungle_log":428,"minecraft:deepslate_bricks":210,"minecraft:hopper":10,"minecraft:crimson_fungus":1,"minecraft:tall_seagrass":24,"minecraft:weeping_vines_plant":2,"minecraft:magma_block":12,"minecraft:raw_iron_block":1,"minecraft:iron_ore":148,"minecraft:fire":2,"minecraft:cobbled_deepslate":48,"minecraft:deepslate_lapis_ore":82,"minecraft:deepslate_brick_stairs":113,"minecraft:end_stone_bricks":17,"minecraft:spruce_slab":25,"minecraft:deepslate_redstone_ore":303,"minecraft:brown_mushroom":25,"minecraft:blackstone":4,"minecraft:kelp_plant":38,"minecraft:crimson_nylium":1,"minecraft:clay":4,"minecraft:torch":32,"minecraft:calcite":16,"minecraft:chest":107,"minecraft:glass":3,"minecraft:cobblestone":58,"minecraft:prismarine":5060,"minecraft:sugar_cane":13,"minecraft:wall_torch":22,"minecraft:amethyst_block":10,"minecraft:seagrass":7,"minecraft:wheat":407,"minecraft:grass":16,"minecraft:oak_log":7,"minecraft:sand":228,"minecraft:dirt":196,"minecraft:smooth_basalt":16,"minecraft:blue_shulker_box":9,"minecraft:stonecutter":3,"minecraft:netherrack":130,"minecraft:oak_leaves":5,"minecraft:deepslate":2681,"minecraft:dark_prismarine":286,"minecraft:diamond_ore":4,"minecraft:tuff":294,"minecraft:deepslate_diamond_ore":72,"minecraft:sea_lantern":132,"minecraft:end_stone":146,"minecraft:shulker_box":80,"minecraft:ladder":2,"minecraft:crimson_roots":11,"minecraft:weeping_vines":2,"minecraft:spruce_leaves":100,"minecraft:red_mushroom":24,"minecraft:kelp":3,"minecraft:moss_block":3,"minecraft:redstone_ore":2,"minecraft:furnace":6,"minecraft:carrots":1,"minecraft:andesite":3,"minecraft:gold_block":8,"minecraft:deepslate_iron_ore":228,"minecraft:vine":8,"minecraft:lantern":1,"minecraft:wet_sponge":401,"minecraft:chorus_plant":17,"minecraft:bamboo":3,"minecraft:stone":749,"minecraft:ender_chest":41,"minecraft:basalt":2,"minecraft:spruce_door":16,"minecraft:dandelion":1,"minecraft:crafting_table":23,"minecraft:sponge":430,"minecraft:copper_ore":1,"minecraft:tall_grass":1,"minecraft:deepslate_coal_ore":29,"minecraft:lapis_ore":12,"minecraft:deepslate_gold_ore":122,"minecraft:diorite":29,"minecraft:prismarine_bricks":3668,"minecraft:spruce_stairs":11,"minecraft:ice":3,"minecraft:spruce_log":491,"minecraft:birch_leaves":1,"minecraft:bee_nest":2,"minecraft:coal_ore":230,"minecraft:gravel":79,"minecraft:gold_ore":8,"minecraft:fern":1},"minecraft:killed":{"minecraft:spider":17,"minecraft:shulker":19,"minecraft:skeleton":41,"minecraft:guardian":34,"minecraft:chicken":11,"minecraft:magma_cube":4,"minecraft:piglin":4,"minecraft:pig":12,"minecraft:elder_guardian":6,"minecraft:creeper":12,"minecraft:sheep":24,"minecraft:zombie":73,"minecraft:blaze":1,"minecraft:cow":5,"minecraft:phantom":2,"minecraft:horse":4,"minecraft:drowned":3,"minecraft:bat":2,"minecraft:hoglin":23,"minecraft:enderman":687},"minecraft:used":{"minecraft:writable_book":3,"minecraft:iron_shovel":47,"minecraft:spruce_slab":693,"minecraft:ladder":123,"minecraft:elytra":3,"minecraft:oak_sign":1,"minecraft:chest":298,"minecraft:shield":123,"minecraft:iron_sword":74,"minecraft:rotten_flesh":32,"minecraft:iron_chestplate":1,"minecraft:carrot":1,"minecraft:obsidian":70,"minecraft:spruce_boat":6,"minecraft:glass":224,"minecraft:grass_block":3,"minecraft:lantern":9,"minecraft:wet_sponge":407,"minecraft:iron_helmet":1,"minecraft:item_frame":66,"minecraft:bow":17,"minecraft:sweet_berries":91,"minecraft:blue_shulker_box":9,"minecraft:furnace":8,"minecraft:cooked_cod":4,"minecraft:diorite":4,"minecraft:diamond_boots":5,"minecraft:spruce_door":33,"minecraft:chorus_fruit":98,"minecraft:stone_pickaxe":655,"minecraft:prismarine":964,"minecraft:blackstone":4,"minecraft:ender_pearl":17,"minecraft:wooden_pickaxe":3,"minecraft:sugar_cane":9,"minecraft:diamond_axe":1118,"minecraft:jungle_boat":15,"minecraft:sand":3,"minecraft:mushroom_stew":13,"minecraft:sponge":371,"minecraft:end_stone":98,"minecraft:deepslate_brick_stairs":797,"minecraft:firework_rocket":459,"minecraft:bread":132,"minecraft:deepslate":1,"minecraft:gravel":2,"minecraft:diamond_sword":1301,"minecraft:grindstone":1,"minecraft:andesite":1,"minecraft:oak_boat":8,"minecraft:trident":34,"minecraft:flint_and_steel":10,"minecraft:stone_shovel":595,"minecraft:dried_kelp":128,"minecraft:ender_chest":39,"minecraft:stone_hoe":89,"minecraft:cooked_chicken":28,"minecraft:netherrack":88,"minecraft:torch":280,"minecraft:dirt":380,"minecraft:hopper":16,"minecraft:prismarine_bricks":250,"minecraft:spruce_stairs":175,"minecraft:diamond_helmet":3,"minecraft:shulker_box":80,"minecraft:granite":1,"minecraft:iron_hoe":780,"minecraft:sea_lantern":110,"minecraft:iron_axe":12,"minecraft:iron_boots":1,"minecraft:smooth_basalt":2,"minecraft:diamond_chestplate":1,"minecraft:cobbled_deepslate":194,"minecraft:iron_leggings":1,"minecraft:wheat_seeds":534,"minecraft:cooked_mutton":67,"minecraft:water_bucket":1464,"minecraft:cobblestone_stairs":23,"minecraft:brown_mushroom":4,"minecraft:spruce_sign":2,"minecraft:stonecutter":4,"minecraft:deepslate_bricks":931,"minecraft:crafting_table":26,"minecraft:white_bed":6,"minecraft:spruce_log":88,"minecraft:dark_prismarine":21,"minecraft:wooden_hoe":59,"minecraft:diamond_pickaxe":14405,"minecraft:diamond_shovel":218,"minecraft:iron_pickaxe":203,"minecraft:spruce_trapdoor":12,"minecraft:spruce_sapling":10,"minecraft:stone_axe":202,"minecraft:fishing_rod":5,"minecraft:cobblestone":305,"minecraft:cooked_porkchop":148,"minecraft:bucket":1469,"minecraft:kelp":3,"minecraft:dandelion":1,"minecraft:diamond_leggings":5},"minecraft:broken":{"minecraft:stone_pickaxe":5,"minecraft:stone_axe":1,"minecraft:stone_shovel":4,"minecraft:iron_hoe":3,"minecraft:shield":1,"minecraft:wooden_hoe":1},"minecraft:custom":{"minecraft:interact_with_crafting_table":120,"minecraft:open_barrel":89,"minecraft:open_shulker_box":370,"minecraft:leave_game":29,"minecraft:time_since_death":232213,"minecraft:sprint_one_cm":5988354,"minecraft:damage_blocked_by_shield":5530,"minecraft:drop":80,"minecraft:talked_to_villager":1,"minecraft:play_time":1824416,"minecraft:deaths":9,"minecraft:jump":32722,"minecraft:walk_on_water_one_cm":444006,"minecraft:interact_with_furnace":90,"minecraft:sleep_in_bed":7,"minecraft:open_enderchest":177,"minecraft:damage_dealt":114669,"minecraft:interact_with_beacon":1,"minecraft:crouch_one_cm":261384,"minecraft:horse_one_cm":1395,"minecraft:mob_kills":1355,"minecraft:interact_with_anvil":19,"minecraft:inspect_hopper":30,"minecraft:climb_one_cm":146635,"minecraft:walk_one_cm":2505617,"minecraft:sneak_time":87432,"minecraft:walk_under_water_one_cm":350531,"minecraft:boat_one_cm":984254,"minecraft:interact_with_lectern":21,"minecraft:total_world_time":1824416,"minecraft:interact_with_grindstone":3,"minecraft:interact_with_stonecutter":23,"minecraft:time_since_rest":232233,"minecraft:damage_taken":23622,"minecraft:swim_one_cm":1349456,"minecraft:fly_one_cm":7373703,"minecraft:open_chest":1011,"minecraft:aviate_one_cm":27205768,"minecraft:fish_caught":3,"minecraft:fall_one_cm":652738},"minecraft:dropped":{"minecraft:iron_sword":1,"minecraft:moss_block":2,"minecraft:ender_pearl":402,"minecraft:elytra":1,"minecraft:item_frame":1,"minecraft:flint":1,"minecraft:dirt":10,"minecraft:bone":17,"minecraft:golden_chestplate":1,"minecraft:cobbled_deepslate":128,"minecraft:rotten_flesh":59,"minecraft:oak_planks":16,"minecraft:gunpowder":4,"minecraft:spruce_slab":1,"minecraft:prismarine_bricks":3,"minecraft:golden_helmet":1,"minecraft:diamond_leggings":1,"minecraft:cobblestone":27,"minecraft:granite":18,"minecraft:gray_wool":1,"minecraft:diorite":13,"minecraft:diamond_helmet":1,"minecraft:string":12,"minecraft:redstone":84,"minecraft:tuff":50,"minecraft:clay_ball":4,"minecraft:diamond_sword":1,"minecraft:golden_leggings":1,"minecraft:spider_eye":2,"minecraft:diamond_boots":1,"minecraft:beacon":1,"minecraft:bow":1},"minecraft:crafted":{"minecraft:grindstone":1,"minecraft:oak_planks":28,"minecraft:blaze_powder":2,"minecraft:stone":8,"minecraft:shulker_box":10,"minecraft:hopper":7,"minecraft:iron_boots":1,"minecraft:chest":211,"minecraft:stone_hoe":2,"minecraft:ender_eye":2,"minecraft:raw_iron_block":39,"minecraft:item_frame":59,"minecraft:crafting_table":13,"minecraft:spruce_planks":1356,"minecraft:wooden_pickaxe":1,"minecraft:iron_helmet":1,"minecraft:raw_gold_block":2,"minecraft:spruce_door":45,"minecraft:spruce_trapdoor":20,"minecraft:iron_chestplate":1,"minecraft:wooden_hoe":1,"minecraft:paper":15,"minecraft:diamond_pickaxe":2,"minecraft:shield":3,"minecraft:stick":876,"minecraft:stone_slab":6,"minecraft:iron_ingot":51,"minecraft:iron_pickaxe":3,"minecraft:raw_iron":360,"minecraft:coal":342,"minecraft:stone_shovel":6,"minecraft:fishing_rod":1,"minecraft:iron_nugget":108,"minecraft:furnace":2,"minecraft:mushroom_stew":7,"minecraft:bone_meal":18,"minecraft:blue_shulker_box":1,"minecraft:glass_pane":64,"minecraft:flint_and_steel":2,"minecraft:lantern":13,"minecraft:spruce_stairs":224,"minecraft:iron_axe":1,"minecraft:ladder":126,"minecraft:iron_hoe":4,"minecraft:spruce_slab":672,"minecraft:stone_pickaxe":5,"minecraft:spruce_boat":1,"minecraft:redstone_block":112,"minecraft:coal_block":38,"minecraft:diamond_sword":1,"minecraft:spruce_sign":3,"minecraft:dried_kelp":128,"minecraft:iron_sword":2,"minecraft:bowl":8,"minecraft:bucket":3,"minecraft:stone_axe":2,"minecraft:bread":132,"minecraft:air":0,"minecraft:jungle_planks":1704,"minecraft:blue_dye":1,"minecraft:raw_gold":18,"minecraft:iron_shovel":1,"minecraft:iron_leggings":1,"minecraft:stonecutter":1,"minecraft:white_bed":2,"minecraft:torch":208,"minecraft:lapis_block":41,"minecraft:firework_rocket":12,"minecraft:ender_chest":2}},"DataVersion":2975}