{"stats":{"minecraft:custom":{"minecraft:jump":3,"minecraft:time_since_rest":21,"minecraft:deaths":1,"minecraft:crouch_one_cm":2,"minecraft:sprint_one_cm":34,"minecraft:leave_game":2,"minecraft:play_time":26719,"minecraft:damage_taken":220,"minecraft:time_since_death":0,"minecraft:walk_one_cm":1239,"minecraft:sneak_time":26,"minecraft:total_world_time":26719,"minecraft:fly_one_cm":605},"minecraft:killed_by":{"minecraft:player":1},"minecraft:picked_up":{"minecraft:tinted_glass":1}},"DataVersion":3120}