{"stats":{"minecraft:dropped":{"minecraft:enchanted_book":1,"minecraft:spruce_sign":1,"minecraft:iron_ingot":19,"minecraft:stripped_spruce_log":2,"minecraft:cyan_stained_glass":1,"minecraft:red_concrete_powder":1,"minecraft:cobblestone":792,"minecraft:book":1,"minecraft:granite":127,"minecraft:red_stained_glass":2,"minecraft:coal":64,"minecraft:red_carpet":4,"minecraft:stick":35,"minecraft:flint":22,"minecraft:dirt":28,"minecraft:diorite":66,"minecraft:ice":4,"minecraft:ink_sac":2,"minecraft:wooden_axe":1,"minecraft:snowball":4,"minecraft:iron_leggings":1,"minecraft:pumpkin_pie":48,"minecraft:bone_meal":3,"minecraft:spruce_sapling":18,"minecraft:redstone_block":128,"minecraft:bone":11,"minecraft:gravel":39,"minecraft:red_concrete":2,"minecraft:sugar_cane":79,"minecraft:sweet_berries":18,"minecraft:lever":1,"minecraft:player_head":3,"minecraft:cobbled_deepslate":15,"minecraft:deepslate":18,"minecraft:raw_iron":14,"minecraft:stone_shovel":1,"minecraft:diamond_shovel":1,"minecraft:yellow_stained_glass":2,"minecraft:cobbled_deepslate_slab":26,"minecraft:orange_stained_glass":1,"minecraft:red_terracotta":8,"minecraft:blue_stained_glass":10,"minecraft:purple_stained_glass":2,"minecraft:poppy":6,"minecraft:snow":3,"minecraft:stone":306,"minecraft:spruce_trapdoor":8,"minecraft:spruce_planks":3,"minecraft:diamond_pickaxe":7,"minecraft:andesite":61,"minecraft:prismarine_bricks":1,"minecraft:glass":32,"minecraft:bow":1,"minecraft:iron_ore":5,"minecraft:wooden_pickaxe":1,"minecraft:netherrack":51,"minecraft:green_stained_glass":1},"minecraft:killed":{"minecraft:phantom":1,"minecraft:skeleton":42,"minecraft:salmon":7,"minecraft:zombie":1,"minecraft:enderman":2},"minecraft:mined":{"minecraft:diamond_ore":5,"minecraft:red_carpet":2,"minecraft:spruce_planks":82,"minecraft:deepslate_diamond_ore":2,"minecraft:cobbled_deepslate_stairs":1,"minecraft:orange_stained_glass":1,"minecraft:spruce_trapdoor":12,"minecraft:granite":493,"minecraft:cobbled_deepslate_slab":7,"minecraft:grass_block":1,"minecraft:spruce_leaves":180,"minecraft:large_fern":2,"minecraft:orange_concrete":35,"minecraft:redstone_ore":6,"minecraft:furnace":1,"minecraft:iron_ore":48,"minecraft:cobbled_deepslate":325,"minecraft:snow":4,"minecraft:andesite":339,"minecraft:stripped_spruce_log":1,"minecraft:pumpkin":2,"minecraft:green_stained_glass":1,"minecraft:bookshelf":1,"minecraft:deepslate_iron_ore":6,"minecraft:stone":5582,"minecraft:spruce_slab":12,"minecraft:deepslate_redstone_ore":111,"minecraft:glass_pane":6,"minecraft:spruce_door":4,"minecraft:dandelion":19,"minecraft:blue_stained_glass":8,"minecraft:powder_snow":3,"minecraft:crafting_table":3,"minecraft:torch":15,"minecraft:light_gray_terracotta":91,"minecraft:chest":16,"minecraft:dead_bush":1,"minecraft:cobblestone":111,"minecraft:copper_ore":71,"minecraft:lapis_ore":6,"minecraft:red_concrete":99,"minecraft:sugar_cane":103,"minecraft:diorite":587,"minecraft:wall_torch":9,"minecraft:cauldron":1,"minecraft:deepslate_copper_ore":4,"minecraft:spruce_stairs":12,"minecraft:white_terracotta":528,"minecraft:red_terracotta":3,"minecraft:sweet_berry_bush":77,"minecraft:ice":4,"minecraft:spruce_log":389,"minecraft:coal_ore":97,"minecraft:gravel":332,"minecraft:sand":56,"minecraft:dirt":210,"minecraft:terracotta":394,"minecraft:netherrack":12,"minecraft:gold_ore":16,"minecraft:deepslate":758,"minecraft:fern":1},"minecraft:crafted":{"minecraft:black_dye":2,"minecraft:raw_iron":18,"minecraft:stone_shovel":2,"minecraft:orange_stained_glass":8,"minecraft:furnace":2,"minecraft:stone_button":2,"minecraft:lever":1,"minecraft:red_terracotta":8,"minecraft:bone_meal":201,"minecraft:cyan_stained_glass":8,"minecraft:bookshelf":7,"minecraft:white_carpet":3,"minecraft:glass_pane":16,"minecraft:red_concrete_powder":80,"minecraft:green_dye":12,"minecraft:glass":140,"minecraft:spruce_stairs":20,"minecraft:spruce_slab":12,"minecraft:orange_concrete_powder":32,"minecraft:chest":22,"minecraft:cobbled_deepslate_stairs":4,"minecraft:spruce_boat":1,"minecraft:raw_iron_block":2,"minecraft:red_dye":58,"minecraft:blue_stained_glass":16,"minecraft:cyan_dye":2,"minecraft:purple_stained_glass":8,"minecraft:diamond_axe":1,"minecraft:crafting_table":4,"minecraft:spruce_planks":800,"minecraft:spruce_door":6,"minecraft:red_bed":2,"minecraft:red_wool":4,"minecraft:green_stained_glass":8,"minecraft:red_carpet":6,"minecraft:orange_dye":8,"minecraft:yellow_stained_glass":8,"minecraft:painting":1,"minecraft:air":0,"minecraft:blue_dye":11,"minecraft:spruce_trapdoor":10,"minecraft:red_stained_glass":8,"minecraft:book":19,"minecraft:purple_dye":2,"minecraft:paper":57,"minecraft:yellow_dye":8,"minecraft:white_dye":130,"minecraft:stick":12,"minecraft:iron_ingot":31,"minecraft:iron_block":2,"minecraft:white_terracotta":736,"minecraft:white_bed":2,"minecraft:shears":1},"minecraft:picked_up":{"minecraft:wooden_axe":1,"minecraft:spruce_leaves":14,"minecraft:iron_chestplate":1,"minecraft:crafting_table":4,"minecraft:redstone_block":229,"minecraft:ladder":9,"minecraft:packed_ice":128,"minecraft:wooden_pickaxe":3,"minecraft:enchanted_book":1,"minecraft:cooked_salmon":4,"minecraft:orange_stained_glass":2,"minecraft:string":2,"minecraft:raw_copper":171,"minecraft:orange_concrete":35,"minecraft:snow":3,"minecraft:iron_leggings":3,"minecraft:white_carpet":6,"minecraft:cobbled_deepslate":1361,"minecraft:spruce_planks":75,"minecraft:player_head":5,"minecraft:poppy":64,"minecraft:iron_pickaxe":2,"minecraft:spruce_slab":7,"minecraft:furnace":1,"minecraft:sugar_cane":136,"minecraft:chest":15,"minecraft:spruce_trapdoor":23,"minecraft:piston":2,"minecraft:iron_boots":2,"minecraft:raw_iron":112,"minecraft:stick":106,"minecraft:stone":243,"minecraft:torch":151,"minecraft:cyan_stained_glass":2,"minecraft:spruce_stairs":12,"minecraft:diorite":232,"minecraft:redstone":132,"minecraft:cauldron":1,"minecraft:blue_stained_glass":20,"minecraft:tnt":2,"minecraft:cactus":12,"minecraft:arrow":128,"minecraft:rotten_flesh":4,"minecraft:pumpkin_pie":56,"minecraft:bookshelf":28,"minecraft:white_terracotta":524,"minecraft:obsidian":2,"minecraft:snowball":4,"minecraft:white_wool":28,"minecraft:cobblestone":2291,"minecraft:cooked_beef":1,"minecraft:golden_carrot":1,"minecraft:andesite":223,"minecraft:leather":1,"minecraft:music_disc_stal":2,"minecraft:ice":4,"minecraft:flint":69,"minecraft:prismarine_bricks":2,"minecraft:cobbled_deepslate_stairs":1,"minecraft:purple_stained_glass":2,"minecraft:gunpowder":2,"minecraft:lapis_lazuli":81,"minecraft:dirt":92,"minecraft:glass":64,"minecraft:red_carpet":4,"minecraft:bone":29,"minecraft:bow":5,"minecraft:raw_gold":42,"minecraft:cobbled_deepslate_slab":163,"minecraft:yellow_stained_glass":2,"minecraft:iron_ingot":16,"minecraft:cooked_chicken":2,"minecraft:iron_ore":10,"minecraft:book":5,"minecraft:nether_quartz_ore":42,"minecraft:red_concrete_powder":1,"minecraft:cooked_porkchop":32,"minecraft:pumpkin":66,"minecraft:sweet_berries":158,"minecraft:dandelion":17,"minecraft:gravel":201,"minecraft:sand":214,"minecraft:green_stained_glass":2,"minecraft:stripped_spruce_log":3,"minecraft:spruce_sapling":22,"minecraft:ink_sac":7,"minecraft:spruce_log":382,"minecraft:red_terracotta":18,"minecraft:spruce_door":4,"minecraft:light_gray_terracotta":89,"minecraft:diamond_shovel":2,"minecraft:red_stained_glass":4,"minecraft:deepslate":38,"minecraft:diamond":13,"minecraft:spruce_boat":2,"minecraft:lever":2,"minecraft:iron_helmet":2,"minecraft:granite":170,"minecraft:painting":16,"minecraft:spruce_sign":1,"minecraft:terracotta":390,"minecraft:baked_potato":5,"minecraft:netherrack":338,"minecraft:red_concrete":105,"minecraft:coal":253,"minecraft:diamond_pickaxe":9,"minecraft:ender_pearl":1},"minecraft:custom":{"minecraft:mob_kills":56,"minecraft:interact_with_anvil":1,"minecraft:inspect_hopper":2,"minecraft:interact_with_crafting_table":81,"minecraft:open_barrel":26,"minecraft:leave_game":13,"minecraft:time_since_death":485230,"minecraft:climb_one_cm":745,"minecraft:sprint_one_cm":1020534,"minecraft:walk_one_cm":2439880,"minecraft:drop":134,"minecraft:play_time":485230,"minecraft:sneak_time":12070,"minecraft:walk_under_water_one_cm":240615,"minecraft:boat_one_cm":345123,"minecraft:jump":6729,"minecraft:walk_on_water_one_cm":106379,"minecraft:total_world_time":485230,"minecraft:interact_with_furnace":36,"minecraft:play_record":2,"minecraft:interact_with_stonecutter":3,"minecraft:sleep_in_bed":2,"minecraft:time_since_rest":139517,"minecraft:open_enderchest":7,"minecraft:damage_taken":1510,"minecraft:damage_dealt":2582,"minecraft:swim_one_cm":76278,"minecraft:fly_one_cm":1616831,"minecraft:open_chest":399,"minecraft:crouch_one_cm":47139,"minecraft:fall_one_cm":125595},"minecraft:used":{"minecraft:orange_concrete_powder":32,"minecraft:orange_concrete":35,"minecraft:red_concrete":97,"minecraft:spruce_slab":15,"minecraft:stone_shovel":261,"minecraft:chest":37,"minecraft:spruce_planks":433,"minecraft:white_terracotta":1510,"minecraft:stone":18,"minecraft:iron_sword":55,"minecraft:cooked_chicken":2,"minecraft:orange_stained_glass":7,"minecraft:torch":43,"minecraft:dirt":25,"minecraft:blue_stained_glass":17,"minecraft:spruce_stairs":28,"minecraft:spruce_boat":2,"minecraft:wooden_axe":1,"minecraft:bookshelf":24,"minecraft:yellow_stained_glass":6,"minecraft:iron_block":2,"minecraft:polished_andesite_stairs":6,"minecraft:music_disc_stal":2,"minecraft:red_carpet":6,"minecraft:golden_carrot":1,"minecraft:bow":9,"minecraft:sweet_berries":139,"minecraft:furnace":3,"minecraft:cobbled_deepslate":1384,"minecraft:pumpkin":2,"minecraft:spruce_door":8,"minecraft:red_stained_glass":6,"minecraft:baked_potato":5,"minecraft:wooden_pickaxe":4,"minecraft:cauldron":1,"minecraft:diamond_axe":697,"minecraft:sand":5,"minecraft:terracotta":4,"minecraft:crafting_table":6,"minecraft:red_bed":2,"minecraft:light_gray_terracotta":4,"minecraft:painting":17,"minecraft:cobbled_deepslate_stairs":4,"minecraft:cyan_stained_glass":7,"minecraft:purple_stained_glass":6,"minecraft:lever":1,"minecraft:diamond_pickaxe":9021,"minecraft:diamond_shovel":184,"minecraft:stone_button":2,"minecraft:iron_pickaxe":796,"minecraft:red_terracotta":3,"minecraft:spruce_trapdoor":21,"minecraft:deepslate":402,"minecraft:gravel":125,"minecraft:cobblestone":243,"minecraft:cobbled_deepslate_slab":47,"minecraft:red_concrete_powder":80,"minecraft:cooked_porkchop":26,"minecraft:glass_pane":6,"minecraft:pumpkin_pie":6,"minecraft:green_stained_glass":7},"minecraft:broken":{"minecraft:diamond_pickaxe":1,"minecraft:iron_pickaxe":2,"minecraft:stone_shovel":1}},"DataVersion":2865}