{"stats":{"minecraft:dropped":{"minecraft:spruce_sign":2,"minecraft:wooden_axe":1},"minecraft:picked_up":{"minecraft:crafting_table":2,"minecraft:sweet_berries":99,"minecraft:porkchop":3,"minecraft:spruce_log":24,"minecraft:spruce_sign":2,"minecraft:cobblestone":32},"minecraft:custom":{"minecraft:time_since_rest":17108,"minecraft:sprint_one_cm":41427,"minecraft:open_enderchest":1,"minecraft:damage_taken":190,"minecraft:walk_one_cm":30136,"minecraft:mob_kills":1,"minecraft:drop":2,"minecraft:damage_dealt":100,"minecraft:interact_with_crafting_table":4,"minecraft:fly_one_cm":50664,"minecraft:open_chest":2,"minecraft:play_time":17108,"minecraft:jump":256,"minecraft:time_since_death":17108,"minecraft:leave_game":2,"minecraft:walk_on_water_one_cm":115,"minecraft:total_world_time":17108,"minecraft:climb_one_cm":1249,"minecraft:fall_one_cm":9848},"minecraft:crafted":{"minecraft:stone_shovel":1,"minecraft:spruce_sign":3,"minecraft:crafting_table":1,"minecraft:spruce_planks":40,"minecraft:stick":20,"minecraft:wooden_pickaxe":1,"minecraft:stone_pickaxe":1,"minecraft:wooden_axe":1,"minecraft:stone_sword":1,"minecraft:stone_axe":1},"minecraft:used":{"minecraft:wooden_axe":21,"minecraft:wooden_pickaxe":32,"minecraft:spruce_sign":3,"minecraft:stone_axe":1,"minecraft:cobblestone":19,"minecraft:sweet_berries":47,"minecraft:crafting_table":2},"minecraft:killed":{"minecraft:pig":1},"minecraft:mined":{"minecraft:sweet_berry_bush":28,"minecraft:spruce_log":24,"minecraft:crafting_table":2,"minecraft:spruce_leaves":6,"minecraft:stone":32}},"DataVersion":3120}