{"stats":{"minecraft:dropped":{"minecraft:iron_sword":1,"minecraft:piston":6,"minecraft:porkchop":2,"minecraft:glow_ink_sac":2,"minecraft:crafting_table":3,"minecraft:crossbow":1,"minecraft:elytra":1,"minecraft:emerald":195,"minecraft:dirt":69,"minecraft:phantom_membrane":2,"minecraft:sand":3,"minecraft:sugar":2,"minecraft:iron_pickaxe":4,"minecraft:dark_oak_planks":1,"minecraft:white_wool":1,"minecraft:bone":6,"minecraft:stone_axe":3,"minecraft:iron_nugget":2,"minecraft:cobbled_deepslate":24,"minecraft:wheat":2,"minecraft:rotten_flesh":19,"minecraft:glowstone_dust":2,"minecraft:leather_leggings":1,"minecraft:beef":1,"minecraft:enchanted_book":2,"minecraft:golden_boots":1,"minecraft:iron_ingot":2,"minecraft:wheat_seeds":20,"minecraft:dripstone_block":3,"minecraft:feather":4,"minecraft:cobblestone":39,"minecraft:granite":17,"minecraft:music_disc_pigstep":1,"minecraft:spruce_door":8,"minecraft:coal":47,"minecraft:white_banner":1,"minecraft:paper":3,"minecraft:string":4,"minecraft:spruce_sapling":1,"minecraft:furnace":3,"minecraft:moss_carpet":1,"minecraft:player_head":2,"minecraft:cobblestone_wall":2,"minecraft:bowl":6,"minecraft:stone_shovel":1,"minecraft:chicken":1,"minecraft:clay_ball":319,"minecraft:spruce_fence":1,"minecraft:shears":1,"minecraft:diamond_sword":2,"minecraft:big_dripleaf":36,"minecraft:spruce_boat":2,"minecraft:spruce_trapdoor":4,"minecraft:spruce_planks":10,"minecraft:diamond_pickaxe":2,"minecraft:bamboo":15,"minecraft:sandstone":1,"minecraft:spruce_sign":1,"minecraft:brown_mushroom":4,"minecraft:baked_potato":25,"minecraft:leather":1,"minecraft:snowball":19,"minecraft:gravel":36,"minecraft:blackstone":307,"minecraft:spyglass":3,"minecraft:diamond_shovel":1,"minecraft:gunpowder":1,"minecraft:azalea":32,"minecraft:basalt":11,"minecraft:arrow":13,"minecraft:quartz":4,"minecraft:written_book":1,"minecraft:netherrack":19,"minecraft:netherite_axe":1,"minecraft:observer":6,"minecraft:amethyst_block":6,"minecraft:spruce_stairs":10,"minecraft:stick":27,"minecraft:diorite":7,"minecraft:torch":3,"minecraft:smooth_basalt":2,"minecraft:sweet_berries":28,"minecraft:raw_copper":8,"minecraft:tuff":4,"minecraft:light_gray_wool":1,"minecraft:totem_of_undying":1,"minecraft:iron_chestplate":1,"minecraft:andesite":20,"minecraft:stone_pickaxe":3,"minecraft:raw_gold":11,"minecraft:calcite":4},"minecraft:killed":{"minecraft:cave_spider":2,"minecraft:skeleton":66,"minecraft:chicken":4,"minecraft:magma_cube":35,"minecraft:salmon":1,"minecraft:zombie":100,"minecraft:glow_squid":3,"minecraft:cow":11,"minecraft:enderman":1,"minecraft:witch":1,"minecraft:spider":30,"minecraft:silverfish":4,"minecraft:piglin":1,"minecraft:pig":9,"minecraft:zombie_villager":6,"minecraft:creeper":10,"minecraft:sheep":12,"minecraft:trader_llama":1,"minecraft:mooshroom":3,"minecraft:stray":1,"minecraft:phantom":20,"minecraft:drowned":1},"minecraft:broken":{"minecraft:diamond_pickaxe":1,"minecraft:iron_pickaxe":2,"minecraft:wooden_hoe":1,"minecraft:leather_leggings":1,"minecraft:stone_pickaxe":2,"minecraft:wooden_axe":1,"minecraft:stone_shovel":1},"minecraft:custom":{"minecraft:interact_with_crafting_table":304,"minecraft:open_barrel":1518,"minecraft:bell_ring":10,"minecraft:leave_game":40,"minecraft:time_since_death":727598,"minecraft:damage_blocked_by_shield":80,"minecraft:play_time":1950082,"minecraft:deaths":24,"minecraft:jump":36845,"minecraft:interact_with_furnace":440,"minecraft:play_record":6,"minecraft:traded_with_villager":20,"minecraft:sleep_in_bed":8,"minecraft:damage_dealt":54971,"minecraft:interact_with_smoker":83,"minecraft:inspect_dispenser":2,"minecraft:horse_one_cm":1069,"minecraft:interact_with_smithing_table":1,"minecraft:inspect_dropper":4,"minecraft:interact_with_anvil":6,"minecraft:inspect_hopper":4,"minecraft:sneak_time":78938,"minecraft:interact_with_lectern":1,"minecraft:interact_with_blast_furnace":122,"minecraft:total_world_time":1950082,"minecraft:tune_noteblock":38,"minecraft:interact_with_stonecutter":29,"minecraft:time_since_rest":727619,"minecraft:swim_one_cm":1120754,"minecraft:fly_one_cm":8213178,"minecraft:open_chest":852,"minecraft:fish_caught":27,"minecraft:fall_one_cm":793603,"minecraft:damage_resisted":54,"minecraft:sprint_one_cm":3958483,"minecraft:drop":215,"minecraft:talked_to_villager":34,"minecraft:walk_on_water_one_cm":281699,"minecraft:interact_with_loom":1,"minecraft:open_enderchest":8,"minecraft:player_kills":2,"minecraft:crouch_one_cm":302119,"minecraft:mob_kills":327,"minecraft:climb_one_cm":58721,"minecraft:walk_one_cm":3642750,"minecraft:walk_under_water_one_cm":327251,"minecraft:boat_one_cm":1745307,"minecraft:damage_taken":20078,"minecraft:damage_absorbed":40,"minecraft:aviate_one_cm":775974},"minecraft:mined":{"minecraft:dark_oak_planks":1,"minecraft:white_bed":2,"minecraft:obsidian":4,"minecraft:granite":40,"minecraft:jungle_log":9,"minecraft:oak_wall_sign":1,"minecraft:nether_wart":1,"minecraft:chiseled_stone_bricks":3,"minecraft:spawner":3,"minecraft:polished_blackstone_bricks":69,"minecraft:magma_block":1,"minecraft:cobbled_deepslate":18,"minecraft:fire":54,"minecraft:barrel":7,"minecraft:pumpkin":7,"minecraft:moss_carpet":26,"minecraft:deepslate_lapis_ore":21,"minecraft:cave_vines":160,"minecraft:dirt_path":1,"minecraft:small_amethyst_bud":4,"minecraft:tripwire":2,"minecraft:jungle_trapdoor":4,"minecraft:brown_mushroom":3,"minecraft:amethyst_cluster":2,"minecraft:torch":13,"minecraft:spruce_wall_sign":3,"minecraft:sugar_cane":36,"minecraft:amethyst_block":7,"minecraft:wheat":33,"minecraft:jukebox":1,"minecraft:stone_brick_stairs":49,"minecraft:grass":101,"minecraft:smooth_basalt":6,"minecraft:stonecutter":1,"minecraft:deepslate":700,"minecraft:infested_deepslate":2,"minecraft:mossy_cobblestone":18,"minecraft:redstone_wire":2,"minecraft:moss_block":215,"minecraft:red_mushroom":4,"minecraft:redstone_ore":13,"minecraft:snow":10,"minecraft:andesite":69,"minecraft:big_dripleaf_stem":4,"minecraft:mossy_stone_brick_stairs":12,"minecraft:potatoes":54,"minecraft:vine":73,"minecraft:rail":1,"minecraft:bamboo":8,"minecraft:soul_sand":5,"minecraft:observer":2,"minecraft:dandelion":2,"minecraft:emerald_ore":1,"minecraft:campfire":4,"minecraft:tall_grass":45,"minecraft:copper_ore":113,"minecraft:deepslate_gold_ore":71,"minecraft:diorite":49,"minecraft:big_dripleaf":16,"minecraft:warped_wart_block":2,"minecraft:cobblestone_wall":1,"minecraft:spruce_log":357,"minecraft:birch_leaves":2,"minecraft:quartz_pillar":2,"minecraft:mycelium":7,"minecraft:gravel":38,"minecraft:dripstone_block":2,"minecraft:cobweb":5,"minecraft:spruce_fence_gate":5,"minecraft:stone_bricks":26,"minecraft:gold_ore":3,"minecraft:fern":6,"minecraft:large_amethyst_bud":2,"minecraft:spruce_planks":73,"minecraft:oak_sapling":3,"minecraft:spruce_trapdoor":1,"minecraft:cave_vines_plant":90,"minecraft:grass_block":109,"minecraft:white_concrete":103,"minecraft:glowstone":33,"minecraft:iron_ore":118,"minecraft:pointed_dripstone":3,"minecraft:flowering_azalea_leaves":21,"minecraft:azalea_leaves":70,"minecraft:azalea":39,"minecraft:spruce_slab":6,"minecraft:deepslate_redstone_ore":51,"minecraft:blackstone":734,"minecraft:medium_amethyst_bud":2,"minecraft:clay":164,"minecraft:calcite":4,"minecraft:mossy_cobblestone_wall":2,"minecraft:poppy":2,"minecraft:chest":2,"minecraft:nether_quartz_ore":82,"minecraft:cobblestone":86,"minecraft:oak_planks":2,"minecraft:wall_torch":9,"minecraft:deepslate_copper_ore":25,"minecraft:birch_log":32,"minecraft:blue_ice":5,"minecraft:light_gray_wool":1,"minecraft:oak_log":122,"minecraft:sand":75,"minecraft:dirt":128,"minecraft:netherrack":1041,"minecraft:ancient_debris":3,"minecraft:oak_leaves":63,"minecraft:nether_gold_ore":1,"minecraft:tuff":68,"minecraft:deepslate_diamond_ore":68,"minecraft:spruce_leaves":132,"minecraft:sandstone":3,"minecraft:large_fern":18,"minecraft:spore_blossom":8,"minecraft:furnace":17,"minecraft:carrots":4,"minecraft:stripped_spruce_log":16,"minecraft:deepslate_iron_ore":75,"minecraft:shroomlight":2,"minecraft:packed_ice":886,"minecraft:stone":1109,"minecraft:podzol":1,"minecraft:scaffolding":11,"minecraft:flowering_azalea":30,"minecraft:snow_block":336,"minecraft:basalt":15,"minecraft:spruce_door":16,"minecraft:crafting_table":38,"minecraft:lapis_ore":14,"minecraft:spruce_stairs":16,"minecraft:birch_planks":3,"minecraft:sweet_berry_bush":67,"minecraft:ice":3,"minecraft:white_wall_banner":1,"minecraft:black_wool":1,"minecraft:coal_ore":234,"minecraft:cracked_stone_bricks":1,"minecraft:small_dripleaf":2,"minecraft:mossy_stone_bricks":4},"minecraft:crafted":{"minecraft:black_dye":2,"minecraft:smooth_stone":6,"minecraft:chain":8,"minecraft:lever":1,"minecraft:diamond_shovel":1,"minecraft:cracked_stone_bricks":21,"minecraft:gray_wool":2,"minecraft:cooked_mutton":18,"minecraft:quartz_block":2,"minecraft:glass":27,"minecraft:diamond_helmet":1,"minecraft:repeater":1,"minecraft:diamond_leggings":1,"minecraft:polished_blackstone":1568,"minecraft:redstone_lamp":2,"minecraft:deepslate":16,"minecraft:emerald":18,"minecraft:cooked_porkchop":11,"minecraft:diamond_axe":1,"minecraft:raw_gold_block":3,"minecraft:spruce_door":12,"minecraft:mossy_cobblestone":8,"minecraft:copper_ingot":246,"minecraft:campfire":14,"minecraft:stone_brick_stairs":17,"minecraft:wooden_hoe":2,"minecraft:iron_pickaxe":8,"minecraft:iron_block":3,"minecraft:gold_ingot":128,"minecraft:light_gray_dye":2,"minecraft:spruce_fence_gate":3,"minecraft:polished_blackstone_bricks":1376,"minecraft:stone_shovel":1,"minecraft:jukebox":1,"minecraft:leather_leggings":1,"minecraft:iron_nugget":72,"minecraft:spyglass":3,"minecraft:diamond_hoe":1,"minecraft:cut_copper_stairs":4,"minecraft:light_gray_wool":3,"minecraft:bone_meal":45,"minecraft:spruce_fence":12,"minecraft:lantern":6,"minecraft:spruce_stairs":8,"minecraft:spruce_slab":156,"minecraft:stone_pickaxe":4,"minecraft:diamond_boots":1,"minecraft:quartz_slab":6,"minecraft:spruce_boat":11,"minecraft:redstone_block":25,"minecraft:dark_oak_planks":36,"minecraft:coal_block":7,"minecraft:polished_blackstone_brick_slab":18,"minecraft:enchanting_table":1,"minecraft:glowstone":2,"minecraft:enchanted_book":2,"minecraft:mossy_stone_brick_stairs":4,"minecraft:iron_shovel":3,"minecraft:iron_leggings":2,"minecraft:white_bed":2,"minecraft:brick":36,"minecraft:oak_planks":472,"minecraft:cobblestone_slab":2,"minecraft:barrel":17,"minecraft:cooked_chicken":2,"minecraft:stone":177,"minecraft:hopper":2,"minecraft:bow":5,"minecraft:iron_boots":1,"minecraft:raw_copper":54,"minecraft:chest":14,"minecraft:copper_block":33,"minecraft:chiseled_stone_bricks":4,"minecraft:bricks":25,"minecraft:birch_button":1,"minecraft:stone_bricks":156,"minecraft:raw_iron_block":13,"minecraft:golden_boots":1,"minecraft:smoker":1,"minecraft:quartz_stairs":8,"minecraft:oak_slab":6,"minecraft:crafting_table":21,"minecraft:spruce_planks":1292,"minecraft:wooden_pickaxe":1,"minecraft:baked_potato":172,"minecraft:iron_helmet":1,"minecraft:birch_planks":100,"minecraft:dispenser":2,"minecraft:spruce_trapdoor":12,"minecraft:dark_oak_slab":6,"minecraft:book":4,"minecraft:iron_chestplate":3,"minecraft:paper":15,"minecraft:diamond_pickaxe":4,"minecraft:shield":3,"minecraft:stick":1048,"minecraft:iron_ingot":421,"minecraft:snow_block":283,"minecraft:polished_blackstone_brick_stairs":4,"minecraft:redstone_torch":5,"minecraft:light_gray_carpet":6,"minecraft:shears":2,"minecraft:mossy_stone_bricks":39,"minecraft:furnace":14,"minecraft:stone_button":3,"minecraft:blast_furnace":2,"minecraft:piston":16,"minecraft:jungle_trapdoor":10,"minecraft:gray_dye":4,"minecraft:raw_copper_block":40,"minecraft:glass_pane":16,"minecraft:scaffolding":36,"minecraft:white_concrete_powder":160,"minecraft:iron_hoe":2,"minecraft:cobblestone_wall":12,"minecraft:observer":42,"minecraft:cooked_beef":13,"minecraft:cooked_cod":10,"minecraft:diamond_sword":3,"minecraft:spruce_sign":15,"minecraft:iron_sword":4,"minecraft:bowl":16,"minecraft:cooked_salmon":2,"minecraft:bucket":9,"minecraft:stone_axe":2,"minecraft:amethyst_block":40,"minecraft:mossy_cobblestone_wall":6,"minecraft:air":0,"minecraft:bread":9,"minecraft:jungle_planks":36,"minecraft:blue_dye":1,"minecraft:white_dye":12,"minecraft:stonecutter":1,"minecraft:anvil":1,"minecraft:torch":192,"minecraft:lapis_block":20,"minecraft:diamond_chestplate":1},"minecraft:picked_up":{"minecraft:wooden_axe":1,"minecraft:diamond_sword":4,"minecraft:lead":2,"minecraft:enchanted_book":6,"minecraft:golden_shovel":1,"minecraft:amethyst_block":7,"minecraft:string":34,"minecraft:cooked_salmon":1,"minecraft:pufferfish":4,"minecraft:shroomlight":4,"minecraft:diamond_leggings":2,"minecraft:cobbled_deepslate":610,"minecraft:spruce_planks":258,"minecraft:azalea_leaves":194,"minecraft:jukebox":1,"minecraft:big_dripleaf":135,"minecraft:tropical_fish":2,"minecraft:snowball":1144,"minecraft:birch_log":31,"minecraft:magma_block":1,"minecraft:feather":5,"minecraft:cooked_beef":16,"minecraft:water_bucket":1,"minecraft:jungle_log":9,"minecraft:brown_wool":1,"minecraft:flint":3,"minecraft:stonecutter":1,"minecraft:diamond_helmet":2,"minecraft:glowstone_dust":149,"minecraft:moss_block":214,"minecraft:warped_wart_block":2,"minecraft:stripped_spruce_log":16,"minecraft:ink_sac":3,"minecraft:barrel":7,"minecraft:iron_hoe":1,"minecraft:granite":26,"minecraft:bricks":144,"minecraft:diamond_pickaxe":4,"minecraft:crafting_table":44,"minecraft:nether_wart":2,"minecraft:clay_ball":703,"minecraft:leather_leggings":2,"minecraft:jungle_trapdoor":10,"minecraft:elytra":2,"minecraft:flint_and_steel":2,"minecraft:iron_shovel":4,"minecraft:cracked_stone_bricks":3,"minecraft:music_disc_otherside":6,"minecraft:beef":28,"minecraft:spruce_slab":10,"minecraft:poppy":2,"minecraft:jungle_sapling":3,"minecraft:iron_nugget":6,"minecraft:minecart":1,"minecraft:chest":3,"minecraft:sandstone":3,"minecraft:stone":1,"minecraft:spruce_fence":3,"minecraft:carrot":23,"minecraft:redstone":395,"minecraft:cooked_cod":1,"minecraft:stone_shovel":1,"minecraft:diamond_chestplate":2,"minecraft:shears":3,"minecraft:diamond_boots":2,"minecraft:totem_of_undying":2,"minecraft:mutton":20,"minecraft:glow_berries":89,"minecraft:white_wool":20,"minecraft:fern":4,"minecraft:red_mushroom":4,"minecraft:oak_log":130,"minecraft:ancient_debris":3,"minecraft:golden_boots":4,"minecraft:paper":6,"minecraft:white_banner":4,"minecraft:stone_bricks":41,"minecraft:spore_blossom":9,"minecraft:stone_pickaxe":2,"minecraft:iron_sword":2,"minecraft:flowering_azalea":65,"minecraft:smooth_basalt":6,"minecraft:sweet_berries":574,"minecraft:spyglass":4,"minecraft:gravel":48,"minecraft:spruce_sapling":31,"minecraft:spruce_log":456,"minecraft:diamond_shovel":3,"minecraft:firework_rocket":2,"minecraft:stone_axe":1,"minecraft:diamond_axe":2,"minecraft:baked_potato":63,"minecraft:warped_nylium":2,"minecraft:ender_pearl":1,"minecraft:wheat":40,"minecraft:ender_chest":1,"minecraft:potion":1,"minecraft:stone_brick_stairs":59,"minecraft:raw_copper":621,"minecraft:oak_sign":1,"minecraft:calcite":4,"minecraft:azalea":80,"minecraft:iron_pickaxe":7,"minecraft:furnace":13,"minecraft:tipped_arrow":2,"minecraft:stick":130,"minecraft:torch":66,"minecraft:spruce_stairs":30,"minecraft:porkchop":16,"minecraft:snow_block":16,"minecraft:music_disc_pigstep":1,"minecraft:diorite":46,"minecraft:vine":73,"minecraft:rotten_flesh":94,"minecraft:obsidian":4,"minecraft:cod":18,"minecraft:cobblestone":1379,"minecraft:magma_cream":2,"minecraft:repeater":1,"minecraft:andesite":66,"minecraft:potato":218,"minecraft:tuff":62,"minecraft:dirt":277,"minecraft:lapis_lazuli":262,"minecraft:name_tag":3,"minecraft:bone":105,"minecraft:bow":8,"minecraft:wheat_seeds":128,"minecraft:raw_gold":118,"minecraft:netherite_axe":1,"minecraft:mossy_stone_bricks":5,"minecraft:bamboo":112,"minecraft:oak_planks":1,"minecraft:mossy_stone_brick_stairs":12,"minecraft:cooked_porkchop":3,"minecraft:axolotl_bucket":2,"minecraft:poisonous_potato":13,"minecraft:jungle_planks":6,"minecraft:sand":75,"minecraft:grass_block":1,"minecraft:mossy_cobblestone":18,"minecraft:spruce_fence_gate":6,"minecraft:sugar":2,"minecraft:diamond":87,"minecraft:spruce_boat":30,"minecraft:crossbow":3,"minecraft:white_concrete":35,"minecraft:spruce_sign":8,"minecraft:emerald":157,"minecraft:oak_sapling":5,"minecraft:netherrack":1071,"minecraft:charcoal":8,"minecraft:azure_bluet":3,"minecraft:chicken":4,"minecraft:brown_mushroom":4,"minecraft:packed_ice":2,"minecraft:moss_carpet":117,"minecraft:mycelium":1,"minecraft:blackstone":1235,"minecraft:mossy_cobblestone_wall":2,"minecraft:oak_boat":2,"minecraft:player_head":20,"minecraft:observer":1,"minecraft:light_gray_wool":4,"minecraft:sugar_cane":41,"minecraft:spruce_trapdoor":5,"minecraft:phantom_membrane":14,"minecraft:raw_iron":286,"minecraft:brown_glazed_terracotta":3,"minecraft:bowl":15,"minecraft:flowering_azalea_leaves":20,"minecraft:polished_blackstone_bricks":66,"minecraft:quartz_pillar":2,"minecraft:stone_button":3,"minecraft:dark_oak_planks":1,"minecraft:arrow":65,"minecraft:saddle":1,"minecraft:basalt":15,"minecraft:glow_ink_sac":11,"minecraft:salmon":6,"minecraft:leather":28,"minecraft:music_disc_stal":1,"minecraft:birch_planks":3,"minecraft:mushroom_stew":2,"minecraft:gunpowder":3,"minecraft:cobblestone_wall":7,"minecraft:iron_ingot":47,"minecraft:cooked_chicken":2,"minecraft:soul_sand":2,"minecraft:scaffolding":12,"minecraft:birch_boat":1,"minecraft:pumpkin":19,"minecraft:chiseled_stone_bricks":3,"minecraft:quartz":107,"minecraft:dripstone_block":3,"minecraft:amethyst_shard":10,"minecraft:white_bed":2,"minecraft:spruce_door":25,"minecraft:spider_eye":7,"minecraft:white_concrete_powder":32,"minecraft:black_wool":1,"minecraft:coal":531},"minecraft:killed_by":{"minecraft:guardian":1,"minecraft:creeper":1,"minecraft:piglin":1,"minecraft:player":15},"minecraft:used":{"minecraft:moss_block":103,"minecraft:writable_book":1,"minecraft:spruce_slab":96,"minecraft:dispenser":1,"minecraft:chest":14,"minecraft:stone":3,"minecraft:quartz_stairs":5,"minecraft:rotten_flesh":50,"minecraft:azure_bluet":3,"minecraft:snowball":3,"minecraft:stripped_spruce_log":15,"minecraft:spruce_boat":36,"minecraft:jungle_sapling":1,"minecraft:packed_ice":1,"minecraft:quartz_pillar":57,"minecraft:dark_oak_slab":6,"minecraft:stone_brick_stairs":62,"minecraft:music_disc_stal":1,"minecraft:bow":10,"minecraft:sweet_berries":95,"minecraft:furnace":19,"minecraft:cooked_cod":9,"minecraft:potato":285,"minecraft:mossy_stone_bricks":28,"minecraft:diorite":10,"minecraft:leather_leggings":1,"minecraft:spruce_door":18,"minecraft:wooden_pickaxe":57,"minecraft:mossy_stone_brick_stairs":18,"minecraft:golden_apple":1,"minecraft:glow_berries":106,"minecraft:blue_dye":1,"minecraft:blast_furnace":2,"minecraft:stone_button":6,"minecraft:spore_blossom":5,"minecraft:flowering_azalea_leaves":9,"minecraft:diamond_sword":1236,"minecraft:oak_boat":2,"minecraft:polished_blackstone_brick_slab":14,"minecraft:enchanting_table":1,"minecraft:light_gray_carpet":5,"minecraft:mycelium":1,"minecraft:cooked_salmon":11,"minecraft:netherrack":198,"minecraft:torch":243,"minecraft:anvil":1,"minecraft:golden_shovel":6,"minecraft:jungle_trapdoor":8,"minecraft:fern":2,"minecraft:flowering_azalea":3,"minecraft:barrel":24,"minecraft:bamboo":11,"minecraft:basalt":1,"minecraft:cobbled_deepslate":215,"minecraft:observer":3,"minecraft:wheat_seeds":63,"minecraft:water_bucket":122,"minecraft:birch_planks":3,"minecraft:glow_ink_sac":3,"minecraft:spruce_fence_gate":8,"minecraft:polished_blackstone_bricks":1280,"minecraft:cracked_stone_bricks":24,"minecraft:mossy_cobblestone":19,"minecraft:vine":5,"minecraft:crafting_table":50,"minecraft:campfire":14,"minecraft:white_bed":6,"minecraft:spruce_log":105,"minecraft:diamond_pickaxe":4436,"minecraft:diamond_shovel":583,"minecraft:iron_pickaxe":1414,"minecraft:spruce_trapdoor":8,"minecraft:spruce_sapling":8,"minecraft:chiseled_stone_bricks":7,"minecraft:cobblestone":577,"minecraft:azalea_leaves":10,"minecraft:cooked_porkchop":13,"minecraft:glass_pane":8,"minecraft:jukebox":2,"minecraft:moss_carpet":35,"minecraft:iron_shovel":139,"minecraft:polished_deepslate":2,"minecraft:diamond_hoe":61,"minecraft:white_concrete_powder":96,"minecraft:shield":2,"minecraft:iron_sword":158,"minecraft:nether_wart":1,"minecraft:carrot":20,"minecraft:big_dripleaf":5,"minecraft:quartz_slab":4,"minecraft:lantern":6,"minecraft:stone_bricks":59,"minecraft:birch_button":1,"minecraft:repeater":2,"minecraft:redstone_lamp":2,"minecraft:scaffolding":30,"minecraft:golden_boots":1,"minecraft:stone_pickaxe":336,"minecraft:ender_pearl":1,"minecraft:diamond_axe":977,"minecraft:white_wool":6,"minecraft:mushroom_stew":40,"minecraft:crossbow":2,"minecraft:shears":147,"minecraft:redstone_torch":3,"minecraft:firework_rocket":2,"minecraft:bread":9,"minecraft:string":2,"minecraft:deepslate":4,"minecraft:gravel":2,"minecraft:cooked_rabbit":3,"minecraft:andesite":13,"minecraft:chain":8,"minecraft:mossy_cobblestone_wall":5,"minecraft:white_concrete":203,"minecraft:bone_meal":13,"minecraft:azalea":2,"minecraft:music_disc_otherside":5,"minecraft:stone_shovel":131,"minecraft:redstone":32,"minecraft:spruce_planks":437,"minecraft:cooked_chicken":4,"minecraft:spyglass":194,"minecraft:dirt":307,"minecraft:hopper":2,"minecraft:spruce_stairs":18,"minecraft:cobblestone_wall":7,"minecraft:spruce_fence":12,"minecraft:iron_hoe":101,"minecraft:dark_oak_planks":6,"minecraft:wooden_axe":21,"minecraft:polished_blackstone_brick_stairs":3,"minecraft:cooked_beef":29,"minecraft:pumpkin":6,"minecraft:cooked_mutton":15,"minecraft:snow_block":173,"minecraft:baked_potato":166,"minecraft:spruce_sign":16,"minecraft:stonecutter":2,"minecraft:cobblestone_slab":1,"minecraft:smoker":1,"minecraft:wooden_hoe":89,"minecraft:stone_axe":190,"minecraft:fishing_rod":47,"minecraft:white_banner":1,"minecraft:bucket":129}},"DataVersion":3105}