{"stats":{"minecraft:mined":{"minecraft:dark_oak_planks":5,"minecraft:magma_block":18,"minecraft:fire":2,"minecraft:tnt":1,"minecraft:lever":3,"minecraft:mycelium":1,"minecraft:iron_bars":2,"minecraft:dirt":4,"minecraft:crimson_wall_sign":3},"minecraft:used":{"minecraft:spruce_boat":5,"minecraft:dark_oak_planks":3,"minecraft:lever":3,"minecraft:iron_bars":2,"minecraft:firework_rocket":1,"minecraft:flint_and_steel":2,"minecraft:bread":3,"minecraft:elytra":1,"minecraft:iron_pickaxe":20,"minecraft:crimson_sign":5,"minecraft:dirt":4,"minecraft:magma_block":211,"minecraft:anvil":1,"minecraft:potion":2,"minecraft:written_book":6,"minecraft:tnt":1,"minecraft:pumpkin_pie":31,"minecraft:shulker_box":1},"minecraft:dropped":{"minecraft:iron_ingot":3,"minecraft:iron_nugget":3,"minecraft:tnt":3,"minecraft:crimson_sign":1,"minecraft:fire_charge":2,"minecraft:magma_block":1,"minecraft:dark_oak_planks":6,"minecraft:elytra":1},"minecraft:custom":{"minecraft:time_since_rest":314858,"minecraft:walk_one_cm":230863,"minecraft:interact_with_furnace":1,"minecraft:sprint_one_cm":352387,"minecraft:open_enderchest":2,"minecraft:damage_taken":460,"minecraft:drop":13,"minecraft:damage_dealt":3,"minecraft:open_barrel":24,"minecraft:fly_one_cm":549443,"minecraft:open_chest":55,"minecraft:crouch_one_cm":39815,"minecraft:open_shulker_box":92,"minecraft:play_time":329175,"minecraft:sneak_time":152714,"minecraft:walk_under_water_one_cm":65,"minecraft:boat_one_cm":171329,"minecraft:interact_with_lectern":1,"minecraft:aviate_one_cm":125285,"minecraft:jump":2222,"minecraft:walk_on_water_one_cm":909,"minecraft:leave_game":6,"minecraft:time_since_death":329175,"minecraft:sleep_in_bed":1,"minecraft:total_world_time":329175,"minecraft:fall_one_cm":53890},"minecraft:picked_up":{"minecraft:magma_block":127,"minecraft:splash_potion":1,"minecraft:anvil":9,"minecraft:dirt":5,"minecraft:elytra":1,"minecraft:dark_oak_planks":9,"minecraft:flint_and_steel":1,"minecraft:tnt":2,"minecraft:firework_rocket":1,"minecraft:spruce_boat":5,"minecraft:lever":3,"minecraft:written_book":2,"minecraft:iron_pickaxe":2,"minecraft:iron_bars":2,"minecraft:crimson_sign":5}},"DataVersion":3120}