{"stats":{"minecraft:dropped":{"minecraft:stone_axe":2,"minecraft:wheat_seeds":6,"minecraft:birch_sapling":1,"minecraft:rotten_flesh":2,"minecraft:oak_planks":48,"minecraft:leather":2,"minecraft:stick":7,"minecraft:poppy":7,"minecraft:rabbit_hide":2,"minecraft:rose_bush":6,"minecraft:oak_boat":1,"minecraft:stone_pickaxe":1,"minecraft:string":1,"minecraft:dandelion":1},"minecraft:picked_up":{"minecraft:charcoal":4,"minecraft:crafting_table":4,"minecraft:allium":85,"minecraft:azure_bluet":64,"minecraft:lilac":38,"minecraft:leather":2,"minecraft:oak_log":23,"minecraft:dirt":14,"minecraft:cornflower":71,"minecraft:string":1,"minecraft:orange_tulip":58,"minecraft:wheat_seeds":6,"minecraft:bell":1,"minecraft:rabbit_hide":2,"minecraft:stone_pickaxe":2,"minecraft:white_tulip":54,"minecraft:oak_boat":4,"minecraft:rose_bush":77,"minecraft:player_head":4,"minecraft:poppy":207,"minecraft:rabbit":1,"minecraft:birch_sapling":1,"minecraft:oak_planks":14,"minecraft:stick":4,"minecraft:sweet_berries":68,"minecraft:dandelion":60,"minecraft:porkchop":4,"minecraft:white_bed":1,"minecraft:lily_of_the_valley":51,"minecraft:rotten_flesh":3,"minecraft:spruce_boat":1,"minecraft:stone_axe":2,"minecraft:peony":31,"minecraft:hay_block":9,"minecraft:red_tulip":43,"minecraft:pink_tulip":104,"minecraft:oak_sapling":1,"minecraft:sunflower":65,"minecraft:cobblestone":46,"minecraft:oxeye_daisy":81},"minecraft:custom":{"minecraft:mob_kills":18,"minecraft:interact_with_crafting_table":4,"minecraft:leave_game":1,"minecraft:time_since_death":36345,"minecraft:sleep_in_bed":1,"minecraft:climb_one_cm":1100,"minecraft:time_since_rest":17470,"minecraft:sprint_one_cm":219518,"minecraft:damage_taken":982,"minecraft:walk_one_cm":507932,"minecraft:drop":27,"minecraft:damage_dealt":2128,"minecraft:swim_one_cm":3023,"minecraft:talked_to_villager":10,"minecraft:fly_one_cm":362013,"minecraft:crouch_one_cm":4282,"minecraft:play_time":43533,"minecraft:deaths":2,"minecraft:sneak_time":466,"minecraft:walk_under_water_one_cm":493,"minecraft:boat_one_cm":69760,"minecraft:jump":1811,"minecraft:walk_on_water_one_cm":2060,"minecraft:total_world_time":43533,"minecraft:fall_one_cm":48513},"minecraft:crafted":{"minecraft:oak_planks":92,"minecraft:oak_sign":3,"minecraft:crafting_table":1,"minecraft:bread":27,"minecraft:oak_boat":1,"minecraft:stick":4,"minecraft:wheat":81},"minecraft:killed":{"minecraft:wolf":1,"minecraft:pig":2,"minecraft:rabbit":5,"minecraft:spider":1,"minecraft:skeleton":1,"minecraft:donkey":1,"minecraft:zombie":3,"minecraft:fox":1,"minecraft:chicken":1,"minecraft:turtle":1,"minecraft:villager":1},"minecraft:used":{"minecraft:peony":31,"minecraft:pink_tulip":104,"minecraft:rose_bush":61,"minecraft:white_tulip":54,"minecraft:rabbit":1,"minecraft:stone_pickaxe":59,"minecraft:oak_planks":4,"minecraft:poppy":200,"minecraft:oak_sign":1,"minecraft:orange_tulip":58,"minecraft:dirt":3,"minecraft:lily_of_the_valley":51,"minecraft:crafting_table":3,"minecraft:allium":85,"minecraft:azure_bluet":64,"minecraft:cornflower":71,"minecraft:oxeye_daisy":81,"minecraft:red_tulip":43,"minecraft:sunflower":65,"minecraft:bread":17,"minecraft:lilac":38,"minecraft:stone_axe":76,"minecraft:sweet_berries":15,"minecraft:oak_boat":4,"minecraft:dandelion":64},"minecraft:killed_by":{"minecraft:player":1},"minecraft:mined":{"minecraft:white_bed":1,"minecraft:lily_of_the_valley":51,"minecraft:dandelion":82,"minecraft:powder_snow":8,"minecraft:crafting_table":4,"minecraft:cornflower":89,"minecraft:allium":95,"minecraft:grass_block":9,"minecraft:poppy":221,"minecraft:rose_bush":67,"minecraft:campfire":3,"minecraft:tall_grass":4,"minecraft:spruce_leaves":19,"minecraft:oak_planks":2,"minecraft:oxeye_daisy":82,"minecraft:hay_block":9,"minecraft:sweet_berry_bush":35,"minecraft:lilac":41,"minecraft:birch_leaves":5,"minecraft:orange_tulip":66,"minecraft:peony":32,"minecraft:azure_bluet":77,"minecraft:bell":1,"minecraft:grass":88,"minecraft:red_tulip":43,"minecraft:oak_log":23,"minecraft:sunflower":78,"minecraft:dirt":5,"minecraft:pink_tulip":117,"minecraft:white_tulip":67,"minecraft:stone":46,"minecraft:oak_leaves":13,"minecraft:fern":1}},"DataVersion":2865}