{"stats":{"minecraft:dropped":{"minecraft:cooked_beef":56,"minecraft:glow_ink_sac":2,"minecraft:glass_bottle":75,"minecraft:diamond":92,"minecraft:cooked_porkchop":47,"minecraft:warped_roots":1,"minecraft:elytra":1,"minecraft:leather_helmet":8,"minecraft:dirt":55,"minecraft:grass":13,"minecraft:dark_oak_fence":2,"minecraft:netherite_boots":2,"minecraft:jungle_sapling":4,"minecraft:gold_nugget":32,"minecraft:writable_book":5,"minecraft:bone_meal":315,"minecraft:bone_block":287,"minecraft:phantom_membrane":49,"minecraft:sugar":45,"minecraft:small_amethyst_bud":3,"minecraft:bone":2347,"minecraft:sugar_cane":320,"minecraft:ancient_debris":70,"minecraft:diamond_block":81,"minecraft:iron_nugget":1,"minecraft:cooked_chicken":4,"minecraft:golden_chestplate":12,"minecraft:cobbled_deepslate":18,"minecraft:netherite_sword":1,"minecraft:obsidian":19,"minecraft:rotten_flesh":29811,"minecraft:glowstone_dust":41,"minecraft:music_disc_far":1,"minecraft:jungle_log":320,"minecraft:leather_boots":6,"minecraft:leather_leggings":10,"minecraft:white_dye":342,"minecraft:spruce_slab":30,"minecraft:iron_ingot":4,"minecraft:golden_boots":11,"minecraft:netherite_pickaxe":3,"minecraft:wheat_seeds":9,"minecraft:netherite_helmet":2,"minecraft:netherite_chestplate":2,"minecraft:purpur_slab":1,"minecraft:feather":92,"minecraft:cobblestone":96,"minecraft:prismarine_crystals":3,"minecraft:chainmail_helmet":5,"minecraft:coal":10,"minecraft:golden_apple":1,"minecraft:pufferfish":5,"minecraft:jungle_slab":2,"minecraft:golden_carrot":9,"minecraft:ink_sac":3,"minecraft:chainmail_leggings":2,"minecraft:string":20,"minecraft:furnace":1,"minecraft:player_head":6,"minecraft:netherite_ingot":21,"minecraft:diamond_hoe":1,"minecraft:chicken":30,"minecraft:clay_ball":12,"minecraft:stone_slab":245,"minecraft:oak_sign":1,"minecraft:shears":1,"minecraft:spruce_boat":3,"minecraft:stone":100,"minecraft:diamond_pickaxe":2,"minecraft:spider_eye":68,"minecraft:barrel":3,"minecraft:stone_bricks":3,"minecraft:bow":141,"minecraft:magma_block":11,"minecraft:soul_sand":32,"minecraft:moss_block":64,"minecraft:diamond_axe":1,"minecraft:baked_potato":43,"minecraft:ender_pearl":2281,"minecraft:jungle_planks":5,"minecraft:flint":20,"minecraft:netherite_scrap":3,"minecraft:jungle_sign":1,"minecraft:gravel":434,"minecraft:purpur_block":1,"minecraft:blackstone":20,"minecraft:spyglass":1,"minecraft:fern":6,"minecraft:cooked_mutton":2,"minecraft:chainmail_chestplate":2,"minecraft:poppy":1,"minecraft:leather_chestplate":17,"minecraft:trident":2,"minecraft:gunpowder":257,"minecraft:chainmail_boots":2,"minecraft:arrow":33015,"minecraft:white_concrete_powder":192,"minecraft:quartz":132,"minecraft:written_book":7,"minecraft:netherrack":5446,"minecraft:firework_rocket":29,"minecraft:water_bucket":2,"minecraft:bread":1,"minecraft:vine":24,"minecraft:golden_helmet":8,"minecraft:chorus_flower":1,"minecraft:netherite_axe":3,"minecraft:spectral_arrow":2,"minecraft:stick":138,"minecraft:diorite":8,"minecraft:torch":9,"minecraft:repeater":1,"minecraft:white_concrete":64,"minecraft:jungle_leaves":7,"minecraft:redstone":24,"minecraft:sweet_berries":3,"minecraft:warped_nylium":1,"minecraft:tuff":13,"minecraft:totem_of_undying":1,"minecraft:acacia_leaves":1,"minecraft:netherite_leggings":2,"minecraft:andesite":1,"minecraft:golden_leggings":11,"minecraft:diamond_boots":1,"minecraft:spruce_log":8,"minecraft:nether_quartz_ore":1,"minecraft:nautilus_shell":1,"minecraft:light_blue_shulker_box":1},"minecraft:killed":{"minecraft:skeleton":1829,"minecraft:chicken":87,"minecraft:tropical_fish":1,"minecraft:cat":1,"minecraft:magma_cube":19,"minecraft:salmon":4,"minecraft:ender_dragon":1,"minecraft:zombie":101,"minecraft:glow_squid":3,"minecraft:cow":2,"minecraft:endermite":3,"minecraft:husk":22,"minecraft:enderman":4412,"minecraft:zombified_piglin":3,"minecraft:spider":14,"minecraft:turtle":33,"minecraft:piglin_brute":3,"minecraft:piglin":24,"minecraft:pig":6,"minecraft:zombie_villager":1,"minecraft:creeper":33,"minecraft:sheep":156,"minecraft:mooshroom":1,"minecraft:ghast":8,"minecraft:blaze":1,"minecraft:phantom":40,"minecraft:drowned":43,"minecraft:hoglin":3,"minecraft:squid":339,"minecraft:wither_skeleton":1},"minecraft:broken":{"minecraft:shears":4,"minecraft:iron_boots":1,"minecraft:iron_chestplate":1,"minecraft:iron_leggings":1,"minecraft:iron_axe":1,"minecraft:iron_pickaxe":14,"minecraft:iron_helmet":2,"minecraft:stone_pickaxe":1,"minecraft:flint_and_steel":4},"minecraft:custom":{"minecraft:interact_with_crafting_table":617,"minecraft:open_barrel":3243,"minecraft:bell_ring":131,"minecraft:eat_cake_slice":5,"minecraft:leave_game":225,"minecraft:time_since_death":7191671,"minecraft:damage_blocked_by_shield":1155,"minecraft:play_time":7191684,"minecraft:jump":105342,"minecraft:enchant_item":37,"minecraft:interact_with_furnace":471,"minecraft:play_record":11,"minecraft:traded_with_villager":13,"minecraft:sleep_in_bed":155,"minecraft:damage_dealt":289777,"minecraft:interact_with_smoker":6,"minecraft:inspect_dispenser":4,"minecraft:horse_one_cm":9733,"minecraft:interact_with_smithing_table":24,"minecraft:inspect_dropper":33,"minecraft:interact_with_anvil":99,"minecraft:inspect_hopper":453,"minecraft:target_hit":4,"minecraft:sneak_time":281458,"minecraft:interact_with_lectern":163,"minecraft:interact_with_blast_furnace":1,"minecraft:total_world_time":7191684,"minecraft:interact_with_stonecutter":2,"minecraft:time_since_rest":137217,"minecraft:swim_one_cm":2108078,"minecraft:fly_one_cm":32080645,"minecraft:open_chest":4611,"minecraft:fish_caught":47,"minecraft:fall_one_cm":3380963,"minecraft:animals_bred":253,"minecraft:open_shulker_box":1809,"minecraft:damage_resisted":1551,"minecraft:sprint_one_cm":14086921,"minecraft:drop":3663,"minecraft:play_noteblock":38,"minecraft:talked_to_villager":24,"minecraft:interact_with_brewingstand":1,"minecraft:walk_on_water_one_cm":1021565,"minecraft:interact_with_loom":3,"minecraft:open_enderchest":1031,"minecraft:player_kills":3,"minecraft:crouch_one_cm":1118222,"minecraft:mob_kills":7469,"minecraft:climb_one_cm":567723,"minecraft:walk_one_cm":13578105,"minecraft:walk_under_water_one_cm":1753611,"minecraft:boat_one_cm":4304603,"minecraft:interact_with_grindstone":35,"minecraft:damage_taken":48416,"minecraft:damage_absorbed":345,"minecraft:minecart_one_cm":45950,"minecraft:pig_one_cm":588,"minecraft:aviate_one_cm":68003656},"minecraft:mined":{"minecraft:dark_oak_planks":13,"minecraft:dark_prismarine_stairs":17,"minecraft:red_shulker_box":195,"minecraft:blackstone_stairs":4,"minecraft:white_bed":6,"minecraft:jungle_leaves":475,"minecraft:obsidian":326,"minecraft:granite":50,"minecraft:acacia_log":14,"minecraft:deepslate_tile_wall":6,"minecraft:jungle_log":1584,"minecraft:oak_pressure_plate":2,"minecraft:deepslate_bricks":2,"minecraft:purpur_slab":1,"minecraft:deepslate_tile_stairs":1,"minecraft:hopper":5,"minecraft:crimson_fungus":66,"minecraft:weeping_vines_plant":5,"minecraft:chorus_flower":4,"minecraft:polished_blackstone_bricks":2,"minecraft:tall_seagrass":15,"minecraft:magma_block":135,"minecraft:dark_oak_trapdoor":1,"minecraft:cobbled_deepslate":43,"minecraft:fire":3555,"minecraft:barrel":83,"minecraft:moss_carpet":6,"minecraft:deepslate_lapis_ore":29,"minecraft:oak_sign":9,"minecraft:cave_vines":8,"minecraft:dirt_path":2,"minecraft:small_amethyst_bud":6,"minecraft:smooth_sandstone_stairs":16,"minecraft:white_shulker_box":108,"minecraft:white_banner":1,"minecraft:iron_block":24,"minecraft:player_head":32,"minecraft:jungle_button":5,"minecraft:brown_mushroom":12,"minecraft:player_wall_head":12,"minecraft:crimson_nylium":56,"minecraft:soul_fire":14,"minecraft:amethyst_cluster":6,"minecraft:deepslate_tile_slab":4,"minecraft:torch":66,"minecraft:dead_bush":2,"minecraft:glass":72,"minecraft:sugar_cane":6821,"minecraft:spruce_sign":1,"minecraft:amethyst_block":16,"minecraft:chain":4,"minecraft:light_gray_stained_glass":2,"minecraft:wheat":417,"minecraft:lilac":1,"minecraft:warped_fungus":13,"minecraft:grass":1454,"minecraft:sandstone_wall":3,"minecraft:smooth_basalt":11,"minecraft:blue_shulker_box":7,"minecraft:red_mushroom_block":1571,"minecraft:piston":16,"minecraft:deepslate":1737,"minecraft:deepslate_tiles":26,"minecraft:dark_prismarine":20,"minecraft:dark_oak_log":61,"minecraft:sea_lantern":1,"minecraft:end_stone":517,"minecraft:shulker_box":204,"minecraft:nether_bricks":3,"minecraft:dark_oak_fence":1,"minecraft:spruce_fence":9,"minecraft:jungle_planks":15,"minecraft:crimson_roots":477,"minecraft:redstone_wire":35,"minecraft:moss_block":8,"minecraft:pink_wool":1,"minecraft:redstone_ore":2,"minecraft:acacia_trapdoor":18,"minecraft:andesite":320,"minecraft:big_dripleaf_stem":2,"minecraft:potatoes":3,"minecraft:vine":274,"minecraft:warped_stem":46,"minecraft:bamboo_sapling":2,"minecraft:bamboo":79,"minecraft:bone_block":2,"minecraft:white_wool":9,"minecraft:cake":1,"minecraft:ender_chest":57,"minecraft:smithing_table":4,"minecraft:glass_pane":19,"minecraft:soul_sand":100,"minecraft:observer":6,"minecraft:jungle_sign":8,"minecraft:smooth_sandstone":11,"minecraft:warped_roots":20,"minecraft:copper_ore":13,"minecraft:tall_grass":6,"minecraft:deepslate_gold_ore":45,"minecraft:diorite":80,"minecraft:big_dripleaf":9,"minecraft:warped_wart_block":200,"minecraft:purple_wool":3,"minecraft:black_stained_glass":25,"minecraft:coarse_dirt":2,"minecraft:cobblestone_wall":2,"minecraft:white_carpet":4,"minecraft:spruce_log":31,"minecraft:birch_leaves":11,"minecraft:jungle_fence":4,"minecraft:dark_prismarine_slab":49,"minecraft:mycelium":29,"minecraft:gravel":1274,"minecraft:cobweb":1,"minecraft:birch_sign":1,"minecraft:polished_blackstone":25,"minecraft:stone_bricks":44,"minecraft:chipped_anvil":1,"minecraft:fern":558,"minecraft:black_shulker_box":18,"minecraft:large_amethyst_bud":1,"minecraft:spruce_planks":15,"minecraft:jungle_slab":390,"minecraft:brewing_stand":1,"minecraft:spruce_trapdoor":12,"minecraft:budding_amethyst":1,"minecraft:grass_block":2104,"minecraft:cracked_polished_blackstone_bricks":2,"minecraft:white_concrete":140,"minecraft:soul_soil":40,"minecraft:composter":2,"minecraft:iron_ore":90,"minecraft:anvil":1,"minecraft:dark_oak_stairs":2,"minecraft:iron_bars":3,"minecraft:birch_wall_sign":1,"minecraft:azalea":1,"minecraft:spruce_slab":75,"minecraft:netherite_block":7,"minecraft:deepslate_redstone_ore":125,"minecraft:brown_shulker_box":13,"minecraft:quartz_block":34,"minecraft:blackstone":1205,"minecraft:twisting_vines_plant":1,"minecraft:polished_deepslate_stairs":8,"minecraft:medium_amethyst_bud":3,"minecraft:clay":3,"minecraft:jungle_stairs":8,"minecraft:calcite":26,"minecraft:poppy":4,"minecraft:chest":35,"minecraft:mushroom_stem":468,"minecraft:nether_quartz_ore":661,"minecraft:cobblestone":138,"minecraft:prismarine":3,"minecraft:iron_door":3,"minecraft:wall_torch":10,"minecraft:magenta_shulker_box":2,"minecraft:seagrass":12,"minecraft:warped_nylium":62,"minecraft:dark_oak_slab":21,"minecraft:nether_wart_block":219,"minecraft:birch_log":5,"minecraft:purpur_block":1,"minecraft:tnt":117,"minecraft:oak_log":292,"minecraft:sand":18116,"minecraft:dirt":1379,"minecraft:netherrack":26185,"minecraft:ancient_debris":597,"minecraft:oak_leaves":1129,"minecraft:nether_gold_ore":193,"minecraft:diamond_ore":4,"minecraft:tuff":67,"minecraft:red_carpet":1,"minecraft:quartz_stairs":16,"minecraft:dark_oak_leaves":6,"minecraft:deepslate_diamond_ore":77,"minecraft:gray_shulker_box":16,"minecraft:ladder":3,"minecraft:weeping_vines":2,"minecraft:white_stained_glass":70,"minecraft:brown_mushroom_block":2293,"minecraft:spruce_leaves":1,"minecraft:sandstone":1,"minecraft:crimson_stem":44,"minecraft:spore_blossom":11,"minecraft:furnace":7,"minecraft:nether_sprouts":10,"minecraft:light_gray_shulker_box":2,"minecraft:stripped_spruce_log":36,"minecraft:dark_oak_fence_gate":6,"minecraft:gold_block":1,"minecraft:bell":1,"minecraft:bookshelf":5,"minecraft:shroomlight":16,"minecraft:deepslate_iron_ore":28,"minecraft:lantern":2,"minecraft:stripped_oak_log":1,"minecraft:stripped_jungle_log":463,"minecraft:packed_ice":3,"minecraft:chorus_plant":1,"minecraft:stone":2268,"minecraft:yellow_shulker_box":2,"minecraft:scaffolding":71,"minecraft:acacia_leaves":1,"minecraft:light_blue_shulker_box":95,"minecraft:red_wool":1,"minecraft:stripped_dark_oak_log":287,"minecraft:basalt":1669,"minecraft:oak_fence":3,"minecraft:crafting_table":39,"minecraft:gray_stained_glass":2,"minecraft:rose_bush":2,"minecraft:lectern":5,"minecraft:lapis_ore":17,"minecraft:blue_bed":4,"minecraft:spruce_stairs":33,"minecraft:gray_wool":3,"minecraft:green_shulker_box":1,"minecraft:sweet_berry_bush":20,"minecraft:black_wool":2,"minecraft:coal_ore":106,"minecraft:cocoa":18,"minecraft:end_rod":8,"minecraft:gray_carpet":1,"minecraft:purple_shulker_box":1,"minecraft:polished_andesite":1,"minecraft:jungle_wall_sign":42},"minecraft:picked_up":{"minecraft:seagrass":95,"minecraft:iron_chestplate":3,"minecraft:chainmail_boots":3,"minecraft:anvil":1,"minecraft:prismarine_shard":64,"minecraft:smithing_table":4,"minecraft:lead":2,"minecraft:enchanted_book":1,"minecraft:purple_shulker_box":2,"minecraft:brewing_stand":1,"minecraft:golden_sword":1,"minecraft:amethyst_block":16,"minecraft:music_disc_cat":7,"minecraft:string":23,"minecraft:dark_oak_trapdoor":1,"minecraft:soul_soil":15,"minecraft:pufferfish":9,"minecraft:shroomlight":27,"minecraft:diamond_leggings":3,"minecraft:gold_nugget":854,"minecraft:cobbled_deepslate":1456,"minecraft:spruce_planks":19,"minecraft:written_book":29,"minecraft:diamond_ore":2,"minecraft:golden_helmet":9,"minecraft:composter":2,"minecraft:big_dripleaf":46,"minecraft:acacia_log":14,"minecraft:sandstone_wall":3,"minecraft:deepslate_tile_stairs":1,"minecraft:end_crystal":4,"minecraft:gray_shulker_box":16,"minecraft:golden_chestplate":13,"minecraft:black_dye":59,"minecraft:tropical_fish":5,"minecraft:blackstone_wall":8,"minecraft:iron_block":34,"minecraft:bookshelf":8,"minecraft:end_rod":41,"minecraft:netherite_chestplate":2,"minecraft:blaze_rod":1,"minecraft:blackstone_stairs":4,"minecraft:birch_log":5,"minecraft:magma_block":128,"minecraft:oxidized_copper":1,"minecraft:feather":276,"minecraft:cooked_beef":66,"minecraft:iron_door":4,"minecraft:medium_amethyst_bud":2,"minecraft:water_bucket":2,"minecraft:jungle_log":3643,"minecraft:acacia_leaves":1,"minecraft:flint":158,"minecraft:netherite_leggings":3,"minecraft:lantern":2,"minecraft:twisting_vines":2,"minecraft:chipped_anvil":1,"minecraft:large_amethyst_bud":1,"minecraft:diamond_helmet":1,"minecraft:moss_block":53,"minecraft:warped_wart_block":166,"minecraft:stripped_spruce_log":36,"minecraft:brown_mushroom_block":44,"minecraft:ink_sac":1149,"minecraft:dark_oak_log":172,"minecraft:barrel":87,"minecraft:netherite_block":7,"minecraft:polished_andesite":1,"minecraft:deepslate":160,"minecraft:writable_book":11,"minecraft:deepslate_gold_ore":16,"minecraft:granite":50,"minecraft:chainmail_helmet":5,"minecraft:bread":1,"minecraft:dark_oak_fence":2,"minecraft:crimson_roots":923,"minecraft:diamond_pickaxe":1,"minecraft:crafting_table":39,"minecraft:coarse_dirt":2,"minecraft:purple_wool":3,"minecraft:nether_wart":33,"minecraft:clay_ball":24,"minecraft:leather_leggings":10,"minecraft:dragon_head":1,"minecraft:purpur_block":3,"minecraft:elytra":2,"minecraft:netherite_scrap":1,"minecraft:white_stained_glass":70,"minecraft:white_carpet":4,"minecraft:iron_shovel":1,"minecraft:glass_pane":17,"minecraft:netherite_sword":1,"minecraft:deepslate_diamond_ore":37,"minecraft:music_disc_otherside":3,"minecraft:beef":2,"minecraft:poppy":5,"minecraft:jungle_sapling":83,"minecraft:iron_nugget":9,"minecraft:spruce_slab":99,"minecraft:quartz_stairs":16,"minecraft:chest":53,"minecraft:piston":22,"minecraft:diamond_hoe":1,"minecraft:egg":120,"minecraft:copper_ore":3,"minecraft:black_stained_glass":25,"minecraft:sandstone":1,"minecraft:stone":676,"minecraft:music_disc_mellohi":2,"minecraft:amethyst_cluster":2,"minecraft:spruce_fence":9,"minecraft:white_dye":8,"minecraft:carrot":4,"minecraft:mushroom_stem":5,"minecraft:redstone":453,"minecraft:netherite_pickaxe":3,"minecraft:jungle_sign":66,"minecraft:tnt":114,"minecraft:diamond_chestplate":3,"minecraft:cooked_cod":6,"minecraft:deepslate_bricks":2,"minecraft:shears":1,"minecraft:diamond_boots":3,"minecraft:purpur_slab":1,"minecraft:gold_ingot":19,"minecraft:totem_of_undying":1,"minecraft:polished_blackstone":25,"minecraft:white_shulker_box":108,"minecraft:glow_berries":31,"minecraft:mutton":203,"minecraft:white_wool":3205,"minecraft:bone_block":755,"minecraft:lapis_ore":6,"minecraft:stripped_oak_log":1,"minecraft:birch_leaves":1,"minecraft:yellow_shulker_box":3,"minecraft:fern":6,"minecraft:jungle_fence":2,"minecraft:red_mushroom":264,"minecraft:filled_map":6,"minecraft:oak_log":292,"minecraft:jungle_button":5,"minecraft:lily_pad":2,"minecraft:ancient_debris":669,"minecraft:golden_boots":11,"minecraft:blue_bed":5,"minecraft:paper":53,"minecraft:white_banner":2,"minecraft:apple":16,"minecraft:stone_bricks":47,"minecraft:warped_stem":46,"minecraft:spore_blossom":22,"minecraft:music_disc_far":6,"minecraft:iron_ore":5,"minecraft:dark_oak_stairs":2,"minecraft:smooth_basalt":11,"minecraft:dark_oak_slab":28,"minecraft:light_gray_stained_glass":2,"minecraft:sweet_berries":599,"minecraft:red_wool":1,"minecraft:spyglass":3,"minecraft:gravel":1147,"minecraft:small_amethyst_bud":6,"minecraft:spruce_log":49,"minecraft:sea_lantern":1,"minecraft:leather_helmet":9,"minecraft:firework_rocket":117,"minecraft:diamond_shovel":1,"minecraft:coal_ore":34,"minecraft:diamond_axe":2,"minecraft:scute":100,"minecraft:deepslate_redstone_ore":61,"minecraft:birch_sign":2,"minecraft:gray_wool":3,"minecraft:warped_roots":415,"minecraft:baked_potato":45,"minecraft:warped_nylium":60,"minecraft:stripped_dark_oak_log":287,"minecraft:crimson_nylium":51,"minecraft:hopper":5,"minecraft:ender_pearl":2714,"minecraft:shulker_shell":135,"minecraft:music_disc_strad":6,"minecraft:wheat":382,"minecraft:ender_chest":56,"minecraft:light_gray_shulker_box":2,"minecraft:potion":14,"minecraft:lapis_block":16,"minecraft:raw_copper":95,"minecraft:deepslate_lapis_ore":10,"minecraft:smooth_stone_slab":1,"minecraft:iron_leggings":3,"minecraft:armor_stand":18,"minecraft:experience_bottle":1,"minecraft:oak_sign":13,"minecraft:deepslate_tiles":26,"minecraft:black_shulker_box":18,"minecraft:rose_bush":2,"minecraft:calcite":26,"minecraft:azalea":1,"minecraft:deepslate_tile_wall":6,"minecraft:deepslate_iron_ore":12,"minecraft:iron_boots":2,"minecraft:furnace":7,"minecraft:tipped_arrow":2,"minecraft:stick":390,"minecraft:polished_deepslate_stairs":8,"minecraft:oak_fence":1,"minecraft:torch":141,"minecraft:spruce_stairs":33,"minecraft:porkchop":13,"minecraft:diorite":59,"minecraft:music_disc_pigstep":3,"minecraft:vine":28,"minecraft:quartz_block":34,"minecraft:nether_gold_ore":38,"minecraft:cactus":7,"minecraft:rotten_flesh":422,"minecraft:music_disc_ward":1,"minecraft:brown_shulker_box":14,"minecraft:chorus_flower":4,"minecraft:music_disc_wait":2,"minecraft:obsidian":394,"minecraft:cod":29,"minecraft:cobblestone":1453,"minecraft:nautilus_shell":1,"minecraft:leather_chestplate":17,"minecraft:magma_cream":6,"minecraft:repeater":1,"minecraft:andesite":312,"minecraft:golden_leggings":11,"minecraft:beacon":1,"minecraft:potato":15,"minecraft:tuff":71,"minecraft:smooth_sandstone_stairs":16,"minecraft:green_shulker_box":1,"minecraft:lapis_lazuli":433,"minecraft:dirt":3602,"minecraft:leather_boots":8,"minecraft:glass":124,"minecraft:bone":3546,"minecraft:bow":166,"minecraft:wheat_seeds":1527,"minecraft:orange_tulip":20,"minecraft:raw_gold":52,"minecraft:bell":2,"minecraft:netherite_axe":3,"minecraft:bamboo":864,"minecraft:ghast_tear":2,"minecraft:cooked_porkchop":55,"minecraft:oak_pressure_plate":2,"minecraft:gray_stained_glass":5,"minecraft:sand":17452,"minecraft:jungle_planks":91,"minecraft:light_blue_shulker_box":95,"minecraft:grass_block":12,"minecraft:diamond_block":69,"minecraft:jungle_slab":439,"minecraft:spectral_arrow":18,"minecraft:shulker_box":207,"minecraft:dark_prismarine":23,"minecraft:jungle_leaves":309,"minecraft:dark_prismarine_slab":60,"minecraft:sugar":78,"minecraft:diamond":876,"minecraft:spruce_boat":5,"minecraft:netherite_helmet":2,"minecraft:cracked_polished_blackstone_bricks":4,"minecraft:grass":13,"minecraft:bone_meal":152,"minecraft:white_concrete":140,"minecraft:spruce_sign":5,"minecraft:netherrack":28026,"minecraft:oak_sapling":142,"minecraft:chorus_fruit":11,"minecraft:oak_leaves":490,"minecraft:end_stone_bricks":6,"minecraft:fishing_rod":3,"minecraft:cocoa_beans":188,"minecraft:chicken":78,"minecraft:ladder":6,"minecraft:brown_mushroom":386,"minecraft:pink_wool":1,"minecraft:gold_block":1,"minecraft:chain":4,"minecraft:moss_carpet":21,"minecraft:item_frame":13,"minecraft:blackstone":1052,"minecraft:dark_prismarine_stairs":81,"minecraft:oak_boat":110,"minecraft:player_head":127,"minecraft:observer":12,"minecraft:lectern":5,"minecraft:blue_shulker_box":7,"minecraft:sugar_cane":11571,"minecraft:spruce_trapdoor":12,"minecraft:phantom_membrane":50,"minecraft:raw_iron":128,"minecraft:end_stone":577,"minecraft:copper_ingot":2,"minecraft:gray_dye":91,"minecraft:polished_blackstone_bricks":4,"minecraft:music_disc_11":2,"minecraft:magenta_shulker_box":2,"minecraft:trident":16,"minecraft:dark_oak_planks":24,"minecraft:arrow":3102,"minecraft:weeping_vines":19,"minecraft:red_shulker_box":195,"minecraft:jungle_stairs":8,"minecraft:nether_bricks":2,"minecraft:netherite_boots":2,"minecraft:jungle_boat":1,"minecraft:basalt":786,"minecraft:golden_carrot":23,"minecraft:glow_ink_sac":12,"minecraft:crimson_stem":71,"minecraft:salmon":16,"minecraft:leather":39,"minecraft:music_disc_stal":4,"minecraft:crimson_fungus":144,"minecraft:chainmail_chestplate":2,"minecraft:cobblestone_wall":2,"minecraft:nether_wart_block":219,"minecraft:gunpowder":324,"minecraft:wooden_hoe":1,"minecraft:deepslate_tile_slab":4,"minecraft:cooked_mutton":211,"minecraft:smooth_sandstone":11,"minecraft:red_carpet":8,"minecraft:gray_carpet":1,"minecraft:acacia_trapdoor":18,"minecraft:iron_ingot":3,"minecraft:cooked_chicken":45,"minecraft:acacia_sapling":7,"minecraft:soul_sand":126,"minecraft:tropical_fish_bucket":1,"minecraft:scaffolding":113,"minecraft:warped_fungus":76,"minecraft:nether_quartz_ore":50,"minecraft:birch_boat":1,"minecraft:quartz":1142,"minecraft:amethyst_shard":40,"minecraft:white_bed":6,"minecraft:dark_oak_fence_gate":6,"minecraft:spider_eye":14,"minecraft:stripped_jungle_log":461,"minecraft:music_disc_mall":3,"minecraft:chainmail_leggings":2,"minecraft:black_wool":2,"minecraft:coal":145},"minecraft:crafted":{"minecraft:jungle_button":168,"minecraft:black_dye":1066,"minecraft:jungle_fence_gate":2,"minecraft:oak_sign":3,"minecraft:chain":14,"minecraft:diamond_shovel":1,"minecraft:bookshelf":29,"minecraft:gray_wool":128,"minecraft:dark_prismarine_stairs":432,"minecraft:cooked_mutton":131,"minecraft:shulker_box":50,"minecraft:magenta_shulker_box":1,"minecraft:quartz_block":169,"minecraft:glass":114,"minecraft:diamond_helmet":2,"minecraft:netherite_boots":1,"minecraft:polished_blackstone":296,"minecraft:acacia_fence":6,"minecraft:black_wool":128,"minecraft:white_shulker_box":1,"minecraft:pink_stained_glass":64,"minecraft:turtle_helmet":1,"minecraft:end_rod":4,"minecraft:cooked_porkchop":5,"minecraft:diamond_axe":1,"minecraft:jungle_boat":1,"minecraft:polished_andesite_stairs":80,"minecraft:acacia_slab":6,"minecraft:spruce_door":3,"minecraft:copper_ingot":64,"minecraft:lectern":10,"minecraft:wooden_hoe":1,"minecraft:stone_slab":12,"minecraft:iron_pickaxe":15,"minecraft:iron_block":195,"minecraft:gold_ingot":546,"minecraft:netherite_ingot":118,"minecraft:composter":1,"minecraft:spruce_fence_gate":22,"minecraft:dark_prismarine":991,"minecraft:jungle_sign":21,"minecraft:magenta_wool":64,"minecraft:smooth_stone_slab":18,"minecraft:iron_nugget":36,"minecraft:player_head":55,"minecraft:diamond_hoe":1,"minecraft:bone_meal":104692,"minecraft:blue_shulker_box":1,"minecraft:spruce_fence":84,"minecraft:white_carpet":39,"minecraft:moss_carpet":12,"minecraft:stone_stairs":4,"minecraft:netherite_axe":1,"minecraft:diamond":4527,"minecraft:dark_oak_fence":129,"minecraft:spruce_stairs":240,"minecraft:ladder":36,"minecraft:spruce_slab":342,"minecraft:stone_pickaxe":1,"minecraft:diamond_boots":1,"minecraft:deepslate_tile_wall":18,"minecraft:spruce_boat":2,"minecraft:redstone_block":42,"minecraft:jungle_fence":30,"minecraft:dark_oak_planks":1328,"minecraft:netherite_pickaxe":2,"minecraft:magenta_stained_glass":64,"minecraft:acacia_trapdoor":80,"minecraft:light_blue_wool":192,"minecraft:acacia_stairs":12,"minecraft:deepslate_tiles":64,"minecraft:white_stained_glass":576,"minecraft:jungle_slab":1122,"minecraft:sandstone_wall":6,"minecraft:golden_apple":7,"minecraft:gray_shulker_box":2,"minecraft:wooden_axe":1,"minecraft:writable_book":2,"minecraft:iron_shovel":1,"minecraft:iron_leggings":1,"minecraft:deepslate_tile_stairs":8,"minecraft:armor_stand":6,"minecraft:white_bed":589,"minecraft:oak_planks":432,"minecraft:barrel":33,"minecraft:cooked_chicken":127,"minecraft:hopper":2,"minecraft:stone_brick_slab":18,"minecraft:bow":14,"minecraft:iron_boots":2,"minecraft:blackstone_wall":12,"minecraft:chest":73,"minecraft:netherite_helmet":1,"minecraft:copper_block":122,"minecraft:jungle_stairs":72,"minecraft:stone_bricks":128,"minecraft:quartz_stairs":44,"minecraft:item_frame":19,"minecraft:cauldron":2,"minecraft:crafting_table":7,"minecraft:spruce_planks":1584,"minecraft:iron_helmet":2,"minecraft:wooden_pickaxe":1,"minecraft:baked_potato":125,"minecraft:gold_block":6,"minecraft:birch_planks":20,"minecraft:black_shulker_box":3,"minecraft:tnt":3202,"minecraft:spruce_trapdoor":36,"minecraft:dark_oak_slab":312,"minecraft:book":6,"minecraft:iron_chestplate":1,"minecraft:paper":11514,"minecraft:diamond_pickaxe":2,"minecraft:pink_wool":256,"minecraft:shield":1,"minecraft:netherite_block":3,"minecraft:stick":948,"minecraft:light_blue_dye":4,"minecraft:iron_ingot":177,"minecraft:light_blue_shulker_box":4,"minecraft:dark_oak_fence_gate":78,"minecraft:deepslate_bricks":64,"minecraft:shears":5,"minecraft:deepslate_tile_slab":18,"minecraft:polished_andesite":256,"minecraft:wooden_sword":1,"minecraft:purple_wool":128,"minecraft:redstone":27,"minecraft:netherite_sword":2,"minecraft:spruce_button":4,"minecraft:furnace":1,"minecraft:piston":6,"minecraft:dark_oak_trapdoor":140,"minecraft:gray_dye":98,"minecraft:dark_oak_sign":12,"minecraft:diamond_block":644,"minecraft:glass_pane":80,"minecraft:flint_and_steel":6,"minecraft:netherite_chestplate":2,"minecraft:netherite_leggings":1,"minecraft:white_concrete_powder":384,"minecraft:polished_deepslate":64,"minecraft:iron_axe":1,"minecraft:cobblestone_wall":12,"minecraft:brown_shulker_box":1,"minecraft:netherite_scrap":211,"minecraft:blackstone_stairs":88,"minecraft:observer":6,"minecraft:sugar":76,"minecraft:cooked_cod":28,"minecraft:smooth_sandstone_stairs":88,"minecraft:bone_block":11479,"minecraft:crimson_planks":20,"minecraft:diamond_sword":1,"minecraft:dark_oak_stairs":28,"minecraft:spruce_sign":27,"minecraft:cooked_salmon":12,"minecraft:bucket":5,"minecraft:air":0,"minecraft:jungle_planks":3484,"minecraft:black_stained_glass":112,"minecraft:blue_dye":3,"minecraft:white_wool":4976,"minecraft:white_dye":517,"minecraft:netherite_shovel":1,"minecraft:dark_prismarine_slab":384,"minecraft:anvil":2,"minecraft:acacia_planks":296,"minecraft:torch":212,"minecraft:lapis_lazuli":99,"minecraft:lapis_block":42,"minecraft:firework_rocket":34483},"minecraft:used":{"minecraft:moss_block":4,"minecraft:writable_book":106,"minecraft:polished_blackstone":312,"minecraft:spruce_slab":401,"minecraft:ladder":35,"minecraft:elytra":1,"minecraft:chest":54,"minecraft:stone":102,"minecraft:white_shulker_box":108,"minecraft:quartz_stairs":55,"minecraft:soul_sand":5,"minecraft:cocoa_beans":19,"minecraft:jungle_slab":1417,"minecraft:acacia_sapling":1,"minecraft:stripped_spruce_log":36,"minecraft:packed_ice":192,"minecraft:spruce_boat":3,"minecraft:netherite_shovel":16200,"minecraft:music_disc_pigstep":4,"minecraft:red_wool":1,"minecraft:jungle_fence_gate":2,"minecraft:grass_block":29,"minecraft:music_disc_ward":1,"minecraft:polished_andesite_stairs":78,"minecraft:quartz_block":135,"minecraft:dark_oak_slab":301,"minecraft:pink_wool":193,"minecraft:netherite_boots":1,"minecraft:bow":961,"minecraft:sweet_berries":314,"minecraft:furnace":7,"minecraft:cooked_cod":22,"minecraft:acacia_fence":6,"minecraft:egg":124,"minecraft:potato":3,"minecraft:seagrass":1,"minecraft:dark_prismarine_stairs":444,"minecraft:magenta_shulker_box":2,"minecraft:diorite":8,"minecraft:spruce_door":1,"minecraft:blackstone":229,"minecraft:cactus":2,"minecraft:acacia_trapdoor":97,"minecraft:orange_tulip":20,"minecraft:blackstone_stairs":63,"minecraft:wooden_pickaxe":4,"minecraft:composter":3,"minecraft:jungle_boat":2,"minecraft:oak_leaves":184,"minecraft:golden_apple":7,"minecraft:glow_berries":30,"minecraft:dark_oak_trapdoor":140,"minecraft:sand":92,"minecraft:netherite_helmet":4,"minecraft:deepslate_tiles":77,"minecraft:deepslate_iron_ore":12,"minecraft:spore_blossom":4,"minecraft:lectern":11,"minecraft:diamond_ore":2,"minecraft:nether_wart_block":6,"minecraft:diamond_sword":1464,"minecraft:wooden_sword":26,"minecraft:smithing_table":4,"minecraft:dark_oak_fence":129,"minecraft:white_stained_glass":216,"minecraft:oak_boat":110,"minecraft:gray_stained_glass":2,"minecraft:purple_wool":128,"minecraft:acacia_log":4,"minecraft:armor_stand":23,"minecraft:cooked_salmon":12,"minecraft:netherrack":15531,"minecraft:sandstone_wall":9,"minecraft:torch":305,"minecraft:light_gray_shulker_box":2,"minecraft:anvil":3,"minecraft:brewing_stand":1,"minecraft:ancient_debris":93,"minecraft:warped_wart_block":5,"minecraft:twisting_vines":1,"minecraft:stone_stairs":4,"minecraft:red_shulker_box":193,"minecraft:sea_lantern":36,"minecraft:chipped_anvil":1,"minecraft:iron_block":24,"minecraft:iron_axe":244,"minecraft:spruce_button":2,"minecraft:jungle_log":1816,"minecraft:totem_of_undying":4,"minecraft:barrel":115,"minecraft:bamboo":42,"minecraft:smooth_basalt":105,"minecraft:basalt":450,"minecraft:oxidized_copper":1,"minecraft:cobbled_deepslate":401,"minecraft:observer":6,"minecraft:crimson_stem":1,"minecraft:calcite":12,"minecraft:wheat_seeds":691,"minecraft:water_bucket":213,"minecraft:light_blue_shulker_box":95,"minecraft:yellow_shulker_box":3,"minecraft:cauldron":2,"minecraft:glow_ink_sac":1,"minecraft:spruce_fence_gate":20,"minecraft:deepslate_bricks":2,"minecraft:polished_blackstone_bricks":4,"minecraft:diamond_block":1,"minecraft:vine":4,"minecraft:tnt":2371,"minecraft:crafting_table":43,"minecraft:birch_sign":2,"minecraft:dark_oak_fence_gate":84,"minecraft:white_bed":595,"minecraft:spruce_log":57,"minecraft:deepslate_tile_wall":16,"minecraft:oak_log":48,"minecraft:dark_prismarine":170,"minecraft:diamond_pickaxe":4047,"minecraft:diamond_shovel":5843,"minecraft:stripped_jungle_log":354,"minecraft:iron_pickaxe":4082,"minecraft:spruce_trapdoor":48,"minecraft:crimson_nylium":15,"minecraft:cobblestone":340,"minecraft:potion":9,"minecraft:cooked_porkchop":447,"minecraft:porkchop":2,"minecraft:glass_pane":97,"minecraft:moss_carpet":30,"minecraft:iron_shovel":225,"minecraft:diamond_hoe":432,"minecraft:bone_block":2,"minecraft:oak_sign":10,"minecraft:white_concrete_powder":154,"minecraft:shield":12,"minecraft:purple_shulker_box":2,"minecraft:bell":2,"minecraft:player_head":44,"minecraft:smooth_sandstone_stairs":104,"minecraft:iron_chestplate":2,"minecraft:jungle_planks":281,"minecraft:deepslate_tile_slab":22,"minecraft:axolotl_bucket":2,"minecraft:obsidian":329,"minecraft:polished_deepslate_stairs":8,"minecraft:big_dripleaf":44,"minecraft:glass":72,"minecraft:coal_ore":34,"minecraft:lantern":2,"minecraft:warped_nylium":28,"minecraft:iron_helmet":1,"minecraft:crimson_roots":1,"minecraft:stone_bricks":140,"minecraft:item_frame":28,"minecraft:deepslate_diamond_ore":35,"minecraft:red_carpet":8,"minecraft:scaffolding":113,"minecraft:warped_fungus":2,"minecraft:written_book":17,"minecraft:jungle_button":173,"minecraft:blue_shulker_box":7,"minecraft:gold_block":5,"minecraft:dark_oak_stairs":18,"minecraft:end_rod":43,"minecraft:stone_pickaxe":135,"minecraft:gray_carpet":1,"minecraft:birch_leaves":1,"minecraft:oak_planks":15,"minecraft:jungle_fence":32,"minecraft:ender_pearl":23,"minecraft:sandstone":1,"minecraft:sugar_cane":65,"minecraft:diamond_axe":296,"minecraft:blue_bed":5,"minecraft:white_wool":230,"minecraft:netherite_leggings":1,"minecraft:light_blue_wool":192,"minecraft:deepslate_redstone_ore":61,"minecraft:crossbow":1,"minecraft:blackstone_wall":4,"minecraft:deepslate_lapis_ore":10,"minecraft:end_stone":438,"minecraft:shears":763,"minecraft:firework_rocket":1223,"minecraft:gray_shulker_box":16,"minecraft:dark_oak_log":667,"minecraft:deepslate":79,"minecraft:gravel":174,"minecraft:iron_door":4,"minecraft:jungle_sign":94,"minecraft:coarse_dirt":2,"minecraft:chain":18,"minecraft:smooth_stone_slab":1,"minecraft:tropical_fish_bucket":4,"minecraft:white_concrete":142,"minecraft:bone_meal":18,"minecraft:netherite_sword":2984,"minecraft:oak_fence":1,"minecraft:azalea":1,"minecraft:trident":1908,"minecraft:jungle_leaves":171,"minecraft:rose_bush":58,"minecraft:flint_and_steel":322,"minecraft:music_disc_otherside":4,"minecraft:tropical_fish":2,"minecraft:redstone":20,"minecraft:spruce_planks":155,"minecraft:ender_chest":59,"minecraft:brown_shulker_box":15,"minecraft:deepslate_gold_ore":16,"minecraft:cooked_chicken":167,"minecraft:dirt":6291,"minecraft:white_carpet":42,"minecraft:hopper":5,"minecraft:spruce_stairs":273,"minecraft:cobblestone_wall":4,"minecraft:shulker_box":242,"minecraft:spruce_fence":71,"minecraft:dark_oak_planks":269,"minecraft:stone_brick_slab":17,"minecraft:wooden_axe":5,"minecraft:bookshelf":28,"minecraft:light_gray_stained_glass":2,"minecraft:smooth_sandstone":150,"minecraft:acacia_slab":2,"minecraft:iron_boots":1,"minecraft:golden_carrot":150,"minecraft:black_stained_glass":25,"minecraft:soul_soil":12,"minecraft:deepslate_tile_stairs":7,"minecraft:netherite_pickaxe":30378,"minecraft:iron_leggings":2,"minecraft:iron_ore":5,"minecraft:cooked_mutton":273,"minecraft:amethyst_block":26,"minecraft:glass_bottle":46,"minecraft:polished_andesite":79,"minecraft:baked_potato":16,"minecraft:birch_boat":1,"minecraft:black_shulker_box":18,"minecraft:spruce_sign":28,"minecraft:white_dye":6,"minecraft:stripped_dark_oak_log":285,"minecraft:music_disc_cat":2,"minecraft:dark_prismarine_slab":442,"minecraft:netherite_block":10,"minecraft:piston":6,"minecraft:wooden_hoe":37,"minecraft:black_wool":127,"minecraft:acacia_stairs":10,"minecraft:lapis_ore":6,"minecraft:netherite_axe":9822,"minecraft:jungle_stairs":78,"minecraft:stone_slab":12,"minecraft:fishing_rod":70,"minecraft:green_shulker_box":1,"minecraft:crimson_fungus":4,"minecraft:end_crystal":4,"minecraft:white_banner":2,"minecraft:bucket":220,"minecraft:gray_wool":128,"minecraft:splash_potion":4}},"DataVersion":3105}