{"stats":{"minecraft:crafted":{"minecraft:brick":6,"minecraft:black_dye":19,"minecraft:oak_planks":208,"minecraft:chain":4,"minecraft:birch_slab":6,"minecraft:stone":35,"minecraft:lever":6,"minecraft:diamond_shovel":1,"minecraft:glass":82,"minecraft:diamond_helmet":1,"minecraft:diamond_leggings":1,"minecraft:iron_boots":3,"minecraft:chest":18,"minecraft:oak_button":1,"minecraft:birch_door":3,"minecraft:black_wool":2,"minecraft:stone_hoe":1,"minecraft:flower_pot":2,"minecraft:smoker":2,"minecraft:item_frame":4,"minecraft:oak_slab":6,"minecraft:cooked_porkchop":4,"minecraft:diamond_axe":2,"minecraft:crafting_table":22,"minecraft:spruce_planks":424,"minecraft:wooden_pickaxe":2,"minecraft:iron_helmet":2,"minecraft:spruce_door":6,"minecraft:copper_ingot":26,"minecraft:gold_block":1,"minecraft:birch_planks":52,"minecraft:polished_deepslate_slab":6,"minecraft:stone_brick_stairs":4,"minecraft:iron_chestplate":2,"minecraft:diamond_pickaxe":2,"minecraft:charcoal":31,"minecraft:shield":4,"minecraft:stick":184,"minecraft:iron_ingot":194,"minecraft:iron_pickaxe":6,"minecraft:gold_ingot":111,"minecraft:birch_stairs":4,"minecraft:shears":1,"minecraft:golden_carrot":20,"minecraft:oak_door":18,"minecraft:stone_shovel":3,"minecraft:tripwire_hook":2,"minecraft:iron_nugget":99,"minecraft:spyglass":1,"minecraft:polished_deepslate_stairs":80,"minecraft:tinted_glass":14,"minecraft:furnace":23,"minecraft:gray_dye":34,"minecraft:bone_meal":9,"minecraft:diamond_block":1,"minecraft:flint_and_steel":1,"minecraft:lantern":11,"minecraft:diamond":9,"minecraft:polished_deepslate":232,"minecraft:iron_axe":3,"minecraft:ladder":24,"minecraft:iron_hoe":1,"minecraft:spruce_slab":6,"minecraft:stone_pickaxe":6,"minecraft:spruce_boat":2,"minecraft:prismarine_slab":12,"minecraft:cooked_cod":2,"minecraft:crossbow":1,"minecraft:diamond_sword":1,"minecraft:iron_sword":1,"minecraft:blue_bed":2,"minecraft:cooked_salmon":10,"minecraft:gray_concrete_powder":128,"minecraft:bucket":5,"minecraft:stone_axe":3,"minecraft:bread":1,"minecraft:air":0,"minecraft:jungle_planks":148,"minecraft:oak_boat":1,"minecraft:jungle_door":27,"minecraft:gold_nugget":162,"minecraft:white_dye":17,"minecraft:iron_leggings":3,"minecraft:stonecutter":2,"minecraft:prismarine_stairs":16,"minecraft:torch":28,"minecraft:blue_carpet":9},"minecraft:broken":{"minecraft:stone_pickaxe":1,"minecraft:diamond_pickaxe":1,"minecraft:stone_shovel":1,"minecraft:shield":1,"minecraft:iron_axe":2,"minecraft:iron_pickaxe":3},"minecraft:used":{"minecraft:moss_block":9,"minecraft:moss_carpet":2,"minecraft:writable_book":3,"minecraft:polished_deepslate":1,"minecraft:spruce_slab":5,"minecraft:elytra":2,"minecraft:ladder":14,"minecraft:oak_sign":1,"minecraft:polished_basalt":1,"minecraft:chest":18,"minecraft:shield":139,"minecraft:iron_sword":168,"minecraft:rotten_flesh":6,"minecraft:bell":2,"minecraft:mutton":2,"minecraft:carrot":78,"minecraft:tuff":54,"minecraft:azure_bluet":1,"minecraft:stripped_spruce_log":19,"minecraft:obsidian":1,"minecraft:polished_deepslate_stairs":92,"minecraft:spruce_boat":9,"minecraft:lava_bucket":10,"minecraft:lantern":6,"minecraft:iron_helmet":1,"minecraft:gray_concrete_powder":68,"minecraft:stone_brick_stairs":9,"minecraft:item_frame":3,"minecraft:written_book":3,"minecraft:sweet_berries":133,"minecraft:jungle_button":1,"minecraft:cooked_cod":2,"minecraft:furnace":54,"minecraft:gold_block":1,"minecraft:diorite":3,"minecraft:spruce_door":25,"minecraft:oak_planks":57,"minecraft:stone_pickaxe":275,"minecraft:prismarine_stairs":15,"minecraft:prismarine":1,"minecraft:wooden_pickaxe":28,"minecraft:diamond_axe":477,"minecraft:blue_bed":3,"minecraft:glow_berries":13,"minecraft:golden_apple":1,"minecraft:sand":2,"minecraft:crossbow":6,"minecraft:gray_concrete":4,"minecraft:shears":46,"minecraft:lever":4,"minecraft:firework_rocket":133,"minecraft:birch_slab":3,"minecraft:string":2,"minecraft:bread":1,"minecraft:gravel":41,"minecraft:diamond_sword":472,"minecraft:andesite":12,"minecraft:chain":4,"minecraft:oak_boat":8,"minecraft:trident":270,"minecraft:flint_and_steel":2,"minecraft:stone_shovel":187,"minecraft:spruce_planks":176,"minecraft:tinted_glass":14,"minecraft:ender_chest":1,"minecraft:cooked_salmon":29,"minecraft:netherrack":106,"minecraft:oak_door":17,"minecraft:torch":11,"minecraft:dirt":285,"minecraft:spyglass":5,"minecraft:diamond_helmet":1,"minecraft:shulker_box":8,"minecraft:granite":29,"minecraft:birch_door":1,"minecraft:iron_hoe":243,"minecraft:flowering_azalea":2,"minecraft:iron_axe":387,"minecraft:jungle_log":1,"minecraft:iron_boots":1,"minecraft:prismarine_slab":2,"minecraft:smooth_basalt":1,"minecraft:diamond_chestplate":2,"minecraft:tripwire_hook":1,"minecraft:golden_carrot":29,"minecraft:basalt":39,"minecraft:beef":1,"minecraft:cooked_beef":65,"minecraft:cobbled_deepslate":669,"minecraft:iron_leggings":1,"minecraft:calcite":1,"minecraft:acacia_boat":9,"minecraft:wheat_seeds":4,"minecraft:water_bucket":294,"minecraft:amethyst_block":1,"minecraft:birch_planks":6,"minecraft:blue_wool":1,"minecraft:stonecutter":2,"minecraft:deepslate_bricks":208,"minecraft:cracked_stone_bricks":1,"minecraft:mossy_cobblestone":31,"minecraft:polished_deepslate_slab":8,"minecraft:rail":1,"minecraft:vine":33,"minecraft:crafting_table":43,"minecraft:oak_slab":6,"minecraft:spruce_log":84,"minecraft:smoker":2,"minecraft:flower_pot":2,"minecraft:black_wool":8,"minecraft:diamond_pickaxe":2324,"minecraft:diamond_shovel":626,"minecraft:iron_pickaxe":1138,"minecraft:suspicious_stew":1,"minecraft:oak_button":1,"minecraft:spruce_sapling":1,"minecraft:stone_axe":70,"minecraft:blue_carpet":8,"minecraft:cobblestone":439,"minecraft:cooked_porkchop":4,"minecraft:jungle_door":21,"minecraft:bucket":309,"minecraft:diamond_leggings":1},"minecraft:picked_up":{"minecraft:prismarine_stairs":9,"minecraft:wheat":3,"minecraft:stone_brick_stairs":4,"minecraft:amethyst_block":10,"minecraft:polished_deepslate":20,"minecraft:string":21,"minecraft:raw_copper":35,"minecraft:cooked_salmon":19,"minecraft:oak_sign":1,"minecraft:gold_nugget":130,"minecraft:cobbled_deepslate":1169,"minecraft:spruce_planks":35,"minecraft:calcite":123,"minecraft:furnace":38,"minecraft:blue_wool":55,"minecraft:tipped_arrow":4,"minecraft:golden_helmet":1,"minecraft:stick":40,"minecraft:jungle_door":41,"minecraft:polished_deepslate_stairs":40,"minecraft:torch":33,"minecraft:porkchop":4,"minecraft:diorite":34,"minecraft:vine":42,"minecraft:rotten_flesh":61,"minecraft:polished_basalt":1,"minecraft:obsidian":13,"minecraft:cod":2,"minecraft:cobblestone":825,"minecraft:birch_log":32,"minecraft:leather_chestplate":3,"minecraft:cooked_beef":82,"minecraft:andesite":60,"minecraft:jungle_log":124,"minecraft:flint":15,"minecraft:tuff":79,"minecraft:acacia_boat":9,"minecraft:gray_concrete":4,"minecraft:lapis_lazuli":121,"minecraft:dirt":573,"minecraft:lantern":4,"minecraft:gray_concrete_powder":10,"minecraft:leather_boots":3,"minecraft:glass":16,"minecraft:bone":145,"minecraft:bow":11,"minecraft:stonecutter":1,"minecraft:wheat_seeds":10,"minecraft:raw_gold":257,"minecraft:bell":3,"minecraft:moss_block":13,"minecraft:prismarine":59,"minecraft:oak_planks":56,"minecraft:sand":181,"minecraft:jungle_planks":4,"minecraft:stripped_spruce_log":19,"minecraft:ink_sac":22,"minecraft:shulker_box":8,"minecraft:mossy_cobblestone":31,"minecraft:diamond":230,"minecraft:spruce_boat":9,"minecraft:granite":73,"minecraft:grass":1,"minecraft:golden_apple":1,"minecraft:oak_sapling":11,"minecraft:netherrack":141,"minecraft:charcoal":3,"minecraft:crafting_table":22,"minecraft:azure_bluet":1,"minecraft:clay_ball":192,"minecraft:gold_block":1,"minecraft:chain":4,"minecraft:shield":1,"minecraft:elytra":1,"minecraft:moss_carpet":4,"minecraft:flint_and_steel":1,"minecraft:cracked_stone_bricks":1,"minecraft:beef":1,"minecraft:oak_boat":9,"minecraft:player_head":4,"minecraft:observer":1,"minecraft:iron_nugget":1,"minecraft:poppy":3,"minecraft:spruce_slab":1,"minecraft:sugar_cane":6,"minecraft:chest":3,"minecraft:birch_sapling":13,"minecraft:phantom_membrane":3,"minecraft:raw_iron":154,"minecraft:polished_deepslate_slab":2,"minecraft:oak_door":11,"minecraft:bowl":2,"minecraft:carrot":20,"minecraft:redstone":4,"minecraft:iron_horse_armor":2,"minecraft:blue_carpet":3,"minecraft:arrow":140,"minecraft:deepslate_bricks":5,"minecraft:glow_berries":21,"minecraft:mutton":3,"minecraft:rail":1,"minecraft:white_wool":2,"minecraft:prismarine_slab":2,"minecraft:basalt":41,"minecraft:golden_carrot":30,"minecraft:salmon":29,"minecraft:leather":14,"minecraft:birch_planks":22,"minecraft:oak_log":75,"minecraft:chainmail_chestplate":1,"minecraft:jungle_button":1,"minecraft:golden_boots":2,"minecraft:gunpowder":5,"minecraft:blue_bed":1,"minecraft:white_banner":1,"minecraft:iron_ingot":12,"minecraft:stone_pickaxe":3,"minecraft:flowering_azalea":2,"minecraft:oak_slab":5,"minecraft:smooth_basalt":2,"minecraft:pumpkin":22,"minecraft:sweet_berries":133,"minecraft:quartz":2,"minecraft:dandelion":3,"minecraft:gravel":119,"minecraft:birch_stairs":1,"minecraft:amethyst_shard":92,"minecraft:spruce_sapling":19,"minecraft:spruce_log":221,"minecraft:spruce_door":19,"minecraft:firework_rocket":31,"minecraft:black_wool":2,"minecraft:coal":87,"minecraft:ender_pearl":32},"minecraft:killed":{"minecraft:spider":20,"minecraft:cod":2,"minecraft:skeleton":146,"minecraft:pig":2,"minecraft:zombie_villager":1,"minecraft:salmon":29,"minecraft:creeper":13,"minecraft:sheep":2,"minecraft:zombie":109,"minecraft:mooshroom":6,"minecraft:stray":5,"minecraft:cow":1,"minecraft:phantom":11,"minecraft:drowned":2,"minecraft:squid":6,"minecraft:enderman":188},"minecraft:custom":{"minecraft:interact_with_crafting_table":180,"minecraft:open_barrel":132,"minecraft:open_shulker_box":115,"minecraft:bell_ring":6,"minecraft:leave_game":49,"minecraft:time_since_death":73681,"minecraft:damage_resisted":224,"minecraft:sprint_one_cm":2302739,"minecraft:damage_blocked_by_shield":8660,"minecraft:drop":159,"minecraft:talked_to_villager":3,"minecraft:play_time":878295,"minecraft:deaths":3,"minecraft:jump":18704,"minecraft:walk_on_water_one_cm":175134,"minecraft:interact_with_furnace":195,"minecraft:open_enderchest":79,"minecraft:damage_dealt":60542,"minecraft:crouch_one_cm":237517,"minecraft:interact_with_smoker":4,"minecraft:mob_kills":559,"minecraft:climb_one_cm":33277,"minecraft:walk_one_cm":1231289,"minecraft:sneak_time":80986,"minecraft:walk_under_water_one_cm":193286,"minecraft:boat_one_cm":1168377,"minecraft:interact_with_lectern":6,"minecraft:total_world_time":878295,"minecraft:pot_flower":2,"minecraft:interact_with_stonecutter":9,"minecraft:time_since_rest":73701,"minecraft:damage_taken":10800,"minecraft:damage_absorbed":38,"minecraft:swim_one_cm":882500,"minecraft:fly_one_cm":3823286,"minecraft:open_chest":184,"minecraft:aviate_one_cm":9117768,"minecraft:fall_one_cm":485281},"minecraft:mined":{"minecraft:blue_carpet":1,"minecraft:large_amethyst_bud":4,"minecraft:spruce_planks":28,"minecraft:obsidian":7,"minecraft:granite":90,"minecraft:budding_amethyst":3,"minecraft:grass_block":314,"minecraft:jungle_log":67,"minecraft:deepslate_bricks":5,"minecraft:blue_wool":1,"minecraft:iron_ore":69,"minecraft:cobbled_deepslate":44,"minecraft:fire":3,"minecraft:moss_carpet":1,"minecraft:pumpkin":22,"minecraft:deepslate_lapis_ore":11,"minecraft:cave_vines":2,"minecraft:polished_deepslate_slab":1,"minecraft:small_amethyst_bud":1,"minecraft:spruce_slab":1,"minecraft:tripwire":1,"minecraft:jungle_door":11,"minecraft:polished_deepslate_stairs":40,"minecraft:medium_amethyst_bud":1,"minecraft:amethyst_cluster":24,"minecraft:clay":56,"minecraft:torch":9,"minecraft:calcite":123,"minecraft:poppy":1,"minecraft:chest":3,"minecraft:nether_quartz_ore":1,"minecraft:cobblestone":71,"minecraft:oak_planks":51,"minecraft:sugar_cane":3,"minecraft:prismarine":1,"minecraft:wall_torch":9,"minecraft:amethyst_block":11,"minecraft:chain":4,"minecraft:birch_log":5,"minecraft:wheat":3,"minecraft:stone_brick_stairs":4,"minecraft:grass":11,"minecraft:oak_log":77,"minecraft:sand":190,"minecraft:dirt":165,"minecraft:smooth_basalt":11,"minecraft:prismarine_stairs":9,"minecraft:red_mushroom_block":2,"minecraft:stonecutter":1,"minecraft:netherrack":147,"minecraft:oak_leaves":194,"minecraft:deepslate":1273,"minecraft:nether_gold_ore":38,"minecraft:diamond_ore":1,"minecraft:tuff":82,"minecraft:mossy_cobblestone":31,"minecraft:deepslate_diamond_ore":148,"minecraft:oak_door":8,"minecraft:shulker_box":7,"minecraft:ladder":1,"minecraft:spruce_leaves":29,"minecraft:moss_block":14,"minecraft:large_fern":4,"minecraft:furnace":37,"minecraft:andesite":62,"minecraft:stripped_spruce_log":19,"minecraft:gold_block":1,"minecraft:bell":3,"minecraft:deepslate_iron_ore":89,"minecraft:vine":46,"minecraft:rail":1,"minecraft:lantern":4,"minecraft:stripped_oak_log":1,"minecraft:packed_ice":1,"minecraft:stone":852,"minecraft:podzol":13,"minecraft:oak_slab":3,"minecraft:birch_stairs":1,"minecraft:flowering_azalea":2,"minecraft:gray_concrete":4,"minecraft:basalt":41,"minecraft:observer":1,"minecraft:dandelion":2,"minecraft:spruce_door":8,"minecraft:crafting_table":28,"minecraft:prismarine_slab":2,"minecraft:campfire":1,"minecraft:copper_ore":10,"minecraft:tall_grass":3,"minecraft:lapis_ore":8,"minecraft:deepslate_gold_ore":173,"minecraft:diorite":51,"minecraft:blue_bed":1,"minecraft:birch_planks":8,"minecraft:gray_concrete_powder":10,"minecraft:sweet_berry_bush":5,"minecraft:ice":2,"minecraft:spruce_log":201,"minecraft:birch_leaves":78,"minecraft:black_wool":2,"minecraft:coal_ore":88,"minecraft:mycelium":1,"minecraft:gravel":139,"minecraft:cobweb":10,"minecraft:cracked_stone_bricks":1,"minecraft:small_dripleaf":1,"minecraft:gold_ore":42,"minecraft:fern":5},"minecraft:killed_by":{"minecraft:creeper":2},"minecraft:dropped":{"minecraft:moss_block":2,"minecraft:birch_planks":18,"minecraft:cooked_beef":7,"minecraft:ender_pearl":16,"minecraft:diamond":37,"minecraft:jungle_planks":2,"minecraft:iron_horse_armor":2,"minecraft:flint":6,"minecraft:dirt":10,"minecraft:grass":1,"minecraft:gold_nugget":8,"minecraft:birch_log":27,"minecraft:gold_ingot":4,"minecraft:bone":4,"minecraft:gravel":8,"minecraft:stone_axe":2,"minecraft:iron_nugget":1,"minecraft:cobbled_deepslate":14,"minecraft:birch_sapling":13,"minecraft:blue_wool":54,"minecraft:rotten_flesh":48,"minecraft:oak_planks":2,"minecraft:prismarine":58,"minecraft:carrot":61,"minecraft:chainmail_chestplate":1,"minecraft:poppy":1,"minecraft:leather_chestplate":3,"minecraft:gunpowder":3,"minecraft:jungle_log":59,"minecraft:quartz":2,"minecraft:written_book":1,"minecraft:oak_slab":2,"minecraft:wheat_seeds":6,"minecraft:cobblestone":50,"minecraft:spectral_arrow":7,"minecraft:amethyst_block":1,"minecraft:granite":12,"minecraft:stick":18,"minecraft:diorite":8,"minecraft:jungle_door":44,"minecraft:white_banner":1,"minecraft:blue_carpet":2,"minecraft:spruce_sapling":14,"minecraft:redstone":4,"minecraft:dandelion":2,"minecraft:smooth_basalt":1,"minecraft:polished_deepslate":20,"minecraft:furnace":2,"minecraft:player_head":3,"minecraft:raw_copper":9,"minecraft:bowl":3,"minecraft:tuff":2,"minecraft:raw_iron":2,"minecraft:clay_ball":40,"minecraft:iron_boots":1,"minecraft:iron_hoe":1,"minecraft:flint_and_steel":1,"minecraft:deepslate_bricks":21,"minecraft:filled_map":1,"minecraft:shield":2,"minecraft:spruce_planks":1,"minecraft:iron_chestplate":1,"minecraft:andesite":25,"minecraft:oak_sapling":11,"minecraft:spruce_log":21,"minecraft:bow":3,"minecraft:stone_pickaxe":5,"minecraft:wooden_pickaxe":1}},"DataVersion":3120}