{"stats":{"minecraft:mined":{"minecraft:dark_oak_planks":2,"minecraft:red_shulker_box":40,"minecraft:black_terracotta":2,"minecraft:cyan_shulker_box":1,"minecraft:carved_pumpkin":63,"minecraft:obsidian":967,"minecraft:granite":82,"minecraft:acacia_log":17,"minecraft:deepslate_bricks":50,"minecraft:hopper":26,"minecraft:oak_wall_sign":14,"minecraft:chorus_flower":1,"minecraft:tall_seagrass":3,"minecraft:magma_block":37,"minecraft:dark_oak_trapdoor":1,"minecraft:barrel":15,"minecraft:cobbled_deepslate":8,"minecraft:sticky_piston":7,"minecraft:fire":34,"minecraft:cyan_wall_banner":11,"minecraft:moss_carpet":1,"minecraft:pumpkin":32,"minecraft:deepslate_lapis_ore":64,"minecraft:polished_deepslate_slab":38,"minecraft:cave_vines":2,"minecraft:oak_sign":3,"minecraft:dirt_path":4,"minecraft:deepslate_brick_stairs":10,"minecraft:white_shulker_box":2,"minecraft:white_banner":6,"minecraft:player_head":9,"minecraft:tripwire":5,"minecraft:orange_bed":4,"minecraft:piston_head":4,"minecraft:blue_wall_banner":1,"minecraft:magenta_carpet":1,"minecraft:brown_mushroom":6,"minecraft:kelp_plant":63,"minecraft:player_wall_head":3,"minecraft:amethyst_cluster":7,"minecraft:soul_fire":4,"minecraft:deepslate_tile_slab":30,"minecraft:powder_snow":14,"minecraft:torch":28,"minecraft:blast_furnace":2,"minecraft:melon":31,"minecraft:spruce_wall_sign":5,"minecraft:glass":2604,"minecraft:lime_shulker_box":29,"minecraft:sugar_cane":11,"minecraft:spruce_sign":1,"minecraft:amethyst_block":3,"minecraft:birch_sapling":1,"minecraft:cyan_wool":1,"minecraft:repeater":3,"minecraft:wheat":256,"minecraft:lilac":1,"minecraft:grass":252,"minecraft:smooth_basalt":4,"minecraft:acacia_sign":1,"minecraft:red_mushroom_block":45,"minecraft:piston":25,"minecraft:deepslate":2649,"minecraft:light_gray_stained_glass_pane":4,"minecraft:mossy_cobblestone":1,"minecraft:dark_oak_log":50,"minecraft:sea_lantern":9,"minecraft:end_stone":1163,"minecraft:shulker_box":310,"minecraft:redstone_wire":364,"minecraft:kelp":109,"minecraft:moss_block":299,"minecraft:pink_wool":1,"minecraft:redstone_ore":6,"minecraft:snow":268,"minecraft:andesite":26,"minecraft:potatoes":120,"minecraft:vine":1,"minecraft:rail":98,"minecraft:bamboo_sapling":1,"minecraft:bamboo":196,"minecraft:white_wool":1,"minecraft:green_wool":1,"minecraft:ender_chest":16,"minecraft:smithing_table":1,"minecraft:birch_stairs":6,"minecraft:redstone_block":17,"minecraft:glass_pane":378,"minecraft:comparator":4,"minecraft:soul_sand":635,"minecraft:observer":15,"minecraft:dandelion":11,"minecraft:cornflower":1,"minecraft:campfire":1,"minecraft:tall_grass":16,"minecraft:copper_ore":61,"minecraft:deepslate_gold_ore":102,"minecraft:diorite":21,"minecraft:red_terracotta":7,"minecraft:cobblestone_wall":145,"minecraft:white_carpet":18,"minecraft:spruce_log":16,"minecraft:birch_leaves":48,"minecraft:quartz_pillar":1,"minecraft:mycelium":737,"minecraft:dripstone_block":35,"minecraft:gravel":47,"minecraft:acacia_planks":1,"minecraft:birch_sign":4,"minecraft:stone_bricks":9,"minecraft:gold_ore":7,"minecraft:iron_trapdoor":8,"minecraft:fern":5,"minecraft:large_amethyst_bud":1,"minecraft:spruce_planks":7,"minecraft:oak_sapling":13,"minecraft:jungle_slab":1,"minecraft:brewing_stand":1,"minecraft:grass_block":59,"minecraft:white_concrete":3,"minecraft:soul_soil":6,"minecraft:smooth_stone":86,"minecraft:glowstone":31,"minecraft:iron_ore":150,"minecraft:target":1,"minecraft:azure_bluet":2,"minecraft:pointed_dripstone":8,"minecraft:iron_bars":1,"minecraft:birch_wall_sign":4,"minecraft:spruce_slab":2,"minecraft:deepslate_redstone_ore":165,"minecraft:blackstone":2,"minecraft:polished_deepslate_stairs":1,"minecraft:medium_amethyst_bud":3,"minecraft:calcite":12,"minecraft:poppy":4,"minecraft:chest":20,"minecraft:mushroom_stem":16,"minecraft:nether_quartz_ore":51,"minecraft:cobblestone":317,"minecraft:prismarine":4,"minecraft:oak_planks":16,"minecraft:iron_door":2,"minecraft:wall_torch":11,"minecraft:seagrass":4,"minecraft:powered_rail":62,"minecraft:birch_log":93,"minecraft:birch_trapdoor":3,"minecraft:activator_rail":4,"minecraft:purpur_block":2,"minecraft:smooth_stone_slab":712,"minecraft:oak_log":1032,"minecraft:acacia_fence":2,"minecraft:sand":4683,"minecraft:dirt":150,"minecraft:dispenser":5,"minecraft:netherrack":508,"minecraft:polished_deepslate_wall":22,"minecraft:oak_leaves":1774,"minecraft:redstone_lamp":2,"minecraft:diamond_ore":4,"minecraft:crying_obsidian":45,"minecraft:tuff":249,"minecraft:pink_carpet":1,"minecraft:dark_oak_leaves":2,"minecraft:deepslate_diamond_ore":104,"minecraft:glow_lichen":2,"minecraft:lever":3,"minecraft:purple_terracotta":7,"minecraft:stone_button":202,"minecraft:brown_mushroom_block":90,"minecraft:birch_slab":11,"minecraft:spruce_leaves":22,"minecraft:sandstone":87,"minecraft:rooted_dirt":4,"minecraft:large_fern":2,"minecraft:hay_block":13,"minecraft:oak_trapdoor":27,"minecraft:furnace":3,"minecraft:black_concrete":2,"minecraft:gold_block":3,"minecraft:bell":2,"minecraft:polished_deepslate":8,"minecraft:deepslate_iron_ore":100,"minecraft:packed_ice":1,"minecraft:stone":5070,"minecraft:yellow_shulker_box":9,"minecraft:redstone_wall_torch":9,"minecraft:acacia_leaves":31,"minecraft:scaffolding":551,"minecraft:snow_block":1,"minecraft:crafting_table":24,"minecraft:cyan_stained_glass_pane":2,"minecraft:lectern":1,"minecraft:stone_slab":39,"minecraft:lapis_ore":12,"minecraft:blue_bed":1,"minecraft:prismarine_bricks":1,"minecraft:birch_planks":34,"minecraft:cactus":18,"minecraft:redstone_torch":8,"minecraft:magenta_terracotta":17,"minecraft:sweet_berry_bush":18,"minecraft:ice":2,"minecraft:white_wall_banner":2,"minecraft:coal_ore":801,"minecraft:end_rod":1,"minecraft:terracotta":1277},"minecraft:broken":{"minecraft:shears":3,"minecraft:iron_sword":2,"minecraft:stone_hoe":1,"minecraft:iron_axe":1,"minecraft:iron_pickaxe":2,"minecraft:golden_shovel":1,"minecraft:golden_leggings":1,"minecraft:stone_pickaxe":1,"minecraft:stone_axe":2},"minecraft:crafted":{"minecraft:black_dye":4,"minecraft:smooth_stone":824,"minecraft:oak_sign":15,"minecraft:polished_deepslate_wall":414,"minecraft:melon":1920,"minecraft:birch_slab":54,"minecraft:slime_block":1,"minecraft:lever":48,"minecraft:diamond_shovel":2,"minecraft:shulker_box":260,"minecraft:iron_bars":32,"minecraft:glass":3967,"minecraft:repeater":16,"minecraft:netherite_boots":1,"minecraft:melon_seeds":43,"minecraft:stone_pressure_plate":1,"minecraft:acacia_fence":9,"minecraft:iron_door":3,"minecraft:white_shulker_box":1,"minecraft:redstone_lamp":1,"minecraft:target":1,"minecraft:diamond_axe":2,"minecraft:raw_gold_block":14,"minecraft:spruce_door":3,"minecraft:smithing_table":1,"minecraft:copper_ingot":213,"minecraft:sticky_piston":7,"minecraft:hay_block":1,"minecraft:campfire":1,"minecraft:polished_deepslate_slab":594,"minecraft:lime_shulker_box":2,"minecraft:stone_slab":48,"minecraft:iron_pickaxe":2,"minecraft:iron_block":3,"minecraft:white_terracotta":8,"minecraft:gold_ingot":96,"minecraft:sandstone":51,"minecraft:light_gray_dye":8,"minecraft:netherite_ingot":2,"minecraft:composter":4,"minecraft:birch_stairs":36,"minecraft:smooth_stone_slab":864,"minecraft:iron_nugget":9,"minecraft:polished_deepslate_stairs":12,"minecraft:bone_meal":687,"minecraft:white_carpet":36,"minecraft:orange_wool":3,"minecraft:diamond":225,"minecraft:detector_rail":6,"minecraft:black_concrete_powder":8,"minecraft:ladder":3,"minecraft:red_shulker_box":1,"minecraft:stone_pickaxe":1,"minecraft:spruce_boat":1,"minecraft:redstone_block":202,"minecraft:dark_oak_planks":120,"minecraft:wheat":117,"minecraft:daylight_detector":6,"minecraft:light_gray_terracotta":32,"minecraft:netherite_pickaxe":3,"minecraft:deepslate_tiles":144,"minecraft:orange_dye":4,"minecraft:acacia_sign":3,"minecraft:birch_trapdoor":42,"minecraft:writable_book":1,"minecraft:iron_leggings":1,"minecraft:armor_stand":4,"minecraft:note_block":2,"minecraft:oak_planks":3794,"minecraft:cobblestone_slab":6,"minecraft:barrel":7,"minecraft:cooked_chicken":342,"minecraft:stone":50,"minecraft:green_dye":1,"minecraft:hopper":98,"minecraft:bow":7,"minecraft:iron_boots":2,"minecraft:comparator":18,"minecraft:chest":399,"minecraft:netherite_helmet":1,"minecraft:rail":464,"minecraft:birch_button":2,"minecraft:stone_hoe":1,"minecraft:stone_bricks":20,"minecraft:oak_fence":12,"minecraft:golden_boots":1,"minecraft:oak_slab":72,"minecraft:crafting_table":11,"minecraft:spruce_planks":64,"minecraft:wooden_pickaxe":1,"minecraft:baked_potato":265,"minecraft:hopper_minecart":4,"minecraft:birch_planks":448,"minecraft:dispenser":7,"minecraft:iron_chestplate":1,"minecraft:book":1,"minecraft:paper":15,"minecraft:diamond_pickaxe":1,"minecraft:charcoal":80,"minecraft:yellow_dye":3,"minecraft:shield":1,"minecraft:stick":312,"minecraft:iron_ingot":1265,"minecraft:stone_sword":1,"minecraft:snow_block":66,"minecraft:redstone_torch":133,"minecraft:deepslate_bricks":144,"minecraft:shears":7,"minecraft:redstone":1530,"minecraft:netherite_sword":1,"minecraft:furnace":11,"minecraft:stone_button":2115,"minecraft:piston":80,"minecraft:dark_oak_trapdoor":6,"minecraft:gray_dye":4,"minecraft:oak_trapdoor":80,"minecraft:diamond_block":22,"minecraft:glass_pane":368,"minecraft:flint_and_steel":1,"minecraft:scaffolding":1140,"minecraft:netherite_chestplate":1,"minecraft:white_concrete_powder":8,"minecraft:netherite_leggings":2,"minecraft:yellow_shulker_box":1,"minecraft:polished_deepslate":908,"minecraft:black_terracotta":8,"minecraft:iron_axe":2,"minecraft:iron_hoe":1,"minecraft:lime_dye":2,"minecraft:cobblestone_wall":216,"minecraft:netherite_scrap":8,"minecraft:birch_sign":6,"minecraft:observer":54,"minecraft:minecart":67,"minecraft:red_dye":3,"minecraft:bone_block":2462,"minecraft:purple_terracotta":376,"minecraft:iron_trapdoor":2,"minecraft:spruce_sign":3,"minecraft:powered_rail":180,"minecraft:activator_rail":6,"minecraft:iron_sword":3,"minecraft:bucket":11,"minecraft:stone_axe":2,"minecraft:bread":65,"minecraft:acacia_boat":1,"minecraft:air":0,"minecraft:oak_boat":5,"minecraft:magenta_terracotta":848,"minecraft:white_wool":26,"minecraft:white_dye":10,"minecraft:stonecutter":1,"minecraft:anvil":1,"minecraft:acacia_planks":56,"minecraft:torch":356,"minecraft:orange_bed":1,"minecraft:lapis_block":89,"minecraft:firework_rocket":48},"minecraft:used":{"minecraft:moss_block":1163,"minecraft:writable_book":36,"minecraft:dispenser":10,"minecraft:ladder":2,"minecraft:spruce_slab":3,"minecraft:elytra":4,"minecraft:poppy":7,"minecraft:chest":94,"minecraft:stone":218,"minecraft:white_shulker_box":2,"minecraft:rotten_flesh":4,"minecraft:soul_sand":549,"minecraft:jungle_slab":2,"minecraft:azure_bluet":2,"minecraft:snowball":182,"minecraft:spruce_boat":6,"minecraft:packed_ice":54,"minecraft:lava_bucket":10,"minecraft:quartz_pillar":1,"minecraft:grass_block":10,"minecraft:birch_sapling":12,"minecraft:copper_ore":2,"minecraft:pink_wool":1,"minecraft:stone_brick_stairs":5,"minecraft:blue_banner":1,"minecraft:bow":456,"minecraft:snow":14,"minecraft:sweet_berries":327,"minecraft:oak_sapling":297,"minecraft:furnace":14,"minecraft:cooked_cod":2,"minecraft:acacia_fence":6,"minecraft:egg":1489,"minecraft:potato":153,"minecraft:diorite":3,"minecraft:leather_leggings":1,"minecraft:spruce_door":2,"minecraft:powered_rail":238,"minecraft:prismarine":4,"minecraft:blackstone":2,"minecraft:cactus":17,"minecraft:leather_chestplate":1,"minecraft:wooden_pickaxe":3,"minecraft:composter":4,"minecraft:oak_leaves":718,"minecraft:golden_apple":1,"minecraft:glow_berries":2,"minecraft:dark_oak_trapdoor":7,"minecraft:sand":60,"minecraft:blast_furnace":2,"minecraft:netherite_helmet":1,"minecraft:purple_terracotta":328,"minecraft:black_concrete_powder":2,"minecraft:pumpkin_seeds":9,"minecraft:crying_obsidian":45,"minecraft:birch_slab":67,"minecraft:stone_button":3920,"minecraft:lilac":1,"minecraft:diamond_sword":1628,"minecraft:fire_charge":3,"minecraft:smithing_table":2,"minecraft:birch_log":3,"minecraft:ice":21,"minecraft:oak_boat":155,"minecraft:oak_trapdoor":94,"minecraft:iron_bars":27,"minecraft:stone_sword":100,"minecraft:carved_pumpkin":63,"minecraft:armor_stand":4,"minecraft:mycelium":236,"minecraft:netherrack":529,"minecraft:orange_bed":5,"minecraft:torch":403,"minecraft:brewing_stand":1,"minecraft:anvil":1,"minecraft:target":2,"minecraft:golden_shovel":32,"minecraft:polished_diorite":1,"minecraft:red_shulker_box":40,"minecraft:sea_lantern":36,"minecraft:flowering_azalea":4,"minecraft:iron_axe":426,"minecraft:slime_block":1,"minecraft:polished_deepslate_wall":397,"minecraft:melon_seeds":40,"minecraft:barrel":16,"minecraft:smooth_basalt":4,"minecraft:bamboo":197,"minecraft:beef":1,"minecraft:iron_trapdoor":10,"minecraft:magenta_terracotta":862,"minecraft:observer":69,"minecraft:acacia_planks":1,"minecraft:cobbled_deepslate":139,"minecraft:calcite":2,"minecraft:wheat_seeds":296,"minecraft:water_bucket":300,"minecraft:birch_planks":44,"minecraft:yellow_shulker_box":9,"minecraft:polished_deepslate_slab":613,"minecraft:rail":475,"minecraft:comparator":31,"minecraft:crafting_table":30,"minecraft:oak_slab":3,"minecraft:birch_sign":16,"minecraft:campfire":1,"minecraft:cod":2,"minecraft:lime_shulker_box":31,"minecraft:spruce_log":5,"minecraft:oak_log":3,"minecraft:diamond_pickaxe":17363,"minecraft:oxeye_daisy":1,"minecraft:diamond_shovel":6311,"minecraft:acacia_sign":4,"minecraft:sunflower":3,"minecraft:iron_pickaxe":500,"minecraft:leather_helmet":2,"minecraft:spruce_trapdoor":1,"minecraft:cobblestone":373,"minecraft:cooked_porkchop":6,"minecraft:glass_pane":723,"minecraft:kelp":163,"minecraft:diamond_leggings":1,"minecraft:polished_deepslate":39,"minecraft:light_gray_stained_glass_pane":1,"minecraft:melon":104,"minecraft:oak_sign":30,"minecraft:white_concrete_powder":2,"minecraft:iron_sword":485,"minecraft:grass":2,"minecraft:player_head":22,"minecraft:iron_chestplate":1,"minecraft:mutton":4,"minecraft:deepslate_tile_slab":209,"minecraft:tuff":163,"minecraft:cyan_wool":1,"minecraft:milk_bucket":1,"minecraft:obsidian":808,"minecraft:polished_deepslate_stairs":13,"minecraft:glass":6058,"minecraft:coal_ore":234,"minecraft:green_wool":1,"minecraft:iron_helmet":1,"minecraft:hopper_minecart":4,"minecraft:stone_bricks":13,"minecraft:item_frame":16,"minecraft:birch_button":4,"minecraft:birch_trapdoor":45,"minecraft:repeater":21,"minecraft:redstone_lamp":3,"minecraft:magma_block":10,"minecraft:written_book":46,"minecraft:scaffolding":1826,"minecraft:gold_block":2,"minecraft:diamond_boots":2,"minecraft:stone_pickaxe":134,"minecraft:gray_carpet":1,"minecraft:oak_planks":42,"minecraft:ender_pearl":90,"minecraft:sandstone":230,"minecraft:redstone_block":36,"minecraft:diamond_axe":1024,"minecraft:blue_bed":1,"minecraft:sugar_cane":6,"minecraft:white_wool":2,"minecraft:netherite_leggings":1,"minecraft:light_gray_terracotta":24,"minecraft:note_block":2,"minecraft:shears":775,"minecraft:cobbled_deepslate_stairs":1,"minecraft:end_stone":1127,"minecraft:sticky_piston":15,"minecraft:redstone_torch":85,"minecraft:black_terracotta":2,"minecraft:lever":49,"minecraft:black_concrete":2,"minecraft:firework_rocket":2272,"minecraft:daylight_detector":6,"minecraft:dark_oak_log":20,"minecraft:bread":77,"minecraft:melon_slice":3,"minecraft:string":35,"minecraft:deepslate":461,"minecraft:iron_door":2,"minecraft:gravel":3,"minecraft:jungle_sign":1,"minecraft:pufferfish_bucket":1,"minecraft:andesite":8,"minecraft:smooth_stone_slab":1479,"minecraft:white_concrete":3,"minecraft:bone_meal":191,"minecraft:cobweb":6,"minecraft:oak_fence":12,"minecraft:trident":2567,"minecraft:netherite_sword":63,"minecraft:flint_and_steel":52,"minecraft:redstone":533,"minecraft:spruce_planks":24,"minecraft:ender_chest":20,"minecraft:stone_hoe":138,"minecraft:cooked_chicken":290,"minecraft:spyglass":556,"minecraft:dirt":126,"minecraft:white_carpet":99,"minecraft:hopper":120,"minecraft:prismarine_bricks":1,"minecraft:cobblestone_wall":304,"minecraft:diamond_helmet":3,"minecraft:shulker_box":330,"minecraft:pink_carpet":1,"minecraft:granite":20,"minecraft:iron_hoe":126,"minecraft:dark_oak_planks":6,"minecraft:iron_boots":1,"minecraft:golden_carrot":504,"minecraft:soul_soil":2,"minecraft:minecart":88,"minecraft:netherite_pickaxe":1566,"minecraft:cyan_banner":25,"minecraft:cooked_beef":57,"minecraft:pumpkin":23,"minecraft:iron_leggings":1,"minecraft:acacia_boat":1,"minecraft:snow_block":127,"minecraft:baked_potato":182,"minecraft:netherite_chestplate":4,"minecraft:spruce_sign":11,"minecraft:stonecutter":1,"minecraft:cobblestone_slab":1,"minecraft:terracotta":1,"minecraft:magenta_carpet":4,"minecraft:apple":5,"minecraft:piston":103,"minecraft:activator_rail":8,"minecraft:detector_rail":1,"minecraft:stone_slab":65,"minecraft:stone_axe":211,"minecraft:cyan_stained_glass_pane":2,"minecraft:white_banner":9,"minecraft:bucket":316,"minecraft:smooth_stone":431,"minecraft:splash_potion":14,"minecraft:birch_stairs":37},"minecraft:dropped":{"minecraft:glow_ink_sac":8,"minecraft:cooked_beef":42,"minecraft:diamond":187,"minecraft:cooked_porkchop":2,"minecraft:glow_berries":1,"minecraft:elytra":3,"minecraft:leather_helmet":1,"minecraft:dirt":5,"minecraft:melon":188,"minecraft:stone_button":2,"minecraft:bone_block":30,"minecraft:writable_book":1,"minecraft:bone_meal":10,"minecraft:fishing_rod":2,"minecraft:bone":8,"minecraft:sugar_cane":2,"minecraft:lever":2,"minecraft:diamond_block":2,"minecraft:cooked_chicken":42,"minecraft:golden_chestplate":1,"minecraft:cobbled_deepslate":131,"minecraft:wheat":1,"minecraft:rotten_flesh":21,"minecraft:oak_planks":1,"minecraft:azure_bluet":1,"minecraft:glass":2,"minecraft:beef":1,"minecraft:egg":16,"minecraft:wheat_seeds":144,"minecraft:light_gray_stained_glass_pane":4,"minecraft:feather":3,"minecraft:cobblestone":25,"minecraft:granite":6,"minecraft:music_disc_pigstep":1,"minecraft:spruce_door":1,"minecraft:coal":64,"minecraft:turtle_egg":1,"minecraft:golden_carrot":55,"minecraft:diamond_helmet":1,"minecraft:string":16,"minecraft:moss_carpet":223,"minecraft:soul_soil":1,"minecraft:player_head":7,"minecraft:stone_shovel":1,"minecraft:glow_lichen":2,"minecraft:pumpkin_seeds":32,"minecraft:diamond_sword":2,"minecraft:potato":6,"minecraft:cobblestone_slab":5,"minecraft:stone":19,"minecraft:spruce_planks":4,"minecraft:diamond_pickaxe":5,"minecraft:bow":3,"minecraft:moss_block":1151,"minecraft:diamond_axe":1,"minecraft:baked_potato":5,"minecraft:ender_pearl":5497,"minecraft:lime_shulker_box":1,"minecraft:cod":8,"minecraft:flint":6,"minecraft:cornflower":1,"minecraft:snowball":111,"minecraft:gravel":16,"minecraft:white_tulip":1,"minecraft:spyglass":1,"minecraft:cyan_shulker_box":1,"minecraft:mycelium":208,"minecraft:shulker_shell":118,"minecraft:leather_chestplate":2,"minecraft:trident":4,"minecraft:melon_seeds":3,"minecraft:azalea":121,"minecraft:arrow":16,"minecraft:scaffolding":9,"minecraft:written_book":4,"minecraft:netherrack":2,"minecraft:firework_rocket":33,"minecraft:water_bucket":1,"minecraft:mossy_cobblestone":2,"minecraft:minecart":2,"minecraft:copper_ingot":1,"minecraft:tropical_fish":1,"minecraft:grass_block":3,"minecraft:stick":16,"minecraft:melon_slice":319,"minecraft:iron_door":3,"minecraft:flowering_azalea":60,"minecraft:iron_axe":1,"minecraft:dandelion":2,"minecraft:kelp":90,"minecraft:sweet_berries":10,"minecraft:tuff":6,"minecraft:totem_of_undying":3,"minecraft:shulker_box":65,"minecraft:red_terracotta":15,"minecraft:flint_and_steel":1,"minecraft:deepslate_bricks":17,"minecraft:filled_map":1,"minecraft:oak_boat":1,"minecraft:oak_sapling":1,"minecraft:diamond_boots":2},"minecraft:custom":{"minecraft:interact_with_crafting_table":535,"minecraft:open_barrel":1700,"minecraft:bell_ring":411,"minecraft:eat_cake_slice":5,"minecraft:leave_game":242,"minecraft:time_since_death":2402848,"minecraft:play_time":10461278,"minecraft:deaths":16,"minecraft:jump":111126,"minecraft:enchant_item":3,"minecraft:interact_with_furnace":1097,"minecraft:interact_with_cartography_table":3,"minecraft:sleep_in_bed":176,"minecraft:damage_dealt":161568,"minecraft:interact_with_smoker":4,"minecraft:inspect_dispenser":75,"minecraft:horse_one_cm":22825,"minecraft:interact_with_smithing_table":48,"minecraft:inspect_dropper":50,"minecraft:interact_with_anvil":51,"minecraft:inspect_hopper":550,"minecraft:damage_dealt_absorbed":112,"minecraft:sneak_time":417982,"minecraft:interact_with_lectern":123,"minecraft:interact_with_blast_furnace":169,"minecraft:total_world_time":10461278,"minecraft:tune_noteblock":75,"minecraft:interact_with_stonecutter":10,"minecraft:time_since_rest":4859,"minecraft:swim_one_cm":2638972,"minecraft:fly_one_cm":31720071,"minecraft:open_chest":4508,"minecraft:fall_one_cm":3147788,"minecraft:animals_bred":222,"minecraft:open_shulker_box":3420,"minecraft:damage_resisted":175,"minecraft:sprint_one_cm":13913074,"minecraft:drop":836,"minecraft:talked_to_villager":39,"minecraft:interact_with_brewingstand":34,"minecraft:walk_on_water_one_cm":1322263,"minecraft:interact_with_loom":1,"minecraft:open_enderchest":854,"minecraft:player_kills":21,"minecraft:crouch_one_cm":1636716,"minecraft:mob_kills":5787,"minecraft:interact_with_campfire":17,"minecraft:climb_one_cm":595970,"minecraft:walk_one_cm":9615960,"minecraft:walk_under_water_one_cm":2062461,"minecraft:boat_one_cm":6664350,"minecraft:pot_flower":2,"minecraft:interact_with_grindstone":3,"minecraft:damage_taken":46652,"minecraft:damage_absorbed":39,"minecraft:aviate_one_cm":116747650},"minecraft:killed_by":{"minecraft:zombie":1,"minecraft:creeper":3,"minecraft:player":4},"minecraft:killed":{"minecraft:cod":3,"minecraft:dolphin":1,"minecraft:shulker":12,"minecraft:skeleton":24,"minecraft:guardian":1,"minecraft:chicken":270,"minecraft:magma_cube":51,"minecraft:ender_dragon":1,"minecraft:zombie":82,"minecraft:glow_squid":7,"minecraft:cow":7,"minecraft:snow_golem":22,"minecraft:husk":1,"minecraft:wandering_trader":1,"minecraft:enderman":5030,"minecraft:spider":11,"minecraft:bee":1,"minecraft:axolotl":1,"minecraft:piglin":2,"minecraft:pig":1,"minecraft:zombie_villager":2,"minecraft:creeper":19,"minecraft:sheep":2,"minecraft:trader_llama":3,"minecraft:ghast":2,"minecraft:mooshroom":1,"minecraft:slime":5,"minecraft:phantom":2,"minecraft:drowned":13,"minecraft:bat":3,"minecraft:squid":2,"minecraft:wither_skeleton":1},"minecraft:picked_up":{"minecraft:iron_chestplate":5,"minecraft:prismarine_shard":4,"minecraft:lead":3,"minecraft:magenta_carpet":6,"minecraft:smithing_table":1,"minecraft:stone_slab":21,"minecraft:diamond_sword":3,"minecraft:enchanted_book":1,"minecraft:birch_button":4,"minecraft:brewing_stand":1,"minecraft:polished_deepslate_wall":344,"minecraft:amethyst_block":1,"minecraft:polished_deepslate":21,"minecraft:string":410,"minecraft:dark_oak_trapdoor":1,"minecraft:soul_soil":9,"minecraft:cobbled_deepslate":1454,"minecraft:spruce_planks":52,"minecraft:acacia_sign":1,"minecraft:written_book":18,"minecraft:melon_slice":148,"minecraft:green_bed":1,"minecraft:acacia_log":17,"minecraft:pink_carpet":1,"minecraft:golden_chestplate":2,"minecraft:cyan_stained_glass_pane":2,"minecraft:orange_bed":4,"minecraft:tropical_fish":3,"minecraft:carved_pumpkin":63,"minecraft:glowstone":31,"minecraft:netherite_chestplate":1,"minecraft:iron_bars":1,"minecraft:snowball":557,"minecraft:birch_log":119,"minecraft:magma_block":37,"minecraft:water_bucket":3,"minecraft:cooked_beef":99,"minecraft:feather":379,"minecraft:birch_slab":15,"minecraft:iron_door":2,"minecraft:flint":7,"minecraft:netherite_leggings":1,"minecraft:magenta_terracotta":17,"minecraft:lantern":6,"minecraft:diamond_helmet":5,"minecraft:moss_block":1606,"minecraft:glow_lichen":2,"minecraft:ink_sac":12,"minecraft:dark_oak_log":51,"minecraft:red_terracotta":198,"minecraft:barrel":15,"minecraft:iron_hoe":1,"minecraft:dispenser":5,"minecraft:deepslate":676,"minecraft:lever":12,"minecraft:writable_book":5,"minecraft:granite":70,"minecraft:bread":3,"minecraft:blue_banner":1,"minecraft:diamond_pickaxe":8,"minecraft:crafting_table":26,"minecraft:redstone_lamp":2,"minecraft:leather_leggings":4,"minecraft:purpur_block":1,"minecraft:cornflower":1,"minecraft:elytra":4,"minecraft:flint_and_steel":1,"minecraft:snow":23,"minecraft:white_carpet":59,"minecraft:iron_shovel":1,"minecraft:glass_pane":376,"minecraft:netherite_sword":1,"minecraft:beef":17,"minecraft:cyan_wool":1,"minecraft:poppy":16,"minecraft:spruce_slab":3,"minecraft:minecart":20,"minecraft:birch_sapling":32,"minecraft:chest":21,"minecraft:piston":32,"minecraft:egg":1493,"minecraft:copper_ore":41,"minecraft:lime_shulker_box":32,"minecraft:sandstone":75,"minecraft:polished_deepslate_slab":343,"minecraft:stone":3500,"minecraft:cyan_shulker_box":1,"minecraft:redstone":1252,"minecraft:netherite_pickaxe":2,"minecraft:jungle_sign":1,"minecraft:cooked_cod":2,"minecraft:diamond_chestplate":1,"minecraft:stone_shovel":1,"minecraft:deepslate_bricks":157,"minecraft:diamond_boots":2,"minecraft:hay_block":13,"minecraft:totem_of_undying":1,"minecraft:white_shulker_box":3,"minecraft:glow_berries":3,"minecraft:mutton":4,"minecraft:rail":116,"minecraft:white_wool":51,"minecraft:oxeye_daisy":1,"minecraft:yellow_shulker_box":9,"minecraft:red_mushroom":12,"minecraft:filled_map":14,"minecraft:oak_log":1107,"minecraft:jungle_button":2,"minecraft:golden_boots":1,"minecraft:blue_bed":1,"minecraft:paper":2,"minecraft:white_banner":9,"minecraft:stone_bricks":9,"minecraft:apple":63,"minecraft:kelp":433,"minecraft:stone_pickaxe":2,"minecraft:iron_sword":1,"minecraft:flowering_azalea":112,"minecraft:smooth_basalt":4,"minecraft:sweet_berries":885,"minecraft:spyglass":4,"minecraft:gravel":37,"minecraft:birch_stairs":6,"minecraft:spruce_log":50,"minecraft:crying_obsidian":45,"minecraft:sea_lantern":9,"minecraft:leather_helmet":1,"minecraft:diamond_shovel":2,"minecraft:firework_rocket":153,"minecraft:coal_ore":234,"minecraft:slime_ball":3,"minecraft:stone_axe":2,"minecraft:polished_diorite":1,"minecraft:diamond_axe":1,"minecraft:birch_sign":11,"minecraft:baked_potato":71,"minecraft:hopper":26,"minecraft:ender_pearl":4672,"minecraft:shulker_shell":421,"minecraft:wheat":255,"minecraft:iron_trapdoor":8,"minecraft:redstone_block":17,"minecraft:ender_chest":17,"minecraft:turtle_egg":2,"minecraft:raw_copper":228,"minecraft:smooth_stone_slab":712,"minecraft:armor_stand":2,"minecraft:iron_leggings":2,"minecraft:sticky_piston":8,"minecraft:oak_sign":22,"minecraft:activator_rail":4,"minecraft:smooth_stone":84,"minecraft:comparator":13,"minecraft:bucket":1,"minecraft:white_tulip":1,"minecraft:redstone_torch":42,"minecraft:calcite":12,"minecraft:azalea":166,"minecraft:iron_pickaxe":1,"minecraft:iron_boots":3,"minecraft:furnace":3,"minecraft:stick":437,"minecraft:acacia_fence":2,"minecraft:birch_trapdoor":3,"minecraft:polished_deepslate_stairs":1,"minecraft:torch":113,"minecraft:snow_block":65,"minecraft:target":1,"minecraft:diorite":6,"minecraft:pointed_dripstone":34,"minecraft:music_disc_pigstep":1,"minecraft:cactus":33,"minecraft:rotten_flesh":163,"minecraft:green_wool":1,"minecraft:chorus_flower":1,"minecraft:deepslate_brick_stairs":20,"minecraft:obsidian":1055,"minecraft:cod":12,"minecraft:cobblestone":1624,"minecraft:leather_chestplate":4,"minecraft:lilac":1,"minecraft:magma_cream":20,"minecraft:repeater":5,"minecraft:andesite":24,"minecraft:golden_leggings":1,"minecraft:potato":462,"minecraft:tuff":186,"minecraft:prismarine_bricks":1,"minecraft:acacia_boat":1,"minecraft:lapis_lazuli":841,"minecraft:dirt":237,"minecraft:name_tag":7,"minecraft:leather_boots":1,"minecraft:glass":2757,"minecraft:bone":40,"minecraft:acacia_planks":1,"minecraft:bow":3,"minecraft:wheat_seeds":995,"minecraft:raw_gold":218,"minecraft:bamboo":1515,"minecraft:powered_rail":78,"minecraft:prismarine":4,"minecraft:oak_planks":22,"minecraft:stone_hoe":1,"minecraft:ghast_tear":2,"minecraft:black_terracotta":2,"minecraft:cooked_porkchop":13,"minecraft:music_disc_13":1,"minecraft:poisonous_potato":1,"minecraft:sand":4554,"minecraft:melon":193,"minecraft:grass_block":18,"minecraft:diamond_block":9,"minecraft:jungle_slab":2,"minecraft:shulker_box":372,"minecraft:mossy_cobblestone":2,"minecraft:spruce_boat":5,"minecraft:diamond":356,"minecraft:black_concrete":2,"minecraft:netherite_helmet":1,"minecraft:grass":2,"minecraft:bone_meal":3,"minecraft:white_concrete":3,"minecraft:spruce_sign":6,"minecraft:chorus_fruit":38,"minecraft:oak_sapling":516,"minecraft:netherrack":610,"minecraft:oak_leaves":782,"minecraft:fishing_rod":2,"minecraft:charcoal":25,"minecraft:azure_bluet":3,"minecraft:chicken":397,"minecraft:brown_mushroom":36,"minecraft:packed_ice":1,"minecraft:pink_wool":1,"minecraft:wooden_pickaxe":2,"minecraft:gold_block":3,"minecraft:moss_carpet":395,"minecraft:oak_trapdoor":25,"minecraft:iron_axe":2,"minecraft:large_fern":4,"minecraft:item_frame":23,"minecraft:mycelium":905,"minecraft:blackstone":2,"minecraft:oak_boat":158,"minecraft:player_head":53,"minecraft:observer":15,"minecraft:lectern":1,"minecraft:sugar_cane":23,"minecraft:phantom_membrane":15,"minecraft:spruce_trapdoor":1,"minecraft:raw_iron":479,"minecraft:end_stone":1161,"minecraft:copper_ingot":1,"minecraft:quartz_pillar":1,"minecraft:stone_button":1822,"minecraft:trident":6,"minecraft:light_gray_stained_glass_pane":5,"minecraft:iron_horse_armor":1,"minecraft:dark_oak_planks":6,"minecraft:purple_terracotta":7,"minecraft:arrow":53,"minecraft:red_shulker_box":41,"minecraft:netherite_boots":1,"minecraft:jungle_boat":1,"minecraft:basalt":1,"minecraft:golden_carrot":213,"minecraft:glow_ink_sac":16,"minecraft:leather":19,"minecraft:birch_planks":65,"minecraft:ice":21,"minecraft:gunpowder":31,"minecraft:cobbled_deepslate_stairs":1,"minecraft:cobblestone_wall":144,"minecraft:deepslate_tile_slab":30,"minecraft:gray_carpet":1,"minecraft:iron_ingot":24,"minecraft:cooked_chicken":98,"minecraft:soul_sand":797,"minecraft:acacia_sapling":5,"minecraft:scaffolding":1364,"minecraft:birch_boat":1,"minecraft:pumpkin":39,"minecraft:quartz":133,"minecraft:dandelion":11,"minecraft:dripstone_block":35,"minecraft:amethyst_shard":60,"minecraft:blast_furnace":3,"minecraft:spider_eye":7,"minecraft:spruce_door":3,"minecraft:cyan_banner":11,"minecraft:pumpkin_seeds":256,"minecraft:iron_helmet":3,"minecraft:terracotta":1277,"minecraft:coal":1188,"minecraft:sunflower":3}},"DataVersion":3120}