{"stats":{"minecraft:killed":{"minecraft:zombie":3},"minecraft:picked_up":{"minecraft:birch_log":6,"minecraft:wheat":527,"minecraft:allium":24,"minecraft:azure_bluet":47,"minecraft:cooked_beef":1,"minecraft:music_disc_stal":2,"minecraft:potato":73,"minecraft:birch_planks":18,"minecraft:oak_log":8,"minecraft:dirt":97,"minecraft:oak_sign":1,"minecraft:wheat_seeds":1523,"minecraft:music_disc_otherside":1,"minecraft:oak_boat":4,"minecraft:player_head":2,"minecraft:poppy":15,"minecraft:oak_planks":5,"minecraft:stick":3,"minecraft:sweet_berries":6826,"minecraft:dandelion":8,"minecraft:ink_sac":1,"minecraft:lily_of_the_valley":1,"minecraft:rotten_flesh":3,"minecraft:slime_block":4,"minecraft:pink_tulip":4,"minecraft:bread":29,"minecraft:oak_sapling":4},"minecraft:dropped":{"minecraft:bread":131,"minecraft:sweet_berries":1831,"minecraft:wheat_seeds":167,"minecraft:wheat":25,"minecraft:rotten_flesh":3,"minecraft:azure_bluet":32,"minecraft:lily_of_the_valley":1,"minecraft:poppy":6,"minecraft:dirt":8,"minecraft:allium":24,"minecraft:iron_chestplate":1,"minecraft:wooden_axe":1,"minecraft:oak_sapling":4,"minecraft:iron_leggings":1,"minecraft:dandelion":8,"minecraft:pink_tulip":4},"minecraft:custom":{"minecraft:mob_kills":3,"minecraft:play_record":3,"minecraft:interact_with_crafting_table":14,"minecraft:leave_game":48,"minecraft:time_since_death":30943,"minecraft:climb_one_cm":2168,"minecraft:damage_resisted":56,"minecraft:time_since_rest":30963,"minecraft:sprint_one_cm":682052,"minecraft:open_enderchest":3,"minecraft:damage_taken":5435,"minecraft:walk_one_cm":961334,"minecraft:drop":153,"minecraft:damage_dealt":921,"minecraft:swim_one_cm":66798,"minecraft:fly_one_cm":891344,"minecraft:player_kills":1,"minecraft:open_chest":28,"minecraft:crouch_one_cm":11119,"minecraft:play_time":191840,"minecraft:deaths":11,"minecraft:sneak_time":3274,"minecraft:walk_under_water_one_cm":5309,"minecraft:boat_one_cm":134659,"minecraft:jump":3756,"minecraft:walk_on_water_one_cm":4354,"minecraft:total_world_time":191840,"minecraft:fall_one_cm":97192},"minecraft:killed_by":{"minecraft:player":4,"minecraft:creeper":1,"minecraft:zombie":2,"minecraft:enderman":1},"minecraft:crafted":{"minecraft:oak_planks":32,"minecraft:oak_sign":12,"minecraft:birch_planks":24,"minecraft:bread":164,"minecraft:stick":12,"minecraft:wooden_axe":1},"minecraft:mined":{"minecraft:flowering_azalea":1,"minecraft:brown_mushroom":1,"minecraft:lily_of_the_valley":1,"minecraft:dandelion":25,"minecraft:allium":26,"minecraft:grass_block":61,"minecraft:poppy":17,"minecraft:spruce_wall_sign":1,"minecraft:tall_grass":12,"minecraft:slime_block":3,"minecraft:oak_planks":5,"minecraft:oak_wall_sign":2,"minecraft:birch_planks":18,"minecraft:birch_log":6,"minecraft:wheat":535,"minecraft:sweet_berry_bush":808,"minecraft:azure_bluet":61,"minecraft:grass":319,"minecraft:potatoes":20,"minecraft:oak_log":8,"minecraft:dirt":7,"minecraft:pink_tulip":5,"minecraft:oak_leaves":38,"minecraft:fern":1},"minecraft:used":{"minecraft:wheat_seeds":493,"minecraft:music_disc_otherside":1,"minecraft:birch_planks":18,"minecraft:oak_planks":5,"minecraft:oak_sign":3,"minecraft:player_head":1,"minecraft:iron_chestplate":1,"minecraft:dirt":89,"minecraft:wooden_axe":29,"minecraft:bread":32,"minecraft:slime_block":3,"minecraft:music_disc_stal":2,"minecraft:sweet_berries":3291,"minecraft:oak_boat":4,"minecraft:cooked_beef":1,"minecraft:potato":60,"minecraft:iron_leggings":1}},"DataVersion":2865}