{"stats":{"minecraft:picked_up":{"minecraft:seagrass":285,"minecraft:chainmail_boots":2,"minecraft:prismarine_shard":2397,"minecraft:anvil":3,"minecraft:smithing_table":1,"minecraft:diamond_sword":1,"minecraft:oak_stairs":2,"minecraft:enchanted_book":5,"minecraft:brewing_stand":2,"minecraft:golden_sword":1,"minecraft:string":389,"minecraft:soul_soil":28,"minecraft:cooked_salmon":35,"minecraft:pufferfish":13,"minecraft:shroomlight":191,"minecraft:diamond_leggings":3,"minecraft:gold_nugget":104,"minecraft:cobbled_deepslate":3695,"minecraft:spruce_planks":126,"minecraft:written_book":1,"minecraft:melon_slice":14,"minecraft:coal_block":3,"minecraft:golden_helmet":1,"minecraft:composter":6,"minecraft:acacia_log":3,"minecraft:golden_chestplate":1,"minecraft:rabbit_foot":2,"minecraft:stone_sword":14,"minecraft:tropical_fish":2,"minecraft:red_tulip":109,"minecraft:blue_dye":45,"minecraft:iron_block":58,"minecraft:end_rod":11,"minecraft:blaze_rod":365,"minecraft:snowball":2204,"minecraft:birch_log":6,"minecraft:magma_block":20,"minecraft:cooked_beef":300,"minecraft:feather":486,"minecraft:water_bucket":1,"minecraft:iron_door":3,"minecraft:medium_amethyst_bud":1,"minecraft:jungle_log":5,"minecraft:dark_oak_boat":60,"minecraft:flint":5,"minecraft:chipped_anvil":1,"minecraft:stonecutter":22,"minecraft:dark_oak_sign":12,"minecraft:rabbit":1,"minecraft:diamond_helmet":2,"minecraft:glowstone_dust":158,"minecraft:moss_block":29,"minecraft:warped_wart_block":3,"minecraft:lime_terracotta":64,"minecraft:ink_sac":34,"minecraft:dark_oak_log":107,"minecraft:blue_terracotta":9,"minecraft:deepslate":64,"minecraft:lever":3,"minecraft:deepslate_gold_ore":65,"minecraft:granite":711,"minecraft:chainmail_helmet":2,"minecraft:bread":4,"minecraft:crimson_roots":53,"minecraft:diamond_pickaxe":5,"minecraft:spruce_leaves":12,"minecraft:crafting_table":73,"minecraft:nether_wart":143,"minecraft:leather_leggings":3,"minecraft:dragon_head":1,"minecraft:purpur_block":1,"minecraft:elytra":3,"minecraft:flint_and_steel":1,"minecraft:snow":466,"minecraft:white_carpet":20,"minecraft:white_stained_glass":15,"minecraft:iron_shovel":3,"minecraft:cartography_table":13,"minecraft:netherite_sword":1,"minecraft:deepslate_diamond_ore":27,"minecraft:beef":59,"minecraft:iron_nugget":5,"minecraft:poppy":213,"minecraft:spruce_slab":2,"minecraft:minecart":17,"minecraft:chest":16,"minecraft:egg":101,"minecraft:copper_ore":1,"minecraft:sandstone":76,"minecraft:stone":699,"minecraft:oak_door":20,"minecraft:music_disc_mellohi":2,"minecraft:amethyst_cluster":2,"minecraft:spruce_fence":16,"minecraft:carrot":92,"minecraft:redstone":889,"minecraft:netherite_pickaxe":3,"minecraft:prismarine_crystals":708,"minecraft:tnt":99,"minecraft:cooked_cod":27,"minecraft:diamond_chestplate":3,"minecraft:deepslate_bricks":782,"minecraft:shears":1,"minecraft:diamond_boots":2,"minecraft:hay_block":73,"minecraft:purpur_slab":1,"minecraft:gold_ingot":14,"minecraft:totem_of_undying":55,"minecraft:polished_blackstone":93,"minecraft:glow_berries":1,"minecraft:rail":199,"minecraft:white_wool":251,"minecraft:stripped_oak_log":2,"minecraft:tripwire_hook":2,"minecraft:red_mushroom":1,"minecraft:filled_map":3,"minecraft:oak_log":1168,"minecraft:lily_pad":4,"minecraft:ancient_debris":39,"minecraft:golden_boots":2,"minecraft:white_banner":81,"minecraft:apple":11,"minecraft:kelp":801,"minecraft:spore_blossom":4,"minecraft:iron_ore":22,"minecraft:glass_bottle":58,"minecraft:flowering_azalea":1,"minecraft:dark_oak_slab":6,"minecraft:sweet_berries":111,"minecraft:gravel":2730,"minecraft:spruce_sapling":44,"minecraft:spruce_log":1126,"minecraft:sea_lantern":2,"minecraft:leather_helmet":4,"minecraft:firework_rocket":53,"minecraft:red_stained_glass":311,"minecraft:coal_ore":2,"minecraft:slime_ball":66,"minecraft:stone_axe":2,"minecraft:scute":6,"minecraft:diamond_axe":1,"minecraft:baked_potato":1,"minecraft:warped_nylium":1,"minecraft:crimson_nylium":2,"minecraft:hopper":5,"minecraft:ender_pearl":69,"minecraft:shulker_shell":37,"minecraft:wheat":496,"minecraft:music_disc_strad":1,"minecraft:black_carpet":98,"minecraft:ender_chest":110,"minecraft:yellow_wool":3,"minecraft:potion":24,"minecraft:turtle_egg":21,"minecraft:raw_copper":194,"minecraft:sticky_piston":1,"minecraft:oak_sign":2,"minecraft:red_sand":1,"minecraft:black_shulker_box":1,"minecraft:smooth_stone":6,"minecraft:bucket":2,"minecraft:rose_bush":427,"minecraft:redstone_torch":17,"minecraft:cobblestone_slab":26,"minecraft:azalea":2,"minecraft:iron_pickaxe":1,"minecraft:furnace":8,"minecraft:tipped_arrow":74,"minecraft:stick":334,"minecraft:deepslate_brick_wall":4,"minecraft:brown_terracotta":8,"minecraft:torch":114,"minecraft:spruce_stairs":4,"minecraft:snow_block":20,"minecraft:netherite_shovel":1,"minecraft:diorite":134,"minecraft:music_disc_pigstep":3,"minecraft:blue_stained_glass":3,"minecraft:quartz_block":52,"minecraft:cactus":64,"minecraft:rotten_flesh":745,"minecraft:obsidian":440,"minecraft:cod":697,"minecraft:blaze_powder":8,"minecraft:cobblestone":5343,"minecraft:enchanting_table":1,"minecraft:leather_chestplate":5,"minecraft:magma_cream":75,"minecraft:andesite":326,"minecraft:black_bed":2,"minecraft:golden_leggings":3,"minecraft:beacon":10,"minecraft:potato":318,"minecraft:tuff":11,"minecraft:wither_skeleton_skull":18,"minecraft:dirt":2028,"minecraft:lapis_lazuli":612,"minecraft:leather_boots":3,"minecraft:glass":615,"minecraft:bone":928,"minecraft:bow":25,"minecraft:wheat_seeds":1403,"minecraft:deepslate_brick_slab":99,"minecraft:raw_gold":585,"minecraft:grindstone":1,"minecraft:fletching_table":9,"minecraft:bamboo":654,"minecraft:powered_rail":59,"minecraft:oak_planks":4,"minecraft:lime_glazed_terracotta":38,"minecraft:ghast_tear":6,"minecraft:cooked_porkchop":87,"minecraft:poisonous_potato":2,"minecraft:polished_blackstone_slab":137,"minecraft:sand":12271,"minecraft:grass_block":305,"minecraft:chiseled_sandstone":1,"minecraft:shulker_box":310,"minecraft:mossy_cobblestone":1,"minecraft:spruce_fence_gate":3,"minecraft:sugar":200,"minecraft:diamond":368,"minecraft:spruce_boat":69,"minecraft:crossbow":31,"minecraft:bone_meal":5,"minecraft:golden_apple":19,"minecraft:emerald":343,"minecraft:oak_sapling":17,"minecraft:netherrack":4254,"minecraft:nether_star":4,"minecraft:end_stone_bricks":521,"minecraft:fishing_rod":1,"minecraft:splash_potion":5,"minecraft:chicken":327,"minecraft:ladder":1,"minecraft:packed_ice":181,"minecraft:brown_mushroom":63,"minecraft:stone_brick_wall":3,"minecraft:shield":2,"minecraft:moss_carpet":6,"minecraft:iron_axe":32,"minecraft:quartz_slab":5,"minecraft:item_frame":28,"minecraft:blackstone":1210,"minecraft:oak_boat":11,"minecraft:player_head":442,"minecraft:observer":3,"minecraft:lectern":807,"minecraft:sugar_cane":506,"minecraft:phantom_membrane":61,"minecraft:spruce_trapdoor":4,"minecraft:raw_iron":648,"minecraft:end_stone":3633,"minecraft:bowl":1,"minecraft:trident":2,"minecraft:stone_pressure_plate":10,"minecraft:dark_oak_planks":2,"minecraft:weeping_vines":405,"minecraft:arrow":697,"minecraft:saddle":1,"minecraft:wet_sponge":3,"minecraft:basalt":67,"minecraft:golden_carrot":68,"minecraft:glow_ink_sac":7,"minecraft:salmon":63,"minecraft:cut_sandstone":16,"minecraft:leather":341,"minecraft:birch_planks":44,"minecraft:ice":65,"minecraft:crimson_fungus":4,"minecraft:chainmail_chestplate":1,"minecraft:gunpowder":620,"minecraft:yellow_bed":5,"minecraft:nether_wart_block":11712,"minecraft:cobblestone_wall":6,"minecraft:cobblestone_stairs":5,"minecraft:orange_terracotta":1,"minecraft:cooked_mutton":19,"minecraft:red_carpet":1,"minecraft:rabbit_hide":3,"minecraft:iron_ingot":37,"minecraft:cooked_chicken":167,"minecraft:soul_sand":455,"minecraft:green_dye":1,"minecraft:book":156,"minecraft:scaffolding":114,"minecraft:emerald_block":1,"minecraft:nether_quartz_ore":3,"minecraft:pumpkin":14,"minecraft:quartz":7912,"minecraft:dandelion":13,"minecraft:amethyst_shard":32,"minecraft:blast_furnace":1,"minecraft:white_bed":10,"minecraft:gold_ore":1,"minecraft:spider_eye":409,"minecraft:chainmail_leggings":2,"minecraft:terracotta":1029,"minecraft:damaged_anvil":1,"minecraft:red_concrete":3809,"minecraft:coal":1822,"minecraft:sunflower":1},"minecraft:mined":{"minecraft:dark_oak_planks":6,"minecraft:dragon_wall_head":1,"minecraft:white_bed":10,"minecraft:obsidian":433,"minecraft:granite":1268,"minecraft:acacia_log":3,"minecraft:stone_brick_wall":3,"minecraft:jungle_log":5,"minecraft:deepslate_bricks":805,"minecraft:coal_block":3,"minecraft:purpur_slab":4,"minecraft:crimson_fungus":5,"minecraft:hopper":4,"minecraft:nether_wart":67,"minecraft:oak_wall_sign":2,"minecraft:spawner":17,"minecraft:weeping_vines_plant":125,"minecraft:tall_seagrass":82,"minecraft:magma_block":29,"minecraft:cobbled_deepslate":31,"minecraft:sticky_piston":1,"minecraft:fire":448,"minecraft:pumpkin":7,"minecraft:deepslate_lapis_ore":34,"minecraft:fletching_table":9,"minecraft:enchanting_table":1,"minecraft:cave_vines":2,"minecraft:dirt_path":2,"minecraft:oak_stairs":2,"minecraft:quartz_slab":5,"minecraft:iron_block":58,"minecraft:player_head":10,"minecraft:cut_sandstone":18,"minecraft:brown_mushroom":2,"minecraft:kelp_plant":109,"minecraft:deepslate_brick_wall":4,"minecraft:crimson_nylium":11,"minecraft:amethyst_cluster":4,"minecraft:soul_fire":50,"minecraft:blue_stained_glass":3,"minecraft:torch":95,"minecraft:blast_furnace":1,"minecraft:melon":2,"minecraft:dead_bush":6,"minecraft:glass":21,"minecraft:sugar_cane":262,"minecraft:damaged_anvil":1,"minecraft:wheat":493,"minecraft:warped_fungus":1,"minecraft:black_bed":1,"minecraft:grass":141,"minecraft:stonecutter":21,"minecraft:deepslate":4568,"minecraft:mossy_cobblestone":1,"minecraft:dark_oak_log":107,"minecraft:sea_lantern":1,"minecraft:end_stone":3604,"minecraft:shulker_box":307,"minecraft:spruce_fence":12,"minecraft:crimson_roots":57,"minecraft:kelp":29,"minecraft:moss_block":68,"minecraft:cartography_table":13,"minecraft:redstone_ore":14,"minecraft:snow":2501,"minecraft:andesite":1521,"minecraft:potatoes":87,"minecraft:cobblestone_slab":5,"minecraft:vine":3,"minecraft:rail":179,"minecraft:warped_stem":2,"minecraft:bamboo_sapling":3,"minecraft:bamboo":62,"minecraft:white_wool":3,"minecraft:ender_chest":91,"minecraft:glass_pane":5,"minecraft:soul_sand":448,"minecraft:observer":3,"minecraft:dandelion":12,"minecraft:copper_ore":88,"minecraft:tall_grass":19,"minecraft:deepslate_gold_ore":331,"minecraft:diorite":868,"minecraft:warped_wart_block":14,"minecraft:black_stained_glass":4,"minecraft:cobblestone_wall":6,"minecraft:dark_oak_wall_sign":4,"minecraft:lime_glazed_terracotta":38,"minecraft:white_carpet":5,"minecraft:spruce_log":1127,"minecraft:birch_leaves":2,"minecraft:dark_oak_sign":2,"minecraft:gravel":2933,"minecraft:dripstone_block":1,"minecraft:cobweb":26,"minecraft:brown_terracotta":14,"minecraft:spruce_fence_gate":3,"minecraft:polished_blackstone":94,"minecraft:stone_bricks":1,"minecraft:chipped_anvil":1,"minecraft:gold_ore":22,"minecraft:fern":14,"minecraft:black_shulker_box":1,"minecraft:spruce_planks":130,"minecraft:farmland":2,"minecraft:cobblestone_stairs":7,"minecraft:brewing_stand":3,"minecraft:spruce_trapdoor":4,"minecraft:grass_block":591,"minecraft:soul_soil":153,"minecraft:composter":9,"minecraft:smooth_stone":8,"minecraft:iron_ore":318,"minecraft:turtle_egg":21,"minecraft:black_carpet":98,"minecraft:anvil":1,"minecraft:red_tulip":109,"minecraft:pointed_dripstone":4,"minecraft:end_stone_bricks":331,"minecraft:spruce_slab":2,"minecraft:deepslate_redstone_ore":122,"minecraft:quartz_block":23,"minecraft:blackstone":704,"minecraft:medium_amethyst_bud":1,"minecraft:orange_terracotta":1,"minecraft:clay":1,"minecraft:light_gray_terracotta":4,"minecraft:poppy":204,"minecraft:beacon":10,"minecraft:chest":16,"minecraft:cobblestone":737,"minecraft:nether_quartz_ore":3990,"minecraft:grindstone":1,"minecraft:oak_planks":1,"minecraft:iron_door":3,"minecraft:wall_torch":6,"minecraft:seagrass":162,"minecraft:warped_nylium":19,"minecraft:blue_terracotta":9,"minecraft:powered_rail":38,"minecraft:nether_wart_block":12850,"minecraft:yellow_wool":3,"minecraft:birch_log":6,"minecraft:light_gray_wool":5,"minecraft:tnt":99,"minecraft:purpur_block":1,"minecraft:oak_log":1172,"minecraft:sand":12122,"minecraft:dirt":1607,"minecraft:wither_skeleton_skull":3,"minecraft:netherrack":17004,"minecraft:ancient_debris":39,"minecraft:oak_leaves":150,"minecraft:nether_gold_ore":8,"minecraft:diamond_ore":15,"minecraft:tuff":28,"minecraft:dark_oak_leaves":2,"minecraft:deepslate_diamond_ore":187,"minecraft:oak_door":20,"minecraft:red_stained_glass":313,"minecraft:lever":2,"minecraft:weeping_vines":28,"minecraft:white_stained_glass":23,"minecraft:spruce_leaves":176,"minecraft:sandstone":122,"minecraft:large_fern":11,"minecraft:hay_block":73,"minecraft:deepslate_brick_slab":93,"minecraft:spore_blossom":4,"minecraft:furnace":2,"minecraft:carrots":26,"minecraft:nether_sprouts":1,"minecraft:chiseled_sandstone":1,"minecraft:bookshelf":45,"minecraft:deepslate_iron_ore":86,"minecraft:shroomlight":269,"minecraft:stripped_oak_log":2,"minecraft:packed_ice":277,"minecraft:wet_sponge":1,"minecraft:white_tulip":1,"minecraft:stone":12297,"minecraft:redstone_wall_torch":3,"minecraft:scaffolding":25,"minecraft:snow_block":36,"minecraft:basalt":98,"minecraft:crafting_table":71,"minecraft:rose_bush":124,"minecraft:lectern":807,"minecraft:lapis_ore":27,"minecraft:lily_pad":1,"minecraft:red_concrete":3811,"minecraft:spruce_stairs":2,"minecraft:birch_planks":50,"minecraft:cactus":39,"minecraft:polished_blackstone_slab":93,"minecraft:redstone_torch":14,"minecraft:sweet_berry_bush":41,"minecraft:ice":286,"minecraft:yellow_bed":5,"minecraft:coal_ore":811,"minecraft:end_rod":11,"minecraft:terracotta":1028},"minecraft:dropped":{"minecraft:lapis_lazuli":71,"minecraft:glass_bottle":173,"minecraft:diamond":10,"minecraft:crafting_table":2,"minecraft:cooked_porkchop":1,"minecraft:dark_oak_slab":16,"minecraft:crossbow":126,"minecraft:weeping_vines":405,"minecraft:glow_berries":1,"minecraft:saddle":1,"minecraft:elytra":2,"minecraft:leather_helmet":10,"minecraft:red_mushroom":1,"minecraft:red_carpet":1,"minecraft:emerald":128,"minecraft:dirt":1391,"minecraft:sand":336,"minecraft:sunflower":1,"minecraft:gold_nugget":6,"minecraft:bone_meal":5,"minecraft:phantom_membrane":44,"minecraft:iron_pickaxe":1,"minecraft:sugar":249,"minecraft:polished_blackstone_slab":34,"minecraft:dark_oak_planks":11,"minecraft:white_wool":4,"minecraft:bone":355,"minecraft:diamond_block":3,"minecraft:oak_door":4,"minecraft:stone_axe":3,"minecraft:emerald_block":2,"minecraft:sugar_cane":3,"minecraft:lever":2,"minecraft:detector_rail":2,"minecraft:iron_nugget":5,"minecraft:golden_chestplate":5,"minecraft:cobbled_deepslate":67,"minecraft:netherite_sword":1,"minecraft:wheat":20,"minecraft:obsidian":3,"minecraft:deepslate_brick_slab":4,"minecraft:rotten_flesh":678,"minecraft:oak_planks":10,"minecraft:netherite_shovel":1,"minecraft:end_stone":149,"minecraft:glowstone_dust":61,"minecraft:golden_shovel":1,"minecraft:salmon":23,"minecraft:rabbit_foot":1,"minecraft:firework_star":10,"minecraft:sea_lantern":3,"minecraft:tipped_arrow":6,"minecraft:coal_ore":2,"minecraft:quartz_block":44,"minecraft:leather_boots":5,"minecraft:ladder":11,"minecraft:leather_leggings":9,"minecraft:spruce_slab":2,"minecraft:end_stone_bricks":192,"minecraft:glass":8,"minecraft:warped_wart_block":2,"minecraft:ghast_tear":5,"minecraft:egg":18,"minecraft:golden_boots":10,"minecraft:iron_ingot":5,"minecraft:netherite_pickaxe":3,"minecraft:black_dye":4,"minecraft:wheat_seeds":139,"minecraft:polished_blackstone":16,"minecraft:purpur_slab":1,"minecraft:prismarine_crystals":708,"minecraft:iron_helmet":1,"minecraft:cobblestone":3485,"minecraft:granite":589,"minecraft:red_stained_glass":12,"minecraft:music_disc_pigstep":1,"minecraft:spruce_door":1,"minecraft:chainmail_helmet":1,"minecraft:coal":130,"minecraft:golden_apple":20,"minecraft:pufferfish":13,"minecraft:golden_carrot":35,"minecraft:ink_sac":18,"minecraft:rabbit":1,"minecraft:rose_bush":1,"minecraft:potion":45,"minecraft:brown_terracotta":8,"minecraft:oak_stairs":1,"minecraft:white_banner":294,"minecraft:smooth_stone":2,"minecraft:paper":8,"minecraft:chainmail_leggings":1,"minecraft:iron_shovel":1,"minecraft:string":149,"minecraft:lily_pad":2,"minecraft:spruce_sapling":44,"minecraft:snow_block":8,"minecraft:moss_carpet":6,"minecraft:player_head":519,"minecraft:stone_sword":15,"minecraft:cobblestone_wall":6,"minecraft:deepslate":1,"minecraft:bowl":1,"minecraft:chicken":2,"minecraft:iron_boots":1,"minecraft:stone_slab":250,"minecraft:oak_sign":2,"minecraft:spruce_fence":9,"minecraft:shears":1,"minecraft:blast_furnace":1,"minecraft:cobblestone_slab":36,"minecraft:potato":7,"minecraft:shroomlight":188,"minecraft:stone":24,"minecraft:spruce_trapdoor":1,"minecraft:spruce_planks":5,"minecraft:diamond_pickaxe":2,"minecraft:stone_pressure_plate":9,"minecraft:bamboo":15,"minecraft:spider_eye":367,"minecraft:sandstone":32,"minecraft:red_sand":1,"minecraft:bow":18,"minecraft:magma_block":11,"minecraft:black_wool":1,"minecraft:terracotta":5,"minecraft:spruce_sign":1,"minecraft:gold_ore":1,"minecraft:crimson_nylium":2,"minecraft:soul_sand":188,"minecraft:brown_mushroom":13,"minecraft:diamond_axe":1,"minecraft:oak_log":3,"minecraft:baked_potato":9,"minecraft:ender_pearl":5,"minecraft:lime_terracotta":64,"minecraft:leather":44,"minecraft:cod":673,"minecraft:cobblestone_stairs":5,"minecraft:flint":3,"minecraft:spruce_leaves":12,"minecraft:deepslate_gold_ore":1,"minecraft:packed_ice":145,"minecraft:ice":39,"minecraft:netherite_scrap":3,"minecraft:crimson_roots":53,"minecraft:seagrass":12,"minecraft:cooked_cod":27,"minecraft:cut_sandstone":2,"minecraft:snowball":275,"minecraft:wet_sponge":3,"minecraft:gravel":239,"minecraft:crimson_fungus":4,"minecraft:purpur_block":1,"minecraft:blackstone":9,"minecraft:diamond_shovel":2,"minecraft:chainmail_chestplate":1,"minecraft:poppy":264,"minecraft:rabbit_hide":3,"minecraft:leather_chestplate":8,"minecraft:gunpowder":268,"minecraft:azalea":2,"minecraft:chainmail_boots":2,"minecraft:arrow":383,"minecraft:quartz":136,"minecraft:scaffolding":95,"minecraft:written_book":2,"minecraft:splash_potion":7,"minecraft:netherrack":2841,"minecraft:firework_rocket":15,"minecraft:bread":264,"minecraft:oak_slab":2,"minecraft:golden_helmet":6,"minecraft:mossy_cobblestone":1,"minecraft:diamond_leggings":2,"minecraft:poisonous_potato":1,"minecraft:prismarine_shard":2397,"minecraft:spruce_stairs":2,"minecraft:tropical_fish":2,"minecraft:grass_block":272,"minecraft:stick":493,"minecraft:diorite":85,"minecraft:brewing_stand":2,"minecraft:torch":6,"minecraft:green_dye":1,"minecraft:nether_wart_block":419,"minecraft:iron_leggings":1,"minecraft:stonecutter":3,"minecraft:flowering_azalea":1,"minecraft:iron_axe":94,"minecraft:bucket":1,"minecraft:tripwire_hook":7,"minecraft:dandelion":2,"minecraft:redstone":335,"minecraft:blue_terracotta":7,"minecraft:kelp":282,"minecraft:sweet_berries":4,"minecraft:warped_nylium":1,"minecraft:ender_chest":30,"minecraft:blaze_rod":75,"minecraft:nether_wart":1,"minecraft:raw_copper":198,"minecraft:tuff":7,"minecraft:composter":4,"minecraft:raw_iron":18,"minecraft:shulker_box":3,"minecraft:totem_of_undying":120,"minecraft:glass_pane":8,"minecraft:deepslate_bricks":27,"minecraft:filled_map":7,"minecraft:snow":492,"minecraft:diamond_chestplate":1,"minecraft:andesite":75,"minecraft:golden_leggings":7,"minecraft:oak_boat":1,"minecraft:oak_sapling":17,"minecraft:golden_sword":1,"minecraft:birch_sign":1,"minecraft:diamond_boots":1,"minecraft:medium_amethyst_bud":1},"minecraft:broken":{"minecraft:wooden_shovel":2,"minecraft:shield":1,"minecraft:iron_axe":4,"minecraft:iron_pickaxe":3,"minecraft:iron_shovel":1,"minecraft:golden_shovel":4,"minecraft:stone_axe":5,"minecraft:stone_shovel":11,"minecraft:diamond_axe":1},"minecraft:custom":{"minecraft:interact_with_crafting_table":623,"minecraft:open_barrel":10,"minecraft:bell_ring":1,"minecraft:leave_game":91,"minecraft:time_since_death":7091055,"minecraft:damage_blocked_by_shield":2830,"minecraft:play_time":7268863,"minecraft:deaths":1,"minecraft:jump":123854,"minecraft:enchant_item":94,"minecraft:interact_with_furnace":1209,"minecraft:play_record":3,"minecraft:traded_with_villager":517,"minecraft:interact_with_cartography_table":1,"minecraft:sleep_in_bed":69,"minecraft:damage_dealt":632148,"minecraft:inspect_dispenser":6,"minecraft:horse_one_cm":371641,"minecraft:interact_with_smithing_table":11,"minecraft:inspect_dropper":1,"minecraft:interact_with_anvil":135,"minecraft:inspect_hopper":98,"minecraft:sneak_time":1041545,"minecraft:interact_with_lectern":3,"minecraft:interact_with_blast_furnace":93,"minecraft:total_world_time":7268863,"minecraft:time_since_rest":106065,"minecraft:swim_one_cm":2767684,"minecraft:fly_one_cm":36128225,"minecraft:open_chest":2428,"minecraft:fish_caught":34,"minecraft:fall_one_cm":3486088,"minecraft:animals_bred":524,"minecraft:open_shulker_box":590,"minecraft:damage_resisted":1362,"minecraft:sprint_one_cm":16478476,"minecraft:drop":2191,"minecraft:talked_to_villager":1096,"minecraft:interact_with_brewingstand":288,"minecraft:walk_on_water_one_cm":1332369,"minecraft:interact_with_loom":3,"minecraft:open_enderchest":264,"minecraft:interact_with_beacon":27,"minecraft:crouch_one_cm":4738240,"minecraft:mob_kills":21712,"minecraft:fill_cauldron":1,"minecraft:climb_one_cm":500624,"minecraft:walk_one_cm":15811445,"minecraft:raid_win":116,"minecraft:walk_under_water_one_cm":3141638,"minecraft:boat_one_cm":5136355,"minecraft:raid_trigger":269,"minecraft:interact_with_grindstone":45,"minecraft:damage_taken":26439,"minecraft:aviate_one_cm":46709798},"minecraft:killed":{"minecraft:cave_spider":14,"minecraft:shulker":25,"minecraft:skeleton":423,"minecraft:guardian":5235,"minecraft:chicken":195,"minecraft:skeleton_horse":3,"minecraft:magma_cube":95,"minecraft:elder_guardian":3,"minecraft:salmon":40,"minecraft:iron_golem":8,"minecraft:ender_dragon":1,"minecraft:pillager":5593,"minecraft:zombie":1386,"minecraft:glow_squid":1,"minecraft:cow":122,"minecraft:evoker":716,"minecraft:vindicator":3785,"minecraft:husk":3,"minecraft:rabbit":13,"minecraft:ravager":13,"minecraft:polar_bear":1,"minecraft:enderman":32,"minecraft:zombified_piglin":15,"minecraft:witch":1176,"minecraft:spider":369,"minecraft:wither":4,"minecraft:bee":1,"minecraft:silverfish":4,"minecraft:turtle":4,"minecraft:piglin":41,"minecraft:pig":2,"minecraft:zombie_villager":32,"minecraft:creeper":1129,"minecraft:sheep":6,"minecraft:ghast":24,"minecraft:stray":219,"minecraft:blaze":251,"minecraft:vex":37,"minecraft:slime":43,"minecraft:phantom":139,"minecraft:drowned":12,"minecraft:bat":3,"minecraft:hoglin":27,"minecraft:squid":12,"minecraft:wither_skeleton":220,"minecraft:villager":4},"minecraft:crafted":{"minecraft:ender_chest":11,"minecraft:black_dye":16,"minecraft:smooth_stone":170,"minecraft:blaze_powder":28,"minecraft:loom":1,"minecraft:polished_blackstone_slab":30,"minecraft:lever":8,"minecraft:diamond_shovel":2,"minecraft:lime_glazed_terracotta":1024,"minecraft:bookshelf":61,"minecraft:shulker_box":8,"minecraft:iron_bars":16,"minecraft:red_concrete_powder":3456,"minecraft:deepslate_brick_stairs":32,"minecraft:quartz_block":1920,"minecraft:glass":8869,"minecraft:diamond_helmet":3,"minecraft:repeater":8,"minecraft:diamond_leggings":3,"minecraft:netherite_boots":1,"minecraft:beacon":4,"minecraft:polished_blackstone":32,"minecraft:stone_pressure_plate":5,"minecraft:iron_door":9,"minecraft:black_wool":10,"minecraft:turtle_helmet":1,"minecraft:glass_bottle":96,"minecraft:blue_stained_glass":280,"minecraft:wooden_shovel":2,"minecraft:emerald":489,"minecraft:diamond_axe":3,"minecraft:raw_gold_block":21,"minecraft:spruce_door":3,"minecraft:smithing_table":1,"minecraft:copper_ingot":3,"minecraft:sticky_piston":12,"minecraft:fletching_table":1,"minecraft:cartography_table":1,"minecraft:lectern":10,"minecraft:stone_slab":780,"minecraft:compass":4,"minecraft:iron_pickaxe":4,"minecraft:iron_block":282,"minecraft:gold_ingot":820,"minecraft:netherite_ingot":9,"minecraft:composter":20,"minecraft:spruce_fence_gate":35,"minecraft:golden_carrot":64,"minecraft:stone_shovel":11,"minecraft:smooth_stone_slab":36,"minecraft:jukebox":1,"minecraft:diamond_hoe":2,"minecraft:yellow_bed":1,"minecraft:bone_meal":1206,"minecraft:spruce_fence":228,"minecraft:white_carpet":132,"minecraft:stone_stairs":8,"minecraft:diamond":99,"minecraft:netherite_axe":1,"minecraft:spruce_stairs":56,"minecraft:detector_rail":6,"minecraft:deepslate_brick_wall":276,"minecraft:ladder":24,"minecraft:spruce_slab":156,"minecraft:diamond_boots":3,"minecraft:quartz_slab":60,"minecraft:spruce_boat":1,"minecraft:redstone_block":74,"minecraft:dark_oak_planks":428,"minecraft:wheat":648,"minecraft:coal_block":179,"minecraft:firework_star":320,"minecraft:crossbow":28,"minecraft:netherite_pickaxe":2,"minecraft:enchanting_table":2,"minecraft:deepslate_brick_slab":264,"minecraft:leather_helmet":2,"minecraft:glowstone":4,"minecraft:white_stained_glass":768,"minecraft:enchanted_book":90,"minecraft:red_stained_glass":7400,"minecraft:golden_apple":20,"minecraft:fermented_spider_eye":11,"minecraft:iron_shovel":5,"minecraft:iron_leggings":1,"minecraft:armor_stand":17,"minecraft:white_bed":48,"minecraft:grindstone":2,"minecraft:oak_planks":4660,"minecraft:cobblestone_slab":24,"minecraft:dark_oak_boat":1,"minecraft:cooked_chicken":128,"minecraft:lightning_rod":1,"minecraft:stone":113,"minecraft:cobblestone_stairs":4,"minecraft:green_dye":64,"minecraft:hopper":72,"minecraft:bow":7,"minecraft:iron_boots":1,"minecraft:comparator":31,"minecraft:chest":258,"minecraft:netherite_helmet":1,"minecraft:rail":112,"minecraft:stone_hoe":1,"minecraft:ender_eye":11,"minecraft:raw_iron_block":49,"minecraft:sea_lantern":69,"minecraft:white_banner":1,"minecraft:oak_slab":6,"minecraft:item_frame":21,"minecraft:cauldron":2,"minecraft:map":34,"minecraft:crafting_table":10,"minecraft:spruce_planks":3660,"minecraft:lime_terracotta":1024,"minecraft:baked_potato":219,"minecraft:iron_helmet":1,"minecraft:gold_block":53,"minecraft:hopper_minecart":3,"minecraft:brewing_stand":3,"minecraft:birch_planks":24,"minecraft:black_shulker_box":1,"minecraft:dispenser":2,"minecraft:tnt":100,"minecraft:spruce_trapdoor":138,"minecraft:dark_oak_slab":42,"minecraft:book":29,"minecraft:paper":432,"minecraft:diamond_pickaxe":3,"minecraft:emerald_block":689,"minecraft:shield":3,"minecraft:stick":10130,"minecraft:iron_ingot":792,"minecraft:stone_sword":1,"minecraft:snow_block":458,"minecraft:black_bed":1,"minecraft:redstone_torch":123,"minecraft:deepslate_bricks":3364,"minecraft:shears":2,"minecraft:oak_door":3,"minecraft:redstone":315,"minecraft:raw_iron":441,"minecraft:coal":1593,"minecraft:fishing_rod":1,"minecraft:tripwire_hook":32,"minecraft:netherite_sword":1,"minecraft:furnace":42,"minecraft:stone_button":2,"minecraft:blast_furnace":10,"minecraft:piston":28,"minecraft:dark_oak_sign":33,"minecraft:end_stone_bricks":3584,"minecraft:diamond_block":30,"minecraft:glass_pane":320,"minecraft:scaffolding":630,"minecraft:netherite_chestplate":1,"minecraft:netherite_leggings":1,"minecraft:polished_deepslate":3364,"minecraft:iron_axe":4,"minecraft:spruce_wood":30,"minecraft:lime_dye":128,"minecraft:cobblestone_wall":48,"minecraft:filled_map":4,"minecraft:netherite_scrap":39,"minecraft:birch_sign":3,"minecraft:observer":19,"minecraft:minecart":3,"minecraft:cooked_beef":59,"minecraft:sugar":14,"minecraft:red_dye":1518,"minecraft:diamond_sword":4,"minecraft:iron_trapdoor":4,"minecraft:spruce_sign":12,"minecraft:powered_rail":114,"minecraft:cooked_salmon":40,"minecraft:golden_shovel":4,"minecraft:bucket":3,"minecraft:stone_axe":6,"minecraft:bread":241,"minecraft:air":0,"minecraft:jungle_planks":20,"minecraft:black_stained_glass":8,"minecraft:blue_dye":45,"minecraft:oak_boat":1,"minecraft:white_wool":6,"minecraft:gold_nugget":828,"minecraft:white_dye":320,"minecraft:raw_gold":189,"minecraft:netherite_shovel":1,"minecraft:black_carpet":9,"minecraft:anvil":7,"minecraft:acacia_planks":12,"minecraft:torch":160,"minecraft:lapis_lazuli":450,"minecraft:lapis_block":75,"minecraft:diamond_chestplate":3,"minecraft:firework_rocket":588},"minecraft:used":{"minecraft:writable_book":1,"minecraft:dispenser":2,"minecraft:spruce_slab":8,"minecraft:polished_blackstone":94,"minecraft:ladder":14,"minecraft:poppy":1,"minecraft:black_carpet":107,"minecraft:chest":195,"minecraft:stone":87,"minecraft:soul_sand":253,"minecraft:blue_stained_glass":270,"minecraft:deepslate_brick_slab":345,"minecraft:snowball":114,"minecraft:spruce_boat":69,"minecraft:polished_blackstone_slab":133,"minecraft:packed_ice":36,"minecraft:lava_bucket":14,"minecraft:netherite_shovel":13517,"minecraft:music_disc_pigstep":2,"minecraft:grass_block":36,"minecraft:quartz_block":1878,"minecraft:copper_ore":1,"minecraft:netherite_boots":1,"minecraft:bow":1010,"minecraft:snow":42,"minecraft:dark_oak_boat":60,"minecraft:sweet_berries":107,"minecraft:furnace":40,"minecraft:egg":71,"minecraft:potato":92,"minecraft:dragon_head":1,"minecraft:lime_glazed_terracotta":38,"minecraft:deepslate_brick_wall":280,"minecraft:diorite":29,"minecraft:end_stone_bricks":3872,"minecraft:damaged_anvil":1,"minecraft:spruce_door":2,"minecraft:red_stained_glass":7699,"minecraft:powered_rail":163,"minecraft:blackstone":32,"minecraft:composter":22,"minecraft:sand":45,"minecraft:blast_furnace":10,"minecraft:netherite_helmet":2,"minecraft:deepslate_brick_stairs":28,"minecraft:lightning_rod":1,"minecraft:chiseled_sandstone":1,"minecraft:stone_button":2,"minecraft:lectern":817,"minecraft:coal_block":3,"minecraft:nether_wart_block":11508,"minecraft:diamond_sword":693,"minecraft:smithing_table":2,"minecraft:white_stained_glass":724,"minecraft:ice":26,"minecraft:oak_boat":11,"minecraft:iron_bars":2,"minecraft:enchanting_table":3,"minecraft:stone_sword":1,"minecraft:red_concrete":3421,"minecraft:cooked_salmon":40,"minecraft:netherrack":1535,"minecraft:torch":268,"minecraft:brewing_stand":3,"minecraft:anvil":9,"minecraft:nether_quartz_ore":3,"minecraft:stone_stairs":8,"minecraft:golden_shovel":162,"minecraft:shroomlight":3,"minecraft:music_disc_mellohi":1,"minecraft:sea_lantern":54,"minecraft:chipped_anvil":1,"minecraft:iron_block":296,"minecraft:iron_axe":636,"minecraft:totem_of_undying":2,"minecraft:bamboo":6,"minecraft:glowstone":4,"minecraft:iron_trapdoor":4,"minecraft:observer":22,"minecraft:cobbled_deepslate":277,"minecraft:orange_terracotta":1,"minecraft:wheat_seeds":533,"minecraft:water_bucket":779,"minecraft:birch_planks":50,"minecraft:cartography_table":14,"minecraft:cauldron":2,"minecraft:fletching_table":10,"minecraft:glow_ink_sac":1,"minecraft:spruce_fence_gate":38,"minecraft:deepslate_bricks":3669,"minecraft:diamond_block":2,"minecraft:rail":221,"minecraft:comparator":31,"minecraft:tnt":109,"minecraft:crafting_table":77,"minecraft:birch_sign":2,"minecraft:white_bed":58,"minecraft:spruce_log":174,"minecraft:oak_log":2,"minecraft:amethyst_cluster":2,"minecraft:diamond_pickaxe":423,"minecraft:diamond_shovel":4042,"minecraft:iron_pickaxe":856,"minecraft:spruce_trapdoor":140,"minecraft:cobblestone":1126,"minecraft:potion":7,"minecraft:red_concrete_powder":3456,"minecraft:cooked_porkchop":86,"minecraft:kelp":371,"minecraft:jukebox":1,"minecraft:blue_terracotta":2,"minecraft:iron_shovel":640,"minecraft:diamond_hoe":13202,"minecraft:shield":55,"minecraft:nether_wart":49,"minecraft:player_head":10,"minecraft:carrot":27,"minecraft:tuff":4,"minecraft:axolotl_bucket":15,"minecraft:milk_bucket":1,"minecraft:obsidian":326,"minecraft:glass":1261,"minecraft:quartz_slab":58,"minecraft:spruce_wood":27,"minecraft:hopper_minecart":3,"minecraft:item_frame":49,"minecraft:deepslate_diamond_ore":27,"minecraft:repeater":8,"minecraft:magma_block":7,"minecraft:hay_block":1,"minecraft:written_book":1,"minecraft:scaffolding":649,"minecraft:wither_skeleton_skull":15,"minecraft:dark_oak_sign":41,"minecraft:ender_pearl":29,"minecraft:sandstone":44,"minecraft:redstone_block":3,"minecraft:diamond_axe":4315,"minecraft:sugar_cane":17,"minecraft:netherite_leggings":1,"minecraft:loom":1,"minecraft:crossbow":10,"minecraft:stone_brick_wall":3,"minecraft:black_bed":3,"minecraft:shears":8,"minecraft:end_stone":3,"minecraft:redstone_torch":31,"minecraft:sticky_piston":13,"minecraft:lever":8,"minecraft:firework_rocket":543,"minecraft:bread":6,"minecraft:string":1,"minecraft:iron_door":9,"minecraft:deepslate":63,"minecraft:gravel":815,"minecraft:grindstone":3,"minecraft:andesite":241,"minecraft:smooth_stone_slab":19,"minecraft:bone_meal":303,"minecraft:trident":1039,"minecraft:netherite_sword":4889,"minecraft:rose_bush":2,"minecraft:flint_and_steel":40,"minecraft:stone_shovel":1442,"minecraft:redstone":84,"minecraft:spruce_planks":176,"minecraft:ender_chest":94,"minecraft:deepslate_gold_ore":64,"minecraft:wooden_shovel":118,"minecraft:stone_hoe":61,"minecraft:cooked_chicken":221,"minecraft:oak_door":19,"minecraft:dirt":584,"minecraft:white_carpet":152,"minecraft:hopper":74,"minecraft:spruce_stairs":56,"minecraft:cobblestone_wall":47,"minecraft:diamond_helmet":1,"minecraft:shulker_box":307,"minecraft:golden_chestplate":1,"minecraft:salmon_bucket":2,"minecraft:granite":156,"minecraft:spruce_fence":233,"minecraft:dark_oak_planks":4,"minecraft:bookshelf":51,"minecraft:oak_stairs":1,"minecraft:golden_carrot":37,"minecraft:black_stained_glass":8,"minecraft:minecart":17,"minecraft:netherite_pickaxe":56378,"minecraft:stone_pressure_plate":1,"minecraft:cooked_beef":355,"minecraft:turtle_egg":21,"minecraft:cooked_mutton":19,"minecraft:iron_ore":22,"minecraft:cobblestone_stairs":4,"minecraft:snow_block":459,"minecraft:glass_bottle":101,"minecraft:baked_potato":211,"minecraft:netherite_chestplate":1,"minecraft:cut_sandstone":13,"minecraft:black_shulker_box":1,"minecraft:spruce_sign":11,"minecraft:stonecutter":19,"minecraft:beacon":14,"minecraft:cobblestone_slab":14,"minecraft:piston":16,"minecraft:netherite_axe":1221,"minecraft:detector_rail":4,"minecraft:stone_slab":523,"minecraft:stone_axe":545,"minecraft:fishing_rod":50,"minecraft:bucket":812,"minecraft:yellow_bed":6,"minecraft:smooth_stone":126,"minecraft:splash_potion":42}},"DataVersion":3105}