{"stats":{"minecraft:custom":{"minecraft:mob_kills":36,"minecraft:interact_with_crafting_table":26,"minecraft:leave_game":2,"minecraft:time_since_death":85645,"minecraft:climb_one_cm":2275,"minecraft:sprint_one_cm":203495,"minecraft:walk_one_cm":202409,"minecraft:damage_blocked_by_shield":650,"minecraft:drop":25,"minecraft:play_time":85645,"minecraft:sneak_time":7109,"minecraft:walk_under_water_one_cm":29117,"minecraft:boat_one_cm":457830,"minecraft:jump":2909,"minecraft:walk_on_water_one_cm":25635,"minecraft:total_world_time":85645,"minecraft:interact_with_furnace":56,"minecraft:time_since_rest":85645,"minecraft:damage_taken":1330,"minecraft:damage_dealt":5650,"minecraft:swim_one_cm":105802,"minecraft:fly_one_cm":497648,"minecraft:open_chest":39,"minecraft:crouch_one_cm":27839,"minecraft:fall_one_cm":93437},"minecraft:used":{"minecraft:stone_sword":10,"minecraft:flint_and_steel":7,"minecraft:stone_shovel":121,"minecraft:shield":8,"minecraft:iron_sword":103,"minecraft:cooked_salmon":1,"minecraft:rotten_flesh":2,"minecraft:netherrack":58,"minecraft:dirt":4,"minecraft:wooden_axe":3,"minecraft:lava_bucket":30,"minecraft:iron_axe":24,"minecraft:crimson_planks":40,"minecraft:golden_carrot":3,"minecraft:oak_sapling":1,"minecraft:furnace":6,"minecraft:cooked_cod":5,"minecraft:cooked_beef":2,"minecraft:cobbled_deepslate":224,"minecraft:cooked_mutton":6,"minecraft:water_bucket":40,"minecraft:stone_pickaxe":131,"minecraft:oak_planks":14,"minecraft:blackstone":49,"minecraft:wooden_pickaxe":9,"minecraft:glow_berries":4,"minecraft:crafting_table":7,"minecraft:diamond_pickaxe":61,"minecraft:cracked_polished_blackstone_bricks":1,"minecraft:bread":5,"minecraft:iron_pickaxe":573,"minecraft:stone_axe":11,"minecraft:cobblestone":76,"minecraft:cooked_porkchop":1,"minecraft:bucket":71,"minecraft:oak_boat":19},"minecraft:picked_up":{"minecraft:crafting_table":7,"minecraft:wheat":4,"minecraft:nether_wart":16,"minecraft:clay_ball":124,"minecraft:gold_block":4,"minecraft:gilded_blackstone":5,"minecraft:string":5,"minecraft:flint_and_steel":1,"minecraft:blackstone":49,"minecraft:cobbled_deepslate":240,"minecraft:beef":2,"minecraft:oak_boat":19,"minecraft:furnace":6,"minecraft:raw_iron":56,"minecraft:spruce_stairs":2,"minecraft:porkchop":6,"minecraft:polished_blackstone_bricks":1,"minecraft:diorite":6,"minecraft:dark_oak_planks":1,"minecraft:arrow":5,"minecraft:rotten_flesh":6,"minecraft:glow_berries":4,"minecraft:mutton":6,"minecraft:cod":5,"minecraft:white_wool":4,"minecraft:cobblestone":120,"minecraft:cooked_beef":2,"minecraft:crimson_stem":10,"minecraft:salmon":1,"minecraft:andesite":2,"minecraft:leather":1,"minecraft:jungle_fence":1,"minecraft:flint":1,"minecraft:oak_log":16,"minecraft:gunpowder":2,"minecraft:lapis_lazuli":22,"minecraft:dirt":19,"minecraft:bone":5,"minecraft:bow":1,"minecraft:wheat_seeds":1,"minecraft:raw_gold":15,"minecraft:iron_ingot":3,"minecraft:moss_block":4,"minecraft:dark_oak_stairs":1,"minecraft:cooked_porkchop":4,"minecraft:pumpkin":1,"minecraft:gravel":4,"minecraft:jungle_planks":2,"minecraft:spider_eye":2,"minecraft:diamond":4,"minecraft:spruce_boat":1,"minecraft:cracked_polished_blackstone_bricks":1,"minecraft:oak_sapling":1,"minecraft:netherrack":58,"minecraft:coal":26},"minecraft:broken":{"minecraft:stone_pickaxe":1,"minecraft:iron_pickaxe":2},"minecraft:crafted":{"minecraft:oak_planks":64,"minecraft:stone_shovel":1,"minecraft:furnace":2,"minecraft:cooked_mutton":6,"minecraft:flint_and_steel":1,"minecraft:iron_boots":1,"minecraft:iron_axe":1,"minecraft:stone_pickaxe":1,"minecraft:golden_helmet":1,"minecraft:cooked_beef":2,"minecraft:cooked_cod":5,"minecraft:crimson_planks":40,"minecraft:cooked_porkchop":3,"minecraft:crafting_table":2,"minecraft:wooden_pickaxe":1,"minecraft:iron_helmet":1,"minecraft:iron_sword":1,"minecraft:cooked_salmon":1,"minecraft:bucket":1,"minecraft:stone_axe":1,"minecraft:bread":2,"minecraft:air":0,"minecraft:oak_boat":1,"minecraft:iron_chestplate":1,"minecraft:shield":1,"minecraft:stick":20,"minecraft:iron_ingot":58,"minecraft:iron_pickaxe":3,"minecraft:wooden_axe":1,"minecraft:stone_sword":1,"minecraft:iron_leggings":1,"minecraft:gold_ingot":5},"minecraft:dropped":{"minecraft:dark_oak_stairs":1,"minecraft:wheat_seeds":1,"minecraft:cooked_beef":2,"minecraft:jungle_fence":1,"minecraft:cobblestone":13,"minecraft:leather":1,"minecraft:jungle_planks":2,"minecraft:spruce_stairs":2,"minecraft:dirt":15,"minecraft:diorite":6,"minecraft:wooden_axe":1,"minecraft:polished_blackstone_bricks":1,"minecraft:dark_oak_planks":1,"minecraft:bone":5,"minecraft:gravel":4,"minecraft:wheat":4,"minecraft:rotten_flesh":4,"minecraft:clay_ball":64,"minecraft:flint_and_steel":1,"minecraft:gunpowder":2,"minecraft:andesite":2,"minecraft:spider_eye":2,"minecraft:wooden_pickaxe":1},"minecraft:mined":{"minecraft:dark_oak_planks":1,"minecraft:tuff":24,"minecraft:deepslate_diamond_ore":4,"minecraft:grass_block":10,"minecraft:jungle_planks":2,"minecraft:cracked_polished_blackstone_bricks":4,"minecraft:moss_block":5,"minecraft:nether_wart":5,"minecraft:crimson_stem":10,"minecraft:spawner":2,"minecraft:polished_blackstone_bricks":6,"minecraft:furnace":6,"minecraft:iron_ore":46,"minecraft:cobbled_deepslate":23,"minecraft:andesite":10,"minecraft:pumpkin":1,"minecraft:dark_oak_stairs":1,"minecraft:gold_block":4,"minecraft:cave_vines":7,"minecraft:deepslate_iron_ore":13,"minecraft:azalea":1,"minecraft:stone":119,"minecraft:deepslate_redstone_ore":2,"minecraft:blackstone":60,"minecraft:crimson_nylium":1,"minecraft:basalt":14,"minecraft:crafting_table":7,"minecraft:clay":101,"minecraft:cobblestone":4,"minecraft:deepslate_gold_ore":10,"minecraft:lapis_ore":4,"minecraft:diorite":6,"minecraft:seagrass":1,"minecraft:spruce_stairs":2,"minecraft:jungle_fence":2,"minecraft:grass":11,"minecraft:oak_log":16,"minecraft:coal_ore":16,"minecraft:gravel":5,"minecraft:dirt":9,"minecraft:netherrack":92,"minecraft:oak_leaves":4,"minecraft:deepslate":298,"minecraft:fern":2},"minecraft:killed":{"minecraft:spider":3,"minecraft:cod":5,"minecraft:skeleton":8,"minecraft:drowned":2,"minecraft:piglin":1,"minecraft:pig":2,"minecraft:salmon":1,"minecraft:hoglin":2,"minecraft:creeper":1,"minecraft:sheep":4,"minecraft:zombie":6,"minecraft:cow":1}},"DataVersion":2865}