{"stats":{"minecraft:picked_up":{"minecraft:sweet_berries":107},"minecraft:mined":{"minecraft:sweet_berry_bush":1},"minecraft:used":{"minecraft:oak_sign":1,"minecraft:sweet_berries":8},"minecraft:custom":{"minecraft:jump":16,"minecraft:open_chest":2,"minecraft:time_since_rest":2332,"minecraft:crouch_one_cm":2,"minecraft:leave_game":1,"minecraft:play_time":2332,"minecraft:damage_taken":290,"minecraft:time_since_death":2332,"minecraft:walk_one_cm":20178,"minecraft:sneak_time":5,"minecraft:total_world_time":2332}},"DataVersion":2975}