{"stats":{"minecraft:broken":{"minecraft:iron_pickaxe":4,"minecraft:stone_shovel":1},"minecraft:dropped":{"minecraft:iron_sword":1,"minecraft:glow_ink_sac":4,"minecraft:glass_bottle":5,"minecraft:diamond":400,"minecraft:spore_blossom":1,"minecraft:glow_berries":4,"minecraft:saddle":2,"minecraft:elytra":4,"minecraft:dirt":51,"minecraft:dark_oak_fence":9,"minecraft:gold_nugget":9,"minecraft:bone_meal":63,"minecraft:sunflower":13,"minecraft:phantom_membrane":6,"minecraft:sand":4,"minecraft:dark_oak_planks":54,"minecraft:white_wool":2,"minecraft:dark_oak_door":2,"minecraft:lever":1,"minecraft:diamond_block":2,"minecraft:cobbled_deepslate":1150,"minecraft:netherite_sword":2,"minecraft:rotten_flesh":15,"minecraft:oak_planks":14,"minecraft:golden_shovel":1,"minecraft:leather_boots":1,"minecraft:ladder":2,"minecraft:egg":1,"minecraft:enchanted_book":1,"minecraft:netherite_pickaxe":1,"minecraft:wheat_seeds":1,"minecraft:oak_fence":6,"minecraft:cobblestone":448,"minecraft:coal":1,"minecraft:golden_carrot":128,"minecraft:diamond_helmet":2,"minecraft:potion":1,"minecraft:jungle_boat":1,"minecraft:red_dye":2,"minecraft:chainmail_leggings":1,"minecraft:player_head":43,"minecraft:cobblestone_wall":3,"minecraft:deepslate":1,"minecraft:chicken":1,"minecraft:diamond_sword":2,"minecraft:spruce_boat":1,"minecraft:spruce_trapdoor":1,"minecraft:spruce_planks":9,"minecraft:diamond_pickaxe":5,"minecraft:sandstone":5,"minecraft:bow":2,"minecraft:moss_block":192,"minecraft:brown_mushroom":14,"minecraft:diamond_axe":4,"minecraft:baked_potato":69,"minecraft:lime_shulker_box":1,"minecraft:lantern":2,"minecraft:pumpkin_pie":1,"minecraft:gold_ingot":66,"minecraft:gravel":26,"minecraft:twisting_vines":1,"minecraft:diamond_shovel":3,"minecraft:prismarine":1,"minecraft:cooked_mutton":1,"minecraft:mycelium":1,"minecraft:sandstone_wall":6,"minecraft:trident":4,"minecraft:gunpowder":67,"minecraft:chest":1,"minecraft:chainmail_boots":1,"minecraft:basalt":128,"minecraft:prismarine_bricks":2,"minecraft:written_book":2,"minecraft:netherrack":64,"minecraft:firework_rocket":259,"minecraft:oak_slab":1,"minecraft:diamond_leggings":1,"minecraft:netherite_axe":1,"minecraft:stick":52,"minecraft:diorite":67,"minecraft:torch":26,"minecraft:iron_door":1,"minecraft:iron_leggings":1,"minecraft:music_disc_strad":2,"minecraft:flowering_azalea":64,"minecraft:bucket":4,"minecraft:redstone_block":67,"minecraft:smooth_basalt":2,"minecraft:redstone":35,"minecraft:oak_trapdoor":2,"minecraft:ender_chest":3,"minecraft:tuff":153,"minecraft:wither_skeleton_skull":4,"minecraft:totem_of_undying":7,"minecraft:shulker_box":3,"minecraft:shield":3,"minecraft:diamond_chestplate":2,"minecraft:andesite":17,"minecraft:diamond_boots":2,"minecraft:slime_ball":5,"minecraft:calcite":2},"minecraft:picked_up":{"minecraft:seagrass":37,"minecraft:iron_chestplate":4,"minecraft:chainmail_boots":1,"minecraft:anvil":1,"minecraft:diamond_sword":9,"minecraft:golden_shovel":1,"minecraft:brewing_stand":1,"minecraft:golden_sword":1,"minecraft:amethyst_block":140,"minecraft:music_disc_cat":9,"minecraft:string":30,"minecraft:shroomlight":14,"minecraft:diamond_leggings":7,"minecraft:gold_nugget":607,"minecraft:cobbled_deepslate":5886,"minecraft:spruce_planks":150,"minecraft:written_book":5,"minecraft:coal_block":22,"minecraft:dark_oak_door":8,"minecraft:golden_helmet":2,"minecraft:jukebox":1,"minecraft:big_dripleaf":4,"minecraft:acacia_log":26,"minecraft:sandstone_wall":6,"minecraft:golden_chestplate":1,"minecraft:light_blue_wool":65,"minecraft:iron_block":235,"minecraft:netherite_chestplate":3,"minecraft:blaze_rod":257,"minecraft:iron_bars":16,"minecraft:magma_block":280,"minecraft:feather":4,"minecraft:cooked_beef":12,"minecraft:iron_door":3,"minecraft:water_bucket":9,"minecraft:dark_oak_boat":9,"minecraft:flint":60,"minecraft:netherite_leggings":1,"minecraft:lantern":4,"minecraft:twisting_vines":247,"minecraft:chipped_anvil":1,"minecraft:dark_oak_sign":1,"minecraft:diamond_helmet":8,"minecraft:glowstone_dust":41,"minecraft:moss_block":72,"minecraft:warped_wart_block":16,"minecraft:dark_oak_log":46,"minecraft:barrel":23,"minecraft:deepslate":1,"minecraft:lever":13,"minecraft:granite":688,"minecraft:dark_oak_fence":6,"minecraft:diamond_pickaxe":7,"minecraft:crimson_roots":2,"minecraft:crafting_table":17,"minecraft:bee_nest":1,"minecraft:clay_ball":12,"minecraft:conduit":3,"minecraft:elytra":7,"minecraft:iron_shovel":1,"minecraft:netherite_sword":3,"minecraft:beef":3,"minecraft:jungle_sapling":1,"minecraft:poppy":22,"minecraft:chest":19,"minecraft:egg":91,"minecraft:lime_shulker_box":1,"minecraft:sandstone":18,"minecraft:oak_door":1,"minecraft:music_disc_mellohi":1,"minecraft:redstone":678,"minecraft:prismarine_crystals":11,"minecraft:diamond_chestplate":6,"minecraft:diamond_boots":6,"minecraft:gold_ingot":50,"minecraft:totem_of_undying":2,"minecraft:white_shulker_box":3,"minecraft:mutton":2,"minecraft:glow_berries":2,"minecraft:rail":1,"minecraft:white_wool":2,"minecraft:yellow_shulker_box":8,"minecraft:red_mushroom":36,"minecraft:oak_log":290,"minecraft:ancient_debris":100,"minecraft:golden_boots":1,"minecraft:white_banner":2,"minecraft:apple":4,"minecraft:kelp":1,"minecraft:warped_stem":3,"minecraft:spore_blossom":2,"minecraft:music_disc_far":2,"minecraft:glass_bottle":4,"minecraft:iron_sword":1,"minecraft:flowering_azalea":11,"minecraft:smooth_basalt":40,"minecraft:sweet_berries":7,"minecraft:red_wool":2,"minecraft:gravel":269,"minecraft:spruce_sapling":9,"minecraft:spruce_log":32,"minecraft:crying_obsidian":34,"minecraft:leather_helmet":1,"minecraft:diamond_shovel":3,"minecraft:firework_rocket":357,"minecraft:slime_ball":5,"minecraft:diamond_axe":4,"minecraft:painting":62,"minecraft:birch_sign":4,"minecraft:warped_roots":36,"minecraft:baked_potato":56,"minecraft:stripped_dark_oak_log":2,"minecraft:ender_pearl":3,"minecraft:music_disc_strad":4,"minecraft:wheat":96,"minecraft:redstone_block":67,"minecraft:ender_chest":2,"minecraft:potion":2,"minecraft:turtle_egg":2,"minecraft:raw_copper":396,"minecraft:smooth_stone_slab":5,"minecraft:iron_leggings":5,"minecraft:sticky_piston":17,"minecraft:armor_stand":19,"minecraft:netherite_ingot":6,"minecraft:oak_sign":74,"minecraft:comparator":7,"minecraft:bucket":4,"minecraft:cobblestone_slab":4,"minecraft:calcite":87,"minecraft:iron_pickaxe":2,"minecraft:iron_boots":3,"minecraft:furnace":7,"minecraft:stick":79,"minecraft:orange_shulker_box":1,"minecraft:oak_fence":74,"minecraft:torch":105,"minecraft:spruce_stairs":115,"minecraft:diorite":982,"minecraft:rotten_flesh":111,"minecraft:music_disc_wait":1,"minecraft:obsidian":32,"minecraft:cobblestone":7895,"minecraft:repeater":13,"minecraft:magma_cream":5,"minecraft:andesite":306,"minecraft:potato":64,"minecraft:tuff":579,"minecraft:prismarine_bricks":5,"minecraft:acacia_boat":3,"minecraft:wither_skeleton_skull":4,"minecraft:dirt":1756,"minecraft:lapis_lazuli":635,"minecraft:name_tag":4,"minecraft:leather_boots":1,"minecraft:glass":3,"minecraft:bone":40,"minecraft:bow":6,"minecraft:cobbled_deepslate_wall":1,"minecraft:wheat_seeds":18,"minecraft:raw_gold":685,"minecraft:cobbled_deepslate_slab":14,"minecraft:bell":27,"minecraft:light_blue_dye":1,"minecraft:netherite_axe":1,"minecraft:prismarine":88,"minecraft:oak_planks":74,"minecraft:sand":1651,"minecraft:grass_block":284,"minecraft:diamond_block":1,"minecraft:shulker_box":161,"minecraft:diamond":1872,"minecraft:spruce_boat":10,"minecraft:netherite_helmet":1,"minecraft:bone_meal":57,"minecraft:golden_apple":50,"minecraft:emerald":20,"minecraft:oak_sapling":8,"minecraft:netherrack":2314,"minecraft:chorus_fruit":4,"minecraft:charcoal":51,"minecraft:chicken":2,"minecraft:ladder":49,"minecraft:brown_mushroom":17,"minecraft:shield":8,"minecraft:oak_trapdoor":1,"minecraft:iron_axe":2,"minecraft:item_frame":4,"minecraft:mycelium":333,"minecraft:blackstone":666,"minecraft:player_head":27,"minecraft:lectern":2,"minecraft:sugar_cane":87,"minecraft:phantom_membrane":63,"minecraft:spruce_trapdoor":1,"minecraft:raw_iron":675,"minecraft:copper_ingot":1,"minecraft:music_disc_11":1,"minecraft:trident":5,"minecraft:light_blue_bed":3,"minecraft:dark_oak_planks":228,"minecraft:arrow":46,"minecraft:pumpkin_pie":1,"minecraft:saddle":3,"minecraft:netherite_boots":1,"minecraft:jungle_boat":23,"minecraft:basalt":3205,"minecraft:golden_carrot":128,"minecraft:glow_ink_sac":150,"minecraft:crimson_fungus":1,"minecraft:gunpowder":15,"minecraft:cobblestone_wall":33,"minecraft:cobblestone_stairs":9,"minecraft:cooked_mutton":449,"minecraft:cooked_chicken":325,"minecraft:soul_sand":1,"minecraft:book":6,"minecraft:oak_slab":1,"minecraft:scaffolding":60,"minecraft:pink_bed":2,"minecraft:warped_fungus":4,"minecraft:stone_brick_slab":8,"minecraft:quartz":36,"minecraft:raw_iron_block":1,"minecraft:amethyst_shard":74,"minecraft:spider_eye":87,"minecraft:spruce_door":1,"minecraft:music_disc_mall":1,"minecraft:campfire":1,"minecraft:honey_block":2,"minecraft:chainmail_leggings":1,"minecraft:iron_helmet":3,"minecraft:dark_oak_wood":1,"minecraft:coal":277,"minecraft:sunflower":41},"minecraft:mined":{"minecraft:dark_oak_planks":200,"minecraft:pink_bed":1,"minecraft:granite":765,"minecraft:crimson_fungus":1,"minecraft:oak_wall_sign":55,"minecraft:spawner":1,"minecraft:tall_seagrass":20,"minecraft:magma_block":289,"minecraft:cobbled_deepslate":207,"minecraft:sticky_piston":17,"minecraft:barrel":23,"minecraft:moss_carpet":1,"minecraft:deepslate_lapis_ore":35,"minecraft:twisting_vines":27,"minecraft:cave_vines":4,"minecraft:oak_sign":10,"minecraft:white_shulker_box":3,"minecraft:iron_block":214,"minecraft:conduit":3,"minecraft:brown_mushroom":25,"minecraft:player_wall_head":1,"minecraft:amethyst_cluster":6,"minecraft:torch":12,"minecraft:dark_oak_wood":1,"minecraft:glass":50,"minecraft:sugar_cane":7,"minecraft:amethyst_block":140,"minecraft:repeater":13,"minecraft:lilac":1,"minecraft:jukebox":1,"minecraft:warped_fungus":2,"minecraft:grass":22,"minecraft:smooth_basalt":41,"minecraft:red_mushroom_block":90,"minecraft:infested_deepslate":3,"minecraft:deepslate":5885,"minecraft:light_blue_wool":1,"minecraft:dark_oak_log":48,"minecraft:sea_lantern":4,"minecraft:shulker_box":134,"minecraft:cobbled_deepslate_slab":12,"minecraft:crimson_roots":1,"minecraft:orange_shulker_box":1,"minecraft:redstone_wire":33,"minecraft:moss_block":10,"minecraft:andesite":335,"minecraft:big_dripleaf_stem":1,"minecraft:cobblestone_slab":4,"minecraft:rail":1,"minecraft:warped_stem":1,"minecraft:cake":2,"minecraft:ender_chest":3,"minecraft:glass_pane":78,"minecraft:comparator":7,"minecraft:stone_brick_slab":13,"minecraft:cobbled_deepslate_wall":1,"minecraft:warped_roots":11,"minecraft:campfire":2,"minecraft:tall_grass":11,"minecraft:copper_ore":76,"minecraft:deepslate_gold_ore":289,"minecraft:diorite":1024,"minecraft:warped_wart_block":13,"minecraft:light_blue_bed":2,"minecraft:cobblestone_wall":32,"minecraft:dark_oak_wall_sign":1,"minecraft:spruce_log":41,"minecraft:birch_leaves":1,"minecraft:mycelium":394,"minecraft:sunflower":26,"minecraft:gravel":326,"minecraft:gold_ore":39,"minecraft:chipped_anvil":1,"minecraft:spruce_planks":147,"minecraft:oak_sapling":2,"minecraft:jungle_slab":1,"minecraft:cobblestone_stairs":9,"minecraft:brewing_stand":1,"minecraft:cave_vines_plant":1,"minecraft:budding_amethyst":12,"minecraft:grass_block":456,"minecraft:raw_iron_block":1,"minecraft:glowstone":14,"minecraft:iron_ore":184,"minecraft:anvil":1,"minecraft:iron_bars":17,"minecraft:birch_wall_sign":1,"minecraft:deepslate_redstone_ore":124,"minecraft:blackstone":695,"minecraft:twisting_vines_plant":14,"minecraft:clay":5,"minecraft:calcite":91,"minecraft:chest":18,"minecraft:mushroom_stem":10,"minecraft:nether_quartz_ore":18,"minecraft:cobblestone":571,"minecraft:prismarine":135,"minecraft:oak_planks":6,"minecraft:iron_door":3,"minecraft:wall_torch":43,"minecraft:seagrass":7,"minecraft:warped_nylium":89,"minecraft:dark_oak_door":6,"minecraft:smooth_stone_slab":5,"minecraft:oak_log":187,"minecraft:sand":1400,"minecraft:dirt":1688,"minecraft:netherrack":3228,"minecraft:ancient_debris":100,"minecraft:oak_leaves":65,"minecraft:nether_gold_ore":57,"minecraft:tuff":687,"minecraft:diamond_ore":11,"minecraft:crying_obsidian":30,"minecraft:deepslate_diamond_ore":840,"minecraft:glow_lichen":3,"minecraft:lever":10,"minecraft:ladder":20,"minecraft:spruce_leaves":51,"minecraft:sandstone":18,"minecraft:spore_blossom":2,"minecraft:furnace":7,"minecraft:nether_sprouts":2,"minecraft:bell":2,"minecraft:bookshelf":1,"minecraft:deepslate_iron_ore":195,"minecraft:shroomlight":8,"minecraft:lantern":2,"minecraft:stone":7970,"minecraft:yellow_shulker_box":8,"minecraft:podzol":1,"minecraft:scaffolding":27,"minecraft:flowering_azalea":12,"minecraft:red_wool":2,"minecraft:stripped_dark_oak_log":3,"minecraft:basalt":3601,"minecraft:spruce_door":1,"minecraft:oak_fence":68,"minecraft:crafting_table":15,"minecraft:honey_block":3,"minecraft:lectern":2,"minecraft:lapis_ore":15,"minecraft:spruce_stairs":129,"minecraft:prismarine_bricks":18,"minecraft:white_wall_banner":2,"minecraft:bee_nest":1,"minecraft:coal_ore":157},"minecraft:used":{"minecraft:moss_block":16,"minecraft:orange_dye":1,"minecraft:writable_book":11,"minecraft:ladder":58,"minecraft:chest":88,"minecraft:white_shulker_box":4,"minecraft:soul_sand":1,"minecraft:spruce_boat":9,"minecraft:honey_block":2,"minecraft:lava_bucket":11,"minecraft:red_wool":2,"minecraft:grass_block":255,"minecraft:bow":596,"minecraft:dark_oak_boat":8,"minecraft:sweet_berries":4,"minecraft:oak_sapling":34,"minecraft:furnace":28,"minecraft:egg":3,"minecraft:diorite":84,"minecraft:spruce_door":1,"minecraft:chorus_fruit":2,"minecraft:prismarine":156,"minecraft:blackstone":58,"minecraft:jungle_boat":21,"minecraft:golden_apple":43,"minecraft:blue_dye":1,"minecraft:sand":131,"minecraft:cyan_dye":4,"minecraft:crying_obsidian":111,"minecraft:lectern":3,"minecraft:spore_blossom":1,"minecraft:diamond_sword":612,"minecraft:smithing_table":2,"minecraft:oak_boat":1,"minecraft:oak_trapdoor":1,"minecraft:enchanting_table":1,"minecraft:iron_bars":25,"minecraft:armor_stand":23,"minecraft:mycelium":141,"minecraft:netherrack":554,"minecraft:torch":281,"minecraft:brewing_stand":2,"minecraft:warped_wart_block":5,"minecraft:anvil":5,"minecraft:light_blue_dye":19,"minecraft:twisting_vines":98,"minecraft:golden_shovel":1,"minecraft:shroomlight":9,"minecraft:sea_lantern":35,"minecraft:flowering_azalea":11,"minecraft:chipped_anvil":1,"minecraft:iron_axe":81,"minecraft:iron_block":311,"minecraft:lime_dye":2,"minecraft:totem_of_undying":10,"minecraft:barrel":53,"minecraft:smooth_basalt":2,"minecraft:basalt":771,"minecraft:glowstone":10,"minecraft:cobbled_deepslate":1929,"minecraft:magenta_dye":2,"minecraft:water_bucket":260,"minecraft:yellow_shulker_box":6,"minecraft:cauldron":2,"minecraft:glow_ink_sac":51,"minecraft:conduit":4,"minecraft:comparator":9,"minecraft:oak_slab":2,"minecraft:crafting_table":23,"minecraft:birch_sign":3,"minecraft:campfire":4,"minecraft:cake":5,"minecraft:spruce_log":26,"minecraft:oak_log":9,"minecraft:amethyst_cluster":20,"minecraft:yellow_dye":1,"minecraft:diamond_pickaxe":25328,"minecraft:diamond_shovel":3873,"minecraft:sunflower":6,"minecraft:iron_pickaxe":3529,"minecraft:spruce_trapdoor":1,"minecraft:spruce_sapling":2,"minecraft:pink_bed":2,"minecraft:cobblestone":1352,"minecraft:potion":16,"minecraft:glass_pane":247,"minecraft:jukebox":3,"minecraft:iron_shovel":19,"minecraft:oak_sign":114,"minecraft:shield":24,"minecraft:iron_sword":97,"minecraft:bell":3,"minecraft:player_head":2,"minecraft:glass":896,"minecraft:lantern":9,"minecraft:dark_oak_wood":1,"minecraft:light_blue_bed":2,"minecraft:item_frame":2,"minecraft:repeater":13,"minecraft:written_book":90,"minecraft:scaffolding":60,"minecraft:dark_oak_stairs":2,"minecraft:diamond_boots":1,"minecraft:wither_skeleton_skull":1,"minecraft:dark_oak_sign":2,"minecraft:oak_planks":16,"minecraft:ender_pearl":1,"minecraft:sandstone":6,"minecraft:diamond_axe":1097,"minecraft:sugar_cane":9,"minecraft:light_blue_wool":1,"minecraft:cobbled_deepslate_stairs":8,"minecraft:sticky_piston":19,"minecraft:lever":21,"minecraft:firework_rocket":860,"minecraft:dark_oak_log":153,"minecraft:bread":4,"minecraft:iron_door":11,"minecraft:deepslate":1,"minecraft:medium_amethyst_bud":9,"minecraft:smooth_stone_slab":5,"minecraft:bone_meal":57,"minecraft:experience_bottle":66,"minecraft:oak_fence":101,"minecraft:trident":799,"minecraft:flint_and_steel":1,"minecraft:stone_shovel":131,"minecraft:redstone":61,"minecraft:spruce_planks":159,"minecraft:ender_chest":10,"minecraft:cooked_chicken":294,"minecraft:oak_door":2,"minecraft:dirt":876,"minecraft:spyglass":16,"minecraft:prismarine_bricks":41,"minecraft:spruce_stairs":369,"minecraft:cobblestone_wall":61,"minecraft:shulker_box":154,"minecraft:bee_nest":1,"minecraft:pink_dye":3,"minecraft:dark_oak_planks":492,"minecraft:bookshelf":29,"minecraft:black_dye":1,"minecraft:stone_pressure_plate":2,"minecraft:cooked_beef":10,"minecraft:red_dye":16,"minecraft:turtle_egg":2,"minecraft:cobbled_deepslate_wall":67,"minecraft:cooked_mutton":149,"minecraft:acacia_boat":2,"minecraft:amethyst_block":226,"minecraft:cobblestone_stairs":162,"minecraft:glass_bottle":6,"minecraft:netherite_chestplate":1,"minecraft:baked_potato":21,"minecraft:brown_mushroom":1,"minecraft:stonecutter":1,"minecraft:cobblestone_slab":4,"minecraft:warped_roots":21,"minecraft:music_disc_cat":8,"minecraft:painting":71,"minecraft:smoker":1,"minecraft:dark_oak_door":9,"minecraft:apple":2,"minecraft:purple_dye":2,"minecraft:cobbled_deepslate_slab":92,"minecraft:white_banner":3,"minecraft:bucket":276,"minecraft:pumpkin_pie":32},"minecraft:custom":{"minecraft:interact_with_crafting_table":468,"minecraft:open_barrel":3711,"minecraft:bell_ring":85,"minecraft:eat_cake_slice":28,"minecraft:leave_game":159,"minecraft:time_since_death":5289474,"minecraft:damage_blocked_by_shield":1500,"minecraft:play_time":9806628,"minecraft:deaths":12,"minecraft:jump":49636,"minecraft:interact_with_furnace":1333,"minecraft:play_record":8,"minecraft:interact_with_cartography_table":3,"minecraft:sleep_in_bed":15,"minecraft:damage_dealt":24097,"minecraft:interact_with_smoker":8,"minecraft:use_cauldron":1,"minecraft:horse_one_cm":177432,"minecraft:interact_with_smithing_table":58,"minecraft:inspect_dropper":23,"minecraft:interact_with_anvil":140,"minecraft:inspect_hopper":4,"minecraft:damage_dealt_absorbed":6,"minecraft:sneak_time":62739,"minecraft:interact_with_lectern":163,"minecraft:total_world_time":9806628,"minecraft:interact_with_stonecutter":7,"minecraft:time_since_rest":919037,"minecraft:swim_one_cm":2624934,"minecraft:fly_one_cm":10101969,"minecraft:open_chest":4061,"minecraft:fall_one_cm":1325950,"minecraft:animals_bred":22,"minecraft:open_shulker_box":860,"minecraft:sprint_one_cm":7787046,"minecraft:drop":280,"minecraft:talked_to_villager":3,"minecraft:interact_with_brewingstand":6,"minecraft:walk_on_water_one_cm":731831,"minecraft:interact_with_loom":1,"minecraft:open_enderchest":792,"minecraft:crouch_one_cm":152212,"minecraft:mob_kills":352,"minecraft:fill_cauldron":2,"minecraft:climb_one_cm":617543,"minecraft:walk_one_cm":21924742,"minecraft:walk_under_water_one_cm":2897684,"minecraft:boat_one_cm":3117487,"minecraft:interact_with_grindstone":2,"minecraft:damage_taken":25124,"minecraft:damage_absorbed":483,"minecraft:minecart_one_cm":56306,"minecraft:pig_one_cm":526,"minecraft:aviate_one_cm":15892227},"minecraft:killed_by":{"minecraft:zombie":1,"minecraft:zombified_piglin":1,"minecraft:creeper":1,"minecraft:drowned":1,"minecraft:player":1,"minecraft:enderman":1,"minecraft:skeleton":1},"minecraft:killed":{"minecraft:cave_spider":8,"minecraft:skeleton":22,"minecraft:skeleton_horse":2,"minecraft:magma_cube":19,"minecraft:zombie":28,"minecraft:glow_squid":45,"minecraft:enderman":1,"minecraft:zombified_piglin":20,"minecraft:spider":10,"minecraft:silverfish":2,"minecraft:creeper":9,"minecraft:slime":4,"minecraft:phantom":99,"minecraft:drowned":25},"minecraft:crafted":{"minecraft:smooth_stone":6,"minecraft:oak_sign":60,"minecraft:chain":25,"minecraft:lever":12,"minecraft:diamond_shovel":2,"minecraft:bookshelf":1,"minecraft:cooked_mutton":64,"minecraft:shulker_box":1,"minecraft:iron_bars":32,"minecraft:glass":1229,"minecraft:diamond_helmet":3,"minecraft:diamond_leggings":3,"minecraft:netherite_boots":6,"minecraft:stone_pressure_plate":2,"minecraft:iron_door":15,"minecraft:glass_bottle":3,"minecraft:deepslate":2,"minecraft:diamond_axe":2,"minecraft:spruce_door":3,"minecraft:smithing_table":1,"minecraft:cobbled_deepslate_wall":168,"minecraft:copper_ingot":345,"minecraft:sticky_piston":5,"minecraft:lectern":1,"minecraft:stone_slab":6,"minecraft:iron_pickaxe":5,"minecraft:iron_block":18,"minecraft:gold_ingot":613,"minecraft:sandstone":3,"minecraft:netherite_ingot":31,"minecraft:golden_carrot":474,"minecraft:stone_shovel":1,"minecraft:smooth_stone_slab":12,"minecraft:jukebox":2,"minecraft:iron_nugget":126,"minecraft:bone_meal":891,"minecraft:lantern":7,"minecraft:netherite_axe":2,"minecraft:dark_oak_fence":3,"minecraft:spruce_stairs":304,"minecraft:ladder":84,"minecraft:spruce_slab":6,"minecraft:diamond_boots":3,"minecraft:cobbled_deepslate_stairs":8,"minecraft:spruce_boat":3,"minecraft:dark_oak_planks":508,"minecraft:lead":2,"minecraft:netherite_pickaxe":3,"minecraft:enchanting_table":1,"minecraft:glowstone":10,"minecraft:golden_apple":1,"minecraft:iron_shovel":1,"minecraft:iron_leggings":2,"minecraft:armor_stand":6,"minecraft:oak_planks":1280,"minecraft:cobblestone_slab":24,"minecraft:barrel":30,"minecraft:dark_oak_boat":1,"minecraft:stone":64,"minecraft:cobblestone_stairs":220,"minecraft:dark_oak_door":3,"minecraft:iron_boots":1,"minecraft:comparator":2,"minecraft:chest":74,"minecraft:netherite_helmet":6,"minecraft:oak_fence":78,"minecraft:smoker":1,"minecraft:oak_slab":90,"minecraft:item_frame":4,"minecraft:cauldron":2,"minecraft:crafting_table":14,"minecraft:spruce_planks":640,"minecraft:baked_potato":11786,"minecraft:iron_helmet":1,"minecraft:brewing_stand":1,"minecraft:spruce_trapdoor":2,"minecraft:dark_oak_slab":6,"minecraft:iron_chestplate":2,"minecraft:diamond_pickaxe":1,"minecraft:charcoal":52,"minecraft:shield":3,"minecraft:stick":512,"minecraft:iron_ingot":615,"minecraft:redstone_torch":7,"minecraft:oak_door":3,"minecraft:cobbled_deepslate_slab":96,"minecraft:coal":1494,"minecraft:netherite_sword":6,"minecraft:furnace":25,"minecraft:piston":5,"minecraft:dark_oak_sign":6,"minecraft:oak_trapdoor":2,"minecraft:glass_pane":336,"minecraft:diamond_block":2,"minecraft:flint_and_steel":1,"minecraft:netherite_chestplate":5,"minecraft:netherite_leggings":7,"minecraft:iron_axe":1,"minecraft:cobblestone_wall":66,"minecraft:netherite_scrap":126,"minecraft:cooked_beef":3,"minecraft:red_dye":9,"minecraft:diamond_sword":2,"minecraft:spruce_sign":6,"minecraft:dark_oak_stairs":8,"minecraft:iron_sword":1,"minecraft:bucket":50,"minecraft:air":0,"minecraft:gold_nugget":3969,"minecraft:stonecutter":1,"minecraft:anvil":3,"minecraft:torch":348,"minecraft:diamond_chestplate":3}},"DataVersion":2975}