{"stats":{"minecraft:mined":{"minecraft:dark_oak_planks":497,"minecraft:potted_pink_tulip":2,"minecraft:red_shulker_box":2,"minecraft:blackstone_stairs":14,"minecraft:white_bed":5,"minecraft:carved_pumpkin":2,"minecraft:obsidian":46,"minecraft:granite":889,"minecraft:stone_brick_wall":2,"minecraft:jungle_log":9,"minecraft:deepslate_bricks":2,"minecraft:deepslate_tile_stairs":24,"minecraft:hopper":18,"minecraft:oak_wall_sign":1,"minecraft:nether_wart":19,"minecraft:tall_seagrass":3,"minecraft:magma_block":15,"minecraft:sticky_piston":2,"minecraft:barrel":3,"minecraft:cobbled_deepslate":56,"minecraft:fire":18,"minecraft:cyan_wall_banner":12,"minecraft:pumpkin":990,"minecraft:deepslate_lapis_ore":209,"minecraft:oak_sign":1,"minecraft:dirt_path":4,"minecraft:deepslate_brick_stairs":2,"minecraft:white_shulker_box":1,"minecraft:iron_block":423,"minecraft:blue_orchid":1,"minecraft:white_banner":3,"minecraft:player_head":18,"minecraft:tripwire":1,"minecraft:kelp_plant":104,"minecraft:player_wall_head":6,"minecraft:smoker":11,"minecraft:amethyst_cluster":2,"minecraft:deepslate_tile_slab":32,"minecraft:blue_stained_glass":9,"minecraft:note_block":29,"minecraft:torch":83,"minecraft:dark_oak_wood":1,"minecraft:melon":171,"minecraft:spruce_wall_sign":40,"minecraft:glass":33,"minecraft:sugar_cane":73,"minecraft:damaged_anvil":1,"minecraft:spruce_sign":21,"minecraft:amethyst_block":14,"minecraft:white_terracotta":2,"minecraft:cyan_wool":1,"minecraft:repeater":10,"minecraft:tinted_glass":13,"minecraft:wheat":636,"minecraft:lilac":1,"minecraft:black_bed":3,"minecraft:stone_brick_stairs":89,"minecraft:grass":58,"minecraft:smooth_basalt":41,"minecraft:red_mushroom_block":47,"minecraft:stonecutter":7,"minecraft:piston":24,"minecraft:deepslate":39721,"minecraft:deepslate_tiles":1442,"minecraft:light_blue_wool":1,"minecraft:mossy_cobblestone":4,"minecraft:dark_oak_log":292,"minecraft:sea_lantern":23,"minecraft:shulker_box":321,"minecraft:birch_fence_gate":6,"minecraft:dark_oak_fence":1,"minecraft:cobbled_deepslate_slab":30,"minecraft:spruce_fence":38,"minecraft:orange_shulker_box":42,"minecraft:redstone_wire":59,"minecraft:lime_wool":24,"minecraft:kelp":19,"minecraft:moss_block":2,"minecraft:redstone_ore":23,"minecraft:snow":884,"minecraft:andesite":1721,"minecraft:diamond_block":97,"minecraft:potatoes":363,"minecraft:rail":19,"minecraft:bone_block":10,"minecraft:white_wool":1,"minecraft:green_wool":11,"minecraft:ender_chest":402,"minecraft:birch_stairs":19,"minecraft:redstone_block":1,"minecraft:comparator":7,"minecraft:soul_sand":34,"minecraft:observer":16,"minecraft:cornflower":5,"minecraft:cobbled_deepslate_wall":64,"minecraft:spruce_button":3,"minecraft:emerald_ore":2,"minecraft:dropper":16,"minecraft:tall_grass":13,"minecraft:copper_ore":200,"minecraft:deepslate_gold_ore":632,"minecraft:diorite":1230,"minecraft:dark_oak_wall_sign":6,"minecraft:white_carpet":51,"minecraft:spruce_log":886,"minecraft:birch_leaves":13,"minecraft:dark_oak_sign":3,"minecraft:mycelium":432,"minecraft:sunflower":1,"minecraft:gravel":10162,"minecraft:cobweb":15,"minecraft:birch_sign":4,"minecraft:stone_bricks":291,"minecraft:gold_ore":37,"minecraft:chipped_anvil":2,"minecraft:deepslate_emerald_ore":2,"minecraft:iron_trapdoor":46,"minecraft:fern":5,"minecraft:black_shulker_box":1,"minecraft:spruce_planks":484,"minecraft:stone_pressure_plate":5,"minecraft:farmland":37,"minecraft:jungle_slab":12,"minecraft:brewing_stand":2,"minecraft:spruce_trapdoor":32,"minecraft:grass_block":2407,"minecraft:warped_sign":1,"minecraft:smooth_stone":4,"minecraft:raw_iron_block":5,"minecraft:iron_ore":393,"minecraft:black_carpet":6,"minecraft:anvil":5,"minecraft:birch_wall_sign":15,"minecraft:azalea":1,"minecraft:spruce_slab":66,"minecraft:deepslate_redstone_ore":3052,"minecraft:brown_shulker_box":29,"minecraft:blackstone":30,"minecraft:clay":546,"minecraft:calcite":51,"minecraft:poppy":10,"minecraft:beacon":2,"minecraft:chest":80,"minecraft:mushroom_stem":18,"minecraft:nether_quartz_ore":276,"minecraft:cobblestone":762,"minecraft:prismarine":13,"minecraft:oak_planks":6,"minecraft:wall_torch":88,"minecraft:cauldron":2,"minecraft:deepslate_copper_ore":25,"minecraft:magenta_shulker_box":9,"minecraft:seagrass":5,"minecraft:powered_rail":9,"minecraft:dark_oak_slab":2,"minecraft:yellow_wool":33,"minecraft:birch_log":349,"minecraft:birch_trapdoor":6,"minecraft:blue_ice":40,"minecraft:tnt":1,"minecraft:smooth_stone_slab":55,"minecraft:oak_log":46,"minecraft:sand":1481,"minecraft:dirt":6805,"minecraft:potted_red_tulip":1,"minecraft:dispenser":3,"minecraft:netherrack":2609,"minecraft:oak_leaves":9,"minecraft:emerald_block":28,"minecraft:redstone_lamp":2,"minecraft:nether_gold_ore":23,"minecraft:tuff":4317,"minecraft:crying_obsidian":62,"minecraft:red_carpet":30,"minecraft:pink_carpet":2,"minecraft:quartz_stairs":3,"minecraft:dark_oak_leaves":14,"minecraft:deepslate_diamond_ore":779,"minecraft:oak_door":1,"minecraft:gray_shulker_box":5,"minecraft:lever":2,"minecraft:stone_button":13,"minecraft:cyan_banner":17,"minecraft:birch_slab":358,"minecraft:spruce_leaves":213,"minecraft:sandstone":283,"minecraft:rooted_dirt":96,"minecraft:oak_trapdoor":1,"minecraft:furnace":6,"minecraft:spruce_sapling":1,"minecraft:carrots":187,"minecraft:polished_basalt":2,"minecraft:light_gray_shulker_box":1,"minecraft:stripped_spruce_log":24,"minecraft:gold_block":2,"minecraft:polished_deepslate":27,"minecraft:bookshelf":52,"minecraft:deepslate_iron_ore":297,"minecraft:lantern":1,"minecraft:stripped_oak_log":48,"minecraft:packed_ice":3840,"minecraft:wet_sponge":12,"minecraft:stone":23967,"minecraft:yellow_shulker_box":3,"minecraft:redstone_wall_torch":19,"minecraft:podzol":7,"minecraft:scaffolding":75,"minecraft:red_wool":78,"minecraft:snow_block":2,"minecraft:basalt":80,"minecraft:spruce_door":2,"minecraft:crafting_table":73,"minecraft:lime_carpet":6,"minecraft:lectern":6,"minecraft:stone_slab":16,"minecraft:quartz_bricks":1,"minecraft:lapis_ore":61,"minecraft:blue_bed":1,"minecraft:spruce_stairs":81,"minecraft:birch_planks":22,"minecraft:cactus":6,"minecraft:green_shulker_box":1,"minecraft:redstone_torch":11,"minecraft:sweet_berry_bush":1,"minecraft:ice":223,"minecraft:white_wall_banner":1,"minecraft:black_wool":9,"minecraft:coal_ore":517,"minecraft:flower_pot":4,"minecraft:gray_carpet":1,"minecraft:cracked_stone_bricks":1,"minecraft:polished_andesite":5,"minecraft:birch_fence":1,"minecraft:warped_slab":1},"minecraft:crafted":{"minecraft:ender_chest":1,"minecraft:smooth_stone":148,"minecraft:oak_sign":6,"minecraft:blaze_powder":12,"minecraft:birch_slab":894,"minecraft:lever":101,"minecraft:bookshelf":22,"minecraft:nether_brick":198,"minecraft:shulker_box":2,"minecraft:glass":334,"minecraft:quartz_block":1,"minecraft:repeater":56,"minecraft:birch_fence_gate":4,"minecraft:stone_pressure_plate":1,"minecraft:cyan_banner":166,"minecraft:flower_pot":14,"minecraft:glass_bottle":6,"minecraft:redstone_lamp":14,"minecraft:wooden_shovel":39,"minecraft:cooked_porkchop":8,"minecraft:raw_gold_block":24,"minecraft:spruce_door":3,"minecraft:smithing_table":1,"minecraft:sticky_piston":22,"minecraft:painting":7,"minecraft:lectern":45,"minecraft:stone_slab":6,"minecraft:compass":9,"minecraft:iron_block":82,"minecraft:gold_ingot":324,"minecraft:sandstone":16,"minecraft:composter":8,"minecraft:birch_stairs":32,"minecraft:packed_ice":2,"minecraft:golden_carrot":205,"minecraft:stone_shovel":1,"minecraft:smooth_stone_slab":4,"minecraft:tinted_glass":224,"minecraft:bone_meal":2706,"minecraft:spruce_fence":3,"minecraft:white_carpet":546,"minecraft:netherite_axe":1,"minecraft:diamond":1423,"minecraft:spruce_stairs":112,"minecraft:ladder":12,"minecraft:spruce_slab":456,"minecraft:stone_pickaxe":2,"minecraft:spruce_boat":1,"minecraft:redstone_block":1045,"minecraft:prismarine_slab":6,"minecraft:dark_oak_planks":1524,"minecraft:coal_block":29,"minecraft:netherite_pickaxe":2,"minecraft:dark_oak_button":1,"minecraft:red_carpet":144,"minecraft:glowstone":14,"minecraft:jungle_slab":60,"minecraft:sandstone_wall":1,"minecraft:gray_shulker_box":1,"minecraft:birch_trapdoor":20,"minecraft:wooden_axe":1,"minecraft:writable_book":159,"minecraft:iron_leggings":2,"minecraft:white_bed":1,"minecraft:note_block":115,"minecraft:brick":64,"minecraft:oak_planks":64,"minecraft:cobblestone_slab":6,"minecraft:barrel":18,"minecraft:spruce_pressure_plate":1,"minecraft:hopper":105,"minecraft:stone_brick_slab":2,"minecraft:bow":3,"minecraft:iron_boots":2,"minecraft:written_book":160,"minecraft:comparator":116,"minecraft:chest":200,"minecraft:netherite_helmet":1,"minecraft:jungle_stairs":4,"minecraft:rail":32,"minecraft:stone_hoe":1,"minecraft:ender_eye":9,"minecraft:stone_bricks":13,"minecraft:raw_iron_block":19,"minecraft:smoker":6,"minecraft:white_banner":1,"minecraft:dropper":55,"minecraft:item_frame":24,"minecraft:cauldron":7,"minecraft:crafting_table":15,"minecraft:map":7,"minecraft:spruce_planks":3232,"minecraft:wooden_pickaxe":1,"minecraft:baked_potato":28,"minecraft:iron_helmet":3,"minecraft:birch_pressure_plate":9,"minecraft:gold_block":14,"minecraft:hopper_minecart":5,"minecraft:birch_planks":1728,"minecraft:dispenser":3,"minecraft:tnt":2,"minecraft:spruce_trapdoor":88,"minecraft:emerald_block":14,"minecraft:dark_oak_slab":210,"minecraft:book":90,"minecraft:iron_chestplate":2,"minecraft:paper":381,"minecraft:charcoal":11,"minecraft:shield":3,"minecraft:birch_fence":9,"minecraft:stick":1496,"minecraft:iron_ingot":961,"minecraft:stone_sword":1,"minecraft:snow_block":4,"minecraft:black_bed":1,"minecraft:lime_carpet":9,"minecraft:redstone_torch":533,"minecraft:sponge":9,"minecraft:shears":1,"minecraft:deepslate_tile_slab":22,"minecraft:cobbled_deepslate_slab":66,"minecraft:oak_door":3,"minecraft:coal":135,"minecraft:redstone":2391,"minecraft:raw_iron":171,"minecraft:fishing_rod":1,"minecraft:netherite_sword":1,"minecraft:spruce_button":16,"minecraft:furnace":13,"minecraft:stone_button":3,"minecraft:piston":65,"minecraft:dark_oak_trapdoor":24,"minecraft:dark_oak_sign":12,"minecraft:raw_copper_block":12,"minecraft:diamond_block":234,"minecraft:netherite_chestplate":1,"minecraft:birch_sign":27,"minecraft:minecart":5,"minecraft:observer":96,"minecraft:bone_block":21,"minecraft:spruce_sign":81,"minecraft:iron_trapdoor":1,"minecraft:powered_rail":6,"minecraft:nether_bricks":48,"minecraft:bucket":35,"minecraft:stone_axe":1,"minecraft:bread":128,"minecraft:air":0,"minecraft:jungle_planks":316,"minecraft:oak_boat":2,"minecraft:white_wool":1,"minecraft:gold_nugget":270,"minecraft:raw_gold":216,"minecraft:netherite_shovel":2,"minecraft:black_carpet":9,"minecraft:anvil":4,"minecraft:stonecutter":3,"minecraft:torch":456,"minecraft:end_crystal":6,"minecraft:lapis_lazuli":162,"minecraft:lapis_block":116},"minecraft:custom":{"minecraft:interact_with_crafting_table":913,"minecraft:open_barrel":1613,"minecraft:bell_ring":179,"minecraft:eat_cake_slice":9,"minecraft:leave_game":200,"minecraft:time_since_death":11332367,"minecraft:damage_blocked_by_shield":2245,"minecraft:play_time":11332367,"minecraft:jump":152220,"minecraft:enchant_item":3,"minecraft:interact_with_furnace":433,"minecraft:traded_with_villager":12,"minecraft:sleep_in_bed":96,"minecraft:damage_dealt":89867,"minecraft:interact_with_smoker":223,"minecraft:use_cauldron":13,"minecraft:inspect_dispenser":67,"minecraft:horse_one_cm":141194,"minecraft:interact_with_smithing_table":19,"minecraft:inspect_dropper":599,"minecraft:interact_with_anvil":52,"minecraft:inspect_hopper":291,"minecraft:target_hit":2,"minecraft:sneak_time":826686,"minecraft:interact_with_lectern":143,"minecraft:interact_with_blast_furnace":4,"minecraft:total_world_time":11332367,"minecraft:tune_noteblock":739,"minecraft:interact_with_stonecutter":97,"minecraft:time_since_rest":117715,"minecraft:swim_one_cm":3230442,"minecraft:fly_one_cm":40887174,"minecraft:open_chest":7622,"minecraft:fall_one_cm":4349466,"minecraft:animals_bred":35,"minecraft:open_shulker_box":1893,"minecraft:damage_resisted":1486,"minecraft:sprint_one_cm":32928388,"minecraft:drop":2637,"minecraft:play_noteblock":254,"minecraft:talked_to_villager":19,"minecraft:interact_with_brewingstand":4,"minecraft:walk_on_water_one_cm":1041855,"minecraft:open_enderchest":1600,"minecraft:interact_with_beacon":8,"minecraft:player_kills":3,"minecraft:crouch_one_cm":3319005,"minecraft:mob_kills":1720,"minecraft:fill_cauldron":7,"minecraft:climb_one_cm":226856,"minecraft:walk_one_cm":31694034,"minecraft:walk_under_water_one_cm":3451549,"minecraft:boat_one_cm":16888205,"minecraft:pot_flower":9,"minecraft:interact_with_grindstone":1,"minecraft:damage_taken":28049,"minecraft:damage_absorbed":80,"minecraft:minecart_one_cm":6416,"minecraft:pig_one_cm":187,"minecraft:aviate_one_cm":24423967},"minecraft:killed":{"minecraft:cave_spider":1,"minecraft:skeleton":536,"minecraft:guardian":4,"minecraft:chicken":10,"minecraft:skeleton_horse":1,"minecraft:magma_cube":40,"minecraft:zombie":142,"minecraft:glow_squid":6,"minecraft:cow":1,"minecraft:endermite":1,"minecraft:rabbit":1,"minecraft:polar_bear":1,"minecraft:enderman":10,"minecraft:zombified_piglin":1,"minecraft:witch":4,"minecraft:spider":32,"minecraft:piglin":8,"minecraft:pig":8,"minecraft:zombie_villager":3,"minecraft:creeper":54,"minecraft:sheep":3,"minecraft:ghast":7,"minecraft:stray":1,"minecraft:blaze":7,"minecraft:slime":53,"minecraft:phantom":64,"minecraft:drowned":8,"minecraft:bat":1,"minecraft:squid":47,"minecraft:wither_skeleton":1},"minecraft:picked_up":{"minecraft:iron_chestplate":1,"minecraft:flower_pot":8,"minecraft:chainmail_boots":1,"minecraft:anvil":6,"minecraft:prismarine_shard":23,"minecraft:stone_slab":19,"minecraft:diamond_sword":3,"minecraft:enchanted_book":16,"minecraft:brewing_stand":12,"minecraft:golden_sword":7,"minecraft:amethyst_block":11,"minecraft:polished_deepslate":29,"minecraft:string":535,"minecraft:cooked_salmon":3,"minecraft:diamond_leggings":1,"minecraft:gold_nugget":65,"minecraft:cobbled_deepslate":9856,"minecraft:spruce_planks":582,"minecraft:written_book":66,"minecraft:warped_slab":1,"minecraft:melon_slice":11,"minecraft:golden_helmet":4,"minecraft:pink_carpet":3,"minecraft:deepslate_tile_stairs":24,"minecraft:golden_chestplate":8,"minecraft:gray_shulker_box":5,"minecraft:cauldron":2,"minecraft:rabbit_foot":1,"minecraft:stone_sword":1,"minecraft:lime_carpet":6,"minecraft:light_blue_wool":2,"minecraft:polished_basalt":2,"minecraft:carved_pumpkin":3,"minecraft:blue_dye":2,"minecraft:red_tulip":1,"minecraft:iron_block":594,"minecraft:glowstone":1,"minecraft:bookshelf":23,"minecraft:white_terracotta":66,"minecraft:netherite_chestplate":2,"minecraft:blaze_rod":13,"minecraft:blackstone_stairs":16,"minecraft:snowball":582,"minecraft:sponge":3,"minecraft:birch_log":502,"minecraft:magma_block":12,"minecraft:feather":429,"minecraft:cooked_beef":62,"minecraft:birch_slab":472,"minecraft:water_bucket":8,"minecraft:jungle_log":72,"minecraft:dark_oak_boat":1,"minecraft:smoker":4,"minecraft:flint":1279,"minecraft:purple_stained_glass":2,"minecraft:netherite_leggings":3,"minecraft:lantern":1,"minecraft:twisting_vines":65,"minecraft:chipped_anvil":2,"minecraft:stonecutter":7,"minecraft:dark_oak_sign":10,"minecraft:diamond_helmet":3,"minecraft:moss_block":1,"minecraft:dropper":16,"minecraft:birch_fence_gate":6,"minecraft:stripped_spruce_log":22,"minecraft:ink_sac":320,"minecraft:dark_oak_log":283,"minecraft:red_terracotta":2,"minecraft:barrel":6,"minecraft:quartz_bricks":1,"minecraft:iron_hoe":1,"minecraft:polished_andesite":5,"minecraft:dispenser":3,"minecraft:deepslate":13793,"minecraft:lever":4,"minecraft:writable_book":135,"minecraft:deepslate_gold_ore":409,"minecraft:blue_ice":47,"minecraft:granite":871,"minecraft:spruce_button":3,"minecraft:bread":257,"minecraft:rooted_dirt":68,"minecraft:diamond_pickaxe":13,"minecraft:spruce_leaves":145,"minecraft:crafting_table":77,"minecraft:bee_nest":1,"minecraft:nether_wart":60,"minecraft:clay_ball":800,"minecraft:redstone_lamp":2,"minecraft:leather_leggings":2,"minecraft:cornflower":16,"minecraft:elytra":6,"minecraft:snow":918,"minecraft:netherite_scrap":5,"minecraft:white_carpet":50,"minecraft:iron_shovel":1,"minecraft:netherite_sword":8,"minecraft:deepslate_diamond_ore":327,"minecraft:cyan_wool":1,"minecraft:iron_nugget":496,"minecraft:poppy":19,"minecraft:spruce_slab":75,"minecraft:minecart":2,"minecraft:quartz_stairs":3,"minecraft:chest":84,"minecraft:birch_sapling":68,"minecraft:piston":30,"minecraft:diamond_hoe":2,"minecraft:egg":99,"minecraft:copper_ore":136,"minecraft:lime_shulker_box":1,"minecraft:sandstone":687,"minecraft:stone":15266,"minecraft:oak_door":1,"minecraft:amethyst_cluster":2,"minecraft:spruce_fence":47,"minecraft:fire_charge":158,"minecraft:white_dye":1,"minecraft:cake":1,"minecraft:carrot":671,"minecraft:mushroom_stem":21,"minecraft:redstone":8297,"minecraft:netherite_pickaxe":23,"minecraft:prismarine_crystals":6,"minecraft:jungle_sign":1,"minecraft:tnt":1,"minecraft:stone_shovel":2,"minecraft:diamond_chestplate":1,"minecraft:cooked_cod":49,"minecraft:beetroot_seeds":4,"minecraft:deepslate_bricks":2,"minecraft:shears":1,"minecraft:diamond_boots":2,"minecraft:warped_sign":1,"minecraft:gold_ingot":2500,"minecraft:totem_of_undying":56,"minecraft:white_shulker_box":1,"minecraft:rail":21,"minecraft:white_wool":106,"minecraft:bone_block":10,"minecraft:emerald_ore":2,"minecraft:lapis_ore":37,"minecraft:stripped_oak_log":49,"minecraft:birch_leaves":20,"minecraft:yellow_shulker_box":4,"minecraft:fern":2,"minecraft:red_mushroom_block":47,"minecraft:filled_map":7,"minecraft:oak_log":48,"minecraft:lily_pad":10,"minecraft:jungle_button":2,"minecraft:golden_boots":7,"minecraft:blue_bed":1,"minecraft:white_banner":4,"minecraft:apple":16,"minecraft:stone_bricks":600,"minecraft:kelp":829,"minecraft:warped_stem":1,"minecraft:yellow_stained_glass":2,"minecraft:music_disc_far":1,"minecraft:iron_ore":248,"minecraft:cobweb":14,"minecraft:glass_bottle":10,"minecraft:iron_sword":7,"minecraft:dark_oak_slab":2,"minecraft:white_stained_glass_pane":2,"minecraft:smooth_basalt":34,"minecraft:milk_bucket":2,"minecraft:sweet_berries":153,"minecraft:red_wool":142,"minecraft:gravel":4567,"minecraft:birch_stairs":18,"minecraft:spruce_sapling":40,"minecraft:spruce_log":1093,"minecraft:crying_obsidian":275,"minecraft:dragon_egg":1,"minecraft:sea_lantern":178,"minecraft:firework_rocket":573,"minecraft:diamond_shovel":5,"minecraft:coal_ore":165,"minecraft:slime_ball":113,"minecraft:stone_axe":2,"minecraft:redstone_ore":10,"minecraft:deepslate_redstone_ore":1717,"minecraft:diamond_axe":5,"minecraft:painting":24,"minecraft:birch_sign":24,"minecraft:baked_potato":151,"minecraft:hopper":15,"minecraft:shulker_shell":160,"minecraft:ender_pearl":79,"minecraft:wheat":485,"minecraft:black_carpet":5,"minecraft:redstone_block":94,"minecraft:ender_chest":438,"minecraft:iron_trapdoor":31,"minecraft:light_gray_shulker_box":1,"minecraft:yellow_wool":33,"minecraft:potion":37,"minecraft:nether_brick":345,"minecraft:stone_brick_stairs":602,"minecraft:raw_copper":395,"minecraft:deepslate_lapis_ore":160,"minecraft:smooth_stone_slab":56,"minecraft:iron_leggings":1,"minecraft:red_candle":1,"minecraft:sticky_piston":2,"minecraft:netherite_ingot":10,"minecraft:experience_bottle":64,"minecraft:oak_sign":4,"minecraft:deepslate_tiles":1589,"minecraft:black_shulker_box":1,"minecraft:smooth_stone":4,"minecraft:comparator":9,"minecraft:bucket":4,"minecraft:dark_oak_leaves":7,"minecraft:red_dye":7,"minecraft:white_tulip":16,"minecraft:redstone_torch":38,"minecraft:calcite":78,"minecraft:azalea":2,"minecraft:iron_pickaxe":3,"minecraft:deepslate_iron_ore":211,"minecraft:iron_boots":2,"minecraft:furnace":7,"minecraft:stick":160,"minecraft:orange_shulker_box":42,"minecraft:birch_trapdoor":6,"minecraft:torch":390,"minecraft:spruce_stairs":82,"minecraft:snow_block":1,"minecraft:porkchop":17,"minecraft:netherite_shovel":13,"minecraft:diorite":638,"minecraft:blue_stained_glass":17,"minecraft:nether_gold_ore":23,"minecraft:cactus":12,"minecraft:rotten_flesh":249,"minecraft:brown_shulker_box":31,"minecraft:green_wool":11,"minecraft:deepslate_copper_ore":18,"minecraft:deepslate_brick_stairs":3,"minecraft:obsidian":115,"minecraft:cobblestone":6932,"minecraft:leather_chestplate":2,"minecraft:lilac":9,"minecraft:magma_cream":19,"minecraft:repeater":10,"minecraft:andesite":1072,"minecraft:black_bed":3,"minecraft:golden_leggings":3,"minecraft:beacon":6,"minecraft:potato":1951,"minecraft:magenta_dye":1,"minecraft:tuff":2136,"minecraft:prismarine_bricks":1,"minecraft:dirt":9423,"minecraft:green_shulker_box":2,"minecraft:lapis_lazuli":1001,"minecraft:name_tag":11,"minecraft:leather_boots":1,"minecraft:glass":410,"minecraft:bone":949,"minecraft:cobbled_deepslate_wall":113,"minecraft:bow":59,"minecraft:orange_tulip":5,"minecraft:wheat_seeds":1699,"minecraft:bell":64,"minecraft:raw_gold":463,"minecraft:cobbled_deepslate_slab":42,"minecraft:netherite_axe":7,"minecraft:powered_rail":3,"minecraft:prismarine":72,"minecraft:oak_planks":8,"minecraft:stone_hoe":1,"minecraft:ghast_tear":10,"minecraft:cooked_porkchop":102,"minecraft:axolotl_bucket":2,"minecraft:poisonous_potato":4,"minecraft:jungle_planks":26,"minecraft:sand":2560,"minecraft:melon":171,"minecraft:grass_block":733,"minecraft:diamond_block":323,"minecraft:spectral_arrow":562,"minecraft:jungle_slab":22,"minecraft:shulker_box":334,"minecraft:sugar":3,"minecraft:clay":327,"minecraft:diamond":1701,"minecraft:spruce_boat":402,"minecraft:netherite_helmet":2,"minecraft:crossbow":1,"minecraft:bone_meal":10,"minecraft:golden_apple":2,"minecraft:spruce_sign":67,"minecraft:emerald":39,"minecraft:netherrack":2427,"minecraft:oak_leaves":7,"minecraft:fishing_rod":5,"minecraft:splash_potion":11,"minecraft:chicken":1,"minecraft:brown_mushroom":18,"minecraft:packed_ice":4000,"minecraft:cooked_rabbit":33,"minecraft:pink_wool":1,"minecraft:stone_brick_wall":5,"minecraft:gold_block":3,"minecraft:brick":4,"minecraft:shield":3,"minecraft:oak_trapdoor":1,"minecraft:moss_carpet":4,"minecraft:iron_axe":1,"minecraft:item_frame":13,"minecraft:mycelium":183,"minecraft:birch_fence":1,"minecraft:blackstone":1231,"minecraft:blue_orchid":1,"minecraft:oak_boat":126,"minecraft:player_head":62,"minecraft:observer":18,"minecraft:lectern":7,"minecraft:tinted_glass":15,"minecraft:sugar_cane":173,"minecraft:phantom_membrane":98,"minecraft:spruce_trapdoor":35,"minecraft:dark_oak_sapling":1,"minecraft:lime_wool":101,"minecraft:raw_iron":558,"minecraft:copper_ingot":2,"minecraft:note_block":34,"minecraft:stone_button":17,"minecraft:magenta_shulker_box":9,"minecraft:trident":19,"minecraft:stone_pressure_plate":5,"minecraft:dark_oak_planks":473,"minecraft:arrow":893,"minecraft:red_shulker_box":2,"minecraft:pumpkin_pie":486,"minecraft:pink_tulip":2,"minecraft:saddle":1,"minecraft:wet_sponge":15,"minecraft:netherite_boots":3,"minecraft:jungle_boat":18,"minecraft:basalt":7,"minecraft:golden_carrot":108,"minecraft:glow_ink_sac":55,"minecraft:leather":447,"minecraft:birch_planks":25,"minecraft:ice":155,"minecraft:gunpowder":89,"minecraft:deepslate_tile_slab":37,"minecraft:cooked_mutton":8,"minecraft:red_carpet":52,"minecraft:gray_carpet":4,"minecraft:deepslate_emerald_ore":2,"minecraft:iron_ingot":218,"minecraft:cooked_chicken":21,"minecraft:soul_sand":95,"minecraft:book":222,"minecraft:scaffolding":172,"minecraft:oak_slab":7,"minecraft:emerald_block":55,"minecraft:nether_quartz_ore":199,"minecraft:pumpkin":1310,"minecraft:stone_brick_slab":7,"minecraft:quartz":410,"minecraft:dandelion":4,"minecraft:raw_iron_block":6,"minecraft:lava_bucket":6,"minecraft:amethyst_shard":2,"minecraft:white_bed":5,"minecraft:gold_ore":29,"minecraft:spider_eye":48,"minecraft:spruce_door":6,"minecraft:cyan_banner":29,"minecraft:pumpkin_seeds":12,"minecraft:iron_helmet":1,"minecraft:terracotta":129,"minecraft:black_wool":538,"minecraft:damaged_anvil":1,"minecraft:dark_oak_wood":1,"minecraft:coal":765,"minecraft:sunflower":1,"minecraft:wooden_axe":1},"minecraft:dropped":{"minecraft:iron_sword":5,"minecraft:piston":8,"minecraft:lapis_lazuli":8,"minecraft:cooked_beef":79,"minecraft:glow_ink_sac":1,"minecraft:glass_bottle":7,"minecraft:diamond":660,"minecraft:crafting_table":3,"minecraft:cooked_porkchop":70,"minecraft:orange_tulip":37,"minecraft:crossbow":1,"minecraft:rooted_dirt":57,"minecraft:elytra":4,"minecraft:rail":1,"minecraft:red_carpet":5,"minecraft:item_frame":3,"minecraft:emerald":2,"minecraft:dirt":342,"minecraft:stone_button":4,"minecraft:writable_book":131,"minecraft:gold_nugget":65,"minecraft:bone_meal":5,"minecraft:sand":226,"minecraft:phantom_membrane":29,"minecraft:iron_pickaxe":2,"minecraft:purple_wool":64,"minecraft:white_wool":1,"minecraft:fishing_rod":5,"minecraft:bone":156,"minecraft:stone_axe":2,"minecraft:emerald_block":11,"minecraft:diamond_block":196,"minecraft:cooked_chicken":6,"minecraft:iron_nugget":420,"minecraft:golden_chestplate":4,"minecraft:cobbled_deepslate":3300,"minecraft:nether_brick":483,"minecraft:wheat":3,"minecraft:netherite_sword":7,"minecraft:birch_sapling":24,"minecraft:obsidian":42,"minecraft:rotten_flesh":144,"minecraft:oak_planks":4,"minecraft:pink_carpet":2,"minecraft:netherite_shovel":12,"minecraft:sea_lantern":41,"minecraft:deepslate_tiles":301,"minecraft:deepslate_copper_ore":1,"minecraft:coal_ore":1,"minecraft:jungle_log":128,"minecraft:leather_boots":1,"minecraft:leather_leggings":2,"minecraft:spruce_slab":8,"minecraft:beef":2,"minecraft:crying_obsidian":195,"minecraft:ghast_tear":3,"minecraft:stone_brick_stairs":576,"minecraft:lectern":1,"minecraft:egg":25,"minecraft:enchanted_book":15,"minecraft:golden_boots":4,"minecraft:iron_ingot":59,"minecraft:wheat_seeds":22,"minecraft:netherite_pickaxe":21,"minecraft:birch_leaves":18,"minecraft:deepslate_redstone_ore":9,"minecraft:tnt":1,"minecraft:deepslate_diamond_ore":6,"minecraft:feather":53,"minecraft:cobbled_deepslate_wall":49,"minecraft:prismarine_crystals":3,"minecraft:cobblestone":1328,"minecraft:iron_helmet":2,"minecraft:book":19,"minecraft:apple":7,"minecraft:granite":313,"minecraft:spruce_door":1,"minecraft:coal":28,"minecraft:golden_apple":2,"minecraft:dark_oak_leaves":7,"minecraft:golden_carrot":41,"minecraft:ink_sac":25,"minecraft:wooden_axe":2,"minecraft:lime_carpet":4,"minecraft:diamond_helmet":2,"minecraft:potion":39,"minecraft:pumpkin":64,"minecraft:white_banner":1,"minecraft:smooth_stone":1,"minecraft:iron_shovel":1,"minecraft:string":459,"minecraft:lily_pad":10,"minecraft:spruce_sapling":5,"minecraft:pink_tulip":32,"minecraft:stone_brick_slab":263,"minecraft:furnace":1,"minecraft:player_head":30,"minecraft:netherite_ingot":5,"minecraft:stone_sword":2,"minecraft:smooth_stone_slab":3,"minecraft:deepslate":7938,"minecraft:stone_shovel":2,"minecraft:experience_bottle":1,"minecraft:chicken":1,"minecraft:iron_boots":2,"minecraft:name_tag":7,"minecraft:cobbled_deepslate_slab":119,"minecraft:shears":1,"minecraft:oak_sign":4,"minecraft:deepslate_lapis_ore":1,"minecraft:pumpkin_seeds":4,"minecraft:diamond_sword":2,"minecraft:spruce_boat":7,"minecraft:stone":2770,"minecraft:spruce_trapdoor":26,"minecraft:spruce_planks":80,"minecraft:diamond_pickaxe":6,"minecraft:wooden_shovel":28,"minecraft:redstone_torch":2,"minecraft:stone_bricks":34,"minecraft:spider_eye":14,"minecraft:sandstone":61,"minecraft:blue_orchid":1,"minecraft:bow":31,"minecraft:magenta_dye":1,"minecraft:red_tulip":32,"minecraft:bell":64,"minecraft:black_wool":64,"minecraft:terracotta":1,"minecraft:gold_ore":1,"minecraft:spruce_sign":14,"minecraft:birch_planks":5,"minecraft:brown_mushroom":12,"minecraft:diamond_axe":3,"minecraft:baked_potato":183,"minecraft:ender_pearl":17,"minecraft:leather":400,"minecraft:jungle_planks":26,"minecraft:red_wool":2,"minecraft:birch_slab":129,"minecraft:flint":532,"minecraft:spruce_leaves":31,"minecraft:deepslate_gold_ore":2,"minecraft:packed_ice":1602,"minecraft:ice":33,"minecraft:jungle_button":1,"minecraft:netherite_scrap":7,"minecraft:cornflower":2,"minecraft:snowball":305,"minecraft:pumpkin_pie":245,"minecraft:axolotl_bucket":1,"minecraft:birch_log":36,"minecraft:gold_ingot":2778,"minecraft:gravel":1833,"minecraft:white_tulip":48,"minecraft:blackstone":1327,"minecraft:spyglass":1,"minecraft:twisting_vines":65,"minecraft:yellow_wool":64,"minecraft:lime_wool":64,"minecraft:diamond_shovel":3,"minecraft:cooked_mutton":3,"minecraft:prismarine":59,"minecraft:mycelium":35,"minecraft:carrot":8,"minecraft:shulker_shell":164,"minecraft:poppy":6,"minecraft:trident":18,"minecraft:leather_chestplate":1,"minecraft:gunpowder":24,"minecraft:cyan_banner":17,"minecraft:stone_brick_wall":1,"minecraft:chest":2,"minecraft:iron_ore":45,"minecraft:arrow":375,"minecraft:quartz":123,"minecraft:scaffolding":43,"minecraft:written_book":104,"minecraft:magenta_wool":265,"minecraft:oak_leaves":2,"minecraft:splash_potion":4,"minecraft:netherrack":175,"minecraft:firework_rocket":152,"minecraft:golden_helmet":2,"minecraft:water_bucket":6,"minecraft:bread":384,"minecraft:lilac":4,"minecraft:deepslate_iron_ore":12,"minecraft:bookshelf":5,"minecraft:netherite_axe":6,"minecraft:prismarine_shard":15,"minecraft:observer":4,"minecraft:spectral_arrow":494,"minecraft:amethyst_block":1,"minecraft:hopper_minecart":1,"minecraft:copper_ingot":2,"minecraft:spruce_stairs":23,"minecraft:stick":218,"minecraft:iron_block":7,"minecraft:deepslate_brick_stairs":1,"minecraft:blue_dye":1,"minecraft:diorite":114,"minecraft:nether_gold_ore":23,"minecraft:brewing_stand":10,"minecraft:torch":242,"minecraft:repeater":3,"minecraft:light_blue_wool":2,"minecraft:melon_slice":11,"minecraft:map":7,"minecraft:fire_charge":140,"minecraft:iron_leggings":1,"minecraft:raw_iron_block":2,"minecraft:cactus":12,"minecraft:bucket":23,"minecraft:redstone_block":207,"minecraft:smooth_basalt":22,"minecraft:redstone":178,"minecraft:polished_deepslate":1,"minecraft:anvil":1,"minecraft:nether_brick_slab":96,"minecraft:kelp":11,"minecraft:sweet_berries":9,"minecraft:ender_chest":13,"minecraft:blaze_rod":7,"minecraft:tuff":999,"minecraft:raw_iron":41,"minecraft:comparator":1,"minecraft:stripped_oak_log":49,"minecraft:totem_of_undying":56,"minecraft:shulker_box":5,"minecraft:red_terracotta":1,"minecraft:netherite_leggings":1,"minecraft:copper_ore":15,"minecraft:snow":56,"minecraft:filled_map":4,"minecraft:shield":4,"minecraft:iron_chestplate":1,"minecraft:andesite":289,"minecraft:pink_wool":128,"minecraft:blue_ice":17,"minecraft:golden_leggings":1,"minecraft:oak_boat":9,"minecraft:golden_sword":11,"minecraft:birch_sign":4,"minecraft:slime_ball":64,"minecraft:spruce_log":161,"minecraft:beacon":1,"minecraft:stone_pickaxe":1,"minecraft:nether_quartz_ore":88,"minecraft:wooden_pickaxe":1,"minecraft:raw_gold":5,"minecraft:magma_cream":10,"minecraft:calcite":32,"minecraft:brick":4},"minecraft:broken":{"minecraft:stone_pickaxe":1,"minecraft:stone_shovel":1},"minecraft:used":{"minecraft:moss_block":1,"minecraft:writable_book":166,"minecraft:dispenser":9,"minecraft:spruce_slab":174,"minecraft:ladder":3,"minecraft:elytra":2,"minecraft:poppy":8,"minecraft:black_carpet":17,"minecraft:chest":232,"minecraft:stone":3158,"minecraft:quartz_stairs":3,"minecraft:soul_sand":17,"minecraft:blue_stained_glass":6,"minecraft:jungle_slab":12,"minecraft:snowball":170,"minecraft:stripped_spruce_log":23,"minecraft:spruce_boat":384,"minecraft:packed_ice":983,"minecraft:lava_bucket":10,"minecraft:netherite_shovel":14269,"minecraft:red_wool":194,"minecraft:grass_block":856,"minecraft:birch_sapling":44,"minecraft:orange_shulker_box":40,"minecraft:dark_oak_slab":4,"minecraft:dark_oak_button":1,"minecraft:pink_wool":5,"minecraft:stone_brick_stairs":251,"minecraft:netherite_boots":5,"minecraft:bow":567,"minecraft:snow":30,"minecraft:sweet_berries":49,"minecraft:furnace":13,"minecraft:egg":31,"minecraft:potato":384,"minecraft:magenta_shulker_box":9,"minecraft:diorite":32,"minecraft:damaged_anvil":1,"minecraft:spruce_door":4,"minecraft:powered_rail":13,"minecraft:prismarine":16,"minecraft:blackstone_stairs":16,"minecraft:blackstone":53,"minecraft:wooden_pickaxe":36,"minecraft:composter":4,"minecraft:jungle_boat":17,"minecraft:sand":298,"minecraft:netherite_helmet":6,"minecraft:deepslate_brick_stairs":2,"minecraft:birch_fence":8,"minecraft:deepslate_tiles":3106,"minecraft:crying_obsidian":415,"minecraft:birch_slab":1020,"minecraft:deepslate_iron_ore":69,"minecraft:stone_button":8,"minecraft:lectern":29,"minecraft:lilac":1,"minecraft:diamond_sword":189,"minecraft:smithing_table":1,"minecraft:birch_log":21,"minecraft:ice":73,"minecraft:oak_boat":115,"minecraft:stone_sword":110,"minecraft:carved_pumpkin":2,"minecraft:mycelium":58,"minecraft:tinted_glass":183,"minecraft:sandstone_wall":1,"minecraft:netherrack":177,"minecraft:torch":647,"minecraft:dragon_egg":1,"minecraft:anvil":9,"minecraft:nether_quartz_ore":83,"minecraft:red_shulker_box":1,"minecraft:sea_lantern":81,"minecraft:chipped_anvil":2,"minecraft:iron_block":607,"minecraft:rooted_dirt":11,"minecraft:spruce_button":16,"minecraft:jungle_log":9,"minecraft:totem_of_undying":1,"minecraft:prismarine_slab":6,"minecraft:barrel":7,"minecraft:smooth_basalt":2,"minecraft:iron_trapdoor":47,"minecraft:observer":55,"minecraft:cobbled_deepslate":415,"minecraft:wheat_seeds":597,"minecraft:water_bucket":439,"minecraft:warped_stem":1,"minecraft:birch_planks":87,"minecraft:yellow_shulker_box":3,"minecraft:lime_wool":52,"minecraft:red_mushroom_block":2,"minecraft:cauldron":6,"minecraft:glow_ink_sac":24,"minecraft:gold_ore":8,"minecraft:deepslate_bricks":2,"minecraft:diamond_block":105,"minecraft:rail":24,"minecraft:comparator":59,"minecraft:crafting_table":85,"minecraft:birch_sign":49,"minecraft:white_bed":4,"minecraft:cake":2,"minecraft:spruce_log":260,"minecraft:mushroom_stem":13,"minecraft:oak_log":27,"minecraft:amethyst_cluster":2,"minecraft:diamond_pickaxe":18876,"minecraft:diamond_shovel":8007,"minecraft:sunflower":1,"minecraft:iron_pickaxe":37,"minecraft:spruce_trapdoor":91,"minecraft:spruce_sapling":29,"minecraft:cobblestone":406,"minecraft:potion":6,"minecraft:cooked_porkchop":29,"minecraft:porkchop":5,"minecraft:kelp":298,"minecraft:moss_carpet":4,"minecraft:bone_block":10,"minecraft:oak_sign":6,"minecraft:polished_basalt":2,"minecraft:shield":34,"minecraft:white_terracotta":2,"minecraft:iron_sword":149,"minecraft:nether_wart":2,"minecraft:player_head":23,"minecraft:spruce_leaves":10,"minecraft:birch_pressure_plate":1,"minecraft:carrot":176,"minecraft:deepslate_tile_slab":94,"minecraft:tuff":21,"minecraft:cyan_wool":2,"minecraft:axolotl_bucket":9,"minecraft:obsidian":40,"minecraft:glass":114,"minecraft:coal_ore":73,"minecraft:lantern":1,"minecraft:green_wool":26,"minecraft:dark_oak_wood":1,"minecraft:hopper_minecart":4,"minecraft:stone_bricks":1524,"minecraft:item_frame":32,"minecraft:deepslate_diamond_ore":321,"minecraft:birch_trapdoor":17,"minecraft:repeater":42,"minecraft:red_carpet":180,"minecraft:redstone_lamp":15,"minecraft:magma_block":2,"minecraft:written_book":68,"minecraft:scaffolding":129,"minecraft:gold_block":7,"minecraft:dark_oak_sapling":1,"minecraft:dropper":30,"minecraft:stone_pickaxe":223,"minecraft:birch_leaves":2,"minecraft:dark_oak_sign":21,"minecraft:gray_carpet":4,"minecraft:oak_planks":9,"minecraft:ender_pearl":53,"minecraft:sandstone":12,"minecraft:redstone_block":1,"minecraft:diamond_axe":814,"minecraft:sugar_cane":119,"minecraft:white_wool":6,"minecraft:netherite_leggings":5,"minecraft:light_blue_wool":1,"minecraft:deepslate_redstone_ore":1391,"minecraft:sponge":12,"minecraft:note_block":99,"minecraft:stone_brick_wall":4,"minecraft:black_bed":4,"minecraft:shears":29,"minecraft:deepslate_lapis_ore":38,"minecraft:redstone_torch":58,"minecraft:sticky_piston":15,"minecraft:lever":7,"minecraft:dark_oak_log":3,"minecraft:firework_rocket":712,"minecraft:bread":64,"minecraft:birch_fence_gate":6,"minecraft:warped_slab":1,"minecraft:gray_shulker_box":5,"minecraft:lime_carpet":7,"minecraft:deepslate":1548,"minecraft:gravel":48,"minecraft:jungle_sign":1,"minecraft:cooked_rabbit":27,"minecraft:andesite":123,"minecraft:smooth_stone_slab":85,"minecraft:air":2,"minecraft:cobweb":14,"minecraft:azalea":2,"minecraft:trident":339,"minecraft:netherite_sword":877,"minecraft:redstone":249,"minecraft:redstone_ore":6,"minecraft:stone_shovel":131,"minecraft:spruce_planks":870,"minecraft:ender_chest":430,"minecraft:brown_shulker_box":30,"minecraft:deepslate_gold_ore":196,"minecraft:stone_hoe":7,"minecraft:cooked_chicken":15,"minecraft:oak_door":1,"minecraft:dirt":4374,"minecraft:white_carpet":1002,"minecraft:hopper":63,"minecraft:spruce_stairs":158,"minecraft:shulker_box":333,"minecraft:raw_iron_block":1,"minecraft:granite":13,"minecraft:pink_carpet":1,"minecraft:spruce_fence":6,"minecraft:iron_hoe":1,"minecraft:wooden_axe":1,"minecraft:dark_oak_planks":1092,"minecraft:bookshelf":52,"minecraft:red_candle":1,"minecraft:iron_boots":1,"minecraft:golden_carrot":379,"minecraft:emerald_block":13,"minecraft:deepslate_tile_stairs":3,"minecraft:minecart":2,"minecraft:netherite_pickaxe":71293,"minecraft:cyan_banner":78,"minecraft:stone_pressure_plate":6,"minecraft:cooked_beef":94,"minecraft:pumpkin":29,"minecraft:quartz_bricks":1,"minecraft:iron_ore":139,"minecraft:snow_block":5,"minecraft:baked_potato":157,"minecraft:glass_bottle":13,"minecraft:polished_andesite":1,"minecraft:netherite_chestplate":4,"minecraft:blue_wool":3,"minecraft:brown_mushroom":6,"minecraft:spruce_sign":115,"minecraft:stonecutter":10,"minecraft:beacon":4,"minecraft:cobblestone_slab":6,"minecraft:painting":31,"minecraft:smoker":18,"minecraft:flower_pot":21,"minecraft:piston":52,"minecraft:apple":1,"minecraft:black_wool":40,"minecraft:netherite_axe":4312,"minecraft:map":1,"minecraft:lapis_ore":10,"minecraft:jungle_stairs":4,"minecraft:stone_slab":30,"minecraft:yellow_wool":57,"minecraft:stone_axe":86,"minecraft:fishing_rod":55,"minecraft:green_shulker_box":1,"minecraft:cobbled_deepslate_slab":95,"minecraft:white_banner":2,"minecraft:bucket":483,"minecraft:pumpkin_pie":987,"minecraft:splash_potion":10,"minecraft:smooth_stone":25,"minecraft:birch_stairs":46}},"DataVersion":3120}