{"stats":{"minecraft:mined":{"minecraft:attached_melon_stem":1,"minecraft:jungle_slab":15,"minecraft:jungle_leaves":50,"minecraft:obsidian":37,"minecraft:granite":118,"minecraft:cave_vines_plant":6,"minecraft:budding_amethyst":1,"minecraft:grass_block":20,"minecraft:jungle_log":731,"minecraft:oak_wall_sign":1,"minecraft:magma_block":2,"minecraft:glowstone":36,"minecraft:cobbled_deepslate":35,"minecraft:iron_ore":334,"minecraft:fire":95,"minecraft:deepslate_lapis_ore":38,"minecraft:cave_vines":13,"minecraft:azalea":1,"minecraft:jungle_trapdoor":2,"minecraft:deepslate_redstone_ore":279,"minecraft:blackstone":91,"minecraft:kelp_plant":27,"minecraft:player_wall_head":1,"minecraft:medium_amethyst_bud":1,"minecraft:amethyst_cluster":25,"minecraft:powder_snow":6,"minecraft:clay":74,"minecraft:torch":27,"minecraft:calcite":11,"minecraft:melon":57,"minecraft:chest":5,"minecraft:nether_quartz_ore":169,"minecraft:cobblestone":19,"minecraft:sugar_cane":290,"minecraft:wall_torch":18,"minecraft:amethyst_block":17,"minecraft:deepslate_copper_ore":38,"minecraft:warped_nylium":2,"minecraft:wheat":256,"minecraft:birch_log":14,"minecraft:grass":309,"minecraft:oak_log":206,"minecraft:sand":6,"minecraft:dirt":65,"minecraft:smooth_basalt":4,"minecraft:netherrack":208,"minecraft:piston":1,"minecraft:oak_leaves":251,"minecraft:deepslate":2729,"minecraft:nether_gold_ore":42,"minecraft:diamond_ore":3,"minecraft:tuff":401,"minecraft:mossy_cobblestone":7,"minecraft:deepslate_diamond_ore":70,"minecraft:glow_lichen":2,"minecraft:jungle_planks":1,"minecraft:spruce_leaves":43,"minecraft:kelp":2,"minecraft:moss_block":12,"minecraft:rooted_dirt":157,"minecraft:redstone_ore":16,"minecraft:furnace":3,"minecraft:carrots":290,"minecraft:snow":15,"minecraft:andesite":59,"minecraft:potatoes":15,"minecraft:deepslate_iron_ore":201,"minecraft:vine":45,"minecraft:bamboo":922,"minecraft:stone":1023,"minecraft:podzol":93,"minecraft:scaffolding":95,"minecraft:flowering_azalea":1,"minecraft:snow_block":2,"minecraft:basalt":236,"minecraft:crafting_table":20,"minecraft:copper_ore":230,"minecraft:tall_grass":13,"minecraft:deepslate_gold_ore":123,"minecraft:lapis_ore":37,"minecraft:diorite":131,"minecraft:big_dripleaf":1,"minecraft:spruce_log":43,"minecraft:birch_leaves":5,"minecraft:jungle_fence":9,"minecraft:coal_ore":187,"minecraft:gravel":80,"minecraft:birch_sign":1,"minecraft:gold_ore":40,"minecraft:fern":122},"minecraft:picked_up":{"minecraft:iron_chestplate":1,"minecraft:wheat":244,"minecraft:diamond_sword":1,"minecraft:enchanted_book":2,"minecraft:amethyst_block":16,"minecraft:string":21,"minecraft:raw_copper":1007,"minecraft:iron_leggings":1,"minecraft:pufferfish":6,"minecraft:gold_nugget":327,"minecraft:cobbled_deepslate":2200,"minecraft:bucket":1,"minecraft:calcite":10,"minecraft:azalea":2,"minecraft:iron_pickaxe":4,"minecraft:enchanted_golden_apple":1,"minecraft:melon_slice":305,"minecraft:iron_boots":1,"minecraft:furnace":3,"minecraft:golden_helmet":1,"minecraft:stick":264,"minecraft:big_dripleaf":1,"minecraft:torch":94,"minecraft:porkchop":3,"minecraft:dried_kelp":6,"minecraft:diorite":123,"minecraft:stone_sword":1,"minecraft:rotten_flesh":74,"minecraft:tropical_fish":2,"minecraft:obsidian":37,"minecraft:cod":30,"minecraft:snowball":23,"minecraft:cobblestone":1309,"minecraft:birch_log":13,"minecraft:magma_block":2,"minecraft:cooked_beef":59,"minecraft:magma_cream":1,"minecraft:andesite":49,"minecraft:water_bucket":1,"minecraft:jungle_log":793,"minecraft:golden_leggings":1,"minecraft:potato":66,"minecraft:flint":4,"minecraft:tuff":312,"minecraft:dirt":200,"minecraft:lapis_lazuli":570,"minecraft:name_tag":1,"minecraft:bone":73,"minecraft:bow":4,"minecraft:wheat_seeds":934,"minecraft:raw_gold":207,"minecraft:glowstone_dust":135,"minecraft:bamboo":7512,"minecraft:moss_block":12,"minecraft:ghast_tear":1,"minecraft:music_disc_13":2,"minecraft:jungle_planks":1,"minecraft:sand":23,"minecraft:ink_sac":2,"minecraft:jungle_slab":16,"minecraft:mossy_cobblestone":7,"minecraft:diamond":197,"minecraft:lever":1,"minecraft:granite":70,"minecraft:golden_apple":2,"minecraft:bread":4,"minecraft:rooted_dirt":157,"minecraft:oak_sapling":84,"minecraft:netherrack":184,"minecraft:diamond_pickaxe":1,"minecraft:fishing_rod":3,"minecraft:charcoal":58,"minecraft:crafting_table":19,"minecraft:chicken":1,"minecraft:clay_ball":196,"minecraft:wooden_pickaxe":1,"minecraft:jungle_trapdoor":2,"minecraft:moss_carpet":12,"minecraft:iron_shovel":1,"minecraft:blackstone":88,"minecraft:beef":103,"minecraft:player_head":3,"minecraft:jungle_sapling":28,"minecraft:chest":5,"minecraft:sugar_cane":436,"minecraft:birch_sapling":4,"minecraft:piston":1,"minecraft:egg":3,"minecraft:raw_iron":661,"minecraft:carrot":1176,"minecraft:redstone":1657,"minecraft:iron_horse_armor":1,"minecraft:arrow":78,"minecraft:saddle":3,"minecraft:gold_ingot":3,"minecraft:glow_berries":159,"minecraft:mutton":3,"minecraft:white_wool":8,"minecraft:basalt":231,"minecraft:glow_ink_sac":13,"minecraft:salmon":11,"minecraft:leather":51,"minecraft:jungle_fence":9,"minecraft:red_mushroom":1,"minecraft:birch_planks":5,"minecraft:oak_log":205,"minecraft:lily_pad":1,"minecraft:gunpowder":44,"minecraft:wooden_hoe":1,"minecraft:apple":10,"minecraft:kelp":136,"minecraft:iron_ingot":30,"minecraft:stone_pickaxe":1,"minecraft:iron_sword":1,"minecraft:flowering_azalea":1,"minecraft:scaffolding":97,"minecraft:smooth_basalt":4,"minecraft:birch_boat":4,"minecraft:sweet_berries":59,"minecraft:quartz":330,"minecraft:gravel":88,"minecraft:amethyst_shard":100,"minecraft:spruce_sapling":6,"minecraft:spruce_log":43,"minecraft:spider_eye":5,"minecraft:leather_helmet":1,"minecraft:pumpkin_seeds":12,"minecraft:iron_helmet":1,"minecraft:diamond_axe":1,"minecraft:birch_sign":8,"minecraft:melon_seeds":9,"minecraft:coal":297,"minecraft:ender_pearl":1},"minecraft:killed_by":{"minecraft:zombie":1},"minecraft:killed":{"minecraft:witch":2,"minecraft:spider":10,"minecraft:cod":4,"minecraft:skeleton":59,"minecraft:magma_cube":7,"minecraft:pig":1,"minecraft:zombie_villager":1,"minecraft:creeper":21,"minecraft:sheep":2,"minecraft:zombie":65,"minecraft:ghast":1,"minecraft:glow_squid":8,"minecraft:cow":55,"minecraft:bat":2,"minecraft:enderman":1},"minecraft:dropped":{"minecraft:moss_block":11,"minecraft:glow_ink_sac":1,"minecraft:diamond":19,"minecraft:crafting_table":1,"minecraft:rooted_dirt":24,"minecraft:saddle":1,"minecraft:flint":1,"minecraft:music_disc_13":1,"minecraft:dirt":21,"minecraft:jungle_sapling":4,"minecraft:white_wool":2,"minecraft:bone":1,"minecraft:gravel":10,"minecraft:cobbled_deepslate":25,"minecraft:rotten_flesh":19,"minecraft:enchanted_golden_apple":1,"minecraft:gunpowder":19,"minecraft:melon_seeds":4,"minecraft:azalea":2,"minecraft:chest":1,"minecraft:arrow":20,"minecraft:iron_ingot":2,"minecraft:wheat_seeds":4,"minecraft:mossy_cobblestone":3,"minecraft:cobblestone":569,"minecraft:granite":4,"minecraft:tropical_fish":1,"minecraft:golden_apple":1,"minecraft:coal":2,"minecraft:stick":13,"minecraft:diorite":96,"minecraft:melon_slice":5,"minecraft:flowering_azalea":1,"minecraft:string":3,"minecraft:redstone":19,"minecraft:moss_carpet":12,"minecraft:stone_sword":2,"minecraft:tuff":105,"minecraft:clay_ball":40,"minecraft:pumpkin_seeds":4,"minecraft:big_dripleaf":1,"minecraft:andesite":22,"minecraft:spider_eye":3,"minecraft:stone_pickaxe":1},"minecraft:custom":{"minecraft:animals_bred":85,"minecraft:interact_with_crafting_table":127,"minecraft:open_barrel":15,"minecraft:leave_game":23,"minecraft:time_since_death":149641,"minecraft:sprint_one_cm":1957997,"minecraft:drop":104,"minecraft:play_time":676523,"minecraft:deaths":1,"minecraft:jump":9649,"minecraft:walk_on_water_one_cm":126993,"minecraft:enchant_item":7,"minecraft:interact_with_furnace":91,"minecraft:sleep_in_bed":4,"minecraft:open_enderchest":5,"minecraft:damage_dealt":40865,"minecraft:crouch_one_cm":270823,"minecraft:interact_with_smoker":18,"minecraft:mob_kills":243,"minecraft:interact_with_anvil":3,"minecraft:climb_one_cm":132785,"minecraft:walk_one_cm":2026883,"minecraft:sneak_time":71171,"minecraft:walk_under_water_one_cm":100572,"minecraft:interact_with_lectern":1,"minecraft:boat_one_cm":572204,"minecraft:interact_with_blast_furnace":34,"minecraft:total_world_time":676523,"minecraft:interact_with_grindstone":3,"minecraft:time_since_rest":149661,"minecraft:damage_taken":5804,"minecraft:swim_one_cm":223024,"minecraft:fly_one_cm":1580158,"minecraft:open_chest":853,"minecraft:fish_caught":46,"minecraft:fall_one_cm":168370},"minecraft:used":{"minecraft:iron_shovel":135,"minecraft:ladder":117,"minecraft:chest":25,"minecraft:iron_sword":285,"minecraft:player_head":3,"minecraft:rotten_flesh":22,"minecraft:jungle_planks":5,"minecraft:carrot":344,"minecraft:jungle_slab":16,"minecraft:tuff":2,"minecraft:axolotl_bucket":6,"minecraft:obsidian":30,"minecraft:jungle_sapling":1,"minecraft:bow":7,"minecraft:scaffolding":100,"minecraft:furnace":4,"minecraft:cooked_cod":26,"minecraft:egg":3,"minecraft:potato":65,"minecraft:diorite":1,"minecraft:stone_pickaxe":1997,"minecraft:jungle_fence":36,"minecraft:blackstone":4,"minecraft:wooden_pickaxe":6,"minecraft:diamond_axe":82,"minecraft:sugar_cane":66,"minecraft:glow_berries":60,"minecraft:blast_furnace":1,"minecraft:lever":1,"minecraft:bread":7,"minecraft:melon_slice":29,"minecraft:jungle_sign":1,"minecraft:diamond_sword":474,"minecraft:grindstone":1,"minecraft:enchanting_table":1,"minecraft:stone_sword":1431,"minecraft:flint_and_steel":3,"minecraft:stone_shovel":379,"minecraft:dried_kelp":42,"minecraft:stone_hoe":136,"minecraft:netherrack":18,"minecraft:torch":837,"minecraft:dirt":120,"minecraft:anvil":1,"minecraft:jungle_trapdoor":2,"minecraft:granite":1,"minecraft:bookshelf":15,"minecraft:iron_axe":768,"minecraft:rooted_dirt":5,"minecraft:jungle_log":9,"minecraft:melon_seeds":6,"minecraft:bamboo":3,"minecraft:basalt":4,"minecraft:cooked_beef":43,"minecraft:cobbled_deepslate":171,"minecraft:wheat_seeds":336,"minecraft:cooked_mutton":3,"minecraft:water_bucket":50,"minecraft:snow_block":3,"minecraft:birch_boat":4,"minecraft:crafting_table":35,"minecraft:birch_sign":7,"minecraft:white_bed":1,"minecraft:spruce_log":3,"minecraft:cake":1,"minecraft:smoker":1,"minecraft:piston":1,"minecraft:wooden_hoe":82,"minecraft:diamond_pickaxe":2907,"minecraft:iron_pickaxe":2354,"minecraft:stone_axe":474,"minecraft:fishing_rod":62,"minecraft:cobblestone":160,"minecraft:cooked_porkchop":3,"minecraft:bucket":58},"minecraft:broken":{"minecraft:stone_pickaxe":14,"minecraft:stone_axe":3,"minecraft:iron_sword":1,"minecraft:stone_shovel":2,"minecraft:stone_sword":13,"minecraft:iron_axe":1,"minecraft:iron_pickaxe":5,"minecraft:iron_helmet":1,"minecraft:wooden_hoe":1},"minecraft:crafted":{"minecraft:grindstone":1,"minecraft:smooth_stone":10,"minecraft:birch_boat":1,"minecraft:stone":58,"minecraft:lever":1,"minecraft:bookshelf":15,"minecraft:cooked_mutton":3,"minecraft:diamond_helmet":1,"minecraft:iron_boots":1,"minecraft:melon_seeds":5,"minecraft:chest":25,"minecraft:stone_hoe":2,"minecraft:raw_iron_block":76,"minecraft:smoker":1,"minecraft:cooked_porkchop":3,"minecraft:diamond_axe":1,"minecraft:crafting_table":18,"minecraft:wooden_pickaxe":1,"minecraft:iron_helmet":1,"minecraft:raw_gold_block":16,"minecraft:copper_ingot":52,"minecraft:gold_block":8,"minecraft:birch_planks":52,"minecraft:iron_chestplate":1,"minecraft:book":47,"minecraft:wooden_hoe":1,"minecraft:paper":165,"minecraft:diamond_pickaxe":2,"minecraft:charcoal":142,"minecraft:shield":1,"minecraft:stick":684,"minecraft:stone_slab":6,"minecraft:iron_ingot":239,"minecraft:iron_pickaxe":16,"minecraft:iron_block":3,"minecraft:stone_sword":18,"minecraft:snow_block":4,"minecraft:gold_ingot":109,"minecraft:shears":1,"minecraft:jungle_sign":3,"minecraft:raw_iron":333,"minecraft:stone_shovel":3,"minecraft:fishing_rod":1,"minecraft:furnace":6,"minecraft:blast_furnace":1,"minecraft:piston":1,"minecraft:jungle_trapdoor":2,"minecraft:bone_meal":33,"minecraft:raw_copper_block":99,"minecraft:diamond_block":17,"minecraft:flint_and_steel":1,"minecraft:scaffolding":24,"minecraft:diamond":9,"minecraft:iron_axe":4,"minecraft:ladder":126,"minecraft:stone_pickaxe":16,"minecraft:redstone_block":173,"minecraft:jungle_fence":30,"minecraft:birch_sign":9,"minecraft:cooked_beef":72,"minecraft:cooked_cod":26,"minecraft:diamond_sword":1,"minecraft:enchanting_table":1,"minecraft:dried_kelp":54,"minecraft:iron_sword":2,"minecraft:bucket":1,"minecraft:stone_axe":5,"minecraft:jungle_slab":12,"minecraft:air":0,"minecraft:jungle_planks":1068,"minecraft:iron_shovel":1,"minecraft:iron_leggings":1,"minecraft:anvil":1,"minecraft:white_bed":1,"minecraft:torch":856,"minecraft:clay":7,"minecraft:lapis_block":44}},"DataVersion":2865}