{"stats":{"minecraft:killed":{"minecraft:zombified_piglin":456,"minecraft:spider":3,"minecraft:skeleton":8,"minecraft:magma_cube":5,"minecraft:creeper":5,"minecraft:zombie":13,"minecraft:ghast":3,"minecraft:drowned":2,"minecraft:enderman":1},"minecraft:used":{"minecraft:moss_block":12,"minecraft:writable_book":2,"minecraft:spruce_slab":12,"minecraft:elytra":13,"minecraft:oak_sign":3,"minecraft:chest":10,"minecraft:shield":3,"minecraft:soul_sand":1,"minecraft:netherite_shovel":1056,"minecraft:grass_block":12,"minecraft:warped_nylium":1,"minecraft:item_frame":3,"minecraft:netherite_boots":1,"minecraft:dark_oak_boat":13,"minecraft:scaffolding":128,"minecraft:written_book":1,"minecraft:sweet_berries":1,"minecraft:furnace":1,"minecraft:egg":181,"minecraft:dark_oak_stairs":11,"minecraft:diorite":1,"minecraft:diamond_boots":2,"minecraft:stone_pickaxe":120,"minecraft:jungle_fence":1,"minecraft:ender_pearl":6,"minecraft:wooden_pickaxe":3,"minecraft:blue_bed":2,"minecraft:diamond_axe":384,"minecraft:smooth_quartz_stairs":50,"minecraft:golden_apple":2,"minecraft:sand":4,"minecraft:netherite_leggings":1,"minecraft:cobbled_deepslate_stairs":81,"minecraft:firework_rocket":298,"minecraft:dark_oak_log":91,"minecraft:bread":48,"minecraft:white_glazed_terracotta":111,"minecraft:gravel":2,"minecraft:nether_wart_block":3,"minecraft:smithing_table":1,"minecraft:white_stained_glass":76,"minecraft:andesite":8,"minecraft:tropical_fish_bucket":10,"minecraft:netherite_sword":168,"minecraft:stone_shovel":41,"minecraft:spruce_planks":289,"minecraft:cooked_chicken":100,"minecraft:netherrack":1386,"minecraft:torch":26,"minecraft:dirt":614,"minecraft:warped_wart_block":3,"minecraft:spruce_stairs":19,"minecraft:diamond_helmet":3,"minecraft:jungle_trapdoor":39,"minecraft:granite":17,"minecraft:sea_lantern":28,"minecraft:jungle_log":3,"minecraft:smooth_quartz":86,"minecraft:totem_of_undying":5,"minecraft:golden_carrot":31,"minecraft:netherite_pickaxe":170,"minecraft:cooked_beef":2,"minecraft:cobbled_deepslate":230,"minecraft:water_bucket":5,"minecraft:cobblestone_stairs":25,"minecraft:birch_boat":6,"minecraft:cobblestone_slab":6,"minecraft:crafting_table":7,"minecraft:spider_eye":7,"minecraft:warped_planks":1,"minecraft:dark_oak_door":8,"minecraft:diamond_pickaxe":2309,"minecraft:diamond_shovel":124,"minecraft:netherite_axe":209,"minecraft:spruce_sapling":5,"minecraft:stone_axe":8,"minecraft:fishing_rod":20,"minecraft:cobblestone":230,"minecraft:bucket":15,"minecraft:diamond_leggings":4,"minecraft:soul_torch":2},"minecraft:custom":{"minecraft:animals_bred":1,"minecraft:interact_with_crafting_table":50,"minecraft:open_barrel":11,"minecraft:open_shulker_box":99,"minecraft:leave_game":23,"minecraft:time_since_death":36768,"minecraft:sprint_one_cm":3117384,"minecraft:damage_blocked_by_shield":120,"minecraft:drop":127,"minecraft:talked_to_villager":73,"minecraft:play_time":968226,"minecraft:deaths":72,"minecraft:jump":13091,"minecraft:walk_on_water_one_cm":56275,"minecraft:interact_with_furnace":39,"minecraft:traded_with_villager":14,"minecraft:sleep_in_bed":8,"minecraft:open_enderchest":48,"minecraft:damage_dealt":19597,"minecraft:crouch_one_cm":461861,"minecraft:interact_with_smoker":2,"minecraft:interact_with_smithing_table":3,"minecraft:mob_kills":526,"minecraft:interact_with_anvil":9,"minecraft:inspect_hopper":3,"minecraft:climb_one_cm":74918,"minecraft:walk_one_cm":1282137,"minecraft:sneak_time":126627,"minecraft:walk_under_water_one_cm":59549,"minecraft:boat_one_cm":938710,"minecraft:total_world_time":968226,"minecraft:interact_with_stonecutter":2,"minecraft:time_since_rest":36638,"minecraft:damage_taken":36766,"minecraft:damage_absorbed":290,"minecraft:trigger_trapped_chest":1,"minecraft:swim_one_cm":268953,"minecraft:fly_one_cm":3394001,"minecraft:open_chest":721,"minecraft:aviate_one_cm":16809643,"minecraft:fish_caught":3,"minecraft:fall_one_cm":327388},"minecraft:dropped":{"minecraft:diamond_axe":1,"minecraft:diamond":25,"minecraft:ender_pearl":1,"minecraft:crossbow":2,"minecraft:dirt":270,"minecraft:netherite_scrap":1,"minecraft:crimson_roots":5,"minecraft:gold_nugget":11,"minecraft:bone":7,"minecraft:golden_chestplate":1,"minecraft:cobbled_deepslate":2,"minecraft:music_disc_otherside":1,"minecraft:netherite_sword":2,"minecraft:rotten_flesh":67,"minecraft:diamond_shovel":1,"minecraft:netherite_shovel":1,"minecraft:mycelium":1,"minecraft:gunpowder":3,"minecraft:warped_wart_block":1,"minecraft:scaffolding":157,"minecraft:written_book":1,"minecraft:white_glazed_terracotta":23,"minecraft:netherrack":2165,"minecraft:egg":4,"minecraft:firework_rocket":29,"minecraft:netherite_pickaxe":1,"minecraft:wheat_seeds":8,"minecraft:netherite_axe":1,"minecraft:grass_block":37,"minecraft:golden_apple":14,"minecraft:mushroom_stew":3,"minecraft:stick":3,"minecraft:golden_carrot":12,"minecraft:smooth_quartz":203,"minecraft:diamond_helmet":1,"minecraft:string":1,"minecraft:redstone":1,"minecraft:kelp":13,"minecraft:bowl":11,"minecraft:filled_map":1,"minecraft:diamond_pickaxe":2,"minecraft:golden_sword":1,"minecraft:spider_eye":27,"minecraft:birch_boat":1},"minecraft:crafted":{"minecraft:oak_planks":36,"minecraft:oak_sign":3,"minecraft:dark_oak_boat":3,"minecraft:birch_boat":2,"minecraft:dark_oak_door":6,"minecraft:diamond_helmet":3,"minecraft:diamond_leggings":2,"minecraft:chest":10,"minecraft:item_frame":1,"minecraft:emerald":54,"minecraft:diamond_axe":2,"minecraft:crafting_table":2,"minecraft:spruce_planks":476,"minecraft:wooden_pickaxe":1,"minecraft:smithing_table":1,"minecraft:birch_planks":16,"minecraft:diamond_pickaxe":1,"minecraft:shield":1,"minecraft:stick":20,"minecraft:white_terracotta":64,"minecraft:gold_ingot":9,"minecraft:netherite_ingot":4,"minecraft:stone_shovel":1,"minecraft:soul_torch":4,"minecraft:furnace":1,"minecraft:bone_meal":180,"minecraft:spruce_stairs":12,"minecraft:spruce_slab":12,"minecraft:stone_pickaxe":1,"minecraft:diamond_boots":2,"minecraft:cobbled_deepslate_stairs":84,"minecraft:netherite_scrap":1,"minecraft:dark_oak_planks":84,"minecraft:wheat":144,"minecraft:crimson_planks":4,"minecraft:netherite_pickaxe":1,"minecraft:dark_oak_stairs":4,"minecraft:blue_bed":1,"minecraft:stone_axe":1,"minecraft:white_stained_glass":80,"minecraft:enchanted_book":2,"minecraft:air":0,"minecraft:bread":48,"minecraft:blue_dye":3,"minecraft:white_dye":50,"minecraft:blue_wool":3,"minecraft:diamond_chestplate":1},"minecraft:mined":{"minecraft:spruce_planks":29,"minecraft:cobbled_deepslate_stairs":8,"minecraft:cobblestone_stairs":14,"minecraft:jungle_leaves":1,"minecraft:granite":114,"minecraft:deepslate_tile_wall":1,"minecraft:grass_block":252,"minecraft:jungle_log":3,"minecraft:soul_soil":1,"minecraft:nether_wart":1,"minecraft:magma_block":1,"minecraft:cobbled_deepslate":5,"minecraft:fire":4,"minecraft:dark_oak_stairs":7,"minecraft:cave_vines":1,"minecraft:dirt_path":1,"minecraft:player_head":1,"minecraft:spruce_slab":7,"minecraft:jungle_trapdoor":21,"minecraft:soul_wall_torch":2,"minecraft:blackstone":4,"minecraft:kelp_plant":6,"minecraft:clay":271,"minecraft:torch":1,"minecraft:nether_quartz_ore":61,"minecraft:cobblestone":25,"minecraft:wall_torch":6,"minecraft:dark_oak_door":4,"minecraft:warped_planks":1,"minecraft:birch_log":4,"minecraft:grass":390,"minecraft:oak_log":8,"minecraft:dirt":708,"minecraft:sand":4,"minecraft:smooth_quartz":13,"minecraft:ancient_debris":16,"minecraft:netherrack":1504,"minecraft:oak_leaves":1,"minecraft:deepslate":413,"minecraft:nether_gold_ore":27,"minecraft:diamond_ore":6,"minecraft:tuff":12,"minecraft:dark_oak_leaves":8,"minecraft:deepslate_diamond_ore":4,"minecraft:dark_oak_log":103,"minecraft:sea_lantern":1,"minecraft:white_stained_glass":2,"minecraft:redstone_wire":2,"minecraft:spruce_leaves":2,"minecraft:kelp":9,"minecraft:moss_block":1,"minecraft:crimson_stem":7,"minecraft:spruce_sapling":5,"minecraft:white_glazed_terracotta":24,"minecraft:cobblestone_slab":5,"minecraft:vine":1,"minecraft:smooth_quartz_stairs":23,"minecraft:stone":294,"minecraft:podzol":49,"minecraft:scaffolding":34,"minecraft:acacia_leaves":5,"minecraft:basalt":10,"minecraft:crafting_table":5,"minecraft:copper_ore":4,"minecraft:diorite":2,"minecraft:blue_bed":1,"minecraft:warped_wart_block":5,"minecraft:spruce_stairs":7,"minecraft:spruce_log":291,"minecraft:jungle_fence":1,"minecraft:gravel":4,"minecraft:fern":98},"minecraft:picked_up":{"minecraft:lead":6,"minecraft:golden_sword":2,"minecraft:string":7,"minecraft:raw_copper":13,"minecraft:oak_sign":2,"minecraft:diamond_leggings":3,"minecraft:gold_nugget":219,"minecraft:cobbled_deepslate":435,"minecraft:bucket":1,"minecraft:spruce_planks":210,"minecraft:cobblestone_slab":38,"minecraft:smooth_quartz":83,"minecraft:deepslate_tile_wall":1,"minecraft:smooth_quartz_stairs":23,"minecraft:dark_oak_door":6,"minecraft:white_glazed_terracotta":121,"minecraft:stick":22,"minecraft:torch":179,"minecraft:spruce_stairs":7,"minecraft:netherite_shovel":1,"minecraft:diorite":3,"minecraft:warped_planks":1,"minecraft:golden_chestplate":4,"minecraft:goat_horn":1,"minecraft:nether_gold_ore":10,"minecraft:rotten_flesh":99,"minecraft:cod":1,"minecraft:cobblestone":488,"minecraft:birch_log":4,"minecraft:magma_block":2,"minecraft:feather":2,"minecraft:cooked_beef":3,"minecraft:jungle_log":3,"minecraft:andesite":22,"minecraft:dark_oak_boat":13,"minecraft:flint":2,"minecraft:tuff":12,"minecraft:netherite_leggings":1,"minecraft:dirt":972,"minecraft:name_tag":1,"minecraft:bone":12,"minecraft:wheat_seeds":72,"minecraft:netherite_axe":3,"minecraft:diamond_helmet":4,"minecraft:bamboo":7,"minecraft:moss_block":1,"minecraft:warped_wart_block":8,"minecraft:sand":4,"minecraft:ink_sac":1,"minecraft:grass_block":159,"minecraft:dark_oak_log":176,"minecraft:clay":245,"minecraft:diamond":26,"minecraft:crossbow":2,"minecraft:granite":116,"minecraft:golden_apple":20,"minecraft:oak_sapling":12,"minecraft:netherrack":11414,"minecraft:crimson_roots":5,"minecraft:diamond_pickaxe":8,"minecraft:fishing_rod":1,"minecraft:crafting_table":5,"minecraft:nether_wart":2,"minecraft:wooden_pickaxe":1,"minecraft:shield":3,"minecraft:jungle_trapdoor":53,"minecraft:elytra":14,"minecraft:netherite_scrap":1,"minecraft:white_stained_glass":2,"minecraft:item_frame":2,"minecraft:mycelium":1,"minecraft:blackstone":6,"minecraft:netherite_sword":2,"minecraft:music_disc_otherside":1,"minecraft:player_head":1,"minecraft:spruce_slab":7,"minecraft:egg":215,"minecraft:bowl":11,"minecraft:redstone":1,"minecraft:netherite_pickaxe":2,"minecraft:stone_shovel":1,"minecraft:arrow":14,"minecraft:diamond_boots":3,"minecraft:totem_of_undying":5,"minecraft:netherite_boots":1,"minecraft:basalt":72,"minecraft:golden_carrot":177,"minecraft:crimson_stem":14,"minecraft:salmon":2,"minecraft:jungle_fence":1,"minecraft:filled_map":3,"minecraft:mushroom_stew":3,"minecraft:oak_log":8,"minecraft:ancient_debris":32,"minecraft:cobbled_deepslate_stairs":8,"minecraft:nether_wart_block":3,"minecraft:gunpowder":4,"minecraft:cobblestone_stairs":46,"minecraft:blue_bed":1,"minecraft:kelp":22,"minecraft:stone_pickaxe":1,"minecraft:cooked_chicken":206,"minecraft:soul_sand":1,"minecraft:dark_oak_stairs":7,"minecraft:scaffolding":318,"minecraft:birch_boat":5,"minecraft:sweet_berries":17,"minecraft:quartz":282,"minecraft:gravel":3,"minecraft:soul_torch":2,"minecraft:spruce_sapling":6,"minecraft:spruce_log":291,"minecraft:sea_lantern":65,"minecraft:spider_eye":4,"minecraft:firework_rocket":946,"minecraft:diamond_shovel":1,"minecraft:stone_axe":1,"minecraft:diamond_axe":4,"minecraft:warped_roots":8,"minecraft:warped_nylium":1,"minecraft:coal":6,"minecraft:ender_pearl":5},"minecraft:killed_by":{"minecraft:ghast":1,"minecraft:zombie":4,"minecraft:player":1,"minecraft:enderman":6,"minecraft:warden":47}},"DataVersion":3120}