{"stats":{"minecraft:picked_up":{"minecraft:shulker_shell":11,"minecraft:seagrass":1,"minecraft:iron_chestplate":1,"minecraft:iron_trapdoor":2,"minecraft:prismarine_shard":517,"minecraft:lead":4,"minecraft:diamond_sword":10,"minecraft:oak_stairs":2,"minecraft:potion":3,"minecraft:enchanted_book":5,"minecraft:brewing_stand":1,"minecraft:golden_sword":3,"minecraft:amethyst_block":18,"minecraft:string":35,"minecraft:soul_soil":14,"minecraft:cooked_salmon":7,"minecraft:iron_leggings":1,"minecraft:pufferfish":1,"minecraft:experience_bottle":3,"minecraft:sculk_shrieker":1,"minecraft:oak_sign":1,"minecraft:diamond_leggings":4,"minecraft:gold_nugget":142,"minecraft:cobbled_deepslate":1611,"minecraft:spruce_planks":109,"minecraft:cobblestone_slab":2,"minecraft:calcite":4,"minecraft:iron_pickaxe":3,"minecraft:melon_slice":211,"minecraft:iron_boots":2,"minecraft:golden_helmet":1,"minecraft:stick":90,"minecraft:jukebox":1,"minecraft:oak_fence":14,"minecraft:torch":20,"minecraft:purpur_pillar":6,"minecraft:porkchop":14,"minecraft:diorite":79,"minecraft:warped_button":4,"minecraft:golden_chestplate":2,"minecraft:brown_carpet":2,"minecraft:stone_sword":1,"minecraft:lime_carpet":8,"minecraft:rotten_flesh":203,"minecraft:tropical_fish":2,"minecraft:netherite_chestplate":2,"minecraft:obsidian":83,"minecraft:iron_bars":2,"minecraft:cod":169,"minecraft:snowball":450,"minecraft:cobblestone":439,"minecraft:magma_block":6,"minecraft:cooked_beef":80,"minecraft:jungle_log":6,"minecraft:iron_door":3,"minecraft:water_bucket":2,"minecraft:andesite":48,"minecraft:golden_leggings":1,"minecraft:flint":50,"minecraft:tuff":29,"minecraft:netherite_leggings":1,"minecraft:lapis_lazuli":193,"minecraft:dirt":431,"minecraft:disc_fragment_5":3,"minecraft:bone":96,"minecraft:glass":1,"minecraft:bow":8,"minecraft:wheat_seeds":1,"minecraft:raw_gold":217,"minecraft:dark_oak_sign":2,"minecraft:diamond_helmet":4,"minecraft:bamboo":499,"minecraft:glowstone_dust":2,"minecraft:oak_planks":74,"minecraft:sand":173,"minecraft:ink_sac":25,"minecraft:grass_block":2,"minecraft:diamond_block":3,"minecraft:dark_oak_log":4,"minecraft:shulker_box":21,"minecraft:dispenser":1,"minecraft:deepslate":19,"minecraft:diamond":131,"minecraft:black_concrete":24,"minecraft:spruce_boat":43,"minecraft:netherite_helmet":1,"minecraft:crossbow":1,"minecraft:granite":31,"minecraft:bone_meal":17,"minecraft:golden_apple":13,"minecraft:emerald":7,"minecraft:bread":18,"minecraft:chorus_fruit":97,"minecraft:netherrack":228,"minecraft:diamond_pickaxe":6,"minecraft:end_stone_bricks":2,"minecraft:music_disc_5":1,"minecraft:charcoal":2,"minecraft:crafting_table":5,"minecraft:ladder":1,"minecraft:nether_wart":21,"minecraft:brown_mushroom":1,"minecraft:gold_block":10,"minecraft:purpur_block":10,"minecraft:shield":4,"minecraft:elytra":1,"minecraft:iron_axe":2,"minecraft:flint_and_steel":3,"minecraft:white_carpet":20,"minecraft:iron_shovel":3,"minecraft:netherite_sword":1,"minecraft:beef":36,"minecraft:deepslate_diamond_ore":2,"minecraft:music_disc_otherside":1,"minecraft:echo_shard":2,"minecraft:oak_boat":1,"minecraft:cyan_wool":1,"minecraft:player_head":32,"minecraft:light_gray_wool":2,"minecraft:lectern":1,"minecraft:chest":4,"minecraft:phantom_membrane":50,"minecraft:spruce_trapdoor":3,"minecraft:raw_iron":192,"minecraft:end_stone":1450,"minecraft:stone":3,"minecraft:bowl":1,"minecraft:music_disc_mellohi":1,"minecraft:stone_button":1,"minecraft:trident":6,"minecraft:redstone":8,"minecraft:blue_carpet":1,"minecraft:prismarine_crystals":366,"minecraft:jungle_sign":1,"minecraft:dark_oak_planks":16,"minecraft:cooked_cod":28,"minecraft:arrow":94,"minecraft:diamond_chestplate":3,"minecraft:pumpkin_pie":59,"minecraft:nether_bricks":110,"minecraft:diamond_boots":3,"minecraft:deepslate_bricks":1,"minecraft:purpur_slab":1,"minecraft:totem_of_undying":3,"minecraft:gold_ingot":4,"minecraft:glow_berries":4,"minecraft:white_wool":32,"minecraft:rail":15,"minecraft:cracked_deepslate_tiles":1,"minecraft:netherite_boots":2,"minecraft:basalt":2,"minecraft:golden_carrot":106,"minecraft:salmon":4,"minecraft:leather":21,"minecraft:red_mushroom":8,"minecraft:birch_planks":15,"minecraft:oak_log":12,"minecraft:golden_boots":3,"minecraft:cobblestone_wall":1,"minecraft:gunpowder":67,"minecraft:cobblestone_stairs":1,"minecraft:sculk_vein":79,"minecraft:white_banner":2,"minecraft:cooked_mutton":37,"minecraft:podzol":1,"minecraft:red_carpet":19,"minecraft:kelp":36,"minecraft:iron_ingot":9,"minecraft:heart_of_the_sea":4,"minecraft:stone_pickaxe":1,"minecraft:cooked_chicken":2,"minecraft:cobweb":30,"minecraft:glass_bottle":1,"minecraft:iron_sword":1,"minecraft:flowering_azalea":1,"minecraft:book":263,"minecraft:sculk_catalyst":13,"minecraft:smooth_basalt":3,"minecraft:pumpkin":36,"minecraft:sweet_berries":120,"minecraft:sculk":851,"minecraft:dripstone_block":1,"minecraft:gravel":120,"minecraft:spruce_sapling":27,"minecraft:white_bed":1,"minecraft:spruce_log":104,"minecraft:spider_eye":22,"minecraft:firework_rocket":21,"minecraft:diamond_shovel":1,"minecraft:sculk_sensor":10,"minecraft:stone_axe":1,"minecraft:iron_helmet":1,"minecraft:diamond_axe":1,"minecraft:baked_potato":44,"minecraft:coal":52,"minecraft:wooden_axe":1,"minecraft:ender_pearl":539},"minecraft:broken":{"minecraft:golden_shovel":1,"minecraft:shield":1,"minecraft:iron_axe":1},"minecraft:killed":{"minecraft:zombified_piglin":8,"minecraft:cave_spider":1,"minecraft:witch":2,"minecraft:spider":23,"minecraft:shulker":5,"minecraft:skeleton":74,"minecraft:guardian":1651,"minecraft:bee":1,"minecraft:silverfish":3,"minecraft:turtle":1,"minecraft:piglin":1,"minecraft:pig":9,"minecraft:zombie_villager":1,"minecraft:salmon":9,"minecraft:creeper":29,"minecraft:sheep":1,"minecraft:zombie":124,"minecraft:stray":4,"minecraft:blaze":1,"minecraft:cow":22,"minecraft:evoker":1,"minecraft:vex":2,"minecraft:vindicator":8,"minecraft:phantom":29,"minecraft:drowned":3,"minecraft:bat":4,"minecraft:squid":21,"minecraft:polar_bear":13,"minecraft:wither_skeleton":4,"minecraft:enderman":367},"minecraft:mined":{"minecraft:dark_oak_planks":5,"minecraft:blue_carpet":1,"minecraft:spruce_planks":51,"minecraft:mossy_stone_brick_slab":1,"minecraft:sculk_vein":86,"minecraft:cobblestone_stairs":1,"minecraft:brewing_stand":1,"minecraft:obsidian":34,"minecraft:spruce_trapdoor":3,"minecraft:granite":35,"minecraft:grass_block":120,"minecraft:deepslate_bricks":1,"minecraft:soul_soil":11,"minecraft:purpur_slab":1,"minecraft:blue_wool":2,"minecraft:oak_wall_sign":1,"minecraft:nether_wart":20,"minecraft:magma_block":6,"minecraft:sculk_catalyst":11,"minecraft:iron_ore":17,"minecraft:cobbled_deepslate":159,"minecraft:fire":5,"minecraft:pumpkin":36,"minecraft:deepslate_lapis_ore":14,"minecraft:sculk_shrieker":3,"minecraft:flowering_azalea_leaves":1,"minecraft:dirt_path":3,"minecraft:iron_bars":2,"minecraft:end_stone_bricks":2,"minecraft:deepslate_redstone_ore":4,"minecraft:cut_sandstone":1,"minecraft:brown_mushroom":1,"minecraft:player_wall_head":3,"minecraft:torch":1,"minecraft:calcite":8,"minecraft:melon":38,"minecraft:chest":4,"minecraft:glass":20,"minecraft:cobblestone":42,"minecraft:oak_planks":76,"minecraft:iron_door":3,"minecraft:amethyst_block":22,"minecraft:blue_ice":2,"minecraft:jukebox":1,"minecraft:purpur_block":9,"minecraft:grass":18,"minecraft:cracked_deepslate_tiles":1,"minecraft:oak_log":12,"minecraft:sand":179,"minecraft:dirt":287,"minecraft:smooth_basalt":3,"minecraft:dispenser":1,"minecraft:netherrack":269,"minecraft:oak_leaves":5,"minecraft:deepslate":1843,"minecraft:infested_deepslate":1,"minecraft:nether_gold_ore":18,"minecraft:diamond_ore":15,"minecraft:tuff":42,"minecraft:red_carpet":2,"minecraft:light_blue_wool":2,"minecraft:deepslate_diamond_ore":24,"minecraft:dark_oak_log":3,"minecraft:end_stone":1369,"minecraft:shulker_box":20,"minecraft:nether_bricks":136,"minecraft:ladder":2,"minecraft:birch_slab":1,"minecraft:spruce_leaves":29,"minecraft:kelp":53,"minecraft:redstone_ore":2,"minecraft:spruce_sapling":3,"minecraft:snow":155,"minecraft:andesite":54,"minecraft:black_concrete":24,"minecraft:peony":2,"minecraft:gold_block":9,"minecraft:bookshelf":3,"minecraft:cobblestone_slab":2,"minecraft:deepslate_iron_ore":78,"minecraft:rail":16,"minecraft:packed_ice":138,"minecraft:chorus_plant":5,"minecraft:bamboo":73,"minecraft:stone":561,"minecraft:white_wool":36,"minecraft:ender_chest":1,"minecraft:light_gray_carpet":2,"minecraft:glass_pane":65,"minecraft:soul_sand":7,"minecraft:magenta_stained_glass":1,"minecraft:snow_block":64,"minecraft:brown_carpet":2,"minecraft:basalt":2,"minecraft:jungle_sign":1,"minecraft:oak_fence":10,"minecraft:crafting_table":3,"minecraft:lime_carpet":4,"minecraft:sculk_sensor":41,"minecraft:lectern":1,"minecraft:purpur_pillar":6,"minecraft:deepslate_gold_ore":80,"minecraft:sculk":1207,"minecraft:diorite":125,"minecraft:birch_planks":6,"minecraft:cobblestone_wall":1,"minecraft:dark_oak_wall_sign":2,"minecraft:sweet_berry_bush":2,"minecraft:ice":13,"minecraft:white_carpet":7,"minecraft:spruce_log":56,"minecraft:white_wall_banner":1,"minecraft:coal_ore":18,"minecraft:mycelium":99,"minecraft:gravel":151,"minecraft:dripstone_block":1,"minecraft:cobweb":2,"minecraft:gold_ore":23,"minecraft:iron_trapdoor":2,"minecraft:fern":4,"minecraft:infested_stone":1},"minecraft:used":{"minecraft:writable_book":4,"minecraft:dispenser":3,"minecraft:spruce_slab":6,"minecraft:ladder":20,"minecraft:oak_sign":4,"minecraft:chest":12,"minecraft:shield":70,"minecraft:stone":14,"minecraft:player_head":8,"minecraft:rotten_flesh":44,"minecraft:sculk_sensor":4,"minecraft:soul_sand":1,"minecraft:nether_bricks":112,"minecraft:carrot":4,"minecraft:music_disc_11":1,"minecraft:tuff":15,"minecraft:axolotl_bucket":2,"minecraft:snowball":25,"minecraft:obsidian":35,"minecraft:spruce_boat":40,"minecraft:glass":51,"minecraft:bow":1,"minecraft:magma_block":4,"minecraft:sweet_berries":122,"minecraft:cooked_cod":58,"minecraft:gold_block":23,"minecraft:end_stone_bricks":2,"minecraft:damaged_anvil":1,"minecraft:chorus_fruit":58,"minecraft:oak_planks":70,"minecraft:ender_pearl":30,"minecraft:purpur_pillar":5,"minecraft:glow_berries":8,"minecraft:white_wool":193,"minecraft:golden_apple":2,"minecraft:sand":2,"minecraft:mushroom_stew":12,"minecraft:stone_brick_wall":4,"minecraft:dripstone_block":1,"minecraft:end_stone":1182,"minecraft:black_concrete":106,"minecraft:firework_rocket":341,"minecraft:dark_oak_log":1,"minecraft:bread":25,"minecraft:melon_slice":177,"minecraft:iron_door":11,"minecraft:gravel":129,"minecraft:jungle_sign":1,"minecraft:diamond_sword":1445,"minecraft:andesite":11,"minecraft:oak_boat":1,"minecraft:gray_stained_glass":4,"minecraft:experience_bottle":11,"minecraft:oak_fence":2,"minecraft:purpur_block":9,"minecraft:trident":171,"minecraft:music_disc_otherside":1,"minecraft:flint_and_steel":17,"minecraft:redstone":3,"minecraft:spruce_planks":284,"minecraft:music_disc_5":1,"minecraft:sculk":197,"minecraft:cooked_salmon":4,"minecraft:cooked_chicken":2,"minecraft:netherrack":210,"minecraft:oak_door":2,"minecraft:torch":7,"minecraft:brewing_stand":1,"minecraft:dirt":175,"minecraft:spyglass":4,"minecraft:white_carpet":145,"minecraft:hopper":1,"minecraft:shulker_box":21,"minecraft:golden_shovel":53,"minecraft:granite":17,"minecraft:wooden_axe":2,"minecraft:dark_oak_planks":11,"minecraft:iron_axe":229,"minecraft:spruce_button":1,"minecraft:totem_of_undying":2,"minecraft:basalt":4,"minecraft:golden_carrot":53,"minecraft:beef":36,"minecraft:iron_trapdoor":6,"minecraft:soul_soil":12,"minecraft:cooked_beef":56,"minecraft:cobbled_deepslate":1423,"minecraft:observer":1,"minecraft:pumpkin":1,"minecraft:cooked_mutton":1,"minecraft:water_bucket":30,"minecraft:snow_block":53,"minecraft:birch_planks":9,"minecraft:baked_potato":1,"minecraft:spruce_fence_gate":3,"minecraft:cobblestone_slab":3,"minecraft:crafting_table":4,"minecraft:tnt":6,"minecraft:sculk_shrieker":1,"minecraft:white_bed":1,"minecraft:spruce_log":4,"minecraft:diamond_pickaxe":6510,"minecraft:apple":5,"minecraft:diamond_shovel":531,"minecraft:oak_button":1,"minecraft:iron_pickaxe":17,"minecraft:spruce_trapdoor":5,"minecraft:stone_axe":59,"minecraft:cobblestone":308,"minecraft:potion":1,"minecraft:porkchop":14,"minecraft:white_banner":1,"minecraft:bucket":33,"minecraft:glass_pane":71,"minecraft:pumpkin_pie":59,"minecraft:splash_potion":2,"minecraft:jukebox":1,"minecraft:kelp":50,"minecraft:sculk_vein":57,"minecraft:sculk_catalyst":10},"minecraft:crafted":{"minecraft:oak_planks":84,"minecraft:cobblestone_slab":6,"minecraft:oak_sign":3,"minecraft:shulker_box":2,"minecraft:glass":61,"minecraft:diamond_helmet":1,"minecraft:bow":1,"minecraft:diamond_leggings":1,"minecraft:iron_boots":1,"minecraft:chest":12,"minecraft:iron_door":9,"minecraft:oak_button":1,"minecraft:oak_fence":3,"minecraft:golden_boots":2,"minecraft:emerald":12,"minecraft:crafting_table":4,"minecraft:spruce_planks":284,"minecraft:baked_potato":7,"minecraft:wooden_pickaxe":1,"minecraft:iron_helmet":1,"minecraft:gold_block":28,"minecraft:dispenser":2,"minecraft:tnt":9,"minecraft:spruce_trapdoor":2,"minecraft:iron_chestplate":1,"minecraft:charcoal":6,"minecraft:diamond_pickaxe":1,"minecraft:stick":88,"minecraft:iron_ingot":180,"minecraft:iron_pickaxe":1,"minecraft:iron_block":25,"minecraft:snow_block":73,"minecraft:gold_ingot":228,"minecraft:spruce_fence_gate":3,"minecraft:oak_door":3,"minecraft:redstone":20,"minecraft:experience_bottle":1,"minecraft:spruce_button":1,"minecraft:mushroom_stew":5,"minecraft:white_carpet":144,"minecraft:diamond_block":8,"minecraft:glass_pane":80,"minecraft:flint_and_steel":1,"minecraft:diamond":54,"minecraft:iron_axe":1,"minecraft:ladder":24,"minecraft:spruce_slab":6,"minecraft:ender_pearl":8,"minecraft:diamond_boots":1,"minecraft:spruce_boat":1,"minecraft:dark_oak_planks":8,"minecraft:observer":1,"minecraft:cooked_cod":40,"minecraft:diamond_sword":1,"minecraft:iron_trapdoor":4,"minecraft:bowl":12,"minecraft:golden_shovel":2,"minecraft:bucket":3,"minecraft:stone_axe":1,"minecraft:air":0,"minecraft:jungle_planks":24,"minecraft:white_wool":128,"minecraft:wooden_axe":1,"minecraft:iron_leggings":1,"minecraft:white_bed":1,"minecraft:music_disc_5":2,"minecraft:lapis_lazuli":4,"minecraft:lapis_block":20},"minecraft:custom":{"minecraft:interact_with_crafting_table":126,"minecraft:open_barrel":396,"minecraft:open_shulker_box":98,"minecraft:leave_game":43,"minecraft:time_since_death":452843,"minecraft:damage_resisted":323,"minecraft:sprint_one_cm":5054777,"minecraft:damage_blocked_by_shield":4340,"minecraft:drop":458,"minecraft:talked_to_villager":20,"minecraft:play_time":1816920,"minecraft:deaths":14,"minecraft:jump":43960,"minecraft:interact_with_brewingstand":7,"minecraft:walk_on_water_one_cm":244818,"minecraft:interact_with_furnace":304,"minecraft:play_record":3,"minecraft:traded_with_villager":35,"minecraft:interact_with_loom":3,"minecraft:sleep_in_bed":7,"minecraft:open_enderchest":231,"minecraft:damage_dealt":88437,"minecraft:player_kills":5,"minecraft:crouch_one_cm":1062533,"minecraft:interact_with_smoker":1,"minecraft:inspect_dispenser":10,"minecraft:horse_one_cm":21156,"minecraft:interact_with_smithing_table":3,"minecraft:mob_kills":2867,"minecraft:interact_with_anvil":25,"minecraft:inspect_hopper":5,"minecraft:climb_one_cm":104022,"minecraft:walk_one_cm":3494023,"minecraft:damage_dealt_absorbed":40,"minecraft:sneak_time":197557,"minecraft:walk_under_water_one_cm":591858,"minecraft:boat_one_cm":1514036,"minecraft:interact_with_lectern":14,"minecraft:interact_with_blast_furnace":1,"minecraft:total_world_time":1816920,"minecraft:tune_noteblock":6,"minecraft:pot_flower":1,"minecraft:interact_with_grindstone":1,"minecraft:interact_with_stonecutter":1,"minecraft:time_since_rest":452860,"minecraft:damage_taken":18320,"minecraft:damage_absorbed":80,"minecraft:swim_one_cm":1498985,"minecraft:fly_one_cm":12547881,"minecraft:open_chest":1654,"minecraft:aviate_one_cm":12534632,"minecraft:fall_one_cm":1048286},"minecraft:dropped":{"minecraft:iron_sword":1,"minecraft:birch_planks":6,"minecraft:diamond_axe":1,"minecraft:lapis_lazuli":151,"minecraft:cooked_beef":20,"minecraft:baked_potato":50,"minecraft:ender_pearl":112,"minecraft:glass_bottle":1,"minecraft:diamond":28,"minecraft:crafting_table":2,"minecraft:crossbow":1,"minecraft:leather":21,"minecraft:saddle":3,"minecraft:rail":15,"minecraft:emerald":2,"minecraft:red_mushroom":4,"minecraft:red_carpet":19,"minecraft:cobblestone_stairs":1,"minecraft:flint":57,"minecraft:dirt":111,"minecraft:dark_oak_log":1,"minecraft:seagrass":1,"minecraft:cracked_deepslate_tiles":1,"minecraft:netherite_boots":2,"minecraft:snowball":102,"minecraft:sand":3,"minecraft:gold_nugget":14,"minecraft:bone_meal":1,"minecraft:phantom_membrane":11,"minecraft:glistering_melon_slice":14,"minecraft:iron_pickaxe":3,"minecraft:dark_oak_planks":9,"minecraft:white_wool":5,"minecraft:gold_ingot":19,"minecraft:bone":62,"minecraft:gravel":39,"minecraft:stone_axe":2,"minecraft:purpur_block":1,"minecraft:iron_nugget":47,"minecraft:golden_chestplate":2,"minecraft:cobbled_deepslate":278,"minecraft:netherite_sword":1,"minecraft:wheat":4,"minecraft:obsidian":27,"minecraft:rotten_flesh":134,"minecraft:oak_planks":8,"minecraft:diamond_shovel":1,"minecraft:end_stone":268,"minecraft:glowstone_dust":2,"minecraft:cooked_mutton":36,"minecraft:golden_shovel":1,"minecraft:salmon":1,"minecraft:echo_shard":6,"minecraft:trident":4,"minecraft:gunpowder":27,"minecraft:chest":2,"minecraft:ladder":5,"minecraft:iron_bars":2,"minecraft:arrow":31,"minecraft:basalt":1,"minecraft:podzol":1,"minecraft:netherrack":85,"minecraft:firework_rocket":65,"minecraft:written_book":1,"minecraft:enchanted_book":2,"minecraft:iron_ingot":35,"minecraft:lectern":1,"minecraft:water_bucket":2,"minecraft:golden_boots":5,"minecraft:wheat_seeds":1,"minecraft:golden_helmet":1,"minecraft:tnt":3,"minecraft:lead":7,"minecraft:netherite_helmet":1,"minecraft:diamond_leggings":3,"minecraft:deepslate_diamond_ore":2,"minecraft:netherite_chestplate":1,"minecraft:book":257,"minecraft:oak_fence":15,"minecraft:purpur_slab":1,"minecraft:iron_helmet":1,"minecraft:cobblestone":178,"minecraft:granite":14,"minecraft:tropical_fish":2,"minecraft:disc_fragment_5":3,"minecraft:grass_block":2,"minecraft:coal":17,"minecraft:golden_apple":13,"minecraft:stick":80,"minecraft:pufferfish":1,"minecraft:cobweb":30,"minecraft:iron_block":3,"minecraft:diorite":79,"minecraft:golden_carrot":29,"minecraft:ink_sac":18,"minecraft:torch":1,"minecraft:wooden_axe":1,"minecraft:diamond_helmet":3,"minecraft:cooked_salmon":3,"minecraft:lime_carpet":8,"minecraft:potion":3,"minecraft:iron_leggings":2,"minecraft:oak_stairs":2,"minecraft:flowering_azalea":1,"minecraft:white_banner":1,"minecraft:pumpkin":21,"minecraft:iron_axe":2,"minecraft:iron_shovel":3,"minecraft:string":30,"minecraft:blue_carpet":1,"minecraft:spruce_sapling":26,"minecraft:smooth_basalt":3,"minecraft:redstone":28,"minecraft:purpur_pillar":1,"minecraft:sweet_berries":3,"minecraft:player_head":13,"minecraft:soul_soil":2,"minecraft:soul_torch":3,"minecraft:nether_wart":1,"minecraft:dark_oak_sign":2,"minecraft:stone_sword":1,"minecraft:cobblestone_wall":1,"minecraft:deepslate":19,"minecraft:tuff":14,"minecraft:raw_iron":64,"minecraft:white_carpet":19,"minecraft:light_gray_wool":2,"minecraft:iron_boots":3,"minecraft:name_tag":1,"minecraft:nether_bricks":66,"minecraft:totem_of_undying":2,"minecraft:shears":1,"minecraft:flint_and_steel":3,"minecraft:netherite_leggings":1,"minecraft:filled_map":1,"minecraft:deepslate_bricks":1,"minecraft:diamond_sword":7,"minecraft:cyan_wool":1,"minecraft:stone":3,"minecraft:shield":1,"minecraft:diamond_chestplate":2,"minecraft:spruce_planks":12,"minecraft:diamond_pickaxe":4,"minecraft:iron_chestplate":2,"minecraft:andesite":37,"minecraft:golden_leggings":1,"minecraft:golden_sword":3,"minecraft:brown_carpet":2,"minecraft:bamboo":512,"minecraft:diamond_boots":2,"minecraft:spider_eye":20,"minecraft:spruce_log":47,"minecraft:stone_pickaxe":1,"minecraft:bow":8,"minecraft:wooden_pickaxe":1,"minecraft:raw_gold":105,"minecraft:calcite":4,"minecraft:magma_block":1},"minecraft:killed_by":{"minecraft:drowned":1,"minecraft:player":10,"minecraft:phantom":1}},"DataVersion":3105}