{"stats":{"minecraft:custom":{"minecraft:interact_with_crafting_table":225,"minecraft:open_barrel":332,"minecraft:bell_ring":171,"minecraft:eat_cake_slice":2,"minecraft:leave_game":76,"minecraft:time_since_death":34879,"minecraft:play_time":4196791,"minecraft:deaths":15,"minecraft:jump":46861,"minecraft:interact_with_furnace":468,"minecraft:traded_with_villager":250,"minecraft:sleep_in_bed":24,"minecraft:damage_dealt":15390,"minecraft:interact_with_smoker":1,"minecraft:horse_one_cm":134220,"minecraft:interact_with_smithing_table":2,"minecraft:inspect_dropper":3,"minecraft:interact_with_anvil":22,"minecraft:inspect_hopper":14,"minecraft:sneak_time":262767,"minecraft:interact_with_lectern":71,"minecraft:interact_with_blast_furnace":47,"minecraft:total_world_time":4196791,"minecraft:tune_noteblock":8,"minecraft:interact_with_stonecutter":11,"minecraft:time_since_rest":34899,"minecraft:swim_one_cm":604079,"minecraft:fly_one_cm":12057102,"minecraft:open_chest":3960,"minecraft:fall_one_cm":1657071,"minecraft:animals_bred":5,"minecraft:open_shulker_box":496,"minecraft:damage_resisted":160,"minecraft:sprint_one_cm":7867854,"minecraft:drop":2023,"minecraft:talked_to_villager":498,"minecraft:interact_with_brewingstand":1,"minecraft:walk_on_water_one_cm":299572,"minecraft:interact_with_loom":5,"minecraft:open_enderchest":201,"minecraft:interact_with_beacon":1,"minecraft:player_kills":1,"minecraft:crouch_one_cm":708727,"minecraft:mob_kills":413,"minecraft:fill_cauldron":1,"minecraft:climb_one_cm":426105,"minecraft:walk_one_cm":10627728,"minecraft:walk_under_water_one_cm":594921,"minecraft:boat_one_cm":2226021,"minecraft:pot_flower":3,"minecraft:damage_absorbed":39,"minecraft:damage_taken":25328,"minecraft:minecart_one_cm":134562,"minecraft:pig_one_cm":1788,"minecraft:aviate_one_cm":29817790},"minecraft:broken":{"minecraft:iron_sword":2,"minecraft:iron_axe":1,"minecraft:iron_pickaxe":4,"minecraft:iron_helmet":1,"minecraft:iron_shovel":1,"minecraft:stone_pickaxe":2,"minecraft:stone_axe":2,"minecraft:wooden_axe":1,"minecraft:diamond_axe":1},"minecraft:killed":{"minecraft:skeleton":25,"minecraft:chicken":2,"minecraft:skeleton_horse":2,"minecraft:zombie":8,"minecraft:cow":7,"minecraft:endermite":1,"minecraft:enderman":3,"minecraft:spider":28,"minecraft:pig":1,"minecraft:creeper":1,"minecraft:sheep":8,"minecraft:ghast":2,"minecraft:phantom":4,"minecraft:drowned":4,"minecraft:bat":2,"minecraft:squid":35},"minecraft:mined":{"minecraft:white_bed":5,"minecraft:fire_coral_wall_fan":1,"minecraft:obsidian":3,"minecraft:carved_pumpkin":1,"minecraft:granite":153,"minecraft:red_sand":1,"minecraft:acacia_log":265,"minecraft:jungle_log":3,"minecraft:crimson_fungus":1,"minecraft:oxeye_daisy":2,"minecraft:nether_wart":12,"minecraft:tall_seagrass":6,"minecraft:fire":3,"minecraft:cobbled_deepslate":2,"minecraft:pumpkin":10,"minecraft:oak_sign":9,"minecraft:dirt_path":41,"minecraft:quartz_slab":60,"minecraft:oak_stairs":2,"minecraft:iron_block":17,"minecraft:player_head":2,"minecraft:tripwire":4,"minecraft:brown_mushroom":18,"minecraft:torch":3,"minecraft:blast_furnace":2,"minecraft:melon":137,"minecraft:spruce_wall_sign":20,"minecraft:sugar_cane":36,"minecraft:spruce_sign":11,"minecraft:white_terracotta":14,"minecraft:chain":15,"minecraft:repeater":2,"minecraft:wheat":113,"minecraft:lilac":3,"minecraft:warped_fungus":2,"minecraft:grass":436,"minecraft:sandstone_wall":3,"minecraft:acacia_sign":4,"minecraft:red_mushroom_block":310,"minecraft:stonecutter":4,"minecraft:deepslate":92,"minecraft:yellow_terracotta":161,"minecraft:deepslate_tiles":2,"minecraft:mossy_cobblestone":19,"minecraft:sea_lantern":5,"minecraft:shulker_box":123,"minecraft:crimson_roots":1,"minecraft:redstone_wire":5,"minecraft:red_mushroom":36,"minecraft:kelp":1,"minecraft:pink_wool":157,"minecraft:andesite":3,"minecraft:potatoes":45,"minecraft:rail":5,"minecraft:brain_coral_wall_fan":1,"minecraft:white_wool":39,"minecraft:birch_stairs":45,"minecraft:gray_concrete":74,"minecraft:glass_pane":2,"minecraft:lily_of_the_valley":3,"minecraft:stone_brick_slab":7,"minecraft:jungle_sign":5,"minecraft:cornflower":5,"minecraft:tall_grass":9,"minecraft:deepslate_gold_ore":4,"minecraft:diorite":62,"minecraft:spruce_log":6,"minecraft:birch_leaves":2,"minecraft:dark_oak_sign":4,"minecraft:mycelium":2742,"minecraft:gravel":80,"minecraft:brown_terracotta":9,"minecraft:acacia_planks":25,"minecraft:polished_blackstone":3,"minecraft:stone_bricks":65,"minecraft:gold_ore":1,"minecraft:iron_trapdoor":2,"minecraft:fern":103,"minecraft:jungle_slab":2,"minecraft:brewing_stand":1,"minecraft:grass_block":111,"minecraft:white_concrete":47,"minecraft:composter":14,"minecraft:iron_ore":35,"minecraft:birch_wall_sign":2,"minecraft:spruce_slab":3,"minecraft:deepslate_redstone_ore":4,"minecraft:brown_shulker_box":2,"minecraft:quartz_block":188,"minecraft:blackstone":2,"minecraft:orange_terracotta":68,"minecraft:clay":279,"minecraft:chest":20,"minecraft:mushroom_stem":42,"minecraft:cobblestone":158,"minecraft:prismarine":1026,"minecraft:oak_planks":1,"minecraft:iron_door":1,"minecraft:wall_torch":6,"minecraft:seagrass":3,"minecraft:acacia_sapling":1,"minecraft:blue_terracotta":23,"minecraft:nether_wart_block":1,"minecraft:lapis_block":1,"minecraft:birch_log":6,"minecraft:activator_rail":3,"minecraft:tnt":1,"minecraft:oak_log":6,"minecraft:beetroots":42,"minecraft:sand":79,"minecraft:dirt":1040,"minecraft:netherrack":6,"minecraft:oak_leaves":7,"minecraft:nether_gold_ore":4,"minecraft:tuff":3,"minecraft:pink_carpet":10,"minecraft:quartz_stairs":63,"minecraft:oak_door":1,"minecraft:glow_lichen":1,"minecraft:lever":1,"minecraft:ladder":5,"minecraft:tube_coral_wall_fan":2,"minecraft:brown_mushroom_block":108,"minecraft:birch_slab":240,"minecraft:spruce_leaves":11,"minecraft:acacia_slab":2,"minecraft:sandstone":1,"minecraft:large_fern":3,"minecraft:hay_block":1,"minecraft:oak_trapdoor":6,"minecraft:furnace":1,"minecraft:carrots":62,"minecraft:black_concrete":11,"minecraft:bell":1,"minecraft:bookshelf":4,"minecraft:shroomlight":3,"minecraft:deepslate_iron_ore":1,"minecraft:packed_ice":63,"minecraft:stone":1288,"minecraft:acacia_leaves":23,"minecraft:scaffolding":103,"minecraft:crafting_table":8,"minecraft:honey_block":1,"minecraft:lectern":5,"minecraft:lapis_ore":6,"minecraft:prismarine_bricks":64,"minecraft:birch_planks":78,"minecraft:sea_pickle":2,"minecraft:polished_blackstone_slab":2,"minecraft:sweet_berry_bush":161,"minecraft:yellow_bed":3,"minecraft:black_wool":34,"minecraft:coal_ore":23,"minecraft:cocoa":11,"minecraft:terracotta":83,"minecraft:acacia_wall_sign":4,"minecraft:birch_fence":53,"minecraft:jungle_wall_sign":3},"minecraft:dropped":{"minecraft:iron_sword":3,"minecraft:piston":24,"minecraft:lapis_lazuli":127,"minecraft:cooked_beef":1,"minecraft:chorus_fruit":58,"minecraft:glass_bottle":8,"minecraft:diamond":13,"minecraft:cooked_porkchop":178,"minecraft:weeping_vines":35,"minecraft:cookie":109,"minecraft:elytra":4,"minecraft:rail":2,"minecraft:red_mushroom":8,"minecraft:emerald":98,"minecraft:dirt":1366,"minecraft:gray_concrete":53,"minecraft:writable_book":10,"minecraft:sand":1,"minecraft:sunflower":11,"minecraft:phantom_membrane":3,"minecraft:iron_pickaxe":7,"minecraft:white_wool":24,"minecraft:sugar_cane":21,"minecraft:diamond_block":1,"minecraft:lever":1,"minecraft:iron_nugget":512,"minecraft:nether_brick":832,"minecraft:wheat":9,"minecraft:obsidian":59,"minecraft:grindstone":1,"minecraft:rotten_flesh":9,"minecraft:oak_planks":2,"minecraft:pink_carpet":48,"minecraft:white_bed":1,"minecraft:sea_lantern":64,"minecraft:honey_block":32,"minecraft:ladder":2,"minecraft:glass":1,"minecraft:lectern":1,"minecraft:iron_ingot":12,"minecraft:wheat_seeds":15,"minecraft:tnt":16,"minecraft:feather":4,"minecraft:book":1,"minecraft:iron_helmet":1,"minecraft:cobblestone":8,"minecraft:granite":1,"minecraft:golden_apple":2,"minecraft:crimson_stairs":2,"minecraft:golden_carrot":1,"minecraft:ink_sac":3,"minecraft:diamond_helmet":1,"minecraft:potion":3,"minecraft:magenta_glazed_terracotta":192,"minecraft:red_dye":1,"minecraft:smooth_stone":26,"minecraft:iron_shovel":2,"minecraft:paper":26,"minecraft:string":197,"minecraft:acacia_planks":64,"minecraft:gray_carpet":17,"minecraft:player_head":3,"minecraft:stone_sword":1,"minecraft:dark_oak_sign":16,"minecraft:bowl":2,"minecraft:deepslate":7,"minecraft:sticky_piston":2,"minecraft:stone_shovel":1,"minecraft:clay_ball":218,"minecraft:iron_boots":7,"minecraft:white_terracotta":6,"minecraft:shears":1,"minecraft:potato":25,"minecraft:cobblestone_slab":2,"minecraft:sea_pickle":3,"minecraft:spruce_planks":1,"minecraft:diamond_pickaxe":1,"minecraft:stone_bricks":350,"minecraft:bow":2,"minecraft:bell":1,"minecraft:black_wool":41,"minecraft:terracotta":1,"minecraft:brown_mushroom":2,"minecraft:birch_planks":6,"minecraft:warped_fungus":2,"minecraft:baked_potato":6,"minecraft:ender_pearl":2,"minecraft:dark_oak_sapling":4,"minecraft:leather":18,"minecraft:black_banner":1,"minecraft:crimson_trapdoor":1,"minecraft:gilded_blackstone":6,"minecraft:black_concrete":6,"minecraft:birch_log":2,"minecraft:armor_stand":1,"minecraft:spyglass":3,"minecraft:diamond_shovel":1,"minecraft:cooked_mutton":1,"minecraft:carrot":38,"minecraft:poppy":13,"minecraft:trident":1,"minecraft:white_concrete_powder":186,"minecraft:netherrack":555,"minecraft:written_book":3,"minecraft:firework_rocket":3,"minecraft:water_bucket":2,"minecraft:minecart":1,"minecraft:diamond_leggings":1,"minecraft:netherite_axe":1,"minecraft:lead":4,"minecraft:prismarine_shard":2,"minecraft:observer":14,"minecraft:dark_oak_pressure_plate":1,"minecraft:tropical_fish":3,"minecraft:stick":2,"minecraft:iron_block":14,"minecraft:torch":17,"minecraft:repeater":11,"minecraft:melon_slice":20,"minecraft:brown_wool":1,"minecraft:iron_leggings":2,"minecraft:stonecutter":1,"minecraft:iron_axe":2,"minecraft:bucket":1,"minecraft:lapis_block":39,"minecraft:redstone":203,"minecraft:kelp":16,"minecraft:sweet_berries":168,"minecraft:tuff":5,"minecraft:birch_pressure_plate":2,"minecraft:shulker_box":17,"minecraft:flint_and_steel":1,"minecraft:deepslate_bricks":7,"minecraft:filled_map":6,"minecraft:diamond_chestplate":1,"minecraft:orange_terracotta":3,"minecraft:iron_chestplate":3,"minecraft:pink_wool":92,"minecraft:gray_concrete_powder":680,"minecraft:diamond_boots":2},"minecraft:crafted":{"minecraft:black_dye":23,"minecraft:smooth_stone":19,"minecraft:birch_boat":1,"minecraft:birch_slab":708,"minecraft:loom":1,"minecraft:polished_blackstone_slab":78,"minecraft:bookshelf":1,"minecraft:cooked_mutton":11,"minecraft:quartz_block":801,"minecraft:diamond_helmet":1,"minecraft:repeater":11,"minecraft:white_glazed_terracotta":1,"minecraft:birch_fence_gate":2,"minecraft:polished_blackstone":60,"minecraft:magenta_dye":542,"minecraft:name_tag":8,"minecraft:flower_pot":2,"minecraft:emerald":248,"minecraft:cooked_porkchop":10,"minecraft:jungle_boat":1,"minecraft:acacia_slab":18,"minecraft:prismarine_bricks":170,"minecraft:smithing_table":1,"minecraft:copper_ingot":64,"minecraft:sticky_piston":2,"minecraft:cartography_table":1,"minecraft:lime_bed":1,"minecraft:lectern":4,"minecraft:stone_slab":6,"minecraft:iron_pickaxe":4,"minecraft:iron_block":548,"minecraft:acacia_door":3,"minecraft:gold_ingot":44,"minecraft:light_gray_dye":1,"minecraft:composter":1,"minecraft:birch_stairs":60,"minecraft:jungle_sign":3,"minecraft:prismarine":369,"minecraft:stone_shovel":1,"minecraft:smooth_stone_slab":6,"minecraft:iron_nugget":576,"minecraft:bone_meal":12,"minecraft:pink_dye":364,"minecraft:diamond":126,"minecraft:black_concrete_powder":184,"minecraft:ladder":3,"minecraft:stone_pickaxe":2,"minecraft:quartz_slab":276,"minecraft:spruce_boat":1,"minecraft:redstone_block":21,"minecraft:golden_helmet":1,"minecraft:coal_block":9,"minecraft:dried_kelp":1,"minecraft:blue_bed":1,"minecraft:gray_concrete_powder":680,"minecraft:jungle_slab":24,"minecraft:sandstone_wall":42,"minecraft:acacia_sign":30,"minecraft:wooden_axe":1,"minecraft:writable_book":40,"minecraft:iron_shovel":1,"minecraft:iron_leggings":1,"minecraft:lime_wool":3,"minecraft:brick":13,"minecraft:grindstone":1,"minecraft:oak_planks":4,"minecraft:barrel":1,"minecraft:cooked_chicken":1,"minecraft:stone":440,"minecraft:pink_carpet":51,"minecraft:green_dye":3,"minecraft:iron_boots":2,"minecraft:raw_copper":279,"minecraft:chest":46,"minecraft:copper_block":7,"minecraft:stone_bricks":348,"minecraft:golden_sword":1,"minecraft:golden_boots":1,"minecraft:smoker":1,"minecraft:quartz_stairs":40,"minecraft:item_frame":9,"minecraft:cauldron":2,"minecraft:crafting_table":4,"minecraft:spruce_planks":172,"minecraft:baked_potato":154,"minecraft:iron_helmet":1,"minecraft:birch_planks":1451,"minecraft:iron_chestplate":1,"minecraft:book":40,"minecraft:paper":75,"minecraft:yellow_dye":850,"minecraft:pink_wool":3,"minecraft:birch_fence":393,"minecraft:stick":552,"minecraft:iron_ingot":569,"minecraft:redstone_torch":22,"minecraft:shears":1,"minecraft:sandstone_stairs":8,"minecraft:wooden_sword":2,"minecraft:cookie":160,"minecraft:redstone":333,"minecraft:tripwire_hook":2,"minecraft:furnace":3,"minecraft:blast_furnace":1,"minecraft:piston":26,"minecraft:mushroom_stew":16,"minecraft:raw_copper_block":31,"minecraft:diamond_block":2,"minecraft:white_concrete_powder":256,"minecraft:iron_axe":1,"minecraft:iron_hoe":1,"minecraft:lime_dye":6,"minecraft:observer":14,"minecraft:minecart":10,"minecraft:cooked_beef":8,"minecraft:red_dye":340,"minecraft:cooked_cod":1,"minecraft:magenta_bed":1,"minecraft:iron_trapdoor":16,"minecraft:spruce_sign":33,"minecraft:iron_sword":1,"minecraft:bowl":16,"minecraft:bucket":2,"minecraft:stone_axe":2,"minecraft:air":0,"minecraft:jungle_planks":48,"minecraft:blue_dye":3,"minecraft:white_dye":5,"minecraft:anvil":1,"minecraft:pink_banner":3,"minecraft:acacia_planks":960,"minecraft:lapis_block":47},"minecraft:used":{"minecraft:writable_book":80,"minecraft:polished_blackstone":2,"minecraft:spruce_slab":4,"minecraft:elytra":1,"minecraft:ladder":9,"minecraft:chest":59,"minecraft:stone":137,"minecraft:quartz_stairs":97,"minecraft:rotten_flesh":1,"minecraft:jungle_slab":22,"minecraft:acacia_sapling":12,"minecraft:spruce_boat":10,"minecraft:polished_blackstone_slab":19,"minecraft:honey_block":1,"minecraft:lava_bucket":9,"minecraft:grass_block":1,"minecraft:quartz_block":708,"minecraft:pink_wool":687,"minecraft:bow":1,"minecraft:sweet_berries":157,"minecraft:oak_sapling":9,"minecraft:furnace":5,"minecraft:egg":4,"minecraft:potato":53,"minecraft:diorite":5,"minecraft:chorus_fruit":6,"minecraft:blackstone":4,"minecraft:composter":14,"minecraft:clay":1,"minecraft:jungle_boat":9,"minecraft:cookie":78,"minecraft:golden_apple":1,"minecraft:blast_furnace":3,"minecraft:gray_concrete":319,"minecraft:birch_fence":442,"minecraft:deepslate_tiles":2,"minecraft:birch_slab":858,"minecraft:lectern":6,"minecraft:nether_wart_block":1,"minecraft:diamond_sword":166,"minecraft:wooden_sword":33,"minecraft:oak_boat":2,"minecraft:oak_trapdoor":4,"minecraft:enchanting_table":1,"minecraft:acacia_log":20,"minecraft:mycelium":107,"minecraft:sandstone_wall":37,"minecraft:netherrack":13,"minecraft:torch":15,"minecraft:brewing_stand":3,"minecraft:anvil":1,"minecraft:shroomlight":5,"minecraft:sea_lantern":45,"minecraft:iron_block":328,"minecraft:iron_axe":249,"minecraft:tripwire_hook":2,"minecraft:iron_trapdoor":2,"minecraft:cobbled_deepslate":51,"minecraft:acacia_planks":144,"minecraft:orange_terracotta":20,"minecraft:wheat_seeds":119,"minecraft:water_bucket":48,"minecraft:birch_planks":217,"minecraft:cauldron":1,"minecraft:rail":3,"minecraft:comparator":4,"minecraft:crafting_table":13,"minecraft:birch_sign":1,"minecraft:white_bed":3,"minecraft:diamond_pickaxe":3220,"minecraft:cornflower":3,"minecraft:diamond_shovel":3581,"minecraft:acacia_sign":39,"minecraft:suspicious_stew":2,"minecraft:iron_pickaxe":671,"minecraft:cobblestone":446,"minecraft:potion":10,"minecraft:cooked_porkchop":301,"minecraft:porkchop":1,"minecraft:glass_pane":22,"minecraft:brown_mushroom_block":1,"minecraft:blue_terracotta":38,"minecraft:light_gray_dye":1,"minecraft:iron_shovel":410,"minecraft:oak_sign":14,"minecraft:white_concrete_powder":6,"minecraft:iron_sword":54,"minecraft:nether_wart":12,"minecraft:bell":2,"minecraft:player_head":3,"minecraft:iron_chestplate":2,"minecraft:jungle_planks":3,"minecraft:carrot":72,"minecraft:tuff":15,"minecraft:axolotl_bucket":10,"minecraft:glass":8,"minecraft:cyan_terracotta":5,"minecraft:quartz_slab":219,"minecraft:iron_helmet":1,"minecraft:stone_bricks":257,"minecraft:item_frame":9,"minecraft:golden_sword":3,"minecraft:repeater":4,"minecraft:hay_block":1,"minecraft:written_book":12,"minecraft:scaffolding":283,"minecraft:beetroot_seeds":42,"minecraft:diamond_boots":1,"minecraft:dark_oak_sign":6,"minecraft:stone_pickaxe":262,"minecraft:oak_planks":6,"minecraft:ender_pearl":2,"minecraft:sandstone":1,"minecraft:blue_bed":2,"minecraft:diamond_axe":107,"minecraft:sugar_cane":8,"minecraft:white_wool":167,"minecraft:yellow_terracotta":197,"minecraft:loom":1,"minecraft:mushroom_stew":1,"minecraft:shears":45,"minecraft:lever":1,"minecraft:firework_rocket":1126,"minecraft:birch_fence_gate":2,"minecraft:acacia_door":2,"minecraft:melon_slice":162,"minecraft:bread":3,"minecraft:string":6,"minecraft:iron_door":1,"minecraft:deepslate":85,"minecraft:gravel":31,"minecraft:jungle_sign":12,"minecraft:pufferfish_bucket":1,"minecraft:andesite":2,"minecraft:chain":15,"minecraft:white_concrete":134,"minecraft:tropical_fish_bucket":4,"minecraft:trident":1,"minecraft:rose_bush":1,"minecraft:crimson_fence":27,"minecraft:stone_shovel":43,"minecraft:redstone":43,"minecraft:wooden_shovel":27,"minecraft:cooked_chicken":2,"minecraft:oak_door":2,"minecraft:dirt":668,"minecraft:spyglass":315,"minecraft:shulker_box":121,"minecraft:pink_carpet":63,"minecraft:granite":17,"minecraft:iron_hoe":1,"minecraft:stone_brick_slab":11,"minecraft:wooden_axe":58,"minecraft:oak_stairs":2,"minecraft:acacia_slab":2,"minecraft:iron_boots":2,"minecraft:golden_carrot":3,"minecraft:minecart":2,"minecraft:cooked_beef":4,"minecraft:iron_leggings":2,"minecraft:cooked_mutton":10,"minecraft:baked_potato":80,"minecraft:pink_banner":3,"minecraft:birch_boat":2,"minecraft:spruce_sign":63,"minecraft:stonecutter":4,"minecraft:terracotta":34,"minecraft:lime_bed":1,"minecraft:magenta_bed":1,"minecraft:smoker":1,"minecraft:black_wool":56,"minecraft:flower_pot":2,"minecraft:activator_rail":6,"minecraft:apple":1,"minecraft:netherite_axe":278,"minecraft:stone_axe":229,"minecraft:lapis_block":1,"minecraft:bucket":77,"minecraft:yellow_bed":2,"minecraft:pumpkin_pie":4,"minecraft:polished_blackstone_button":1,"minecraft:splash_potion":1,"minecraft:birch_stairs":69},"minecraft:killed_by":{"minecraft:piglin":2,"minecraft:player":1,"minecraft:iron_golem":1,"minecraft:skeleton":1},"minecraft:picked_up":{"minecraft:iron_chestplate":7,"minecraft:prismarine_shard":1,"minecraft:lead":44,"minecraft:diamond_sword":1,"minecraft:oak_stairs":2,"minecraft:brewing_stand":1,"minecraft:amethyst_block":1,"minecraft:string":108,"minecraft:dark_oak_pressure_plate":1,"minecraft:dark_oak_trapdoor":16,"minecraft:shroomlight":3,"minecraft:beetroot":36,"minecraft:diamond_leggings":3,"minecraft:gold_nugget":10,"minecraft:cobbled_deepslate":153,"minecraft:crimson_fence":14,"minecraft:spruce_planks":10,"minecraft:acacia_sign":10,"minecraft:written_book":3,"minecraft:melon_slice":581,"minecraft:golden_helmet":2,"minecraft:composter":15,"minecraft:acacia_log":261,"minecraft:pink_carpet":12,"minecraft:sandstone_wall":2,"minecraft:tropical_fish":6,"minecraft:iron_block":31,"minecraft:carved_pumpkin":1,"minecraft:bookshelf":1,"minecraft:white_terracotta":13,"minecraft:birch_log":6,"minecraft:feather":38,"minecraft:cooked_beef":1,"minecraft:iron_door":1,"minecraft:birch_slab":166,"minecraft:jungle_log":19,"minecraft:brown_wool":3,"minecraft:flint":12,"minecraft:gray_concrete":66,"minecraft:stonecutter":5,"minecraft:dark_oak_sign":38,"minecraft:diamond_helmet":3,"minecraft:ink_sac":74,"minecraft:brown_mushroom_block":42,"minecraft:blue_terracotta":23,"minecraft:deepslate":780,"minecraft:lever":7,"minecraft:writable_book":13,"minecraft:granite":160,"minecraft:golden_horse_armor":2,"minecraft:bread":67,"minecraft:dark_oak_fence":9,"minecraft:crimson_roots":8,"minecraft:diamond_pickaxe":6,"minecraft:magenta_glazed_terracotta":192,"minecraft:crafting_table":9,"minecraft:nether_wart":34,"minecraft:clay_ball":1060,"minecraft:crimson_trapdoor":2,"minecraft:cornflower":6,"minecraft:elytra":8,"minecraft:flint_and_steel":1,"minecraft:iron_shovel":3,"minecraft:beef":13,"minecraft:iron_nugget":18,"minecraft:poppy":38,"minecraft:spruce_slab":4,"minecraft:minecart":3,"minecraft:quartz_stairs":63,"minecraft:chest":20,"minecraft:piston":9,"minecraft:egg":6,"minecraft:stone":688,"minecraft:oak_door":2,"minecraft:fire_charge":2,"minecraft:carrot":281,"minecraft:redstone":24,"minecraft:mushroom_stem":5,"minecraft:prismarine_crystals":9,"minecraft:jungle_sign":8,"minecraft:tnt":20,"minecraft:diamond_chestplate":1,"minecraft:beetroot_seeds":160,"minecraft:peony":180,"minecraft:deepslate_bricks":7,"minecraft:shears":2,"minecraft:diamond_boots":4,"minecraft:hay_block":1,"minecraft:yellow_terracotta":241,"minecraft:polished_blackstone":7,"minecraft:glow_berries":4,"minecraft:mutton":16,"minecraft:white_wool":77,"minecraft:rail":66,"minecraft:crimson_slab":10,"minecraft:oxeye_daisy":2,"minecraft:red_mushroom_block":50,"minecraft:red_mushroom":104,"minecraft:filled_map":14,"minecraft:oak_log":6,"minecraft:blue_bed":1,"minecraft:paper":16,"minecraft:birch_pressure_plate":2,"minecraft:stone_bricks":69,"minecraft:apple":3,"minecraft:kelp":38,"minecraft:glass_bottle":2,"minecraft:iron_sword":3,"minecraft:sweet_berries":379,"minecraft:spyglass":3,"minecraft:gravel":106,"minecraft:birch_stairs":42,"minecraft:crimson_stairs":2,"minecraft:spruce_log":5,"minecraft:crying_obsidian":1,"minecraft:diamond_shovel":3,"minecraft:firework_rocket":197,"minecraft:stone_axe":1,"minecraft:deepslate_redstone_ore":2,"minecraft:birch_sign":1,"minecraft:gray_wool":1,"minecraft:baked_potato":93,"minecraft:ender_pearl":25,"minecraft:wheat":124,"minecraft:iron_trapdoor":2,"minecraft:potion":1,"minecraft:nether_brick":27,"minecraft:lapis_block":1,"minecraft:smooth_stone_slab":48,"minecraft:iron_leggings":6,"minecraft:armor_stand":1,"minecraft:oak_sign":9,"minecraft:sea_pickle":3,"minecraft:activator_rail":9,"minecraft:deepslate_tiles":2,"minecraft:red_sand":1,"minecraft:smooth_stone":13,"minecraft:comparator":3,"minecraft:bucket":2,"minecraft:red_dye":1,"minecraft:rose_bush":170,"minecraft:cobblestone_slab":2,"minecraft:iron_pickaxe":9,"minecraft:iron_boots":10,"minecraft:furnace":1,"minecraft:stick":39,"minecraft:brown_terracotta":9,"minecraft:torch":69,"minecraft:porkchop":3,"minecraft:diorite":51,"minecraft:quartz_block":193,"minecraft:cactus":3,"minecraft:rotten_flesh":34,"minecraft:brown_shulker_box":2,"minecraft:obsidian":6,"minecraft:cobblestone":760,"minecraft:enchanting_table":1,"minecraft:lilac":271,"minecraft:repeater":2,"minecraft:andesite":8,"minecraft:potato":149,"minecraft:tuff":20,"minecraft:prismarine_bricks":55,"minecraft:dirt":2570,"minecraft:lapis_lazuli":67,"minecraft:name_tag":9,"minecraft:glass":11,"minecraft:bone":390,"minecraft:acacia_planks":25,"minecraft:bow":1,"minecraft:wheat_seeds":369,"minecraft:raw_gold":5,"minecraft:bell":3,"minecraft:netherite_axe":4,"minecraft:bamboo":188,"minecraft:prismarine":787,"minecraft:oak_planks":3,"minecraft:stone_hoe":1,"minecraft:music_disc_13":1,"minecraft:cooked_porkchop":244,"minecraft:polished_blackstone_slab":2,"minecraft:axolotl_bucket":1,"minecraft:sand":73,"minecraft:diamond_block":7,"minecraft:grass_block":4,"minecraft:lily_of_the_valley":3,"minecraft:spectral_arrow":22,"minecraft:jungle_slab":2,"minecraft:shulker_box":143,"minecraft:mossy_cobblestone":21,"minecraft:clay":1,"minecraft:black_concrete":6,"minecraft:spruce_boat":11,"minecraft:diamond":131,"minecraft:polished_blackstone_button":1,"minecraft:golden_apple":2,"minecraft:white_concrete":214,"minecraft:spruce_sign":33,"minecraft:emerald":10,"minecraft:oak_sapling":18,"minecraft:netherrack":1954,"minecraft:fishing_rod":1,"minecraft:cocoa_beans":38,"minecraft:chicken":2,"minecraft:azure_bluet":1,"minecraft:splash_potion":2,"minecraft:ladder":30,"minecraft:brown_mushroom":31,"minecraft:packed_ice":1,"minecraft:pink_wool":241,"minecraft:chain":15,"minecraft:oak_trapdoor":12,"minecraft:iron_axe":2,"minecraft:wooden_sword":6,"minecraft:quartz_slab":151,"minecraft:blackstone":3,"minecraft:birch_fence":49,"minecraft:oak_boat":3,"minecraft:player_head":8,"minecraft:lectern":7,"minecraft:sugar_cane":110,"minecraft:phantom_membrane":5,"minecraft:raw_iron":36,"minecraft:copper_ingot":58,"minecraft:bowl":4,"minecraft:trident":1,"minecraft:iron_horse_armor":2,"minecraft:dark_oak_planks":2,"minecraft:weeping_vines":37,"minecraft:arrow":13,"minecraft:pumpkin_pie":4,"minecraft:black_banner":1,"minecraft:jungle_boat":8,"minecraft:basalt":17,"minecraft:golden_carrot":29,"minecraft:glow_ink_sac":10,"minecraft:leather":27,"minecraft:birch_planks":98,"minecraft:crimson_fungus":1,"minecraft:nether_wart_block":1,"minecraft:yellow_bed":3,"minecraft:gunpowder":1,"minecraft:orange_terracotta":57,"minecraft:gray_carpet":17,"minecraft:heart_of_the_sea":2,"minecraft:iron_ingot":41,"minecraft:cooked_chicken":2,"minecraft:acacia_sapling":12,"minecraft:book":17,"minecraft:scaffolding":237,"minecraft:warped_fungus":6,"minecraft:pumpkin":10,"minecraft:birch_boat":1,"minecraft:stone_brick_slab":19,"minecraft:quartz":34,"minecraft:lava_bucket":1,"minecraft:blast_furnace":2,"minecraft:white_bed":7,"minecraft:spider_eye":9,"minecraft:honey_block":17,"minecraft:iron_helmet":4,"minecraft:terracotta":78,"minecraft:black_wool":68,"minecraft:acacia_slab":2,"minecraft:coal":25,"minecraft:sunflower":436}},"DataVersion":2975}