{"stats":{"minecraft:mined":{"minecraft:iron_ore":1,"minecraft:spruce_log":14,"minecraft:crafting_table":1,"minecraft:grass_block":3,"minecraft:dirt":2,"minecraft:spruce_leaves":8,"minecraft:stone":9},"minecraft:crafted":{"minecraft:crafting_table":1,"minecraft:spruce_planks":56,"minecraft:wooden_pickaxe":1,"minecraft:stone_pickaxe":1},"minecraft:used":{"minecraft:stone_pickaxe":7,"minecraft:wooden_pickaxe":3,"minecraft:glow_berries":4,"minecraft:dirt":5,"minecraft:crafting_table":1,"minecraft:sweet_berries":16,"minecraft:written_book":1,"minecraft:cooked_beef":1},"minecraft:custom":{"minecraft:time_since_rest":25453,"minecraft:damage_taken":250,"minecraft:interact_with_furnace":1,"minecraft:sprint_one_cm":56916,"minecraft:open_enderchest":3,"minecraft:walk_one_cm":54513,"minecraft:damage_dealt":3,"minecraft:swim_one_cm":27,"minecraft:interact_with_crafting_table":5,"minecraft:fly_one_cm":73878,"minecraft:open_barrel":3,"minecraft:open_chest":10,"minecraft:crouch_one_cm":411,"minecraft:open_shulker_box":1,"minecraft:play_time":25453,"minecraft:sneak_time":349,"minecraft:walk_under_water_one_cm":2780,"minecraft:pot_flower":2,"minecraft:boat_one_cm":43267,"minecraft:jump":354,"minecraft:leave_game":1,"minecraft:walk_on_water_one_cm":75,"minecraft:time_since_death":25453,"minecraft:total_world_time":25453,"minecraft:fall_one_cm":10264,"minecraft:horse_one_cm":361},"minecraft:picked_up":{"minecraft:stick":4,"minecraft:raw_iron":1,"minecraft:crafting_table":1,"minecraft:cooked_beef":15,"minecraft:sweet_berries":20,"minecraft:spruce_log":14,"minecraft:dirt":5,"minecraft:written_book":1,"minecraft:glow_berries":4,"minecraft:cobblestone":9}},"DataVersion":3120}