{"stats":{"minecraft:mined":{"minecraft:stripped_warped_stem":56,"minecraft:red_shulker_box":46,"minecraft:white_bed":5,"minecraft:obsidian":230,"minecraft:granite":360,"minecraft:crimson_trapdoor":4,"minecraft:jungle_log":1,"minecraft:deepslate_bricks":32,"minecraft:lime_stained_glass":1,"minecraft:crimson_fungus":11,"minecraft:chiseled_stone_bricks":5,"minecraft:weeping_vines_plant":5,"minecraft:tall_seagrass":2,"minecraft:magma_block":69,"minecraft:cobbled_deepslate":83,"minecraft:fire":102,"minecraft:moss_carpet":29,"minecraft:granite_slab":7,"minecraft:deepslate_lapis_ore":49,"minecraft:enchanting_table":2,"minecraft:cave_vines":43,"minecraft:dirt_path":40,"minecraft:oak_stairs":16,"minecraft:quartz_slab":7,"minecraft:spruce_pressure_plate":1,"minecraft:deepslate_brick_stairs":1,"minecraft:iron_block":201,"minecraft:blue_orchid":48,"minecraft:player_head":1,"minecraft:tripwire":44,"minecraft:brown_mushroom":55,"minecraft:red_bed":10,"minecraft:kelp_plant":1,"minecraft:player_wall_head":46,"minecraft:crimson_nylium":181,"minecraft:soul_fire":16,"minecraft:amethyst_cluster":37,"minecraft:deepslate_tile_slab":67,"minecraft:powder_snow":4,"minecraft:torch":249,"minecraft:smooth_quartz_slab":8,"minecraft:glass":3,"minecraft:sugar_cane":242,"minecraft:damaged_anvil":2,"minecraft:spruce_sign":3,"minecraft:amethyst_block":8,"minecraft:chain":9,"minecraft:repeater":3,"minecraft:black_concrete_powder":7,"minecraft:wheat":217,"minecraft:jukebox":1,"minecraft:warped_fungus":2,"minecraft:stone_brick_stairs":22,"minecraft:grass":160,"minecraft:dark_oak_sapling":4,"minecraft:smooth_quartz":5,"minecraft:smooth_basalt":96,"minecraft:red_mushroom_block":1007,"minecraft:yellow_stained_glass":1,"minecraft:stripped_crimson_stem":3,"minecraft:piston":2,"minecraft:deepslate":7908,"minecraft:infested_deepslate":1,"minecraft:dark_prismarine":2,"minecraft:deepslate_tiles":44,"minecraft:pink_shulker_box":135,"minecraft:blue_stained_glass_pane":3,"minecraft:light_blue_wool":3,"minecraft:dark_oak_log":286,"minecraft:shulker_box":139,"minecraft:dark_oak_fence":5,"minecraft:cobbled_deepslate_slab":3,"minecraft:crimson_roots":18,"minecraft:redstone_wire":11,"minecraft:moss_block":881,"minecraft:red_mushroom":30,"minecraft:snow":1992,"minecraft:andesite":344,"minecraft:diamond_block":1,"minecraft:big_dripleaf_stem":2,"minecraft:rail":30,"minecraft:potatoes":1,"minecraft:vine":87,"minecraft:cobblestone_slab":5,"minecraft:warped_stem":192,"minecraft:bamboo_sapling":4,"minecraft:bamboo":20,"minecraft:warped_trapdoor":1,"minecraft:bone_block":114,"minecraft:white_wool":15,"minecraft:ender_chest":116,"minecraft:oak_slab":55,"minecraft:gray_concrete":2,"minecraft:glass_pane":4,"minecraft:soul_sand":33,"minecraft:stone_brick_slab":3,"minecraft:cornflower":1,"minecraft:warped_roots":4,"minecraft:purpur_pillar":1,"minecraft:tall_grass":70,"minecraft:copper_ore":5,"minecraft:deepslate_gold_ore":24,"minecraft:diorite":273,"minecraft:big_dripleaf":3,"minecraft:warped_wart_block":494,"minecraft:red_terracotta":4,"minecraft:coarse_dirt":58,"minecraft:cobblestone_wall":1,"minecraft:white_carpet":5,"minecraft:spruce_log":503,"minecraft:birch_leaves":207,"minecraft:quartz_pillar":3,"minecraft:mycelium":1349,"minecraft:gravel":1493,"minecraft:dripstone_block":4,"minecraft:oak_button":6,"minecraft:stone_bricks":12,"minecraft:chipped_anvil":2,"minecraft:infested_stone":1,"minecraft:deepslate_emerald_ore":1,"minecraft:iron_trapdoor":1,"minecraft:fern":5,"minecraft:large_amethyst_bud":1,"minecraft:spruce_planks":95,"minecraft:oak_sapling":2,"minecraft:cobbled_deepslate_stairs":28,"minecraft:jungle_slab":1,"minecraft:cobblestone_stairs":4,"minecraft:sculk_vein":1,"minecraft:brewing_stand":2,"minecraft:spruce_trapdoor":2,"minecraft:cave_vines_plant":29,"minecraft:stripped_crimson_hyphae":1,"minecraft:grass_block":2282,"minecraft:white_concrete":60,"minecraft:soul_soil":753,"minecraft:polished_diorite":2,"minecraft:stripped_warped_hyphae":3,"minecraft:iron_ore":11,"minecraft:anvil":2,"minecraft:azure_bluet":1,"minecraft:pointed_dripstone":73,"minecraft:azalea":19,"minecraft:end_stone_bricks":2,"minecraft:granite_stairs":18,"minecraft:spruce_slab":202,"minecraft:deepslate_redstone_ore":21,"minecraft:brown_shulker_box":31,"minecraft:quartz_block":51,"minecraft:blackstone":784,"minecraft:clay":207,"minecraft:calcite":171,"minecraft:poppy":1,"minecraft:beacon":2,"minecraft:chest":48,"minecraft:mushroom_stem":257,"minecraft:nether_quartz_ore":995,"minecraft:cobblestone":112,"minecraft:grindstone":5,"minecraft:oak_planks":29,"minecraft:iron_door":2,"minecraft:wall_torch":83,"minecraft:deepslate_copper_ore":2,"minecraft:stone_stairs":78,"minecraft:warped_nylium":70,"minecraft:nether_wart_block":514,"minecraft:blue_ice":41,"minecraft:light_gray_wool":2,"minecraft:stripped_oak_wood":1,"minecraft:tnt":34,"minecraft:purpur_block":1,"minecraft:oak_log":429,"minecraft:sand":918,"minecraft:dirt":4675,"minecraft:ancient_debris":32,"minecraft:netherrack":9078,"minecraft:oak_leaves":551,"minecraft:emerald_block":53,"minecraft:granite_wall":14,"minecraft:nether_gold_ore":32,"minecraft:diamond_ore":4,"minecraft:tuff":743,"minecraft:red_carpet":6,"minecraft:quartz_stairs":2,"minecraft:dark_oak_leaves":205,"minecraft:deepslate_diamond_ore":255,"minecraft:red_stained_glass":5,"minecraft:glow_lichen":6,"minecraft:lever":16,"minecraft:black_banner":1,"minecraft:weeping_vines":3,"minecraft:white_stained_glass":3,"minecraft:brown_mushroom_block":1195,"minecraft:soul_campfire":2,"minecraft:polished_andesite_slab":17,"minecraft:spruce_leaves":22,"minecraft:sandstone":4,"minecraft:rooted_dirt":246,"minecraft:crimson_stem":400,"minecraft:large_fern":4,"minecraft:spore_blossom":17,"minecraft:deepslate_brick_slab":1,"minecraft:furnace":16,"minecraft:spruce_sapling":1,"minecraft:heavy_weighted_pressure_plate":2,"minecraft:polished_basalt":136,"minecraft:nether_sprouts":1,"minecraft:stripped_spruce_log":6,"minecraft:black_concrete":24,"minecraft:peony":1,"minecraft:gold_block":23,"minecraft:bookshelf":35,"minecraft:deepslate_iron_ore":19,"minecraft:shroomlight":22,"minecraft:lantern":6,"minecraft:stripped_oak_log":10,"minecraft:packed_ice":4514,"minecraft:stone":7521,"minecraft:pink_terracotta":1,"minecraft:podzol":5,"minecraft:light_blue_shulker_box":4,"minecraft:flowering_azalea":15,"minecraft:magenta_stained_glass":2,"minecraft:snow_block":87,"minecraft:basalt":1644,"minecraft:spruce_door":1,"minecraft:warped_fence":4,"minecraft:oak_fence":6,"minecraft:crafting_table":96,"minecraft:blackstone_slab":42,"minecraft:oak_wood":6,"minecraft:rose_bush":6,"minecraft:lime_carpet":5,"minecraft:stone_slab":89,"minecraft:deepslate_coal_ore":1,"minecraft:red_glazed_terracotta":5,"minecraft:lapis_ore":7,"minecraft:sculk":2,"minecraft:spruce_stairs":54,"minecraft:sweet_berry_bush":1,"minecraft:black_wall_banner":3,"minecraft:ice":36,"minecraft:bee_nest":1,"minecraft:yellow_bed":1,"minecraft:warped_hyphae":1,"minecraft:coal_ore":221,"minecraft:polished_andesite":2,"minecraft:small_dripleaf":1,"minecraft:crimson_fence":5,"minecraft:crimson_hyphae":3},"minecraft:picked_up":{"minecraft:iron_chestplate":10,"minecraft:chainmail_boots":3,"minecraft:anvil":70,"minecraft:prismarine_shard":741,"minecraft:stone_slab":106,"minecraft:diamond_sword":21,"minecraft:oak_stairs":35,"minecraft:enchanted_book":10,"minecraft:purple_shulker_box":11,"minecraft:brewing_stand":2,"minecraft:golden_sword":1,"minecraft:amethyst_block":8,"minecraft:string":515,"minecraft:soul_soil":1263,"minecraft:cooked_salmon":1,"minecraft:pufferfish":1,"minecraft:shroomlight":36,"minecraft:blue_stained_glass_pane":15,"minecraft:diamond_leggings":18,"minecraft:gold_nugget":99,"minecraft:cobbled_deepslate":2405,"minecraft:crimson_fence":8,"minecraft:spruce_planks":241,"minecraft:acacia_sign":8,"minecraft:written_book":13,"minecraft:diamond_ore":2,"minecraft:golden_helmet":12,"minecraft:spruce_pressure_plate":1,"minecraft:jukebox":1,"minecraft:big_dripleaf":16,"minecraft:purpur_pillar":1,"minecraft:warped_planks":28,"minecraft:golden_chestplate":2,"minecraft:black_dye":50,"minecraft:lime_carpet":4,"minecraft:light_blue_wool":6,"minecraft:tropical_fish":3,"minecraft:polished_basalt":133,"minecraft:iron_block":423,"minecraft:bookshelf":35,"minecraft:netherite_chestplate":31,"minecraft:blaze_rod":8,"minecraft:snowball":2041,"minecraft:magma_block":66,"minecraft:feather":5,"minecraft:cooked_beef":370,"minecraft:iron_door":2,"minecraft:water_bucket":19,"minecraft:jungle_log":1,"minecraft:dark_oak_boat":1,"minecraft:smoker":9,"minecraft:flint":216,"minecraft:gray_concrete":2,"minecraft:netherite_leggings":21,"minecraft:lantern":48,"minecraft:twisting_vines":13,"minecraft:chipped_anvil":2,"minecraft:large_amethyst_bud":2,"minecraft:warped_hyphae":25,"minecraft:diamond_helmet":16,"minecraft:glowstone_dust":6,"minecraft:moss_block":1369,"minecraft:glow_lichen":1,"minecraft:warped_wart_block":698,"minecraft:stripped_crimson_stem":3,"minecraft:ink_sac":110,"minecraft:stripped_spruce_log":10,"minecraft:granite_slab":17,"minecraft:brown_mushroom_block":1784,"minecraft:dark_oak_log":868,"minecraft:red_terracotta":3,"minecraft:iron_hoe":5,"minecraft:polished_andesite":14,"minecraft:dispenser":2,"minecraft:black_concrete_powder":431,"minecraft:deepslate":12271,"minecraft:lever":17,"minecraft:writable_book":11,"minecraft:deepslate_gold_ore":18,"minecraft:blue_ice":39,"minecraft:granite":588,"minecraft:deepslate_coal_ore":1,"minecraft:chainmail_helmet":1,"minecraft:bread":34,"minecraft:rooted_dirt":239,"minecraft:dark_oak_fence":54,"minecraft:crimson_roots":72,"minecraft:diamond_pickaxe":14,"minecraft:coarse_dirt":151,"minecraft:crafting_table":102,"minecraft:bee_nest":4,"minecraft:stripped_warped_hyphae":6,"minecraft:clay_ball":216,"minecraft:leather_leggings":5,"minecraft:crimson_trapdoor":4,"minecraft:purpur_block":1,"minecraft:heavy_weighted_pressure_plate":2,"minecraft:cornflower":6,"minecraft:red_bed":19,"minecraft:elytra":42,"minecraft:flint_and_steel":19,"minecraft:snow":10,"minecraft:netherite_scrap":1,"minecraft:white_carpet":22,"minecraft:white_stained_glass":7,"minecraft:iron_shovel":13,"minecraft:glass_pane":4,"minecraft:netherite_sword":28,"minecraft:stripped_warped_stem":97,"minecraft:deepslate_diamond_ore":173,"minecraft:music_disc_otherside":22,"minecraft:beef":19,"minecraft:iron_nugget":4,"minecraft:poppy":9,"minecraft:spruce_slab":253,"minecraft:minecart":5,"minecraft:quartz_stairs":2,"minecraft:chest":52,"minecraft:birch_sapling":4,"minecraft:piston":2,"minecraft:egg":6,"minecraft:copper_ore":10,"minecraft:sandstone":4,"minecraft:stone":7158,"minecraft:amethyst_cluster":87,"minecraft:fire_charge":1,"minecraft:white_dye":16,"minecraft:carrot":9,"minecraft:mushroom_stem":436,"minecraft:redstone":605,"minecraft:netherite_pickaxe":44,"minecraft:prismarine_crystals":374,"minecraft:tnt":172,"minecraft:stone_shovel":1,"minecraft:diamond_chestplate":16,"minecraft:cooked_cod":116,"minecraft:peony":90,"minecraft:deepslate_bricks":270,"minecraft:diamond_boots":18,"minecraft:gold_ingot":7,"minecraft:totem_of_undying":6,"minecraft:glow_berries":186,"minecraft:rail":85,"minecraft:white_wool":30,"minecraft:bone_block":1217,"minecraft:lapis_ore":7,"minecraft:stripped_oak_log":16,"minecraft:birch_leaves":329,"minecraft:yellow_shulker_box":1,"minecraft:red_mushroom_block":1850,"minecraft:red_glazed_terracotta":4,"minecraft:blackstone_slab":187,"minecraft:red_mushroom":109,"minecraft:filled_map":7,"minecraft:oak_log":722,"minecraft:lily_pad":4,"minecraft:ancient_debris":33,"minecraft:golden_boots":18,"minecraft:paper":47,"minecraft:apple":7,"minecraft:stone_bricks":13,"minecraft:warped_stem":271,"minecraft:yellow_stained_glass":1,"minecraft:spore_blossom":17,"minecraft:stone_pickaxe":1,"minecraft:iron_ore":6,"minecraft:glass_bottle":3,"minecraft:iron_sword":4,"minecraft:flowering_azalea":24,"minecraft:smooth_basalt":242,"minecraft:milk_bucket":3,"minecraft:sweet_berries":58,"minecraft:red_wool":3,"minecraft:spyglass":3,"minecraft:gravel":2921,"minecraft:spruce_sapling":20,"minecraft:spruce_log":598,"minecraft:leather_helmet":3,"minecraft:oak_wood":51,"minecraft:firework_rocket":198,"minecraft:diamond_shovel":23,"minecraft:red_stained_glass":5,"minecraft:coal_ore":284,"minecraft:slime_ball":502,"minecraft:stone_axe":1,"minecraft:polished_diorite":2,"minecraft:deepslate_redstone_ore":32,"minecraft:diamond_axe":12,"minecraft:painting":1,"minecraft:birch_sign":1,"minecraft:warped_roots":82,"minecraft:oak_button":11,"minecraft:baked_potato":941,"minecraft:warped_nylium":127,"minecraft:crimson_nylium":232,"minecraft:smooth_quartz_slab":9,"minecraft:ender_pearl":1528,"minecraft:shulker_shell":2,"minecraft:wheat":213,"minecraft:ender_chest":119,"minecraft:iron_trapdoor":1,"minecraft:potion":82,"minecraft:stone_brick_stairs":19,"minecraft:crimson_planks":6,"minecraft:raw_copper":50,"minecraft:deepslate_lapis_ore":39,"minecraft:iron_leggings":9,"minecraft:pink_shulker_box":137,"minecraft:oak_sign":3,"minecraft:deepslate_tiles":140,"minecraft:bucket":1,"minecraft:dark_oak_leaves":208,"minecraft:rose_bush":137,"minecraft:redstone_torch":6,"minecraft:cobblestone_slab":5,"minecraft:calcite":398,"minecraft:azalea":53,"minecraft:smooth_quartz":5,"minecraft:iron_pickaxe":9,"minecraft:smooth_quartz_stairs":1,"minecraft:deepslate_iron_ore":7,"minecraft:iron_boots":9,"minecraft:furnace":34,"minecraft:tipped_arrow":5,"minecraft:stick":157,"minecraft:oak_fence":8,"minecraft:torch":708,"minecraft:spruce_stairs":69,"minecraft:snow_block":115,"minecraft:porkchop":5,"minecraft:netherite_shovel":26,"minecraft:diorite":363,"minecraft:pointed_dripstone":269,"minecraft:music_disc_pigstep":1,"minecraft:vine":82,"minecraft:quartz_block":217,"minecraft:nether_gold_ore":83,"minecraft:rotten_flesh":829,"minecraft:brown_shulker_box":32,"minecraft:deepslate_copper_ore":4,"minecraft:deepslate_brick_stairs":1,"minecraft:obsidian":606,"minecraft:cod":305,"minecraft:cobblestone":1276,"minecraft:nautilus_shell":1,"minecraft:crimson_hyphae":34,"minecraft:enchanting_table":11,"minecraft:leather_chestplate":1,"minecraft:lilac":49,"minecraft:repeater":2,"minecraft:andesite":419,"minecraft:golden_leggings":2,"minecraft:beacon":4,"minecraft:potato":2,"minecraft:tuff":1489,"minecraft:warped_trapdoor":1,"minecraft:prismarine_bricks":5,"minecraft:wither_skeleton_skull":3,"minecraft:lapis_lazuli":1821,"minecraft:dirt":5218,"minecraft:name_tag":15,"minecraft:leather_boots":4,"minecraft:glass":41,"minecraft:bone":444,"minecraft:granite_wall":34,"minecraft:bow":71,"minecraft:wheat_seeds":699,"minecraft:deepslate_brick_slab":2,"minecraft:raw_gold":376,"minecraft:cobbled_deepslate_slab":3,"minecraft:grindstone":5,"minecraft:netherite_axe":15,"minecraft:bamboo":62,"minecraft:oak_planks":230,"minecraft:cooked_porkchop":14,"minecraft:axolotl_bucket":1,"minecraft:oak_pressure_plate":1,"minecraft:sand":1804,"minecraft:light_blue_shulker_box":4,"minecraft:spectral_arrow":225,"minecraft:grass_block":1987,"minecraft:diamond_block":3,"minecraft:jungle_slab":1,"minecraft:shulker_box":173,"minecraft:dark_prismarine":2,"minecraft:sugar":40,"minecraft:clay":96,"minecraft:diamond":439,"minecraft:spruce_boat":17,"minecraft:black_concrete":55,"minecraft:netherite_helmet":21,"minecraft:crossbow":21,"minecraft:bone_meal":55,"minecraft:golden_apple":3,"minecraft:white_concrete":74,"minecraft:spruce_sign":3,"minecraft:emerald":420,"minecraft:oak_sapling":48,"minecraft:netherrack":10579,"minecraft:oak_leaves":476,"minecraft:end_stone_bricks":2,"minecraft:fishing_rod":2,"minecraft:charcoal":10,"minecraft:azure_bluet":3,"minecraft:splash_potion":14,"minecraft:chicken":2,"minecraft:ladder":1,"minecraft:brown_mushroom":146,"minecraft:packed_ice":4036,"minecraft:wooden_pickaxe":2,"minecraft:gold_block":24,"minecraft:chain":9,"minecraft:brick":4,"minecraft:shield":13,"minecraft:stone_stairs":185,"minecraft:moss_carpet":141,"minecraft:iron_axe":8,"minecraft:quartz_slab":22,"minecraft:item_frame":12,"minecraft:mycelium":1610,"minecraft:warped_fence":16,"minecraft:blackstone":1133,"minecraft:blue_orchid":156,"minecraft:oak_boat":172,"minecraft:player_head":119,"minecraft:light_gray_wool":2,"minecraft:sugar_cane":2339,"minecraft:spruce_trapdoor":12,"minecraft:phantom_membrane":59,"minecraft:dark_oak_sapling":13,"minecraft:stripped_crimson_hyphae":2,"minecraft:raw_iron":632,"minecraft:copper_ingot":3,"minecraft:bowl":2,"minecraft:note_block":37,"minecraft:quartz_pillar":3,"minecraft:stone_button":10,"minecraft:magenta_shulker_box":12,"minecraft:trident":38,"minecraft:dark_oak_planks":93,"minecraft:weeping_vines":23,"minecraft:arrow":452,"minecraft:red_shulker_box":46,"minecraft:saddle":9,"minecraft:black_banner":4,"minecraft:soul_campfire":8,"minecraft:lime_stained_glass":1,"minecraft:netherite_boots":20,"minecraft:jungle_boat":1,"minecraft:basalt":2043,"minecraft:crimson_stem":567,"minecraft:golden_carrot":336,"minecraft:glow_ink_sac":31,"minecraft:salmon":3,"minecraft:leather":193,"minecraft:music_disc_stal":6,"minecraft:ice":33,"minecraft:granite_stairs":38,"minecraft:crimson_fungus":19,"minecraft:chainmail_chestplate":6,"minecraft:gunpowder":1536,"minecraft:nether_wart_block":585,"minecraft:cobbled_deepslate_stairs":32,"minecraft:cobblestone_wall":1,"minecraft:cobblestone_stairs":12,"minecraft:deepslate_tile_slab":122,"minecraft:red_carpet":6,"minecraft:gray_carpet":5,"minecraft:deepslate_emerald_ore":1,"minecraft:iron_ingot":323,"minecraft:cooked_chicken":6,"minecraft:stripped_oak_wood":2,"minecraft:polished_andesite_slab":14,"minecraft:soul_sand":69,"minecraft:tropical_fish_bucket":17,"minecraft:oak_slab":105,"minecraft:warped_fungus":10,"minecraft:nether_quartz_ore":535,"minecraft:emerald_block":181,"minecraft:pumpkin":1,"minecraft:chiseled_stone_bricks":11,"minecraft:stone_brick_slab":368,"minecraft:quartz":1848,"minecraft:dripstone_block":6,"minecraft:amethyst_shard":36,"minecraft:white_bed":5,"minecraft:spider_eye":77,"minecraft:spruce_door":3,"minecraft:pumpkin_seeds":8,"minecraft:honey_block":8,"minecraft:chainmail_leggings":2,"minecraft:iron_helmet":10,"minecraft:damaged_anvil":3,"minecraft:netherite_hoe":16,"minecraft:coal":717,"minecraft:sunflower":73},"minecraft:dropped":{"minecraft:clay":1,"minecraft:porkchop":5,"minecraft:lapis_lazuli":1437,"minecraft:oak_pressure_plate":1,"minecraft:cooked_beef":191,"minecraft:glow_ink_sac":7,"minecraft:glass_bottle":5,"minecraft:diamond":118,"minecraft:crafting_table":2,"minecraft:cooked_porkchop":13,"minecraft:weeping_vines":1,"minecraft:crossbow":17,"minecraft:glow_berries":15,"minecraft:warped_roots":63,"minecraft:saddle":2,"minecraft:elytra":41,"minecraft:leather_helmet":1,"minecraft:red_mushroom":47,"minecraft:emerald":56,"minecraft:dirt":122,"minecraft:red_bed":9,"minecraft:stone_button":2,"minecraft:dark_oak_fence":2,"minecraft:netherite_boots":16,"minecraft:bone_block":577,"minecraft:sand":92,"minecraft:sunflower":72,"minecraft:writable_book":9,"minecraft:gold_nugget":13,"minecraft:bone_meal":177,"minecraft:phantom_membrane":51,"minecraft:iron_pickaxe":6,"minecraft:sugar":82,"minecraft:dark_oak_planks":2,"minecraft:fishing_rod":1,"minecraft:tropical_fish_bucket":17,"minecraft:bone":140,"minecraft:sugar_cane":354,"minecraft:ancient_debris":8,"minecraft:lever":1,"minecraft:iron_nugget":2,"minecraft:golden_chestplate":2,"minecraft:cobbled_deepslate":907,"minecraft:netherite_sword":24,"minecraft:wheat":2,"minecraft:obsidian":255,"minecraft:rotten_flesh":348,"minecraft:oak_planks":167,"minecraft:netherite_shovel":26,"minecraft:glowstone_dust":2,"minecraft:red_mushroom_block":205,"minecraft:tipped_arrow":2,"minecraft:coal_ore":42,"minecraft:quartz_block":4,"minecraft:charcoal":5,"minecraft:leather_leggings":1,"minecraft:glass":19,"minecraft:beef":1,"minecraft:warped_wart_block":1,"minecraft:granite_wall":10,"minecraft:stone_brick_stairs":1,"minecraft:iron_ingot":114,"minecraft:golden_boots":11,"minecraft:blue_stained_glass_pane":3,"minecraft:netherite_pickaxe":40,"minecraft:wheat_seeds":391,"minecraft:birch_leaves":8,"minecraft:deepslate_redstone_ore":2,"minecraft:tnt":60,"minecraft:smooth_quartz_stairs":1,"minecraft:netherite_helmet":17,"minecraft:feather":5,"minecraft:netherite_chestplate":27,"minecraft:prismarine_crystals":14,"minecraft:cobblestone":518,"minecraft:oak_fence":1,"minecraft:iron_helmet":9,"minecraft:granite":71,"minecraft:deepslate_tile_slab":16,"minecraft:coal":549,"minecraft:polished_andesite":8,"minecraft:acacia_sign":8,"minecraft:golden_carrot":247,"minecraft:ink_sac":4,"minecraft:rose_bush":90,"minecraft:diamond_helmet":15,"minecraft:oak_stairs":16,"minecraft:potion":68,"minecraft:jungle_boat":1,"minecraft:paper":28,"minecraft:chainmail_leggings":1,"minecraft:string":123,"minecraft:iron_shovel":10,"minecraft:magenta_shulker_box":12,"minecraft:snow_block":1,"minecraft:stone_brick_slab":164,"minecraft:furnace":15,"minecraft:moss_carpet":12,"minecraft:soul_soil":512,"minecraft:netherite_hoe":16,"minecraft:player_head":35,"minecraft:deepslate":502,"minecraft:chicken":2,"minecraft:clay_ball":24,"minecraft:iron_boots":10,"minecraft:stone_slab":3,"minecraft:name_tag":11,"minecraft:oak_sign":1,"minecraft:diamond_sword":16,"minecraft:big_dripleaf":2,"minecraft:stone":224,"minecraft:cobblestone_slab":36,"minecraft:potato":2,"minecraft:spruce_boat":1,"minecraft:peony":90,"minecraft:spruce_trapdoor":10,"minecraft:spruce_planks":3,"minecraft:diamond_pickaxe":13,"minecraft:pink_shulker_box":1,"minecraft:stone_bricks":2,"minecraft:spider_eye":38,"minecraft:sandstone":4,"minecraft:blue_orchid":32,"minecraft:bow":47,"minecraft:quartz_slab":10,"minecraft:crimson_nylium":24,"minecraft:moss_block":194,"minecraft:soul_sand":1,"minecraft:brown_mushroom":52,"minecraft:diamond_axe":6,"minecraft:warped_fungus":4,"minecraft:oak_log":172,"minecraft:baked_potato":882,"minecraft:ender_pearl":1107,"minecraft:leather":180,"minecraft:cod":8,"minecraft:flint":10,"minecraft:dark_oak_log":146,"minecraft:packed_ice":95,"minecraft:ice":2,"minecraft:dispenser":2,"minecraft:crimson_roots":12,"minecraft:snowball":113,"minecraft:axolotl_bucket":1,"minecraft:black_concrete":22,"minecraft:brown_mushroom_block":378,"minecraft:gold_ingot":3,"minecraft:gravel":74,"minecraft:red_glazed_terracotta":1,"minecraft:crimson_fungus":2,"minecraft:blackstone":23,"minecraft:spyglass":3,"minecraft:twisting_vines":6,"minecraft:music_disc_otherside":1,"minecraft:diamond_shovel":17,"minecraft:stone_stairs":70,"minecraft:mycelium":246,"minecraft:carrot":1,"minecraft:mushroom_stem":3,"minecraft:shulker_shell":2,"minecraft:poppy":3,"minecraft:leather_chestplate":1,"minecraft:soul_campfire":4,"minecraft:trident":35,"minecraft:gunpowder":808,"minecraft:azalea":4,"minecraft:chainmail_boots":1,"minecraft:bee_nest":1,"minecraft:chest":4,"minecraft:prismarine_bricks":5,"minecraft:blackstone_slab":8,"minecraft:basalt":88,"minecraft:arrow":135,"minecraft:splash_potion":14,"minecraft:firework_rocket":31,"minecraft:water_bucket":10,"minecraft:netherrack":2508,"minecraft:vine":13,"minecraft:enchanting_table":9,"minecraft:written_book":4,"minecraft:oak_slab":48,"minecraft:golden_helmet":3,"minecraft:lilac":48,"minecraft:minecart":1,"minecraft:diamond_leggings":17,"minecraft:netherite_axe":15,"minecraft:prismarine_shard":29,"minecraft:spectral_arrow":228,"minecraft:tropical_fish":1,"minecraft:grass_block":10,"minecraft:stick":2,"minecraft:iron_block":17,"minecraft:milk_bucket":3,"minecraft:diorite":5,"minecraft:nether_gold_ore":2,"minecraft:torch":246,"minecraft:light_blue_wool":3,"minecraft:white_concrete":45,"minecraft:yellow_shulker_box":1,"minecraft:fire_charge":1,"minecraft:iron_leggings":8,"minecraft:smooth_quartz_slab":2,"minecraft:granite_slab":5,"minecraft:flowering_azalea":1,"minecraft:iron_axe":7,"minecraft:bucket":3,"minecraft:redstone":578,"minecraft:anvil":131,"minecraft:sweet_berries":9,"minecraft:ender_chest":2,"minecraft:warped_nylium":8,"minecraft:coarse_dirt":34,"minecraft:blaze_rod":1,"minecraft:raw_copper":10,"minecraft:tuff":34,"minecraft:raw_iron":577,"minecraft:iron_hoe":2,"minecraft:smoker":9,"minecraft:totem_of_undying":1,"minecraft:shulker_box":32,"minecraft:netherite_leggings":17,"minecraft:flint_and_steel":13,"minecraft:copper_ore":2,"minecraft:filled_map":1,"minecraft:shield":8,"minecraft:oak_button":6,"minecraft:black_concrete_powder":226,"minecraft:diamond_chestplate":16,"minecraft:iron_chestplate":10,"minecraft:andesite":40,"minecraft:cake":1,"minecraft:golden_leggings":1,"minecraft:oak_sapling":5,"minecraft:oak_boat":1,"minecraft:golden_sword":1,"minecraft:birch_sign":1,"minecraft:diamond_boots":17,"minecraft:slime_ball":22,"minecraft:spruce_log":120,"minecraft:purple_shulker_box":11,"minecraft:stone_pickaxe":1,"minecraft:raw_gold":360},"minecraft:crafted":{"minecraft:black_dye":34,"minecraft:oak_sign":12,"minecraft:chain":27,"minecraft:lever":1,"minecraft:diamond_shovel":2,"minecraft:bookshelf":15,"minecraft:shulker_box":2,"minecraft:glass":81,"minecraft:quartz_block":529,"minecraft:diamond_helmet":2,"minecraft:diamond_leggings":1,"minecraft:netherite_boots":1,"minecraft:emerald":27,"minecraft:smooth_quartz":32,"minecraft:soul_campfire":4,"minecraft:diamond_axe":2,"minecraft:polished_andesite_stairs":16,"minecraft:spruce_door":3,"minecraft:oak_wood":72,"minecraft:stone_brick_stairs":268,"minecraft:smooth_basalt":512,"minecraft:stone_slab":120,"minecraft:iron_pickaxe":4,"minecraft:iron_block":219,"minecraft:gold_ingot":22,"minecraft:netherite_ingot":6,"minecraft:stone_shovel":1,"minecraft:jukebox":1,"minecraft:iron_nugget":171,"minecraft:spyglass":1,"minecraft:crimson_trapdoor":30,"minecraft:bone_meal":7600,"minecraft:cyan_stained_glass":8,"minecraft:white_carpet":144,"minecraft:pink_dye":2,"minecraft:warped_trapdoor":8,"minecraft:stone_stairs":44,"minecraft:lantern":10,"minecraft:diamond":36,"minecraft:dark_oak_fence":66,"minecraft:spruce_stairs":172,"minecraft:black_concrete_powder":384,"minecraft:spruce_slab":414,"minecraft:red_shulker_box":1,"minecraft:stone_pickaxe":2,"minecraft:diamond_boots":2,"minecraft:cobbled_deepslate_stairs":12,"minecraft:quartz_slab":90,"minecraft:red_glazed_terracotta":111,"minecraft:spruce_boat":5,"minecraft:dark_oak_planks":608,"minecraft:golden_helmet":1,"minecraft:netherite_pickaxe":1,"minecraft:enchanting_table":1,"minecraft:red_bed":1,"minecraft:red_carpet":45,"minecraft:deepslate_tiles":96,"minecraft:enchanted_book":3,"minecraft:white_stained_glass":24,"minecraft:red_stained_glass":8,"minecraft:oak_stairs":28,"minecraft:crimson_fence":30,"minecraft:iron_shovel":2,"minecraft:iron_leggings":3,"minecraft:white_bed":2,"minecraft:note_block":37,"minecraft:oak_planks":628,"minecraft:cobblestone_slab":84,"minecraft:cooked_chicken":19,"minecraft:pink_shulker_box":1,"minecraft:cobblestone_stairs":136,"minecraft:warped_hyphae":27,"minecraft:quartz_pillar":10,"minecraft:warped_planks":80,"minecraft:stone_brick_slab":948,"minecraft:bow":4,"minecraft:iron_boots":3,"minecraft:chest":31,"minecraft:polished_basalt":248,"minecraft:oak_button":40,"minecraft:chiseled_stone_bricks":264,"minecraft:rail":48,"minecraft:stone_bricks":1268,"minecraft:oak_fence":12,"minecraft:granite_stairs":20,"minecraft:quartz_stairs":140,"minecraft:item_frame":9,"minecraft:oak_slab":132,"minecraft:crafting_table":12,"minecraft:spruce_planks":1060,"minecraft:wooden_pickaxe":2,"minecraft:iron_helmet":3,"minecraft:red_wool":28,"minecraft:tnt":209,"minecraft:spruce_trapdoor":28,"minecraft:book":47,"minecraft:iron_chestplate":4,"minecraft:paper":1272,"minecraft:charcoal":25,"minecraft:diamond_pickaxe":3,"minecraft:shield":4,"minecraft:stick":428,"minecraft:light_blue_dye":1,"minecraft:iron_ingot":664,"minecraft:light_blue_shulker_box":1,"minecraft:snow_block":493,"minecraft:deepslate_bricks":60,"minecraft:shears":5,"minecraft:crimson_hyphae":48,"minecraft:deepslate_tile_slab":72,"minecraft:polished_andesite":280,"minecraft:coarse_dirt":108,"minecraft:cobbled_deepslate_slab":252,"minecraft:redstone":135,"minecraft:netherite_sword":1,"minecraft:furnace":14,"minecraft:stone_button":5,"minecraft:piston":2,"minecraft:polished_andesite_slab":234,"minecraft:flint_and_steel":5,"minecraft:warped_fence":21,"minecraft:blue_ice":1,"minecraft:granite_wall":18,"minecraft:netherite_leggings":1,"minecraft:white_concrete_powder":96,"minecraft:polished_deepslate":60,"minecraft:iron_axe":1,"minecraft:iron_hoe":13,"minecraft:smooth_quartz_slab":36,"minecraft:netherite_scrap":25,"minecraft:minecart":1,"minecraft:cooked_beef":64,"minecraft:sugar":64,"minecraft:red_dye":32,"minecraft:bone_block":653,"minecraft:crimson_planks":148,"minecraft:diamond_sword":1,"minecraft:cyan_dye":2,"minecraft:spruce_sign":6,"minecraft:iron_trapdoor":48,"minecraft:iron_sword":4,"minecraft:bucket":46,"minecraft:stone_axe":1,"minecraft:bread":90,"minecraft:air":0,"minecraft:blue_dye":1,"minecraft:oak_boat":6,"minecraft:white_wool":2,"minecraft:white_dye":32,"minecraft:anvil":68,"minecraft:torch":488,"minecraft:blackstone_slab":72,"minecraft:granite_slab":18,"minecraft:diamond_chestplate":1,"minecraft:firework_rocket":2571},"minecraft:broken":{"minecraft:shears":3,"minecraft:iron_boots":2,"minecraft:iron_chestplate":2,"minecraft:iron_leggings":1,"minecraft:diamond_shovel":1,"minecraft:iron_sword":2,"minecraft:bow":1,"minecraft:iron_hoe":5,"minecraft:iron_pickaxe":1,"minecraft:iron_helmet":2,"minecraft:iron_shovel":1,"minecraft:flint_and_steel":1},"minecraft:used":{"minecraft:moss_block":500,"minecraft:writable_book":18,"minecraft:smooth_quartz_slab":43,"minecraft:spruce_slab":585,"minecraft:ladder":1,"minecraft:elytra":1,"minecraft:poppy":6,"minecraft:chest":78,"minecraft:stone":4599,"minecraft:quartz_stairs":142,"minecraft:soul_sand":1,"minecraft:jungle_slab":1,"minecraft:deepslate_brick_slab":2,"minecraft:azure_bluet":1,"minecraft:snowball":3,"minecraft:weeping_vines":2,"minecraft:stripped_spruce_log":10,"minecraft:spruce_boat":19,"minecraft:packed_ice":800,"minecraft:honeycomb":1,"minecraft:lava_bucket":47,"minecraft:netherite_shovel":1737,"minecraft:quartz_pillar":171,"minecraft:music_disc_pigstep":1,"minecraft:warped_hyphae":4,"minecraft:grass_block":2093,"minecraft:quartz_block":886,"minecraft:netherite_hoe":407,"minecraft:dark_oak_leaves":189,"minecraft:stone_brick_stairs":216,"minecraft:music_disc_stal":4,"minecraft:netherite_boots":2,"minecraft:bow":1607,"minecraft:snow":10,"minecraft:sweet_berries":29,"minecraft:oak_sapling":52,"minecraft:cooked_cod":1,"minecraft:furnace":24,"minecraft:egg":6,"minecraft:diorite":511,"minecraft:damaged_anvil":1,"minecraft:spruce_door":4,"minecraft:red_stained_glass":9,"minecraft:blackstone":976,"minecraft:wooden_pickaxe":25,"minecraft:clay":95,"minecraft:oak_leaves":337,"minecraft:glow_berries":85,"minecraft:sand":2,"minecraft:blue_ice":4,"minecraft:netherite_helmet":5,"minecraft:gray_concrete":2,"minecraft:black_concrete_powder":238,"minecraft:deepslate_tiles":40,"minecraft:stone_button":5,"minecraft:spore_blossom":17,"minecraft:red_terracotta":144,"minecraft:diamond_ore":2,"minecraft:lilac":1,"minecraft:polished_andesite_slab":244,"minecraft:nether_wart_block":359,"minecraft:diamond_sword":693,"minecraft:dark_oak_fence":50,"minecraft:white_stained_glass":17,"minecraft:ice":31,"minecraft:oak_boat":176,"minecraft:enchanting_table":3,"minecraft:mycelium":528,"minecraft:stripped_warped_stem":3,"minecraft:cooked_salmon":5,"minecraft:netherrack":7917,"minecraft:torch":929,"minecraft:warped_wart_block":211,"minecraft:anvil":5,"minecraft:nether_quartz_ore":529,"minecraft:twisting_vines":7,"minecraft:crimson_hyphae":20,"minecraft:stone_stairs":86,"minecraft:glow_lichen":1,"minecraft:golden_shovel":1,"minecraft:polished_diorite":2,"minecraft:shroomlight":16,"minecraft:red_shulker_box":46,"minecraft:flowering_azalea":25,"minecraft:chipped_anvil":2,"minecraft:iron_block":398,"minecraft:iron_axe":10,"minecraft:rooted_dirt":261,"minecraft:warped_fence":13,"minecraft:jungle_log":1,"minecraft:smooth_quartz":19,"minecraft:totem_of_undying":1,"minecraft:bamboo":56,"minecraft:diamond_chestplate":2,"minecraft:smooth_basalt":508,"minecraft:basalt":299,"minecraft:iron_trapdoor":45,"minecraft:cobbled_deepslate":153,"minecraft:pointed_dripstone":57,"minecraft:crimson_stem":89,"minecraft:calcite":106,"minecraft:wheat_seeds":218,"minecraft:water_bucket":782,"minecraft:warped_stem":57,"minecraft:light_blue_shulker_box":4,"minecraft:red_mushroom_block":171,"minecraft:deepslate_bricks":88,"minecraft:diamond_block":1,"minecraft:rail":41,"minecraft:vine":17,"minecraft:crafting_table":103,"minecraft:tnt":200,"minecraft:oak_slab":153,"minecraft:crimson_trapdoor":34,"minecraft:red_bed":11,"minecraft:white_bed":6,"minecraft:cake":1,"minecraft:spruce_log":126,"minecraft:mushroom_stem":271,"minecraft:oak_log":135,"minecraft:amethyst_cluster":20,"minecraft:dark_prismarine":2,"minecraft:diamond_pickaxe":9497,"minecraft:cornflower":6,"minecraft:warped_trapdoor":9,"minecraft:diamond_shovel":11178,"minecraft:oak_button":43,"minecraft:iron_pickaxe":360,"minecraft:spruce_pressure_plate":1,"minecraft:spruce_trapdoor":30,"minecraft:spruce_sapling":14,"minecraft:crimson_nylium":63,"minecraft:chiseled_stone_bricks":185,"minecraft:cobblestone":382,"minecraft:potion":4,"minecraft:cooked_porkchop":1,"minecraft:glass_pane":4,"minecraft:brown_mushroom_block":674,"minecraft:jukebox":2,"minecraft:moss_carpet":24,"minecraft:iron_shovel":337,"minecraft:bone_block":480,"minecraft:oak_sign":5,"minecraft:polished_basalt":350,"minecraft:shield":34,"minecraft:iron_sword":789,"minecraft:player_head":57,"minecraft:stripped_crimson_stem":1,"minecraft:iron_chestplate":3,"minecraft:soul_campfire":4,"minecraft:deepslate_tile_slab":66,"minecraft:tuff":866,"minecraft:axolotl_bucket":20,"minecraft:milk_bucket":8,"minecraft:obsidian":190,"minecraft:big_dripleaf":14,"minecraft:glass":8,"minecraft:coal_ore":69,"minecraft:quartz_slab":86,"minecraft:lantern":46,"minecraft:blue_orchid":2,"minecraft:warped_nylium":13,"minecraft:iron_helmet":2,"minecraft:crimson_roots":5,"minecraft:stone_bricks":376,"minecraft:item_frame":21,"minecraft:deepslate_diamond_ore":144,"minecraft:repeater":2,"minecraft:red_carpet":49,"minecraft:magma_block":1,"minecraft:written_book":24,"minecraft:gold_block":23,"minecraft:dark_oak_sapling":36,"minecraft:birch_leaves":113,"minecraft:stone_pickaxe":111,"minecraft:gray_carpet":5,"minecraft:oak_planks":87,"minecraft:ender_pearl":148,"minecraft:diamond_axe":5386,"minecraft:sugar_cane":1,"minecraft:white_wool":323,"minecraft:black_banner":3,"minecraft:deepslate_redstone_ore":5,"minecraft:crossbow":2,"minecraft:shears":870,"minecraft:cobbled_deepslate_stairs":36,"minecraft:deepslate_lapis_ore":4,"minecraft:redstone_torch":3,"minecraft:lever":16,"minecraft:black_concrete":10,"minecraft:firework_rocket":2612,"minecraft:lime_carpet":4,"minecraft:heavy_weighted_pressure_plate":2,"minecraft:bread":66,"minecraft:string":65,"minecraft:iron_door":2,"minecraft:deepslate":4335,"minecraft:gravel":141,"minecraft:blackstone_slab":43,"minecraft:granite_slab":20,"minecraft:grindstone":5,"minecraft:deepslate_coal_ore":1,"minecraft:chain":34,"minecraft:andesite":169,"minecraft:tropical_fish_bucket":1,"minecraft:white_concrete":1,"minecraft:coarse_dirt":65,"minecraft:bone_meal":232,"minecraft:cobweb":13,"minecraft:azalea":1,"minecraft:oak_fence":17,"minecraft:trident":4260,"minecraft:netherite_sword":1989,"minecraft:rose_bush":17,"minecraft:granite_stairs":18,"minecraft:crimson_fence":32,"minecraft:flint_and_steel":121,"minecraft:music_disc_otherside":21,"minecraft:redstone":9,"minecraft:stone_shovel":41,"minecraft:spruce_planks":349,"minecraft:ender_chest":117,"minecraft:brown_shulker_box":31,"minecraft:cooked_chicken":4,"minecraft:spyglass":176,"minecraft:dirt":11185,"minecraft:white_carpet":162,"minecraft:spruce_stairs":194,"minecraft:cobblestone_wall":1,"minecraft:shulker_box":134,"minecraft:oak_wood":42,"minecraft:bee_nest":1,"minecraft:granite":51,"minecraft:iron_hoe":2111,"minecraft:stone_brick_slab":92,"minecraft:bookshelf":50,"minecraft:yellow_stained_glass":1,"minecraft:oak_stairs":39,"minecraft:iron_boots":2,"minecraft:light_gray_wool":274,"minecraft:golden_carrot":1445,"minecraft:emerald_block":147,"minecraft:soul_soil":266,"minecraft:lime_stained_glass":1,"minecraft:minecart":3,"minecraft:netherite_pickaxe":28195,"minecraft:granite_wall":22,"minecraft:cooked_beef":81,"minecraft:iron_leggings":1,"minecraft:amethyst_block":8,"minecraft:cobblestone_stairs":108,"minecraft:snow_block":566,"minecraft:netherite_chestplate":1,"minecraft:polished_andesite":114,"minecraft:brown_mushroom":39,"minecraft:spruce_sign":5,"minecraft:beacon":5,"minecraft:red_glazed_terracotta":113,"minecraft:cobblestone_slab":37,"minecraft:warped_roots":1,"minecraft:red_mushroom":21,"minecraft:painting":1,"minecraft:cyan_stained_glass":4,"minecraft:nether_gold_ore":37,"minecraft:piston":2,"minecraft:stone_slab":193,"minecraft:stone_axe":26,"minecraft:crimson_fungus":7,"minecraft:cobbled_deepslate_slab":255,"minecraft:pink_shulker_box":135,"minecraft:bucket":895,"minecraft:splash_potion":1},"minecraft:custom":{"minecraft:interact_with_crafting_table":364,"minecraft:open_barrel":782,"minecraft:eat_cake_slice":4,"minecraft:leave_game":250,"minecraft:time_since_death":3553909,"minecraft:damage_blocked_by_shield":2270,"minecraft:play_time":8575220,"minecraft:deaths":6,"minecraft:jump":165349,"minecraft:enchant_item":38,"minecraft:interact_with_furnace":254,"minecraft:play_record":26,"minecraft:traded_with_villager":30,"minecraft:interact_with_cartography_table":5,"minecraft:sleep_in_bed":72,"minecraft:damage_dealt":231982,"minecraft:interact_with_smoker":3,"minecraft:inspect_dispenser":14,"minecraft:horse_one_cm":45066,"minecraft:interact_with_smithing_table":8,"minecraft:inspect_dropper":21,"minecraft:interact_with_anvil":37,"minecraft:inspect_hopper":57,"minecraft:damage_dealt_absorbed":70,"minecraft:target_hit":6,"minecraft:sneak_time":800532,"minecraft:interact_with_lectern":46,"minecraft:interact_with_blast_furnace":6,"minecraft:total_world_time":8575220,"minecraft:tune_noteblock":8,"minecraft:time_since_rest":290406,"minecraft:swim_one_cm":2552691,"minecraft:fly_one_cm":36198946,"minecraft:open_chest":5008,"minecraft:fall_one_cm":7678662,"minecraft:open_shulker_box":1342,"minecraft:damage_resisted":10539,"minecraft:sprint_one_cm":15739249,"minecraft:drop":2059,"minecraft:talked_to_villager":45,"minecraft:interact_with_brewingstand":2,"minecraft:walk_on_water_one_cm":1250997,"minecraft:interact_with_loom":1,"minecraft:open_enderchest":484,"minecraft:interact_with_beacon":10,"minecraft:player_kills":2,"minecraft:crouch_one_cm":3346338,"minecraft:mob_kills":4199,"minecraft:climb_one_cm":175209,"minecraft:walk_one_cm":15654234,"minecraft:walk_under_water_one_cm":3334944,"minecraft:boat_one_cm":4004982,"minecraft:interact_with_grindstone":26,"minecraft:damage_taken":98064,"minecraft:minecart_one_cm":24946,"minecraft:pig_one_cm":528,"minecraft:aviate_one_cm":95421396},"minecraft:killed_by":{"minecraft:creeper":2,"minecraft:player":1},"minecraft:killed":{"minecraft:cave_spider":3,"minecraft:shulker":2,"minecraft:skeleton":393,"minecraft:guardian":1993,"minecraft:chicken":1,"minecraft:skeleton_horse":1,"minecraft:magma_cube":2,"minecraft:ender_dragon":1,"minecraft:pillager":12,"minecraft:zombie":356,"minecraft:glow_squid":3,"minecraft:wandering_trader":1,"minecraft:enderman":695,"minecraft:zombified_piglin":15,"minecraft:witch":7,"minecraft:spider":75,"minecraft:axolotl":4,"minecraft:silverfish":2,"minecraft:piglin":16,"minecraft:zombie_villager":4,"minecraft:creeper":148,"minecraft:ghast":7,"minecraft:stray":12,"minecraft:mooshroom":18,"minecraft:blaze":7,"minecraft:slime":125,"minecraft:phantom":67,"minecraft:drowned":17,"minecraft:bat":36,"minecraft:hoglin":5,"minecraft:squid":38,"minecraft:wither_skeleton":1}},"DataVersion":3120}