{"stats":{"minecraft:used":{"minecraft:moss_block":41,"minecraft:writable_book":24,"minecraft:chiseled_deepslate":23,"minecraft:dispenser":13,"minecraft:poppy":18,"minecraft:stone":4230,"minecraft:warped_sign":2,"minecraft:rotten_flesh":20,"minecraft:soul_sand":20,"minecraft:weathered_copper":1,"minecraft:deepslate_brick_slab":111,"minecraft:snowball":34,"minecraft:spruce_boat":75,"minecraft:packed_ice":157,"minecraft:lava_bucket":83,"minecraft:deepslate_copper_ore":2,"minecraft:quartz_block":3,"minecraft:netherite_hoe":689,"minecraft:netherite_boots":3,"minecraft:bow":233,"minecraft:oak_sapling":57,"minecraft:cooked_cod":2,"minecraft:leather_leggings":2,"minecraft:damaged_anvil":4,"minecraft:cactus":78,"minecraft:wooden_pickaxe":15,"minecraft:leather_chestplate":2,"minecraft:composter":76,"minecraft:clay":56,"minecraft:jungle_boat":14,"minecraft:glow_berries":253,"minecraft:blast_furnace":4,"minecraft:gray_concrete":69,"minecraft:deepslate_brick_stairs":36,"minecraft:purple_concrete_powder":1,"minecraft:birch_fence":128,"minecraft:birch_slab":5,"minecraft:deepslate_iron_ore":262,"minecraft:flowering_azalea_leaves":30,"minecraft:diamond_sword":1156,"minecraft:smithing_table":13,"minecraft:birch_log":69,"minecraft:oak_boat":55,"minecraft:oak_trapdoor":3,"minecraft:cooked_salmon":4,"minecraft:torch":2532,"minecraft:brewing_stand":54,"minecraft:nether_quartz_ore":702,"minecraft:oak_fence_gate":8,"minecraft:sea_lantern":186,"minecraft:chipped_anvil":2,"minecraft:iron_block":454,"minecraft:bamboo":179,"minecraft:diamond_chestplate":7,"minecraft:basalt":9,"minecraft:lime_concrete":10,"minecraft:podzol":1,"minecraft:dead_bubble_coral_fan":1,"minecraft:horn_coral_fan":7,"minecraft:calcite":1,"minecraft:wheat_seeds":1369,"minecraft:birch_planks":105,"minecraft:blue_concrete_powder":1,"minecraft:glow_ink_sac":1,"minecraft:spruce_fence_gate":5,"minecraft:gold_ore":21,"minecraft:deepslate_bricks":171,"minecraft:diamond_block":1,"minecraft:rail":1602,"minecraft:red_bed":9,"minecraft:white_bed":118,"minecraft:spruce_log":38,"minecraft:diamond_pickaxe":60958,"minecraft:diamond_shovel":10176,"minecraft:suspicious_stew":3,"minecraft:spruce_pressure_plate":22,"minecraft:spruce_trapdoor":32,"minecraft:spruce_sapling":217,"minecraft:potion":5,"minecraft:purple_bed":26,"minecraft:cooked_porkchop":37,"minecraft:dandelion":6,"minecraft:diamond_leggings":1,"minecraft:moss_carpet":31,"minecraft:polished_deepslate":228,"minecraft:melon":1,"minecraft:nether_wart":72,"minecraft:spruce_leaves":919,"minecraft:mutton":2,"minecraft:furnace_minecart":1,"minecraft:beehive":6,"minecraft:obsidian":81,"minecraft:honey_bottle":10,"minecraft:waxed_oxidized_copper":1,"minecraft:lantern":37,"minecraft:green_wool":10,"minecraft:warped_nylium":3,"minecraft:item_frame":18,"minecraft:deepslate_diamond_ore":487,"minecraft:birch_trapdoor":39,"minecraft:written_book":13,"minecraft:gold_block":30,"minecraft:tube_coral_fan":5,"minecraft:diamond_boots":1,"minecraft:dropper":18,"minecraft:gray_carpet":10,"minecraft:stone_pickaxe":1481,"minecraft:oak_planks":105,"minecraft:sandstone":12,"minecraft:diamond_axe":3822,"minecraft:sugar_cane":1708,"minecraft:netherite_leggings":3,"minecraft:crossbow":2,"minecraft:deepslate_lapis_ore":203,"minecraft:end_stone":10,"minecraft:sticky_piston":120,"minecraft:dead_fire_coral_fan":2,"minecraft:lever":37,"minecraft:bread":177,"minecraft:iron_door":1,"minecraft:deepslate":3971,"minecraft:dead_horn_coral_fan":9,"minecraft:chain":18,"minecraft:coarse_dirt":10,"minecraft:bone_meal":245,"minecraft:orange_concrete_powder":1,"minecraft:netherite_sword":8377,"minecraft:flint_and_steel":316,"minecraft:redstone":383,"minecraft:ender_chest":109,"minecraft:deepslate_gold_ore":146,"minecraft:stone_hoe":234,"minecraft:cooked_chicken":2,"minecraft:dirt":7775,"minecraft:bee_nest":5,"minecraft:spruce_fence":421,"minecraft:iron_hoe":52,"minecraft:oak_stairs":6,"minecraft:iron_boots":5,"minecraft:yellow_concrete_powder":8,"minecraft:lime_stained_glass":480,"minecraft:deepslate_tile_stairs":71,"minecraft:netherite_pickaxe":84033,"minecraft:minecart":37,"minecraft:cooked_beef":21,"minecraft:powder_snow_bucket":1,"minecraft:pumpkin":2,"minecraft:iron_leggings":5,"minecraft:cobbled_deepslate_wall":13,"minecraft:cobblestone_stairs":44,"minecraft:snow_block":6,"minecraft:baked_potato":23,"minecraft:birch_boat":11,"minecraft:brown_mushroom":4,"minecraft:spruce_sign":50,"minecraft:warped_roots":2,"minecraft:magenta_bed":9,"minecraft:magenta_carpet":2,"minecraft:warped_planks":3,"minecraft:gray_terracotta":13,"minecraft:piston":285,"minecraft:lapis_ore":20,"minecraft:detector_rail":33,"minecraft:stone_slab":683,"minecraft:stone_axe":392,"minecraft:cobbled_deepslate_slab":29,"minecraft:pumpkin_pie":71,"minecraft:gray_wool":5,"minecraft:spruce_slab":33,"minecraft:elytra":20,"minecraft:ladder":22,"minecraft:green_banner":6,"minecraft:chest":481,"minecraft:blue_stained_glass":2,"minecraft:jungle_slab":23,"minecraft:honey_block":104,"minecraft:netherite_shovel":6997,"minecraft:grass_block":335,"minecraft:birch_sapling":372,"minecraft:copper_ore":112,"minecraft:wet_sponge":3,"minecraft:snow":2,"minecraft:dark_oak_boat":1,"minecraft:sweet_berries":675,"minecraft:furnace":42,"minecraft:egg":964,"minecraft:potato":23,"minecraft:dead_brain_coral_fan":1,"minecraft:light_blue_carpet":1,"minecraft:emerald_ore":1,"minecraft:diorite":144,"minecraft:end_stone_bricks":9,"minecraft:powered_rail":204,"minecraft:lime_concrete_powder":163,"minecraft:purpur_pillar":6,"minecraft:oak_leaves":3,"minecraft:cookie":11,"minecraft:dark_oak_trapdoor":3,"minecraft:sand":1259,"minecraft:netherite_helmet":5,"minecraft:black_concrete_powder":512,"minecraft:deepslate_tiles":849,"minecraft:stone_button":13,"minecraft:lectern":448,"minecraft:dark_oak_fence":32,"minecraft:green_concrete_powder":82,"minecraft:iron_bars":65,"minecraft:stone_sword":242,"minecraft:acacia_log":1,"minecraft:brain_coral_fan":6,"minecraft:mycelium":31,"minecraft:netherrack":2435,"minecraft:ancient_debris":53,"minecraft:warped_wart_block":14,"minecraft:anvil":12,"minecraft:twisting_vines":3,"minecraft:stone_stairs":1257,"minecraft:jungle_trapdoor":1,"minecraft:shroomlight":48,"minecraft:red_shulker_box":144,"minecraft:flowering_azalea":45,"minecraft:iron_axe":1569,"minecraft:slime_block":287,"minecraft:spruce_button":1,"minecraft:totem_of_undying":23,"minecraft:glowstone":1,"minecraft:beef":3,"minecraft:cobbled_deepslate":9813,"minecraft:observer":238,"minecraft:water_bucket":1592,"minecraft:lime_wool":18,"minecraft:bubble_coral_fan":1,"minecraft:fletching_table":3,"minecraft:comparator":66,"minecraft:oak_slab":6,"minecraft:tnt":245,"minecraft:crafting_table":105,"minecraft:birch_sign":3,"minecraft:cod":1,"minecraft:cake":1,"minecraft:deepslate_tile_wall":94,"minecraft:oak_log":37,"minecraft:iron_pickaxe":1311,"minecraft:purpur_slab":1,"minecraft:cobblestone":2320,"minecraft:red_concrete_powder":2,"minecraft:kelp":220,"minecraft:light_gray_dye":2,"minecraft:iron_shovel":190,"minecraft:dead_tube_coral_fan":1,"minecraft:diamond_hoe":1808,"minecraft:oak_sign":15,"minecraft:white_concrete_powder":2057,"minecraft:shield":194,"minecraft:iron_sword":1375,"minecraft:purple_shulker_box":4,"minecraft:bell":2,"minecraft:player_head":13,"minecraft:iron_chestplate":1,"minecraft:nether_bricks":2,"minecraft:carrot":1582,"minecraft:deepslate_tile_slab":134,"minecraft:tuff":460,"minecraft:axolotl_bucket":3,"minecraft:milk_bucket":4,"minecraft:glass":1663,"minecraft:coal_ore":378,"minecraft:iron_helmet":8,"minecraft:gray_concrete_powder":225,"minecraft:hopper_minecart":23,"minecraft:stone_bricks":2107,"minecraft:repeater":82,"minecraft:magma_block":2,"minecraft:scaffolding":182,"minecraft:fire_coral_fan":2,"minecraft:golden_boots":1,"minecraft:birch_leaves":1,"minecraft:dark_oak_sign":6,"minecraft:ender_pearl":32,"minecraft:redstone_block":241,"minecraft:loom":29,"minecraft:deepslate_redstone_ore":1574,"minecraft:sponge":36,"minecraft:blackstone_wall":2,"minecraft:dripstone_block":7,"minecraft:note_block":48,"minecraft:stone_brick_wall":66,"minecraft:shears":667,"minecraft:redstone_torch":87,"minecraft:green_concrete":16,"minecraft:black_concrete":495,"minecraft:firework_rocket":6548,"minecraft:birch_fence_gate":19,"minecraft:light_gray_concrete":106,"minecraft:melon_slice":18,"minecraft:string":82,"minecraft:gravel":64,"minecraft:golden_helmet":1,"minecraft:blackstone_slab":7,"minecraft:jungle_sign":7,"minecraft:grindstone":14,"minecraft:andesite":483,"minecraft:deepslate_coal_ore":1,"minecraft:chest_minecart":1,"minecraft:white_concrete":987,"minecraft:air":4,"minecraft:tropical_fish_bucket":1,"minecraft:experience_bottle":14,"minecraft:azalea":2,"minecraft:oak_fence":4,"minecraft:purpur_block":39,"minecraft:redstone_ore":47,"minecraft:stone_shovel":162,"minecraft:spruce_planks":152,"minecraft:oak_door":10,"minecraft:white_carpet":60,"minecraft:hopper":406,"minecraft:spruce_stairs":12,"minecraft:cobblestone_wall":10,"minecraft:diamond_helmet":1,"minecraft:shulker_box":853,"minecraft:granite":350,"minecraft:birch_door":4,"minecraft:stone_brick_slab":202,"minecraft:bookshelf":42,"minecraft:golden_carrot":1028,"minecraft:emerald_block":199,"minecraft:white_stained_glass_pane":2,"minecraft:cyan_banner":7,"minecraft:stone_pressure_plate":36,"minecraft:cooked_mutton":34,"minecraft:acacia_boat":16,"minecraft:iron_ore":175,"minecraft:amethyst_block":3,"minecraft:glass_bottle":59,"minecraft:copper_block":3,"minecraft:white_dye":2,"minecraft:beacon":6,"minecraft:stonecutter":28,"minecraft:cobblestone_slab":6,"minecraft:light_gray_concrete_powder":283,"minecraft:nether_gold_ore":1,"minecraft:apple":65,"minecraft:netherite_axe":7066,"minecraft:white_banner":2,"minecraft:bucket":1700,"minecraft:yellow_bed":6,"minecraft:smooth_stone":5,"minecraft:splash_potion":5},"minecraft:picked_up":{"minecraft:suspicious_stew":7,"minecraft:lead":16,"minecraft:smithing_table":6,"minecraft:stone_slab":38,"minecraft:enchanted_book":19,"minecraft:purple_shulker_box":4,"minecraft:blue_concrete":1,"minecraft:music_disc_cat":2,"minecraft:polished_deepslate":371,"minecraft:string":362,"minecraft:shroomlight":95,"minecraft:diamond_leggings":8,"minecraft:dead_bubble_coral_fan":1,"minecraft:horn_coral_block":2,"minecraft:bubble_coral":6,"minecraft:hopper_minecart":1,"minecraft:spruce_pressure_plate":2,"minecraft:big_dripleaf":1,"minecraft:purpur_pillar":6,"minecraft:acacia_log":12,"minecraft:golden_chestplate":5,"minecraft:stone_sword":9,"minecraft:honey_bottle":6,"minecraft:horn_coral_fan":21,"minecraft:blackstone_wall":2,"minecraft:blaze_rod":38,"minecraft:iron_bars":75,"minecraft:snowball":151,"minecraft:sponge":6,"minecraft:feather":264,"minecraft:cooked_beef":24,"minecraft:water_bucket":22,"minecraft:medium_amethyst_bud":2,"minecraft:dark_oak_boat":1,"minecraft:copper_block":2,"minecraft:flint":156,"minecraft:lantern":49,"minecraft:gray_concrete_powder":1,"minecraft:large_amethyst_bud":6,"minecraft:stonecutter":28,"minecraft:dark_oak_sign":8,"minecraft:diamond_helmet":6,"minecraft:birch_fence_gate":1,"minecraft:stripped_spruce_log":1,"minecraft:dead_fire_coral_fan":2,"minecraft:deepslate":25971,"minecraft:lever":29,"minecraft:granite":4975,"minecraft:spruce_button":1,"minecraft:rooted_dirt":93,"minecraft:deepslate_coal_ore":43,"minecraft:crimson_roots":6,"minecraft:diamond_pickaxe":40,"minecraft:mud":4,"minecraft:bee_nest":7,"minecraft:clay_ball":3374,"minecraft:leather_leggings":6,"minecraft:dragon_head":4,"minecraft:purpur_block":45,"minecraft:fire_coral":10,"minecraft:elytra":17,"minecraft:flint_and_steel":12,"minecraft:iron_shovel":6,"minecraft:netherite_sword":20,"minecraft:poppy":296,"minecraft:spruce_slab":17,"minecraft:minecart":86,"minecraft:diamond_hoe":15,"minecraft:birch_sapling":813,"minecraft:piston":245,"minecraft:waxed_oxidized_copper":1,"minecraft:copper_ore":370,"minecraft:stone":36999,"minecraft:netherite_pickaxe":25,"minecraft:jungle_sign":2,"minecraft:stone_shovel":9,"minecraft:diamond_chestplate":16,"minecraft:hay_block":51,"minecraft:purpur_slab":1,"minecraft:totem_of_undying":395,"minecraft:mutton":6,"minecraft:rail":433,"minecraft:emerald_ore":2,"minecraft:birch_leaves":1,"minecraft:blackstone_slab":6,"minecraft:purpur_stairs":1,"minecraft:lily_pad":9,"minecraft:paper":3879,"minecraft:apple":166,"minecraft:warped_stem":8,"minecraft:oak_fence_gate":2,"minecraft:stone_pickaxe":10,"minecraft:iron_ore":234,"minecraft:tall_grass":1,"minecraft:magenta_stained_glass":7,"minecraft:smooth_basalt":15,"minecraft:sweet_berries":893,"minecraft:lime_concrete":13,"minecraft:weathered_copper":1,"minecraft:diamond_shovel":10,"minecraft:coal_ore":576,"minecraft:slime_ball":375,"minecraft:deepslate_redstone_ore":2068,"minecraft:birch_sign":6,"minecraft:baked_potato":164,"minecraft:hopper":102,"minecraft:ender_chest":110,"minecraft:deepslate_lapis_ore":321,"minecraft:bucket":29,"minecraft:red_sand":8,"minecraft:smooth_stone":5,"minecraft:comparator":85,"minecraft:rose_bush":1,"minecraft:cobblestone_slab":6,"minecraft:azalea":116,"minecraft:iron_pickaxe":7,"minecraft:deepslate_iron_ore":607,"minecraft:birch_trapdoor":2,"minecraft:spruce_stairs":7,"minecraft:netherite_shovel":11,"minecraft:diorite":3317,"minecraft:rotten_flesh":1039,"minecraft:deepslate_copper_ore":29,"minecraft:chorus_flower":5,"minecraft:obsidian":334,"minecraft:blaze_powder":2,"minecraft:cobblestone":19949,"minecraft:leather_chestplate":8,"minecraft:lilac":2,"minecraft:repeater":27,"minecraft:dead_tube_coral_fan":2,"minecraft:andesite":4588,"minecraft:orange_carpet":52,"minecraft:golden_leggings":7,"minecraft:beacon":8,"minecraft:potato":69,"minecraft:prismarine_bricks":18,"minecraft:dirt":8578,"minecraft:name_tag":15,"minecraft:glass":937,"minecraft:bone":263,"minecraft:bow":1560,"minecraft:wheat_seeds":3026,"minecraft:grindstone":14,"minecraft:netherite_axe":7,"minecraft:fletching_table":5,"minecraft:bamboo":3329,"minecraft:prismarine":15,"minecraft:melon":1,"minecraft:nether_brick_stairs":3,"minecraft:grass_block":606,"minecraft:diamond_block":1,"minecraft:jungle_slab":15,"minecraft:mossy_cobblestone":89,"minecraft:sugar":503,"minecraft:slime_block":246,"minecraft:netherite_helmet":11,"minecraft:crossbow":360,"minecraft:grass":2,"minecraft:bone_meal":417,"minecraft:golden_apple":4,"minecraft:spruce_sign":15,"minecraft:emerald":3197,"minecraft:chorus_fruit":35,"minecraft:netherrack":9251,"minecraft:oak_leaves":26,"minecraft:ladder":17,"minecraft:packed_ice":630,"minecraft:brown_mushroom":48,"minecraft:stone_brick_wall":250,"minecraft:chain":1,"minecraft:shield":21,"minecraft:brick":100,"minecraft:moss_carpet":205,"minecraft:oak_trapdoor":3,"minecraft:mycelium":183,"minecraft:birch_fence":3,"minecraft:blackstone":171,"minecraft:lime_wool":3,"minecraft:end_stone":148,"minecraft:flowering_azalea_leaves":153,"minecraft:note_block":102,"minecraft:cookie":301,"minecraft:stone_pressure_plate":6,"minecraft:weeping_vines":1,"minecraft:tube_coral":16,"minecraft:red_shulker_box":149,"minecraft:pumpkin_pie":50,"minecraft:nether_bricks":26,"minecraft:netherite_boots":11,"minecraft:jungle_boat":10,"minecraft:basalt":323,"minecraft:golden_carrot":220,"minecraft:leather":76,"minecraft:ice":1,"minecraft:crimson_fungus":42,"minecraft:chainmail_chestplate":1,"minecraft:cobblestone_wall":10,"minecraft:yellow_bed":5,"minecraft:gunpowder":600,"minecraft:orange_terracotta":14,"minecraft:cooked_mutton":2,"minecraft:gray_carpet":4,"minecraft:iron_ingot":1095,"minecraft:cooked_chicken":77,"minecraft:nether_quartz_ore":433,"minecraft:warped_fungus":2,"minecraft:emerald_block":170,"minecraft:stone_brick_slab":378,"minecraft:quartz":2319,"minecraft:dandelion":18,"minecraft:lava_bucket":4,"minecraft:amethyst_shard":1043,"minecraft:white_concrete_powder":2128,"minecraft:chainmail_leggings":8,"minecraft:terracotta":2,"minecraft:damaged_anvil":4,"minecraft:netherite_hoe":5,"minecraft:iron_chestplate":17,"minecraft:birch_door":1,"minecraft:anvil":3,"minecraft:prismarine_shard":12,"minecraft:magenta_carpet":2,"minecraft:diamond_sword":8,"minecraft:oak_stairs":8,"minecraft:brewing_stand":41,"minecraft:amethyst_block":81,"minecraft:dark_oak_trapdoor":1,"minecraft:soul_soil":14,"minecraft:cooked_salmon":13,"minecraft:gold_nugget":249,"minecraft:cobbled_deepslate":30734,"minecraft:spruce_planks":204,"minecraft:written_book":6,"minecraft:azalea_leaves":377,"minecraft:melon_slice":27,"minecraft:golden_helmet":5,"minecraft:composter":49,"minecraft:warped_planks":1,"minecraft:deepslate_tile_stairs":16,"minecraft:tropical_fish":1,"minecraft:iron_block":385,"minecraft:netherite_chestplate":7,"minecraft:birch_log":3278,"minecraft:magma_block":42,"minecraft:iron_door":1,"minecraft:birch_slab":5,"minecraft:jungle_log":3,"minecraft:acacia_leaves":8,"minecraft:green_concrete_powder":43,"minecraft:magenta_bed":9,"minecraft:netherite_leggings":8,"minecraft:gray_concrete":91,"minecraft:light_gray_concrete_powder":75,"minecraft:twisting_vines":7,"minecraft:chipped_anvil":4,"minecraft:gray_terracotta":1,"minecraft:glowstone_dust":487,"minecraft:moss_block":830,"minecraft:warped_wart_block":29,"minecraft:dropper":57,"minecraft:ink_sac":641,"minecraft:loom":31,"minecraft:dark_oak_log":21,"minecraft:dispenser":908,"minecraft:black_concrete_powder":448,"minecraft:green_concrete":21,"minecraft:deepslate_gold_ore":349,"minecraft:chainmail_helmet":9,"minecraft:bread":712,"minecraft:dark_oak_fence":34,"minecraft:spruce_leaves":1444,"minecraft:crafting_table":86,"minecraft:coarse_dirt":11,"minecraft:bubble_coral_fan":27,"minecraft:nether_wart":251,"minecraft:red_bed":5,"minecraft:snow":2,"minecraft:cracked_stone_bricks":1,"minecraft:deepslate_diamond_ore":670,"minecraft:beef":52,"minecraft:iron_nugget":25,"minecraft:chest":149,"minecraft:raw_copper_block":1,"minecraft:egg":510,"minecraft:sandstone":58,"minecraft:oak_door":11,"minecraft:amethyst_cluster":49,"minecraft:spruce_fence":191,"minecraft:cake":8,"minecraft:carrot":3452,"minecraft:redstone":14261,"minecraft:mushroom_stem":24,"minecraft:prismarine_crystals":22,"minecraft:tnt":52,"minecraft:cooked_cod":5,"minecraft:tube_coral_fan":19,"minecraft:deepslate_bricks":37,"minecraft:shears":13,"minecraft:diamond_boots":6,"minecraft:warped_sign":1,"minecraft:gold_ingot":77,"minecraft:tube_coral_block":2,"minecraft:white_shulker_box":2,"minecraft:glow_berries":353,"minecraft:lime_concrete_powder":72,"minecraft:white_wool":265,"minecraft:lapis_ore":56,"minecraft:stripped_oak_log":2,"minecraft:red_mushroom_block":120,"minecraft:red_mushroom":8,"minecraft:filled_map":3,"minecraft:oak_log":3010,"minecraft:ancient_debris":91,"minecraft:golden_boots":5,"minecraft:white_banner":1070,"minecraft:stone_bricks":426,"minecraft:kelp":741,"minecraft:glass_bottle":659,"minecraft:iron_sword":14,"minecraft:flowering_azalea":81,"minecraft:white_stained_glass_pane":2,"minecraft:yellow_concrete":8,"minecraft:spyglass":2,"minecraft:gravel":6433,"minecraft:spruce_sapling":308,"minecraft:spruce_log":3503,"minecraft:sea_lantern":25,"minecraft:firework_rocket":870,"minecraft:purple_bed":26,"minecraft:stone_axe":3,"minecraft:redstone_ore":57,"minecraft:diamond_axe":19,"minecraft:gray_wool":12,"minecraft:warped_roots":2,"minecraft:warped_nylium":18,"minecraft:crimson_nylium":6,"minecraft:ender_pearl":1949,"minecraft:shulker_shell":119,"minecraft:chiseled_deepslate":9,"minecraft:wheat":928,"minecraft:exposed_copper":1,"minecraft:redstone_block":178,"minecraft:dead_horn_coral_fan":9,"minecraft:potion":84,"minecraft:brain_coral_block":3,"minecraft:raw_copper":971,"minecraft:iron_leggings":13,"minecraft:sticky_piston":88,"minecraft:oak_sign":14,"minecraft:sea_pickle":2,"minecraft:deepslate_tiles":196,"minecraft:redstone_torch":171,"minecraft:calcite":15,"minecraft:deepslate_tile_wall":3,"minecraft:iron_boots":13,"minecraft:furnace":25,"minecraft:stick":2666,"minecraft:oak_fence":3,"minecraft:torch":897,"minecraft:porkchop":27,"minecraft:snow_block":6,"minecraft:dead_brain_coral_fan":1,"minecraft:blue_stained_glass":2,"minecraft:green_banner":6,"minecraft:quartz_block":2,"minecraft:nether_gold_ore":46,"minecraft:cactus":85,"minecraft:green_wool":1,"minecraft:fire_coral_fan":13,"minecraft:cod":4,"minecraft:magma_cream":3,"minecraft:tuff":4256,"minecraft:light_gray_dye":43,"minecraft:acacia_boat":16,"minecraft:horn_coral":18,"minecraft:lapis_lazuli":3574,"minecraft:polished_granite":3,"minecraft:leather_boots":3,"minecraft:raw_gold":369,"minecraft:cobbled_deepslate_wall":10,"minecraft:deepslate_brick_slab":47,"minecraft:cobbled_deepslate_slab":18,"minecraft:powered_rail":59,"minecraft:stone_hoe":2,"minecraft:oak_planks":176,"minecraft:brain_coral":15,"minecraft:ghast_tear":2,"minecraft:cooked_porkchop":27,"minecraft:music_disc_13":2,"minecraft:sand":5863,"minecraft:jungle_planks":26,"minecraft:shulker_box":859,"minecraft:dark_prismarine":8,"minecraft:light_gray_concrete":112,"minecraft:spruce_fence_gate":1,"minecraft:black_concrete":34,"minecraft:clay":77,"minecraft:diamond":1308,"minecraft:spruce_boat":82,"minecraft:white_concrete":280,"minecraft:oak_sapling":244,"minecraft:bubble_coral_block":2,"minecraft:end_stone_bricks":9,"minecraft:cocoa_beans":3,"minecraft:charcoal":12,"minecraft:chicken":134,"minecraft:wooden_pickaxe":1,"minecraft:gold_block":15,"minecraft:diamond_horse_armor":1,"minecraft:stone_stairs":104,"minecraft:iron_axe":373,"minecraft:orange_concrete":1,"minecraft:item_frame":1,"minecraft:detector_rail":25,"minecraft:oak_boat":56,"minecraft:player_head":651,"minecraft:observer":339,"minecraft:lectern":439,"minecraft:sugar_cane":32054,"minecraft:phantom_membrane":25,"minecraft:spruce_trapdoor":4,"minecraft:raw_iron":1729,"minecraft:arrow":299,"minecraft:saddle":145,"minecraft:lime_stained_glass":185,"minecraft:wet_sponge":67,"minecraft:glow_ink_sac":24,"minecraft:crimson_stem":1,"minecraft:salmon":1,"minecraft:birch_planks":172,"minecraft:nether_wart_block":1,"minecraft:cobblestone_stairs":220,"minecraft:deepslate_tile_slab":76,"minecraft:podzol":7,"minecraft:fire_coral_block":3,"minecraft:soul_sand":152,"minecraft:acacia_sapling":2,"minecraft:purple_concrete":1,"minecraft:green_dye":14,"minecraft:book":154,"minecraft:oak_slab":8,"minecraft:scaffolding":177,"minecraft:pumpkin":2,"minecraft:birch_boat":9,"minecraft:raw_iron_block":6,"minecraft:magenta_stained_glass_pane":72,"minecraft:brain_coral_fan":20,"minecraft:blast_furnace":4,"minecraft:white_bed":126,"minecraft:gold_ore":42,"minecraft:spider_eye":703,"minecraft:cyan_banner":14,"minecraft:lime_dye":6,"minecraft:honey_block":71,"minecraft:iron_helmet":18,"minecraft:red_concrete":2,"minecraft:coal":1677},"minecraft:killed_by":{"minecraft:zombie":10,"minecraft:skeleton":9,"minecraft:vex":3,"minecraft:creeper":4,"minecraft:player":1,"minecraft:spider":1,"minecraft:iron_golem":9,"minecraft:bee":1},"minecraft:broken":{"minecraft:shears":3,"minecraft:diamond_pickaxe":1,"minecraft:stone_hoe":1,"minecraft:shield":1,"minecraft:iron_pickaxe":4,"minecraft:leather_leggings":1,"minecraft:stone_pickaxe":9,"minecraft:stone_axe":2,"minecraft:golden_boots":1,"minecraft:iron_sword":3,"minecraft:stone_sword":1,"minecraft:chainmail_helmet":1,"minecraft:iron_axe":3,"minecraft:golden_helmet":1,"minecraft:flint_and_steel":3,"minecraft:leather_chestplate":1},"minecraft:mined":{"minecraft:dragon_wall_head":1,"minecraft:red_shulker_box":144,"minecraft:white_bed":62,"minecraft:fire_coral_wall_fan":5,"minecraft:light_blue_carpet":2,"minecraft:granite":5920,"minecraft:acacia_log":12,"minecraft:deepslate_tile_wall":4,"minecraft:green_concrete":18,"minecraft:oak_wall_sign":4,"minecraft:nether_wart":95,"minecraft:spawner":4,"minecraft:chorus_flower":5,"minecraft:magma_block":43,"minecraft:dark_oak_trapdoor":1,"minecraft:cobbled_deepslate":548,"minecraft:fire":195,"minecraft:deepslate_lapis_ore":512,"minecraft:fletching_table":3,"minecraft:nether_brick_stairs":2,"minecraft:spruce_pressure_plate":2,"minecraft:light_gray_concrete":112,"minecraft:green_carpet":2,"minecraft:white_banner":2,"minecraft:player_head":1,"minecraft:tripwire":14,"minecraft:jungle_trapdoor":1,"minecraft:magenta_carpet":2,"minecraft:kelp_plant":47,"minecraft:crimson_nylium":8,"minecraft:deepslate_tile_slab":49,"minecraft:torch":167,"minecraft:note_block":31,"minecraft:melon":6,"minecraft:white_stained_glass_pane":2,"minecraft:dead_bush":15,"minecraft:spruce_wall_sign":3,"minecraft:tube_coral_fan":10,"minecraft:dead_tube_coral_fan":1,"minecraft:sugar_cane":10524,"minecraft:amethyst_block":16,"minecraft:birch_sapling":39,"minecraft:white_terracotta":7,"minecraft:chain":1,"minecraft:repeater":14,"minecraft:mud":4,"minecraft:grass":175,"minecraft:smooth_basalt":6,"minecraft:deepslate":28030,"minecraft:deepslate_tiles":218,"minecraft:dark_prismarine":6,"minecraft:mossy_cobblestone":59,"minecraft:dark_oak_log":21,"minecraft:sea_lantern":25,"minecraft:end_stone":137,"minecraft:birch_fence_gate":1,"minecraft:dark_oak_fence":40,"minecraft:spruce_fence":125,"minecraft:redstone_wire":81,"minecraft:cartography_table":1,"minecraft:white_concrete_powder":10,"minecraft:horn_coral":18,"minecraft:redstone_ore":130,"minecraft:andesite":5443,"minecraft:cobblestone_slab":3,"minecraft:vine":1,"minecraft:rail":129,"minecraft:brain_coral_wall_fan":11,"minecraft:fire_coral_block":3,"minecraft:green_wool":1,"minecraft:ender_chest":99,"minecraft:oak_slab":4,"minecraft:redstone_block":63,"minecraft:glass_pane":1,"minecraft:soul_sand":126,"minecraft:dandelion":18,"minecraft:fire_coral":10,"minecraft:brain_coral_fan":11,"minecraft:tall_grass":39,"minecraft:purpur_pillar":6,"minecraft:copper_ore":539,"minecraft:deepslate_gold_ore":481,"minecraft:diorite":4143,"minecraft:warped_wart_block":37,"minecraft:red_terracotta":1,"minecraft:coarse_dirt":13,"minecraft:cobblestone_wall":4,"minecraft:dark_oak_wall_sign":1,"minecraft:purple_concrete":1,"minecraft:gravel":5029,"minecraft:cobweb":13,"minecraft:brown_terracotta":2,"minecraft:birch_sign":2,"minecraft:stone_bricks":436,"minecraft:chipped_anvil":2,"minecraft:gold_ore":71,"minecraft:fern":37,"minecraft:stone_pressure_plate":6,"minecraft:farmland":1,"minecraft:brewing_stand":41,"minecraft:spruce_trapdoor":8,"minecraft:white_concrete":213,"minecraft:bubble_coral_fan":19,"minecraft:composter":50,"minecraft:flowering_azalea_leaves":166,"minecraft:iron_bars":9,"minecraft:azalea":30,"minecraft:spruce_slab":23,"minecraft:deepslate_redstone_ore":3761,"minecraft:gray_terracotta":1,"minecraft:quartz_block":2,"minecraft:exposed_copper":1,"minecraft:orange_terracotta":3,"minecraft:purpur_stairs":3,"minecraft:beacon":5,"minecraft:nether_quartz_ore":1526,"minecraft:oak_planks":94,"minecraft:wall_torch":217,"minecraft:stone_stairs":101,"minecraft:fire_coral_fan":8,"minecraft:warped_nylium":18,"minecraft:powered_rail":24,"minecraft:warped_planks":3,"minecraft:tnt":17,"minecraft:oak_log":2926,"minecraft:lime_terracotta":1,"minecraft:dirt":6258,"minecraft:raw_copper_block":1,"minecraft:dispenser":3,"minecraft:ancient_debris":89,"minecraft:ladder":4,"minecraft:glow_lichen":2,"minecraft:lever":7,"minecraft:tube_coral_wall_fan":7,"minecraft:weathered_copper":1,"minecraft:birch_slab":4,"minecraft:spruce_leaves":1835,"minecraft:crimson_stem":1,"minecraft:dead_horn_coral_wall_fan":2,"minecraft:hay_block":51,"minecraft:detector_rail":8,"minecraft:gold_block":15,"minecraft:bookshelf":42,"minecraft:shroomlight":21,"minecraft:deepslate_iron_ore":1038,"minecraft:stripped_oak_log":1,"minecraft:wet_sponge":64,"minecraft:acacia_leaves":51,"minecraft:scaffolding":29,"minecraft:magenta_stained_glass":2,"minecraft:snow_block":7,"minecraft:basalt":302,"minecraft:oak_fence":2,"minecraft:honey_block":58,"minecraft:stone_slab":15,"minecraft:deepslate_coal_ore":43,"minecraft:red_concrete":2,"minecraft:prismarine_bricks":18,"minecraft:birch_planks":65,"minecraft:bubble_coral":8,"minecraft:sea_pickle":1,"minecraft:ice":2,"minecraft:bee_nest":8,"minecraft:cocoa":1,"minecraft:yellow_concrete":8,"minecraft:purple_shulker_box":2,"minecraft:dead_bubble_coral_wall_fan":1,"minecraft:jungle_wall_sign":2,"minecraft:dead_horn_coral_fan":7,"minecraft:obsidian":332,"minecraft:red_sand":5,"minecraft:stone_brick_wall":60,"minecraft:jungle_log":3,"minecraft:horn_coral_fan":8,"minecraft:deepslate_bricks":39,"minecraft:deepslate_tile_stairs":16,"minecraft:purpur_slab":1,"minecraft:lime_stained_glass":31,"minecraft:bubble_coral_block":2,"minecraft:hopper":103,"minecraft:tube_coral_block":2,"minecraft:crimson_fungus":21,"minecraft:orange_concrete":1,"minecraft:weeping_vines_plant":1,"minecraft:tall_seagrass":2,"minecraft:sticky_piston":68,"minecraft:dead_fire_coral_wall_fan":1,"minecraft:cyan_wall_banner":5,"minecraft:moss_carpet":53,"minecraft:pumpkin":2,"minecraft:cave_vines":674,"minecraft:oak_sign":2,"minecraft:dirt_path":72,"minecraft:oak_stairs":10,"minecraft:iron_block":332,"minecraft:piston_head":4,"minecraft:brown_mushroom":36,"minecraft:red_bed":5,"minecraft:soul_fire":3,"minecraft:amethyst_cluster":15,"minecraft:blue_stained_glass":2,"minecraft:blast_furnace":4,"minecraft:green_concrete_powder":6,"minecraft:dead_brain_coral_fan":1,"minecraft:glass":925,"minecraft:damaged_anvil":4,"minecraft:spruce_sign":7,"minecraft:wheat":1214,"minecraft:lilac":2,"minecraft:birch_door":1,"minecraft:lime_concrete":12,"minecraft:warped_fungus":2,"minecraft:copper_block":2,"minecraft:oak_fence_gate":2,"minecraft:loom":29,"minecraft:red_mushroom_block":90,"minecraft:stonecutter":28,"minecraft:piston":168,"minecraft:infested_deepslate":2,"minecraft:shulker_box":822,"minecraft:nether_bricks":27,"minecraft:cobbled_deepslate_slab":11,"minecraft:crimson_roots":6,"minecraft:lime_wool":3,"minecraft:horn_coral_wall_fan":10,"minecraft:kelp":29,"minecraft:moss_block":850,"minecraft:snow":3,"minecraft:diamond_block":1,"minecraft:warped_wall_sign":1,"minecraft:potatoes":24,"minecraft:warped_stem":8,"minecraft:bamboo_sapling":3,"minecraft:bamboo":240,"minecraft:brain_coral":10,"minecraft:smithing_table":6,"minecraft:gray_concrete":91,"minecraft:comparator":19,"minecraft:stone_brick_slab":108,"minecraft:observer":124,"minecraft:cobbled_deepslate_wall":4,"minecraft:light_gray_concrete_powder":3,"minecraft:emerald_ore":3,"minecraft:sponge":3,"minecraft:dropper":4,"minecraft:purple_bed":12,"minecraft:spruce_log":3443,"minecraft:birch_leaves":187,"minecraft:dark_oak_sign":1,"minecraft:mycelium":1567,"minecraft:spruce_fence_gate":2,"minecraft:spruce_planks":83,"minecraft:jungle_slab":23,"minecraft:cobblestone_stairs":28,"minecraft:cave_vines_plant":877,"minecraft:grass_block":1439,"minecraft:blue_concrete":1,"minecraft:soul_soil":19,"minecraft:smooth_stone":5,"minecraft:raw_iron_block":6,"minecraft:glowstone":1,"minecraft:iron_ore":733,"minecraft:anvil":3,"minecraft:azalea_leaves":415,"minecraft:end_stone_bricks":10,"minecraft:brain_coral_block":3,"minecraft:green_bed":1,"minecraft:blackstone":273,"minecraft:twisting_vines_plant":3,"minecraft:clay":937,"minecraft:dead_fire_coral_fan":1,"minecraft:calcite":1,"minecraft:poppy":16,"minecraft:chest":125,"minecraft:mushroom_stem":11,"minecraft:cobblestone":2063,"minecraft:slime_block":155,"minecraft:grindstone":14,"minecraft:prismarine":16,"minecraft:deepslate_copper_ore":34,"minecraft:seagrass":589,"minecraft:nether_wart_block":1,"minecraft:birch_log":2812,"minecraft:birch_trapdoor":2,"minecraft:purpur_block":53,"minecraft:waxed_oxidized_copper":1,"minecraft:sand":2243,"minecraft:infested_cracked_stone_bricks":1,"minecraft:netherrack":26942,"minecraft:oak_leaves":851,"minecraft:horn_coral_block":2,"minecraft:emerald_block":170,"minecraft:nether_gold_ore":109,"minecraft:tube_coral":16,"minecraft:diamond_ore":3,"minecraft:tuff":3362,"minecraft:blackstone_wall":1,"minecraft:deepslate_diamond_ore":1167,"minecraft:oak_door":10,"minecraft:sandstone":42,"minecraft:rooted_dirt":75,"minecraft:large_fern":81,"minecraft:deepslate_brick_slab":44,"minecraft:oak_trapdoor":3,"minecraft:spruce_sapling":57,"minecraft:furnace":19,"minecraft:carrots":786,"minecraft:black_concrete":33,"minecraft:stripped_spruce_log":1,"minecraft:chiseled_deepslate":9,"minecraft:polished_deepslate":9,"minecraft:lantern":7,"minecraft:packed_ice":511,"minecraft:chorus_plant":6,"minecraft:stone":51175,"minecraft:redstone_wall_torch":13,"minecraft:podzol":14,"minecraft:flowering_azalea":15,"minecraft:crafting_table":76,"minecraft:blackstone_slab":4,"minecraft:lime_concrete_powder":8,"minecraft:rose_bush":1,"minecraft:lectern":439,"minecraft:lapis_ore":100,"minecraft:spruce_stairs":7,"minecraft:gray_wool":5,"minecraft:cactus":5,"minecraft:gray_concrete_powder":1,"minecraft:beehive":1,"minecraft:redstone_torch":30,"minecraft:sweet_berry_bush":105,"minecraft:yellow_bed":5,"minecraft:coal_ore":1466,"minecraft:end_rod":1,"minecraft:bubble_coral_wall_fan":8,"minecraft:gray_carpet":4,"minecraft:terracotta":7,"minecraft:birch_fence":2},"minecraft:custom":{"minecraft:interact_with_crafting_table":1021,"minecraft:damage_blocked_by_shield":11605,"minecraft:play_time":10514200,"minecraft:deaths":60,"minecraft:jump":132861,"minecraft:inspect_dispenser":124,"minecraft:horse_one_cm":6480320,"minecraft:inspect_dropper":70,"minecraft:interact_with_anvil":149,"minecraft:inspect_hopper":785,"minecraft:tune_noteblock":1602,"minecraft:time_since_rest":19752,"minecraft:swim_one_cm":2914064,"minecraft:open_chest":12562,"minecraft:open_shulker_box":4292,"minecraft:damage_resisted":22,"minecraft:play_noteblock":149,"minecraft:talked_to_villager":3200,"minecraft:interact_with_brewingstand":31,"minecraft:interact_with_beacon":24,"minecraft:raid_win":13,"minecraft:boat_one_cm":3174921,"minecraft:damage_taken":124226,"minecraft:aviate_one_cm":162712038,"minecraft:open_barrel":788,"minecraft:bell_ring":206,"minecraft:eat_cake_slice":5,"minecraft:leave_game":154,"minecraft:time_since_death":126284,"minecraft:interact_with_furnace":897,"minecraft:traded_with_villager":10564,"minecraft:sleep_in_bed":183,"minecraft:damage_dealt":681925,"minecraft:interact_with_smithing_table":23,"minecraft:target_hit":93,"minecraft:sneak_time":963331,"minecraft:interact_with_lectern":73,"minecraft:interact_with_blast_furnace":2,"minecraft:total_world_time":10514200,"minecraft:interact_with_stonecutter":63,"minecraft:fly_one_cm":19986247,"minecraft:fall_one_cm":3769966,"minecraft:animals_bred":96,"minecraft:sprint_one_cm":20719665,"minecraft:drop":7476,"minecraft:walk_on_water_one_cm":2101025,"minecraft:interact_with_loom":4,"minecraft:open_enderchest":1064,"minecraft:player_kills":1,"minecraft:crouch_one_cm":3927302,"minecraft:mob_kills":16388,"minecraft:climb_one_cm":358482,"minecraft:walk_one_cm":21032166,"minecraft:walk_under_water_one_cm":6786556,"minecraft:raid_trigger":224,"minecraft:interact_with_grindstone":6,"minecraft:damage_absorbed":519,"minecraft:minecart_one_cm":110020,"minecraft:pig_one_cm":358},"minecraft:crafted":{"minecraft:lime_stained_glass":688,"minecraft:green_banner":6,"minecraft:black_dye":1,"minecraft:chainmail_helmet":10,"minecraft:oak_sign":9,"minecraft:cactus":1,"minecraft:melon":1,"minecraft:blaze_powder":6,"minecraft:birch_boat":4,"minecraft:chain":51,"minecraft:diamond_shovel":15,"minecraft:nether_brick":20,"minecraft:shulker_box":65,"minecraft:diamond_helmet":1,"minecraft:stone_pressure_plate":66,"minecraft:cyan_banner":7,"minecraft:name_tag":17,"minecraft:lime_concrete_powder":160,"minecraft:redstone_lamp":1,"minecraft:jungle_boat":7,"minecraft:chest_minecart":1,"minecraft:raw_gold_block":23,"minecraft:smithing_table":12,"minecraft:sticky_piston":49,"minecraft:fletching_table":1,"minecraft:red_nether_bricks":1,"minecraft:cartography_table":1,"minecraft:lectern":20,"minecraft:stone_slab":686,"minecraft:iron_pickaxe":12,"minecraft:netherite_ingot":11,"minecraft:composter":39,"minecraft:nautilus_shell":5,"minecraft:jungle_sign":6,"minecraft:golden_carrot":1005,"minecraft:iron_nugget":135,"minecraft:experience_bottle":14,"minecraft:diamond_hoe":11,"minecraft:spruce_fence":521,"minecraft:moss_carpet":1008,"minecraft:terracotta":1,"minecraft:lantern":103,"minecraft:spruce_stairs":8,"minecraft:polished_diorite":4,"minecraft:black_concrete_powder":512,"minecraft:red_shulker_box":2,"minecraft:stone_pickaxe":43,"minecraft:spruce_boat":10,"minecraft:lead":2,"minecraft:chainmail_leggings":12,"minecraft:enchanting_table":1,"minecraft:enchanted_book":90,"minecraft:orange_dye":2,"minecraft:oak_fence_gate":6,"minecraft:chainmail_boots":12,"minecraft:fermented_spider_eye":23,"minecraft:birch_trapdoor":38,"minecraft:iron_shovel":9,"minecraft:note_block":207,"minecraft:grindstone":2,"minecraft:cobblestone_slab":6,"minecraft:barrel":1,"minecraft:packed_mud":1,"minecraft:stone":900,"minecraft:quartz_pillar":60,"minecraft:warped_planks":44,"minecraft:cake":7,"minecraft:stone_brick_slab":114,"minecraft:bow":464,"minecraft:comparator":727,"minecraft:polished_basalt":8,"minecraft:chest":881,"minecraft:copper_block":1,"minecraft:rail":1680,"minecraft:blue_concrete_powder":8,"minecraft:bricks":1,"minecraft:ender_eye":1,"minecraft:stone_bricks":2408,"minecraft:oak_fence":3,"minecraft:dropper":1408,"minecraft:arrow":16,"minecraft:iron_helmet":13,"minecraft:dispenser":462,"minecraft:apple":59,"minecraft:tnt":1134,"minecraft:spruce_trapdoor":30,"minecraft:yellow_dye":4,"minecraft:purple_dye":2,"minecraft:gray_terracotta":12,"minecraft:stick":16057,"minecraft:iron_ingot":6232,"minecraft:oak_door":6,"minecraft:stone_brick_wall":30,"minecraft:beehive":4,"minecraft:netherite_sword":1,"minecraft:furnace":27,"minecraft:blast_furnace":4,"minecraft:piston":759,"minecraft:raw_copper_block":103,"minecraft:oak_trapdoor":2,"minecraft:flint_and_steel":6,"minecraft:scaffolding":192,"minecraft:netherite_chestplate":1,"minecraft:white_concrete_powder":2048,"minecraft:orange_terracotta":48,"minecraft:cobblestone_wall":6,"minecraft:honey_block":230,"minecraft:purpur_block":4,"minecraft:birch_sign":3,"minecraft:purple_terracotta":12,"minecraft:iron_sword":10,"minecraft:cooked_salmon":1,"minecraft:jungle_planks":1804,"minecraft:white_dye":337,"minecraft:netherite_shovel":1,"minecraft:stonecutter":5,"minecraft:anvil":9,"minecraft:torch":2288,"minecraft:diamond_chestplate":1,"minecraft:ender_chest":1,"minecraft:light_gray_concrete_powder":280,"minecraft:smooth_stone":65,"minecraft:purple_bed":14,"minecraft:orange_carpet":13,"minecraft:birch_slab":222,"minecraft:slime_block":403,"minecraft:loom":1,"minecraft:lever":13,"minecraft:bookshelf":79,"minecraft:iron_bars":160,"minecraft:red_concrete_powder":8,"minecraft:quartz_block":72,"minecraft:glass":3522,"minecraft:repeater":1069,"minecraft:diamond_leggings":1,"minecraft:birch_fence_gate":18,"minecraft:birch_door":3,"minecraft:glass_bottle":1869,"minecraft:furnace_minecart":1,"minecraft:target":1,"minecraft:emerald":7015,"minecraft:cooked_porkchop":12,"minecraft:diamond_axe":12,"minecraft:cobbled_deepslate_wall":30,"minecraft:copper_ingot":27,"minecraft:hay_block":58,"minecraft:iron_block":1372,"minecraft:gold_ingot":436,"minecraft:light_gray_dye":72,"minecraft:spruce_fence_gate":4,"minecraft:yellow_concrete_powder":16,"minecraft:stone_shovel":10,"minecraft:player_head":1253,"minecraft:yellow_bed":1,"minecraft:red_terracotta":48,"minecraft:bone_meal":1551,"minecraft:white_carpet":67,"minecraft:diamond":72,"minecraft:netherite_axe":1,"minecraft:dark_oak_fence":42,"minecraft:detector_rail":216,"minecraft:ladder":42,"minecraft:spruce_slab":234,"minecraft:diamond_boots":2,"minecraft:redstone_block":2608,"minecraft:dark_oak_planks":768,"minecraft:wheat":934,"minecraft:dripstone_block":68,"minecraft:coal_block":36,"minecraft:netherite_pickaxe":5,"minecraft:red_bed":4,"minecraft:gray_concrete_powder":232,"minecraft:polished_granite":36,"minecraft:glowstone":15,"minecraft:jungle_slab":48,"minecraft:oak_stairs":4,"minecraft:deepslate_tile_stairs":1,"minecraft:iron_leggings":3,"minecraft:white_bed":69,"minecraft:lime_wool":15,"minecraft:brick":310,"minecraft:oak_planks":6268,"minecraft:dark_oak_boat":1,"minecraft:cobblestone_stairs":96,"minecraft:spruce_pressure_plate":20,"minecraft:suspicious_stew":14,"minecraft:green_dye":170,"minecraft:hopper":385,"minecraft:iron_boots":13,"minecraft:raw_copper":27,"minecraft:blackstone_wall":6,"minecraft:cyan_terracotta":36,"minecraft:chiseled_stone_bricks":168,"minecraft:stone_hoe":3,"minecraft:raw_iron_block":96,"minecraft:oak_slab":24,"minecraft:item_frame":32,"minecraft:crafting_table":44,"minecraft:spruce_planks":8802,"minecraft:wooden_pickaxe":3,"minecraft:baked_potato":15,"minecraft:hopper_minecart":23,"minecraft:gold_block":29,"minecraft:brewing_stand":25,"minecraft:birch_planks":3776,"minecraft:charcoal":28,"minecraft:iron_chestplate":15,"minecraft:book":3,"minecraft:paper":41250,"minecraft:diamond_pickaxe":18,"minecraft:emerald_block":535,"minecraft:shield":17,"minecraft:birch_fence":153,"minecraft:netherite_hoe":2,"minecraft:stone_sword":8,"minecraft:gray_carpet":6,"minecraft:redstone_torch":6893,"minecraft:sponge":30,"minecraft:shears":11,"minecraft:polished_andesite":8,"minecraft:cobbled_deepslate_slab":24,"minecraft:cookie":304,"minecraft:redstone":24704,"minecraft:raw_iron":909,"minecraft:stone_button":13,"minecraft:dark_oak_trapdoor":2,"minecraft:jungle_trapdoor":2,"minecraft:gray_dye":4,"minecraft:dark_oak_sign":6,"minecraft:diamond_block":64,"minecraft:end_stone_bricks":4,"minecraft:polished_deepslate":636,"minecraft:green_concrete_powder":96,"minecraft:iron_axe":30,"minecraft:iron_hoe":1,"minecraft:slime_ball":117,"minecraft:orange_concrete_powder":8,"minecraft:lime_dye":244,"minecraft:netherite_scrap":44,"minecraft:observer":712,"minecraft:minecart":73,"minecraft:sugar":83,"minecraft:red_dye":9,"minecraft:cooked_cod":2,"minecraft:crimson_planks":4,"minecraft:magenta_bed":9,"minecraft:bone_block":1,"minecraft:diamond_sword":4,"minecraft:spruce_sign":63,"minecraft:powered_rail":198,"minecraft:bell":2,"minecraft:nether_bricks":2,"minecraft:bucket":31,"minecraft:stone_axe":26,"minecraft:brown_terracotta":24,"minecraft:lodestone":1,"minecraft:bread":977,"minecraft:air":0,"minecraft:blue_dye":2,"minecraft:oak_boat":7,"minecraft:white_wool":28,"minecraft:gold_nugget":1,"minecraft:raw_gold":207,"minecraft:green_wool":9,"minecraft:nether_wart_block":3,"minecraft:pumpkin_pie":127,"minecraft:acacia_planks":36,"minecraft:purple_concrete_powder":8,"minecraft:blackstone_slab":6,"minecraft:lapis_lazuli":14,"minecraft:clay":3,"minecraft:lapis_block":368,"minecraft:firework_rocket":3273},"minecraft:dropped":{"minecraft:iron_sword":3,"minecraft:porkchop":9,"minecraft:lapis_lazuli":34,"minecraft:glass_bottle":328,"minecraft:diamond":9,"minecraft:crafting_table":6,"minecraft:lime_stained_glass":1,"minecraft:glow_berries":2,"minecraft:cracked_stone_bricks":1,"minecraft:red_mushroom":4,"minecraft:emerald":189,"minecraft:birch_fence":26,"minecraft:dark_oak_fence":26,"minecraft:netherite_boots":1,"minecraft:gold_nugget":17,"minecraft:sand":3095,"minecraft:white_wool":3,"minecraft:stone_axe":25,"minecraft:lever":3,"minecraft:iron_nugget":2,"minecraft:cooked_chicken":7,"minecraft:cobbled_deepslate":8190,"minecraft:netherite_sword":7,"minecraft:wheat":29,"minecraft:obsidian":7,"minecraft:rotten_flesh":349,"minecraft:oak_planks":20,"minecraft:glowstone_dust":436,"minecraft:sea_lantern":2,"minecraft:azalea_leaves":2,"minecraft:coal_ore":50,"minecraft:leather_boots":2,"minecraft:leather_leggings":3,"minecraft:glass":86,"minecraft:beef":20,"minecraft:podzol":6,"minecraft:golden_boots":2,"minecraft:wheat_seeds":558,"minecraft:deepslate_redstone_ore":53,"minecraft:netherite_chestplate":1,"minecraft:cobbled_deepslate_wall":9,"minecraft:book":2,"minecraft:prismarine_crystals":13,"minecraft:diamond_horse_armor":1,"minecraft:gray_wool":3,"minecraft:ink_sac":57,"minecraft:cooked_salmon":5,"minecraft:lapis_ore":3,"minecraft:potion":31,"minecraft:oak_stairs":5,"minecraft:white_banner":1632,"minecraft:jungle_boat":2,"minecraft:chainmail_leggings":18,"minecraft:lily_pad":4,"minecraft:stone_brick_slab":175,"minecraft:netherite_hoe":1,"minecraft:player_head":193,"minecraft:sticky_piston":1,"minecraft:stone_shovel":9,"minecraft:clay_ball":89,"minecraft:iron_boots":12,"minecraft:cobbled_deepslate_slab":2,"minecraft:white_shulker_box":1,"minecraft:oak_sign":2,"minecraft:shears":11,"minecraft:suspicious_stew":18,"minecraft:diamond_sword":1,"minecraft:spruce_boat":2,"minecraft:spruce_planks":110,"minecraft:diamond_pickaxe":9,"minecraft:redstone_torch":79,"minecraft:stone_bricks":64,"minecraft:bamboo":783,"minecraft:sandstone":6,"minecraft:red_sand":4,"minecraft:bow":1554,"minecraft:magma_block":35,"minecraft:terracotta":2,"minecraft:nether_brick_stairs":1,"minecraft:soul_sand":126,"minecraft:moss_block":2,"minecraft:oak_log":60,"minecraft:ender_pearl":1902,"minecraft:leather":25,"minecraft:birch_slab":5,"minecraft:cod":1,"minecraft:music_disc_13":2,"minecraft:packed_ice":4,"minecraft:ice":1,"minecraft:mutton":2,"minecraft:snowball":117,"minecraft:black_concrete":1,"minecraft:gold_ingot":67,"minecraft:purpur_block":9,"minecraft:spyglass":1,"minecraft:mycelium":130,"minecraft:mushroom_stem":6,"minecraft:leather_chestplate":5,"minecraft:cyan_banner":7,"minecraft:stone_brick_wall":1,"minecraft:iron_ore":1,"minecraft:iron_bars":2,"minecraft:polished_granite":6,"minecraft:stone_hoe":3,"minecraft:bread":943,"minecraft:golden_helmet":4,"minecraft:netherite_axe":1,"minecraft:amethyst_block":12,"minecraft:tropical_fish":1,"minecraft:spruce_fence_gate":1,"minecraft:iron_block":99,"minecraft:green_dye":1,"minecraft:nether_wart_block":1,"minecraft:melon_slice":3,"minecraft:white_concrete":1,"minecraft:stonecutter":1,"minecraft:cactus":40,"minecraft:redstone_block":83,"minecraft:polished_deepslate":1,"minecraft:kelp":362,"minecraft:sweet_berries":154,"minecraft:dragon_head":2,"minecraft:tall_grass":1,"minecraft:stripped_oak_log":1,"minecraft:totem_of_undying":185,"minecraft:shulker_box":10,"minecraft:flint_and_steel":9,"minecraft:copper_ore":26,"minecraft:andesite":476,"minecraft:golden_leggings":5,"minecraft:oak_sapling":56,"minecraft:birch_sign":4,"minecraft:brain_coral":5,"minecraft:spruce_log":84,"minecraft:wooden_pickaxe":3,"minecraft:magma_cream":3,"minecraft:brick":100,"minecraft:clay":4,"minecraft:piston":55,"minecraft:crossbow":770,"minecraft:cookie":641,"minecraft:rooted_dirt":27,"minecraft:fletching_table":3,"minecraft:saddle":72,"minecraft:elytra":3,"minecraft:rail":108,"minecraft:dirt":508,"minecraft:red_shulker_box":2,"minecraft:grass":2,"minecraft:bone_meal":284,"minecraft:phantom_membrane":1,"minecraft:sugar":397,"minecraft:iron_pickaxe":2,"minecraft:bone":105,"minecraft:sugar_cane":11559,"minecraft:golden_chestplate":5,"minecraft:nether_brick":1,"minecraft:birch_sapling":15,"minecraft:deepslate_brick_slab":1,"minecraft:netherite_shovel":1,"minecraft:end_stone":123,"minecraft:green_banner":6,"minecraft:blaze_powder":1,"minecraft:white_bed":72,"minecraft:deepslate_tiles":1,"minecraft:deepslate_copper_ore":8,"minecraft:hopper":1,"minecraft:ladder":25,"minecraft:white_dye":19,"minecraft:spruce_slab":17,"minecraft:ghast_tear":2,"minecraft:lectern":1,"minecraft:egg":1217,"minecraft:enchanted_book":14,"minecraft:iron_ingot":400,"minecraft:netherite_pickaxe":4,"minecraft:tnt":6,"minecraft:deepslate_diamond_ore":6,"minecraft:netherite_helmet":1,"minecraft:feather":44,"minecraft:oak_fence":2,"minecraft:cobblestone":12842,"minecraft:iron_helmet":15,"minecraft:apple":166,"minecraft:granite":587,"minecraft:chainmail_helmet":16,"minecraft:coal":65,"minecraft:jungle_slab":14,"minecraft:golden_carrot":61,"minecraft:diamond_helmet":1,"minecraft:paper":3681,"minecraft:string":281,"minecraft:iron_shovel":9,"minecraft:spruce_sapling":2,"minecraft:furnace":1,"minecraft:redstone_ore":2,"minecraft:cobblestone_wall":1,"minecraft:stone_sword":4,"minecraft:dark_oak_sign":2,"minecraft:deepslate":6728,"minecraft:bowl":3,"minecraft:diamond_hoe":19,"minecraft:chicken":7,"minecraft:stone_slab":22,"minecraft:nether_bricks":24,"minecraft:spruce_fence":75,"minecraft:cobblestone_slab":1,"minecraft:potato":25,"minecraft:stone":2089,"minecraft:spider_eye":449,"minecraft:dark_prismarine":4,"minecraft:gold_ore":6,"minecraft:spruce_sign":8,"minecraft:brown_mushroom":21,"minecraft:birch_planks":15,"minecraft:diamond_axe":21,"minecraft:baked_potato":94,"minecraft:lantern":88,"minecraft:flint":64,"minecraft:spruce_leaves":65,"minecraft:orange_carpet":68,"minecraft:dispenser":905,"minecraft:crimson_roots":5,"minecraft:pumpkin_pie":93,"minecraft:amethyst_shard":62,"minecraft:birch_log":390,"minecraft:gravel":2056,"minecraft:crimson_fungus":21,"minecraft:blackstone":68,"minecraft:diamond_shovel":11,"minecraft:stone_stairs":24,"minecraft:carrot":831,"minecraft:chainmail_chestplate":1,"minecraft:poppy":261,"minecraft:gunpowder":113,"minecraft:birch_trapdoor":1,"minecraft:azalea":39,"minecraft:chainmail_boots":12,"minecraft:bee_nest":1,"minecraft:chest":5,"minecraft:arrow":152,"minecraft:basalt":181,"minecraft:powered_rail":1,"minecraft:quartz":230,"minecraft:oak_leaves":17,"minecraft:netherrack":5471,"minecraft:firework_rocket":85,"minecraft:oak_slab":4,"minecraft:deepslate_iron_ore":56,"minecraft:mossy_cobblestone":46,"minecraft:minecart":47,"minecraft:diamond_leggings":1,"minecraft:prismarine_shard":2,"minecraft:observer":57,"minecraft:grass_block":13,"minecraft:stick":2043,"minecraft:magenta_bed":9,"minecraft:diorite":636,"minecraft:torch":141,"minecraft:iron_leggings":2,"minecraft:flowering_azalea":32,"minecraft:iron_axe":564,"minecraft:bucket":2,"minecraft:music_disc_cat":2,"minecraft:dandelion":2,"minecraft:smooth_basalt":11,"minecraft:redstone":1889,"minecraft:warped_nylium":4,"minecraft:ender_chest":3,"minecraft:coarse_dirt":1,"minecraft:nether_wart":21,"minecraft:raw_copper":18,"minecraft:tuff":2069,"minecraft:raw_iron":10,"minecraft:iron_hoe":1,"minecraft:acacia_leaves":8,"minecraft:shield":9,"minecraft:diamond_chestplate":3,"minecraft:orange_terracotta":14,"minecraft:iron_chestplate":20,"minecraft:cake":12,"minecraft:purple_bed":14,"minecraft:oak_boat":2,"minecraft:diamond_boots":1,"minecraft:slime_ball":100,"minecraft:beacon":3,"minecraft:stone_pickaxe":36},"minecraft:killed":{"minecraft:cod":2,"minecraft:guardian":4,"minecraft:elder_guardian":3,"minecraft:salmon":21,"minecraft:iron_golem":66,"minecraft:pillager":5543,"minecraft:goat":10,"minecraft:zombie":855,"minecraft:evoker":1015,"minecraft:vindicator":4295,"minecraft:husk":2,"minecraft:ravager":4,"minecraft:polar_bear":7,"minecraft:zombified_piglin":8,"minecraft:witch":1233,"minecraft:spider":106,"minecraft:bee":2,"minecraft:piglin":5,"minecraft:zombie_villager":16,"minecraft:sheep":13,"minecraft:trader_llama":18,"minecraft:mooshroom":1,"minecraft:ghast":1,"minecraft:vex":66,"minecraft:allay":2,"minecraft:slime":137,"minecraft:drowned":10,"minecraft:hoglin":5,"minecraft:squid":193,"minecraft:wither_skeleton":10,"minecraft:shulker":73,"minecraft:skeleton":220,"minecraft:fox":27,"minecraft:chicken":180,"minecraft:cat":46,"minecraft:magma_cube":8,"minecraft:glow_squid":2,"minecraft:cow":25,"minecraft:horse":1,"minecraft:wandering_trader":8,"minecraft:enderman":1794,"minecraft:wolf":12,"minecraft:pig":18,"minecraft:creeper":107,"minecraft:blaze":25,"minecraft:phantom":8,"minecraft:bat":12}},"DataVersion":3120}