{"stats":{"minecraft:killed_by":{"minecraft:drowned":1,"minecraft:zombie":1,"minecraft:player":1},"minecraft:broken":{"minecraft:iron_shovel":2,"minecraft:stone_pickaxe":1,"minecraft:stone_axe":1,"minecraft:iron_axe":2,"minecraft:iron_pickaxe":7},"minecraft:mined":{"minecraft:dark_oak_planks":123,"minecraft:large_amethyst_bud":6,"minecraft:spruce_planks":3,"minecraft:white_bed":2,"minecraft:oak_sapling":9,"minecraft:cobbled_deepslate_stairs":8,"minecraft:obsidian":18,"minecraft:granite":33,"minecraft:budding_amethyst":22,"minecraft:grass_block":677,"minecraft:deepslate_tile_stairs":3,"minecraft:oak_wall_sign":1,"minecraft:spawner":3,"minecraft:chorus_flower":4,"minecraft:raw_iron_block":6,"minecraft:fire":1,"minecraft:iron_ore":155,"minecraft:cobbled_deepslate":82,"minecraft:pumpkin":38,"minecraft:deepslate_lapis_ore":111,"minecraft:dirt_path":3,"minecraft:small_amethyst_bud":7,"minecraft:oak_stairs":117,"minecraft:birch_wall_sign":1,"minecraft:spruce_slab":6,"minecraft:deepslate_redstone_ore":892,"minecraft:brown_mushroom":11,"minecraft:smoker":3,"minecraft:medium_amethyst_bud":7,"minecraft:amethyst_cluster":46,"minecraft:torch":49,"minecraft:blast_furnace":5,"minecraft:calcite":347,"minecraft:chest":4,"minecraft:white_stained_glass_pane":25,"minecraft:mushroom_stem":10,"minecraft:cobblestone":77,"minecraft:sugar_cane":41,"minecraft:oak_planks":56,"minecraft:wall_torch":74,"minecraft:amethyst_block":273,"minecraft:birch_log":14,"minecraft:grass":218,"minecraft:oak_log":297,"minecraft:sand":24,"minecraft:dirt":706,"minecraft:smooth_basalt":228,"minecraft:oak_leaves":701,"minecraft:deepslate":6492,"minecraft:tuff":478,"minecraft:dark_oak_leaves":55,"minecraft:deepslate_diamond_ore":192,"minecraft:oak_door":1,"minecraft:dark_oak_log":43,"minecraft:end_stone":55,"minecraft:shulker_box":14,"minecraft:glow_lichen":4,"minecraft:ladder":13,"minecraft:brown_mushroom_block":90,"minecraft:spruce_leaves":114,"minecraft:kelp":1,"minecraft:moss_block":1,"minecraft:large_fern":6,"minecraft:hay_block":16,"minecraft:redstone_ore":13,"minecraft:furnace":9,"minecraft:snow":2,"minecraft:andesite":62,"minecraft:bell":1,"minecraft:bookshelf":1,"minecraft:deepslate_iron_ore":810,"minecraft:rail":1,"minecraft:packed_ice":31,"minecraft:chorus_plant":5,"minecraft:stone":1409,"minecraft:white_wool":1,"minecraft:oak_slab":85,"minecraft:crafting_table":10,"minecraft:cornflower":1,"minecraft:copper_ore":39,"minecraft:tall_grass":14,"minecraft:deepslate_gold_ore":300,"minecraft:lapis_ore":25,"minecraft:diorite":90,"minecraft:sweet_berry_bush":8,"minecraft:spruce_log":21,"minecraft:birch_leaves":72,"minecraft:mycelium":34,"minecraft:coal_ore":451,"minecraft:gravel":126,"minecraft:cobweb":40,"minecraft:gold_ore":17,"minecraft:fern":2},"minecraft:used":{"minecraft:writable_book":4,"minecraft:iron_shovel":726,"minecraft:spruce_slab":6,"minecraft:ladder":13,"minecraft:oak_sign":8,"minecraft:chest":14,"minecraft:stone":2,"minecraft:iron_sword":380,"minecraft:bell":1,"minecraft:tuff":25,"minecraft:azure_bluet":1,"minecraft:snowball":2,"minecraft:spruce_boat":3,"minecraft:coal_ore":90,"minecraft:grass_block":1,"minecraft:copper_ore":7,"minecraft:iron_helmet":1,"minecraft:music_disc_stal":1,"minecraft:deepslate_diamond_ore":61,"minecraft:bow":27,"minecraft:sweet_berries":118,"minecraft:furnace":10,"minecraft:oak_sapling":50,"minecraft:cooked_cod":5,"minecraft:diorite":14,"minecraft:birch_leaves":1,"minecraft:oak_planks":58,"minecraft:stone_pickaxe":207,"minecraft:ender_pearl":8,"minecraft:wooden_pickaxe":32,"minecraft:sugar_cane":20,"minecraft:diamond_axe":165,"minecraft:white_wool":1,"minecraft:mushroom_stew":11,"minecraft:blast_furnace":8,"minecraft:deepslate_redstone_ore":295,"minecraft:end_stone":31,"minecraft:deepslate_lapis_ore":31,"minecraft:shears":1,"minecraft:cobbled_deepslate_stairs":138,"minecraft:firework_rocket":23,"minecraft:bread":2,"minecraft:deepslate_iron_ore":243,"minecraft:deepslate":435,"minecraft:gravel":4,"minecraft:jungle_sign":1,"minecraft:diamond_sword":498,"minecraft:medium_amethyst_bud":2,"minecraft:oak_boat":24,"minecraft:bone_meal":7,"minecraft:enchanting_table":1,"minecraft:stone_sword":141,"minecraft:stone_shovel":26,"minecraft:mycelium":3,"minecraft:spruce_planks":3,"minecraft:ender_chest":1,"minecraft:deepslate_gold_ore":92,"minecraft:cooked_chicken":3,"minecraft:oak_door":3,"minecraft:torch":649,"minecraft:dirt":141,"minecraft:spyglass":14,"minecraft:anvil":1,"minecraft:chorus_flower":4,"minecraft:shulker_box":14,"minecraft:granite":8,"minecraft:birch_door":1,"minecraft:dark_oak_planks":235,"minecraft:bookshelf":16,"minecraft:iron_axe":656,"minecraft:oak_stairs":147,"minecraft:iron_boots":1,"minecraft:smooth_basalt":3,"minecraft:deepslate_tile_stairs":3,"minecraft:white_stained_glass_pane":45,"minecraft:cooked_beef":143,"minecraft:cobbled_deepslate":530,"minecraft:iron_leggings":1,"minecraft:water_bucket":15,"minecraft:amethyst_block":72,"minecraft:iron_ore":1,"minecraft:glow_ink_sac":2,"minecraft:rail":2,"minecraft:oak_slab":155,"minecraft:crafting_table":12,"minecraft:birch_sign":1,"minecraft:white_bed":3,"minecraft:spruce_log":7,"minecraft:smoker":5,"minecraft:oak_log":61,"minecraft:apple":1,"minecraft:diamond_pickaxe":10870,"minecraft:diamond_shovel":788,"minecraft:iron_pickaxe":1765,"minecraft:lapis_ore":8,"minecraft:stone_axe":160,"minecraft:cobblestone":259,"minecraft:cooked_porkchop":14,"minecraft:bucket":16},"minecraft:custom":{"minecraft:interact_with_crafting_table":141,"minecraft:open_barrel":133,"minecraft:open_shulker_box":26,"minecraft:bell_ring":15,"minecraft:leave_game":35,"minecraft:time_since_death":456476,"minecraft:sprint_one_cm":4727864,"minecraft:drop":114,"minecraft:talked_to_villager":5,"minecraft:play_time":1000439,"minecraft:deaths":5,"minecraft:jump":14023,"minecraft:walk_on_water_one_cm":171620,"minecraft:enchant_item":2,"minecraft:interact_with_furnace":142,"minecraft:play_record":1,"minecraft:sleep_in_bed":18,"minecraft:open_enderchest":156,"minecraft:damage_dealt":46917,"minecraft:crouch_one_cm":274422,"minecraft:interact_with_smoker":15,"minecraft:horse_one_cm":36200,"minecraft:mob_kills":323,"minecraft:interact_with_anvil":12,"minecraft:climb_one_cm":12922,"minecraft:walk_one_cm":2138097,"minecraft:sneak_time":65106,"minecraft:walk_under_water_one_cm":88428,"minecraft:boat_one_cm":2278553,"minecraft:interact_with_lectern":21,"minecraft:interact_with_blast_furnace":102,"minecraft:total_world_time":1000439,"minecraft:time_since_rest":46778,"minecraft:damage_taken":9742,"minecraft:swim_one_cm":163150,"minecraft:fly_one_cm":3143156,"minecraft:open_chest":733,"minecraft:aviate_one_cm":542757,"minecraft:fall_one_cm":298235},"minecraft:crafted":{"minecraft:smooth_stone":11,"minecraft:oak_planks":724,"minecraft:oak_sign":6,"minecraft:cooked_chicken":3,"minecraft:stone":3,"minecraft:diamond_shovel":1,"minecraft:bookshelf":1,"minecraft:shulker_box":8,"minecraft:glass":24,"minecraft:bow":2,"minecraft:iron_boots":2,"minecraft:chest":43,"minecraft:copper_block":5,"minecraft:birch_door":3,"minecraft:raw_iron_block":82,"minecraft:smoker":2,"minecraft:oak_slab":114,"minecraft:cooked_porkchop":17,"minecraft:diamond_axe":1,"minecraft:crafting_table":4,"minecraft:spruce_planks":32,"minecraft:wooden_pickaxe":2,"minecraft:iron_helmet":2,"minecraft:raw_gold_block":14,"minecraft:copper_ingot":64,"minecraft:gold_block":35,"minecraft:birch_planks":12,"minecraft:white_stained_glass_pane":48,"minecraft:iron_chestplate":2,"minecraft:book":22,"minecraft:paper":66,"minecraft:diamond_pickaxe":3,"minecraft:charcoal":40,"minecraft:stick":224,"minecraft:iron_ingot":1087,"minecraft:iron_pickaxe":8,"minecraft:iron_block":108,"minecraft:stone_sword":2,"minecraft:gold_ingot":320,"minecraft:shears":1,"minecraft:oak_door":6,"minecraft:raw_iron":626,"minecraft:stone_shovel":2,"minecraft:furnace":7,"minecraft:blast_furnace":3,"minecraft:bone_meal":15,"minecraft:raw_copper_block":19,"minecraft:iron_axe":3,"minecraft:ladder":6,"minecraft:stone_pickaxe":2,"minecraft:cobbled_deepslate_stairs":256,"minecraft:spruce_boat":1,"minecraft:redstone_block":374,"minecraft:dark_oak_planks":172,"minecraft:cooked_beef":87,"minecraft:cooked_cod":5,"minecraft:diamond_sword":1,"minecraft:enchanting_table":1,"minecraft:iron_sword":2,"minecraft:bowl":16,"minecraft:bucket":2,"minecraft:stone_axe":2,"minecraft:amethyst_block":9,"minecraft:white_stained_glass":24,"minecraft:air":0,"minecraft:oak_boat":1,"minecraft:white_wool":3,"minecraft:white_dye":3,"minecraft:raw_gold":72,"minecraft:oak_stairs":108,"minecraft:iron_shovel":4,"minecraft:iron_leggings":2,"minecraft:anvil":1,"minecraft:white_bed":1,"minecraft:torch":564,"minecraft:lapis_lazuli":18,"minecraft:lapis_block":126},"minecraft:killed":{"minecraft:spider":10,"minecraft:cod":5,"minecraft:skeleton":50,"minecraft:chicken":24,"minecraft:pig":24,"minecraft:zombie_villager":1,"minecraft:salmon":5,"minecraft:creeper":26,"minecraft:zombie":62,"minecraft:mooshroom":68,"minecraft:glow_squid":11,"minecraft:cow":17,"minecraft:phantom":4,"minecraft:drowned":1,"minecraft:enderman":5},"minecraft:picked_up":{"minecraft:music_disc_strad":1,"minecraft:iron_chestplate":2,"minecraft:lead":5,"minecraft:diamond_sword":3,"minecraft:oak_stairs":117,"minecraft:amethyst_block":272,"minecraft:string":70,"minecraft:raw_copper":239,"minecraft:deepslate_lapis_ore":31,"minecraft:iron_leggings":2,"minecraft:oak_sign":4,"minecraft:cobbled_deepslate":3127,"minecraft:bucket":1,"minecraft:spruce_planks":3,"minecraft:calcite":346,"minecraft:iron_pickaxe":3,"minecraft:deepslate_iron_ore":245,"minecraft:iron_boots":2,"minecraft:furnace":9,"minecraft:stick":77,"minecraft:torch":197,"minecraft:porkchop":35,"minecraft:diorite":52,"minecraft:deepslate_tile_stairs":4,"minecraft:stone_sword":2,"minecraft:rotten_flesh":120,"minecraft:music_disc_ward":1,"minecraft:chorus_flower":4,"minecraft:obsidian":18,"minecraft:cobblestone":481,"minecraft:cod":5,"minecraft:snowball":2,"minecraft:blaze_powder":1,"minecraft:birch_log":14,"minecraft:feather":45,"minecraft:cooked_beef":163,"minecraft:medium_amethyst_bud":5,"minecraft:andesite":46,"minecraft:smoker":3,"minecraft:flint":4,"minecraft:tuff":436,"minecraft:lapis_lazuli":1132,"minecraft:dirt":1106,"minecraft:bone":136,"minecraft:large_amethyst_bud":5,"minecraft:bow":4,"minecraft:wheat_seeds":42,"minecraft:raw_gold":455,"minecraft:bell":1,"minecraft:moss_block":1,"minecraft:oak_planks":55,"minecraft:cooked_porkchop":7,"minecraft:sand":24,"minecraft:ink_sac":12,"minecraft:grass_block":332,"minecraft:dark_oak_log":43,"minecraft:shulker_box":14,"minecraft:sugar":2,"minecraft:deepslate":3166,"minecraft:diamond":257,"minecraft:spruce_boat":2,"minecraft:deepslate_gold_ore":92,"minecraft:granite":34,"minecraft:bone_meal":1,"minecraft:golden_horse_armor":1,"minecraft:oak_sapling":125,"minecraft:chorus_fruit":75,"minecraft:diamond_pickaxe":6,"minecraft:charcoal":120,"minecraft:crafting_table":10,"minecraft:azure_bluet":5,"minecraft:chicken":12,"minecraft:ladder":14,"minecraft:brown_mushroom":42,"minecraft:packed_ice":28,"minecraft:cornflower":1,"minecraft:iron_axe":1,"minecraft:mycelium":3,"minecraft:iron_shovel":1,"minecraft:deepslate_diamond_ore":61,"minecraft:beef":87,"minecraft:oak_boat":24,"minecraft:player_head":6,"minecraft:spruce_slab":6,"minecraft:chest":4,"minecraft:sugar_cane":81,"minecraft:birch_sapling":13,"minecraft:phantom_membrane":11,"minecraft:egg":2,"minecraft:copper_ore":7,"minecraft:dark_oak_sapling":1,"minecraft:raw_iron":1179,"minecraft:end_stone":55,"minecraft:stone":834,"minecraft:oak_door":1,"minecraft:amethyst_cluster":24,"minecraft:redstone":3421,"minecraft:dark_oak_planks":123,"minecraft:arrow":100,"minecraft:hay_block":16,"minecraft:rail":4,"minecraft:white_wool":2,"minecraft:lapis_ore":8,"minecraft:birch_leaves":1,"minecraft:glow_ink_sac":32,"minecraft:salmon":5,"minecraft:leather":135,"minecraft:music_disc_stal":1,"minecraft:red_mushroom":2,"minecraft:oak_log":297,"minecraft:cobbled_deepslate_stairs":8,"minecraft:gunpowder":57,"minecraft:apple":16,"minecraft:iron_ingot":2,"minecraft:cooked_chicken":19,"minecraft:iron_ore":1,"minecraft:iron_sword":1,"minecraft:book":3,"minecraft:oak_slab":85,"minecraft:smooth_basalt":211,"minecraft:pumpkin":38,"minecraft:sweet_berries":190,"minecraft:dandelion":1,"minecraft:raw_iron_block":11,"minecraft:gravel":142,"minecraft:amethyst_shard":100,"minecraft:small_amethyst_bud":6,"minecraft:spruce_sapling":8,"minecraft:blast_furnace":5,"minecraft:white_bed":2,"minecraft:spruce_log":21,"minecraft:spider_eye":20,"minecraft:diamond_shovel":1,"minecraft:coal_ore":82,"minecraft:iron_helmet":2,"minecraft:diamond_axe":1,"minecraft:deepslate_redstone_ore":295,"minecraft:birch_sign":1,"minecraft:baked_potato":7,"minecraft:coal":820,"minecraft:ender_pearl":10},"minecraft:dropped":{"minecraft:moss_block":1,"minecraft:ender_pearl":1,"minecraft:diamond":1,"minecraft:dirt":2,"minecraft:cornflower":1,"minecraft:bone":43,"minecraft:gravel":28,"minecraft:detector_rail":2,"minecraft:cobbled_deepslate":1168,"minecraft:rotten_flesh":15,"minecraft:oak_planks":6,"minecraft:gunpowder":2,"minecraft:ladder":1,"minecraft:arrow":35,"minecraft:powered_rail":2,"minecraft:enchanted_book":1,"minecraft:wheat_seeds":2,"minecraft:feather":1,"minecraft:cobblestone":6,"minecraft:lead":1,"minecraft:granite":1,"minecraft:diorite":3,"minecraft:string":24,"minecraft:player_head":1,"minecraft:stone_sword":1,"minecraft:raw_copper":1,"minecraft:deepslate":1913,"minecraft:tuff":231,"minecraft:diamond_sword":1,"minecraft:stone":1,"minecraft:diamond_pickaxe":4,"minecraft:oak_sapling":3,"minecraft:spider_eye":8}},"DataVersion":2865}