{"stats":{"minecraft:picked_up":{"minecraft:basalt":4,"minecraft:wheat":67,"minecraft:ender_chest":1,"minecraft:sweet_berries":5,"minecraft:wheat_seeds":69,"minecraft:player_head":1,"minecraft:chorus_fruit":59,"minecraft:netherrack":768,"minecraft:cobblestone":448},"minecraft:dropped":{"minecraft:bread":4,"minecraft:wheat_seeds":36,"minecraft:player_head":1,"minecraft:ender_chest":1,"minecraft:chorus_fruit":56,"minecraft:cobbled_deepslate":176,"minecraft:wheat":35,"minecraft:cobblestone":960,"minecraft:iron_pickaxe":1,"minecraft:bucket":2,"minecraft:netherrack":1387},"minecraft:crafted":{"minecraft:bucket":2,"minecraft:bread":12},"minecraft:custom":{"minecraft:time_since_rest":3019,"minecraft:sprint_one_cm":395544,"minecraft:open_enderchest":8,"minecraft:damage_taken":540,"minecraft:walk_one_cm":86278,"minecraft:drop":48,"minecraft:swim_one_cm":6734,"minecraft:interact_with_crafting_table":2,"minecraft:fly_one_cm":189560,"minecraft:open_chest":26,"minecraft:crouch_one_cm":12953,"minecraft:open_shulker_box":1,"minecraft:play_time":55104,"minecraft:deaths":1,"minecraft:sneak_time":4773,"minecraft:walk_under_water_one_cm":7853,"minecraft:jump":676,"minecraft:leave_game":3,"minecraft:walk_on_water_one_cm":7477,"minecraft:time_since_death":2999,"minecraft:climb_one_cm":2834,"minecraft:total_world_time":55104,"minecraft:fall_one_cm":18979},"minecraft:mined":{"minecraft:wheat":33,"minecraft:basalt":4,"minecraft:chorus_plant":5,"minecraft:player_head":1,"minecraft:ender_chest":1},"minecraft:used":{"minecraft:wheat_seeds":33,"minecraft:water_bucket":2,"minecraft:bread":8,"minecraft:chorus_fruit":3,"minecraft:iron_pickaxe":6,"minecraft:rotten_flesh":11,"minecraft:basalt":267,"minecraft:beef":1,"minecraft:sweet_berries":5,"minecraft:bucket":2,"minecraft:cobbled_deepslate":16}},"DataVersion":2865}