{"stats":{"minecraft:killed_by":{"minecraft:player":1},"minecraft:mined":{"minecraft:player_wall_head":1},"minecraft:picked_up":{"minecraft:firework_rocket":31,"minecraft:golden_carrot":58,"minecraft:player_head":1,"minecraft:netherrack":6,"minecraft:elytra":1},"minecraft:dropped":{"minecraft:golden_carrot":28,"minecraft:elytra":1,"minecraft:netherrack":3,"minecraft:firework_rocket":19},"minecraft:used":{"minecraft:netherrack":3,"minecraft:diamond_boots":1,"minecraft:firework_rocket":24,"minecraft:golden_carrot":9,"minecraft:redstone":5,"minecraft:elytra":4,"minecraft:diamond_helmet":1,"minecraft:iron_sword":18,"minecraft:diamond_leggings":1,"minecraft:player_head":1},"minecraft:custom":{"minecraft:open_chest":5,"minecraft:time_since_rest":38315,"minecraft:walk_one_cm":63902,"minecraft:crouch_one_cm":1087,"minecraft:play_time":46217,"minecraft:sprint_one_cm":160163,"minecraft:open_shulker_box":3,"minecraft:open_enderchest":1,"minecraft:damage_taken":1222,"minecraft:deaths":1,"minecraft:sneak_time":501,"minecraft:walk_under_water_one_cm":5076,"minecraft:drop":6,"minecraft:interact_with_lectern":2,"minecraft:aviate_one_cm":1232192,"minecraft:jump":530,"minecraft:damage_dealt":527,"minecraft:leave_game":1,"minecraft:walk_on_water_one_cm":1341,"minecraft:time_since_death":38295,"minecraft:total_world_time":46217,"minecraft:climb_one_cm":692,"minecraft:swim_one_cm":38492,"minecraft:fall_one_cm":9977,"minecraft:fly_one_cm":164404}},"DataVersion":2975}