{"stats":{"minecraft:dropped":{"minecraft:cooked_porkchop":4,"minecraft:red_mushroom":2,"minecraft:flint":1,"minecraft:phantom_membrane":2,"minecraft:fishing_rod":1,"minecraft:rotten_flesh":2,"minecraft:leather_leggings":1,"minecraft:arrow":2,"minecraft:firework_rocket":73,"minecraft:water_bucket":1,"minecraft:iron_ingot":3,"minecraft:wheat_seeds":2,"minecraft:iron_helmet":2,"minecraft:iron_leggings":1,"minecraft:jungle_boat":2,"minecraft:paper":1,"minecraft:player_head":1,"minecraft:deepslate":11,"minecraft:iron_boots":1,"minecraft:potato":1,"minecraft:diamond_chestplate":1,"minecraft:iron_chestplate":1,"minecraft:golden_sword":20,"minecraft:diamond_boots":1,"minecraft:bow":2},"minecraft:killed":{"minecraft:zombified_piglin":4,"minecraft:spider":15,"minecraft:skeleton":38,"minecraft:guardian":7,"minecraft:axolotl":1,"minecraft:parrot":1,"minecraft:pig":1,"minecraft:salmon":3,"minecraft:creeper":29,"minecraft:zombie":96,"minecraft:mooshroom":1,"minecraft:phantom":11,"minecraft:bat":1,"minecraft:enderman":6},"minecraft:broken":{"minecraft:iron_axe":1},"minecraft:custom":{"minecraft:interact_with_crafting_table":28,"minecraft:open_barrel":349,"minecraft:open_shulker_box":108,"minecraft:eat_cake_slice":6,"minecraft:leave_game":30,"minecraft:time_since_death":6703,"minecraft:damage_resisted":357,"minecraft:sprint_one_cm":4950906,"minecraft:damage_blocked_by_shield":2961,"minecraft:drop":53,"minecraft:play_time":1397876,"minecraft:deaths":4,"minecraft:jump":28359,"minecraft:walk_on_water_one_cm":115465,"minecraft:enchant_item":28,"minecraft:sleep_in_bed":8,"minecraft:open_enderchest":30,"minecraft:damage_dealt":29074,"minecraft:interact_with_beacon":1,"minecraft:crouch_one_cm":60807,"minecraft:interact_with_smoker":1,"minecraft:horse_one_cm":27488,"minecraft:inspect_dropper":2,"minecraft:mob_kills":12154,"minecraft:interact_with_anvil":22,"minecraft:inspect_hopper":21,"minecraft:climb_one_cm":463495,"minecraft:walk_one_cm":2421024,"minecraft:sneak_time":25836,"minecraft:walk_under_water_one_cm":313324,"minecraft:boat_one_cm":2463341,"minecraft:interact_with_lectern":44,"minecraft:total_world_time":1397876,"minecraft:interact_with_grindstone":17,"minecraft:time_since_rest":6723,"minecraft:damage_taken":12473,"minecraft:swim_one_cm":465030,"minecraft:fly_one_cm":6800561,"minecraft:open_chest":344,"minecraft:aviate_one_cm":14406433,"minecraft:fall_one_cm":604067},"minecraft:mined":{"minecraft:obsidian":44,"minecraft:granite":4,"minecraft:grass_block":4,"minecraft:jungle_log":1,"minecraft:lime_stained_glass":2,"minecraft:composter":1,"minecraft:spawner":1,"minecraft:tall_seagrass":1,"minecraft:magma_block":2,"minecraft:raw_iron_block":4,"minecraft:iron_ore":68,"minecraft:cobbled_deepslate":9,"minecraft:deepslate_lapis_ore":43,"minecraft:flowering_azalea_leaves":1,"minecraft:quartz_slab":1,"minecraft:player_head":1,"minecraft:deepslate_redstone_ore":147,"minecraft:brown_mushroom":96,"minecraft:quartz_block":1,"minecraft:deepslate_brick_wall":1,"minecraft:amethyst_cluster":2,"minecraft:deepslate_tile_slab":3,"minecraft:torch":3,"minecraft:calcite":7,"minecraft:mushroom_stem":14,"minecraft:glass":2,"minecraft:cobblestone":24,"minecraft:grindstone":3,"minecraft:sugar_cane":9,"minecraft:oak_planks":87,"minecraft:amethyst_block":14,"minecraft:deepslate_copper_ore":6,"minecraft:light_gray_stained_glass":4,"minecraft:wheat":36,"minecraft:grass":6,"minecraft:oak_log":18,"minecraft:dirt":4,"minecraft:smooth_basalt":3,"minecraft:red_mushroom_block":127,"minecraft:yellow_stained_glass":1,"minecraft:deepslate":1469,"minecraft:deepslate_tiles":2,"minecraft:tuff":125,"minecraft:pink_carpet":1,"minecraft:deepslate_diamond_ore":96,"minecraft:shulker_box":38,"minecraft:dark_oak_fence":2,"minecraft:redstone_wire":1,"minecraft:red_mushroom":35,"minecraft:pink_wool":2,"minecraft:black_stained_glass_pane":2,"minecraft:redstone_ore":7,"minecraft:andesite":19,"minecraft:gold_block":3,"minecraft:bookshelf":2,"minecraft:deepslate_iron_ore":80,"minecraft:bamboo_sapling":1,"minecraft:bamboo":4,"minecraft:stone":130,"minecraft:ender_chest":1,"minecraft:scaffolding":6,"minecraft:crafting_table":8,"minecraft:andesite_wall":2,"minecraft:tall_grass":1,"minecraft:copper_ore":162,"minecraft:lapis_ore":3,"minecraft:deepslate_gold_ore":198,"minecraft:diorite":10,"minecraft:sweet_berry_bush":2,"minecraft:spruce_log":28,"minecraft:jungle_fence":2,"minecraft:coal_ore":159,"minecraft:gravel":12,"minecraft:cobweb":21,"minecraft:gold_ore":13},"minecraft:crafted":{"minecraft:oak_planks":72,"minecraft:suspicious_stew":39,"minecraft:shulker_box":2,"minecraft:diamond_helmet":1,"minecraft:diamond_leggings":1,"minecraft:chest":2,"minecraft:stone_hoe":1,"minecraft:diamond_axe":1,"minecraft:crafting_table":2,"minecraft:spruce_planks":24,"minecraft:wooden_pickaxe":1,"minecraft:book":3,"minecraft:paper":9,"minecraft:shield":1,"minecraft:stick":40,"minecraft:gold_ingot":65,"minecraft:stone_shovel":1,"minecraft:scaffolding":24,"minecraft:stone_pickaxe":1,"minecraft:diamond_boots":1,"minecraft:iron_sword":1,"minecraft:bowl":4,"minecraft:stone_axe":1,"minecraft:bread":12,"minecraft:oak_boat":1,"minecraft:writable_book":1,"minecraft:torch":240,"minecraft:lapis_lazuli":9,"minecraft:lapis_block":1,"minecraft:diamond_chestplate":1},"minecraft:picked_up":{"minecraft:wheat":36,"minecraft:ender_chest":1,"minecraft:lead":1,"minecraft:diamond_sword":1,"minecraft:enchanted_book":2,"minecraft:golden_sword":32,"minecraft:amethyst_block":14,"minecraft:string":37,"minecraft:raw_copper":641,"minecraft:deepslate_lapis_ore":36,"minecraft:deepslate_tiles":2,"minecraft:diamond_leggings":1,"minecraft:gold_nugget":659,"minecraft:cobbled_deepslate":620,"minecraft:written_book":2,"minecraft:calcite":7,"minecraft:melon_slice":25,"minecraft:deepslate_iron_ore":53,"minecraft:golden_helmet":1,"minecraft:stick":102,"minecraft:deepslate_brick_wall":1,"minecraft:composter":1,"minecraft:oak_fence":2,"minecraft:pink_carpet":2,"minecraft:torch":10,"minecraft:diorite":15,"minecraft:andesite_wall":2,"minecraft:quartz_block":1,"minecraft:rotten_flesh":937,"minecraft:bookshelf":2,"minecraft:deepslate_copper_ore":3,"minecraft:obsidian":59,"minecraft:cobblestone":87,"minecraft:magma_block":2,"minecraft:feather":1,"minecraft:cooked_beef":5,"minecraft:jungle_log":1,"minecraft:water_bucket":1,"minecraft:andesite":24,"minecraft:golden_leggings":1,"minecraft:potato":2,"minecraft:flint":1,"minecraft:tuff":116,"minecraft:lapis_lazuli":81,"minecraft:dirt":18,"minecraft:glass":2,"minecraft:bone":76,"minecraft:bow":4,"minecraft:wheat_seeds":103,"minecraft:raw_gold":131,"minecraft:grindstone":3,"minecraft:diamond_helmet":1,"minecraft:bamboo":39,"minecraft:moss_block":1,"minecraft:oak_planks":111,"minecraft:cooked_porkchop":4,"minecraft:black_stained_glass_pane":2,"minecraft:grass_block":1,"minecraft:jungle_slab":2,"minecraft:barrel":1,"minecraft:shulker_box":40,"minecraft:deepslate":830,"minecraft:diamond":139,"minecraft:writable_book":2,"minecraft:deepslate_gold_ore":135,"minecraft:granite":15,"minecraft:golden_apple":1,"minecraft:dark_oak_fence":2,"minecraft:diamond_pickaxe":2,"minecraft:fishing_rod":1,"minecraft:crafting_table":9,"minecraft:leather_leggings":1,"minecraft:brown_mushroom":153,"minecraft:pink_wool":2,"minecraft:gold_block":3,"minecraft:elytra":1,"minecraft:flint_and_steel":1,"minecraft:quartz_slab":1,"minecraft:iron_shovel":1,"minecraft:deepslate_diamond_ore":37,"minecraft:oak_boat":58,"minecraft:player_head":8,"minecraft:sugar_cane":9,"minecraft:phantom_membrane":9,"minecraft:copper_ore":73,"minecraft:egg":1,"minecraft:raw_iron":110,"minecraft:stone":83,"minecraft:bowl":4,"minecraft:carrot":1,"minecraft:redstone":120,"minecraft:arrow":141,"minecraft:diamond_chestplate":2,"minecraft:diamond_boots":2,"minecraft:gold_ingot":80,"minecraft:rail":1,"minecraft:lime_stained_glass":2,"minecraft:lapis_ore":2,"minecraft:jungle_boat":3,"minecraft:golden_carrot":227,"minecraft:salmon":3,"minecraft:leather":2,"minecraft:red_mushroom_block":1,"minecraft:jungle_fence":2,"minecraft:red_mushroom":162,"minecraft:oak_log":18,"minecraft:gunpowder":48,"minecraft:deepslate_tile_slab":6,"minecraft:paper":2,"minecraft:kelp":4,"minecraft:yellow_stained_glass":1,"minecraft:iron_ingot":1,"minecraft:iron_ore":32,"minecraft:glass_bottle":1,"minecraft:iron_sword":1,"minecraft:scaffolding":96,"minecraft:smooth_basalt":2,"minecraft:light_gray_stained_glass":4,"minecraft:birch_boat":2,"minecraft:sweet_berries":35,"minecraft:dandelion":57,"minecraft:raw_iron_block":4,"minecraft:gravel":59,"minecraft:amethyst_shard":16,"minecraft:spruce_log":27,"minecraft:spider_eye":12,"minecraft:firework_rocket":172,"minecraft:coal_ore":122,"minecraft:diamond_axe":1,"minecraft:iron_helmet":1,"minecraft:deepslate_redstone_ore":127,"minecraft:redstone_ore":5,"minecraft:baked_potato":1,"minecraft:coal":63,"minecraft:ender_pearl":18},"minecraft:killed_by":{"minecraft:player":3,"minecraft:iron_golem":1},"minecraft:used":{"minecraft:writable_book":5,"minecraft:iron_shovel":18,"minecraft:elytra":1,"minecraft:oak_sign":1,"minecraft:shield":26,"minecraft:stone":30,"minecraft:iron_sword":253,"minecraft:player_head":2,"minecraft:carrot":1,"minecraft:deepslate_tile_slab":6,"minecraft:tuff":2,"minecraft:milk_bucket":2,"minecraft:obsidian":48,"minecraft:glass":2,"minecraft:coal_ore":2,"minecraft:quartz_slab":1,"minecraft:black_stained_glass_pane":2,"minecraft:deepslate_copper_ore":3,"minecraft:quartz_block":1,"minecraft:copper_ore":73,"minecraft:pink_wool":2,"minecraft:deepslate_diamond_ore":37,"minecraft:magma_block":2,"minecraft:bow":237,"minecraft:scaffolding":111,"minecraft:written_book":10,"minecraft:sweet_berries":35,"minecraft:gold_block":2,"minecraft:egg":1,"minecraft:deepslate_brick_wall":1,"minecraft:diorite":7,"minecraft:diamond_boots":1,"minecraft:stone_pickaxe":13,"minecraft:jungle_fence":2,"minecraft:oak_planks":90,"minecraft:wooden_pickaxe":3,"minecraft:composter":1,"minecraft:diamond_axe":16,"minecraft:deepslate_tiles":2,"minecraft:firework_rocket":155,"minecraft:deepslate_iron_ore":1,"minecraft:bread":12,"minecraft:deepslate":180,"minecraft:gravel":3,"minecraft:diamond_sword":184,"minecraft:grindstone":3,"minecraft:dark_oak_fence":2,"minecraft:andesite":15,"minecraft:oak_boat":57,"minecraft:flint_and_steel":4,"minecraft:spruce_planks":2,"minecraft:ender_chest":1,"minecraft:stone_hoe":1,"minecraft:torch":284,"minecraft:dirt":11,"minecraft:diamond_helmet":1,"minecraft:shulker_box":36,"minecraft:pink_carpet":2,"minecraft:granite":4,"minecraft:andesite_wall":2,"minecraft:light_gray_stained_glass":4,"minecraft:bookshelf":2,"minecraft:yellow_stained_glass":1,"minecraft:iron_axe":241,"minecraft:jungle_log":1,"minecraft:barrel":1,"minecraft:bamboo":5,"minecraft:golden_carrot":177,"minecraft:lime_stained_glass":2,"minecraft:cobbled_deepslate":135,"minecraft:wheat_seeds":36,"minecraft:water_bucket":380,"minecraft:iron_ore":2,"minecraft:birch_boat":2,"minecraft:red_mushroom_block":1,"minecraft:salmon":3,"minecraft:crafting_table":8,"minecraft:red_mushroom":7,"minecraft:diamond_pickaxe":2773,"minecraft:iron_pickaxe":178,"minecraft:suspicious_stew":39,"minecraft:stone_axe":1,"minecraft:cobblestone":62,"minecraft:bucket":381,"minecraft:diamond_leggings":1}},"DataVersion":3105}