{"stats":{"minecraft:picked_up":{"minecraft:iron_chestplate":1,"minecraft:chainmail_boots":1,"minecraft:diamond_sword":4,"minecraft:oak_stairs":1,"minecraft:enchanted_book":6,"minecraft:golden_sword":13,"minecraft:blue_concrete":2,"minecraft:amethyst_block":3,"minecraft:polished_deepslate":4,"minecraft:string":60,"minecraft:dark_oak_trapdoor":1,"minecraft:shroomlight":3,"minecraft:diamond_leggings":3,"minecraft:crimson_fence":9,"minecraft:gold_nugget":233,"minecraft:cobbled_deepslate":6560,"minecraft:acacia_sign":2,"minecraft:melon_slice":81,"minecraft:crimson_sign":16,"minecraft:golden_helmet":1,"minecraft:polished_blackstone_brick_slab":13,"minecraft:composter":2,"minecraft:deepslate_tile_stairs":2,"minecraft:golden_chestplate":1,"minecraft:cauldron":2,"minecraft:stone_sword":13,"minecraft:light_blue_wool":40,"minecraft:polished_basalt":1,"minecraft:iron_block":332,"minecraft:cyan_terracotta":9,"minecraft:glowstone":1,"minecraft:netherite_chestplate":1,"minecraft:blaze_rod":9,"minecraft:iron_bars":10,"minecraft:sponge":103,"minecraft:feather":2,"minecraft:water_bucket":2,"minecraft:jungle_log":293,"minecraft:copper_block":1,"minecraft:flint":282,"minecraft:purple_stained_glass":152,"minecraft:gray_concrete":34,"minecraft:dark_oak_sign":1,"minecraft:diamond_helmet":3,"minecraft:glowstone_dust":2,"minecraft:dropper":1,"minecraft:ink_sac":34,"minecraft:dark_oak_log":114,"minecraft:deepslate":104,"minecraft:granite":804,"minecraft:blue_banner":1,"minecraft:dark_oak_fence":1,"minecraft:crimson_roots":520,"minecraft:diamond_pickaxe":6,"minecraft:crafting_table":3,"minecraft:nether_wart":7,"minecraft:leather_leggings":2,"minecraft:crimson_trapdoor":17,"minecraft:dragon_head":1,"minecraft:cornflower":1,"minecraft:elytra":3,"minecraft:glass_pane":1,"minecraft:beef":5,"minecraft:jungle_sapling":9,"minecraft:poppy":1293,"minecraft:minecart":2,"minecraft:chest":133,"minecraft:piston":1,"minecraft:copper_ore":55,"minecraft:sandstone":36,"minecraft:stone":7334,"minecraft:oak_door":1,"minecraft:redstone":238,"minecraft:netherite_pickaxe":1,"minecraft:jungle_sign":6,"minecraft:diamond_chestplate":2,"minecraft:cooked_cod":2,"minecraft:diamond_boots":6,"minecraft:deepslate_bricks":588,"minecraft:hay_block":2,"minecraft:gold_ingot":69,"minecraft:totem_of_undying":1,"minecraft:mutton":1,"minecraft:bone_block":1,"minecraft:rail":13,"minecraft:white_wool":6,"minecraft:crimson_slab":8,"minecraft:lapis_ore":4,"minecraft:clock":1,"minecraft:oak_log":13,"minecraft:ancient_debris":32,"minecraft:golden_boots":2,"minecraft:apple":3,"minecraft:stone_bricks":1,"minecraft:kelp":749,"minecraft:warped_stem":4,"minecraft:iron_ore":15,"minecraft:magenta_stained_glass":161,"minecraft:iron_sword":1,"minecraft:prismarine_brick_stairs":4,"minecraft:spyglass":1,"minecraft:gravel":6557,"minecraft:crying_obsidian":24,"minecraft:sea_lantern":89,"minecraft:firework_rocket":254,"minecraft:diamond_shovel":7,"minecraft:red_stained_glass":2,"minecraft:coal_ore":17,"minecraft:diamond_axe":3,"minecraft:deepslate_redstone_ore":8,"minecraft:polished_blackstone_brick_wall":4,"minecraft:warped_roots":128,"minecraft:warped_nylium":108,"minecraft:crimson_nylium":1,"minecraft:hopper":64,"minecraft:ender_pearl":17,"minecraft:chiseled_deepslate":7,"minecraft:wheat":8,"minecraft:redstone_block":18,"minecraft:ender_chest":7,"minecraft:iron_trapdoor":4,"minecraft:potion":33,"minecraft:nether_brick":50,"minecraft:crimson_planks":200,"minecraft:raw_copper":312,"minecraft:deepslate_lapis_ore":9,"minecraft:iron_leggings":1,"minecraft:netherite_ingot":1,"minecraft:oak_sign":5,"minecraft:sea_pickle":3,"minecraft:deepslate_tiles":65,"minecraft:red_sand":16,"minecraft:comparator":6,"minecraft:redstone_torch":5,"minecraft:cobblestone_slab":1,"minecraft:calcite":4,"minecraft:iron_pickaxe":1,"minecraft:iron_boots":1,"minecraft:stick":30,"minecraft:oak_fence":20,"minecraft:torch":241,"minecraft:porkchop":52,"minecraft:diorite":1083,"minecraft:blue_stained_glass":81,"minecraft:quartz_block":1,"minecraft:nether_gold_ore":74,"minecraft:cactus":4,"minecraft:rotten_flesh":378,"minecraft:chorus_flower":1,"minecraft:obsidian":21,"minecraft:cod":6,"minecraft:cobblestone":731,"minecraft:repeater":8,"minecraft:andesite":396,"minecraft:beacon":3,"minecraft:tuff":359,"minecraft:prismarine_bricks":171,"minecraft:lapis_lazuli":399,"minecraft:dirt":8677,"minecraft:glass":131,"minecraft:bone":48,"minecraft:bow":17,"minecraft:wheat_seeds":194,"minecraft:deepslate_brick_slab":9,"minecraft:raw_gold":43,"minecraft:bell":1,"minecraft:mossy_stone_bricks":2,"minecraft:bamboo":3351,"minecraft:powered_rail":179,"minecraft:prismarine":2,"minecraft:oak_planks":14,"minecraft:cooked_porkchop":394,"minecraft:music_disc_13":1,"minecraft:jungle_planks":67,"minecraft:sand":9113,"minecraft:grass_block":325,"minecraft:spectral_arrow":24,"minecraft:shulker_box":91,"minecraft:mossy_cobblestone":4,"minecraft:dark_prismarine_slab":10,"minecraft:diamond":17,"minecraft:emerald":82,"minecraft:netherrack":11010,"minecraft:oak_sapling":15,"minecraft:chorus_fruit":11,"minecraft:cocoa_beans":15,"minecraft:azure_bluet":1,"minecraft:chicken":3,"minecraft:ladder":6,"minecraft:gold_block":157,"minecraft:shield":1,"minecraft:oak_trapdoor":1,"minecraft:iron_axe":1,"minecraft:item_frame":5,"minecraft:blackstone":350,"minecraft:oak_boat":4,"minecraft:player_head":20,"minecraft:observer":4,"minecraft:tinted_glass":23,"minecraft:phantom_membrane":16,"minecraft:dark_oak_sapling":7,"minecraft:raw_iron":103,"minecraft:end_stone":87,"minecraft:note_block":4,"minecraft:polished_blackstone_bricks":30,"minecraft:blue_concrete_powder":13,"minecraft:arrow":844,"minecraft:nether_bricks":41,"minecraft:wet_sponge":85,"minecraft:glow_ink_sac":8,"minecraft:basalt":352,"minecraft:crimson_stem":72,"minecraft:golden_carrot":69,"minecraft:leather":50,"minecraft:crimson_fungus":54,"minecraft:nether_wart_block":5,"minecraft:gunpowder":19,"minecraft:deepslate_tile_slab":576,"minecraft:orange_terracotta":17,"minecraft:iron_ingot":385,"minecraft:prismarine_brick_slab":114,"minecraft:soul_sand":64,"minecraft:book":645,"minecraft:scaffolding":304,"minecraft:warped_fungus":37,"minecraft:nether_quartz_ore":265,"minecraft:pumpkin":9,"minecraft:quartz":126,"minecraft:dandelion":13,"minecraft:white_bed":2,"minecraft:gold_ore":4,"minecraft:spider_eye":27,"minecraft:stripped_jungle_log":1,"minecraft:pumpkin_seeds":1,"minecraft:iron_helmet":2,"minecraft:netherite_hoe":2,"minecraft:terracotta":105,"minecraft:acacia_slab":3,"minecraft:coal":41},"minecraft:killed":{"minecraft:cave_spider":2,"minecraft:dolphin":3,"minecraft:skeleton":53,"minecraft:guardian":7,"minecraft:chicken":2,"minecraft:skeleton_horse":2,"minecraft:zombie":56,"minecraft:glow_squid":3,"minecraft:husk":10,"minecraft:enderman":6,"minecraft:zombified_piglin":114,"minecraft:spider":24,"minecraft:silverfish":1,"minecraft:piglin":34,"minecraft:strider":1,"minecraft:creeper":11,"minecraft:sheep":3,"minecraft:trader_llama":2,"minecraft:blaze":101,"minecraft:phantom":24,"minecraft:drowned":7,"minecraft:hoglin":26,"minecraft:squid":3,"minecraft:wither_skeleton":124},"minecraft:dropped":{"minecraft:porkchop":45,"minecraft:glow_ink_sac":8,"minecraft:glass_bottle":2,"minecraft:cooked_porkchop":164,"minecraft:elytra":2,"minecraft:rail":26,"minecraft:emerald":15,"minecraft:dirt":303,"minecraft:gold_nugget":121,"minecraft:bone_meal":20,"minecraft:sand":1,"minecraft:white_wool":1,"minecraft:bone":34,"minecraft:ancient_debris":1,"minecraft:detector_rail":2,"minecraft:golden_chestplate":1,"minecraft:cobbled_deepslate":1,"minecraft:tinted_glass":20,"minecraft:nether_brick":40,"minecraft:obsidian":453,"minecraft:deepslate_brick_slab":1,"minecraft:rotten_flesh":477,"minecraft:blue_stained_glass":1,"minecraft:sea_lantern":17,"minecraft:deepslate_tiles":23,"minecraft:jungle_log":1,"minecraft:ladder":12,"minecraft:leather_leggings":2,"minecraft:glass":111,"minecraft:crying_obsidian":16,"minecraft:enchanted_book":4,"minecraft:golden_boots":2,"minecraft:iron_ingot":1,"minecraft:netherite_pickaxe":1,"minecraft:wheat_seeds":28,"minecraft:feather":2,"minecraft:iron_helmet":1,"minecraft:cobblestone":2,"minecraft:book":41,"minecraft:apple":2,"minecraft:granite":42,"minecraft:coal":15,"minecraft:acacia_sign":1,"minecraft:ink_sac":29,"minecraft:sponge":72,"minecraft:potion":386,"minecraft:string":11,"minecraft:netherite_hoe":2,"minecraft:player_head":3,"minecraft:stone_sword":13,"minecraft:cocoa_beans":15,"minecraft:deepslate":21,"minecraft:chicken":3,"minecraft:name_tag":1,"minecraft:oak_sign":1,"minecraft:pumpkin_seeds":1,"minecraft:diamond_sword":1,"minecraft:stone":1306,"minecraft:diamond_pickaxe":2,"minecraft:popped_chorus_fruit":2,"minecraft:spider_eye":9,"minecraft:bow":7,"minecraft:red_sand":16,"minecraft:terracotta":83,"minecraft:soul_sand":32,"minecraft:ender_pearl":6,"minecraft:leather":39,"minecraft:prismarine_brick_stairs":21,"minecraft:cod":6,"minecraft:flint":192,"minecraft:packed_ice":48,"minecraft:mutton":1,"minecraft:crimson_roots":520,"minecraft:cooked_cod":2,"minecraft:jungle_sign":2,"minecraft:wet_sponge":45,"minecraft:gold_ingot":52,"minecraft:gravel":187,"minecraft:blackstone":70,"minecraft:poppy":2,"minecraft:gunpowder":4,"minecraft:dropper":1,"minecraft:chainmail_boots":1,"minecraft:arrow":243,"minecraft:prismarine_bricks":21,"minecraft:quartz":32,"minecraft:netherrack":2116,"minecraft:firework_rocket":176,"minecraft:bread":4,"minecraft:golden_helmet":1,"minecraft:mossy_cobblestone":4,"minecraft:spectral_arrow":15,"minecraft:stick":12,"minecraft:diorite":101,"minecraft:nether_gold_ore":2,"minecraft:torch":64,"minecraft:light_blue_wool":8,"minecraft:melon_slice":17,"minecraft:polished_blackstone_brick_slab":1,"minecraft:cactus":2,"minecraft:dandelion":3,"minecraft:kelp":35,"minecraft:warped_nylium":4,"minecraft:nether_wart":5,"minecraft:tuff":2,"minecraft:flint_and_steel":1,"minecraft:deepslate_bricks":2,"minecraft:copper_ore":9,"minecraft:orange_terracotta":17,"minecraft:andesite":214,"minecraft:mossy_stone_bricks":2,"minecraft:oak_sapling":1,"minecraft:golden_sword":13,"minecraft:nether_quartz_ore":9},"minecraft:crafted":{"minecraft:black_dye":7,"minecraft:diamond_shovel":1,"minecraft:bookshelf":215,"minecraft:shulker_box":6,"minecraft:iron_bars":64,"minecraft:quartz_block":11,"minecraft:glass":808,"minecraft:diamond_helmet":1,"minecraft:repeater":14,"minecraft:diamond_leggings":1,"minecraft:netherite_boots":1,"minecraft:polished_blackstone":820,"minecraft:magenta_dye":896,"minecraft:glass_bottle":318,"minecraft:blue_stained_glass":2560,"minecraft:emerald":623,"minecraft:diamond_axe":3,"minecraft:hay_block":1,"minecraft:iron_block":715,"minecraft:gold_ingot":3687,"minecraft:netherite_ingot":4,"minecraft:composter":48,"minecraft:polished_blackstone_bricks":820,"minecraft:jungle_sign":3,"minecraft:crimson_trapdoor":22,"minecraft:experience_bottle":45,"minecraft:bone_meal":447,"minecraft:prismarine_brick_stairs":768,"minecraft:lantern":15,"minecraft:diamond":45,"minecraft:ladder":96,"minecraft:dark_oak_planks":256,"minecraft:netherite_pickaxe":1,"minecraft:polished_blackstone_brick_slab":806,"minecraft:magenta_stained_glass":128,"minecraft:deepslate_tiles":1952,"minecraft:enchanted_book":6,"minecraft:jungle_slab":336,"minecraft:polished_blackstone_brick_wall":384,"minecraft:red_stained_glass":256,"minecraft:golden_apple":8,"minecraft:deepslate_tile_stairs":128,"minecraft:white_bed":71,"minecraft:note_block":5,"minecraft:oak_planks":8,"minecraft:barrel":3,"minecraft:crimson_sign":6,"minecraft:warped_planks":16,"minecraft:polished_blackstone_button":2,"minecraft:comparator":14,"minecraft:polished_basalt":320,"minecraft:chest":8,"minecraft:copper_block":30,"minecraft:blue_concrete_powder":256,"minecraft:stone_bricks":20,"minecraft:dropper":4,"minecraft:item_frame":64,"minecraft:arrow":192,"minecraft:cauldron":1,"minecraft:crafting_table":4,"minecraft:gold_block":30,"minecraft:pumpkin_seeds":36,"minecraft:dark_oak_slab":6,"minecraft:yellow_dye":1,"minecraft:book":1,"minecraft:paper":60,"minecraft:diamond_pickaxe":3,"minecraft:emerald_block":2,"minecraft:purple_dye":64,"minecraft:stick":1018,"minecraft:iron_ingot":225,"minecraft:redstone_torch":106,"minecraft:deepslate_bricks":2524,"minecraft:deepslate_tile_slab":1356,"minecraft:redstone":518,"minecraft:coal":72,"minecraft:stone_button":66,"minecraft:piston":32,"minecraft:dark_oak_sign":96,"minecraft:flint_and_steel":1,"minecraft:scaffolding":114,"minecraft:yellow_shulker_box":1,"minecraft:netherite_leggings":1,"minecraft:polished_deepslate":2524,"minecraft:netherite_scrap":9,"minecraft:observer":32,"minecraft:red_dye":544,"minecraft:crimson_planks":132,"minecraft:diamond_sword":3,"minecraft:purple_stained_glass":128,"minecraft:iron_trapdoor":12,"minecraft:powered_rail":318,"minecraft:bucket":2,"minecraft:air":0,"minecraft:jungle_planks":1208,"minecraft:blue_dye":871,"minecraft:white_wool":124,"minecraft:white_dye":259,"minecraft:dark_prismarine_slab":384,"minecraft:anvil":4,"minecraft:torch":248,"minecraft:lapis_lazuli":828,"minecraft:lapis_block":21,"minecraft:diamond_chestplate":1},"minecraft:custom":{"minecraft:interact_with_crafting_table":159,"minecraft:open_barrel":121,"minecraft:bell_ring":606,"minecraft:leave_game":56,"minecraft:time_since_death":1221803,"minecraft:play_time":2632312,"minecraft:deaths":15,"minecraft:jump":25589,"minecraft:interact_with_furnace":339,"minecraft:traded_with_villager":1125,"minecraft:sleep_in_bed":18,"minecraft:damage_dealt":66950,"minecraft:use_cauldron":461,"minecraft:inspect_dispenser":10,"minecraft:horse_one_cm":943,"minecraft:interact_with_smithing_table":15,"minecraft:inspect_dropper":24,"minecraft:interact_with_anvil":22,"minecraft:inspect_hopper":404,"minecraft:sneak_time":131167,"minecraft:interact_with_lectern":2,"minecraft:total_world_time":2632312,"minecraft:tune_noteblock":2445,"minecraft:interact_with_stonecutter":6,"minecraft:time_since_rest":89791,"minecraft:fly_one_cm":5275036,"minecraft:swim_one_cm":1224628,"minecraft:open_chest":6543,"minecraft:fall_one_cm":897536,"minecraft:open_shulker_box":264,"minecraft:sprint_one_cm":6863930,"minecraft:drop":876,"minecraft:play_noteblock":332,"minecraft:talked_to_villager":600,"minecraft:interact_with_brewingstand":12,"minecraft:walk_on_water_one_cm":183714,"minecraft:interact_with_loom":1,"minecraft:open_enderchest":72,"minecraft:interact_with_beacon":25,"minecraft:player_kills":2,"minecraft:crouch_one_cm":444338,"minecraft:mob_kills":34908,"minecraft:fill_cauldron":461,"minecraft:climb_one_cm":1018999,"minecraft:walk_one_cm":4266940,"minecraft:walk_under_water_one_cm":1608629,"minecraft:boat_one_cm":7882,"minecraft:damage_taken":20019,"minecraft:minecart_one_cm":515944,"minecraft:aviate_one_cm":6603937},"minecraft:mined":{"minecraft:white_bed":1,"minecraft:jungle_leaves":24,"minecraft:obsidian":15,"minecraft:granite":534,"minecraft:red_sand":12,"minecraft:crimson_trapdoor":18,"minecraft:jungle_log":294,"minecraft:deepslate_bricks":208,"minecraft:deepslate_tile_stairs":2,"minecraft:crimson_fungus":54,"minecraft:hopper":71,"minecraft:oak_wall_sign":1,"minecraft:nether_wart":2,"minecraft:chorus_flower":1,"minecraft:tall_seagrass":7,"minecraft:magma_block":17,"minecraft:dark_oak_trapdoor":1,"minecraft:fire":243,"minecraft:cobbled_deepslate":35,"minecraft:pumpkin":9,"minecraft:deepslate_lapis_ore":20,"minecraft:oak_sign":2,"minecraft:oak_stairs":1,"minecraft:iron_block":332,"minecraft:player_head":4,"minecraft:blue_wall_banner":1,"minecraft:blue_concrete_powder":12,"minecraft:kelp_plant":27,"minecraft:player_wall_head":1,"minecraft:crimson_nylium":5,"minecraft:soul_fire":4,"minecraft:deepslate_tile_slab":404,"minecraft:blue_stained_glass":83,"minecraft:torch":114,"minecraft:note_block":4,"minecraft:melon":16,"minecraft:dead_bush":3,"minecraft:glass":21,"minecraft:amethyst_block":3,"minecraft:repeater":4,"minecraft:tinted_glass":3,"minecraft:wheat":8,"minecraft:warped_fungus":30,"minecraft:copper_block":1,"minecraft:prismarine_brick_stairs":3,"minecraft:grass":258,"minecraft:piston":1,"minecraft:deepslate":6804,"minecraft:deepslate_tiles":40,"minecraft:light_blue_wool":33,"minecraft:mossy_cobblestone":7,"minecraft:dark_oak_log":114,"minecraft:sea_lantern":69,"minecraft:shulker_box":88,"minecraft:end_stone":68,"minecraft:nether_bricks":45,"minecraft:dark_oak_fence":1,"minecraft:jungle_planks":3,"minecraft:crimson_roots":496,"minecraft:kelp":17,"minecraft:jungle_sapling":4,"minecraft:andesite":359,"minecraft:vine":28,"minecraft:cobblestone_slab":1,"minecraft:rail":11,"minecraft:warped_stem":4,"minecraft:bamboo_sapling":9,"minecraft:bamboo":395,"minecraft:bone_block":1,"minecraft:ender_chest":2,"minecraft:redstone_block":18,"minecraft:gray_concrete":34,"minecraft:glass_pane":1,"minecraft:comparator":2,"minecraft:soul_sand":10,"minecraft:observer":4,"minecraft:polished_blackstone_brick_wall":5,"minecraft:dandelion":3,"minecraft:jungle_sign":1,"minecraft:sponge":33,"minecraft:warped_roots":122,"minecraft:crimson_slab":8,"minecraft:copper_ore":96,"minecraft:deepslate_gold_ore":16,"minecraft:diorite":929,"minecraft:purple_stained_glass":24,"minecraft:prismarine_brick_slab":46,"minecraft:dark_prismarine_slab":6,"minecraft:dark_oak_sign":1,"minecraft:gravel":1902,"minecraft:cobweb":1,"minecraft:stone_bricks":1,"minecraft:gold_ore":8,"minecraft:iron_trapdoor":4,"minecraft:fern":83,"minecraft:grass_block":5282,"minecraft:blue_concrete":3,"minecraft:polished_blackstone_brick_slab":4,"minecraft:composter":5,"minecraft:glowstone":5,"minecraft:iron_ore":32,"minecraft:iron_bars":10,"minecraft:deepslate_redstone_ore":45,"minecraft:quartz_block":1,"minecraft:cyan_terracotta":9,"minecraft:blackstone":271,"minecraft:orange_terracotta":11,"minecraft:calcite":4,"minecraft:poppy":2,"minecraft:beacon":3,"minecraft:chest":134,"minecraft:nether_quartz_ore":301,"minecraft:cobblestone":16,"minecraft:prismarine":2,"minecraft:oak_planks":15,"minecraft:wall_torch":25,"minecraft:cauldron":2,"minecraft:deepslate_copper_ore":8,"minecraft:warped_nylium":155,"minecraft:powered_rail":21,"minecraft:nether_wart_block":5,"minecraft:oak_log":13,"minecraft:sand":9300,"minecraft:dirt":4336,"minecraft:crimson_planks":201,"minecraft:ancient_debris":32,"minecraft:netherrack":14385,"minecraft:oak_leaves":30,"minecraft:nether_gold_ore":85,"minecraft:crying_obsidian":1,"minecraft:tuff":263,"minecraft:dark_oak_leaves":38,"minecraft:deepslate_diamond_ore":7,"minecraft:oak_door":1,"minecraft:red_stained_glass":2,"minecraft:glow_lichen":1,"minecraft:weeping_vines":1,"minecraft:acacia_slab":3,"minecraft:sandstone":36,"minecraft:crimson_stem":72,"minecraft:hay_block":2,"minecraft:deepslate_brick_slab":8,"minecraft:oak_trapdoor":1,"minecraft:polished_basalt":1,"minecraft:nether_sprouts":83,"minecraft:chiseled_deepslate":7,"minecraft:gold_block":157,"minecraft:bell":1,"minecraft:polished_deepslate":4,"minecraft:bookshelf":215,"minecraft:shroomlight":3,"minecraft:deepslate_iron_ore":14,"minecraft:stripped_jungle_log":1,"minecraft:packed_ice":1,"minecraft:wet_sponge":44,"minecraft:chorus_plant":1,"minecraft:stone":6988,"minecraft:scaffolding":20,"minecraft:magenta_stained_glass":33,"minecraft:basalt":433,"minecraft:oak_fence":20,"minecraft:crafting_table":3,"minecraft:lapis_ore":8,"minecraft:prismarine_bricks":166,"minecraft:sea_pickle":2,"minecraft:coal_ore":35,"minecraft:cocoa":1,"minecraft:terracotta":25,"minecraft:crimson_wall_sign":16,"minecraft:mossy_stone_bricks":4,"minecraft:crimson_fence":9,"minecraft:acacia_wall_sign":1,"minecraft:jungle_wall_sign":6},"minecraft:used":{"minecraft:writable_book":2,"minecraft:chiseled_deepslate":10,"minecraft:ladder":3,"minecraft:chest":253,"minecraft:stone":444,"minecraft:rotten_flesh":1,"minecraft:soul_sand":529,"minecraft:blue_stained_glass":1544,"minecraft:deepslate_brick_slab":6,"minecraft:jungle_sapling":2,"minecraft:packed_ice":1,"minecraft:grass_block":35,"minecraft:quartz_block":2,"minecraft:copper_ore":37,"minecraft:wet_sponge":40,"minecraft:netherite_hoe":47,"minecraft:blue_banner":1,"minecraft:netherite_boots":1,"minecraft:bow":363,"minecraft:diorite":3,"minecraft:red_stained_glass":170,"minecraft:powered_rail":236,"minecraft:prismarine":354,"minecraft:blackstone":30,"minecraft:composter":2,"minecraft:dark_oak_trapdoor":1,"minecraft:blue_dye":7,"minecraft:sand":23,"minecraft:netherite_helmet":1,"minecraft:gray_concrete":34,"minecraft:deepslate_tiles":422,"minecraft:crying_obsidian":2,"minecraft:nether_wart_block":5,"minecraft:diamond_sword":1360,"minecraft:dark_oak_fence":3,"minecraft:oak_boat":5,"minecraft:oak_trapdoor":4,"minecraft:polished_blackstone_brick_slab":331,"minecraft:iron_bars":19,"minecraft:tinted_glass":3,"minecraft:netherrack":2747,"minecraft:torch":337,"minecraft:ancient_debris":2,"minecraft:anvil":4,"minecraft:chorus_flower":1,"minecraft:nether_quartz_ore":26,"minecraft:shroomlight":3,"minecraft:sea_lantern":76,"minecraft:iron_block":496,"minecraft:jungle_log":18,"minecraft:barrel":4,"minecraft:bamboo":418,"minecraft:glowstone":2,"minecraft:iron_trapdoor":4,"minecraft:cobbled_deepslate":34,"minecraft:observer":4,"minecraft:magenta_dye":6,"minecraft:crimson_stem":8,"minecraft:calcite":4,"minecraft:wheat_seeds":9,"minecraft:water_bucket":908,"minecraft:prismarine_brick_slab":41,"minecraft:blue_concrete_powder":29,"minecraft:cauldron":2,"minecraft:glow_ink_sac":14,"minecraft:gold_ore":4,"minecraft:deepslate_bricks":424,"minecraft:rail":2,"minecraft:comparator":19,"minecraft:crafting_table":6,"minecraft:crimson_trapdoor":39,"minecraft:white_bed":73,"minecraft:diamond_pickaxe":25632,"minecraft:diamond_shovel":21158,"minecraft:acacia_sign":2,"minecraft:iron_pickaxe":257,"minecraft:crimson_nylium":1,"minecraft:crimson_sign":16,"minecraft:cobblestone":13,"minecraft:potion":1,"minecraft:cooked_porkchop":252,"minecraft:glass_pane":1,"minecraft:kelp":617,"minecraft:polished_deepslate":4,"minecraft:bone_block":1,"minecraft:oak_sign":2,"minecraft:polished_basalt":22,"minecraft:nether_wart":2,"minecraft:bell":1,"minecraft:player_head":7,"minecraft:jungle_planks":91,"minecraft:prismarine_brick_stairs":46,"minecraft:deepslate_tile_slab":898,"minecraft:tuff":17,"minecraft:obsidian":438,"minecraft:glass":82,"minecraft:cyan_terracotta":9,"minecraft:coal_ore":18,"minecraft:polished_blackstone_brick_wall":159,"minecraft:warped_nylium":16,"minecraft:stone_bricks":2,"minecraft:item_frame":38,"minecraft:repeater":21,"minecraft:warped_fungus":18,"minecraft:hay_block":2,"minecraft:scaffolding":452,"minecraft:gold_block":2,"minecraft:diamond_boots":2,"minecraft:wither_skeleton_skull":3,"minecraft:dark_oak_sign":1,"minecraft:ender_pearl":7,"minecraft:sandstone":11,"minecraft:redstone_block":21,"minecraft:diamond_axe":1237,"minecraft:netherite_leggings":1,"minecraft:deepslate_redstone_ore":8,"minecraft:sponge":30,"minecraft:note_block":4,"minecraft:deepslate_lapis_ore":9,"minecraft:end_stone":49,"minecraft:redstone_torch":18,"minecraft:firework_rocket":262,"minecraft:dark_oak_log":1,"minecraft:deepslate":73,"minecraft:gravel":635,"minecraft:jungle_sign":10,"minecraft:andesite":13,"minecraft:experience_bottle":45,"minecraft:flint_and_steel":43,"minecraft:redstone":57,"minecraft:ender_chest":2,"minecraft:deepslate_gold_ore":1,"minecraft:oak_door":1,"minecraft:dirt":1592,"minecraft:spyglass":10,"minecraft:hopper":142,"minecraft:prismarine_bricks":805,"minecraft:shulker_box":86,"minecraft:granite":50,"minecraft:bookshelf":215,"minecraft:oak_stairs":1,"minecraft:acacia_slab":6,"minecraft:crimson_planks":9,"minecraft:golden_carrot":67,"minecraft:black_dye":7,"minecraft:deepslate_tile_stairs":6,"minecraft:netherite_pickaxe":8236,"minecraft:minecart":2,"minecraft:iron_ore":15,"minecraft:amethyst_block":3,"minecraft:glass_bottle":40,"minecraft:netherite_chestplate":1,"minecraft:copper_block":2,"minecraft:magenta_stained_glass":93,"minecraft:white_dye":1,"minecraft:beacon":4,"minecraft:cobblestone_slab":1,"minecraft:terracotta":22,"minecraft:dark_prismarine_slab":250,"minecraft:nether_gold_ore":15,"minecraft:purple_stained_glass":42,"minecraft:piston":1,"minecraft:lapis_ore":4,"minecraft:bucket":910,"minecraft:yellow_bed":2,"minecraft:polished_blackstone_button":2,"minecraft:splash_potion":2},"minecraft:killed_by":{"minecraft:zombie":1,"minecraft:piglin":3,"minecraft:hoglin":1,"minecraft:skeleton":1}},"DataVersion":2865}