{"stats":{"minecraft:mined":{"minecraft:dragon_wall_head":3,"minecraft:potted_pink_tulip":2,"minecraft:white_bed":33,"minecraft:red_shulker_box":13,"minecraft:fire_coral_wall_fan":115,"minecraft:red_nether_bricks":11,"minecraft:granite":363,"minecraft:acacia_log":155,"minecraft:brown_wool":3,"minecraft:oak_pressure_plate":2,"minecraft:green_concrete":4,"minecraft:blue_wool":44,"minecraft:oak_wall_sign":1,"minecraft:nether_wart":85,"minecraft:spawner":6,"minecraft:chorus_flower":65,"minecraft:polished_blackstone_bricks":298,"minecraft:magma_block":158,"minecraft:dark_oak_trapdoor":13,"minecraft:warped_pressure_plate":1,"minecraft:barrel":65,"minecraft:cobbled_deepslate":129,"minecraft:fire":659,"minecraft:deepslate_lapis_ore":25,"minecraft:fletching_table":13,"minecraft:twisting_vines":27,"minecraft:spruce_pressure_plate":2,"minecraft:green_carpet":2,"minecraft:pink_tulip":65,"minecraft:white_shulker_box":58,"minecraft:spruce_wood":16,"minecraft:white_banner":2,"minecraft:player_head":83,"minecraft:tripwire":41,"minecraft:cut_sandstone":6,"minecraft:kelp_plant":94,"minecraft:deepslate_brick_wall":11,"minecraft:smoker":2,"minecraft:crimson_nylium":19,"minecraft:deepslate_tile_slab":12,"minecraft:powder_snow":57,"minecraft:torch":23,"minecraft:note_block":1,"minecraft:dark_oak_wood":3,"minecraft:oxidized_copper":250,"minecraft:melon":72,"minecraft:dead_bush":7,"minecraft:spruce_wall_sign":8,"minecraft:white_candle":16,"minecraft:tube_coral_fan":20,"minecraft:lime_shulker_box":36,"minecraft:sugar_cane":2258,"minecraft:amethyst_block":348,"minecraft:birch_sapling":3,"minecraft:white_terracotta":3,"minecraft:chain":9,"minecraft:verdant_froglight":7,"minecraft:mud":1538,"minecraft:jukebox":1,"minecraft:grass":1745,"minecraft:mangrove_log":130,"minecraft:smooth_basalt":274,"minecraft:deepslate":6905,"minecraft:deepslate_tiles":41,"minecraft:dark_prismarine":201,"minecraft:light_blue_wool":36,"minecraft:mossy_cobblestone":325,"minecraft:dark_oak_log":280,"minecraft:sea_lantern":76,"minecraft:end_stone":1222,"minecraft:dark_oak_fence":17,"minecraft:spruce_fence":26,"minecraft:redstone_wire":1,"minecraft:potted_bamboo":2,"minecraft:red_mushroom":78,"minecraft:horn_coral":134,"minecraft:packed_mud":29,"minecraft:green_terracotta":6,"minecraft:andesite":625,"minecraft:big_dripleaf_stem":25,"minecraft:mossy_stone_brick_stairs":2,"minecraft:cobblestone_slab":12,"minecraft:vine":179,"minecraft:rail":54,"minecraft:brain_coral_wall_fan":114,"minecraft:bone_block":514,"minecraft:fire_coral_block":144,"minecraft:green_wool":4,"minecraft:ender_chest":276,"minecraft:mud_brick_slab":3,"minecraft:oak_slab":6,"minecraft:glass_pane":5,"minecraft:soul_sand":114,"minecraft:lily_of_the_valley":163,"minecraft:potted_lily_of_the_valley":1,"minecraft:dandelion":85,"minecraft:fire_coral":129,"minecraft:cornflower":69,"minecraft:mangrove_wood":7,"minecraft:prismarine_slab":42,"minecraft:warped_roots":55,"minecraft:campfire":108,"minecraft:brain_coral_fan":18,"minecraft:purpur_pillar":183,"minecraft:tall_grass":75,"minecraft:copper_ore":382,"minecraft:deepslate_gold_ore":549,"minecraft:diorite":439,"minecraft:warped_wart_block":536,"minecraft:purple_wool":4,"minecraft:black_stained_glass":14,"minecraft:red_terracotta":8,"minecraft:coarse_dirt":58,"minecraft:mangrove_leaves":384,"minecraft:dark_prismarine_slab":48,"minecraft:sunflower":2,"minecraft:gravel":2828,"minecraft:cobweb":198,"minecraft:brown_terracotta":9,"minecraft:stone_bricks":22,"minecraft:gold_ore":698,"minecraft:chipped_anvil":11,"minecraft:iron_trapdoor":4,"minecraft:fern":391,"minecraft:stone_pressure_plate":4,"minecraft:mossy_stone_brick_slab":7,"minecraft:andesite_stairs":13,"minecraft:orange_stained_glass":3,"minecraft:orange_wool":4,"minecraft:brewing_stand":9,"minecraft:spruce_trapdoor":88,"minecraft:budding_amethyst":8,"minecraft:cracked_polished_blackstone_bricks":110,"minecraft:white_concrete":378,"minecraft:bubble_coral_fan":23,"minecraft:polished_diorite":3,"minecraft:composter":13,"minecraft:polished_blackstone_pressure_plate":3,"minecraft:gilded_blackstone":7,"minecraft:sculk_catalyst":28,"minecraft:dragon_head":2,"minecraft:skeleton_wall_skull":1,"minecraft:red_tulip":66,"minecraft:pointed_dripstone":97,"minecraft:flowering_azalea_leaves":40,"minecraft:iron_bars":26,"minecraft:potted_cornflower":1,"minecraft:azalea":19,"minecraft:spruce_slab":362,"minecraft:netherite_block":1,"minecraft:deepslate_redstone_ore":70,"minecraft:quartz_block":42,"minecraft:exposed_copper":13,"minecraft:medium_amethyst_bud":61,"minecraft:orange_terracotta":17,"minecraft:purpur_stairs":127,"minecraft:light_gray_terracotta":3,"minecraft:mossy_cobblestone_wall":3,"minecraft:beacon":9,"minecraft:nether_quartz_ore":2601,"minecraft:wither_skeleton_wall_skull":1,"minecraft:oak_planks":221,"minecraft:wall_torch":24,"minecraft:light_blue_terracotta":52,"minecraft:fire_coral_fan":20,"minecraft:warped_nylium":137,"minecraft:dark_oak_slab":5,"minecraft:warped_planks":2,"minecraft:blue_ice":140,"minecraft:tnt":25,"minecraft:smooth_stone_slab":1,"minecraft:oak_log":241,"minecraft:beetroots":2,"minecraft:lime_terracotta":16,"minecraft:dirt":2258,"minecraft:ancient_debris":153,"minecraft:cyan_candle":2,"minecraft:crying_obsidian":10,"minecraft:quartz_stairs":8,"minecraft:stripped_mangrove_log":24,"minecraft:dark_oak_leaves":11,"minecraft:red_stained_glass":27,"minecraft:mangrove_roots":416,"minecraft:gray_glazed_terracotta":2,"minecraft:glow_lichen":3,"minecraft:ladder":4,"minecraft:tube_coral_wall_fan":120,"minecraft:weathered_copper":17,"minecraft:brown_mushroom_block":1362,"minecraft:spruce_leaves":831,"minecraft:crimson_stem":200,"minecraft:hay_block":353,"minecraft:nether_sprouts":5,"minecraft:polished_basalt":46,"minecraft:peony":58,"minecraft:gold_block":132,"minecraft:nether_brick_fence":4,"minecraft:bookshelf":167,"minecraft:shroomlight":17,"minecraft:deepslate_iron_ore":1153,"minecraft:stripped_oak_log":25,"minecraft:wet_sponge":101,"minecraft:acacia_leaves":3,"minecraft:scaffolding":470,"minecraft:magenta_stained_glass":10,"minecraft:snow_block":3621,"minecraft:stripped_dark_oak_log":4,"minecraft:basalt":1145,"minecraft:polished_granite":1,"minecraft:oak_fence":11,"minecraft:honey_block":5,"minecraft:lime_carpet":3,"minecraft:stone_slab":8,"minecraft:polished_blackstone_brick_stairs":1,"minecraft:prismarine_bricks":205,"minecraft:bubble_coral":134,"minecraft:sea_pickle":329,"minecraft:ice":864,"minecraft:white_wall_banner":8,"minecraft:bee_nest":50,"minecraft:muddy_mangrove_roots":184,"minecraft:warped_hyphae":2,"minecraft:black_wool":4,"minecraft:cocoa":73,"minecraft:ochre_froglight":1,"minecraft:flower_pot":4,"minecraft:cyan_carpet":39,"minecraft:yellow_concrete":26,"minecraft:cracked_stone_bricks":6,"minecraft:small_dripleaf":100,"minecraft:mossy_stone_bricks":26,"minecraft:dark_oak_planks":15,"minecraft:stripped_warped_stem":158,"minecraft:jungle_leaves":106,"minecraft:carved_pumpkin":3,"minecraft:obsidian":2252,"minecraft:chiseled_polished_blackstone":5,"minecraft:red_sand":2,"minecraft:stone_brick_wall":13,"minecraft:jungle_log":63,"minecraft:horn_coral_fan":19,"minecraft:pink_stained_glass":7,"minecraft:deepslate_bricks":46,"minecraft:coal_block":11,"minecraft:purpur_slab":30,"minecraft:deepslate_tile_stairs":1,"minecraft:bubble_coral_block":129,"minecraft:hopper":1,"minecraft:tube_coral_block":137,"minecraft:crimson_fungus":1,"minecraft:oxeye_daisy":68,"minecraft:chiseled_stone_bricks":1,"minecraft:potted_fern":7,"minecraft:orange_concrete":25,"minecraft:weeping_vines_plant":1,"minecraft:tall_seagrass":50,"minecraft:pumpkin":72,"minecraft:moss_carpet":54,"minecraft:sculk_shrieker":42,"minecraft:cave_vines":45,"minecraft:quartz_slab":22,"minecraft:polished_deepslate_slab":124,"minecraft:dirt_path":60,"minecraft:small_amethyst_bud":62,"minecraft:oak_stairs":4,"minecraft:deepslate_brick_stairs":1,"minecraft:iron_block":337,"minecraft:brown_mushroom":154,"minecraft:player_wall_head":58,"minecraft:soul_fire":92,"minecraft:amethyst_cluster":184,"minecraft:blue_stained_glass":4,"minecraft:blast_furnace":4,"minecraft:polished_andesite_stairs":3,"minecraft:green_concrete_powder":23,"minecraft:glass":25,"minecraft:damaged_anvil":12,"minecraft:smooth_sandstone_slab":1,"minecraft:spruce_sign":10,"minecraft:skeleton_skull":1,"minecraft:cyan_wool":32,"minecraft:wheat":304,"minecraft:lilac":126,"minecraft:pumpkin_stem":1,"minecraft:warped_fungus":32,"minecraft:black_bed":1,"minecraft:stone_brick_stairs":1,"minecraft:copper_block":42,"minecraft:oak_fence_gate":1,"minecraft:loom":34,"minecraft:blue_shulker_box":16,"minecraft:red_mushroom_block":994,"minecraft:yellow_stained_glass":11,"minecraft:piston":12,"minecraft:infested_deepslate":5,"minecraft:pink_shulker_box":16,"minecraft:shulker_box":285,"minecraft:nether_bricks":149,"minecraft:cobbled_deepslate_slab":23,"minecraft:allium":70,"minecraft:crimson_roots":5,"minecraft:orange_shulker_box":10,"minecraft:yellow_concrete_powder":2,"minecraft:lime_wool":5,"minecraft:horn_coral_wall_fan":115,"minecraft:kelp":177,"minecraft:moss_block":318,"minecraft:pink_wool":4,"minecraft:black_stained_glass_pane":8,"minecraft:snow":1546,"minecraft:diamond_block":10,"minecraft:warped_wall_sign":2,"minecraft:potatoes":112,"minecraft:warped_stem":657,"minecraft:bamboo_sapling":8,"minecraft:warped_trapdoor":95,"minecraft:bamboo":120,"minecraft:white_wool":263,"minecraft:brain_coral":128,"minecraft:smithing_table":9,"minecraft:gray_concrete":559,"minecraft:hanging_roots":2,"minecraft:stone_brick_slab":2,"minecraft:jungle_sign":4,"minecraft:cobbled_deepslate_wall":8,"minecraft:light_gray_concrete_powder":4,"minecraft:emerald_ore":15,"minecraft:sponge":106,"minecraft:cracked_deepslate_bricks":3,"minecraft:big_dripleaf":29,"minecraft:pearlescent_froglight":3,"minecraft:purple_stained_glass":4,"minecraft:prismarine_brick_slab":31,"minecraft:white_carpet":62,"minecraft:spruce_log":8407,"minecraft:birch_leaves":45,"minecraft:quartz_pillar":1,"minecraft:mycelium":380,"minecraft:dripstone_block":281,"minecraft:spruce_fence_gate":34,"minecraft:infested_stone":2,"minecraft:deepslate_emerald_ore":2,"minecraft:black_shulker_box":163,"minecraft:large_amethyst_bud":43,"minecraft:spruce_planks":667,"minecraft:cobbled_deepslate_stairs":4,"minecraft:cobblestone_stairs":12,"minecraft:sculk_vein":128,"minecraft:cave_vines_plant":38,"minecraft:grass_block":2394,"minecraft:blue_concrete":144,"minecraft:soul_soil":74,"minecraft:stripped_warped_hyphae":1,"minecraft:warped_sign":2,"minecraft:mud_bricks":3,"minecraft:raw_iron_block":26,"minecraft:glowstone":164,"minecraft:iron_ore":886,"minecraft:target":1,"minecraft:anvil":17,"minecraft:azure_bluet":3,"minecraft:dark_oak_stairs":2,"minecraft:brown_glazed_terracotta":2,"minecraft:warped_button":1,"minecraft:black_candle":1,"minecraft:azalea_leaves":87,"minecraft:end_stone_bricks":38,"minecraft:brain_coral_block":130,"minecraft:blackstone":1119,"minecraft:dead_bubble_coral_block":2,"minecraft:twisting_vines_plant":32,"minecraft:polished_deepslate_stairs":8,"minecraft:clay":588,"minecraft:calcite":391,"minecraft:poppy":409,"minecraft:chest":68,"minecraft:mushroom_stem":531,"minecraft:cobblestone":145,"minecraft:slime_block":7,"minecraft:grindstone":5,"minecraft:prismarine":201,"minecraft:iron_door":19,"minecraft:deepslate_copper_ore":4,"minecraft:seagrass":287,"minecraft:light_gray_glazed_terracotta":1,"minecraft:dark_oak_door":18,"minecraft:nether_wart_block":5,"minecraft:yellow_wool":36,"minecraft:birch_log":79,"minecraft:birch_trapdoor":2,"minecraft:light_gray_wool":3,"minecraft:orange_tulip":74,"minecraft:purpur_block":239,"minecraft:diorite_wall":14,"minecraft:green_glazed_terracotta":1,"minecraft:sand":3135,"minecraft:crimson_planks":3,"minecraft:tripwire_hook":1,"minecraft:netherrack":26669,"minecraft:oak_leaves":261,"minecraft:polished_deepslate_wall":20,"minecraft:magenta_wool":4,"minecraft:horn_coral_block":130,"minecraft:tuff":836,"minecraft:nether_gold_ore":27,"minecraft:tube_coral":138,"minecraft:diamond_ore":14,"minecraft:red_carpet":1,"minecraft:deepslate_diamond_ore":563,"minecraft:candle":92,"minecraft:oak_door":15,"minecraft:gray_stained_glass_pane":2,"minecraft:dark_oak_pressure_plate":2,"minecraft:black_banner":1,"minecraft:polished_andesite_slab":3,"minecraft:mangrove_propagule":72,"minecraft:sandstone":154,"minecraft:rooted_dirt":96,"minecraft:large_fern":45,"minecraft:spore_blossom":42,"minecraft:deepslate_brick_slab":8,"minecraft:spruce_sapling":22,"minecraft:furnace":13,"minecraft:carrots":704,"minecraft:black_glazed_terracotta":2,"minecraft:stripped_spruce_log":28,"minecraft:chiseled_deepslate":5,"minecraft:bell":18,"minecraft:polished_deepslate":69,"minecraft:lantern":62,"minecraft:packed_ice":15310,"minecraft:chorus_plant":42,"minecraft:stone":3509,"minecraft:white_tulip":65,"minecraft:yellow_shulker_box":5,"minecraft:redstone_wall_torch":2,"minecraft:podzol":44,"minecraft:flowering_azalea":7,"minecraft:light_blue_shulker_box":17,"minecraft:red_wool":5,"minecraft:infested_stone_bricks":2,"minecraft:spruce_door":13,"minecraft:crafting_table":130,"minecraft:cyan_stained_glass_pane":7,"minecraft:blackstone_slab":2,"minecraft:rose_bush":162,"minecraft:andesite_slab":1,"minecraft:sculk_sensor":199,"minecraft:lectern":937,"minecraft:lapis_ore":1,"minecraft:lily_pad":19,"minecraft:sculk":368,"minecraft:gray_wool":57,"minecraft:cactus":40,"minecraft:gray_concrete_powder":2,"minecraft:green_shulker_box":60,"minecraft:beehive":1,"minecraft:redstone_torch":3,"minecraft:sweet_berry_bush":70,"minecraft:yellow_bed":4,"minecraft:coal_ore":1369,"minecraft:end_rod":71,"minecraft:bubble_coral_wall_fan":118,"minecraft:gray_carpet":27,"minecraft:terracotta":234,"minecraft:crimson_hyphae":1},"minecraft:broken":{"minecraft:shears":3,"minecraft:diamond_shovel":1,"minecraft:shield":2,"minecraft:iron_pickaxe":1,"minecraft:diamond_axe":3,"minecraft:iron_axe":1},"minecraft:crafted":{"minecraft:black_dye":84,"minecraft:yellow_wool":1,"minecraft:polished_deepslate_wall":48,"minecraft:blaze_powder":176,"minecraft:chain":25,"minecraft:diamond_shovel":2,"minecraft:nether_brick":22,"minecraft:gray_wool":30,"minecraft:shulker_box":21,"minecraft:diamond_helmet":2,"minecraft:beacon":3,"minecraft:stone_pressure_plate":2,"minecraft:tipped_arrow":24,"minecraft:iron_door":3,"minecraft:dried_kelp_block":1,"minecraft:black_wool":16,"minecraft:white_shulker_box":1,"minecraft:pink_stained_glass":8,"minecraft:turtle_helmet":1,"minecraft:blue_stained_glass":8,"minecraft:polished_andesite_stairs":12,"minecraft:jungle_boat":2,"minecraft:raw_gold_block":107,"minecraft:smithing_table":3,"minecraft:fletching_table":2,"minecraft:red_nether_bricks":10,"minecraft:mangrove_sign":3,"minecraft:polished_deepslate_slab":180,"minecraft:lectern":17,"minecraft:stone_slab":30,"minecraft:iron_pickaxe":1,"minecraft:black_candle":6,"minecraft:sandstone":9,"minecraft:netherite_ingot":57,"minecraft:composter":1,"minecraft:cyan_wool":18,"minecraft:nautilus_shell":2,"minecraft:jungle_sign":3,"minecraft:golden_carrot":1499,"minecraft:magenta_wool":1,"minecraft:jukebox":3,"minecraft:orange_shulker_box":1,"minecraft:iron_nugget":1096,"minecraft:spyglass":2,"minecraft:diamond_hoe":1,"minecraft:light_gray_wool":17,"minecraft:polished_blackstone_pressure_plate":2,"minecraft:blue_shulker_box":1,"minecraft:spruce_fence":33,"minecraft:vine":12,"minecraft:moss_carpet":63,"minecraft:lantern":100,"minecraft:polished_diorite":44,"minecraft:red_shulker_box":2,"minecraft:stone_pickaxe":1,"minecraft:quartz_slab":42,"minecraft:spruce_boat":16,"minecraft:prismarine_slab":30,"minecraft:lead":30,"minecraft:enchanting_table":1,"minecraft:light_blue_wool":1,"minecraft:dark_oak_button":4,"minecraft:red_carpet":54,"minecraft:deepslate_tiles":116,"minecraft:enchanted_book":76,"minecraft:orange_dye":8,"minecraft:stripped_warped_hyphae":3,"minecraft:red_stained_glass":40,"minecraft:warped_fungus_on_a_stick":3,"minecraft:warped_sign":3,"minecraft:fermented_spider_eye":12,"minecraft:birch_trapdoor":2,"minecraft:black_stained_glass_pane":80,"minecraft:writable_book":6,"minecraft:armor_stand":2,"minecraft:note_block":1,"minecraft:grindstone":3,"minecraft:cobblestone_slab":6,"minecraft:barrel":24,"minecraft:packed_mud":233,"minecraft:stone":28,"minecraft:snow":3776,"minecraft:white_candle":4,"minecraft:heavy_weighted_pressure_plate":3,"minecraft:warped_planks":556,"minecraft:brown_carpet":9,"minecraft:cake":10,"minecraft:bow":1,"minecraft:polished_basalt":100,"minecraft:chest":86,"minecraft:copper_block":124,"minecraft:cod_bucket":19,"minecraft:rail":32,"minecraft:blue_concrete_powder":144,"minecraft:ender_eye":21,"minecraft:stone_bricks":4,"minecraft:golden_boots":1,"minecraft:white_banner":2,"minecraft:arrow":432,"minecraft:lime_terracotta":40,"minecraft:iron_helmet":2,"minecraft:brown_dye":7,"minecraft:red_wool":37,"minecraft:spectral_arrow":30,"minecraft:yellow_stained_glass":24,"minecraft:prismarine_brick_slab":48,"minecraft:apple":64,"minecraft:tnt":131,"minecraft:spruce_trapdoor":308,"minecraft:yellow_dye":15,"minecraft:purple_dye":4,"minecraft:pink_wool":1,"minecraft:netherite_block":4,"minecraft:stick":49641,"minecraft:iron_ingot":3460,"minecraft:andesite_stairs":12,"minecraft:light_blue_shulker_box":2,"minecraft:black_bed":1,"minecraft:lime_carpet":6,"minecraft:cyan_carpet":24,"minecraft:deepslate_bricks":284,"minecraft:deepslate_tile_slab":18,"minecraft:oak_door":6,"minecraft:fishing_rod":3,"minecraft:tripwire_hook":2,"minecraft:beehive":7,"minecraft:netherite_sword":1,"minecraft:leather_boots":2,"minecraft:spruce_button":1,"minecraft:furnace":17,"minecraft:blast_furnace":6,"minecraft:mud_bricks":48,"minecraft:piston":6,"minecraft:mushroom_stew":22,"minecraft:polished_andesite_slab":18,"minecraft:raw_copper_block":1,"minecraft:flint_and_steel":17,"minecraft:scaffolding":270,"minecraft:white_concrete_powder":360,"minecraft:honey_block":44,"minecraft:glistering_melon_slice":3,"minecraft:purple_stained_glass":8,"minecraft:iron_trapdoor":15,"minecraft:diorite_wall":18,"minecraft:black_banner":2,"minecraft:cooked_salmon":15,"minecraft:mangrove_planks":20,"minecraft:acacia_boat":1,"minecraft:jungle_planks":136,"minecraft:white_dye":481,"minecraft:recovery_compass":1,"minecraft:cyan_candle":7,"minecraft:blue_wool":1,"minecraft:anvil":10,"minecraft:torch":505,"minecraft:mangrove_wood":9,"minecraft:diamond_chestplate":2,"minecraft:ender_chest":8,"minecraft:light_gray_concrete_powder":16,"minecraft:smooth_stone":30,"minecraft:dark_oak_pressure_plate":1,"minecraft:orange_stained_glass":24,"minecraft:dark_oak_wood":24,"minecraft:slime_block":7,"minecraft:loom":17,"minecraft:lever":5,"minecraft:bookshelf":62,"minecraft:iron_bars":48,"minecraft:deepslate_brick_stairs":4,"minecraft:quartz_block":435,"minecraft:glass":461,"minecraft:light_blue_terracotta":56,"minecraft:diamond_leggings":3,"minecraft:melon_seeds":168,"minecraft:polished_blackstone":8,"minecraft:birch_door":3,"minecraft:magenta_dye":4,"minecraft:cooked_rabbit":27,"minecraft:flower_pot":24,"minecraft:glass_bottle":171,"minecraft:target":1,"minecraft:emerald":2760,"minecraft:cooked_porkchop":31,"minecraft:diamond_axe":5,"minecraft:spruce_door":18,"minecraft:cobbled_deepslate_wall":18,"minecraft:copper_ingot":1109,"minecraft:hay_block":12,"minecraft:campfire":91,"minecraft:lime_shulker_box":3,"minecraft:green_terracotta":40,"minecraft:chiseled_deepslate":4,"minecraft:compass":1,"minecraft:iron_block":365,"minecraft:gold_ingot":3915,"minecraft:light_gray_dye":24,"minecraft:fire_charge":255,"minecraft:spruce_fence_gate":25,"minecraft:yellow_concrete_powder":40,"minecraft:rabbit_stew":32,"minecraft:stone_shovel":4,"minecraft:smooth_stone_slab":12,"minecraft:polished_deepslate_stairs":16,"minecraft:player_head":336,"minecraft:mossy_cobblestone_stairs":8,"minecraft:bone_meal":2040,"minecraft:pink_dye":276,"minecraft:white_carpet":90,"minecraft:candle":20,"minecraft:orange_wool":1,"minecraft:warped_trapdoor":58,"minecraft:diamond":621,"minecraft:netherite_axe":1,"minecraft:deepslate_brick_wall":12,"minecraft:ladder":72,"minecraft:spruce_slab":606,"minecraft:diamond_boots":2,"minecraft:cobbled_deepslate_stairs":16,"minecraft:redstone_block":7,"minecraft:dark_oak_planks":404,"minecraft:golden_helmet":1,"minecraft:wheat":1595,"minecraft:coal_block":187,"minecraft:firework_star":254,"minecraft:crossbow":1,"minecraft:netherite_pickaxe":1,"minecraft:dried_kelp":166,"minecraft:deepslate_brick_slab":6,"minecraft:magenta_stained_glass":8,"minecraft:gray_concrete_powder":392,"minecraft:conduit":2,"minecraft:golden_apple":13,"minecraft:andesite_slab":12,"minecraft:wooden_axe":1,"minecraft:warped_pressure_plate":1,"minecraft:iron_leggings":3,"minecraft:white_bed":30,"minecraft:music_disc_5":2,"minecraft:lime_wool":5,"minecraft:brick":80,"minecraft:oak_planks":852,"minecraft:dark_oak_boat":2,"minecraft:pink_shulker_box":1,"minecraft:warped_hyphae":54,"minecraft:flower_banner_pattern":1,"minecraft:spruce_pressure_plate":5,"minecraft:green_dye":48,"minecraft:dark_oak_door":12,"minecraft:hopper":1,"minecraft:iron_boots":2,"minecraft:mossy_cobblestone_slab":12,"minecraft:stone_hoe":1,"minecraft:honeycomb_block":14,"minecraft:raw_iron_block":272,"minecraft:smoker":2,"minecraft:quartz_stairs":16,"minecraft:oak_slab":42,"minecraft:map":1,"minecraft:crafting_table":77,"minecraft:spruce_planks":27472,"minecraft:mud_brick_slab":18,"minecraft:wooden_pickaxe":1,"minecraft:baked_potato":115,"minecraft:gold_block":253,"minecraft:brewing_stand":5,"minecraft:birch_planks":188,"minecraft:black_shulker_box":1,"minecraft:dark_oak_slab":72,"minecraft:iron_chestplate":3,"minecraft:book":53,"minecraft:paper":2754,"minecraft:diamond_pickaxe":3,"minecraft:emerald_block":157,"minecraft:shield":9,"minecraft:light_blue_dye":10,"minecraft:snow_block":123,"minecraft:green_shulker_box":2,"minecraft:gray_carpet":45,"minecraft:redstone_torch":4,"minecraft:light_gray_carpet":9,"minecraft:sponge":5,"minecraft:shears":21,"minecraft:green_carpet":9,"minecraft:crimson_hyphae":30,"minecraft:polished_andesite":32,"minecraft:purple_wool":1,"minecraft:cobbled_deepslate_slab":54,"minecraft:cookie":64,"minecraft:mangrove_propagule":8,"minecraft:redstone":27,"minecraft:raw_iron":2541,"minecraft:coal":1009,"minecraft:dark_oak_trapdoor":22,"minecraft:gray_dye":88,"minecraft:dark_oak_sign":6,"minecraft:diamond_block":119,"minecraft:netherite_leggings":1,"minecraft:yellow_shulker_box":1,"minecraft:polished_deepslate":624,"minecraft:green_concrete_powder":40,"minecraft:iron_axe":1,"minecraft:spruce_wood":54,"minecraft:iron_hoe":1,"minecraft:slime_ball":9,"minecraft:orange_concrete_powder":24,"minecraft:lime_dye":16,"minecraft:netherite_scrap":155,"minecraft:minecart":26,"minecraft:cooked_beef":2,"minecraft:sugar":103,"minecraft:red_dye":405,"minecraft:cooked_cod":10,"minecraft:bone_block":5,"minecraft:crimson_planks":268,"minecraft:diamond_sword":3,"minecraft:cyan_dye":26,"minecraft:spruce_sign":18,"minecraft:dark_oak_stairs":16,"minecraft:bowl":68,"minecraft:bucket":32,"minecraft:mossy_cobblestone_wall":12,"minecraft:bread":315,"minecraft:air":0,"minecraft:black_stained_glass":40,"minecraft:blue_dye":55,"minecraft:oak_boat":4,"minecraft:white_wool":28,"minecraft:gold_nugget":13118,"minecraft:raw_gold":963,"minecraft:brown_wool":7,"minecraft:dark_prismarine_slab":54,"minecraft:green_wool":7,"minecraft:pumpkin_pie":43,"minecraft:acacia_planks":52,"minecraft:end_crystal":8,"minecraft:blackstone_slab":12,"minecraft:lapis_lazuli":54,"minecraft:clay":16,"minecraft:lapis_block":14,"minecraft:firework_rocket":977},"minecraft:used":{"minecraft:moss_block":429,"minecraft:writable_book":137,"minecraft:chiseled_deepslate":5,"minecraft:poppy":16,"minecraft:stone":957,"minecraft:warped_sign":4,"minecraft:quartz_stairs":18,"minecraft:rotten_flesh":7,"minecraft:tube_coral":15,"minecraft:soul_sand":41,"minecraft:weathered_copper":17,"minecraft:cocoa_beans":117,"minecraft:lily_of_the_valley":30,"minecraft:deepslate_brick_slab":14,"minecraft:azure_bluet":2,"minecraft:snowball":55,"minecraft:spruce_boat":100,"minecraft:packed_ice":4938,"minecraft:lava_bucket":100,"minecraft:quartz_pillar":1,"minecraft:red_wool":5,"minecraft:quartz_block":224,"minecraft:netherite_hoe":739,"minecraft:dark_oak_slab":70,"minecraft:diorite_wall":28,"minecraft:netherite_boots":13,"minecraft:bow":585,"minecraft:cooked_cod":18,"minecraft:oak_sapling":1,"minecraft:deepslate_brick_wall":18,"minecraft:mossy_stone_bricks":11,"minecraft:damaged_anvil":12,"minecraft:chorus_fruit":3,"minecraft:prismarine":219,"minecraft:blackstone":296,"minecraft:cactus":9,"minecraft:wooden_pickaxe":7,"minecraft:composter":10,"minecraft:black_glazed_terracotta":2,"minecraft:clay":419,"minecraft:jungle_boat":6,"minecraft:golden_apple":41,"minecraft:glow_berries":91,"minecraft:blast_furnace":9,"minecraft:cyan_dye":1,"minecraft:gray_concrete":537,"minecraft:deepslate_brick_stairs":5,"minecraft:gray_stained_glass_pane":2,"minecraft:deepslate_iron_ore":224,"minecraft:flowering_azalea_leaves":15,"minecraft:diamond_sword":1231,"minecraft:coal_block":43,"minecraft:smithing_table":12,"minecraft:birch_log":5,"minecraft:poisonous_potato":1,"minecraft:oak_boat":29,"minecraft:purple_wool":4,"minecraft:enchanting_table":1,"minecraft:orange_concrete":24,"minecraft:carved_pumpkin":3,"minecraft:armor_stand":2,"minecraft:light_gray_carpet":9,"minecraft:music_disc_5":4,"minecraft:cooked_salmon":10,"minecraft:torch":456,"minecraft:orange_stained_glass":27,"minecraft:brewing_stand":14,"minecraft:nether_quartz_ore":398,"minecraft:cod_bucket":19,"minecraft:light_gray_glazed_terracotta":1,"minecraft:golden_shovel":1,"minecraft:fern":22,"minecraft:sea_lantern":59,"minecraft:chipped_anvil":10,"minecraft:iron_block":480,"minecraft:muddy_mangrove_roots":29,"minecraft:polished_deepslate_wall":57,"minecraft:jungle_log":22,"minecraft:barrel":86,"minecraft:bamboo":48,"minecraft:diamond_chestplate":4,"minecraft:tadpole_bucket":15,"minecraft:basalt":405,"minecraft:podzol":1,"minecraft:horn_coral_fan":9,"minecraft:deepslate_emerald_ore":1,"minecraft:calcite":253,"minecraft:wheat_seeds":285,"minecraft:warped_stem":372,"minecraft:light_blue_shulker_box":17,"minecraft:tube_coral_block":8,"minecraft:lead":1,"minecraft:blue_concrete_powder":144,"minecraft:glow_ink_sac":9,"minecraft:leather_boots":1,"minecraft:spruce_fence_gate":59,"minecraft:gold_ore":76,"minecraft:deepslate_bricks":183,"minecraft:conduit":2,"minecraft:polished_deepslate_slab":314,"minecraft:diamond_block":10,"minecraft:rail":147,"minecraft:white_bed":64,"minecraft:campfire":193,"minecraft:spruce_log":965,"minecraft:mushroom_stem":360,"minecraft:amethyst_cluster":28,"minecraft:diamond_pickaxe":8416,"minecraft:warped_trapdoor":144,"minecraft:diamond_shovel":2441,"minecraft:suspicious_stew":3,"minecraft:spruce_pressure_plate":7,"minecraft:spruce_trapdoor":366,"minecraft:spruce_sapling":308,"minecraft:green_carpet":6,"minecraft:potion":43,"minecraft:azalea_leaves":50,"minecraft:cooked_porkchop":170,"minecraft:andesite_stairs":25,"minecraft:dandelion":4,"minecraft:diamond_leggings":2,"minecraft:moss_carpet":196,"minecraft:red_sand":2,"minecraft:polished_deepslate":238,"minecraft:melon":7,"minecraft:bone_block":329,"minecraft:polished_basalt":120,"minecraft:nether_wart":25,"minecraft:grass":2,"minecraft:bubble_coral":11,"minecraft:green_terracotta":18,"minecraft:spruce_leaves":51,"minecraft:mutton":8,"minecraft:beehive":5,"minecraft:obsidian":413,"minecraft:honey_bottle":4,"minecraft:big_dripleaf":107,"minecraft:mangrove_log":84,"minecraft:lantern":190,"minecraft:spruce_wood":54,"minecraft:green_wool":4,"minecraft:warped_nylium":73,"minecraft:deepslate_diamond_ore":111,"minecraft:birch_trapdoor":4,"minecraft:horn_coral":10,"minecraft:written_book":5,"minecraft:mangrove_roots":64,"minecraft:blue_shulker_box":16,"minecraft:gold_block":151,"minecraft:skeleton_skull":2,"minecraft:mangrove_leaves":20,"minecraft:tube_coral_fan":14,"minecraft:end_rod":23,"minecraft:diamond_boots":4,"minecraft:wither_skeleton_skull":10,"minecraft:stone_pickaxe":56,"minecraft:gray_carpet":72,"minecraft:oak_planks":162,"minecraft:sandstone":50,"minecraft:diamond_axe":6839,"minecraft:sugar_cane":348,"minecraft:white_wool":1352,"minecraft:netherite_leggings":11,"minecraft:mushroom_stew":21,"minecraft:light_blue_wool":36,"minecraft:yellow_concrete":25,"minecraft:crossbow":377,"minecraft:ochre_froglight":3,"minecraft:end_stone":617,"minecraft:lever":3,"minecraft:dark_oak_log":193,"minecraft:bread":189,"minecraft:brown_wool":3,"minecraft:iron_door":5,"minecraft:deepslate":1219,"minecraft:stripped_warped_hyphae":4,"minecraft:chain":30,"minecraft:cooked_rabbit":1,"minecraft:mossy_cobblestone_wall":11,"minecraft:smooth_stone_slab":4,"minecraft:coarse_dirt":7,"minecraft:bone_meal":157,"minecraft:orange_concrete_powder":24,"minecraft:netherite_sword":12010,"minecraft:rose_bush":2,"minecraft:white_tulip":7,"minecraft:flint_and_steel":96,"minecraft:redstone":1,"minecraft:ender_chest":280,"minecraft:deepslate_gold_ore":114,"minecraft:stone_hoe":1,"minecraft:cooked_chicken":6,"minecraft:dirt":1430,"minecraft:prismarine_bricks":208,"minecraft:bee_nest":29,"minecraft:spruce_fence":47,"minecraft:warped_pressure_plate":1,"minecraft:iron_hoe":8,"minecraft:wooden_axe":10,"minecraft:brown_terracotta":5,"minecraft:yellow_concrete_powder":38,"minecraft:black_stained_glass":19,"minecraft:soul_soil":38,"minecraft:dark_oak_pressure_plate":3,"minecraft:minecart":86,"minecraft:netherite_pickaxe":72848,"minecraft:cooked_beef":222,"minecraft:dead_bubble_coral_block":2,"minecraft:powder_snow_bucket":6,"minecraft:pumpkin":14,"minecraft:cobbled_deepslate_wall":17,"minecraft:cobblestone_stairs":1,"minecraft:snow_block":1026,"minecraft:red_nether_bricks":11,"minecraft:baked_potato":50,"minecraft:brown_mushroom":21,"minecraft:cut_sandstone":6,"minecraft:spruce_sign":27,"minecraft:warped_roots":14,"minecraft:dark_prismarine_slab":103,"minecraft:red_mushroom":23,"minecraft:brown_glazed_terracotta":2,"minecraft:magenta_carpet":3,"minecraft:warped_planks":58,"minecraft:netherite_block":1,"minecraft:piston":16,"minecraft:flower_pot":40,"minecraft:black_wool":4,"minecraft:stone_slab":22,"minecraft:yellow_wool":27,"minecraft:fire_coral_block":10,"minecraft:end_crystal":4,"minecraft:cobbled_deepslate_slab":44,"minecraft:cyan_stained_glass_pane":7,"minecraft:pink_shulker_box":16,"minecraft:pumpkin_pie":1,"minecraft:sea_pickle":227,"minecraft:gray_wool":50,"minecraft:sculk_catalyst":8,"minecraft:peony":5,"minecraft:nether_brick_fence":3,"minecraft:spruce_slab":794,"minecraft:elytra":5,"minecraft:ladder":30,"minecraft:chest":128,"minecraft:white_shulker_box":58,"minecraft:blue_stained_glass":11,"minecraft:allium":8,"minecraft:orange_wool":4,"minecraft:stripped_spruce_log":13,"minecraft:honey_block":24,"minecraft:honeycomb":1,"minecraft:netherite_shovel":15859,"minecraft:warped_hyphae":55,"minecraft:black_stained_glass_pane":79,"minecraft:grass_block":1385,"minecraft:birch_sapling":4,"minecraft:polished_andesite_stairs":13,"minecraft:orange_shulker_box":10,"minecraft:copper_ore":144,"minecraft:wet_sponge":106,"minecraft:pink_wool":4,"minecraft:rabbit_stew":2,"minecraft:stripped_mangrove_log":13,"minecraft:snow":5913,"minecraft:dark_oak_boat":26,"minecraft:sweet_berries":119,"minecraft:furnace":21,"minecraft:egg":46,"minecraft:potato":138,"minecraft:dragon_head":5,"minecraft:emerald_ore":5,"minecraft:diorite":53,"minecraft:end_stone_bricks":4,"minecraft:spruce_door":20,"minecraft:warped_fungus_on_a_stick":461,"minecraft:red_stained_glass":60,"minecraft:orange_tulip":10,"minecraft:oak_leaves":24,"minecraft:dark_oak_trapdoor":35,"minecraft:sand":225,"minecraft:purpur_stairs":6,"minecraft:blue_ice":37,"minecraft:netherite_helmet":9,"minecraft:deepslate_tiles":136,"minecraft:verdant_froglight":19,"minecraft:cyan_carpet":62,"minecraft:spore_blossom":30,"minecraft:lectern":951,"minecraft:red_terracotta":8,"minecraft:diamond_ore":1,"minecraft:lilac":16,"minecraft:polished_andesite_slab":21,"minecraft:bubble_coral_block":6,"minecraft:green_concrete_powder":58,"minecraft:pink_stained_glass":8,"minecraft:ice":1231,"minecraft:iron_bars":28,"minecraft:acacia_log":18,"minecraft:brain_coral_fan":11,"minecraft:mycelium":192,"minecraft:stripped_warped_stem":111,"minecraft:netherrack":6056,"minecraft:green_glazed_terracotta":1,"minecraft:target":1,"minecraft:warped_wart_block":186,"minecraft:anvil":27,"minecraft:ancient_debris":2,"minecraft:wheat":15,"minecraft:chorus_flower":1,"minecraft:twisting_vines":45,"minecraft:crimson_hyphae":29,"minecraft:glow_lichen":2,"minecraft:polished_diorite":16,"minecraft:small_dripleaf":21,"minecraft:shroomlight":7,"minecraft:red_shulker_box":13,"minecraft:flowering_azalea":12,"minecraft:iron_axe":130,"minecraft:spruce_button":1,"minecraft:slime_block":13,"minecraft:lime_dye":1,"minecraft:totem_of_undying":5,"minecraft:mud_bricks":31,"minecraft:melon_seeds":2,"minecraft:prismarine_slab":65,"minecraft:smooth_basalt":230,"minecraft:glowstone":64,"minecraft:iron_trapdoor":17,"minecraft:magenta_wool":4,"minecraft:beef":9,"minecraft:gray_glazed_terracotta":2,"minecraft:oxidized_copper":161,"minecraft:orange_terracotta":4,"minecraft:cobbled_deepslate":1188,"minecraft:magenta_dye":2,"minecraft:pointed_dripstone":160,"minecraft:crimson_stem":11,"minecraft:water_bucket":771,"minecraft:mangrove_wood":16,"minecraft:prismarine_brick_slab":70,"minecraft:yellow_shulker_box":5,"minecraft:lime_wool":5,"minecraft:bubble_coral_fan":9,"minecraft:red_mushroom_block":229,"minecraft:fletching_table":15,"minecraft:polished_blackstone_bricks":159,"minecraft:salmon":2,"minecraft:mossy_cobblestone":146,"minecraft:lime_terracotta":51,"minecraft:vine":51,"minecraft:tnt":9,"minecraft:oak_slab":6,"minecraft:crafting_table":170,"minecraft:fire_coral":13,"minecraft:lime_shulker_box":36,"minecraft:small_amethyst_bud":39,"minecraft:oak_log":27,"minecraft:mud":185,"minecraft:dark_prismarine":154,"minecraft:ender_eye":18,"minecraft:cornflower":9,"minecraft:oxeye_daisy":2,"minecraft:sunflower":2,"minecraft:mangrove_propagule":5,"minecraft:iron_pickaxe":250,"minecraft:cobblestone":886,"minecraft:black_candle":9,"minecraft:brown_mushroom_block":215,"minecraft:jukebox":3,"minecraft:sculk_vein":63,"minecraft:kelp":456,"minecraft:candle":45,"minecraft:diamond_hoe":306,"minecraft:oak_sign":7,"minecraft:white_concrete_powder":360,"minecraft:shield":203,"minecraft:white_terracotta":3,"minecraft:bell":11,"minecraft:player_head":255,"minecraft:sculk_sensor":5,"minecraft:white_candle":9,"minecraft:nether_bricks":90,"minecraft:carrot":807,"minecraft:deepslate_tile_slab":28,"minecraft:tuff":152,"minecraft:cyan_wool":17,"minecraft:axolotl_bucket":137,"minecraft:milk_bucket":2,"minecraft:polished_deepslate_stairs":20,"minecraft:glass":47,"minecraft:coal_ore":447,"minecraft:quartz_slab":55,"minecraft:packed_mud":174,"minecraft:dark_oak_wood":25,"minecraft:gray_concrete_powder":394,"minecraft:stone_bricks":6,"minecraft:red_carpet":50,"minecraft:honeycomb_block":14,"minecraft:magma_block":68,"minecraft:brown_carpet":3,"minecraft:warped_fungus":19,"minecraft:hay_block":7,"minecraft:scaffolding":707,"minecraft:beetroot_seeds":2,"minecraft:fire_coral_fan":8,"minecraft:pearlescent_froglight":3,"minecraft:golden_boots":1,"minecraft:chiseled_polished_blackstone":3,"minecraft:dark_oak_stairs":14,"minecraft:dark_oak_sign":4,"minecraft:ender_pearl":109,"minecraft:large_amethyst_bud":25,"minecraft:brain_coral":7,"minecraft:loom":50,"minecraft:black_banner":2,"minecraft:light_gray_terracotta":3,"minecraft:deepslate_redstone_ore":8,"minecraft:sponge":45,"minecraft:note_block":2,"minecraft:dripstone_block":90,"minecraft:stone_brick_wall":13,"minecraft:black_bed":2,"minecraft:shears":1103,"minecraft:cobbled_deepslate_stairs":20,"minecraft:exposed_copper":13,"minecraft:redstone_torch":5,"minecraft:firework_rocket":2057,"minecraft:heavy_weighted_pressure_plate":3,"minecraft:lime_carpet":7,"minecraft:melon_slice":98,"minecraft:string":99,"minecraft:gravel":383,"minecraft:golden_helmet":1,"minecraft:blackstone_slab":12,"minecraft:jungle_sign":1,"minecraft:grindstone":6,"minecraft:medium_amethyst_bud":29,"minecraft:andesite":211,"minecraft:warped_button":2,"minecraft:white_concrete":18,"minecraft:experience_bottle":18,"minecraft:cobweb":44,"minecraft:jungle_leaves":2,"minecraft:oak_fence":2,"minecraft:azalea":25,"minecraft:trident":3061,"minecraft:music_disc_otherside":23,"minecraft:stone_shovel":91,"minecraft:light_blue_terracotta":59,"minecraft:spruce_planks":868,"minecraft:sculk":52,"minecraft:oak_door":5,"minecraft:spyglass":537,"minecraft:white_carpet":94,"minecraft:hopper":1,"minecraft:diamond_helmet":4,"minecraft:shulker_box":288,"minecraft:salmon_bucket":3,"minecraft:raw_iron_block":10,"minecraft:pink_dye":4,"minecraft:granite":40,"minecraft:birch_door":2,"minecraft:dark_oak_planks":99,"minecraft:bookshelf":82,"minecraft:red_tulip":2,"minecraft:yellow_stained_glass":33,"minecraft:crimson_planks":161,"minecraft:light_gray_wool":3,"minecraft:golden_carrot":1464,"minecraft:horn_coral_block":9,"minecraft:stone_pressure_plate":5,"minecraft:red_dye":1,"minecraft:brain_coral_block":2,"minecraft:amethyst_block":264,"minecraft:acacia_boat":1,"minecraft:pink_tulip":10,"minecraft:iron_ore":359,"minecraft:mud_brick_slab":21,"minecraft:glass_bottle":339,"minecraft:cyan_candle":14,"minecraft:polished_andesite":5,"minecraft:netherite_chestplate":12,"minecraft:andesite_slab":13,"minecraft:blue_wool":5,"minecraft:copper_block":166,"minecraft:black_shulker_box":164,"minecraft:magenta_stained_glass":5,"minecraft:beacon":14,"minecraft:cobblestone_slab":16,"minecraft:polished_blackstone_pressure_plate":6,"minecraft:terracotta":22,"minecraft:stripped_dark_oak_log":4,"minecraft:light_gray_concrete_powder":20,"minecraft:dark_oak_door":26,"minecraft:smoker":4,"minecraft:purple_stained_glass":6,"minecraft:cracked_polished_blackstone_bricks":68,"minecraft:netherite_axe":12935,"minecraft:purple_dye":1,"minecraft:green_shulker_box":60,"minecraft:white_banner":12,"minecraft:bucket":1072,"minecraft:splash_potion":10},"minecraft:dropped":{"minecraft:iron_sword":2,"minecraft:porkchop":6,"minecraft:lapis_lazuli":275,"minecraft:mud_brick_slab":5,"minecraft:glow_ink_sac":82,"minecraft:chorus_fruit":72,"minecraft:glass_bottle":34,"minecraft:diamond":31,"minecraft:crafting_table":24,"minecraft:cooked_porkchop":132,"minecraft:dark_oak_slab":5,"minecraft:warped_fungus_on_a_stick":3,"minecraft:weeping_vines":3,"minecraft:glow_berries":8,"minecraft:warped_roots":25,"minecraft:cracked_stone_bricks":2,"minecraft:red_mushroom":30,"minecraft:emerald":272,"minecraft:gray_concrete":12,"minecraft:dark_oak_fence":8,"minecraft:netherite_boots":1,"minecraft:gold_nugget":234,"minecraft:bubble_coral_block":64,"minecraft:writable_book":8,"minecraft:sand":1245,"minecraft:dark_oak_planks":24,"minecraft:fishing_rod":1,"minecraft:white_wool":2607,"minecraft:tropical_fish_bucket":20,"minecraft:stone_axe":1,"minecraft:compass":2,"minecraft:goat_horn":14,"minecraft:lever":1,"minecraft:diamond_block":47,"minecraft:iron_nugget":35,"minecraft:cooked_chicken":53,"minecraft:cobbled_deepslate":911,"minecraft:netherite_sword":1,"minecraft:wheat":15,"minecraft:obsidian":238,"minecraft:grindstone":1,"minecraft:rotten_flesh":1334,"minecraft:oak_planks":179,"minecraft:glowstone_dust":3,"minecraft:warped_sign":1,"minecraft:warped_planks":4,"minecraft:red_mushroom_block":131,"minecraft:sea_lantern":30,"minecraft:azalea_leaves":98,"minecraft:coal_ore":5,"minecraft:diorite_wall":16,"minecraft:quartz_block":26,"minecraft:leather_boots":4,"minecraft:acacia_sapling":32,"minecraft:leather_leggings":7,"minecraft:glass":70,"minecraft:beef":12,"minecraft:podzol":7,"minecraft:warped_wart_block":3,"minecraft:golden_boots":4,"minecraft:wheat_seeds":837,"minecraft:horn_coral_block":64,"minecraft:dripstone_block":119,"minecraft:netherite_chestplate":2,"minecraft:cobbled_deepslate_wall":15,"minecraft:book":56,"minecraft:prismarine_crystals":3,"minecraft:red_stained_glass":1,"minecraft:deepslate_tile_slab":8,"minecraft:coal_block":73,"minecraft:golden_apple":20,"minecraft:mushroom_stew":3,"minecraft:warped_trapdoor":29,"minecraft:lava_bucket":3,"minecraft:diamond_horse_armor":4,"minecraft:dark_oak_leaves":10,"minecraft:gray_wool":8,"minecraft:ink_sac":15,"minecraft:wooden_axe":2,"minecraft:cooked_salmon":7,"minecraft:potion":171,"minecraft:oak_stairs":3,"minecraft:pumpkin":3,"minecraft:white_banner":11,"minecraft:red_dye":187,"minecraft:jungle_boat":2,"minecraft:mud":1494,"minecraft:chipped_anvil":1,"minecraft:lily_pad":2,"minecraft:acacia_planks":21,"minecraft:stone_brick_slab":1,"minecraft:snow_block":434,"minecraft:soul_soil":14,"minecraft:green_terracotta":60,"minecraft:player_head":361,"minecraft:cocoa_beans":12,"minecraft:stone_shovel":10,"minecraft:clay_ball":29,"minecraft:iron_boots":4,"minecraft:name_tag":4,"minecraft:cobbled_deepslate_slab":1,"minecraft:polished_deepslate_stairs":4,"minecraft:shears":17,"minecraft:diamond_sword":4,"minecraft:cyan_wool":17,"minecraft:brain_coral_block":64,"minecraft:spruce_boat":15,"minecraft:flower_pot":1,"minecraft:sea_pickle":387,"minecraft:spruce_trapdoor":5,"minecraft:piglin_banner_pattern":1,"minecraft:peony":1,"minecraft:spruce_planks":425,"minecraft:diamond_pickaxe":12,"minecraft:fire_coral_block":63,"minecraft:small_dripleaf":196,"minecraft:stone_pressure_plate":1,"minecraft:bamboo":147,"minecraft:barrel":1,"minecraft:stone_bricks":11,"minecraft:sandstone":96,"minecraft:bow":29,"minecraft:green_concrete_powder":97,"minecraft:magma_block":29,"minecraft:blue_shulker_box":2,"minecraft:soul_sand":157,"minecraft:candle":189,"minecraft:moss_block":2,"minecraft:warped_fungus":3,"minecraft:oak_log":22,"minecraft:large_amethyst_bud":5,"minecraft:ender_pearl":9985,"minecraft:tube_coral_block":64,"minecraft:dark_oak_sapling":2,"minecraft:lime_terracotta":2,"minecraft:green_shulker_box":1,"minecraft:leather":257,"minecraft:honeycomb":3,"minecraft:jungle_planks":52,"minecraft:mangrove_planks":2,"minecraft:mossy_cobblestone_wall":16,"minecraft:black_banner":1,"minecraft:cod":9,"minecraft:cobblestone_stairs":8,"minecraft:cracked_polished_blackstone_bricks":3,"minecraft:packed_ice":4351,"minecraft:ice":786,"minecraft:mutton":7,"minecraft:snowball":354,"minecraft:prismarine_brick_slab":1,"minecraft:black_shulker_box":1,"minecraft:jungle_sign":3,"minecraft:axolotl_bucket":2,"minecraft:tube_coral":57,"minecraft:gold_ingot":167,"minecraft:chiseled_polished_blackstone":1,"minecraft:spyglass":6,"minecraft:twisting_vines":3,"minecraft:music_disc_otherside":3,"minecraft:pointed_dripstone":363,"minecraft:beetroot":2,"minecraft:white_candle":27,"minecraft:mycelium":292,"minecraft:mushroom_stem":5,"minecraft:leather_chestplate":3,"minecraft:trident":10,"minecraft:mangrove_log":61,"minecraft:beetroot_seeds":3,"minecraft:horn_coral_fan":57,"minecraft:fire_coral_fan":56,"minecraft:iron_ore":14,"minecraft:iron_bars":29,"minecraft:scaffolding":64,"minecraft:polished_granite":1,"minecraft:splash_potion":12,"minecraft:stone_hoe":2,"minecraft:bread":118,"minecraft:golden_helmet":2,"minecraft:netherite_axe":3,"minecraft:mangrove_propagule":10,"minecraft:amethyst_block":6,"minecraft:acacia_log":132,"minecraft:iron_block":10,"minecraft:milk_bucket":2,"minecraft:nether_wart_block":2,"minecraft:melon_slice":21,"minecraft:zombie_head":8,"minecraft:fire_charge":30,"minecraft:polished_andesite_stairs":2,"minecraft:polished_basalt":1,"minecraft:raw_iron_block":5,"minecraft:tripwire_hook":1,"minecraft:polished_deepslate":10,"minecraft:polished_diorite":6,"minecraft:kelp":155,"minecraft:sweet_berries":283,"minecraft:sculk_sensor":161,"minecraft:totem_of_undying":23,"minecraft:shulker_box":20,"minecraft:netherite_leggings":3,"minecraft:flint_and_steel":15,"minecraft:copper_ore":75,"minecraft:deepslate_bricks":13,"minecraft:netherite_block":1,"minecraft:andesite":233,"minecraft:oak_sapling":7,"minecraft:brain_coral":57,"minecraft:spruce_log":244,"minecraft:wooden_pickaxe":1,"minecraft:magma_cream":45,"minecraft:nautilus_shell":1,"minecraft:medium_amethyst_bud":3,"minecraft:amethyst_cluster":3,"minecraft:crimson_stem":11,"minecraft:clay":228,"minecraft:oak_pressure_plate":4,"minecraft:cooked_beef":177,"minecraft:spore_blossom":1,"minecraft:crossbow":9,"minecraft:purpur_stairs":8,"minecraft:rooted_dirt":10,"minecraft:dark_oak_button":4,"minecraft:elytra":7,"minecraft:leather_helmet":2,"minecraft:saddle":15,"minecraft:bubble_coral_fan":58,"minecraft:rail":13,"minecraft:red_carpet":6,"minecraft:item_frame":3,"minecraft:dirt":1000,"minecraft:grass":9,"minecraft:yellow_dye":2,"minecraft:horn_coral":58,"minecraft:jungle_sapling":4,"minecraft:bone_block":114,"minecraft:phantom_membrane":132,"minecraft:bone_meal":179,"minecraft:sugar":6,"minecraft:iron_pickaxe":15,"minecraft:dark_oak_boat":2,"minecraft:bone":428,"minecraft:oak_door":25,"minecraft:brain_coral_fan":56,"minecraft:sugar_cane":226,"minecraft:golden_chestplate":6,"minecraft:nether_brick":43,"minecraft:pink_dye":1,"minecraft:birch_sapling":3,"minecraft:blue_wool":39,"minecraft:enchanted_golden_apple":2,"minecraft:end_stone":58,"minecraft:lime_dye":6,"minecraft:blaze_powder":52,"minecraft:white_bed":4,"minecraft:salmon":1,"minecraft:chiseled_deepslate":2,"minecraft:tipped_arrow":2,"minecraft:deepslate_tiles":10,"minecraft:ladder":109,"minecraft:spruce_slab":12,"minecraft:white_dye":198,"minecraft:end_stone_bricks":30,"minecraft:campfire":1,"minecraft:crying_obsidian":449,"minecraft:flowering_azalea_leaves":24,"minecraft:ghast_tear":6,"minecraft:enchanted_book":28,"minecraft:egg":9,"minecraft:crimson_planks":70,"minecraft:iron_ingot":136,"minecraft:netherite_pickaxe":8,"minecraft:birch_leaves":3,"minecraft:sculk_shrieker":10,"minecraft:mangrove_leaves":13,"minecraft:tnt":10,"minecraft:deepslate_brick_wall":1,"minecraft:deepslate_diamond_ore":2,"minecraft:netherite_helmet":1,"minecraft:dark_prismarine_slab":5,"minecraft:oak_fence":3,"minecraft:feather":77,"minecraft:cobblestone":1147,"minecraft:iron_helmet":15,"minecraft:apple":4,"minecraft:granite":196,"minecraft:music_disc_pigstep":1,"minecraft:spruce_door":11,"minecraft:purple_dye":1,"minecraft:disc_fragment_5":3,"minecraft:coal":361,"minecraft:end_rod":53,"minecraft:oxeye_daisy":1,"minecraft:sculk":212,"minecraft:iron_trapdoor":2,"minecraft:golden_carrot":592,"minecraft:lime_carpet":1,"minecraft:rose_bush":2,"minecraft:diamond_helmet":8,"minecraft:prismarine_slab":8,"minecraft:paper":490,"minecraft:string":156,"minecraft:iron_shovel":2,"minecraft:polished_deepslate_wall":8,"minecraft:spruce_sapling":146,"minecraft:gray_carpet":8,"minecraft:hanging_roots":2,"minecraft:furnace":1,"minecraft:moss_carpet":26,"minecraft:soul_torch":36,"minecraft:stone_sword":13,"minecraft:smooth_stone_slab":1,"minecraft:bowl":3,"minecraft:deepslate":949,"minecraft:diamond_hoe":3,"minecraft:chicken":2,"minecraft:polished_deepslate_slab":16,"minecraft:stone_slab":5,"minecraft:nether_bricks":8,"minecraft:spruce_fence":30,"minecraft:pumpkin_seeds":8,"minecraft:big_dripleaf":83,"minecraft:potato":38,"minecraft:cobblestone_slab":2,"minecraft:stone":405,"minecraft:hay_block":26,"minecraft:shroomlight":1,"minecraft:yellow_bed":2,"minecraft:spider_eye":88,"minecraft:bell":2,"minecraft:dark_prismarine":1,"minecraft:crimson_nylium":1,"minecraft:gold_ore":53,"minecraft:spruce_sign":11,"minecraft:warped_stem":39,"minecraft:brown_mushroom":24,"minecraft:birch_planks":10,"minecraft:diamond_axe":1,"minecraft:baked_potato":2,"minecraft:lantern":1,"minecraft:tube_coral_fan":57,"minecraft:flint":15,"minecraft:spruce_leaves":39,"minecraft:netherite_scrap":1,"minecraft:polished_blackstone_brick_stairs":1,"minecraft:crimson_roots":3,"minecraft:seagrass":3,"minecraft:cooked_cod":19,"minecraft:gilded_blackstone":4,"minecraft:pumpkin_pie":192,"minecraft:amethyst_shard":125,"minecraft:polished_blackstone_bricks":31,"minecraft:birch_log":3,"minecraft:brown_mushroom_block":426,"minecraft:gravel":733,"minecraft:white_tulip":1,"minecraft:crimson_fungus":2,"minecraft:blackstone":1342,"minecraft:yellow_wool":1,"minecraft:lime_wool":1,"minecraft:diamond_shovel":4,"minecraft:prismarine":8,"minecraft:carrot":261,"minecraft:chainmail_chestplate":2,"minecraft:shulker_shell":44,"minecraft:poppy":272,"minecraft:rabbit_hide":5,"minecraft:oak_fence_gate":5,"minecraft:skeleton_skull":4,"minecraft:gunpowder":2560,"minecraft:melon_seeds":132,"minecraft:spruce_pressure_plate":1,"minecraft:chest":3,"minecraft:azalea":6,"minecraft:bee_nest":15,"minecraft:arrow":791,"minecraft:basalt":341,"minecraft:prismarine_bricks":74,"minecraft:netherrack":7519,"minecraft:oak_leaves":21,"minecraft:firework_rocket":1627,"minecraft:quartz":1134,"minecraft:water_bucket":12,"minecraft:stripped_spruce_log":2,"minecraft:written_book":3,"minecraft:oak_slab":27,"minecraft:chorus_flower":64,"minecraft:mossy_cobblestone":66,"minecraft:minecart":2,"minecraft:bookshelf":16,"minecraft:diamond_leggings":7,"minecraft:poisonous_potato":9,"minecraft:prismarine_shard":22,"minecraft:lead":7,"minecraft:sculk_vein":128,"minecraft:spectral_arrow":29,"minecraft:copper_ingot":28,"minecraft:grass_block":260,"minecraft:stick":217,"minecraft:diorite":277,"minecraft:blue_dye":9,"minecraft:torch":551,"minecraft:sculk_catalyst":95,"minecraft:iron_leggings":22,"minecraft:flowering_azalea":64,"minecraft:iron_axe":3,"minecraft:bucket":26,"minecraft:music_disc_cat":1,"minecraft:dandelion":6,"minecraft:smooth_basalt":51,"minecraft:redstone":25,"minecraft:coarse_dirt":1,"minecraft:bubble_coral":58,"minecraft:blaze_rod":43,"minecraft:ender_chest":15,"minecraft:warped_nylium":3,"minecraft:nether_wart":5,"minecraft:raw_copper":87,"minecraft:jukebox":2,"minecraft:tuff":333,"minecraft:raw_iron":96,"minecraft:wither_skeleton_skull":1,"minecraft:ender_eye":1,"minecraft:acacia_leaves":3,"minecraft:filled_map":24,"minecraft:snow":264,"minecraft:shield":3,"minecraft:diamond_chestplate":10,"minecraft:orange_terracotta":3,"minecraft:iron_chestplate":17,"minecraft:cake":6,"minecraft:mossy_stone_bricks":2,"minecraft:blue_ice":31,"minecraft:fire_coral":52,"minecraft:oak_boat":4,"minecraft:golden_sword":62,"minecraft:diamond_boots":7,"minecraft:slime_ball":291,"minecraft:stripped_warped_stem":1,"minecraft:stone_pickaxe":1,"minecraft:raw_gold":68,"minecraft:nether_quartz_ore":11,"minecraft:cracked_deepslate_bricks":1,"minecraft:calcite":88,"minecraft:light_blue_shulker_box":1},"minecraft:custom":{"minecraft:interact_with_crafting_table":1513,"minecraft:damage_blocked_by_shield":11235,"minecraft:play_time":14927661,"minecraft:deaths":2,"minecraft:jump":240916,"minecraft:play_record":27,"minecraft:interact_with_smoker":103,"minecraft:inspect_dispenser":2,"minecraft:horse_one_cm":788,"minecraft:inspect_dropper":5,"minecraft:interact_with_anvil":243,"minecraft:inspect_hopper":103,"minecraft:tune_noteblock":317,"minecraft:time_since_rest":29093,"minecraft:swim_one_cm":11901130,"minecraft:open_chest":12706,"minecraft:open_shulker_box":4022,"minecraft:damage_resisted":6761,"minecraft:play_noteblock":77,"minecraft:talked_to_villager":2288,"minecraft:interact_with_brewingstand":493,"minecraft:interact_with_beacon":31,"minecraft:raid_win":2,"minecraft:boat_one_cm":7130381,"minecraft:damage_taken":108949,"minecraft:aviate_one_cm":112358358,"minecraft:open_barrel":4134,"minecraft:bell_ring":424,"minecraft:eat_cake_slice":31,"minecraft:leave_game":209,"minecraft:time_since_death":8677172,"minecraft:enchant_item":42,"minecraft:interact_with_furnace":1427,"minecraft:traded_with_villager":1570,"minecraft:sleep_in_bed":119,"minecraft:damage_dealt":1267245,"minecraft:interact_with_smithing_table":62,"minecraft:damage_dealt_absorbed":80,"minecraft:target_hit":5,"minecraft:sneak_time":1293538,"minecraft:interact_with_lectern":48,"minecraft:interact_with_blast_furnace":467,"minecraft:total_world_time":14927661,"minecraft:fly_one_cm":57849108,"minecraft:fall_one_cm":8574818,"minecraft:animals_bred":42,"minecraft:sprint_one_cm":31738251,"minecraft:drop":5548,"minecraft:walk_on_water_one_cm":2777446,"minecraft:interact_with_loom":46,"minecraft:open_enderchest":1469,"minecraft:player_kills":4,"minecraft:crouch_one_cm":5273800,"minecraft:mob_kills":11431,"minecraft:climb_one_cm":503721,"minecraft:walk_one_cm":29610571,"minecraft:strider_one_cm":678830,"minecraft:walk_under_water_one_cm":6090271,"minecraft:raid_trigger":2,"minecraft:pot_flower":80,"minecraft:interact_with_grindstone":21,"minecraft:damage_absorbed":1060,"minecraft:minecart_one_cm":19633},"minecraft:killed":{"minecraft:cod":42,"minecraft:guardian":9,"minecraft:skeleton_horse":4,"minecraft:parrot":6,"minecraft:elder_guardian":11,"minecraft:salmon":95,"minecraft:iron_golem":1,"minecraft:ender_dragon":1,"minecraft:pillager":77,"minecraft:goat":8,"minecraft:donkey":1,"minecraft:zombie":675,"minecraft:evoker":6,"minecraft:vindicator":28,"minecraft:endermite":2,"minecraft:warden":2,"minecraft:husk":16,"minecraft:rabbit":43,"minecraft:frog":2,"minecraft:ravager":9,"minecraft:polar_bear":39,"minecraft:zombified_piglin":813,"minecraft:witch":20,"minecraft:spider":194,"minecraft:wither":3,"minecraft:bee":3,"minecraft:piglin_brute":1,"minecraft:piglin":89,"minecraft:zombie_villager":19,"minecraft:sheep":11,"minecraft:trader_llama":2,"minecraft:mooshroom":71,"minecraft:ghast":30,"minecraft:vex":15,"minecraft:slime":156,"minecraft:drowned":99,"minecraft:hoglin":29,"minecraft:squid":90,"minecraft:wither_skeleton":102,"minecraft:cave_spider":10,"minecraft:pufferfish":4,"minecraft:shulker":98,"minecraft:skeleton":510,"minecraft:fox":1,"minecraft:chicken":34,"minecraft:cat":3,"minecraft:magma_cube":199,"minecraft:glow_squid":72,"minecraft:cow":51,"minecraft:horse":2,"minecraft:ocelot":2,"minecraft:enderman":4956,"minecraft:turtle":3,"minecraft:wolf":66,"minecraft:pig":39,"minecraft:strider":17,"minecraft:creeper":353,"minecraft:stray":10,"minecraft:blaze":235,"minecraft:phantom":184,"minecraft:panda":1,"minecraft:bat":8},"minecraft:picked_up":{"minecraft:suspicious_stew":4,"minecraft:lead":366,"minecraft:smithing_table":9,"minecraft:stone_slab":11,"minecraft:enchanted_book":29,"minecraft:blue_concrete":144,"minecraft:string":484,"minecraft:music_disc_cat":1,"minecraft:polished_deepslate":75,"minecraft:polished_blackstone_brick_stairs":1,"minecraft:dark_oak_pressure_plate":3,"minecraft:shroomlight":15,"minecraft:sculk_shrieker":33,"minecraft:diamond_leggings":8,"minecraft:horn_coral_block":193,"minecraft:bubble_coral":191,"minecraft:diamond_ore":1,"minecraft:spruce_pressure_plate":3,"minecraft:jukebox":3,"minecraft:big_dripleaf":227,"minecraft:purpur_pillar":179,"minecraft:acacia_log":286,"minecraft:warped_button":2,"minecraft:warped_pressure_plate":1,"minecraft:cyan_stained_glass_pane":7,"minecraft:golden_chestplate":7,"minecraft:green_terracotta":66,"minecraft:stone_sword":14,"minecraft:lime_carpet":3,"minecraft:honey_bottle":7,"minecraft:horn_coral_fan":187,"minecraft:polished_basalt":45,"minecraft:carved_pumpkin":3,"minecraft:red_tulip":66,"minecraft:glowstone":64,"minecraft:bookshelf":68,"minecraft:end_rod":124,"minecraft:white_terracotta":3,"minecraft:blaze_rod":283,"minecraft:iron_bars":39,"minecraft:snowball":852,"minecraft:sponge":106,"minecraft:feather":148,"minecraft:cooked_beef":462,"minecraft:medium_amethyst_bud":61,"minecraft:water_bucket":24,"minecraft:brown_wool":3,"minecraft:dark_oak_boat":27,"minecraft:copper_block":42,"minecraft:flint":37,"minecraft:purple_stained_glass":4,"minecraft:lantern":112,"minecraft:gray_concrete_powder":2,"minecraft:hanging_roots":2,"minecraft:large_amethyst_bud":41,"minecraft:warped_hyphae":2,"minecraft:rabbit":27,"minecraft:diamond_helmet":9,"minecraft:honeycomb":165,"minecraft:glow_lichen":2,"minecraft:chiseled_polished_blackstone":5,"minecraft:lime_terracotta":18,"minecraft:stripped_spruce_log":28,"minecraft:brown_mushroom_block":848,"minecraft:netherite_block":1,"minecraft:deepslate":2355,"minecraft:lever":3,"minecraft:granite":361,"minecraft:rooted_dirt":10,"minecraft:crimson_roots":4,"minecraft:diamond_pickaxe":12,"minecraft:mud":3016,"minecraft:bee_nest":64,"minecraft:stripped_warped_hyphae":1,"minecraft:clay_ball":176,"minecraft:leather_leggings":4,"minecraft:dragon_head":6,"minecraft:purpur_block":234,"minecraft:fire_coral":181,"minecraft:cornflower":71,"minecraft:elytra":17,"minecraft:flint_and_steel":3,"minecraft:white_carpet":62,"minecraft:iron_shovel":1,"minecraft:netherite_sword":3,"minecraft:stripped_warped_stem":159,"minecraft:jungle_sapling":8,"minecraft:poppy":678,"minecraft:spruce_slab":419,"minecraft:minecart":73,"minecraft:birch_sapling":7,"minecraft:piston":18,"minecraft:diamond_hoe":2,"minecraft:copper_ore":224,"minecraft:lime_shulker_box":36,"minecraft:black_stained_glass":14,"minecraft:stone":1474,"minecraft:fire_charge":34,"minecraft:white_dye":194,"minecraft:netherite_pickaxe":13,"minecraft:jungle_sign":4,"minecraft:stone_shovel":8,"minecraft:diamond_chestplate":12,"minecraft:purpur_slab":27,"minecraft:hay_block":397,"minecraft:cracked_deepslate_bricks":1,"minecraft:totem_of_undying":38,"minecraft:mutton":15,"minecraft:bone_block":663,"minecraft:rail":161,"minecraft:emerald_ore":5,"minecraft:oxeye_daisy":67,"minecraft:yellow_shulker_box":5,"minecraft:birch_leaves":3,"minecraft:mud_bricks":3,"minecraft:tripwire_hook":1,"minecraft:yellow_dye":1,"minecraft:fern":69,"minecraft:packed_mud":28,"minecraft:purpur_stairs":136,"minecraft:lily_pad":22,"minecraft:sculk_vein":269,"minecraft:paper":500,"minecraft:apple":3,"minecraft:light_gray_glazed_terracotta":1,"minecraft:oak_fence_gate":5,"minecraft:warped_stem":678,"minecraft:spore_blossom":42,"minecraft:yellow_stained_glass":9,"minecraft:stone_pickaxe":2,"minecraft:iron_ore":371,"minecraft:magenta_stained_glass":4,"minecraft:dark_oak_stairs":2,"minecraft:polished_andesite_stairs":3,"minecraft:smooth_basalt":297,"minecraft:milk_bucket":2,"minecraft:sweet_berries":614,"minecraft:green_glazed_terracotta":1,"minecraft:red_wool":5,"minecraft:weathered_copper":17,"minecraft:crying_obsidian":448,"minecraft:leather_helmet":1,"minecraft:diamond_shovel":6,"minecraft:coal_ore":452,"minecraft:slime_ball":521,"minecraft:deepslate_redstone_ore":10,"minecraft:baked_potato":179,"minecraft:hopper":1,"minecraft:ender_chest":298,"minecraft:nether_brick_fence":3,"minecraft:yellow_wool":37,"minecraft:gilded_blackstone":10,"minecraft:deepslate_lapis_ore":1,"minecraft:red_sand":2,"minecraft:bucket":23,"minecraft:red_dye":185,"minecraft:white_tulip":68,"minecraft:rose_bush":199,"minecraft:cobblestone_slab":12,"minecraft:ender_eye":14,"minecraft:azalea":24,"minecraft:iron_pickaxe":14,"minecraft:deepslate_iron_ore":223,"minecraft:blue_wool":44,"minecraft:tipped_arrow":2,"minecraft:birch_trapdoor":2,"minecraft:polished_deepslate_stairs":12,"minecraft:netherite_shovel":1,"minecraft:diorite":541,"minecraft:vine":144,"minecraft:goat_horn":22,"minecraft:rotten_flesh":1348,"minecraft:mangrove_roots":393,"minecraft:deepslate_copper_ore":4,"minecraft:chorus_flower":129,"minecraft:deepslate_brick_stairs":1,"minecraft:obsidian":2567,"minecraft:blaze_powder":65,"minecraft:cobblestone":2202,"minecraft:leather_chestplate":2,"minecraft:muddy_mangrove_roots":186,"minecraft:lilac":126,"minecraft:warped_fungus_on_a_stick":1,"minecraft:andesite":712,"minecraft:black_bed":1,"minecraft:beacon":9,"minecraft:potato":396,"minecraft:prismarine_bricks":255,"minecraft:dirt":2974,"minecraft:name_tag":3,"minecraft:glass":88,"minecraft:bone":584,"minecraft:acacia_planks":12,"minecraft:bow":33,"minecraft:orange_tulip":74,"minecraft:wheat_seeds":1254,"minecraft:small_dripleaf":350,"minecraft:grindstone":5,"minecraft:netherite_axe":4,"minecraft:mossy_stone_bricks":16,"minecraft:fletching_table":13,"minecraft:bamboo":1402,"minecraft:prismarine":249,"minecraft:diorite_wall":32,"minecraft:black_stained_glass_pane":7,"minecraft:light_blue_shulker_box":18,"minecraft:melon":7,"minecraft:grass_block":1915,"minecraft:diamond_block":47,"minecraft:spectral_arrow":55,"minecraft:mossy_cobblestone":447,"minecraft:jungle_leaves":2,"minecraft:light_gray_terracotta":3,"minecraft:sugar":10,"minecraft:light_blue_terracotta":50,"minecraft:netherite_helmet":3,"minecraft:slime_block":8,"minecraft:polished_blackstone_pressure_plate":4,"minecraft:cracked_polished_blackstone_bricks":75,"minecraft:crossbow":13,"minecraft:bone_meal":238,"minecraft:grass":11,"minecraft:golden_apple":32,"minecraft:spruce_sign":25,"minecraft:emerald":316,"minecraft:chorus_fruit":664,"minecraft:netherrack":14944,"minecraft:andesite_slab":1,"minecraft:oak_leaves":150,"minecraft:azure_bluet":2,"minecraft:splash_potion":18,"minecraft:ladder":128,"minecraft:brown_mushroom":405,"minecraft:packed_ice":10966,"minecraft:pink_wool":4,"minecraft:stone_brick_wall":13,"minecraft:chain":16,"minecraft:shield":2,"minecraft:orange_stained_glass":3,"minecraft:moss_carpet":193,"minecraft:mycelium":613,"minecraft:blackstone":2041,"minecraft:magenta_wool":4,"minecraft:lime_wool":6,"minecraft:end_stone":1271,"minecraft:flowering_azalea_leaves":58,"minecraft:note_block":1,"minecraft:polished_blackstone_bricks":201,"minecraft:trident":19,"minecraft:stone_pressure_plate":4,"minecraft:tube_coral":193,"minecraft:weeping_vines":3,"minecraft:red_shulker_box":13,"minecraft:nether_bricks":118,"minecraft:pink_tulip":72,"minecraft:black_banner":1,"minecraft:skeleton_skull":9,"minecraft:netherite_boots":4,"minecraft:prismarine_slab":53,"minecraft:purple_dye":1,"minecraft:jungle_boat":8,"minecraft:basalt":845,"minecraft:golden_carrot":619,"minecraft:magenta_banner":8,"minecraft:leather":385,"minecraft:ice":1123,"minecraft:crimson_fungus":2,"minecraft:chainmail_chestplate":2,"minecraft:yellow_bed":2,"minecraft:cobbled_deepslate_stairs":4,"minecraft:gunpowder":2945,"minecraft:orange_terracotta":7,"minecraft:red_carpet":7,"minecraft:pearlescent_froglight":71,"minecraft:gray_carpet":39,"minecraft:deepslate_emerald_ore":2,"minecraft:rabbit_hide":9,"minecraft:spruce_wood":16,"minecraft:iron_ingot":257,"minecraft:cooked_chicken":59,"minecraft:prismarine_brick_slab":34,"minecraft:polished_andesite_slab":3,"minecraft:verdant_froglight":75,"minecraft:sculk_catalyst":55,"minecraft:tropical_fish_bucket":20,"minecraft:nether_quartz_ore":409,"minecraft:warped_fungus":34,"minecraft:black_candle":3,"minecraft:stone_brick_slab":1,"minecraft:quartz":2882,"minecraft:dandelion":94,"minecraft:lava_bucket":2,"minecraft:amethyst_shard":100,"minecraft:spruce_door":24,"minecraft:mangrove_leaves":343,"minecraft:pumpkin_seeds":8,"minecraft:sculk_sensor":286,"minecraft:terracotta":214,"minecraft:damaged_anvil":12,"minecraft:dark_oak_wood":3,"minecraft:sunflower":2,"minecraft:wooden_axe":2,"minecraft:seagrass":3,"minecraft:iron_chestplate":15,"minecraft:flower_pot":18,"minecraft:anvil":17,"minecraft:prismarine_shard":30,"minecraft:magenta_carpet":3,"minecraft:diamond_sword":5,"minecraft:oak_stairs":5,"minecraft:brewing_stand":9,"minecraft:golden_sword":61,"minecraft:polished_deepslate_wall":29,"minecraft:amethyst_block":310,"minecraft:dark_oak_trapdoor":13,"minecraft:soul_soil":63,"minecraft:cooked_salmon":86,"minecraft:red_nether_bricks":11,"minecraft:beetroot":2,"minecraft:gold_nugget":817,"minecraft:cobbled_deepslate":2742,"minecraft:black_glazed_terracotta":2,"minecraft:spruce_planks":1019,"minecraft:written_book":5,"minecraft:azalea_leaves":177,"minecraft:enchanted_golden_apple":2,"minecraft:melon_slice":333,"minecraft:coal_block":84,"minecraft:mangrove_log":187,"minecraft:dark_oak_door":21,"minecraft:golden_helmet":1,"minecraft:beehive":1,"minecraft:composter":12,"minecraft:warped_planks":2,"minecraft:rabbit_foot":5,"minecraft:gray_stained_glass_pane":2,"minecraft:light_blue_wool":36,"minecraft:iron_block":344,"minecraft:netherite_chestplate":3,"minecraft:birch_log":74,"minecraft:magma_block":98,"minecraft:oxidized_copper":250,"minecraft:iron_door":5,"minecraft:jungle_log":62,"minecraft:acacia_leaves":3,"minecraft:green_concrete_powder":120,"minecraft:smoker":2,"minecraft:netherite_leggings":5,"minecraft:gray_concrete":568,"minecraft:disc_fragment_5":5,"minecraft:light_gray_concrete_powder":4,"minecraft:twisting_vines":79,"minecraft:chipped_anvil":11,"minecraft:glowstone_dust":333,"minecraft:moss_block":388,"minecraft:gray_glazed_terracotta":2,"minecraft:warped_wart_block":505,"minecraft:ink_sac":296,"minecraft:loom":34,"minecraft:dark_oak_log":465,"minecraft:red_terracotta":8,"minecraft:barrel":65,"minecraft:white_candle":59,"minecraft:green_concrete":4,"minecraft:writable_book":12,"minecraft:deepslate_gold_ore":114,"minecraft:blue_ice":147,"minecraft:bread":156,"minecraft:dark_oak_fence":8,"minecraft:spruce_leaves":245,"minecraft:music_disc_5":4,"minecraft:crafting_table":137,"minecraft:coarse_dirt":90,"minecraft:bubble_coral_fan":189,"minecraft:purple_wool":4,"minecraft:nether_wart":133,"minecraft:stripped_mangrove_log":24,"minecraft:snow":2608,"minecraft:netherite_scrap":1,"minecraft:cracked_stone_bricks":4,"minecraft:deepslate_diamond_ore":114,"minecraft:music_disc_otherside":26,"minecraft:beef":31,"minecraft:cyan_wool":33,"minecraft:iron_nugget":20,"minecraft:quartz_stairs":8,"minecraft:chest":69,"minecraft:egg":94,"minecraft:sandstone":148,"minecraft:polished_deepslate_slab":153,"minecraft:oak_door":24,"minecraft:amethyst_cluster":173,"minecraft:spruce_fence":70,"minecraft:cake":6,"minecraft:carrot":2742,"minecraft:redstone":160,"minecraft:mushroom_stem":487,"minecraft:prismarine_crystals":17,"minecraft:tnt":40,"minecraft:cooked_cod":64,"minecraft:beetroot_seeds":5,"minecraft:peony":63,"minecraft:tube_coral_fan":191,"minecraft:diamond_boots":9,"minecraft:shears":7,"minecraft:deepslate_bricks":56,"minecraft:warped_sign":4,"minecraft:tube_coral_block":200,"minecraft:gold_ingot":186,"minecraft:white_shulker_box":58,"minecraft:glow_berries":96,"minecraft:white_wool":3024,"minecraft:stripped_oak_log":25,"minecraft:red_mushroom_block":564,"minecraft:red_mushroom":160,"minecraft:ochre_froglight":67,"minecraft:filled_map":6,"minecraft:oak_log":240,"minecraft:ancient_debris":153,"minecraft:golden_boots":3,"minecraft:white_banner":22,"minecraft:stone_bricks":19,"minecraft:kelp":958,"minecraft:cobweb":64,"minecraft:glass_bottle":20,"minecraft:iron_sword":2,"minecraft:flowering_azalea":74,"minecraft:dark_oak_slab":10,"minecraft:sculk":268,"minecraft:yellow_concrete":25,"minecraft:spyglass":8,"minecraft:gravel":2612,"minecraft:small_amethyst_bud":61,"minecraft:spruce_sapling":526,"minecraft:spruce_log":8757,"minecraft:sea_lantern":149,"minecraft:firework_rocket":1088,"minecraft:red_stained_glass":26,"minecraft:stone_axe":2,"minecraft:polished_diorite":6,"minecraft:gray_wool":58,"minecraft:warped_roots":89,"minecraft:crimson_nylium":1,"minecraft:melon_seeds":40,"minecraft:warped_nylium":74,"minecraft:stripped_dark_oak_log":4,"minecraft:mangrove_propagule":92,"minecraft:pink_dye":1,"minecraft:ender_pearl":7730,"minecraft:shulker_shell":204,"minecraft:chiseled_deepslate":7,"minecraft:wheat":332,"minecraft:exposed_copper":13,"minecraft:iron_trapdoor":6,"minecraft:potion":210,"minecraft:nether_brick":42,"minecraft:brain_coral_block":194,"minecraft:crimson_planks":38,"minecraft:raw_copper":1205,"minecraft:smooth_stone_slab":1,"minecraft:iron_leggings":19,"minecraft:zombie_head":12,"minecraft:pink_shulker_box":16,"minecraft:oak_sign":8,"minecraft:sea_pickle":1257,"minecraft:deepslate_tiles":50,"minecraft:black_shulker_box":165,"minecraft:dark_oak_leaves":10,"minecraft:redstone_torch":5,"minecraft:calcite":416,"minecraft:iron_boots":3,"minecraft:furnace":13,"minecraft:stick":330,"minecraft:orange_shulker_box":10,"minecraft:deepslate_brick_wall":12,"minecraft:brown_terracotta":5,"minecraft:oak_fence":6,"minecraft:torch":397,"minecraft:porkchop":38,"minecraft:snow_block":3694,"minecraft:target":1,"minecraft:music_disc_pigstep":1,"minecraft:pointed_dripstone":715,"minecraft:yellow_concrete_powder":4,"minecraft:blue_stained_glass":4,"minecraft:quartz_block":49,"minecraft:cactus":64,"minecraft:green_wool":4,"minecraft:fire_coral_fan":184,"minecraft:cod":49,"minecraft:nautilus_shell":16,"minecraft:crimson_hyphae":1,"minecraft:magma_cream":182,"minecraft:tuff":670,"minecraft:warped_trapdoor":119,"minecraft:horn_coral":190,"minecraft:wither_skeleton_skull":9,"minecraft:green_shulker_box":61,"minecraft:lapis_lazuli":426,"minecraft:polished_granite":1,"minecraft:leather_boots":2,"minecraft:cobbled_deepslate_wall":22,"minecraft:deepslate_brick_slab":8,"minecraft:raw_gold":1951,"minecraft:cobbled_deepslate_slab":24,"minecraft:bell":22,"minecraft:cyan_candle":7,"minecraft:oak_planks":271,"minecraft:stone_hoe":3,"minecraft:brain_coral":185,"minecraft:ghast_tear":42,"minecraft:pink_stained_glass":7,"minecraft:cooked_porkchop":200,"minecraft:poisonous_potato":4,"minecraft:axolotl_bucket":2,"minecraft:oak_pressure_plate":4,"minecraft:sand":4040,"minecraft:jungle_planks":52,"minecraft:lily_of_the_valley":169,"minecraft:shulker_box":311,"minecraft:orange_wool":4,"minecraft:dark_prismarine":198,"minecraft:dark_prismarine_slab":58,"minecraft:spruce_fence_gate":34,"minecraft:mangrove_wood":7,"minecraft:clay":645,"minecraft:diamond":888,"minecraft:spruce_boat":106,"minecraft:white_concrete":377,"minecraft:oak_sapling":9,"minecraft:bubble_coral_block":193,"minecraft:nether_star":3,"minecraft:end_stone_bricks":34,"minecraft:cocoa_beans":234,"minecraft:mud_brick_slab":8,"minecraft:allium":66,"minecraft:chicken":3,"minecraft:cooked_rabbit":227,"minecraft:gold_block":132,"minecraft:diamond_horse_armor":3,"minecraft:orange_concrete":24,"minecraft:iron_axe":4,"minecraft:quartz_slab":23,"minecraft:item_frame":4,"minecraft:cyan_carpet":39,"minecraft:candle":373,"minecraft:mossy_cobblestone_wall":19,"minecraft:andesite_stairs":13,"minecraft:oak_boat":30,"minecraft:player_head":607,"minecraft:light_gray_wool":3,"minecraft:lectern":937,"minecraft:blue_shulker_box":19,"minecraft:sugar_cane":4104,"minecraft:phantom_membrane":173,"minecraft:spruce_trapdoor":93,"minecraft:dark_oak_sapling":2,"minecraft:raw_iron":2840,"minecraft:copper_ingot":26,"minecraft:brown_glazed_terracotta":2,"minecraft:bowl":176,"minecraft:quartz_pillar":1,"minecraft:dark_oak_planks":24,"minecraft:arrow":829,"minecraft:saddle":25,"minecraft:wet_sponge":111,"minecraft:crimson_stem":202,"minecraft:glow_ink_sac":163,"minecraft:salmon":23,"minecraft:cut_sandstone":6,"minecraft:birch_planks":7,"minecraft:mushroom_stew":2,"minecraft:nether_wart_block":2,"minecraft:cobblestone_stairs":12,"minecraft:deepslate_tile_slab":19,"minecraft:podzol":8,"minecraft:fire_coral_block":201,"minecraft:soul_sand":266,"minecraft:acacia_sapling":48,"minecraft:book":450,"minecraft:oak_slab":17,"minecraft:scaffolding":772,"minecraft:pumpkin":72,"minecraft:raw_iron_block":26,"minecraft:dripstone_block":337,"minecraft:brain_coral_fan":187,"minecraft:blast_furnace":4,"minecraft:white_bed":31,"minecraft:gold_ore":129,"minecraft:green_carpet":2,"minecraft:spider_eye":139,"minecraft:lime_dye":6,"minecraft:campfire":107,"minecraft:honey_block":7,"minecraft:dead_bubble_coral_block":2,"minecraft:iron_helmet":14,"minecraft:black_wool":4,"minecraft:coal":2978}},"DataVersion":3120}