{"stats":{"minecraft:broken":{"minecraft:diamond_shovel":4,"minecraft:fishing_rod":6,"minecraft:iron_pickaxe":4,"minecraft:iron_shovel":1,"minecraft:stone_axe":1,"minecraft:golden_sword":1,"minecraft:bow":1,"minecraft:iron_axe":2,"minecraft:leather_boots":1},"minecraft:killed_by":{"minecraft:ravager":1,"minecraft:zombie":1,"minecraft:warden":3,"minecraft:vindicator":1,"minecraft:vex":2,"minecraft:creeper":1,"minecraft:player":12,"minecraft:iron_golem":1},"minecraft:crafted":{"minecraft:lime_stained_glass":128,"minecraft:black_dye":2,"minecraft:oak_sign":21,"minecraft:melon":8661,"minecraft:blaze_powder":678,"minecraft:birch_boat":4,"minecraft:chain":13,"minecraft:diamond_shovel":55,"minecraft:shulker_box":143,"minecraft:diamond_helmet":69,"minecraft:stone_pressure_plate":6,"minecraft:tipped_arrow":1010,"minecraft:name_tag":49,"minecraft:white_shulker_box":21,"minecraft:turtle_helmet":8,"minecraft:redstone_lamp":28,"minecraft:end_rod":76,"minecraft:lime_banner":3,"minecraft:smithing_table":1,"minecraft:sticky_piston":91,"minecraft:fletching_table":2,"minecraft:stone_brick_stairs":16,"minecraft:lectern":34,"minecraft:golden_leggings":7,"minecraft:stone_slab":60,"minecraft:iron_pickaxe":8,"minecraft:composter":22,"minecraft:jungle_sign":15,"minecraft:golden_carrot":11388,"minecraft:orange_shulker_box":6,"minecraft:iron_nugget":27,"minecraft:experience_bottle":636,"minecraft:diamond_hoe":3,"minecraft:blue_shulker_box":3,"minecraft:lime_stained_glass_pane":336,"minecraft:spruce_fence":3,"minecraft:lantern":225,"minecraft:light_gray_shulker_box":3,"minecraft:polished_diorite":32,"minecraft:black_concrete_powder":32,"minecraft:red_shulker_box":3,"minecraft:stone_pickaxe":2,"minecraft:quartz_slab":42,"minecraft:spruce_boat":13,"minecraft:leather_helmet":99,"minecraft:dark_oak_button":1,"minecraft:red_carpet":192,"minecraft:deepslate_tiles":444,"minecraft:enchanted_book":5442,"minecraft:orange_dye":67,"minecraft:oak_chest_boat":1,"minecraft:warped_sign":3,"minecraft:fermented_spider_eye":6,"minecraft:writable_book":4,"minecraft:iron_shovel":1,"minecraft:armor_stand":32,"minecraft:grindstone":2,"minecraft:cobblestone_slab":48,"minecraft:barrel":45,"minecraft:cooked_chicken":1,"minecraft:stone":28,"minecraft:snow":1216,"minecraft:heavy_weighted_pressure_plate":2,"minecraft:quartz_pillar":84,"minecraft:cake":559,"minecraft:polished_blackstone_button":20,"minecraft:bow":54,"minecraft:comparator":1,"minecraft:chest":522,"minecraft:oak_button":1,"minecraft:copper_block":14,"minecraft:rail":1424,"minecraft:bricks":1059,"minecraft:birch_button":1,"minecraft:ender_eye":690,"minecraft:stone_bricks":576,"minecraft:golden_boots":6,"minecraft:dropper":12,"minecraft:arrow":1120,"minecraft:iron_helmet":1,"minecraft:brown_dye":1,"minecraft:chainmail_chestplate":20,"minecraft:dispenser":10,"minecraft:apple":404,"minecraft:tnt":1736,"minecraft:spruce_trapdoor":14,"minecraft:yellow_dye":14,"minecraft:purple_dye":152,"minecraft:stick":4072,"minecraft:iron_ingot":2306,"minecraft:light_blue_shulker_box":12,"minecraft:dark_oak_fence_gate":4,"minecraft:deepslate_bricks":632,"minecraft:orange_glazed_terracotta":14,"minecraft:stone_brick_wall":30,"minecraft:fishing_rod":7,"minecraft:leather_boots":17,"minecraft:golden_chestplate":13,"minecraft:spruce_button":1,"minecraft:furnace":10,"minecraft:piston":48,"minecraft:mushroom_stew":1,"minecraft:oak_trapdoor":2,"minecraft:flint_and_steel":2,"minecraft:scaffolding":179,"minecraft:cobblestone_wall":450,"minecraft:brown_shulker_box":3,"minecraft:smooth_quartz_slab":120,"minecraft:honey_block":22,"minecraft:birch_sign":108,"minecraft:magma_cream":1,"minecraft:purple_stained_glass":64,"minecraft:purple_shulker_box":47,"minecraft:iron_sword":2,"minecraft:cooked_salmon":3,"minecraft:jungle_planks":828,"minecraft:white_dye":106,"minecraft:black_carpet":576,"minecraft:stonecutter":5,"minecraft:anvil":137,"minecraft:torch":180,"minecraft:diamond_chestplate":61,"minecraft:ender_chest":678,"minecraft:jungle_button":136,"minecraft:smooth_stone":91,"minecraft:oak_pressure_plate":1,"minecraft:birch_slab":78,"minecraft:slime_block":256,"minecraft:loom":2,"minecraft:lever":2,"minecraft:bookshelf":6635,"minecraft:cooked_mutton":3,"minecraft:iron_bars":32,"minecraft:deepslate_brick_stairs":100,"minecraft:magenta_shulker_box":4,"minecraft:quartz_block":1199,"minecraft:glass":1660,"minecraft:repeater":240,"minecraft:diamond_leggings":67,"minecraft:polished_blackstone":20,"minecraft:magenta_dye":6,"minecraft:cooked_rabbit":1,"minecraft:gray_bed":1,"minecraft:glass_bottle":72,"minecraft:furnace_minecart":1,"minecraft:deepslate":3,"minecraft:wooden_shovel":1,"minecraft:emerald":43893,"minecraft:cooked_porkchop":7,"minecraft:diamond_axe":49,"minecraft:spruce_door":3,"minecraft:clock":2,"minecraft:copper_ingot":11,"minecraft:campfire":1,"minecraft:lime_shulker_box":2,"minecraft:compass":207,"minecraft:iron_block":580,"minecraft:gold_ingot":13416,"minecraft:light_gray_dye":1,"minecraft:stone_shovel":87,"minecraft:smooth_stone_slab":42,"minecraft:leather_leggings":17,"minecraft:player_head":37,"minecraft:bone_meal":72,"minecraft:pink_dye":68,"minecraft:diamond":1557,"minecraft:dark_oak_fence":102,"minecraft:ladder":21,"minecraft:spruce_slab":144,"minecraft:blue_banner":2,"minecraft:ender_pearl":485,"minecraft:diamond_boots":67,"minecraft:cobbled_deepslate_stairs":4,"minecraft:redstone_block":20,"minecraft:jungle_fence":33,"minecraft:dark_oak_planks":360,"minecraft:golden_helmet":6,"minecraft:wheat":846,"minecraft:dripstone_block":32,"minecraft:firework_star":2472,"minecraft:purple_stained_glass_pane":160,"minecraft:crossbow":12,"minecraft:netherite_pickaxe":1,"minecraft:polished_granite":32,"minecraft:glowstone":398,"minecraft:jungle_slab":120,"minecraft:golden_apple":363,"minecraft:gray_shulker_box":2,"minecraft:cyan_shulker_box":5,"minecraft:deepslate_tile_stairs":208,"minecraft:iron_leggings":2,"minecraft:white_bed":17,"minecraft:brick":4180,"minecraft:oak_planks":3196,"minecraft:dark_oak_boat":2,"minecraft:pink_shulker_box":2,"minecraft:cobblestone_stairs":12,"minecraft:suspicious_stew":29,"minecraft:dark_oak_door":24,"minecraft:hopper":274,"minecraft:iron_boots":12,"minecraft:written_book":7,"minecraft:chiseled_stone_bricks":176,"minecraft:smoker":4,"minecraft:quartz_stairs":8,"minecraft:oak_slab":120,"minecraft:item_frame":40,"minecraft:map":207,"minecraft:crafting_table":29,"minecraft:spruce_planks":3800,"minecraft:wooden_pickaxe":2,"minecraft:baked_potato":128,"minecraft:gold_block":1088,"minecraft:brewing_stand":6,"minecraft:birch_planks":1168,"minecraft:black_shulker_box":2,"minecraft:brown_glazed_terracotta":14,"minecraft:dark_oak_slab":6,"minecraft:iron_chestplate":2,"minecraft:paper":6196,"minecraft:diamond_pickaxe":74,"minecraft:emerald_block":1229,"minecraft:shield":33,"minecraft:light_blue_dye":33,"minecraft:leather_chestplate":24,"minecraft:stone_sword":1,"minecraft:snow_block":4295,"minecraft:green_shulker_box":2,"minecraft:redstone_torch":246,"minecraft:shears":23,"minecraft:cookie":432,"minecraft:redstone":1279,"minecraft:coal":252,"minecraft:popped_chorus_fruit":19,"minecraft:stone_button":42,"minecraft:jungle_trapdoor":28,"minecraft:gray_dye":6,"minecraft:dark_oak_sign":9,"minecraft:diamond_block":193,"minecraft:glass_pane":32,"minecraft:yellow_shulker_box":13,"minecraft:polished_deepslate":636,"minecraft:iron_axe":5,"minecraft:slime_ball":72,"minecraft:lime_dye":16,"minecraft:filled_map":178,"minecraft:gray_banner":5,"minecraft:observer":33,"minecraft:blue_glazed_terracotta":7,"minecraft:minecart":24,"minecraft:cooked_beef":3,"minecraft:sugar":6,"minecraft:red_dye":362,"minecraft:cooked_cod":8,"minecraft:diamond_sword":47,"minecraft:spruce_sign":39,"minecraft:powered_rail":60,"minecraft:activator_rail":6,"minecraft:bell":2669,"minecraft:bucket":15,"minecraft:stone_axe":12,"minecraft:bread":1911,"minecraft:air":0,"minecraft:blue_dye":16,"minecraft:oak_boat":21,"minecraft:white_wool":2,"minecraft:gold_nugget":252,"minecraft:pumpkin_pie":2948,"minecraft:firework_rocket":8328},"minecraft:custom":{"minecraft:interact_with_crafting_table":1275,"minecraft:damage_blocked_by_shield":2615,"minecraft:play_time":20359748,"minecraft:deaths":33,"minecraft:jump":237532,"minecraft:play_record":17,"minecraft:interact_with_cartography_table":13,"minecraft:interact_with_smoker":4,"minecraft:inspect_dispenser":80,"minecraft:horse_one_cm":111855,"minecraft:inspect_dropper":465,"minecraft:interact_with_anvil":1195,"minecraft:inspect_hopper":372,"minecraft:tune_noteblock":709,"minecraft:time_since_rest":5733,"minecraft:swim_one_cm":1175433,"minecraft:open_chest":18532,"minecraft:open_shulker_box":7094,"minecraft:clean_armor":12,"minecraft:damage_resisted":2366,"minecraft:play_noteblock":129,"minecraft:talked_to_villager":10282,"minecraft:interact_with_brewingstand":226,"minecraft:interact_with_beacon":13,"minecraft:fill_cauldron":2,"minecraft:interact_with_campfire":26,"minecraft:raid_win":4,"minecraft:boat_one_cm":76745545,"minecraft:damage_taken":107969,"minecraft:aviate_one_cm":112739127,"minecraft:open_barrel":5558,"minecraft:bell_ring":456,"minecraft:eat_cake_slice":15,"minecraft:leave_game":626,"minecraft:time_since_death":5712,"minecraft:enchant_item":3,"minecraft:interact_with_furnace":361,"minecraft:traded_with_villager":56275,"minecraft:sleep_in_bed":193,"minecraft:damage_dealt":615838,"minecraft:interact_with_smithing_table":14,"minecraft:damage_dealt_absorbed":13,"minecraft:sneak_time":680011,"minecraft:interact_with_lectern":148,"minecraft:interact_with_blast_furnace":20,"minecraft:total_world_time":20359748,"minecraft:interact_with_stonecutter":3,"minecraft:fly_one_cm":56401873,"minecraft:fish_caught":41,"minecraft:fall_one_cm":6511666,"minecraft:sprint_one_cm":62572620,"minecraft:drop":5376,"minecraft:walk_on_water_one_cm":681813,"minecraft:interact_with_loom":28,"minecraft:open_enderchest":1964,"minecraft:player_kills":4,"minecraft:crouch_one_cm":2223364,"minecraft:mob_kills":29898,"minecraft:climb_one_cm":1236369,"minecraft:walk_one_cm":43459655,"minecraft:walk_under_water_one_cm":1485833,"minecraft:pot_flower":11,"minecraft:interact_with_grindstone":95,"minecraft:damage_absorbed":698,"minecraft:minecart_one_cm":136810,"minecraft:pig_one_cm":336},"minecraft:killed":{"minecraft:guardian":6,"minecraft:skeleton_horse":8,"minecraft:salmon":2,"minecraft:iron_golem":6,"minecraft:pillager":32,"minecraft:goat":1,"minecraft:zombie":111,"minecraft:evoker":7,"minecraft:vindicator":25,"minecraft:endermite":1,"minecraft:husk":6,"minecraft:rabbit":2,"minecraft:ravager":7,"minecraft:zombified_piglin":28793,"minecraft:witch":7,"minecraft:spider":38,"minecraft:wither":4,"minecraft:piglin":12,"minecraft:zombie_villager":4,"minecraft:sheep":8,"minecraft:mooshroom":6,"minecraft:ghast":12,"minecraft:vex":19,"minecraft:slime":4,"minecraft:drowned":10,"minecraft:hoglin":1,"minecraft:squid":19,"minecraft:wither_skeleton":6,"minecraft:pufferfish":1,"minecraft:shulker":15,"minecraft:skeleton":129,"minecraft:chicken":9,"minecraft:magma_cube":16,"minecraft:glow_squid":35,"minecraft:cow":12,"minecraft:enderman":203,"minecraft:pig":6,"minecraft:creeper":55,"minecraft:blaze":17,"minecraft:phantom":136,"minecraft:bat":3},"minecraft:used":{"minecraft:moss_block":16,"minecraft:writable_book":239,"minecraft:smooth_quartz_slab":167,"minecraft:dispenser":26,"minecraft:poppy":3,"minecraft:black_carpet":84,"minecraft:stone":5779,"minecraft:quartz_stairs":24,"minecraft:rotten_flesh":2,"minecraft:soul_sand":3,"minecraft:lily_of_the_valley":17,"minecraft:cut_copper":3,"minecraft:snowball":109,"minecraft:azure_bluet":7,"minecraft:weeping_vines":3,"minecraft:spruce_boat":393,"minecraft:packed_ice":130,"minecraft:lava_bucket":17,"minecraft:lime_banner":7,"minecraft:quartz_pillar":1,"minecraft:red_wool":84,"minecraft:quartz_block":308,"minecraft:dark_oak_slab":10,"minecraft:netherite_boots":1,"minecraft:bow":1769,"minecraft:cooked_cod":24,"minecraft:gray_banner":12,"minecraft:deepslate_brick_wall":2,"minecraft:leather_leggings":4,"minecraft:damaged_anvil":5,"minecraft:chorus_fruit":14,"minecraft:blackstone":2,"minecraft:wooden_pickaxe":7,"minecraft:leather_chestplate":7,"minecraft:composter":306,"minecraft:jungle_boat":71,"minecraft:golden_apple":19,"minecraft:blast_furnace":13,"minecraft:cyan_dye":7,"minecraft:chiseled_quartz_block":2,"minecraft:deepslate_brick_stairs":107,"minecraft:gray_stained_glass_pane":3,"minecraft:birch_slab":43,"minecraft:deepslate_iron_ore":13,"minecraft:oak_pressure_plate":8,"minecraft:flowering_azalea_leaves":63,"minecraft:nether_wart_block":1,"minecraft:diamond_sword":7715,"minecraft:coal_block":2,"minecraft:smithing_table":21,"minecraft:birch_log":4,"minecraft:oak_boat":1053,"minecraft:oak_trapdoor":14,"minecraft:enchanting_table":1,"minecraft:carved_pumpkin":2,"minecraft:armor_stand":111,"minecraft:tinted_glass":2,"minecraft:cooked_salmon":3,"minecraft:torch":65,"minecraft:brewing_stand":31,"minecraft:light_blue_dye":3,"minecraft:yellow_carpet":1,"minecraft:sea_lantern":43,"minecraft:chipped_anvil":8,"minecraft:filled_map":2,"minecraft:iron_block":170,"minecraft:light_weighted_pressure_plate":1,"minecraft:jungle_log":1,"minecraft:barrel":138,"minecraft:bamboo":14,"minecraft:diamond_chestplate":5,"minecraft:acacia_planks":9,"minecraft:calcite":1,"minecraft:wheat_seeds":1326,"minecraft:light_blue_shulker_box":106,"minecraft:birch_planks":64,"minecraft:blue_concrete_powder":64,"minecraft:glow_ink_sac":62,"minecraft:leather_boots":10,"minecraft:deepslate_bricks":4,"minecraft:diamond_block":123,"minecraft:rail":1500,"minecraft:campfire":1,"minecraft:white_bed":69,"minecraft:spruce_log":45,"minecraft:music_disc_strad":1,"minecraft:mushroom_stem":73,"minecraft:light_blue_candle":8,"minecraft:yellow_dye":1,"minecraft:diamond_pickaxe":10441,"minecraft:diamond_shovel":28150,"minecraft:acacia_sign":3,"minecraft:oak_button":1,"minecraft:suspicious_stew":21,"minecraft:leather_helmet":7,"minecraft:spruce_trapdoor":69,"minecraft:spruce_sapling":8,"minecraft:green_carpet":1,"minecraft:potion":46,"minecraft:azalea_leaves":120,"minecraft:purple_bed":41,"minecraft:cooked_porkchop":7,"minecraft:dandelion":1,"minecraft:diamond_leggings":6,"minecraft:moss_carpet":5,"minecraft:polished_deepslate":3,"minecraft:melon":196,"minecraft:bone_block":2,"minecraft:polished_basalt":8,"minecraft:nether_wart":19,"minecraft:spruce_leaves":12,"minecraft:jungle_planks":12,"minecraft:furnace_minecart":1,"minecraft:obsidian":1047,"minecraft:lantern":77,"minecraft:item_frame":154,"minecraft:birch_button":266,"minecraft:golden_sword":33,"minecraft:written_book":1729,"minecraft:mangrove_roots":75,"minecraft:jungle_button":208,"minecraft:blue_shulker_box":16,"minecraft:gold_block":1088,"minecraft:end_rod":39,"minecraft:diamond_boots":5,"minecraft:dropper":92,"minecraft:stone_pickaxe":197,"minecraft:gray_carpet":2,"minecraft:jungle_fence":54,"minecraft:oak_planks":98,"minecraft:sandstone":4,"minecraft:diamond_axe":11111,"minecraft:sugar_cane":113,"minecraft:white_wool":3,"minecraft:lime_stained_glass_pane":451,"minecraft:mushroom_stew":3,"minecraft:light_blue_wool":8,"minecraft:crossbow":5,"minecraft:end_stone":101,"minecraft:sticky_piston":247,"minecraft:lever":8,"minecraft:dark_oak_log":81,"minecraft:bread":27,"minecraft:iron_door":7,"minecraft:deepslate":452,"minecraft:pufferfish_bucket":1,"minecraft:cooked_rabbit":3,"minecraft:chain":39,"minecraft:smooth_stone_slab":5,"minecraft:flint_and_steel":17,"minecraft:redstone":978,"minecraft:ender_chest":89,"minecraft:brown_shulker_box":20,"minecraft:cooked_chicken":31,"minecraft:dirt":5068,"minecraft:spruce_fence":1,"minecraft:smooth_sandstone":204,"minecraft:iron_boots":2,"minecraft:deepslate_tile_stairs":351,"minecraft:minecart":43,"minecraft:netherite_pickaxe":22246,"minecraft:cooked_beef":20,"minecraft:powder_snow_bucket":6,"minecraft:pumpkin":1246,"minecraft:iron_leggings":2,"minecraft:cobbled_deepslate_wall":7,"minecraft:quartz_bricks":50,"minecraft:cobblestone_stairs":13,"minecraft:snow_block":10,"minecraft:baked_potato":24,"minecraft:birch_boat":132,"minecraft:brown_mushroom":2,"minecraft:spruce_sign":48,"minecraft:music_disc_cat":2,"minecraft:brown_glazed_terracotta":4,"minecraft:magenta_carpet":7,"minecraft:piston":120,"minecraft:netherite_block":3,"minecraft:flower_pot":1,"minecraft:black_wool":1,"minecraft:lapis_ore":2,"minecraft:jungle_stairs":4,"minecraft:stone_slab":23,"minecraft:yellow_wool":55,"minecraft:stone_axe":177,"minecraft:magenta_banner":9,"minecraft:cyan_stained_glass_pane":27,"minecraft:pink_shulker_box":4,"minecraft:pumpkin_pie":18,"minecraft:birch_stairs":3,"minecraft:orange_dye":1,"minecraft:spruce_slab":110,"minecraft:elytra":16,"minecraft:ladder":29,"minecraft:chest":346,"minecraft:brown_concrete":1,"minecraft:white_shulker_box":119,"minecraft:jungle_slab":9,"minecraft:yellow_candle":61,"minecraft:stripped_spruce_log":3,"minecraft:honey_block":238,"minecraft:grass_block":1,"minecraft:birch_sapling":2,"minecraft:orange_shulker_box":19,"minecraft:dark_oak_button":1,"minecraft:blue_banner":10,"minecraft:pink_wool":35,"minecraft:stone_brick_stairs":21,"minecraft:snow":1775,"minecraft:dark_oak_boat":96,"minecraft:sweet_berries":93,"minecraft:furnace":14,"minecraft:egg":21,"minecraft:magenta_shulker_box":4,"minecraft:diorite":121,"minecraft:warped_fungus_on_a_stick":4,"minecraft:spruce_door":8,"minecraft:red_stained_glass":1,"minecraft:acacia_trapdoor":1,"minecraft:powered_rail":69,"minecraft:orange_tulip":2,"minecraft:cookie":39,"minecraft:dark_oak_trapdoor":2,"minecraft:blue_dye":5,"minecraft:sand":25,"minecraft:blue_ice":131,"minecraft:netherite_helmet":1,"minecraft:black_concrete_powder":34,"minecraft:deepslate_tiles":167,"minecraft:crying_obsidian":186,"minecraft:stone_button":519,"minecraft:cyan_carpet":2,"minecraft:lectern":2053,"minecraft:red_terracotta":13,"minecraft:polished_andesite_slab":2,"minecraft:magenta_stained_glass_pane":8,"minecraft:dark_oak_fence":255,"minecraft:ice":6,"minecraft:iron_bars":12,"minecraft:stone_sword":46,"minecraft:mycelium":123,"minecraft:netherrack":2071,"minecraft:light_gray_shulker_box":61,"minecraft:anvil":100,"minecraft:ancient_debris":6,"minecraft:twisting_vines":25,"minecraft:jungle_trapdoor":42,"minecraft:blue_concrete":323,"minecraft:red_shulker_box":78,"minecraft:flowering_azalea":5,"minecraft:cyan_shulker_box":20,"minecraft:iron_axe":680,"minecraft:slime_block":238,"minecraft:spruce_button":3,"minecraft:smooth_quartz":52,"minecraft:lime_dye":6,"minecraft:totem_of_undying":7,"minecraft:smooth_basalt":1,"minecraft:tripwire_hook":2,"minecraft:glowstone":65,"minecraft:oxidized_copper":1,"minecraft:observer":324,"minecraft:cobbled_deepslate":22,"minecraft:magenta_dye":1,"minecraft:water_bucket":237,"minecraft:yellow_shulker_box":72,"minecraft:cartography_table":2,"minecraft:red_mushroom_block":155,"minecraft:fletching_table":11,"minecraft:cracked_stone_bricks":3,"minecraft:comparator":199,"minecraft:oak_slab":32,"minecraft:tnt":44,"minecraft:crafting_table":45,"minecraft:birch_sign":238,"minecraft:cod":1,"minecraft:dark_oak_fence_gate":4,"minecraft:lime_shulker_box":4,"minecraft:cake":180,"minecraft:oak_log":5,"minecraft:iron_pickaxe":1268,"minecraft:cobblestone":3036,"minecraft:glass_pane":1,"minecraft:dark_oak_chest_boat":1,"minecraft:kelp":115,"minecraft:brown_mushroom_block":30,"minecraft:light_gray_dye":1,"minecraft:iron_shovel":249,"minecraft:oak_sign":81,"minecraft:white_concrete_powder":349,"minecraft:shield":69,"minecraft:white_terracotta":2,"minecraft:iron_sword":277,"minecraft:purple_shulker_box":209,"minecraft:bell":40,"minecraft:player_head":59,"minecraft:sculk_sensor":1,"minecraft:iron_chestplate":2,"minecraft:white_candle":2,"minecraft:deepslate_tile_slab":7,"minecraft:tuff":8,"minecraft:axolotl_bucket":2,"minecraft:milk_bucket":70,"minecraft:glass":85,"minecraft:coal_ore":30,"minecraft:quartz_slab":192,"minecraft:iron_helmet":2,"minecraft:dark_oak_wood":56,"minecraft:stone_bricks":897,"minecraft:red_carpet":191,"minecraft:repeater":269,"minecraft:redstone_lamp":19,"minecraft:magma_block":6,"minecraft:scaffolding":339,"minecraft:gray_bed":1,"minecraft:oak_chest_boat":7,"minecraft:dark_oak_sign":8,"minecraft:ender_pearl":66,"minecraft:redstone_block":101,"minecraft:blue_bed":19,"minecraft:loom":3,"minecraft:deepslate_redstone_ore":4,"minecraft:blackstone_wall":2,"minecraft:dripstone_block":1,"minecraft:note_block":14,"minecraft:stone_brick_wall":26,"minecraft:shears":101,"minecraft:cobbled_deepslate_stairs":6,"minecraft:redstone_torch":186,"minecraft:black_concrete":33,"minecraft:firework_rocket":3105,"minecraft:gray_shulker_box":8,"minecraft:heavy_weighted_pressure_plate":2,"minecraft:cyan_bed":1,"minecraft:melon_slice":20,"minecraft:string":5,"minecraft:gravel":78,"minecraft:golden_helmet":1,"minecraft:jungle_sign":16,"minecraft:grindstone":7,"minecraft:andesite":434,"minecraft:white_concrete":2,"minecraft:tropical_fish_bucket":1,"minecraft:warped_button":2,"minecraft:experience_bottle":78,"minecraft:azalea":9,"minecraft:oak_fence":3,"minecraft:trident":9,"minecraft:music_disc_otherside":14,"minecraft:stone_shovel":10,"minecraft:spruce_planks":792,"minecraft:wooden_shovel":7,"minecraft:spyglass":791,"minecraft:white_carpet":22,"minecraft:hopper":297,"minecraft:spruce_stairs":16,"minecraft:cobblestone_wall":1179,"minecraft:diamond_helmet":3,"minecraft:shulker_box":348,"minecraft:granite":40,"minecraft:light_blue_stained_glass":1,"minecraft:purple_stained_glass_pane":148,"minecraft:stone_brick_slab":6,"minecraft:dark_oak_planks":3,"minecraft:red_tulip":1,"minecraft:bookshelf":6215,"minecraft:golden_carrot":2350,"minecraft:emerald_block":321,"minecraft:cyan_banner":1,"minecraft:stone_pressure_plate":6,"minecraft:red_dye":11,"minecraft:cooked_mutton":3,"minecraft:acacia_boat":14,"minecraft:iron_ore":80,"minecraft:amethyst_block":19,"minecraft:pink_tulip":1,"minecraft:glass_bottle":88,"minecraft:netherite_chestplate":2,"minecraft:blue_wool":19,"minecraft:copper_block":13,"minecraft:black_shulker_box":4,"minecraft:white_dye":53,"minecraft:beacon":3,"minecraft:stonecutter":32,"minecraft:cobblestone_slab":47,"minecraft:glow_item_frame":1,"minecraft:smoker":3,"minecraft:apple":8,"minecraft:map":11,"minecraft:netherite_axe":181,"minecraft:purple_dye":34,"minecraft:green_shulker_box":7,"minecraft:fishing_rod":808,"minecraft:white_banner":22,"minecraft:red_banner":1,"minecraft:bucket":276,"minecraft:polished_blackstone_button":21,"minecraft:smooth_stone":7,"minecraft:splash_potion":70,"minecraft:lime_candle":24},"minecraft:mined":{"minecraft:dragon_wall_head":2,"minecraft:red_shulker_box":75,"minecraft:white_bed":63,"minecraft:fire_coral_wall_fan":1,"minecraft:cyan_shulker_box":16,"minecraft:granite":61,"minecraft:oak_pressure_plate":5,"minecraft:blue_wool":6,"minecraft:oak_wall_sign":51,"minecraft:nether_wart":18,"minecraft:magma_block":16,"minecraft:dark_oak_trapdoor":2,"minecraft:barrel":106,"minecraft:cobbled_deepslate":24,"minecraft:fire":79,"minecraft:deepslate_lapis_ore":2,"minecraft:fletching_table":10,"minecraft:twisting_vines":11,"minecraft:green_carpet":1,"minecraft:white_shulker_box":110,"minecraft:white_banner":13,"minecraft:player_head":13,"minecraft:tripwire":427,"minecraft:jungle_trapdoor":14,"minecraft:jungle_button":5,"minecraft:magenta_carpet":5,"minecraft:kelp_plant":41,"minecraft:deepslate_brick_wall":2,"minecraft:smoker":2,"minecraft:crimson_nylium":5,"minecraft:deepslate_tile_slab":11,"minecraft:powder_snow":22,"minecraft:torch":35,"minecraft:note_block":6,"minecraft:dark_oak_wood":6,"minecraft:oxidized_copper":1,"minecraft:melon":2,"minecraft:dead_bush":61,"minecraft:spruce_wall_sign":17,"minecraft:smooth_quartz_slab":47,"minecraft:white_candle":1,"minecraft:lime_shulker_box":2,"minecraft:sugar_cane":838,"minecraft:amethyst_block":19,"minecraft:white_terracotta":2,"minecraft:chain":39,"minecraft:repeater":83,"minecraft:tinted_glass":2,"minecraft:grass":87,"minecraft:birch_button":8,"minecraft:smooth_quartz":23,"minecraft:smooth_basalt":4,"minecraft:deepslate":270,"minecraft:deepslate_tiles":42,"minecraft:brown_concrete":1,"minecraft:light_blue_wool":9,"minecraft:dark_oak_log":104,"minecraft:sea_lantern":63,"minecraft:end_stone":254,"minecraft:dark_oak_fence":219,"minecraft:spruce_fence":1,"minecraft:redstone_wire":269,"minecraft:red_mushroom":11,"minecraft:cartography_table":2,"minecraft:white_concrete_powder":19,"minecraft:redstone_ore":10,"minecraft:acacia_trapdoor":7,"minecraft:andesite":713,"minecraft:cobblestone_slab":16,"minecraft:vine":8,"minecraft:rail":724,"minecraft:bone_block":2,"minecraft:fire_coral_block":2,"minecraft:ender_chest":73,"minecraft:oak_slab":26,"minecraft:birch_stairs":2,"minecraft:redstone_block":79,"minecraft:glass_pane":14,"minecraft:soul_sand":8,"minecraft:polished_blackstone_brick_wall":3,"minecraft:dandelion":3,"minecraft:campfire":1,"minecraft:purpur_pillar":11,"minecraft:tall_grass":15,"minecraft:copper_ore":25,"minecraft:diorite":230,"minecraft:red_terracotta":13,"minecraft:cobblestone_wall":948,"minecraft:dark_oak_wall_sign":1,"minecraft:gravel":376,"minecraft:birch_sign":4,"minecraft:stone_bricks":596,"minecraft:chipped_anvil":9,"minecraft:gold_ore":11,"minecraft:fern":2,"minecraft:stone_pressure_plate":4,"minecraft:magenta_banner":8,"minecraft:brewing_stand":29,"minecraft:spruce_trapdoor":172,"minecraft:lime_banner":2,"minecraft:white_concrete":2,"minecraft:polished_diorite":1,"minecraft:composter":292,"minecraft:red_tulip":1,"minecraft:pointed_dripstone":8,"minecraft:iron_bars":29,"minecraft:azalea":5,"minecraft:spruce_slab":57,"minecraft:netherite_block":3,"minecraft:deepslate_redstone_ore":4,"minecraft:brown_shulker_box":15,"minecraft:quartz_block":567,"minecraft:magenta_wall_banner":1,"minecraft:jungle_stairs":4,"minecraft:beacon":4,"minecraft:nether_quartz_ore":17,"minecraft:oak_planks":43,"minecraft:wall_torch":36,"minecraft:light_weighted_pressure_plate":1,"minecraft:powered_rail":24,"minecraft:dark_oak_slab":9,"minecraft:blue_ice":56,"minecraft:tnt":15,"minecraft:smooth_stone_slab":3,"minecraft:oak_log":214,"minecraft:dirt":1358,"minecraft:dispenser":17,"minecraft:ancient_debris":10,"minecraft:crying_obsidian":287,"minecraft:quartz_stairs":24,"minecraft:dark_oak_leaves":5,"minecraft:red_stained_glass":1,"minecraft:mangrove_roots":1,"minecraft:lever":16,"minecraft:ladder":5,"minecraft:stone_button":57,"minecraft:yellow_candle":3,"minecraft:brown_mushroom_block":249,"minecraft:birch_slab":47,"minecraft:spruce_leaves":121,"minecraft:hay_block":1,"minecraft:polished_basalt":8,"minecraft:light_gray_shulker_box":55,"minecraft:gray_wall_banner":2,"minecraft:gold_block":512,"minecraft:bookshelf":6198,"minecraft:lime_wall_banner":2,"minecraft:deepslate_iron_ore":32,"minecraft:scaffolding":42,"minecraft:magenta_stained_glass":7,"minecraft:snow_block":44,"minecraft:basalt":51,"minecraft:oak_fence":1,"minecraft:honey_block":196,"minecraft:stone_slab":45,"minecraft:quartz_bricks":92,"minecraft:birch_planks":28,"minecraft:ice":46,"minecraft:white_wall_banner":1,"minecraft:black_wool":4,"minecraft:yellow_concrete":7,"minecraft:cyan_carpet":2,"minecraft:flower_pot":2,"minecraft:purple_shulker_box":195,"minecraft:cracked_stone_bricks":3,"minecraft:jungle_wall_sign":9,"minecraft:dark_oak_planks":1,"minecraft:jungle_leaves":2,"minecraft:carved_pumpkin":3,"minecraft:obsidian":2918,"minecraft:stone_brick_wall":28,"minecraft:yellow_carpet":1,"minecraft:jungle_log":6,"minecraft:deepslate_bricks":10,"minecraft:deepslate_tile_stairs":131,"minecraft:tube_coral_block":1,"minecraft:hopper":28,"minecraft:light_blue_stained_glass":1,"minecraft:weeping_vines_plant":17,"minecraft:tall_seagrass":3,"minecraft:sticky_piston":151,"minecraft:moss_carpet":3,"minecraft:pumpkin":96,"minecraft:enchanting_table":1,"minecraft:lime_stained_glass_pane":2,"minecraft:oak_sign":7,"minecraft:dirt_path":53,"minecraft:quartz_slab":353,"minecraft:deepslate_brick_stairs":19,"minecraft:iron_block":226,"minecraft:piston_head":62,"minecraft:brown_mushroom":61,"minecraft:player_wall_head":44,"minecraft:blast_furnace":14,"minecraft:glass":81,"minecraft:cyan_bed":1,"minecraft:damaged_anvil":6,"minecraft:spruce_sign":3,"minecraft:black_concrete_powder":2,"minecraft:wheat":519,"minecraft:stone_brick_stairs":16,"minecraft:loom":1,"minecraft:blue_shulker_box":13,"minecraft:red_mushroom_block":401,"minecraft:stonecutter":28,"minecraft:piston":53,"minecraft:pink_shulker_box":2,"minecraft:shulker_box":297,"minecraft:jungle_planks":10,"minecraft:orange_shulker_box":12,"minecraft:kelp":47,"minecraft:moss_block":19,"minecraft:pink_wool":13,"minecraft:snow":17430,"minecraft:diamond_block":278,"minecraft:cut_copper":3,"minecraft:white_wool":1,"minecraft:cake":2,"minecraft:smithing_table":19,"minecraft:comparator":20,"minecraft:stone_brick_slab":8,"minecraft:observer":143,"minecraft:smooth_sandstone":122,"minecraft:cobbled_deepslate_wall":10,"minecraft:spruce_button":15,"minecraft:emerald_ore":5,"minecraft:dropper":29,"minecraft:purple_bed":43,"minecraft:white_carpet":1,"minecraft:spruce_log":468,"minecraft:birch_leaves":4,"minecraft:jungle_fence":55,"minecraft:quartz_pillar":1,"minecraft:red_wall_banner":1,"minecraft:mycelium":1216,"minecraft:dark_oak_sign":2,"minecraft:light_blue_candle":1,"minecraft:dripstone_block":6,"minecraft:acacia_planks":4,"minecraft:black_shulker_box":1,"minecraft:spruce_planks":239,"minecraft:cobbled_deepslate_stairs":7,"minecraft:jungle_slab":8,"minecraft:sculk_vein":1,"minecraft:cobblestone_stairs":2,"minecraft:cave_vines_plant":4,"minecraft:grass_block":155,"minecraft:gray_banner":5,"minecraft:blue_concrete":6,"minecraft:smooth_stone":5,"minecraft:glowstone":133,"minecraft:iron_ore":316,"minecraft:black_carpet":26,"minecraft:anvil":18,"minecraft:azure_bluet":8,"minecraft:warped_button":1,"minecraft:birch_wall_sign":76,"minecraft:azalea_leaves":3,"minecraft:end_stone_bricks":12,"minecraft:blue_banner":9,"minecraft:blackstone":24,"minecraft:twisting_vines_plant":12,"minecraft:chiseled_quartz_block":2,"minecraft:calcite":1,"minecraft:poppy":16,"minecraft:chest":308,"minecraft:mushroom_stem":146,"minecraft:cobblestone":753,"minecraft:slime_block":208,"minecraft:grindstone":6,"minecraft:iron_door":8,"minecraft:magenta_shulker_box":1,"minecraft:birch_log":183,"minecraft:nether_wart_block":1,"minecraft:yellow_wool":52,"minecraft:activator_rail":1,"minecraft:purpur_block":10,"minecraft:sand":7945,"minecraft:crimson_planks":46,"minecraft:tripwire_hook":2,"minecraft:netherrack":8657,"minecraft:oak_leaves":34,"minecraft:emerald_block":133,"minecraft:redstone_lamp":11,"minecraft:nether_gold_ore":328,"minecraft:tuff":36,"minecraft:red_carpet":75,"minecraft:blackstone_wall":2,"minecraft:gray_shulker_box":5,"minecraft:gray_stained_glass_pane":3,"minecraft:weeping_vines":4,"minecraft:polished_andesite_slab":2,"minecraft:sandstone":33,"minecraft:large_fern":3,"minecraft:oak_trapdoor":13,"minecraft:furnace":8,"minecraft:dark_oak_fence_gate":1,"minecraft:black_concrete":41,"minecraft:stripped_spruce_log":2,"minecraft:bell":162,"minecraft:polished_deepslate":2,"minecraft:lantern":30,"minecraft:packed_ice":137,"minecraft:stone":10618,"minecraft:yellow_shulker_box":60,"minecraft:redstone_wall_torch":22,"minecraft:flowering_azalea":5,"minecraft:light_blue_shulker_box":94,"minecraft:spruce_door":7,"minecraft:crafting_table":22,"minecraft:cyan_stained_glass_pane":62,"minecraft:sculk_sensor":1,"minecraft:lectern":2035,"minecraft:lapis_ore":15,"minecraft:blue_bed":23,"minecraft:spruce_stairs":27,"minecraft:green_shulker_box":4,"minecraft:redstone_torch":10,"minecraft:sweet_berry_bush":9,"minecraft:gray_bed":1,"minecraft:coal_ore":205,"minecraft:end_rod":37,"minecraft:gray_carpet":2,"minecraft:acacia_wall_sign":3},"minecraft:picked_up":{"minecraft:suspicious_stew":1,"minecraft:lead":26,"minecraft:smithing_table":20,"minecraft:stone_slab":31,"minecraft:enchanted_book":912,"minecraft:purple_shulker_box":203,"minecraft:blue_concrete":6,"minecraft:music_disc_cat":2,"minecraft:polished_deepslate":3,"minecraft:string":535,"minecraft:orange_glazed_terracotta":28,"minecraft:pufferfish":5,"minecraft:diamond_leggings":48,"minecraft:warped_slab":2,"minecraft:crimson_sign":1,"minecraft:cyan_stained_glass":4,"minecraft:purpur_pillar":1,"minecraft:warped_button":2,"minecraft:gray_shulker_box":5,"minecraft:golden_chestplate":13,"minecraft:cyan_stained_glass_pane":27,"minecraft:stone_sword":1,"minecraft:polished_basalt":8,"minecraft:blackstone_wall":2,"minecraft:carved_pumpkin":3,"minecraft:red_tulip":7,"minecraft:glowstone":144,"minecraft:bookshelf":39,"minecraft:end_rod":38,"minecraft:tadpole_bucket":1,"minecraft:white_terracotta":3,"minecraft:blaze_rod":14,"minecraft:iron_bars":31,"minecraft:snowball":15953,"minecraft:feather":13,"minecraft:cooked_beef":102,"minecraft:water_bucket":11,"minecraft:dark_oak_boat":97,"minecraft:copper_block":4,"minecraft:flint":71,"minecraft:lantern":95,"minecraft:gray_concrete_powder":1,"minecraft:purple_carpet":1,"minecraft:stonecutter":28,"minecraft:dark_oak_sign":6,"minecraft:rabbit":3,"minecraft:diamond_helmet":42,"minecraft:honeycomb":34,"minecraft:stripped_spruce_log":6,"minecraft:brown_mushroom_block":77,"minecraft:netherite_block":3,"minecraft:deepslate":593,"minecraft:lever":20,"minecraft:granite":305,"minecraft:spruce_button":16,"minecraft:cyan_dye":1,"minecraft:blue_banner":9,"minecraft:light_blue_candle":4,"minecraft:diamond_pickaxe":38,"minecraft:leather_leggings":12,"minecraft:redstone_lamp":10,"minecraft:dragon_head":3,"minecraft:purpur_block":8,"minecraft:yellow_candle":9,"minecraft:elytra":36,"minecraft:flint_and_steel":5,"minecraft:white_carpet":22,"minecraft:iron_shovel":3,"minecraft:glass_pane":36,"minecraft:netherite_sword":8,"minecraft:poppy":484,"minecraft:spruce_slab":118,"minecraft:minecart":77,"minecraft:birch_sapling":5,"minecraft:piston":131,"minecraft:diamond_hoe":7,"minecraft:copper_ore":29,"minecraft:lime_shulker_box":2,"minecraft:stone":9872,"minecraft:white_dye":15,"minecraft:netherite_pickaxe":23,"minecraft:cyan_shulker_box":15,"minecraft:red_nether_brick_wall":8,"minecraft:jungle_sign":23,"minecraft:stone_shovel":1,"minecraft:diamond_chestplate":34,"minecraft:hay_block":1,"minecraft:totem_of_undying":151,"minecraft:oak_chest_boat":5,"minecraft:mutton":7,"minecraft:rail":848,"minecraft:bone_block":450,"minecraft:emerald_ore":3,"minecraft:yellow_shulker_box":72,"minecraft:clock":2,"minecraft:tripwire_hook":18,"minecraft:jungle_fence":54,"minecraft:lily_pad":2,"minecraft:paper":181,"minecraft:apple":88,"minecraft:pufferfish_bucket":4,"minecraft:iron_ore":154,"minecraft:magenta_stained_glass":6,"minecraft:gray_bed":1,"minecraft:dark_oak_stairs":1,"minecraft:smooth_basalt":4,"minecraft:milk_bucket":21,"minecraft:sweet_berries":140,"minecraft:red_wool":4,"minecraft:light_blue_stained_glass":1,"minecraft:crying_obsidian":510,"minecraft:dragon_egg":1,"minecraft:leather_helmet":19,"minecraft:diamond_shovel":44,"minecraft:coal_ore":196,"minecraft:slime_ball":5,"minecraft:deepslate_redstone_ore":8,"minecraft:birch_sign":154,"minecraft:polished_blackstone_brick_wall":3,"minecraft:baked_potato":107,"minecraft:smooth_quartz_slab":48,"minecraft:hopper":27,"minecraft:black_carpet":26,"minecraft:ender_chest":204,"minecraft:yellow_wool":52,"minecraft:stone_brick_stairs":17,"minecraft:warped_stairs":4,"minecraft:deepslate_lapis_ore":2,"minecraft:experience_bottle":72,"minecraft:bucket":40,"minecraft:smooth_stone":10,"minecraft:comparator":26,"minecraft:light_weighted_pressure_plate":1,"minecraft:cobblestone_slab":38,"minecraft:azalea":3342,"minecraft:smooth_quartz":19,"minecraft:iron_pickaxe":10,"minecraft:smooth_quartz_stairs":2,"minecraft:deepslate_iron_ore":20,"minecraft:blue_wool":5,"minecraft:spruce_stairs":28,"minecraft:netherite_shovel":4,"minecraft:diorite":262,"minecraft:goat_horn":1,"minecraft:andesite_wall":10,"minecraft:rotten_flesh":2340,"minecraft:brown_shulker_box":15,"minecraft:mangrove_roots":1,"minecraft:deepslate_brick_stairs":20,"minecraft:obsidian":3406,"minecraft:blaze_powder":32,"minecraft:cobblestone":3702,"minecraft:enchanting_table":1,"minecraft:leather_chestplate":10,"minecraft:repeater":101,"minecraft:andesite":1588,"minecraft:golden_leggings":3,"minecraft:beacon":70,"minecraft:potato":11,"minecraft:dirt":2416,"minecraft:name_tag":16,"minecraft:glass":121,"minecraft:bone":177,"minecraft:acacia_planks":7,"minecraft:bow":49,"minecraft:orange_tulip":2,"minecraft:wheat_seeds":1380,"minecraft:grindstone":6,"minecraft:netherite_axe":10,"minecraft:mossy_stone_bricks":4,"minecraft:fletching_table":10,"minecraft:bamboo":75,"minecraft:prismarine":2,"minecraft:light_blue_shulker_box":96,"minecraft:melon":206,"minecraft:grass_block":130,"minecraft:diamond_block":885,"minecraft:jungle_slab":9,"minecraft:spectral_arrow":64,"minecraft:yellow_carpet":1,"minecraft:sugar":7,"minecraft:slime_block":213,"minecraft:netherite_helmet":9,"minecraft:crossbow":14,"minecraft:bone_meal":46,"minecraft:golden_apple":100,"minecraft:spruce_sign":48,"minecraft:emerald":914,"minecraft:chorus_fruit":97,"minecraft:netherrack":3126,"minecraft:azure_bluet":12,"minecraft:splash_potion":17,"minecraft:ladder":22,"minecraft:packed_ice":325,"minecraft:brown_mushroom":114,"minecraft:pink_wool":12,"minecraft:stone_brick_wall":44,"minecraft:chain":39,"minecraft:shield":3,"minecraft:brick":5,"minecraft:oak_trapdoor":13,"minecraft:moss_carpet":11861,"minecraft:mycelium":225,"minecraft:blackstone":14,"minecraft:blue_orchid":16,"minecraft:end_stone":245,"minecraft:note_block":13,"minecraft:cookie":50,"minecraft:trident":18,"minecraft:stone_pressure_plate":8,"minecraft:weeping_vines":13,"minecraft:red_shulker_box":76,"minecraft:pumpkin_pie":111,"minecraft:pink_tulip":3,"minecraft:netherite_boots":6,"minecraft:jungle_boat":73,"minecraft:basalt":48,"minecraft:golden_carrot":930,"minecraft:magenta_banner":9,"minecraft:leather":131,"minecraft:ice":6,"minecraft:chainmail_chestplate":2,"minecraft:cobblestone_wall":1055,"minecraft:cobbled_deepslate_stairs":8,"minecraft:gunpowder":428,"minecraft:cooked_mutton":2,"minecraft:red_carpet":445,"minecraft:gray_carpet":2,"minecraft:acacia_trapdoor":13,"minecraft:iron_ingot":98,"minecraft:cooked_chicken":31,"minecraft:polished_andesite_slab":9,"minecraft:tropical_fish_bucket":8,"minecraft:warped_fungus":1,"minecraft:nether_quartz_ore":4,"minecraft:emerald_block":352,"minecraft:stone_brick_slab":10,"minecraft:quartz":72,"minecraft:dandelion":33,"minecraft:amethyst_shard":6,"minecraft:red_banner":1,"minecraft:dark_oak_chest_boat":1,"minecraft:spruce_door":9,"minecraft:pumpkin_seeds":60,"minecraft:sculk_sensor":1,"minecraft:white_concrete_powder":278,"minecraft:gray_banner":7,"minecraft:chainmail_leggings":3,"minecraft:damaged_anvil":5,"minecraft:netherite_hoe":3,"minecraft:dark_oak_wood":62,"minecraft:sunflower":1,"minecraft:iron_chestplate":5,"minecraft:prismarine_shard":6,"minecraft:anvil":28,"minecraft:flower_pot":1,"minecraft:magenta_carpet":10,"minecraft:diamond_sword":28,"minecraft:birch_button":265,"minecraft:brewing_stand":29,"minecraft:golden_sword":214,"minecraft:amethyst_block":20,"minecraft:dark_oak_trapdoor":2,"minecraft:cooked_salmon":6,"minecraft:gold_nugget":911,"minecraft:cobbled_deepslate":747,"minecraft:spruce_planks":321,"minecraft:acacia_sign":7,"minecraft:written_book":88,"minecraft:azalea_leaves":42,"minecraft:enchanted_golden_apple":1,"minecraft:melon_slice":408,"minecraft:coal_block":72,"minecraft:golden_helmet":3,"minecraft:composter":292,"minecraft:deepslate_tile_stairs":125,"minecraft:rabbit_foot":1,"minecraft:gray_stained_glass_pane":4,"minecraft:black_dye":3,"minecraft:light_gray_bed":4,"minecraft:light_blue_wool":5,"minecraft:tropical_fish":1,"minecraft:iron_block":541,"minecraft:netherite_chestplate":5,"minecraft:birch_log":248,"minecraft:magma_block":16,"minecraft:oxidized_copper":1,"minecraft:iron_door":11,"minecraft:birch_slab":46,"minecraft:jungle_log":6,"minecraft:smoker":2,"minecraft:netherite_leggings":9,"minecraft:map":26,"minecraft:twisting_vines":30,"minecraft:chipped_anvil":9,"minecraft:glowstone_dust":17,"minecraft:moss_block":10632,"minecraft:dropper":29,"minecraft:ink_sac":210,"minecraft:loom":1,"minecraft:barrel":111,"minecraft:dark_oak_log":587,"minecraft:red_terracotta":13,"minecraft:quartz_bricks":94,"minecraft:white_candle":2,"minecraft:dispenser":19,"minecraft:black_concrete_powder":2,"minecraft:writable_book":41,"minecraft:blue_ice":56,"minecraft:bread":215,"minecraft:dark_oak_fence":229,"minecraft:bricks":512,"minecraft:spruce_leaves":23,"minecraft:lime_stained_glass_pane":2,"minecraft:crafting_table":30,"minecraft:purple_wool":2,"minecraft:nether_wart":56,"minecraft:jungle_trapdoor":14,"minecraft:snow":1883,"minecraft:netherite_scrap":3,"minecraft:cracked_stone_bricks":3,"minecraft:cartography_table":2,"minecraft:music_disc_otherside":24,"minecraft:beef":28,"minecraft:iron_nugget":22,"minecraft:chest":325,"minecraft:quartz_stairs":69,"minecraft:egg":59,"minecraft:sandstone":33,"minecraft:glow_item_frame":1,"minecraft:cake":12,"minecraft:mushroom_stem":124,"minecraft:redstone":629,"minecraft:prismarine_crystals":14,"minecraft:tnt":29,"minecraft:cooked_cod":18,"minecraft:deepslate_bricks":8,"minecraft:shears":30,"minecraft:diamond_boots":43,"minecraft:cut_copper":3,"minecraft:gold_ingot":269,"minecraft:tube_coral_block":1,"minecraft:white_shulker_box":113,"minecraft:glow_berries":7,"minecraft:white_wool":60,"minecraft:lapis_ore":8,"minecraft:stripped_oak_log":1,"minecraft:red_mushroom_block":175,"minecraft:red_mushroom":66,"minecraft:filled_map":146,"minecraft:brown_concrete":1,"minecraft:oak_log":239,"minecraft:jungle_button":106,"minecraft:ancient_debris":10,"minecraft:golden_boots":1,"minecraft:blue_bed":24,"minecraft:white_banner":34,"minecraft:stone_bricks":749,"minecraft:kelp":377,"minecraft:glass_bottle":25,"minecraft:iron_sword":3,"minecraft:flowering_azalea":3380,"minecraft:dark_oak_slab":10,"minecraft:yellow_concrete":15,"minecraft:spyglass":22,"minecraft:gravel":554,"minecraft:birch_stairs":3,"minecraft:spruce_sapling":21,"minecraft:spruce_log":487,"minecraft:sea_lantern":127,"minecraft:firework_rocket":1380,"minecraft:red_stained_glass":1,"minecraft:purple_bed":42,"minecraft:stone_axe":21,"minecraft:diamond_axe":41,"minecraft:gray_wool":13,"minecraft:pink_dye":1,"minecraft:ender_pearl":353,"minecraft:shulker_shell":850,"minecraft:music_disc_strad":1,"minecraft:wheat":527,"minecraft:redstone_block":169,"minecraft:iron_trapdoor":1,"minecraft:light_gray_shulker_box":61,"minecraft:potion":27,"minecraft:turtle_egg":12,"minecraft:nether_brick":1,"minecraft:crimson_planks":30,"minecraft:raw_copper":3,"minecraft:iron_leggings":2,"minecraft:smooth_stone_slab":14,"minecraft:armor_stand":104,"minecraft:sticky_piston":164,"minecraft:netherite_ingot":12,"minecraft:pink_shulker_box":2,"minecraft:oak_sign":102,"minecraft:sea_pickle":3,"minecraft:activator_rail":10,"minecraft:deepslate_tiles":65,"minecraft:black_shulker_box":2,"minecraft:redstone_torch":57,"minecraft:calcite":1,"minecraft:deepslate_tile_wall":8,"minecraft:iron_boots":3,"minecraft:furnace":10,"minecraft:stick":297,"minecraft:orange_shulker_box":12,"minecraft:deepslate_brick_wall":2,"minecraft:oak_fence":5,"minecraft:torch":95,"minecraft:porkchop":16,"minecraft:snow_block":9,"minecraft:pointed_dripstone":21,"minecraft:quartz_block":626,"minecraft:nether_gold_ore":328,"minecraft:cactus":6,"minecraft:fire_coral_fan":2,"minecraft:leather_horse_armor":1,"minecraft:cod":35,"minecraft:nautilus_shell":1,"minecraft:magma_cream":1,"minecraft:chiseled_quartz_block":2,"minecraft:tuff":84,"minecraft:acacia_boat":13,"minecraft:wither_skeleton_skull":1,"minecraft:green_shulker_box":4,"minecraft:lapis_lazuli":119,"minecraft:leather_boots":17,"minecraft:cobbled_deepslate_wall":13,"minecraft:raw_gold":15,"minecraft:bell":206,"minecraft:powered_rail":24,"minecraft:oak_planks":53,"minecraft:ghast_tear":3,"minecraft:pink_concrete":2,"minecraft:cooked_porkchop":107,"minecraft:jungle_planks":27,"minecraft:poisonous_potato":22,"minecraft:oak_pressure_plate":8,"minecraft:axolotl_bucket":1,"minecraft:sand":7558,"minecraft:dead_bush":45,"minecraft:cyan_bed":1,"minecraft:lily_of_the_valley":2,"minecraft:shulker_box":401,"minecraft:orange_wool":2,"minecraft:black_concrete":44,"minecraft:diamond":1148,"minecraft:spruce_boat":387,"minecraft:polished_blackstone_button":1,"minecraft:white_concrete":2,"minecraft:oak_sapling":32,"minecraft:nether_star":5,"minecraft:end_stone_bricks":9,"minecraft:cocoa_beans":72,"minecraft:charcoal":2,"minecraft:fishing_rod":16,"minecraft:chicken":16,"minecraft:cooked_rabbit":2,"minecraft:gold_block":577,"minecraft:diamond_horse_armor":1,"minecraft:stone_stairs":1,"minecraft:iron_axe":21,"minecraft:item_frame":180,"minecraft:quartz_slab":500,"minecraft:cyan_carpet":2,"minecraft:oak_boat":1057,"minecraft:player_head":174,"minecraft:observer":269,"minecraft:sugar_cane":1148,"minecraft:lectern":2047,"minecraft:tinted_glass":8,"minecraft:blue_shulker_box":13,"minecraft:phantom_membrane":75,"minecraft:spruce_trapdoor":173,"minecraft:dark_oak_sapling":2,"minecraft:raw_iron":379,"minecraft:copper_ingot":5,"minecraft:bowl":11,"minecraft:gray_dye":1,"minecraft:quartz_pillar":2,"minecraft:stone_button":113,"minecraft:magenta_shulker_box":2,"minecraft:dark_oak_planks":16,"minecraft:arrow":405,"minecraft:jungle_stairs":4,"minecraft:saddle":7,"minecraft:glow_ink_sac":132,"minecraft:salmon":13,"minecraft:birch_planks":32,"minecraft:nether_wart_block":1,"minecraft:cobblestone_stairs":13,"minecraft:deepslate_tile_slab":21,"minecraft:smooth_sandstone":173,"minecraft:fire_coral_block":1,"minecraft:soul_sand":9,"minecraft:book":18683,"minecraft:oak_slab":31,"minecraft:scaffolding":376,"minecraft:birch_boat":138,"minecraft:pumpkin":993,"minecraft:dripstone_block":15,"minecraft:blast_furnace":16,"minecraft:white_bed":67,"minecraft:dark_oak_fence_gate":1,"minecraft:green_carpet":1,"minecraft:spider_eye":60,"minecraft:cyan_banner":1,"minecraft:lime_banner":4,"minecraft:honey_block":245,"minecraft:iron_helmet":2,"minecraft:black_wool":4,"minecraft:coal":176},"minecraft:dropped":{"minecraft:iron_sword":4,"minecraft:porkchop":6,"minecraft:lapis_lazuli":4,"minecraft:glow_ink_sac":10,"minecraft:glass_bottle":28,"minecraft:diamond":588,"minecraft:crafting_table":4,"minecraft:cooked_porkchop":27,"minecraft:weeping_vines":10,"minecraft:glow_berries":6,"minecraft:red_mushroom":7,"minecraft:emerald":1348,"minecraft:dark_oak_fence":11,"minecraft:netherite_boots":2,"minecraft:writable_book":34,"minecraft:gold_nugget":176,"minecraft:sand":57,"minecraft:purple_wool":1,"minecraft:white_wool":1,"minecraft:dark_oak_planks":2,"minecraft:fishing_rod":5,"minecraft:tropical_fish_bucket":3,"minecraft:stone_axe":22,"minecraft:diamond_block":272,"minecraft:cooked_chicken":32,"minecraft:cobbled_deepslate":658,"minecraft:netherite_sword":3,"minecraft:wheat":4,"minecraft:obsidian":392,"minecraft:rotten_flesh":10169,"minecraft:grindstone":1,"minecraft:oak_planks":25,"minecraft:glowstone_dust":38,"minecraft:quartz_bricks":9,"minecraft:azure_bluet":1,"minecraft:red_mushroom_block":63,"minecraft:coal_ore":46,"minecraft:quartz_block":382,"minecraft:jungle_log":29,"minecraft:leather_boots":1,"minecraft:leather_leggings":1,"minecraft:beef":12,"minecraft:glass":13,"minecraft:stone_brick_stairs":6,"minecraft:golden_boots":1,"minecraft:black_dye":3,"minecraft:wheat_seeds":413,"minecraft:deepslate_redstone_ore":4,"minecraft:dripstone_block":11,"minecraft:netherite_chestplate":2,"minecraft:book":12,"minecraft:prismarine_crystals":13,"minecraft:deepslate_tile_slab":2,"minecraft:golden_apple":39,"minecraft:turtle_egg":1,"minecraft:gray_wool":12,"minecraft:ink_sac":44,"minecraft:potion":20,"minecraft:pumpkin":574,"minecraft:white_banner":177,"minecraft:red_dye":1,"minecraft:jungle_boat":1,"minecraft:smooth_stone":8,"minecraft:chainmail_leggings":2,"minecraft:smooth_sandstone":6,"minecraft:red_nether_brick_wall":8,"minecraft:snow_block":79,"minecraft:bricks":384,"minecraft:netherite_hoe":2,"minecraft:player_head":60,"minecraft:cocoa_beans":9,"minecraft:sticky_piston":1,"minecraft:stone_shovel":1,"minecraft:experience_bottle":12,"minecraft:iron_boots":1,"minecraft:name_tag":2,"minecraft:oak_sign":7,"minecraft:shears":4,"minecraft:suspicious_stew":5,"minecraft:diamond_sword":7,"minecraft:spruce_boat":8,"minecraft:spruce_planks":47,"minecraft:diamond_pickaxe":21,"minecraft:fire_coral_block":1,"minecraft:redstone_torch":9,"minecraft:stone_pressure_plate":2,"minecraft:stone_bricks":11,"minecraft:barrel":5,"minecraft:sandstone":7,"minecraft:bow":21,"minecraft:purple_candle":4,"minecraft:magma_block":10,"minecraft:moss_block":640,"minecraft:oak_log":56,"minecraft:ender_pearl":33,"minecraft:nether_star":5,"minecraft:tube_coral_block":1,"minecraft:dark_oak_sapling":2,"minecraft:jungle_fence":13,"minecraft:leather":220,"minecraft:red_wool":2,"minecraft:jungle_planks":43,"minecraft:polished_blackstone_brick_wall":3,"minecraft:birch_slab":3,"minecraft:cod":6,"minecraft:orange_glazed_terracotta":14,"minecraft:redstone_lamp":1,"minecraft:dark_oak_log":536,"minecraft:packed_ice":137,"minecraft:dark_oak_wood":64,"minecraft:mutton":1,"minecraft:snowball":257,"minecraft:jungle_sign":4,"minecraft:axolotl_bucket":1,"minecraft:black_concrete":11,"minecraft:gold_ingot":15,"minecraft:magenta_stained_glass":6,"minecraft:purpur_block":8,"minecraft:spyglass":6,"minecraft:music_disc_otherside":2,"minecraft:mycelium":16,"minecraft:mushroom_stem":13,"minecraft:leather_chestplate":3,"minecraft:trident":11,"minecraft:dropper":1,"minecraft:fire_coral_fan":2,"minecraft:stone_brick_wall":21,"minecraft:iron_ore":13,"minecraft:scaffolding":23,"minecraft:white_concrete_powder":269,"minecraft:polished_granite":4,"minecraft:splash_potion":3,"minecraft:purple_carpet":1,"minecraft:bread":1663,"minecraft:golden_helmet":2,"minecraft:yellow_concrete":15,"minecraft:netherite_axe":6,"minecraft:andesite_wall":10,"minecraft:amethyst_block":1,"minecraft:activator_rail":11,"minecraft:spruce_stairs":1,"minecraft:acacia_trapdoor":12,"minecraft:iron_block":2,"minecraft:milk_bucket":5,"minecraft:green_dye":31,"minecraft:repeater":6,"minecraft:light_blue_wool":5,"minecraft:melon_slice":63,"minecraft:yellow_shulker_box":1,"minecraft:crimson_sign":1,"minecraft:cactus":6,"minecraft:redstone_block":82,"minecraft:kelp":6,"minecraft:sweet_berries":14,"minecraft:oak_trapdoor":5,"minecraft:stripped_oak_log":1,"minecraft:totem_of_undying":21,"minecraft:shulker_box":31,"minecraft:netherite_leggings":4,"minecraft:deepslate_bricks":3,"minecraft:copper_ore":16,"minecraft:andesite":72,"minecraft:golden_leggings":1,"minecraft:oak_sapling":22,"minecraft:birch_sign":5,"minecraft:spruce_log":78,"minecraft:brick":20,"minecraft:piston":3,"minecraft:cooked_beef":74,"minecraft:crossbow":72,"minecraft:cookie":266,"minecraft:saddle":8,"minecraft:elytra":11,"minecraft:rail":69,"minecraft:leather_helmet":7,"minecraft:red_carpet":64,"minecraft:item_frame":11,"minecraft:dirt":254,"minecraft:stone_button":12,"minecraft:sunflower":1,"minecraft:bone_meal":8,"minecraft:phantom_membrane":58,"minecraft:sugar":39,"minecraft:iron_pickaxe":5,"minecraft:gray_dye":1,"minecraft:blue_bed":1,"minecraft:bone":133,"minecraft:pink_concrete":2,"minecraft:emerald_block":20,"minecraft:sugar_cane":18,"minecraft:polished_andesite_slab":7,"minecraft:golden_chestplate":8,"minecraft:nether_brick":1,"minecraft:pink_dye":2,"minecraft:lime_dye":30,"minecraft:netherite_shovel":1,"minecraft:end_stone":125,"minecraft:white_bed":3,"minecraft:dark_oak_fence_gate":1,"minecraft:salmon":4,"minecraft:tipped_arrow":2,"minecraft:deepslate_tiles":19,"minecraft:honey_block":39,"minecraft:hopper":2,"minecraft:ladder":11,"minecraft:white_dye":5,"minecraft:spruce_slab":26,"minecraft:end_stone_bricks":9,"minecraft:crying_obsidian":50,"minecraft:ghast_tear":2,"minecraft:lectern":4,"minecraft:egg":16,"minecraft:enchanted_book":66,"minecraft:iron_ingot":27,"minecraft:netherite_pickaxe":3,"minecraft:cyan_stained_glass":3,"minecraft:cobbled_deepslate_stairs":4,"minecraft:netherite_helmet":6,"minecraft:oak_fence":3,"minecraft:feather":10,"minecraft:iron_helmet":2,"minecraft:cobblestone":1865,"minecraft:apple":49,"minecraft:granite":101,"minecraft:spruce_button":2,"minecraft:spruce_door":2,"minecraft:stripped_jungle_log":10,"minecraft:purple_dye":1,"minecraft:coal":5,"minecraft:pufferfish":1,"minecraft:jungle_slab":1,"minecraft:golden_carrot":809,"minecraft:iron_trapdoor":1,"minecraft:diamond_helmet":10,"minecraft:pufferfish_bucket":1,"minecraft:iron_shovel":2,"minecraft:paper":62,"minecraft:string":154,"minecraft:spruce_sapling":6,"minecraft:purpur_pillar":1,"minecraft:moss_carpet":2565,"minecraft:netherite_ingot":2,"minecraft:deepslate":120,"minecraft:stone_sword":1,"minecraft:cobblestone_wall":71,"minecraft:dark_oak_sign":2,"minecraft:bowl":15,"minecraft:smooth_stone_slab":1,"minecraft:chicken":15,"minecraft:stone_slab":18,"minecraft:orange_wool":2,"minecraft:pumpkin_seeds":48,"minecraft:lily_of_the_valley":18,"minecraft:cobblestone_slab":12,"minecraft:potato":10,"minecraft:stone":925,"minecraft:wooden_shovel":1,"minecraft:carved_pumpkin":1,"minecraft:spider_eye":36,"minecraft:birch_boat":4,"minecraft:red_tulip":2,"minecraft:bell":96,"minecraft:black_wool":2,"minecraft:quartz_slab":6,"minecraft:spruce_sign":2,"minecraft:warped_stem":99,"minecraft:brown_mushroom":64,"minecraft:birch_planks":4,"minecraft:diamond_axe":8,"minecraft:baked_potato":11,"minecraft:lantern":9,"minecraft:flint":24,"minecraft:spruce_leaves":2,"minecraft:netherite_scrap":2,"minecraft:jungle_button":16,"minecraft:cornflower":1,"minecraft:pumpkin_pie":407,"minecraft:amethyst_shard":1,"minecraft:birch_log":8,"minecraft:brown_mushroom_block":1,"minecraft:armor_stand":4,"minecraft:gravel":273,"minecraft:blackstone":12,"minecraft:yellow_wool":1,"minecraft:lime_wool":29,"minecraft:diamond_shovel":4,"minecraft:chainmail_chestplate":18,"minecraft:poppy":17,"minecraft:shulker_shell":172,"minecraft:gunpowder":32,"minecraft:glowstone":24,"minecraft:chest":10,"minecraft:arrow":89,"minecraft:powered_rail":25,"minecraft:quartz":70,"minecraft:written_book":51,"minecraft:netherrack":2150,"minecraft:firework_rocket":384,"minecraft:water_bucket":2,"minecraft:oak_slab":44,"minecraft:magenta_carpet":3,"minecraft:deepslate_iron_ore":3,"minecraft:minecart":52,"minecraft:bookshelf":10,"minecraft:cyan_dye":1,"minecraft:diamond_leggings":10,"minecraft:poisonous_potato":4,"minecraft:lead":12,"minecraft:spectral_arrow":3,"minecraft:copper_ingot":1,"minecraft:grass_block":1,"minecraft:stick":288,"minecraft:diorite":87,"minecraft:nether_gold_ore":3,"minecraft:warped_stairs":4,"minecraft:torch":138,"minecraft:iron_leggings":2,"minecraft:smooth_quartz_slab":1,"minecraft:iron_axe":65,"minecraft:bucket":36,"minecraft:redstone":120,"minecraft:anvil":4,"minecraft:ender_chest":46,"minecraft:tuff":47,"minecraft:raw_iron":1,"minecraft:filled_map":46,"minecraft:snow":69,"minecraft:shield":4,"minecraft:diamond_chestplate":8,"minecraft:cake":1,"minecraft:mossy_stone_bricks":4,"minecraft:pink_wool":1,"minecraft:light_gray_bed":4,"minecraft:oak_boat":15,"minecraft:golden_sword":1587,"minecraft:diamond_boots":11,"minecraft:beacon":67,"minecraft:purple_shulker_box":4,"minecraft:raw_gold":4,"minecraft:light_blue_shulker_box":1}},"DataVersion":3120}