{"stats":{"minecraft:used":{"minecraft:writable_book":20,"minecraft:oak_sign":6,"minecraft:chest":3,"minecraft:cooked_chicken":18,"minecraft:netherrack":1,"minecraft:dirt":3,"minecraft:spyglass":33,"minecraft:carrot":74,"minecraft:axolotl_bucket":1,"minecraft:stripped_spruce_log":1,"minecraft:iron_helmet":1,"minecraft:dark_oak_slab":1,"minecraft:music_disc_stal":1,"minecraft:dark_oak_boat":3,"minecraft:written_book":1,"minecraft:sweet_berries":19,"minecraft:red_dye":2,"minecraft:water_bucket":1,"minecraft:chorus_fruit":4,"minecraft:gray_carpet":5,"minecraft:baked_potato":70,"minecraft:ender_pearl":11,"minecraft:birch_boat":1,"minecraft:glow_ink_sac":2,"minecraft:diamond_block":1,"minecraft:sand":3,"minecraft:crafting_table":1,"minecraft:red_bed":2,"minecraft:end_stone":1757,"minecraft:spruce_log":2,"minecraft:oak_log":1,"minecraft:flower_pot":1,"minecraft:acacia_sign":1,"minecraft:diamond_sword":22,"minecraft:cobblestone":1,"minecraft:cooked_porkchop":67,"minecraft:bucket":3,"minecraft:oak_boat":1,"minecraft:diamond_leggings":1},"minecraft:picked_up":{"minecraft:shulker_shell":3,"minecraft:iron_chestplate":1,"minecraft:bee_nest":1,"minecraft:flower_pot":1,"minecraft:lead":1,"minecraft:diamond_sword":2,"minecraft:dragon_head":2,"minecraft:red_bed":1,"minecraft:elytra":1,"minecraft:iron_leggings":2,"minecraft:item_frame":1,"minecraft:oak_sign":2,"minecraft:diamond_leggings":2,"minecraft:bucket":1,"minecraft:oak_boat":1,"minecraft:player_head":5,"minecraft:poppy":2,"minecraft:chest":3,"minecraft:iron_boots":1,"minecraft:egg":9,"minecraft:end_stone":1846,"minecraft:stone":1,"minecraft:bowl":1,"minecraft:carrot":33,"minecraft:arrow":118,"minecraft:rotten_flesh":4,"minecraft:pumpkin_pie":32,"minecraft:totem_of_undying":1,"minecraft:glow_berries":1,"minecraft:obsidian":2,"minecraft:cobblestone":1,"minecraft:leather_chestplate":1,"minecraft:jungle_log":1,"minecraft:dark_oak_boat":4,"minecraft:music_disc_stal":1,"minecraft:filled_map":6,"minecraft:oak_log":5,"minecraft:gunpowder":5,"minecraft:dirt":3,"minecraft:leather_boots":1,"minecraft:gray_carpet":5,"minecraft:bow":1,"minecraft:iron_ingot":22,"minecraft:cooked_chicken":21,"minecraft:diamond_helmet":1,"minecraft:glass_bottle":2,"minecraft:dark_oak_slab":1,"minecraft:cooked_porkchop":103,"minecraft:birch_boat":3,"minecraft:sweet_berries":19,"minecraft:axolotl_bucket":1,"minecraft:spyglass":3,"minecraft:sand":4,"minecraft:amethyst_shard":1,"minecraft:stripped_spruce_log":1,"minecraft:ink_sac":1,"minecraft:spruce_log":2,"minecraft:diamond_block":1,"minecraft:shulker_box":1,"minecraft:firework_rocket":1,"minecraft:diamond":4,"minecraft:iron_helmet":1,"minecraft:terracotta":1,"minecraft:baked_potato":116,"minecraft:netherrack":4,"minecraft:chorus_fruit":19,"minecraft:ender_pearl":11},"minecraft:killed_by":{"minecraft:player":1},"minecraft:mined":{"minecraft:jungle_leaves":7,"minecraft:cave_vines_plant":1,"minecraft:grass_block":1,"minecraft:oak_wall_sign":2,"minecraft:stripped_spruce_log":2,"minecraft:chorus_plant":1,"minecraft:red_bed":1,"minecraft:crafting_table":1,"minecraft:poppy":1,"minecraft:chest":2,"minecraft:wall_torch":1,"minecraft:dark_oak_slab":1,"minecraft:sweet_berry_bush":4,"minecraft:spruce_log":2,"minecraft:grass":3,"minecraft:oak_log":5,"minecraft:flower_pot":1,"minecraft:sand":2,"minecraft:gray_carpet":1,"minecraft:oak_leaves":2},"minecraft:crafted":{"minecraft:oak_planks":16,"minecraft:oak_sign":3,"minecraft:chest":1,"minecraft:red_dye":1,"minecraft:crafting_table":1,"minecraft:spruce_planks":4,"minecraft:red_bed":1,"minecraft:birch_planks":4,"minecraft:jungle_planks":4,"minecraft:iron_chestplate":1,"minecraft:paper":63,"minecraft:stick":4},"minecraft:custom":{"minecraft:interact_with_smithing_table":2,"minecraft:mob_kills":7,"minecraft:interact_with_anvil":1,"minecraft:animals_bred":2,"minecraft:inspect_hopper":4,"minecraft:interact_with_crafting_table":20,"minecraft:open_barrel":84,"minecraft:open_shulker_box":26,"minecraft:bell_ring":1,"minecraft:eat_cake_slice":6,"minecraft:leave_game":32,"minecraft:time_since_death":268815,"minecraft:climb_one_cm":65596,"minecraft:sprint_one_cm":4044923,"minecraft:walk_one_cm":1917223,"minecraft:drop":88,"minecraft:play_time":1128961,"minecraft:deaths":3,"minecraft:sneak_time":48423,"minecraft:walk_under_water_one_cm":39188,"minecraft:boat_one_cm":633168,"minecraft:interact_with_lectern":30,"minecraft:jump":20537,"minecraft:interact_with_blast_furnace":18,"minecraft:walk_on_water_one_cm":28657,"minecraft:total_world_time":1128961,"minecraft:interact_with_furnace":63,"minecraft:play_record":1,"minecraft:interact_with_stonecutter":3,"minecraft:sleep_in_bed":12,"minecraft:time_since_rest":78,"minecraft:open_enderchest":8,"minecraft:damage_taken":3867,"minecraft:damage_dealt":1985,"minecraft:swim_one_cm":222180,"minecraft:fly_one_cm":5922757,"minecraft:open_chest":576,"minecraft:crouch_one_cm":239957,"minecraft:interact_with_smoker":8,"minecraft:fall_one_cm":481820},"minecraft:dropped":{"minecraft:iron_ingot":11,"minecraft:baked_potato":122,"minecraft:glass_bottle":2,"minecraft:ender_pearl":1,"minecraft:cooked_porkchop":70,"minecraft:jungle_planks":4,"minecraft:elytra":1,"minecraft:item_frame":1,"minecraft:ink_sac":1,"minecraft:iron_leggings":2,"minecraft:writable_book":1,"minecraft:sand":1,"minecraft:paper":63,"minecraft:spyglass":3,"minecraft:dragon_head":2,"minecraft:player_head":3,"minecraft:bowl":1,"minecraft:obsidian":2,"minecraft:rotten_flesh":4,"minecraft:iron_boots":1,"minecraft:end_stone":9,"minecraft:shulker_box":1,"minecraft:carrot":6,"minecraft:filled_map":6,"minecraft:shulker_shell":3,"minecraft:leather_chestplate":1,"minecraft:stone":1,"minecraft:gunpowder":69,"minecraft:iron_chestplate":1,"minecraft:leather_boots":1,"minecraft:chest":1,"minecraft:birch_sign":1,"minecraft:birch_boat":2,"minecraft:arrow":119,"minecraft:bow":1,"minecraft:written_book":1,"minecraft:terracotta":1,"minecraft:egg":9,"minecraft:firework_rocket":1},"minecraft:killed":{"minecraft:phantom":1,"minecraft:zombie":1,"minecraft:enderman":4}},"DataVersion":3120}