{"stats":{"minecraft:picked_up":{"minecraft:iron_chestplate":1,"minecraft:wheat":84,"minecraft:smithing_table":1,"minecraft:lead":28,"minecraft:enchanted_book":1,"minecraft:brewing_stand":2,"minecraft:string":8,"minecraft:soul_soil":28,"minecraft:raw_copper":30,"minecraft:iron_leggings":1,"minecraft:pufferfish":1,"minecraft:oak_sign":1,"minecraft:beetroot":2,"minecraft:red_sand":3,"minecraft:gold_nugget":41,"minecraft:cobbled_deepslate":794,"minecraft:bucket":1,"minecraft:melon_slice":59,"minecraft:iron_boots":1,"minecraft:furnace":18,"minecraft:stick":35,"minecraft:brown_terracotta":10,"minecraft:oak_fence":4,"minecraft:torch":38,"minecraft:acacia_log":40,"minecraft:porkchop":11,"minecraft:diorite":16,"minecraft:cactus":7,"minecraft:rotten_flesh":18,"minecraft:white_terracotta":5,"minecraft:cod":6,"minecraft:snowball":32,"minecraft:cobblestone":673,"minecraft:birch_log":10,"minecraft:feather":8,"minecraft:cooked_beef":53,"minecraft:jungle_log":20,"minecraft:water_bucket":1,"minecraft:andesite":36,"minecraft:smoker":2,"minecraft:potato":710,"minecraft:flint":2,"minecraft:tuff":61,"minecraft:dirt":752,"minecraft:lapis_lazuli":54,"minecraft:bone":23,"minecraft:bow":2,"minecraft:stonecutter":1,"minecraft:wheat_seeds":316,"minecraft:bell":1,"minecraft:dark_oak_sign":1,"minecraft:rabbit":2,"minecraft:bamboo":19,"minecraft:stone_hoe":2,"minecraft:ghast_tear":1,"minecraft:poisonous_potato":5,"minecraft:sand":82,"minecraft:lily_of_the_valley":1,"minecraft:red_terracotta":2,"minecraft:dark_oak_log":143,"minecraft:barrel":3,"minecraft:mossy_cobblestone":43,"minecraft:light_gray_terracotta":5,"minecraft:deepslate":1,"minecraft:diamond":38,"minecraft:spruce_boat":61,"minecraft:granite":22,"minecraft:oak_sapling":28,"minecraft:netherrack":2658,"minecraft:diamond_pickaxe":1,"minecraft:cocoa_beans":3,"minecraft:crafting_table":20,"minecraft:packed_ice":595,"minecraft:wooden_pickaxe":1,"minecraft:gold_block":2,"minecraft:white_carpet":1,"minecraft:blackstone":1,"minecraft:beef":56,"minecraft:oak_boat":14,"minecraft:player_head":7,"minecraft:jungle_sapling":3,"minecraft:poppy":1,"minecraft:chest":2,"minecraft:sugar_cane":60,"minecraft:birch_sapling":3,"minecraft:phantom_membrane":2,"minecraft:egg":4,"minecraft:dark_oak_sapling":18,"minecraft:raw_iron":122,"minecraft:sandstone":2,"minecraft:copper_ingot":3,"minecraft:spruce_fence":11,"minecraft:carrot":261,"minecraft:redstone":85,"minecraft:arrow":49,"minecraft:beetroot_seeds":6,"minecraft:hay_block":99,"minecraft:yellow_terracotta":1,"minecraft:mutton":2,"minecraft:basalt":21,"minecraft:glow_ink_sac":2,"minecraft:salmon":2,"minecraft:leather":26,"minecraft:oak_log":173,"minecraft:lily_pad":2,"minecraft:gunpowder":7,"minecraft:blue_bed":3,"minecraft:orange_terracotta":7,"minecraft:cooked_mutton":2,"minecraft:apple":3,"minecraft:kelp":306,"minecraft:stone_pickaxe":1,"minecraft:iron_ingot":18,"minecraft:soul_sand":11,"minecraft:acacia_sapling":13,"minecraft:music_disc_chirp":1,"minecraft:sweet_berries":238,"minecraft:quartz":74,"minecraft:dandelion":2,"minecraft:gravel":32,"minecraft:spruce_sapling":8,"minecraft:blast_furnace":1,"minecraft:spruce_log":140,"minecraft:spider_eye":1,"minecraft:purple_bed":1,"minecraft:slime_ball":4,"minecraft:stone_axe":1,"minecraft:iron_helmet":1,"minecraft:gray_wool":1,"minecraft:terracotta":17,"minecraft:melon_seeds":3,"minecraft:netherite_hoe":1,"minecraft:coal":207},"minecraft:killed":{"minecraft:witch":1,"minecraft:spider":13,"minecraft:skeleton":60,"minecraft:magma_cube":4,"minecraft:piglin":2,"minecraft:parrot":1,"minecraft:pig":6,"minecraft:iron_golem":1,"minecraft:creeper":16,"minecraft:sheep":1,"minecraft:zombie":27,"minecraft:ghast":2,"minecraft:cow":27,"minecraft:slime":1,"minecraft:phantom":3,"minecraft:drowned":2,"minecraft:rabbit":2,"minecraft:enderman":1},"minecraft:dropped":{"minecraft:oak_log":72,"minecraft:diamond":2,"minecraft:dark_oak_sapling":1,"minecraft:dirt":8,"minecraft:packed_ice":117,"minecraft:sand":6,"minecraft:bone":6,"minecraft:gravel":1,"minecraft:cobbled_deepslate":5,"minecraft:rotten_flesh":8,"minecraft:melon_seeds":10,"minecraft:arrow":3,"minecraft:quartz":14,"minecraft:netherrack":4,"minecraft:egg":3,"minecraft:stone_hoe":4,"minecraft:water_bucket":1,"minecraft:wheat_seeds":15,"minecraft:poisonous_potato":1,"minecraft:feather":4,"minecraft:lead":4,"minecraft:oak_fence":96,"minecraft:yellow_terracotta":1,"minecraft:iron_helmet":1,"minecraft:cobblestone":9,"minecraft:granite":8,"minecraft:golden_apple":1,"minecraft:diorite":16,"minecraft:iron_leggings":1,"minecraft:brown_terracotta":10,"minecraft:redstone":6,"minecraft:sweet_berries":1,"minecraft:netherite_hoe":1,"minecraft:player_head":1,"minecraft:dark_oak_sign":5,"minecraft:light_gray_terracotta":5,"minecraft:deepslate":1,"minecraft:tuff":6,"minecraft:iron_boots":1,"minecraft:white_terracotta":5,"minecraft:red_terracotta":2,"minecraft:potato":1,"minecraft:orange_terracotta":6,"minecraft:iron_chestplate":1,"minecraft:andesite":21,"minecraft:purple_bed":1,"minecraft:oak_boat":1,"minecraft:oak_sapling":1,"minecraft:bamboo":1,"minecraft:spruce_log":69,"minecraft:bow":1,"minecraft:red_sand":3,"minecraft:wooden_pickaxe":1,"minecraft:terracotta":6},"minecraft:broken":{"minecraft:iron_shovel":2,"minecraft:stone_pickaxe":5,"minecraft:stone_axe":1,"minecraft:stone_shovel":2,"minecraft:stone_hoe":1,"minecraft:iron_axe":1,"minecraft:iron_pickaxe":5,"minecraft:iron_helmet":1,"minecraft:wooden_hoe":1},"minecraft:crafted":{"minecraft:oak_planks":296,"minecraft:cobblestone_slab":12,"minecraft:oak_sign":9,"minecraft:cobblestone_stairs":8,"minecraft:diamond_shovel":1,"minecraft:cooked_mutton":2,"minecraft:diamond_helmet":1,"minecraft:diamond_leggings":1,"minecraft:iron_boots":1,"minecraft:melon_seeds":7,"minecraft:chest":7,"minecraft:oak_button":1,"minecraft:stone_hoe":3,"minecraft:oak_fence":102,"minecraft:golden_boots":1,"minecraft:smoker":7,"minecraft:item_frame":4,"minecraft:diamond_axe":1,"minecraft:crafting_table":7,"minecraft:spruce_planks":208,"minecraft:wooden_pickaxe":1,"minecraft:baked_potato":205,"minecraft:iron_helmet":1,"minecraft:cobbled_deepslate_wall":6,"minecraft:hay_block":2,"minecraft:iron_chestplate":1,"minecraft:wooden_hoe":2,"minecraft:diamond_pickaxe":2,"minecraft:shield":1,"minecraft:stick":264,"minecraft:iron_ingot":97,"minecraft:iron_pickaxe":9,"minecraft:stone_sword":1,"minecraft:gold_ingot":4,"minecraft:sandstone":4,"minecraft:shears":1,"minecraft:cobbled_deepslate_slab":6,"minecraft:stone_shovel":2,"minecraft:fishing_rod":2,"minecraft:jukebox":1,"minecraft:furnace":12,"minecraft:dark_oak_sign":39,"minecraft:bone_meal":3,"minecraft:spruce_fence":48,"minecraft:white_carpet":9,"minecraft:oak_trapdoor":2,"minecraft:flint_and_steel":1,"minecraft:iron_axe":2,"minecraft:iron_hoe":1,"minecraft:stone_pickaxe":6,"minecraft:diamond_boots":1,"minecraft:spruce_boat":5,"minecraft:dark_oak_planks":252,"minecraft:wheat":828,"minecraft:cooked_beef":3,"minecraft:diamond_sword":1,"minecraft:bucket":2,"minecraft:stone_axe":1,"minecraft:bread":255,"minecraft:air":0,"minecraft:oak_boat":1,"minecraft:white_wool":6,"minecraft:iron_shovel":2,"minecraft:iron_leggings":1,"minecraft:torch":108,"minecraft:lapis_lazuli":9,"minecraft:diamond_chestplate":1},"minecraft:custom":{"minecraft:animals_bred":4,"minecraft:interact_with_crafting_table":101,"minecraft:open_barrel":1,"minecraft:bell_ring":5,"minecraft:leave_game":13,"minecraft:time_since_death":624373,"minecraft:damage_resisted":12,"minecraft:sprint_one_cm":2714939,"minecraft:damage_blocked_by_shield":505,"minecraft:drop":98,"minecraft:talked_to_villager":20,"minecraft:play_time":624373,"minecraft:jump":23105,"minecraft:interact_with_brewingstand":1,"minecraft:walk_on_water_one_cm":192332,"minecraft:enchant_item":2,"minecraft:interact_with_furnace":90,"minecraft:sleep_in_bed":6,"minecraft:open_enderchest":9,"minecraft:damage_dealt":26101,"minecraft:interact_with_beacon":1,"minecraft:player_kills":3,"minecraft:crouch_one_cm":134714,"minecraft:interact_with_smoker":57,"minecraft:inspect_dispenser":1,"minecraft:interact_with_smithing_table":1,"minecraft:mob_kills":173,"minecraft:interact_with_anvil":3,"minecraft:climb_one_cm":11564,"minecraft:walk_one_cm":2213970,"minecraft:sneak_time":27207,"minecraft:walk_under_water_one_cm":266053,"minecraft:boat_one_cm":2202220,"minecraft:interact_with_lectern":1,"minecraft:interact_with_blast_furnace":3,"minecraft:total_world_time":624373,"minecraft:interact_with_grindstone":2,"minecraft:interact_with_stonecutter":1,"minecraft:time_since_rest":72257,"minecraft:damage_taken":5449,"minecraft:swim_one_cm":716695,"minecraft:fly_one_cm":5333561,"minecraft:open_chest":340,"minecraft:pig_one_cm":190,"minecraft:fish_caught":9,"minecraft:fall_one_cm":609661},"minecraft:mined":{"minecraft:oak_sapling":1,"minecraft:brewing_stand":2,"minecraft:granite":22,"minecraft:red_sand":3,"minecraft:acacia_log":40,"minecraft:grass_block":220,"minecraft:jungle_log":20,"minecraft:soul_soil":28,"minecraft:oak_wall_sign":1,"minecraft:tall_seagrass":1,"minecraft:cobbled_deepslate":24,"minecraft:barrel":3,"minecraft:iron_ore":117,"minecraft:fire":7,"minecraft:dirt_path":1,"minecraft:player_head":1,"minecraft:deepslate_redstone_ore":11,"minecraft:blackstone":1,"minecraft:kelp_plant":28,"minecraft:smoker":2,"minecraft:soul_fire":11,"minecraft:orange_terracotta":7,"minecraft:torch":16,"minecraft:light_gray_terracotta":5,"minecraft:blast_furnace":1,"minecraft:melon":13,"minecraft:chest":2,"minecraft:nether_quartz_ore":64,"minecraft:cobblestone":152,"minecraft:sugar_cane":27,"minecraft:wall_torch":10,"minecraft:white_terracotta":5,"minecraft:birch_log":10,"minecraft:wheat":141,"minecraft:grass":126,"minecraft:oak_log":108,"minecraft:beetroots":2,"minecraft:sand":84,"minecraft:dirt":551,"minecraft:stonecutter":1,"minecraft:netherrack":3319,"minecraft:oak_leaves":55,"minecraft:deepslate":796,"minecraft:nether_gold_ore":11,"minecraft:yellow_terracotta":1,"minecraft:tuff":61,"minecraft:mossy_cobblestone":43,"minecraft:dark_oak_leaves":12,"minecraft:deepslate_diamond_ore":22,"minecraft:dark_oak_log":145,"minecraft:spruce_fence":11,"minecraft:spruce_leaves":86,"minecraft:kelp":9,"minecraft:sandstone":2,"minecraft:hay_block":101,"minecraft:redstone_ore":8,"minecraft:furnace":18,"minecraft:carrots":80,"minecraft:snow":29,"minecraft:andesite":37,"minecraft:gold_block":2,"minecraft:bell":1,"minecraft:potatoes":222,"minecraft:deepslate_iron_ore":6,"minecraft:packed_ice":1,"minecraft:stone":518,"minecraft:smithing_table":1,"minecraft:acacia_leaves":16,"minecraft:soul_sand":12,"minecraft:basalt":21,"minecraft:oak_fence":4,"minecraft:crafting_table":20,"minecraft:tall_grass":5,"minecraft:copper_ore":8,"minecraft:lapis_ore":8,"minecraft:diorite":16,"minecraft:blue_bed":3,"minecraft:red_terracotta":2,"minecraft:cactus":3,"minecraft:dark_oak_wall_sign":1,"minecraft:sweet_berry_bush":23,"minecraft:ice":7,"minecraft:white_carpet":1,"minecraft:spruce_log":67,"minecraft:coal_ore":155,"minecraft:cocoa":1,"minecraft:gravel":34,"minecraft:brown_terracotta":11,"minecraft:terracotta":18,"minecraft:fern":11},"minecraft:used":{"minecraft:iron_shovel":501,"minecraft:oak_sign":8,"minecraft:chest":9,"minecraft:shield":8,"minecraft:bell":1,"minecraft:player_head":2,"minecraft:soul_sand":2,"minecraft:carrot":94,"minecraft:acacia_sapling":8,"minecraft:tuff":12,"minecraft:snowball":5,"minecraft:obsidian":10,"minecraft:spruce_boat":60,"minecraft:jungle_sapling":4,"minecraft:packed_ice":503,"minecraft:lava_bucket":18,"minecraft:birch_sapling":4,"minecraft:iron_helmet":1,"minecraft:item_frame":4,"minecraft:hay_block":1,"minecraft:sweet_berries":81,"minecraft:furnace":16,"minecraft:oak_sapling":15,"minecraft:egg":1,"minecraft:potato":399,"minecraft:dark_oak_sapling":15,"minecraft:stone_pickaxe":663,"minecraft:dark_oak_sign":35,"minecraft:oak_planks":1,"minecraft:cactus":7,"minecraft:wooden_pickaxe":22,"minecraft:sandstone":4,"minecraft:sugar_cane":51,"minecraft:diamond_axe":430,"minecraft:blue_bed":2,"minecraft:sand":22,"minecraft:blast_furnace":1,"minecraft:dark_oak_log":6,"minecraft:gravel":29,"minecraft:diamond_sword":25,"minecraft:pufferfish_bucket":1,"minecraft:oak_boat":10,"minecraft:oak_trapdoor":1,"minecraft:oak_fence":9,"minecraft:stone_sword":13,"minecraft:acacia_log":1,"minecraft:flint_and_steel":1,"minecraft:stone_shovel":262,"minecraft:spruce_planks":24,"minecraft:stone_hoe":235,"minecraft:netherrack":1049,"minecraft:torch":114,"minecraft:dirt":552,"minecraft:white_carpet":9,"minecraft:spruce_fence":32,"minecraft:granite":6,"minecraft:iron_hoe":212,"minecraft:iron_axe":295,"minecraft:jungle_log":9,"minecraft:iron_boots":1,"minecraft:barrel":3,"minecraft:basalt":18,"minecraft:cooked_beef":56,"minecraft:cobbled_deepslate":246,"minecraft:orange_terracotta":1,"minecraft:cobbled_deepslate_wall":1,"minecraft:wheat_seeds":108,"minecraft:cooked_mutton":4,"minecraft:water_bucket":168,"minecraft:cobblestone_stairs":8,"minecraft:baked_potato":168,"minecraft:stonecutter":1,"minecraft:cobblestone_slab":12,"minecraft:terracotta":3,"minecraft:crafting_table":26,"minecraft:smoker":9,"minecraft:spruce_log":2,"minecraft:wooden_hoe":62,"minecraft:diamond_pickaxe":3317,"minecraft:diamond_shovel":161,"minecraft:iron_pickaxe":1506,"minecraft:spruce_sapling":8,"minecraft:stone_axe":89,"minecraft:fishing_rod":13,"minecraft:cobblestone":361,"minecraft:cobbled_deepslate_slab":1,"minecraft:bucket":190,"minecraft:kelp":137,"minecraft:jukebox":1}},"DataVersion":2865}