{"stats":{"minecraft:mined":{"minecraft:dark_oak_planks":3,"minecraft:red_shulker_box":4,"minecraft:fire_coral_wall_fan":8,"minecraft:jungle_leaves":19,"minecraft:obsidian":59,"minecraft:granite":51,"minecraft:red_sand":770,"minecraft:stone_brick_wall":3,"minecraft:jungle_log":279,"minecraft:horn_coral_fan":1,"minecraft:deepslate_bricks":22,"minecraft:deepslate_tile_stairs":5,"minecraft:tube_coral_block":2,"minecraft:oak_wall_sign":27,"minecraft:spawner":3,"minecraft:light_blue_stained_glass":18,"minecraft:tall_seagrass":34,"minecraft:magma_block":38,"minecraft:sticky_piston":2,"minecraft:cobbled_deepslate":58,"minecraft:fire":309,"minecraft:pumpkin":4,"minecraft:deepslate_lapis_ore":289,"minecraft:enchanting_table":3,"minecraft:oak_sign":2,"minecraft:polished_deepslate_slab":1,"minecraft:quartz_slab":1,"minecraft:spruce_pressure_plate":4,"minecraft:white_shulker_box":2,"minecraft:player_head":31,"minecraft:piston_head":2,"minecraft:jungle_button":1,"minecraft:brown_mushroom":30,"minecraft:kelp_plant":13,"minecraft:player_wall_head":12,"minecraft:soul_fire":12,"minecraft:amethyst_cluster":1,"minecraft:deepslate_tile_slab":84,"minecraft:blue_stained_glass":26,"minecraft:torch":14,"minecraft:melon":1,"minecraft:dead_bush":3,"minecraft:spruce_wall_sign":2,"minecraft:glass":286,"minecraft:tube_coral_fan":1,"minecraft:damaged_anvil":1,"minecraft:sugar_cane":156,"minecraft:spruce_sign":2,"minecraft:amethyst_block":3,"minecraft:birch_sapling":1,"minecraft:white_terracotta":4,"minecraft:tinted_glass":149,"minecraft:wheat":138,"minecraft:lime_concrete":2,"minecraft:grass":11,"minecraft:dark_oak_sapling":4,"minecraft:smooth_basalt":3,"minecraft:stonecutter":7,"minecraft:piston":2,"minecraft:deepslate":744,"minecraft:dark_prismarine":64,"minecraft:deepslate_tiles":49,"minecraft:mossy_cobblestone":5,"minecraft:dark_oak_log":7,"minecraft:sea_lantern":65,"minecraft:end_stone":413,"minecraft:shulker_box":86,"minecraft:nether_bricks":31,"minecraft:dark_oak_fence":12,"minecraft:kelp":12,"minecraft:moss_block":5,"minecraft:horn_coral_wall_fan":7,"minecraft:pink_wool":1,"minecraft:horn_coral":2,"minecraft:snow":19,"minecraft:andesite":379,"minecraft:diamond_block":5,"minecraft:potatoes":209,"minecraft:vine":8,"minecraft:rail":5,"minecraft:brain_coral_wall_fan":2,"minecraft:fire_coral_block":22,"minecraft:brain_coral":3,"minecraft:ender_chest":62,"minecraft:birch_stairs":6,"minecraft:glass_pane":4,"minecraft:soul_sand":7,"minecraft:fire_coral":2,"minecraft:brain_coral_fan":1,"minecraft:copper_ore":5,"minecraft:deepslate_gold_ore":94,"minecraft:diorite":67,"minecraft:red_terracotta":6,"minecraft:coarse_dirt":1,"minecraft:spruce_log":227,"minecraft:birch_leaves":30,"minecraft:quartz_pillar":36,"minecraft:mycelium":261,"minecraft:gravel":93,"minecraft:cobweb":123,"minecraft:brown_terracotta":4,"minecraft:polished_blackstone":24,"minecraft:stone_bricks":32,"minecraft:gold_ore":24,"minecraft:chipped_anvil":4,"minecraft:spruce_planks":26,"minecraft:cobbled_deepslate_stairs":2,"minecraft:jungle_slab":2,"minecraft:andesite_stairs":1,"minecraft:cobblestone_stairs":1,"minecraft:spruce_trapdoor":3,"minecraft:grass_block":54,"minecraft:bubble_coral_fan":1,"minecraft:soul_soil":5,"minecraft:raw_iron_block":1,"minecraft:iron_ore":226,"minecraft:black_carpet":1,"minecraft:anvil":4,"minecraft:iron_bars":44,"minecraft:birch_wall_sign":2,"minecraft:brain_coral_block":15,"minecraft:spruce_slab":29,"minecraft:deepslate_redstone_ore":179,"minecraft:brown_shulker_box":2,"minecraft:quartz_block":4,"minecraft:blackstone":164,"minecraft:orange_terracotta":9,"minecraft:light_gray_terracotta":2,"minecraft:calcite":2,"minecraft:poppy":3,"minecraft:chest":19,"minecraft:mushroom_stem":10,"minecraft:nether_quartz_ore":1078,"minecraft:cobblestone":23,"minecraft:slime_block":7,"minecraft:prismarine":66,"minecraft:oak_planks":42,"minecraft:wall_torch":32,"minecraft:seagrass":12,"minecraft:stone_stairs":1,"minecraft:warped_nylium":3,"minecraft:dark_oak_slab":20,"minecraft:birch_log":101,"minecraft:light_gray_wool":3,"minecraft:smooth_stone_slab":1,"minecraft:oak_log":173,"minecraft:beetroots":3,"minecraft:sand":213,"minecraft:dirt":247,"minecraft:dispenser":7,"minecraft:netherrack":4851,"minecraft:ancient_debris":13,"minecraft:oak_leaves":31,"minecraft:horn_coral_block":13,"minecraft:nether_gold_ore":79,"minecraft:diamond_ore":3,"minecraft:tube_coral":1,"minecraft:tuff":18,"minecraft:red_carpet":13,"minecraft:oak_door":45,"minecraft:deepslate_diamond_ore":119,"minecraft:dark_oak_leaves":1,"minecraft:gray_stained_glass_pane":2,"minecraft:glow_lichen":2,"minecraft:tube_coral_wall_fan":5,"minecraft:stone_button":5,"minecraft:white_stained_glass":71,"minecraft:cyan_banner":2,"minecraft:brown_mushroom_block":45,"minecraft:birch_slab":276,"minecraft:spruce_leaves":82,"minecraft:sandstone":13,"minecraft:large_fern":1,"minecraft:hay_block":64,"minecraft:oak_trapdoor":1,"minecraft:furnace":7,"minecraft:carrots":138,"minecraft:gold_block":8,"minecraft:bell":122,"minecraft:polished_deepslate":32,"minecraft:bookshelf":82,"minecraft:shroomlight":3,"minecraft:deepslate_iron_ore":100,"minecraft:lantern":4,"minecraft:packed_ice":815,"minecraft:wet_sponge":39,"minecraft:chorus_plant":58,"minecraft:stone":1546,"minecraft:scaffolding":1,"minecraft:basalt":299,"minecraft:spruce_door":2,"minecraft:crafting_table":36,"minecraft:cyan_stained_glass_pane":2,"minecraft:lime_carpet":1,"minecraft:stone_slab":1,"minecraft:deepslate_coal_ore":2,"minecraft:quartz_bricks":73,"minecraft:lapis_ore":133,"minecraft:red_concrete":1,"minecraft:lily_pad":1,"minecraft:spruce_stairs":28,"minecraft:prismarine_bricks":69,"minecraft:birch_planks":8,"minecraft:cactus":6,"minecraft:sea_pickle":1,"minecraft:sweet_berry_bush":6,"minecraft:ice":6,"minecraft:black_wool":35,"minecraft:coal_ore":685,"minecraft:cocoa":13,"minecraft:bubble_coral_wall_fan":4,"minecraft:purple_shulker_box":1,"minecraft:terracotta":21},"minecraft:broken":{"minecraft:iron_sword":1,"minecraft:iron_pickaxe":3,"minecraft:stone_pickaxe":1},"minecraft:used":{"minecraft:moss_block":10,"minecraft:writable_book":4,"minecraft:polished_blackstone":24,"minecraft:dispenser":7,"minecraft:spruce_slab":98,"minecraft:poppy":3,"minecraft:black_carpet":2,"minecraft:chest":43,"minecraft:stone":284,"minecraft:white_shulker_box":5,"minecraft:quartz_stairs":2,"minecraft:lily_of_the_valley":16,"minecraft:soul_sand":7,"minecraft:cocoa_beans":6,"minecraft:blue_stained_glass":122,"minecraft:jungle_slab":3,"minecraft:deepslate_brick_slab":1,"minecraft:snowball":19,"minecraft:spruce_boat":71,"minecraft:packed_ice":336,"minecraft:quartz_pillar":180,"minecraft:grass_block":41,"minecraft:birch_sapling":17,"minecraft:orange_shulker_box":1,"minecraft:quartz_block":28,"minecraft:wet_sponge":3,"minecraft:netherite_hoe":11,"minecraft:dark_oak_slab":36,"minecraft:dark_oak_button":4,"minecraft:pink_wool":1,"minecraft:dark_oak_boat":1,"minecraft:bow":556,"minecraft:furnace":18,"minecraft:sweet_berries":119,"minecraft:oak_sapling":5,"minecraft:cooked_cod":10,"minecraft:egg":35,"minecraft:potato":130,"minecraft:seagrass":31,"minecraft:damaged_anvil":1,"minecraft:diorite":30,"minecraft:spruce_door":2,"minecraft:chorus_fruit":77,"minecraft:prismarine":1,"minecraft:blackstone":16,"minecraft:cactus":3,"minecraft:wooden_pickaxe":13,"minecraft:jungle_boat":64,"minecraft:oak_leaves":1,"minecraft:golden_apple":2,"minecraft:sand":376,"minecraft:pumpkin_seeds":4,"minecraft:deepslate_tiles":355,"minecraft:gray_stained_glass_pane":2,"minecraft:birch_slab":521,"minecraft:stone_button":11,"minecraft:red_terracotta":5,"minecraft:diamond_ore":2,"minecraft:diamond_sword":475,"minecraft:birch_log":4,"minecraft:dark_oak_fence":11,"minecraft:white_stained_glass":71,"minecraft:ice":8,"minecraft:oak_boat":194,"minecraft:oak_trapdoor":6,"minecraft:enchanting_table":4,"minecraft:stone_sword":37,"minecraft:red_concrete":4,"minecraft:tinted_glass":102,"minecraft:netherrack":2604,"minecraft:torch":290,"minecraft:brewing_stand":2,"minecraft:anvil":7,"minecraft:nether_quartz_ore":104,"minecraft:stone_stairs":5,"minecraft:oak_fence_gate":2,"minecraft:shroomlight":3,"minecraft:red_shulker_box":3,"minecraft:chipped_anvil":3,"minecraft:sea_lantern":18,"minecraft:iron_axe":142,"minecraft:slime_block":7,"minecraft:jungle_log":6,"minecraft:totem_of_undying":1,"minecraft:melon_seeds":4,"minecraft:smooth_basalt":6,"minecraft:basalt":220,"minecraft:lime_concrete":2,"minecraft:cobbled_deepslate":719,"minecraft:orange_terracotta":9,"minecraft:calcite":2,"minecraft:wheat_seeds":185,"minecraft:water_bucket":660,"minecraft:birch_planks":8,"minecraft:spruce_chest_boat":1,"minecraft:bubble_coral_fan":5,"minecraft:glow_ink_sac":8,"minecraft:deepslate_bricks":22,"minecraft:polished_deepslate_slab":44,"minecraft:mossy_cobblestone":4,"minecraft:diamond_block":5,"minecraft:rail":11,"minecraft:crafting_table":55,"minecraft:birch_sign":4,"minecraft:spruce_log":33,"minecraft:oak_log":10,"minecraft:diamond_pickaxe":10057,"minecraft:diamond_shovel":1386,"minecraft:iron_pickaxe":1514,"minecraft:spruce_pressure_plate":4,"minecraft:spruce_trapdoor":35,"minecraft:spruce_sapling":20,"minecraft:blue_carpet":18,"minecraft:cobblestone":375,"minecraft:andesite_stairs":5,"minecraft:cooked_porkchop":25,"minecraft:kelp":28,"minecraft:moss_carpet":1,"minecraft:red_sand":2,"minecraft:polished_deepslate":59,"minecraft:light_gray_stained_glass_pane":1,"minecraft:oak_sign":34,"minecraft:diamond_hoe":20,"minecraft:shield":95,"minecraft:white_terracotta":2,"minecraft:iron_sword":222,"minecraft:purple_shulker_box":2,"minecraft:bell":135,"minecraft:player_head":81,"minecraft:iron_chestplate":1,"minecraft:nether_bricks":27,"minecraft:carrot":206,"minecraft:deepslate_tile_slab":117,"minecraft:tuff":22,"minecraft:axolotl_bucket":24,"minecraft:milk_bucket":11,"minecraft:obsidian":34,"minecraft:glass":582,"minecraft:coal_ore":131,"minecraft:quartz_slab":39,"minecraft:lantern":18,"minecraft:blue_orchid":1,"minecraft:iron_helmet":1,"minecraft:stone_bricks":12,"minecraft:item_frame":2,"minecraft:deepslate_diamond_ore":23,"minecraft:birch_trapdoor":2,"minecraft:red_carpet":84,"minecraft:magma_block":9,"minecraft:scaffolding":7,"minecraft:written_book":19,"minecraft:jungle_button":2,"minecraft:gray_bed":1,"minecraft:beetroot_seeds":3,"minecraft:dark_oak_sapling":1,"minecraft:stone_pickaxe":139,"minecraft:oak_planks":94,"minecraft:ender_pearl":9,"minecraft:sandstone":7,"minecraft:diamond_axe":1658,"minecraft:loom":1,"minecraft:mushroom_stew":4,"minecraft:light_gray_terracotta":2,"minecraft:deepslate_redstone_ore":23,"minecraft:stone_brick_wall":10,"minecraft:black_bed":36,"minecraft:cobbled_deepslate_stairs":50,"minecraft:deepslate_lapis_ore":113,"minecraft:end_stone":297,"minecraft:sticky_piston":4,"minecraft:lever":3,"minecraft:firework_rocket":993,"minecraft:gray_shulker_box":4,"minecraft:lime_carpet":1,"minecraft:bread":31,"minecraft:deepslate":288,"minecraft:gravel":7,"minecraft:jungle_sign":1,"minecraft:cooked_rabbit":207,"minecraft:andesite":61,"minecraft:coarse_dirt":1,"minecraft:deepslate_coal_ore":2,"minecraft:smooth_stone_slab":1,"minecraft:tropical_fish_bucket":134,"minecraft:experience_bottle":25,"minecraft:netherite_sword":294,"minecraft:oak_fence":1,"minecraft:trident":63,"minecraft:flint_and_steel":7,"minecraft:music_disc_otherside":1,"minecraft:stone_shovel":68,"minecraft:spruce_planks":48,"minecraft:ender_chest":63,"minecraft:brown_shulker_box":2,"minecraft:deepslate_gold_ore":1,"minecraft:oak_door":48,"minecraft:spyglass":409,"minecraft:dirt":191,"minecraft:white_carpet":2,"minecraft:diamond_helmet":1,"minecraft:prismarine_bricks":1,"minecraft:spruce_stairs":109,"minecraft:cobblestone_wall":1,"minecraft:shulker_box":87,"minecraft:spruce_fence":8,"minecraft:light_blue_stained_glass":114,"minecraft:granite":19,"minecraft:iron_hoe":39,"minecraft:brown_terracotta":4,"minecraft:dark_oak_planks":21,"minecraft:bookshelf":32,"minecraft:iron_boots":1,"minecraft:golden_carrot":187,"minecraft:soul_soil":3,"minecraft:deepslate_tile_stairs":44,"minecraft:white_stained_glass_pane":2,"minecraft:minecart":10,"minecraft:netherite_pickaxe":2744,"minecraft:cyan_banner":2,"minecraft:cooked_beef":169,"minecraft:red_dye":1,"minecraft:light_gray_bed":7,"minecraft:iron_leggings":1,"minecraft:brain_coral_block":13,"minecraft:quartz_bricks":581,"minecraft:iron_ore":1,"minecraft:amethyst_block":3,"minecraft:glass_bottle":9,"minecraft:baked_potato":199,"minecraft:brown_mushroom":1,"minecraft:spruce_sign":11,"minecraft:white_dye":1,"minecraft:beacon":1,"minecraft:stonecutter":8,"minecraft:terracotta":21,"minecraft:music_disc_cat":2,"minecraft:nether_gold_ore":22,"minecraft:piston":1,"minecraft:lapis_ore":52,"minecraft:map":1,"minecraft:netherite_axe":84,"minecraft:stone_slab":6,"minecraft:stone_axe":25,"minecraft:fishing_rod":218,"minecraft:cobbled_deepslate_slab":2,"minecraft:cyan_stained_glass_pane":2,"minecraft:bucket":906,"minecraft:splash_potion":5,"minecraft:birch_stairs":18},"minecraft:crafted":{"minecraft:ender_chest":1,"minecraft:oak_sign":6,"minecraft:blaze_powder":6,"minecraft:birch_slab":342,"minecraft:slime_block":6,"minecraft:loom":1,"minecraft:diamond_shovel":1,"minecraft:bookshelf":5,"minecraft:shulker_box":3,"minecraft:quartz_block":571,"minecraft:glass":777,"minecraft:diamond_helmet":1,"minecraft:diamond_leggings":2,"minecraft:netherite_boots":1,"minecraft:polished_blackstone":128,"minecraft:cyan_banner":2,"minecraft:cooked_rabbit":190,"minecraft:gray_bed":1,"minecraft:glass_bottle":9,"minecraft:blue_stained_glass":96,"minecraft:emerald":103,"minecraft:diamond_axe":2,"minecraft:raw_gold_block":27,"minecraft:copper_ingot":2,"minecraft:sticky_piston":2,"minecraft:polished_deepslate_slab":54,"minecraft:light_gray_bed":7,"minecraft:tropical_fish_bucket":4,"minecraft:stone_slab":6,"minecraft:iron_pickaxe":9,"minecraft:iron_block":93,"minecraft:gold_ingot":552,"minecraft:netherite_ingot":3,"minecraft:birch_stairs":16,"minecraft:stone_shovel":1,"minecraft:iron_nugget":135,"minecraft:spyglass":1,"minecraft:player_head":20,"minecraft:diamond_hoe":1,"minecraft:bone_meal":153,"minecraft:spruce_fence":9,"minecraft:stone_stairs":4,"minecraft:lantern":16,"minecraft:netherite_axe":1,"minecraft:diamond":207,"minecraft:spruce_stairs":84,"minecraft:spruce_slab":72,"minecraft:stone_pickaxe":2,"minecraft:diamond_boots":1,"minecraft:cobbled_deepslate_stairs":48,"minecraft:quartz_slab":2,"minecraft:spruce_boat":11,"minecraft:redstone_block":115,"minecraft:dark_oak_planks":60,"minecraft:lead":2,"minecraft:wheat":108,"minecraft:coal_block":43,"minecraft:netherite_pickaxe":1,"minecraft:enchanting_table":2,"minecraft:leather_helmet":1,"minecraft:dark_oak_button":1,"minecraft:red_carpet":3,"minecraft:deepslate_tiles":2,"minecraft:white_stained_glass":72,"minecraft:enchanted_book":2,"minecraft:oak_fence_gate":2,"minecraft:andesite_slab":6,"minecraft:gray_shulker_box":4,"minecraft:fermented_spider_eye":1,"minecraft:birch_trapdoor":2,"minecraft:writable_book":57,"minecraft:iron_shovel":1,"minecraft:iron_leggings":1,"minecraft:deepslate_tile_stairs":16,"minecraft:blue_carpet":18,"minecraft:oak_planks":544,"minecraft:quartz_pillar":22,"minecraft:spruce_pressure_plate":1,"minecraft:bow":19,"minecraft:iron_boots":1,"minecraft:chest":29,"minecraft:rail":16,"minecraft:ender_eye":1,"minecraft:stone_bricks":12,"minecraft:oak_fence":3,"minecraft:raw_iron_block":18,"minecraft:quartz_stairs":2,"minecraft:oak_slab":6,"minecraft:crafting_table":22,"minecraft:spruce_planks":1068,"minecraft:iron_helmet":1,"minecraft:wooden_pickaxe":1,"minecraft:baked_potato":249,"minecraft:gold_block":85,"minecraft:spruce_chest_boat":1,"minecraft:brewing_stand":1,"minecraft:birch_planks":240,"minecraft:tnt":4,"minecraft:spruce_trapdoor":32,"minecraft:book":24,"minecraft:iron_chestplate":1,"minecraft:paper":186,"minecraft:diamond_pickaxe":4,"minecraft:shield":5,"minecraft:stick":3440,"minecraft:light_blue_dye":12,"minecraft:iron_ingot":789,"minecraft:andesite_stairs":4,"minecraft:stone_sword":2,"minecraft:light_blue_stained_glass":96,"minecraft:black_bed":36,"minecraft:shears":1,"minecraft:deepslate_tile_slab":24,"minecraft:oak_door":6,"minecraft:cobbled_deepslate_slab":6,"minecraft:cookie":24,"minecraft:coal":18,"minecraft:redstone":9,"minecraft:raw_iron":171,"minecraft:stone_brick_wall":12,"minecraft:fishing_rod":6,"minecraft:netherite_sword":1,"minecraft:golden_chestplate":1,"minecraft:furnace":12,"minecraft:stone_button":3,"minecraft:piston":2,"minecraft:dark_oak_sign":6,"minecraft:diamond_block":24,"minecraft:oak_trapdoor":6,"minecraft:flint_and_steel":2,"minecraft:netherite_chestplate":1,"minecraft:leather":60,"minecraft:polished_deepslate":284,"minecraft:iron_axe":2,"minecraft:cobblestone_wall":6,"minecraft:netherite_scrap":12,"minecraft:birch_sign":3,"minecraft:minecart":1,"minecraft:cooked_beef":50,"minecraft:sugar":1,"minecraft:red_dye":1,"minecraft:diamond_sword":1,"minecraft:spruce_sign":3,"minecraft:iron_sword":1,"minecraft:bowl":8,"minecraft:bucket":94,"minecraft:stone_axe":1,"minecraft:air":0,"minecraft:bread":23,"minecraft:jungle_planks":1036,"minecraft:blue_dye":12,"minecraft:oak_boat":9,"minecraft:white_dye":13,"minecraft:anvil":3,"minecraft:stonecutter":1,"minecraft:torch":272,"minecraft:lapis_block":360,"minecraft:lapis_lazuli":126,"minecraft:diamond_chestplate":1,"minecraft:firework_rocket":105},"minecraft:dropped":{"minecraft:piston":2,"minecraft:porkchop":1,"minecraft:cooked_beef":36,"minecraft:chorus_fruit":54,"minecraft:diamond":48,"minecraft:crafting_table":5,"minecraft:cookie":8,"minecraft:saddle":1,"minecraft:elytra":3,"minecraft:rail":15,"minecraft:leather_helmet":1,"minecraft:emerald":38,"minecraft:dirt":42,"minecraft:stone_button":2,"minecraft:netherite_boots":2,"minecraft:gold_nugget":238,"minecraft:bone_meal":2,"minecraft:phantom_membrane":4,"minecraft:sand":12,"minecraft:iron_pickaxe":6,"minecraft:purple_wool":3,"minecraft:dark_oak_planks":1,"minecraft:fishing_rod":9,"minecraft:bone":18,"minecraft:oak_door":2,"minecraft:stone_axe":1,"minecraft:sugar_cane":1,"minecraft:diamond_block":4,"minecraft:iron_nugget":8,"minecraft:cobbled_deepslate":5,"minecraft:tinted_glass":5,"minecraft:netherite_sword":3,"minecraft:wheat":2,"minecraft:rotten_flesh":203,"minecraft:oak_planks":6,"minecraft:netherite_shovel":1,"minecraft:end_stone":51,"minecraft:blaze_powder":2,"minecraft:rabbit_foot":5,"minecraft:sea_lantern":32,"minecraft:tipped_arrow":1,"minecraft:deepslate_tiles":1,"minecraft:leather_boots":4,"minecraft:leather_leggings":2,"minecraft:white_dye":3,"minecraft:spruce_slab":4,"minecraft:glass":373,"minecraft:beef":36,"minecraft:flowering_azalea_leaves":6,"minecraft:egg":3,"minecraft:enchanted_book":2,"minecraft:iron_ingot":2,"minecraft:netherite_pickaxe":1,"minecraft:wheat_seeds":19,"minecraft:polished_blackstone":2,"minecraft:netherite_helmet":2,"minecraft:netherite_chestplate":2,"minecraft:iron_helmet":1,"minecraft:oak_fence":2,"minecraft:feather":75,"minecraft:cobblestone":118,"minecraft:prismarine_crystals":19,"minecraft:book":84,"minecraft:granite":26,"minecraft:coal":92,"minecraft:mushroom_stew":2,"minecraft:golden_carrot":35,"minecraft:ink_sac":83,"minecraft:red_dye":5,"minecraft:iron_shovel":1,"minecraft:paper":3,"minecraft:string":15,"minecraft:lily_pad":3,"minecraft:gray_carpet":4,"minecraft:furnace":1,"minecraft:soul_soil":4,"minecraft:netherite_hoe":1,"minecraft:player_head":28,"minecraft:stone_sword":2,"minecraft:cobblestone_wall":5,"minecraft:cocoa_beans":24,"minecraft:deepslate":1,"minecraft:bowl":1,"minecraft:diamond_hoe":1,"minecraft:stone_shovel":2,"minecraft:iron_boots":1,"minecraft:stone_slab":1,"minecraft:white_terracotta":2,"minecraft:orange_wool":3,"minecraft:oak_sign":2,"minecraft:spruce_fence":4,"minecraft:pumpkin_seeds":2,"minecraft:shears":1,"minecraft:lily_of_the_valley":4,"minecraft:potato":13,"minecraft:spruce_boat":2,"minecraft:stone":90,"minecraft:spruce_planks":7,"minecraft:diamond_pickaxe":3,"minecraft:spider_eye":5,"minecraft:sandstone":6,"minecraft:bow":11,"minecraft:bell":1,"minecraft:magma_block":24,"minecraft:cooked_rabbit":61,"minecraft:black_wool":38,"minecraft:spruce_sign":1,"minecraft:blue_shulker_box":1,"minecraft:soul_sand":3,"minecraft:brown_mushroom":12,"minecraft:birch_planks":1,"minecraft:diamond_axe":3,"minecraft:oak_log":69,"minecraft:ender_pearl":5,"minecraft:red_wool":3,"minecraft:black_banner":1,"minecraft:birch_slab":5,"minecraft:cod":1,"minecraft:flint":4,"minecraft:spruce_leaves":13,"minecraft:dark_oak_log":5,"minecraft:packed_ice":487,"minecraft:cooked_cod":5,"minecraft:jungle_sign":1,"minecraft:pumpkin_pie":44,"minecraft:axolotl_bucket":1,"minecraft:gravel":10,"minecraft:blackstone":24,"minecraft:spyglass":3,"minecraft:yellow_wool":4,"minecraft:beetroot":2,"minecraft:carrot":4,"minecraft:chainmail_chestplate":1,"minecraft:poppy":1,"minecraft:trident":6,"minecraft:gunpowder":10,"minecraft:melon_seeds":7,"minecraft:chest":2,"minecraft:basalt":65,"minecraft:arrow":34,"minecraft:scaffolding":5,"minecraft:quartz":406,"minecraft:written_book":6,"minecraft:splash_potion":8,"minecraft:netherrack":2121,"minecraft:firework_rocket":388,"minecraft:water_bucket":4,"minecraft:golden_helmet":1,"minecraft:poisonous_potato":1,"minecraft:prismarine_shard":38,"minecraft:lead":11,"minecraft:copper_ingot":2,"minecraft:tropical_fish":1,"minecraft:spruce_stairs":2,"minecraft:acacia_log":62,"minecraft:grass_block":1,"minecraft:stick":55,"minecraft:diorite":44,"minecraft:torch":100,"minecraft:light_blue_wool":1,"minecraft:iron_leggings":1,"minecraft:flowering_azalea":1,"minecraft:iron_axe":1,"minecraft:bucket":29,"minecraft:music_disc_cat":3,"minecraft:redstone_block":2,"minecraft:redstone":8,"minecraft:ender_chest":2,"minecraft:blaze_rod":2,"minecraft:raw_copper":7,"minecraft:light_gray_wool":2,"minecraft:iron_hoe":1,"minecraft:totem_of_undying":9,"minecraft:shulker_box":4,"minecraft:netherite_leggings":2,"minecraft:copper_ore":1,"minecraft:shield":3,"minecraft:diamond_chestplate":1,"minecraft:iron_chestplate":2,"minecraft:andesite":26,"minecraft:pink_wool":3,"minecraft:golden_leggings":2,"minecraft:oak_boat":21,"minecraft:golden_sword":38,"minecraft:birch_sign":1,"minecraft:diamond_boots":1,"minecraft:spruce_log":70,"minecraft:stone_pickaxe":1,"minecraft:wooden_pickaxe":1,"minecraft:nether_quartz_ore":2,"minecraft:brick":3},"minecraft:custom":{"minecraft:interact_with_crafting_table":283,"minecraft:open_barrel":349,"minecraft:bell_ring":636,"minecraft:leave_game":116,"minecraft:time_since_death":4554293,"minecraft:damage_blocked_by_shield":4786,"minecraft:play_time":4554295,"minecraft:jump":97886,"minecraft:enchant_item":23,"minecraft:interact_with_furnace":371,"minecraft:play_record":3,"minecraft:traded_with_villager":115,"minecraft:sleep_in_bed":39,"minecraft:damage_dealt":79373,"minecraft:interact_with_smoker":39,"minecraft:inspect_dispenser":30,"minecraft:horse_one_cm":207602,"minecraft:interact_with_smithing_table":10,"minecraft:inspect_dropper":110,"minecraft:interact_with_anvil":109,"minecraft:inspect_hopper":65,"minecraft:damage_dealt_absorbed":421,"minecraft:target_hit":3,"minecraft:sneak_time":244035,"minecraft:interact_with_lectern":40,"minecraft:total_world_time":4554295,"minecraft:tune_noteblock":10,"minecraft:interact_with_stonecutter":39,"minecraft:time_since_rest":104808,"minecraft:swim_one_cm":3774345,"minecraft:fly_one_cm":18652646,"minecraft:open_chest":2368,"minecraft:fish_caught":107,"minecraft:fall_one_cm":2947882,"minecraft:animals_bred":228,"minecraft:open_shulker_box":467,"minecraft:damage_resisted":403,"minecraft:sprint_one_cm":10204747,"minecraft:drop":756,"minecraft:talked_to_villager":61,"minecraft:interact_with_brewingstand":27,"minecraft:walk_on_water_one_cm":632862,"minecraft:open_enderchest":471,"minecraft:interact_with_beacon":1,"minecraft:player_kills":2,"minecraft:crouch_one_cm":997949,"minecraft:mob_kills":3700,"minecraft:climb_one_cm":334869,"minecraft:walk_one_cm":14822297,"minecraft:raid_win":1,"minecraft:walk_under_water_one_cm":1799950,"minecraft:boat_one_cm":10706219,"minecraft:interact_with_grindstone":2,"minecraft:damage_taken":22519,"minecraft:damage_absorbed":40,"minecraft:minecart_one_cm":6265,"minecraft:aviate_one_cm":33084021},"minecraft:killed":{"minecraft:cave_spider":3,"minecraft:skeleton":235,"minecraft:guardian":17,"minecraft:skeleton_horse":1,"minecraft:magma_cube":48,"minecraft:elder_guardian":3,"minecraft:pillager":10,"minecraft:zombie":59,"minecraft:glow_squid":11,"minecraft:cow":81,"minecraft:evoker":4,"minecraft:vindicator":8,"minecraft:rabbit":135,"minecraft:wandering_trader":1,"minecraft:ravager":1,"minecraft:enderman":5,"minecraft:witch":1,"minecraft:zombified_piglin":1,"minecraft:spider":23,"minecraft:piglin":14,"minecraft:pig":1,"minecraft:zombie_villager":1,"minecraft:creeper":32,"minecraft:sheep":2,"minecraft:ghast":12,"minecraft:blaze":3,"minecraft:vex":11,"minecraft:slime":90,"minecraft:phantom":75,"minecraft:drowned":10,"minecraft:hoglin":1,"minecraft:squid":11,"minecraft:wither_skeleton":3},"minecraft:picked_up":{"minecraft:seagrass":62,"minecraft:iron_chestplate":1,"minecraft:anvil":4,"minecraft:prismarine_shard":38,"minecraft:lead":28,"minecraft:stone_slab":3,"minecraft:diamond_sword":2,"minecraft:enchanted_book":6,"minecraft:purple_shulker_box":2,"minecraft:golden_sword":29,"minecraft:amethyst_block":3,"minecraft:polished_deepslate":31,"minecraft:music_disc_cat":4,"minecraft:string":150,"minecraft:soul_soil":7,"minecraft:pufferfish":12,"minecraft:shroomlight":3,"minecraft:beetroot":2,"minecraft:gold_nugget":1045,"minecraft:cobbled_deepslate":834,"minecraft:spruce_planks":80,"minecraft:horn_coral_block":13,"minecraft:written_book":7,"minecraft:melon_slice":3,"minecraft:diamond_ore":2,"minecraft:golden_helmet":3,"minecraft:spruce_pressure_plate":4,"minecraft:acacia_log":186,"minecraft:deepslate_tile_stairs":5,"minecraft:golden_chestplate":2,"minecraft:cyan_stained_glass_pane":2,"minecraft:rabbit_foot":33,"minecraft:gray_stained_glass_pane":2,"minecraft:lime_carpet":1,"minecraft:horn_coral_fan":8,"minecraft:light_blue_wool":1,"minecraft:tropical_fish":2,"minecraft:iron_block":54,"minecraft:bookshelf":16,"minecraft:white_terracotta":4,"minecraft:netherite_chestplate":5,"minecraft:blaze_rod":4,"minecraft:iron_bars":44,"minecraft:snowball":19,"minecraft:birch_log":102,"minecraft:magma_block":33,"minecraft:feather":98,"minecraft:cooked_beef":157,"minecraft:birch_slab":282,"minecraft:water_bucket":6,"minecraft:jungle_log":279,"minecraft:dark_oak_boat":1,"minecraft:flint":45,"minecraft:netherite_leggings":5,"minecraft:lantern":4,"minecraft:chipped_anvil":4,"minecraft:stonecutter":7,"minecraft:rabbit":190,"minecraft:moss_block":10,"minecraft:ink_sac":150,"minecraft:dark_oak_log":9,"minecraft:red_terracotta":5,"minecraft:quartz_bricks":72,"minecraft:iron_hoe":1,"minecraft:dispenser":7,"minecraft:deepslate":21,"minecraft:lever":3,"minecraft:deepslate_gold_ore":1,"minecraft:granite":50,"minecraft:deepslate_coal_ore":2,"minecraft:dark_oak_fence":11,"minecraft:diamond_pickaxe":8,"minecraft:spruce_leaves":13,"minecraft:crafting_table":38,"minecraft:coarse_dirt":1,"minecraft:bubble_coral_fan":5,"minecraft:purple_wool":4,"minecraft:leather_leggings":3,"minecraft:fire_coral":2,"minecraft:elytra":4,"minecraft:white_stained_glass":70,"minecraft:white_carpet":2,"minecraft:netherite_sword":5,"minecraft:deepslate_diamond_ore":24,"minecraft:music_disc_otherside":1,"minecraft:beef":120,"minecraft:jungle_sapling":3,"minecraft:iron_nugget":1,"minecraft:poppy":6,"minecraft:spruce_slab":30,"minecraft:minecart":9,"minecraft:birch_sapling":17,"minecraft:chest":23,"minecraft:piston":4,"minecraft:egg":39,"minecraft:copper_ore":6,"minecraft:sandstone":13,"minecraft:polished_deepslate_slab":1,"minecraft:stone":1411,"minecraft:oak_door":46,"minecraft:spruce_fence":3,"minecraft:white_dye":6,"minecraft:carrot":481,"minecraft:redstone":953,"minecraft:netherite_pickaxe":2,"minecraft:prismarine_crystals":19,"minecraft:jungle_sign":2,"minecraft:stone_shovel":1,"minecraft:diamond_chestplate":1,"minecraft:cooked_cod":15,"minecraft:beetroot_seeds":13,"minecraft:tube_coral_fan":6,"minecraft:deepslate_bricks":22,"minecraft:shears":1,"minecraft:diamond_boots":1,"minecraft:hay_block":64,"minecraft:tube_coral_block":2,"minecraft:gold_ingot":1,"minecraft:totem_of_undying":13,"minecraft:polished_blackstone":24,"minecraft:white_shulker_box":5,"minecraft:white_wool":24,"minecraft:rail":68,"minecraft:lapis_ore":55,"minecraft:tripwire_hook":1,"minecraft:filled_map":2,"minecraft:oak_log":287,"minecraft:lily_pad":5,"minecraft:ancient_debris":12,"minecraft:jungle_button":2,"minecraft:paper":2,"minecraft:apple":2,"minecraft:stone_bricks":67,"minecraft:kelp":59,"minecraft:iron_ore":1,"minecraft:cobweb":118,"minecraft:glass_bottle":3,"minecraft:flowering_azalea":1,"minecraft:smooth_basalt":6,"minecraft:white_stained_glass_pane":2,"minecraft:dark_oak_slab":27,"minecraft:sweet_berries":150,"minecraft:red_wool":3,"minecraft:lime_concrete":2,"minecraft:spyglass":2,"minecraft:gravel":52,"minecraft:birch_stairs":6,"minecraft:spruce_sapling":20,"minecraft:spruce_log":356,"minecraft:light_blue_stained_glass":146,"minecraft:sea_lantern":64,"minecraft:leather_helmet":3,"minecraft:firework_rocket":417,"minecraft:diamond_shovel":2,"minecraft:coal_ore":131,"minecraft:slime_ball":147,"minecraft:diamond_axe":6,"minecraft:deepslate_redstone_ore":23,"minecraft:birch_sign":4,"minecraft:gray_wool":3,"minecraft:melon_seeds":7,"minecraft:ender_pearl":16,"minecraft:wheat":139,"minecraft:black_carpet":2,"minecraft:redstone_block":2,"minecraft:ender_chest":65,"minecraft:yellow_wool":4,"minecraft:turtle_egg":1,"minecraft:potion":3,"minecraft:brain_coral_block":15,"minecraft:raw_copper":18,"minecraft:deepslate_lapis_ore":113,"minecraft:smooth_stone_slab":1,"minecraft:armor_stand":1,"minecraft:sticky_piston":4,"minecraft:netherite_ingot":5,"minecraft:oak_sign":29,"minecraft:sea_pickle":4,"minecraft:deepslate_tiles":48,"minecraft:red_sand":770,"minecraft:bucket":46,"minecraft:red_dye":2,"minecraft:redstone_torch":1,"minecraft:calcite":5,"minecraft:azalea":5,"minecraft:iron_pickaxe":1,"minecraft:furnace":7,"minecraft:stick":171,"minecraft:orange_shulker_box":1,"minecraft:brown_terracotta":4,"minecraft:torch":93,"minecraft:spruce_stairs":50,"minecraft:porkchop":1,"minecraft:netherite_shovel":1,"minecraft:diorite":84,"minecraft:blue_stained_glass":26,"minecraft:quartz_block":132,"minecraft:nether_gold_ore":22,"minecraft:cactus":7,"minecraft:rotten_flesh":205,"minecraft:brown_shulker_box":2,"minecraft:fire_coral_fan":8,"minecraft:obsidian":60,"minecraft:cod":96,"minecraft:cobblestone":667,"minecraft:nautilus_shell":4,"minecraft:enchanting_table":3,"minecraft:leather_chestplate":1,"minecraft:magma_cream":1,"minecraft:andesite":580,"minecraft:golden_leggings":2,"minecraft:potato":607,"minecraft:tuff":22,"minecraft:prismarine_bricks":65,"minecraft:horn_coral":2,"minecraft:lapis_lazuli":3171,"minecraft:dirt":617,"minecraft:name_tag":1,"minecraft:leather_boots":6,"minecraft:glass":669,"minecraft:bone":296,"minecraft:bow":23,"minecraft:wheat_seeds":360,"minecraft:raw_gold":258,"minecraft:deepslate_brick_slab":1,"minecraft:bell":182,"minecraft:prismarine":65,"minecraft:oak_planks":44,"minecraft:brain_coral":3,"minecraft:ghast_tear":3,"minecraft:cooked_porkchop":1,"minecraft:axolotl_bucket":6,"minecraft:poisonous_potato":7,"minecraft:sand":206,"minecraft:grass_block":42,"minecraft:lily_of_the_valley":23,"minecraft:diamond_block":11,"minecraft:jungle_slab":3,"minecraft:orange_wool":3,"minecraft:shulker_box":92,"minecraft:mossy_cobblestone":4,"minecraft:dark_prismarine":64,"minecraft:light_gray_terracotta":2,"minecraft:diamond":268,"minecraft:slime_block":7,"minecraft:spruce_boat":71,"minecraft:netherite_helmet":6,"minecraft:crossbow":1,"minecraft:bone_meal":5,"minecraft:golden_apple":26,"minecraft:spruce_sign":8,"minecraft:emerald":10,"minecraft:netherrack":5072,"minecraft:oak_sapling":11,"minecraft:chorus_fruit":620,"minecraft:oak_leaves":1,"minecraft:fishing_rod":6,"minecraft:cocoa_beans":43,"minecraft:splash_potion":7,"minecraft:brown_mushroom":44,"minecraft:packed_ice":967,"minecraft:stone_brick_wall":3,"minecraft:pink_wool":4,"minecraft:cooked_rabbit":83,"minecraft:gold_block":8,"minecraft:brick":3,"minecraft:shield":4,"minecraft:oak_trapdoor":1,"minecraft:stone_stairs":1,"minecraft:moss_carpet":12,"minecraft:iron_axe":1,"minecraft:item_frame":2,"minecraft:quartz_slab":1,"minecraft:mycelium":22,"minecraft:blackstone":176,"minecraft:blue_orchid":1,"minecraft:andesite_stairs":1,"minecraft:oak_boat":209,"minecraft:player_head":125,"minecraft:light_gray_wool":2,"minecraft:tinted_glass":151,"minecraft:blue_shulker_box":1,"minecraft:sugar_cane":238,"minecraft:spruce_trapdoor":3,"minecraft:phantom_membrane":60,"minecraft:dark_oak_sapling":4,"minecraft:raw_iron":599,"minecraft:end_stone":462,"minecraft:copper_ingot":2,"minecraft:bowl":2,"minecraft:flowering_azalea_leaves":6,"minecraft:quartz_pillar":46,"minecraft:stone_button":10,"minecraft:trident":9,"minecraft:light_gray_stained_glass_pane":1,"minecraft:dark_oak_planks":67,"minecraft:tube_coral":1,"minecraft:arrow":251,"minecraft:red_shulker_box":4,"minecraft:pumpkin_pie":60,"minecraft:nether_bricks":27,"minecraft:saddle":1,"minecraft:black_banner":1,"minecraft:wet_sponge":42,"minecraft:netherite_boots":6,"minecraft:jungle_boat":64,"minecraft:dark_oak_button":3,"minecraft:basalt":285,"minecraft:golden_carrot":150,"minecraft:glow_ink_sac":45,"minecraft:salmon":27,"minecraft:leather":109,"minecraft:birch_planks":9,"minecraft:ice":8,"minecraft:cobbled_deepslate_stairs":2,"minecraft:gunpowder":24,"minecraft:deepslate_tile_slab":99,"minecraft:orange_terracotta":9,"minecraft:cooked_mutton":6,"minecraft:red_carpet":81,"minecraft:fire_coral_block":22,"minecraft:rabbit_hide":286,"minecraft:iron_ingot":10,"minecraft:acacia_sapling":18,"minecraft:soul_sand":10,"minecraft:book":351,"minecraft:tropical_fish_bucket":1,"minecraft:scaffolding":13,"minecraft:nether_quartz_ore":91,"minecraft:pumpkin":4,"minecraft:quartz":2423,"minecraft:raw_iron_block":1,"minecraft:brain_coral_fan":3,"minecraft:amethyst_shard":4,"minecraft:spruce_door":2,"minecraft:spider_eye":9,"minecraft:cyan_banner":2,"minecraft:pumpkin_seeds":2,"minecraft:terracotta":21,"minecraft:netherite_hoe":3,"minecraft:damaged_anvil":1,"minecraft:black_wool":38,"minecraft:red_concrete":4,"minecraft:coal":873}},"DataVersion":3120}