{"stats":{"minecraft:picked_up":{"minecraft:suspicious_stew":2,"minecraft:smithing_table":1,"minecraft:lead":59,"minecraft:enchanted_book":19,"minecraft:purple_shulker_box":105,"minecraft:music_disc_cat":1,"minecraft:polished_blackstone_brick_stairs":2,"minecraft:string":219,"minecraft:pufferfish":10,"minecraft:shroomlight":41,"minecraft:diamond_leggings":40,"minecraft:hopper_minecart":1,"minecraft:polished_blackstone_brick_slab":6,"minecraft:polished_blackstone_stairs":22,"minecraft:big_dripleaf":3,"minecraft:cyan_stained_glass":1,"minecraft:acacia_log":2189,"minecraft:warped_button":1,"minecraft:cyan_stained_glass_pane":2,"minecraft:golden_chestplate":1,"minecraft:gray_shulker_box":80,"minecraft:pink_terracotta":68,"minecraft:orange_bed":3,"minecraft:stone_sword":27,"minecraft:lime_carpet":7,"minecraft:polished_basalt":13,"minecraft:red_tulip":13,"minecraft:glowstone":82,"minecraft:bookshelf":27,"minecraft:end_rod":114,"minecraft:white_terracotta":224,"minecraft:blaze_rod":576,"minecraft:iron_bars":3,"minecraft:snowball":3357,"minecraft:sponge":29,"minecraft:feather":40,"minecraft:cooked_beef":832,"minecraft:medium_amethyst_bud":11,"minecraft:water_bucket":42,"minecraft:brown_wool":3,"minecraft:dark_oak_boat":2,"minecraft:copper_block":11,"minecraft:flint":218,"minecraft:purple_stained_glass":7,"minecraft:cyan_concrete_powder":12,"minecraft:lantern":85,"minecraft:large_amethyst_bud":1,"minecraft:stonecutter":18,"minecraft:dark_oak_sign":2,"minecraft:diamond_helmet":41,"minecraft:honeycomb":16,"minecraft:chiseled_polished_blackstone":6,"minecraft:stripped_spruce_log":60,"minecraft:brown_mushroom_block":45,"minecraft:iron_hoe":10,"minecraft:polished_andesite":16,"minecraft:deepslate":17988,"minecraft:lever":1,"minecraft:granite":815,"minecraft:spruce_button":3,"minecraft:rooted_dirt":7,"minecraft:crimson_roots":53,"minecraft:diamond_pickaxe":155,"minecraft:bee_nest":1,"minecraft:clay_ball":1115,"minecraft:leather_leggings":3,"minecraft:cornflower":42,"minecraft:elytra":47,"minecraft:flint_and_steel":6,"minecraft:white_carpet":133,"minecraft:white_stained_glass":214,"minecraft:iron_shovel":6,"minecraft:polished_blackstone_wall":3,"minecraft:glass_pane":90,"minecraft:netherite_sword":23,"minecraft:poppy":2303,"minecraft:spruce_slab":321,"minecraft:minecart":5,"minecraft:birch_sapling":123,"minecraft:piston":17,"minecraft:diamond_hoe":11,"minecraft:copper_ore":3448,"minecraft:lime_shulker_box":4,"minecraft:black_stained_glass":194,"minecraft:stone":13769,"minecraft:fire_charge":19,"minecraft:white_dye":10,"minecraft:netherite_pickaxe":9,"minecraft:stone_shovel":4,"minecraft:diamond_chestplate":40,"minecraft:totem_of_undying":53,"minecraft:polished_blackstone":105,"minecraft:mutton":312,"minecraft:rail":24,"minecraft:bone_block":61,"minecraft:emerald_ore":1,"minecraft:oxeye_daisy":25,"minecraft:birch_leaves":9,"minecraft:yellow_shulker_box":34,"minecraft:yellow_dye":11,"minecraft:lily_pad":46,"minecraft:paper":18,"minecraft:apple":112,"minecraft:warped_stem":176,"minecraft:stone_pickaxe":8,"minecraft:iron_ore":71,"minecraft:dark_oak_stairs":65,"minecraft:smooth_basalt":557,"minecraft:milk_bucket":7,"minecraft:sweet_berries":4118,"minecraft:red_wool":72,"minecraft:light_blue_stained_glass":9,"minecraft:crying_obsidian":68,"minecraft:leather_helmet":3,"minecraft:diamond_shovel":93,"minecraft:coal_ore":849,"minecraft:slime_ball":946,"minecraft:deepslate_redstone_ore":432,"minecraft:birch_sign":21,"minecraft:polished_blackstone_brick_wall":1,"minecraft:baked_potato":399,"minecraft:hopper":65,"minecraft:light_blue_concrete":4480,"minecraft:ender_chest":40,"minecraft:nether_brick_fence":211,"minecraft:yellow_wool":2,"minecraft:gilded_blackstone":4,"minecraft:stone_brick_stairs":882,"minecraft:deepslate_lapis_ore":80,"minecraft:red_candle":23,"minecraft:red_sand":1705,"minecraft:smooth_stone":20,"minecraft:bucket":53,"minecraft:red_dye":16,"minecraft:white_tulip":30,"minecraft:rose_bush":2,"minecraft:cobblestone_slab":142,"minecraft:azalea":37,"minecraft:iron_pickaxe":12,"minecraft:deepslate_iron_ore":119,"minecraft:blue_wool":69,"minecraft:spruce_stairs":290,"minecraft:netherite_shovel":9,"minecraft:diorite":8596,"minecraft:vine":17,"minecraft:andesite_wall":42,"minecraft:rotten_flesh":3387,"minecraft:brown_shulker_box":4,"minecraft:obsidian":161,"minecraft:blaze_powder":2,"minecraft:cobblestone":5865,"minecraft:enchanting_table":2,"minecraft:leather_chestplate":2,"minecraft:lilac":1,"minecraft:repeater":29,"minecraft:andesite":1326,"minecraft:golden_leggings":6,"minecraft:beacon":2,"minecraft:potato":2945,"minecraft:dirt":6992,"minecraft:name_tag":2,"minecraft:glass":884,"minecraft:bone":1400,"minecraft:wheat_seeds":8372,"minecraft:bow":87,"minecraft:orange_tulip":9,"minecraft:grindstone":3,"minecraft:netherite_axe":10,"minecraft:mossy_stone_bricks":1,"minecraft:fletching_table":1,"minecraft:bamboo":62,"minecraft:cyan_concrete":72,"minecraft:prismarine":1,"minecraft:diorite_wall":1,"minecraft:light_blue_shulker_box":16,"minecraft:nether_brick_stairs":3,"minecraft:grass_block":1581,"minecraft:diamond_block":163,"minecraft:spectral_arrow":203,"minecraft:mossy_cobblestone":231,"minecraft:jungle_leaves":2,"minecraft:light_gray_terracotta":1,"minecraft:sugar":25,"minecraft:slime_block":77,"minecraft:netherite_helmet":41,"minecraft:cracked_polished_blackstone_bricks":15,"minecraft:crossbow":26,"minecraft:bone_meal":1111,"minecraft:golden_apple":10,"minecraft:spruce_sign":79,"minecraft:emerald":309,"minecraft:netherrack":10367,"minecraft:oak_leaves":214,"minecraft:azure_bluet":64,"minecraft:splash_potion":5,"minecraft:ladder":6,"minecraft:packed_ice":15902,"minecraft:brown_mushroom":645,"minecraft:pink_wool":69,"minecraft:stone_brick_wall":867,"minecraft:chain":4,"minecraft:brick":4,"minecraft:shield":8,"minecraft:moss_carpet":205,"minecraft:mycelium":11,"minecraft:magenta_wool":17,"minecraft:blackstone":8560,"minecraft:blue_orchid":1545,"minecraft:lime_wool":40,"minecraft:end_stone":13,"minecraft:note_block":21,"minecraft:polished_blackstone_bricks":143,"minecraft:cookie":20,"minecraft:trident":81,"minecraft:light_blue_bed":1,"minecraft:stone_pressure_plate":57,"minecraft:weeping_vines":1,"minecraft:red_shulker_box":34,"minecraft:pumpkin_pie":213,"minecraft:nether_bricks":2989,"minecraft:pink_tulip":14,"minecraft:black_banner":26,"minecraft:netherite_boots":50,"minecraft:purple_dye":1,"minecraft:jungle_boat":4,"minecraft:dark_oak_button":3,"minecraft:basalt":5574,"minecraft:golden_carrot":3232,"minecraft:leather":625,"minecraft:ice":5363,"minecraft:chainmail_chestplate":2,"minecraft:cobblestone_wall":134,"minecraft:yellow_bed":5,"minecraft:cobbled_deepslate_stairs":56,"minecraft:gunpowder":122,"minecraft:orange_terracotta":122,"minecraft:cooked_mutton":219,"minecraft:red_carpet":365,"minecraft:gray_carpet":64,"minecraft:rabbit_hide":1,"minecraft:iron_ingot":72,"minecraft:cooked_chicken":30,"minecraft:pink_bed":4,"minecraft:warped_fungus":6,"minecraft:nether_quartz_ore":934,"minecraft:emerald_block":85,"minecraft:stone_brick_slab":680,"minecraft:quartz":1079,"minecraft:dandelion":49,"minecraft:lava_bucket":13,"minecraft:amethyst_shard":6,"minecraft:soul_torch":11,"minecraft:nether_brick_slab":1,"minecraft:spruce_door":3,"minecraft:light_blue_concrete_powder":126,"minecraft:chainmail_leggings":1,"minecraft:terracotta":12771,"minecraft:damaged_anvil":3,"minecraft:netherite_hoe":1,"minecraft:dark_oak_wood":10,"minecraft:wooden_axe":1,"minecraft:iron_chestplate":8,"minecraft:chainmail_boots":1,"minecraft:prismarine_shard":1,"minecraft:anvil":2,"minecraft:flower_pot":6,"minecraft:diamond_sword":62,"minecraft:wither_rose":15,"minecraft:birch_button":1,"minecraft:brewing_stand":3,"minecraft:golden_sword":141,"minecraft:amethyst_block":621,"minecraft:soul_soil":52,"minecraft:red_nether_bricks":51,"minecraft:blue_stained_glass_pane":36,"minecraft:gold_nugget":3771,"minecraft:cobbled_deepslate":5196,"minecraft:spruce_planks":1539,"minecraft:written_book":12,"minecraft:coal_block":16,"minecraft:golden_helmet":2,"minecraft:composter":6,"minecraft:pink_carpet":1,"minecraft:deepslate_tile_stairs":21,"minecraft:black_dye":24,"minecraft:light_blue_wool":60,"minecraft:tropical_fish":18,"minecraft:iron_block":253,"minecraft:blue_dye":2,"minecraft:netherite_chestplate":42,"minecraft:birch_log":512,"minecraft:mossy_cobblestone_slab":4,"minecraft:magma_block":142,"minecraft:birch_slab":98,"minecraft:jungle_log":66,"minecraft:smoker":15,"minecraft:magenta_bed":2,"minecraft:gray_concrete":51,"minecraft:netherite_leggings":51,"minecraft:map":7,"minecraft:twisting_vines":67,"minecraft:chipped_anvil":4,"minecraft:glowstone_dust":27,"minecraft:moss_block":802,"minecraft:warped_wart_block":686,"minecraft:ink_sac":1671,"minecraft:barrel":129,"minecraft:dark_oak_log":673,"minecraft:red_terracotta":135,"minecraft:dispenser":84,"minecraft:black_concrete_powder":4,"minecraft:writable_book":21,"minecraft:deepslate_gold_ore":65,"minecraft:blue_ice":247,"minecraft:bread":148,"minecraft:dark_oak_fence":56,"minecraft:spruce_leaves":369,"minecraft:music_disc_5":1,"minecraft:coarse_dirt":5,"minecraft:crafting_table":65,"minecraft:purple_wool":41,"minecraft:nether_wart":924,"minecraft:red_bed":4,"minecraft:snow":832,"minecraft:netherite_scrap":2,"minecraft:deepslate_diamond_ore":247,"minecraft:music_disc_otherside":1,"minecraft:beef":299,"minecraft:cyan_wool":66,"minecraft:iron_nugget":47,"minecraft:quartz_stairs":151,"minecraft:chest":257,"minecraft:raw_copper_block":29,"minecraft:egg":112,"minecraft:sandstone":493,"minecraft:spruce_fence":209,"minecraft:amethyst_cluster":35,"minecraft:cake":1,"minecraft:carrot":4799,"minecraft:redstone":2408,"minecraft:mushroom_stem":17,"minecraft:prismarine_crystals":1,"minecraft:blue_carpet":383,"minecraft:tnt":1,"minecraft:cooked_cod":554,"minecraft:deepslate_bricks":663,"minecraft:shears":8,"minecraft:diamond_boots":38,"minecraft:gold_ingot":633,"minecraft:white_shulker_box":46,"minecraft:glow_berries":26,"minecraft:white_wool":394,"minecraft:lapis_ore":23,"minecraft:stripped_oak_log":177,"minecraft:red_mushroom_block":107,"minecraft:red_mushroom":81,"minecraft:filled_map":31,"minecraft:oak_log":2427,"minecraft:jungle_button":2,"minecraft:ancient_debris":6,"minecraft:golden_boots":5,"minecraft:blue_bed":4,"minecraft:white_banner":55,"minecraft:stone_bricks":3717,"minecraft:kelp":708,"minecraft:cobweb":2,"minecraft:glass_bottle":23,"minecraft:iron_sword":8,"minecraft:flowering_azalea":32,"minecraft:dark_oak_slab":69,"minecraft:white_stained_glass_pane":52,"minecraft:daylight_detector":1,"minecraft:sculk":9,"minecraft:spyglass":3,"minecraft:light_blue_glazed_terracotta":21,"minecraft:gravel":26113,"minecraft:small_amethyst_bud":48,"minecraft:spruce_sapling":683,"minecraft:spruce_log":6331,"minecraft:sea_lantern":534,"minecraft:firework_rocket":2165,"minecraft:red_stained_glass":68,"minecraft:purple_bed":3,"minecraft:polished_diorite":11,"minecraft:purple_glazed_terracotta":217,"minecraft:stone_axe":4,"minecraft:redstone_ore":4,"minecraft:diamond_axe":102,"minecraft:gray_wool":117,"minecraft:warped_roots":26,"minecraft:brown_banner":2,"minecraft:melon_seeds":4,"minecraft:warped_nylium":327,"minecraft:crimson_nylium":488,"minecraft:pink_dye":41,"minecraft:ender_pearl":71,"minecraft:shulker_shell":203,"minecraft:wheat":2793,"minecraft:iron_trapdoor":31,"minecraft:light_gray_shulker_box":11,"minecraft:potion":45,"minecraft:nether_brick":203,"minecraft:raw_copper":14816,"minecraft:iron_leggings":7,"minecraft:netherite_ingot":3,"minecraft:pink_shulker_box":97,"minecraft:oak_sign":20,"minecraft:deepslate_tiles":2105,"minecraft:black_shulker_box":33,"minecraft:redstone_torch":7,"minecraft:calcite":1073,"minecraft:iron_boots":9,"minecraft:furnace":28,"minecraft:stick":1667,"minecraft:orange_shulker_box":3,"minecraft:brown_terracotta":1,"minecraft:oak_fence":1,"minecraft:torch":2882,"minecraft:porkchop":298,"minecraft:snow_block":220,"minecraft:dried_kelp":4,"minecraft:pointed_dripstone":45,"minecraft:music_disc_pigstep":1,"minecraft:blue_stained_glass":4,"minecraft:quartz_block":840,"minecraft:nether_gold_ore":5,"minecraft:cactus":234,"minecraft:green_wool":36,"minecraft:cod":61,"minecraft:nautilus_shell":1,"minecraft:magma_cream":179,"minecraft:chiseled_quartz_block":22,"minecraft:tuff":1691,"minecraft:light_gray_dye":16,"minecraft:wither_skeleton_skull":7,"minecraft:lapis_lazuli":599,"minecraft:leather_boots":5,"minecraft:raw_gold":60,"minecraft:cobbled_deepslate_wall":4,"minecraft:deepslate_brick_slab":3,"minecraft:cobbled_deepslate_slab":81,"minecraft:bell":23,"minecraft:light_blue_dye":44,"minecraft:powered_rail":8,"minecraft:oak_planks":211,"minecraft:pink_stained_glass":1,"minecraft:ghast_tear":3,"minecraft:cooked_porkchop":201,"minecraft:jungle_planks":1,"minecraft:poisonous_potato":28,"minecraft:axolotl_bucket":15,"minecraft:oak_pressure_plate":2,"minecraft:sand":16633,"minecraft:lily_of_the_valley":28,"minecraft:shulker_box":412,"minecraft:orange_wool":14,"minecraft:spruce_fence_gate":24,"minecraft:clay":10,"minecraft:black_concrete":1028,"minecraft:diamond":376,"minecraft:spruce_boat":468,"minecraft:polished_blackstone_button":6,"minecraft:oak_sapling":543,"minecraft:nether_star":1,"minecraft:fishing_rod":5,"minecraft:cocoa_beans":28,"minecraft:allium":13,"minecraft:chicken":15,"minecraft:wooden_pickaxe":5,"minecraft:cooked_rabbit":2,"minecraft:gold_block":29,"minecraft:iron_axe":25,"minecraft:item_frame":33,"minecraft:quartz_slab":157,"minecraft:echo_shard":24,"minecraft:oak_boat":127,"minecraft:player_head":811,"minecraft:observer":8,"minecraft:sugar_cane":917,"minecraft:light_gray_wool":162,"minecraft:lectern":37,"minecraft:tinted_glass":2,"minecraft:blue_shulker_box":8,"minecraft:phantom_membrane":82,"minecraft:spruce_trapdoor":429,"minecraft:dark_oak_sapling":16,"minecraft:raw_iron":173,"minecraft:copper_ingot":2,"minecraft:red_stained_glass_pane":15,"minecraft:bowl":2,"minecraft:gray_dye":77,"minecraft:quartz_pillar":127,"minecraft:stone_button":68,"minecraft:magenta_shulker_box":1,"minecraft:dark_oak_planks":79,"minecraft:arrow":2087,"minecraft:light_blue_stained_glass_pane":24,"minecraft:golden_hoe":1,"minecraft:pink_glazed_terracotta":64,"minecraft:saddle":17,"minecraft:wet_sponge":6,"minecraft:glow_ink_sac":70,"minecraft:crimson_stem":91,"minecraft:salmon":19,"minecraft:mushroom_stew":1,"minecraft:nether_wart_block":1276,"minecraft:wooden_hoe":1,"minecraft:deepslate_tile_slab":4,"minecraft:podzol":3,"minecraft:soul_sand":590,"minecraft:acacia_sapling":495,"minecraft:green_dye":1,"minecraft:book":35,"minecraft:oak_slab":331,"minecraft:scaffolding":1107,"minecraft:birch_boat":5,"minecraft:pumpkin":65,"minecraft:chiseled_stone_bricks":11,"minecraft:dripstone_block":34,"minecraft:raw_iron_block":1,"minecraft:magenta_stained_glass_pane":20,"minecraft:blast_furnace":2,"minecraft:white_bed":12,"minecraft:gold_ore":1,"minecraft:spider_eye":82,"minecraft:cyan_banner":29,"minecraft:honey_block":2,"minecraft:iron_helmet":9,"minecraft:black_wool":164,"minecraft:red_concrete":129,"minecraft:coal":1174,"minecraft:purple_concrete_powder":7},"minecraft:mined":{"minecraft:blue_carpet":73,"minecraft:potted_pink_tulip":1,"minecraft:red_shulker_box":22,"minecraft:white_bed":6,"minecraft:pink_bed":4,"minecraft:fire_coral_wall_fan":3,"minecraft:red_nether_bricks":30,"minecraft:granite":713,"minecraft:acacia_log":2202,"minecraft:oak_pressure_plate":2,"minecraft:blue_wool":27,"minecraft:oak_wall_sign":4,"minecraft:nether_wart":299,"minecraft:red_stained_glass_pane":15,"minecraft:polished_blackstone_bricks":151,"minecraft:magma_block":204,"minecraft:barrel":69,"minecraft:cobbled_deepslate":387,"minecraft:fire":1347,"minecraft:deepslate_lapis_ore":110,"minecraft:fletching_table":1,"minecraft:nether_brick_stairs":3,"minecraft:twisting_vines":10,"minecraft:spruce_pressure_plate":1,"minecraft:pink_tulip":12,"minecraft:white_shulker_box":42,"minecraft:white_banner":3,"minecraft:player_head":16,"minecraft:tripwire":3,"minecraft:orange_bed":3,"minecraft:jungle_button":2,"minecraft:kelp_plant":134,"minecraft:smoker":17,"minecraft:crimson_nylium":503,"minecraft:deepslate_tile_slab":2,"minecraft:powder_snow":14,"minecraft:torch":440,"minecraft:note_block":20,"minecraft:white_stained_glass_pane":30,"minecraft:dead_bush":146,"minecraft:nether_brick_slab":1,"minecraft:spruce_wall_sign":18,"minecraft:lime_shulker_box":4,"minecraft:sugar_cane":611,"minecraft:amethyst_block":620,"minecraft:birch_sapling":4,"minecraft:white_terracotta":222,"minecraft:chain":4,"minecraft:repeater":2,"minecraft:magenta_bed":2,"minecraft:grass":5881,"minecraft:smooth_basalt":543,"minecraft:deepslate":36741,"minecraft:purple_glazed_terracotta":115,"minecraft:deepslate_tiles":1474,"minecraft:light_blue_wool":11,"minecraft:mossy_cobblestone":89,"minecraft:dark_oak_log":677,"minecraft:cyan_stained_glass":1,"minecraft:sea_lantern":60,"minecraft:end_stone":10,"minecraft:dark_oak_fence":24,"minecraft:spruce_fence":100,"minecraft:redstone_wire":20,"minecraft:red_mushroom":83,"minecraft:magenta_stained_glass_pane":20,"minecraft:light_blue_concrete_powder":120,"minecraft:andesite":993,"minecraft:cyan_concrete":75,"minecraft:cobblestone_slab":91,"minecraft:vine":82,"minecraft:rail":16,"minecraft:brain_coral_wall_fan":1,"minecraft:green_wool":24,"minecraft:ender_chest":21,"minecraft:oak_slab":30,"minecraft:glass_pane":56,"minecraft:soul_sand":547,"minecraft:lily_of_the_valley":1,"minecraft:potted_lily_of_the_valley":3,"minecraft:polished_blackstone_brick_wall":1,"minecraft:dandelion":35,"minecraft:cornflower":31,"minecraft:warped_roots":6,"minecraft:tall_grass":933,"minecraft:copper_ore":4744,"minecraft:deepslate_gold_ore":111,"minecraft:diorite":7493,"minecraft:warped_wart_block":759,"minecraft:black_stained_glass":195,"minecraft:red_terracotta":138,"minecraft:coarse_dirt":5,"minecraft:light_blue_bed":1,"minecraft:cobblestone_wall":134,"minecraft:dark_oak_button":1,"minecraft:gravel":27887,"minecraft:cobweb":5,"minecraft:brown_terracotta":1,"minecraft:birch_sign":2,"minecraft:polished_blackstone":106,"minecraft:stone_bricks":984,"minecraft:chipped_anvil":3,"minecraft:gold_ore":2,"minecraft:iron_trapdoor":43,"minecraft:fern":31,"minecraft:stone_pressure_plate":6,"minecraft:farmland":90,"minecraft:orange_wool":3,"minecraft:brewing_stand":3,"minecraft:spruce_trapdoor":69,"minecraft:budding_amethyst":7,"minecraft:cracked_polished_blackstone_bricks":18,"minecraft:polished_diorite":11,"minecraft:polished_blackstone_brick_slab":10,"minecraft:composter":6,"minecraft:frosted_ice":1,"minecraft:gilded_blackstone":6,"minecraft:mossy_cobblestone_slab":1,"minecraft:red_tulip":8,"minecraft:pointed_dripstone":20,"minecraft:iron_bars":2,"minecraft:azalea":20,"minecraft:spruce_slab":248,"minecraft:deepslate_redstone_ore":824,"minecraft:brown_shulker_box":4,"minecraft:quartz_block":284,"minecraft:polished_blackstone_wall":3,"minecraft:medium_amethyst_bud":11,"minecraft:orange_terracotta":137,"minecraft:light_gray_terracotta":1,"minecraft:beacon":2,"minecraft:nether_quartz_ore":1417,"minecraft:oak_planks":78,"minecraft:wall_torch":232,"minecraft:warped_nylium":258,"minecraft:powered_rail":3,"minecraft:dark_oak_slab":69,"minecraft:blue_ice":248,"minecraft:oak_log":1828,"minecraft:dirt":4437,"minecraft:raw_copper_block":15,"minecraft:dispenser":82,"minecraft:ancient_debris":6,"minecraft:daylight_detector":1,"minecraft:crying_obsidian":1,"minecraft:pink_carpet":1,"minecraft:quartz_stairs":146,"minecraft:dark_oak_leaves":17,"minecraft:red_stained_glass":68,"minecraft:glow_lichen":1,"minecraft:lever":1,"minecraft:stone_button":24,"minecraft:cyan_banner":19,"minecraft:brown_mushroom_block":46,"minecraft:birch_slab":103,"minecraft:spruce_leaves":537,"minecraft:crimson_stem":92,"minecraft:polished_basalt":3,"minecraft:nether_sprouts":1,"minecraft:light_gray_shulker_box":10,"minecraft:gold_block":20,"minecraft:nether_brick_fence":234,"minecraft:bookshelf":32,"minecraft:shroomlight":85,"minecraft:deepslate_iron_ore":197,"minecraft:stripped_oak_log":62,"minecraft:wet_sponge":6,"minecraft:pink_terracotta":65,"minecraft:acacia_leaves":644,"minecraft:scaffolding":305,"minecraft:snow_block":237,"minecraft:basalt":3657,"minecraft:honey_block":2,"minecraft:lime_carpet":8,"minecraft:stone_slab":1,"minecraft:red_concrete":92,"minecraft:polished_blackstone_brick_stairs":2,"minecraft:birch_planks":1,"minecraft:black_wall_banner":1,"minecraft:ice":5667,"minecraft:white_wall_banner":4,"minecraft:bee_nest":1,"minecraft:black_wool":27,"minecraft:purple_shulker_box":69,"minecraft:mossy_stone_bricks":1,"minecraft:dark_oak_planks":71,"minecraft:light_blue_concrete":3444,"minecraft:jungle_leaves":3,"minecraft:obsidian":55,"minecraft:red_sand":1705,"minecraft:chiseled_polished_blackstone":8,"minecraft:stone_brick_wall":645,"minecraft:jungle_log":20,"minecraft:deepslate_bricks":32,"minecraft:deepslate_tile_stairs":4,"minecraft:hopper":55,"minecraft:crimson_fungus":1,"minecraft:oxeye_daisy":23,"minecraft:chiseled_stone_bricks":9,"minecraft:light_blue_stained_glass":12,"minecraft:weeping_vines_plant":12,"minecraft:tall_seagrass":146,"minecraft:cyan_wall_banner":7,"minecraft:moss_carpet":75,"minecraft:pumpkin":1,"minecraft:enchanting_table":2,"minecraft:oak_sign":3,"minecraft:water_cauldron":1,"minecraft:dirt_path":46,"minecraft:quartz_slab":160,"minecraft:small_amethyst_bud":48,"minecraft:iron_block":189,"minecraft:blue_orchid":681,"minecraft:brown_mushroom":357,"minecraft:potted_brown_mushroom":1,"minecraft:red_bed":2,"minecraft:player_wall_head":19,"minecraft:soul_fire":44,"minecraft:amethyst_cluster":35,"minecraft:blast_furnace":2,"minecraft:glass":34,"minecraft:damaged_anvil":3,"minecraft:spruce_sign":10,"minecraft:cyan_wool":3,"minecraft:black_concrete_powder":4,"minecraft:wheat":2477,"minecraft:lilac":4,"minecraft:warped_fungus":6,"minecraft:stone_brick_stairs":353,"minecraft:copper_block":10,"minecraft:blue_shulker_box":8,"minecraft:red_mushroom_block":108,"minecraft:stonecutter":18,"minecraft:piston":17,"minecraft:yellow_terracotta":2,"minecraft:light_blue_stained_glass_pane":24,"minecraft:pink_shulker_box":65,"minecraft:blue_stained_glass_pane":6,"minecraft:shulker_box":293,"minecraft:nether_bricks":2880,"minecraft:cobbled_deepslate_slab":49,"minecraft:allium":16,"minecraft:jungle_planks":7,"minecraft:crimson_roots":25,"minecraft:orange_shulker_box":3,"minecraft:lime_wool":1,"minecraft:horn_coral_wall_fan":1,"minecraft:moss_block":795,"minecraft:kelp":62,"minecraft:pink_wool":10,"minecraft:polished_blackstone_button":1,"minecraft:snow":5375,"minecraft:diamond_block":91,"minecraft:potatoes":861,"minecraft:warped_stem":185,"minecraft:white_wool":83,"minecraft:smithing_table":1,"minecraft:stone_brick_slab":71,"minecraft:observer":7,"minecraft:cobbled_deepslate_wall":4,"minecraft:spruce_button":2,"minecraft:emerald_ore":1,"minecraft:cyan_concrete_powder":12,"minecraft:big_dripleaf":2,"minecraft:purple_bed":2,"minecraft:purple_stained_glass":6,"minecraft:white_carpet":7,"minecraft:spruce_log":5233,"minecraft:birch_leaves":52,"minecraft:quartz_pillar":82,"minecraft:mycelium":450,"minecraft:dripstone_block":27,"minecraft:spruce_fence_gate":26,"minecraft:black_shulker_box":30,"minecraft:large_amethyst_bud":1,"minecraft:spruce_planks":825,"minecraft:cobbled_deepslate_stairs":48,"minecraft:sculk_vein":2,"minecraft:cave_vines_plant":2,"minecraft:grass_block":5009,"minecraft:soul_soil":35,"minecraft:smooth_stone":10,"minecraft:raw_iron_block":1,"minecraft:glowstone":59,"minecraft:iron_ore":131,"minecraft:anvil":2,"minecraft:azure_bluet":31,"minecraft:dark_oak_stairs":68,"minecraft:warped_button":1,"minecraft:birch_wall_sign":3,"minecraft:blackstone":8445,"minecraft:twisting_vines_plant":8,"minecraft:chiseled_quartz_block":22,"minecraft:clay":374,"minecraft:calcite":1075,"minecraft:poppy":25,"minecraft:chest":134,"minecraft:mushroom_stem":16,"minecraft:cobblestone":974,"minecraft:slime_block":49,"minecraft:grindstone":3,"minecraft:prismarine":1,"minecraft:deepslate_copper_ore":2,"minecraft:magenta_shulker_box":1,"minecraft:seagrass":213,"minecraft:red_candle":6,"minecraft:acacia_sapling":6,"minecraft:birch_log":519,"minecraft:nether_wart_block":1418,"minecraft:yellow_wool":1,"minecraft:light_gray_wool":21,"minecraft:orange_tulip":16,"minecraft:diorite_wall":1,"minecraft:sand":17041,"minecraft:netherrack":23125,"minecraft:oak_leaves":552,"minecraft:emerald_block":22,"minecraft:nether_gold_ore":22,"minecraft:tuff":3658,"minecraft:red_carpet":28,"minecraft:deepslate_diamond_ore":223,"minecraft:gray_shulker_box":47,"minecraft:black_banner":1,"minecraft:weeping_vines":4,"minecraft:light_blue_glazed_terracotta":21,"minecraft:white_stained_glass":90,"minecraft:sandstone":583,"minecraft:rooted_dirt":4,"minecraft:large_fern":37,"minecraft:deepslate_brick_slab":6,"minecraft:spruce_sapling":16,"minecraft:furnace":25,"minecraft:carrots":1292,"minecraft:stripped_spruce_log":49,"minecraft:black_concrete":844,"minecraft:bell":10,"minecraft:lantern":30,"minecraft:packed_ice":14605,"minecraft:white_tulip":25,"minecraft:stone":15013,"minecraft:yellow_shulker_box":28,"minecraft:podzol":42,"minecraft:flowering_azalea":13,"minecraft:light_blue_shulker_box":13,"minecraft:red_wool":69,"minecraft:soul_torch":9,"minecraft:spruce_door":2,"minecraft:crafting_table":50,"minecraft:cyan_stained_glass_pane":2,"minecraft:rose_bush":2,"minecraft:andesite_slab":4,"minecraft:lectern":37,"minecraft:andesite_wall":4,"minecraft:lapis_ore":62,"minecraft:lily_pad":10,"minecraft:sculk":46,"minecraft:blue_bed":2,"minecraft:spruce_stairs":177,"minecraft:gray_wool":20,"minecraft:cactus":76,"minecraft:polished_blackstone_stairs":22,"minecraft:redstone_torch":1,"minecraft:sweet_berry_bush":3601,"minecraft:yellow_bed":5,"minecraft:coal_ore":1077,"minecraft:end_rod":139,"minecraft:bubble_coral_wall_fan":2,"minecraft:terracotta":12688,"minecraft:potted_white_tulip":1,"minecraft:polished_andesite":17},"minecraft:dropped":{"minecraft:iron_sword":4,"minecraft:pink_stained_glass":1,"minecraft:glow_ink_sac":3,"minecraft:glass_bottle":8,"minecraft:diamond":177,"minecraft:cooked_porkchop":17,"minecraft:weeping_vines":1,"minecraft:warped_roots":2,"minecraft:red_mushroom":12,"minecraft:emerald":6,"minecraft:gold_block":11,"minecraft:dark_oak_fence":2,"minecraft:netherite_boots":5,"minecraft:writable_book":8,"minecraft:gold_nugget":885,"minecraft:sand":239,"minecraft:dark_oak_planks":3,"minecraft:fishing_rod":2,"minecraft:white_wool":79,"minecraft:diorite_slab":126,"minecraft:tropical_fish_bucket":2,"minecraft:diamond_block":3,"minecraft:ancient_debris":5,"minecraft:iron_nugget":55,"minecraft:cooked_chicken":2,"minecraft:cobbled_deepslate":974,"minecraft:tinted_glass":2,"minecraft:netherite_sword":10,"minecraft:wheat":5,"minecraft:obsidian":24,"minecraft:music_disc_5":1,"minecraft:rotten_flesh":1129,"minecraft:oak_planks":46,"minecraft:glowstone_dust":1,"minecraft:nether_brick_fence":15,"minecraft:azure_bluet":26,"minecraft:sea_lantern":64,"minecraft:coal_ore":47,"minecraft:quartz_block":5,"minecraft:leather_boots":3,"minecraft:leather_leggings":3,"minecraft:red_nether_bricks":2,"minecraft:glass":128,"minecraft:podzol":2,"minecraft:stone_brick_stairs":388,"minecraft:golden_boots":1,"minecraft:black_dye":6,"minecraft:wheat_seeds":1378,"minecraft:deepslate_redstone_ore":11,"minecraft:dripstone_block":15,"minecraft:netherite_chestplate":3,"minecraft:cobbled_deepslate_wall":1,"minecraft:book":15,"minecraft:golden_apple":6,"minecraft:coal_block":8,"minecraft:gray_wool":14,"minecraft:ink_sac":575,"minecraft:wooden_axe":1,"minecraft:lapis_ore":1,"minecraft:potion":8,"minecraft:pumpkin":64,"minecraft:golden_hoe":1,"minecraft:red_dye":6,"minecraft:chipped_anvil":1,"minecraft:smooth_stone":14,"minecraft:chainmail_leggings":1,"minecraft:blue_carpet":31,"minecraft:lily_pad":4,"minecraft:stone_brick_slab":132,"minecraft:snow_block":113,"minecraft:soul_soil":26,"minecraft:netherite_hoe":1,"minecraft:player_head":45,"minecraft:cocoa_beans":25,"minecraft:white_carpet":118,"minecraft:clay_ball":387,"minecraft:iron_boots":2,"minecraft:cobbled_deepslate_slab":2,"minecraft:white_terracotta":7,"minecraft:oak_sign":7,"minecraft:shears":2,"minecraft:suspicious_stew":1,"minecraft:diamond_sword":9,"minecraft:cyan_wool":19,"minecraft:spruce_boat":1,"minecraft:spruce_trapdoor":16,"minecraft:spruce_planks":44,"minecraft:diamond_pickaxe":18,"minecraft:pink_shulker_box":2,"minecraft:stone_pressure_plate":10,"minecraft:stone_bricks":27,"minecraft:bamboo":4,"minecraft:sandstone":13,"minecraft:bow":17,"minecraft:magma_block":39,"minecraft:terracotta":4,"minecraft:soul_sand":14,"minecraft:moss_block":8,"minecraft:oak_log":115,"minecraft:ender_pearl":10,"minecraft:purple_glazed_terracotta":122,"minecraft:nether_star":1,"minecraft:leather":11,"minecraft:black_banner":23,"minecraft:birch_slab":7,"minecraft:cod":1,"minecraft:cracked_polished_blackstone_bricks":1,"minecraft:packed_ice":288,"minecraft:ice":24,"minecraft:dark_oak_wood":10,"minecraft:mutton":6,"minecraft:snowball":285,"minecraft:axolotl_bucket":22,"minecraft:gold_ingot":681,"minecraft:chiseled_polished_blackstone":24,"minecraft:pink_terracotta":8,"minecraft:spyglass":1,"minecraft:twisting_vines":13,"minecraft:soul_lantern":4,"minecraft:pointed_dripstone":6,"minecraft:cooked_mutton":6,"minecraft:mushroom_stem":11,"minecraft:leather_chestplate":2,"minecraft:trident":18,"minecraft:iron_ore":21,"minecraft:birch_button":1,"minecraft:scaffolding":17,"minecraft:bread":18,"minecraft:golden_helmet":2,"minecraft:netherite_axe":4,"minecraft:amethyst_block":2,"minecraft:tropical_fish":21,"minecraft:spruce_stairs":8,"minecraft:iron_block":1,"minecraft:mossy_cobblestone_slab":4,"minecraft:milk_bucket":2,"minecraft:green_dye":2,"minecraft:light_blue_wool":2,"minecraft:nether_wart_block":192,"minecraft:light_gray_shulker_box":2,"minecraft:cactus":4,"minecraft:kelp":89,"minecraft:sweet_berries":4478,"minecraft:magenta_stained_glass_pane":5,"minecraft:totem_of_undying":14,"minecraft:shulker_box":18,"minecraft:netherite_leggings":7,"minecraft:flint_and_steel":2,"minecraft:deepslate_bricks":65,"minecraft:copper_ore":28,"minecraft:andesite":229,"minecraft:golden_leggings":2,"minecraft:oak_sapling":59,"minecraft:spruce_log":197,"minecraft:wooden_pickaxe":1,"minecraft:nautilus_shell":1,"minecraft:magma_cream":23,"minecraft:brick":2,"minecraft:crimson_stem":1,"minecraft:cooked_beef":357,"minecraft:crossbow":2,"minecraft:elytra":11,"minecraft:rail":1,"minecraft:leather_helmet":3,"minecraft:red_carpet":9,"minecraft:dirt":932,"minecraft:stone_button":3,"minecraft:chain":1,"minecraft:sunflower":2,"minecraft:phantom_membrane":39,"minecraft:bone_meal":3,"minecraft:iron_pickaxe":1,"minecraft:bone":206,"minecraft:emerald_block":52,"minecraft:sugar_cane":36,"minecraft:golden_chestplate":1,"minecraft:nether_brick":156,"minecraft:birch_sapling":2,"minecraft:blue_wool":3,"minecraft:netherite_shovel":4,"minecraft:end_stone":1,"minecraft:salmon":6,"minecraft:deepslate_tiles":5,"minecraft:charcoal":2,"minecraft:spruce_slab":81,"minecraft:crying_obsidian":1,"minecraft:egg":26,"minecraft:enchanted_book":3,"minecraft:iron_ingot":46,"minecraft:netherite_pickaxe":5,"minecraft:tnt":1,"minecraft:deepslate_diamond_ore":13,"minecraft:netherite_helmet":3,"minecraft:feather":13,"minecraft:oak_fence":1,"minecraft:cobblestone":525,"minecraft:iron_helmet":1,"minecraft:apple":12,"minecraft:granite":221,"minecraft:spruce_button":3,"minecraft:coal":15,"minecraft:end_rod":129,"minecraft:polished_andesite":1,"minecraft:golden_carrot":1029,"minecraft:diamond_helmet":6,"minecraft:dried_kelp":4,"minecraft:iron_shovel":2,"minecraft:paper":120,"minecraft:string":74,"minecraft:spruce_sapling":17,"minecraft:pink_tulip":8,"minecraft:moss_carpet":47,"minecraft:soul_torch":1,"minecraft:netherite_ingot":7,"minecraft:stone_sword":7,"minecraft:cobblestone_wall":1,"minecraft:dark_oak_sign":1,"minecraft:deepslate":4973,"minecraft:bowl":2,"minecraft:chicken":2,"minecraft:slime_block":26,"minecraft:light_blue_concrete":1370,"minecraft:nether_bricks":256,"minecraft:spruce_fence":35,"minecraft:big_dripleaf":2,"minecraft:cobblestone_slab":100,"minecraft:potato":276,"minecraft:stone":3004,"minecraft:shroomlight":33,"minecraft:spider_eye":48,"minecraft:birch_boat":3,"minecraft:blue_orchid":1,"minecraft:red_tulip":4,"minecraft:bell":1,"minecraft:black_wool":24,"minecraft:spruce_sign":18,"minecraft:brown_mushroom":75,"minecraft:dark_oak_stairs":7,"minecraft:diamond_axe":4,"minecraft:baked_potato":158,"minecraft:lime_shulker_box":1,"minecraft:lantern":1,"minecraft:flint":186,"minecraft:deepslate_gold_ore":1,"minecraft:netherite_scrap":2,"minecraft:jungle_button":1,"minecraft:dispenser":1,"minecraft:cornflower":3,"minecraft:crimson_roots":13,"minecraft:cooked_cod":3,"minecraft:white_stained_glass_pane":82,"minecraft:pumpkin_pie":33,"minecraft:amethyst_shard":1,"minecraft:polished_blackstone_bricks":2,"minecraft:birch_log":1,"minecraft:black_stained_glass":183,"minecraft:gravel":1063,"minecraft:white_tulip":14,"minecraft:blackstone":531,"minecraft:lime_wool":1,"minecraft:diamond_shovel":5,"minecraft:carrot":82,"minecraft:chainmail_chestplate":1,"minecraft:chiseled_stone_bricks":3,"minecraft:shulker_shell":32,"minecraft:poppy":25,"minecraft:rabbit_hide":1,"minecraft:gunpowder":42,"minecraft:melon_seeds":4,"minecraft:chainmail_boots":1,"minecraft:bee_nest":1,"minecraft:chest":6,"minecraft:arrow":302,"minecraft:gray_shulker_box":4,"minecraft:basalt":823,"minecraft:quartz":95,"minecraft:written_book":6,"minecraft:oak_leaves":46,"minecraft:netherrack":4744,"minecraft:firework_rocket":966,"minecraft:water_bucket":7,"minecraft:stripped_spruce_log":4,"minecraft:deepslate_iron_ore":23,"minecraft:mossy_cobblestone":121,"minecraft:diamond_leggings":2,"minecraft:poisonous_potato":10,"minecraft:lead":5,"minecraft:light_blue_concrete_powder":340,"minecraft:copper_ingot":2,"minecraft:grass_block":87,"minecraft:stick":605,"minecraft:diorite":509,"minecraft:nether_gold_ore":1,"minecraft:light_blue_stained_glass":32,"minecraft:torch":74,"minecraft:brown_wool":1,"minecraft:iron_leggings":1,"minecraft:wither_rose":5,"minecraft:iron_axe":2,"minecraft:bucket":18,"minecraft:dandelion":27,"minecraft:smooth_basalt":134,"minecraft:redstone":20,"minecraft:warped_nylium":67,"minecraft:ender_chest":3,"minecraft:nether_wart":188,"minecraft:raw_copper":1149,"minecraft:tuff":416,"minecraft:raw_iron":1,"minecraft:wither_skeleton_skull":5,"minecraft:light_gray_wool":5,"minecraft:iron_hoe":1,"minecraft:glass_pane":20,"minecraft:filled_map":26,"minecraft:snow":441,"minecraft:shield":1,"minecraft:orange_terracotta":16,"minecraft:diamond_chestplate":2,"minecraft:iron_chestplate":1,"minecraft:quartz_stairs":1,"minecraft:pink_wool":17,"minecraft:oak_boat":7,"minecraft:golden_sword":77,"minecraft:diamond_boots":2,"minecraft:slime_ball":171,"minecraft:purple_shulker_box":1,"minecraft:raw_gold":1,"minecraft:nether_quartz_ore":129,"minecraft:white_stained_glass":54,"minecraft:light_blue_shulker_box":3},"minecraft:crafted":{"minecraft:red_stained_glass_pane":648,"minecraft:black_dye":520,"minecraft:chain":9,"minecraft:blue_stained_glass_pane":64,"minecraft:shulker_box":117,"minecraft:light_blue_concrete_powder":2952,"minecraft:stone_pressure_plate":32,"minecraft:cyan_banner":4,"minecraft:dried_kelp_block":6,"minecraft:name_tag":3,"minecraft:white_shulker_box":5,"minecraft:end_rod":1344,"minecraft:green_bed":12,"minecraft:red_nether_bricks":49,"minecraft:stone_brick_stairs":91,"minecraft:lectern":1,"minecraft:iron_pickaxe":9,"minecraft:composter":2,"minecraft:polished_blackstone_bricks":23,"minecraft:cyan_wool":16,"minecraft:golden_carrot":712,"minecraft:jukebox":1,"minecraft:orange_shulker_box":2,"minecraft:iron_nugget":253,"minecraft:diamond_hoe":1,"minecraft:soul_torch":228,"minecraft:blue_shulker_box":3,"minecraft:spruce_fence":246,"minecraft:lantern":8,"minecraft:spruce_stairs":264,"minecraft:light_gray_shulker_box":4,"minecraft:black_concrete_powder":544,"minecraft:red_shulker_box":6,"minecraft:stone_pickaxe":3,"minecraft:quartz_slab":110,"minecraft:spruce_boat":6,"minecraft:light_gray_terracotta":8,"minecraft:light_blue_glazed_terracotta":64,"minecraft:cyan_bed":12,"minecraft:light_blue_wool":16,"minecraft:polished_blackstone_stairs":13,"minecraft:orange_dye":15,"minecraft:soul_lantern":4,"minecraft:writable_book":3,"minecraft:iron_shovel":1,"minecraft:pink_terracotta":72,"minecraft:cobblestone_slab":180,"minecraft:barrel":23,"minecraft:cooked_chicken":3,"minecraft:pink_carpet":210,"minecraft:quartz_pillar":30,"minecraft:warped_planks":48,"minecraft:cake":1,"minecraft:polished_blackstone_button":1,"minecraft:stone_brick_slab":422,"minecraft:bow":3,"minecraft:chest":143,"minecraft:netherite_helmet":1,"minecraft:copper_block":10,"minecraft:stone_bricks":844,"minecraft:white_banner":1,"minecraft:chiseled_nether_bricks":32,"minecraft:iron_helmet":1,"minecraft:white_stained_glass_pane":688,"minecraft:dispenser":1,"minecraft:apple":64,"minecraft:spruce_trapdoor":112,"minecraft:yellow_dye":12,"minecraft:purple_dye":20,"minecraft:pink_wool":17,"minecraft:gray_terracotta":1472,"minecraft:stick":1432,"minecraft:iron_ingot":274,"minecraft:light_blue_shulker_box":4,"minecraft:light_blue_stained_glass":872,"minecraft:black_bed":11,"minecraft:cyan_carpet":33,"minecraft:blue_terracotta":1408,"minecraft:fishing_rod":4,"minecraft:spruce_button":1,"minecraft:furnace":17,"minecraft:mushroom_stew":12,"minecraft:magenta_stained_glass_pane":32,"minecraft:raw_copper_block":650,"minecraft:oak_trapdoor":2,"minecraft:scaffolding":90,"minecraft:orange_terracotta":48,"minecraft:cobblestone_wall":280,"minecraft:iron_sword":1,"minecraft:black_banner":29,"minecraft:jungle_planks":352,"minecraft:white_dye":417,"minecraft:recovery_compass":1,"minecraft:stonecutter":3,"minecraft:anvil":3,"minecraft:diorite_slab":126,"minecraft:torch":2532,"minecraft:orange_bed":14,"minecraft:magenta_carpet":264,"minecraft:smooth_stone":5,"minecraft:purple_bed":12,"minecraft:orange_carpet":3,"minecraft:pink_bed":13,"minecraft:birch_slab":966,"minecraft:slime_block":56,"minecraft:loom":1,"minecraft:bookshelf":1,"minecraft:cooked_mutton":136,"minecraft:quartz_block":230,"minecraft:glass":582,"minecraft:light_blue_terracotta":64,"minecraft:repeater":1,"minecraft:polished_blackstone":1,"minecraft:chiseled_quartz_block":20,"minecraft:magenta_dye":15,"minecraft:gray_bed":11,"minecraft:emerald":409,"minecraft:cooked_porkchop":122,"minecraft:campfire":2,"minecraft:light_gray_bed":1,"minecraft:lime_shulker_box":1,"minecraft:lime_bed":12,"minecraft:compass":1,"minecraft:white_terracotta":1672,"minecraft:iron_block":1,"minecraft:light_blue_bed":11,"minecraft:gold_ingot":777,"minecraft:light_gray_dye":17,"minecraft:spruce_fence_gate":135,"minecraft:packed_ice":110,"minecraft:stone_shovel":1,"minecraft:player_head":6,"minecraft:yellow_bed":11,"minecraft:bone_meal":1575,"minecraft:cyan_stained_glass":8,"minecraft:pink_dye":32,"minecraft:andesite_wall":42,"minecraft:white_carpet":306,"minecraft:diamond":648,"minecraft:ladder":27,"minecraft:spruce_slab":366,"minecraft:dark_oak_planks":332,"minecraft:crossbow":12,"minecraft:dried_kelp":52,"minecraft:magenta_stained_glass":16,"minecraft:red_bed":12,"minecraft:blue_bed":11,"minecraft:white_stained_glass":320,"minecraft:polished_blackstone_brick_wall":6,"minecraft:golden_apple":39,"minecraft:gray_shulker_box":36,"minecraft:iron_leggings":1,"minecraft:white_bed":12,"minecraft:brick":152,"minecraft:oak_planks":1256,"minecraft:pink_shulker_box":3,"minecraft:flower_banner_pattern":1,"minecraft:green_dye":23,"minecraft:hopper":7,"minecraft:iron_boots":2,"minecraft:raw_copper":8152,"minecraft:mossy_cobblestone_slab":6,"minecraft:quartz_stairs":52,"minecraft:oak_slab":336,"minecraft:item_frame":1,"minecraft:crafting_table":13,"minecraft:spruce_planks":5568,"minecraft:wooden_pickaxe":1,"minecraft:baked_potato":646,"minecraft:gold_block":12,"minecraft:birch_planks":512,"minecraft:black_shulker_box":11,"minecraft:dark_oak_slab":6,"minecraft:iron_chestplate":1,"minecraft:book":6,"minecraft:paper":504,"minecraft:charcoal":26,"minecraft:emerald_block":29,"minecraft:shield":3,"minecraft:light_blue_dye":496,"minecraft:stone_sword":1,"minecraft:snow_block":477,"minecraft:polished_blackstone_brick_stairs":4,"minecraft:gray_carpet":138,"minecraft:redstone_torch":7,"minecraft:shears":4,"minecraft:polished_andesite":16,"minecraft:redstone":9,"minecraft:coal":234,"minecraft:stone_button":761,"minecraft:gray_dye":188,"minecraft:dark_oak_sign":3,"minecraft:diamond_block":98,"minecraft:glass_pane":288,"minecraft:blue_ice":11,"minecraft:yellow_shulker_box":8,"minecraft:iron_axe":16,"minecraft:iron_hoe":3,"minecraft:lime_dye":2,"minecraft:cooked_beef":170,"minecraft:sugar":2,"minecraft:red_dye":468,"minecraft:cyan_concrete_powder":136,"minecraft:magenta_bed":12,"minecraft:diamond_sword":1,"minecraft:cyan_dye":24,"minecraft:spruce_sign":21,"minecraft:dark_oak_stairs":32,"minecraft:bowl":8,"minecraft:nether_bricks":2,"minecraft:bucket":16,"minecraft:stone_axe":1,"minecraft:brown_terracotta":8,"minecraft:bread":7,"minecraft:air":0,"minecraft:black_stained_glass":304,"minecraft:blue_dye":311,"minecraft:oak_boat":1,"minecraft:white_wool":70,"minecraft:gold_nugget":5190,"minecraft:green_wool":1,"minecraft:pumpkin_pie":48,"minecraft:purple_concrete_powder":160,"minecraft:blackstone_slab":6,"minecraft:firework_rocket":768},"minecraft:broken":{"minecraft:diamond_helmet":2,"minecraft:shears":4,"minecraft:iron_leggings":1,"minecraft:diamond_shovel":3,"minecraft:diamond_pickaxe":3,"minecraft:fishing_rod":5,"minecraft:iron_hoe":2,"minecraft:leather_helmet":1,"minecraft:diamond_leggings":1,"minecraft:iron_pickaxe":8,"minecraft:iron_shovel":2,"minecraft:stone_pickaxe":2,"minecraft:diamond_boots":1,"minecraft:diamond_chestplate":1,"minecraft:diamond_axe":1,"minecraft:iron_boots":1,"minecraft:iron_chestplate":1,"minecraft:iron_axe":3,"minecraft:iron_helmet":1},"minecraft:used":{"minecraft:moss_block":887,"minecraft:writable_book":59,"minecraft:dispenser":82,"minecraft:poppy":970,"minecraft:stone":2078,"minecraft:quartz_stairs":184,"minecraft:rotten_flesh":146,"minecraft:soul_sand":2,"minecraft:lily_of_the_valley":10,"minecraft:deepslate_brick_slab":3,"minecraft:snowball":1017,"minecraft:azure_bluet":2,"minecraft:spruce_boat":426,"minecraft:packed_ice":8313,"minecraft:lava_bucket":1,"minecraft:quartz_pillar":131,"minecraft:music_disc_pigstep":1,"minecraft:red_wool":69,"minecraft:quartz_block":302,"minecraft:netherite_hoe":2197,"minecraft:dark_oak_slab":65,"minecraft:netherite_boots":3,"minecraft:bow":1749,"minecraft:oak_sapling":369,"minecraft:cooked_cod":135,"minecraft:mossy_stone_bricks":1,"minecraft:damaged_anvil":4,"minecraft:prismarine":1,"minecraft:cactus":66,"minecraft:blackstone":221,"minecraft:wooden_pickaxe":24,"minecraft:composter":8,"minecraft:clay":10,"minecraft:jungle_boat":4,"minecraft:golden_apple":3,"minecraft:glow_berries":3,"minecraft:blast_furnace":1,"minecraft:cyan_dye":1,"minecraft:chiseled_quartz_block":42,"minecraft:birch_slab":1040,"minecraft:deepslate_iron_ore":4,"minecraft:oak_pressure_plate":2,"minecraft:nether_wart_block":110,"minecraft:diamond_sword":6252,"minecraft:smithing_table":1,"minecraft:poisonous_potato":11,"minecraft:birch_log":1,"minecraft:oak_boat":95,"minecraft:purple_wool":24,"minecraft:oak_trapdoor":2,"minecraft:polished_blackstone_brick_slab":5,"minecraft:enchanting_table":2,"minecraft:torch":2948,"minecraft:brewing_stand":3,"minecraft:light_blue_dye":1,"minecraft:nether_quartz_ore":471,"minecraft:sea_lantern":390,"minecraft:chipped_anvil":3,"minecraft:iron_block":353,"minecraft:jungle_log":22,"minecraft:barrel":126,"minecraft:basalt":1648,"minecraft:podzol":1,"minecraft:calcite":462,"minecraft:wheat_seeds":5822,"minecraft:warped_stem":2,"minecraft:light_blue_shulker_box":17,"minecraft:lead":1,"minecraft:glow_ink_sac":13,"minecraft:spruce_fence_gate":142,"minecraft:gold_ore":1,"minecraft:deepslate_bricks":1332,"minecraft:diamond_block":91,"minecraft:rail":29,"minecraft:red_bed":13,"minecraft:campfire":2,"minecraft:white_bed":14,"minecraft:spruce_log":1988,"minecraft:amethyst_cluster":3,"minecraft:blue_stained_glass_pane":41,"minecraft:diamond_pickaxe":160833,"minecraft:diamond_shovel":67079,"minecraft:suspicious_stew":1,"minecraft:spruce_trapdoor":311,"minecraft:spruce_sapling":318,"minecraft:blue_carpet":32,"minecraft:pink_bed":17,"minecraft:potion":6,"minecraft:purple_bed":15,"minecraft:cooked_porkchop":80,"minecraft:stripped_oak_log":5,"minecraft:dandelion":11,"minecraft:moss_carpet":72,"minecraft:red_sand":16,"minecraft:polished_basalt":4,"minecraft:nether_wart":303,"minecraft:spruce_leaves":105,"minecraft:mutton":4,"minecraft:jungle_planks":1,"minecraft:pink_terracotta":120,"minecraft:obsidian":35,"minecraft:lantern":66,"minecraft:blue_orchid":1,"minecraft:green_wool":25,"minecraft:polished_blackstone_brick_wall":3,"minecraft:warped_nylium":132,"minecraft:light_blue_bed":12,"minecraft:mossy_cobblestone_slab":3,"minecraft:item_frame":39,"minecraft:deepslate_diamond_ore":53,"minecraft:golden_sword":1,"minecraft:written_book":15,"minecraft:jungle_button":1,"minecraft:blue_shulker_box":11,"minecraft:gold_block":55,"minecraft:end_rod":1552,"minecraft:diamond_boots":1,"minecraft:stone_pickaxe":373,"minecraft:oak_planks":108,"minecraft:sandstone":28,"minecraft:diamond_axe":16074,"minecraft:sugar_cane":29,"minecraft:white_wool":74,"minecraft:netherite_leggings":2,"minecraft:light_blue_concrete":1364,"minecraft:mushroom_stew":13,"minecraft:light_blue_wool":24,"minecraft:deepslate_lapis_ore":14,"minecraft:end_stone":9,"minecraft:dark_oak_log":33,"minecraft:bread":74,"minecraft:deepslate":2674,"minecraft:light_blue_concrete_powder":2617,"minecraft:cooked_rabbit":2,"minecraft:chain":12,"minecraft:coarse_dirt":5,"minecraft:bone_meal":30,"minecraft:netherite_sword":196,"minecraft:rose_bush":1,"minecraft:flint_and_steel":7,"minecraft:white_tulip":22,"minecraft:redstone":4,"minecraft:ender_chest":18,"minecraft:brown_shulker_box":4,"minecraft:deepslate_gold_ore":23,"minecraft:cooked_chicken":30,"minecraft:dirt":7142,"minecraft:spruce_fence":330,"minecraft:iron_hoe":1154,"minecraft:brown_terracotta":3,"minecraft:iron_boots":2,"minecraft:black_stained_glass":635,"minecraft:deepslate_tile_stairs":205,"minecraft:minecart":1,"minecraft:cyan_concrete_powder":76,"minecraft:cooked_beef":139,"minecraft:powder_snow_bucket":3,"minecraft:light_gray_bed":1,"minecraft:cobbled_deepslate_wall":3,"minecraft:snow_block":112,"minecraft:baked_potato":257,"minecraft:red_nether_bricks":140,"minecraft:birch_boat":1,"minecraft:purple_glazed_terracotta":119,"minecraft:brown_mushroom":192,"minecraft:spruce_sign":27,"minecraft:green_bed":12,"minecraft:music_disc_cat":1,"minecraft:magenta_bed":13,"minecraft:red_mushroom":56,"minecraft:spider_eye":1,"minecraft:cyan_stained_glass":1,"minecraft:flower_pot":2,"minecraft:black_wool":3,"minecraft:chicken":1,"minecraft:lapis_ore":20,"minecraft:yellow_wool":24,"minecraft:stone_axe":46,"minecraft:cobbled_deepslate_slab":38,"minecraft:cyan_stained_glass_pane":2,"minecraft:pink_shulker_box":63,"minecraft:pumpkin_pie":34,"minecraft:gray_wool":29,"minecraft:orange_dye":1,"minecraft:nether_brick_fence":60,"minecraft:spruce_slab":512,"minecraft:polished_blackstone":105,"minecraft:elytra":1,"minecraft:ladder":18,"minecraft:chest":166,"minecraft:white_shulker_box":38,"minecraft:orange_wool":23,"minecraft:acacia_sapling":477,"minecraft:stripped_spruce_log":45,"minecraft:honey_block":2,"minecraft:grass_block":1573,"minecraft:birch_sapling":121,"minecraft:orange_shulker_box":5,"minecraft:copper_ore":1999,"minecraft:dark_oak_button":2,"minecraft:pink_wool":43,"minecraft:stone_brick_stairs":2260,"minecraft:red_stained_glass_pane":652,"minecraft:snow":221,"minecraft:sweet_berries":138,"minecraft:furnace":30,"minecraft:egg":53,"minecraft:potato":936,"minecraft:magenta_shulker_box":1,"minecraft:emerald_ore":1,"minecraft:diorite":43,"minecraft:spruce_door":2,"minecraft:red_stained_glass":159,"minecraft:powered_rail":5,"minecraft:orange_tulip":64,"minecraft:oak_leaves":105,"minecraft:blue_dye":1,"minecraft:sand":430,"minecraft:blue_ice":24,"minecraft:netherite_helmet":4,"minecraft:black_concrete_powder":548,"minecraft:deepslate_tiles":1530,"minecraft:stone_button":821,"minecraft:lectern":38,"minecraft:magenta_stained_glass_pane":46,"minecraft:dark_oak_fence":5,"minecraft:white_stained_glass":159,"minecraft:ice":588,"minecraft:iron_bars":2,"minecraft:stone_sword":81,"minecraft:acacia_log":17,"minecraft:red_concrete":93,"minecraft:mycelium":11,"minecraft:netherrack":2050,"minecraft:orange_bed":13,"minecraft:light_gray_shulker_box":11,"minecraft:anvil":4,"minecraft:wheat":1,"minecraft:nether_brick_slab":1,"minecraft:polished_diorite":6,"minecraft:shroomlight":2,"minecraft:red_shulker_box":28,"minecraft:flowering_azalea":1,"minecraft:iron_axe":685,"minecraft:rooted_dirt":4,"minecraft:slime_block":52,"minecraft:spruce_button":1,"minecraft:totem_of_undying":1,"minecraft:smooth_basalt":37,"minecraft:glowstone":50,"minecraft:raw_copper_block":15,"minecraft:magenta_wool":24,"minecraft:iron_trapdoor":370,"minecraft:observer":6,"minecraft:cobbled_deepslate":201,"minecraft:orange_terracotta":152,"minecraft:water_bucket":469,"minecraft:light_blue_glazed_terracotta":41,"minecraft:yellow_shulker_box":36,"minecraft:lime_wool":24,"minecraft:red_mushroom_block":22,"minecraft:fletching_table":1,"minecraft:polished_blackstone_bricks":286,"minecraft:gilded_blackstone":67,"minecraft:mossy_cobblestone":25,"minecraft:vine":1,"minecraft:oak_slab":213,"minecraft:crafting_table":30,"minecraft:birch_sign":9,"minecraft:lime_shulker_box":4,"minecraft:cake":2,"minecraft:oak_log":170,"minecraft:iron_pickaxe":2550,"minecraft:cyan_concrete":11,"minecraft:crimson_nylium":1,"minecraft:chiseled_stone_bricks":10,"minecraft:cobblestone":803,"minecraft:glass_pane":21,"minecraft:brown_mushroom_block":6,"minecraft:kelp":49,"minecraft:jukebox":1,"minecraft:iron_shovel":502,"minecraft:diamond_hoe":911,"minecraft:oak_sign":13,"minecraft:white_terracotta":1852,"minecraft:iron_sword":298,"minecraft:purple_shulker_box":61,"minecraft:bell":14,"minecraft:player_head":134,"minecraft:nether_bricks":2890,"minecraft:carrot":2412,"minecraft:tuff":214,"minecraft:cyan_wool":24,"minecraft:axolotl_bucket":65,"minecraft:milk_bucket":6,"minecraft:glass":252,"minecraft:coal_ore":178,"minecraft:quartz_slab":207,"minecraft:crimson_roots":2,"minecraft:hopper_minecart":1,"minecraft:stone_bricks":1694,"minecraft:repeater":29,"minecraft:red_carpet":38,"minecraft:magma_block":14,"minecraft:warped_fungus":6,"minecraft:scaffolding":953,"minecraft:gray_bed":11,"minecraft:beetroot_seeds":2,"minecraft:polished_blackstone_stairs":25,"minecraft:chiseled_polished_blackstone":30,"minecraft:dark_oak_stairs":54,"minecraft:dark_oak_sign":3,"minecraft:ender_pearl":25,"minecraft:blue_bed":13,"minecraft:loom":1,"minecraft:black_banner":6,"minecraft:light_gray_terracotta":4,"minecraft:deepslate_redstone_ore":397,"minecraft:sponge":6,"minecraft:note_block":3,"minecraft:stone_brick_wall":1591,"minecraft:black_bed":11,"minecraft:shears":423,"minecraft:redstone_torch":4,"minecraft:black_concrete":2017,"minecraft:firework_rocket":901,"minecraft:gray_shulker_box":80,"minecraft:cyan_bed":12,"minecraft:string":903,"minecraft:gravel":135,"minecraft:blackstone_slab":3,"minecraft:jungle_sign":2,"minecraft:grindstone":2,"minecraft:andesite":62,"minecraft:tropical_fish_bucket":13,"minecraft:azalea":16,"minecraft:trident":2847,"minecraft:jungle_leaves":2,"minecraft:music_disc_otherside":1,"minecraft:tropical_fish":3,"minecraft:stone_shovel":57,"minecraft:spruce_planks":3368,"minecraft:sculk":15,"minecraft:white_carpet":18,"minecraft:hopper":71,"minecraft:spruce_stairs":337,"minecraft:cobblestone_wall":260,"minecraft:shulker_box":322,"minecraft:pink_dye":1,"minecraft:pink_carpet":1,"minecraft:granite":19,"minecraft:light_blue_stained_glass":244,"minecraft:andesite_wall":8,"minecraft:stone_brick_slab":376,"minecraft:dark_oak_planks":54,"minecraft:bookshelf":27,"minecraft:red_candle":23,"minecraft:polished_blackstone_brick_stairs":2,"minecraft:light_gray_wool":23,"minecraft:golden_carrot":3201,"minecraft:emerald_block":29,"minecraft:white_stained_glass_pane":600,"minecraft:cyan_banner":31,"minecraft:stone_pressure_plate":29,"minecraft:cooked_mutton":69,"minecraft:pink_tulip":1,"minecraft:amethyst_block":225,"minecraft:polished_andesite":19,"minecraft:netherite_chestplate":2,"minecraft:blue_wool":24,"minecraft:copper_block":11,"minecraft:black_shulker_box":40,"minecraft:white_dye":4,"minecraft:beacon":3,"minecraft:stonecutter":18,"minecraft:chiseled_nether_bricks":6,"minecraft:cobblestone_slab":99,"minecraft:terracotta":114,"minecraft:lime_bed":11,"minecraft:smoker":9,"minecraft:nether_gold_ore":4,"minecraft:purple_stained_glass":9,"minecraft:apple":2,"minecraft:cracked_polished_blackstone_bricks":6,"minecraft:map":4,"minecraft:netherite_axe":3,"minecraft:purple_dye":1,"minecraft:fishing_rod":233,"minecraft:white_banner":2,"minecraft:bucket":577,"minecraft:yellow_bed":15,"minecraft:polished_blackstone_button":3,"minecraft:splash_potion":1,"minecraft:smooth_stone":68,"minecraft:soul_torch":23},"minecraft:custom":{"minecraft:interact_with_crafting_table":650,"minecraft:play_time":30699129,"minecraft:deaths":272,"minecraft:jump":490484,"minecraft:play_record":3,"minecraft:interact_with_cartography_table":1,"minecraft:interact_with_smoker":283,"minecraft:inspect_dispenser":98,"minecraft:horse_one_cm":796707,"minecraft:inspect_dropper":40,"minecraft:interact_with_anvil":83,"minecraft:inspect_hopper":152,"minecraft:tune_noteblock":770,"minecraft:time_since_rest":120616,"minecraft:swim_one_cm":8748782,"minecraft:open_chest":7515,"minecraft:open_shulker_box":5357,"minecraft:damage_resisted":7850,"minecraft:play_noteblock":126,"minecraft:talked_to_villager":91,"minecraft:interact_with_brewingstand":5,"minecraft:interact_with_beacon":9,"minecraft:raid_win":6,"minecraft:boat_one_cm":21009544,"minecraft:damage_taken":232227,"minecraft:aviate_one_cm":50835599,"minecraft:open_barrel":1341,"minecraft:bell_ring":844,"minecraft:eat_cake_slice":175,"minecraft:leave_game":639,"minecraft:time_since_death":153442,"minecraft:enchant_item":1,"minecraft:interact_with_furnace":827,"minecraft:traded_with_villager":77,"minecraft:sleep_in_bed":136,"minecraft:damage_dealt":460703,"minecraft:interact_with_smithing_table":2,"minecraft:target_hit":2,"minecraft:sneak_time":1579283,"minecraft:interact_with_lectern":76,"minecraft:interact_with_blast_furnace":61,"minecraft:total_world_time":30699129,"minecraft:interact_with_stonecutter":134,"minecraft:fly_one_cm":124712900,"minecraft:fish_caught":47,"minecraft:fall_one_cm":17806457,"minecraft:animals_bred":792,"minecraft:sprint_one_cm":79030825,"minecraft:drop":4251,"minecraft:walk_on_water_one_cm":2357039,"minecraft:interact_with_loom":30,"minecraft:open_enderchest":430,"minecraft:player_kills":77,"minecraft:crouch_one_cm":5118962,"minecraft:mob_kills":73510,"minecraft:climb_one_cm":2462993,"minecraft:walk_one_cm":33608917,"minecraft:walk_under_water_one_cm":5966046,"minecraft:raid_trigger":8,"minecraft:pot_flower":6,"minecraft:interact_with_grindstone":1,"minecraft:damage_absorbed":61,"minecraft:minecart_one_cm":4743,"minecraft:pig_one_cm":1392},"minecraft:killed_by":{"minecraft:zombie":12,"minecraft:rabbit":2,"minecraft:zombified_piglin":2,"minecraft:drowned":11,"minecraft:skeleton":10,"minecraft:vindicator":3,"minecraft:vex":1,"minecraft:slime":4,"minecraft:creeper":4,"minecraft:polar_bear":2,"minecraft:blaze":1,"minecraft:witch":1,"minecraft:player":132,"minecraft:phantom":3},"minecraft:killed":{"minecraft:cod":7,"minecraft:salmon":8,"minecraft:iron_golem":1,"minecraft:pillager":213,"minecraft:zombie":322,"minecraft:evoker":21,"minecraft:vindicator":90,"minecraft:endermite":1,"minecraft:warden":1,"minecraft:rabbit":2,"minecraft:frog":2,"minecraft:ravager":10,"minecraft:zombified_piglin":37,"minecraft:witch":30,"minecraft:spider":113,"minecraft:piglin":47,"minecraft:zombie_villager":7,"minecraft:sheep":199,"minecraft:mooshroom":3,"minecraft:ghast":13,"minecraft:vex":14,"minecraft:slime":498,"minecraft:drowned":37,"minecraft:hoglin":8,"minecraft:squid":492,"minecraft:wither_skeleton":124,"minecraft:pufferfish":3,"minecraft:skeleton":264,"minecraft:chicken":17,"minecraft:cat":1,"minecraft:magma_cube":295,"minecraft:glow_squid":19,"minecraft:cow":244,"minecraft:horse":1,"minecraft:enderman":12,"minecraft:pig":132,"minecraft:creeper":108,"minecraft:blaze":1105,"minecraft:phantom":29,"minecraft:bat":2}},"DataVersion":3120}