{"stats":{"minecraft:picked_up":{"minecraft:netherite_boots":2,"minecraft:crafting_table":1,"minecraft:golden_carrot":12,"minecraft:cooked_beef":14,"minecraft:ender_chest":5,"minecraft:nether_wart":125,"minecraft:water_bucket":1,"minecraft:potion":1,"minecraft:shield":1,"minecraft:golden_sword":2,"minecraft:netherite_leggings":2,"minecraft:elytra":2,"minecraft:leather_boots":1,"minecraft:pink_shulker_box":3,"minecraft:bow":2,"minecraft:cobbled_deepslate":64,"minecraft:netherite_sword":2,"minecraft:bucket":1,"minecraft:written_book":1,"minecraft:netherite_axe":1,"minecraft:glass_bottle":2,"minecraft:blue_shulker_box":6,"minecraft:lime_shulker_box":2,"minecraft:golden_helmet":1,"minecraft:stick":16,"minecraft:sweet_berries":50,"minecraft:amethyst_shard":1,"minecraft:ink_sac":4,"minecraft:trident":2,"minecraft:netherite_pickaxe":1,"minecraft:shulker_box":7,"minecraft:firework_rocket":37,"minecraft:diamond_shovel":1,"minecraft:arrow":2,"minecraft:red_shulker_box":2,"minecraft:rotten_flesh":7,"minecraft:netherite_helmet":2,"minecraft:crossbow":2,"minecraft:gold_ingot":2,"minecraft:totem_of_undying":1,"minecraft:netherite_chestplate":2,"minecraft:netherrack":48,"minecraft:obsidian":1,"minecraft:diamond_pickaxe":3,"minecraft:ender_pearl":4},"minecraft:mined":{"minecraft:pink_shulker_box":2,"minecraft:red_shulker_box":1,"minecraft:shulker_box":4,"minecraft:cobblestone":1,"minecraft:lime_shulker_box":1,"minecraft:nether_wart":42,"minecraft:sweet_berry_bush":12,"minecraft:vine":2,"minecraft:blue_shulker_box":5,"minecraft:ender_chest":4},"minecraft:crafted":{"minecraft:book":1,"minecraft:written_book":1,"minecraft:chest":2,"minecraft:writable_book":1},"minecraft:used":{"minecraft:trident":1,"minecraft:netherite_sword":6,"minecraft:chest":2,"minecraft:ender_chest":4,"minecraft:nether_wart":42,"minecraft:mushroom_stew":3,"minecraft:shulker_box":4,"minecraft:lime_shulker_box":1,"minecraft:red_shulker_box":1,"minecraft:diamond_pickaxe":18,"minecraft:firework_rocket":71,"minecraft:netherite_axe":10,"minecraft:golden_carrot":18,"minecraft:bow":7,"minecraft:written_book":2,"minecraft:sweet_berries":17,"minecraft:blue_shulker_box":5,"minecraft:pink_shulker_box":2},"minecraft:killed":{"minecraft:zombified_piglin":2,"minecraft:squid":1,"minecraft:skeleton":1},"minecraft:dropped":{"minecraft:sweet_berries":18,"minecraft:golden_sword":2,"minecraft:written_book":1},"minecraft:custom":{"minecraft:mob_kills":229,"minecraft:interact_with_anvil":1,"minecraft:interact_with_crafting_table":3,"minecraft:open_barrel":40,"minecraft:open_shulker_box":22,"minecraft:leave_game":3,"minecraft:time_since_death":117959,"minecraft:climb_one_cm":46192,"minecraft:damage_resisted":40,"minecraft:time_since_rest":117959,"minecraft:sprint_one_cm":524388,"minecraft:open_enderchest":34,"minecraft:damage_taken":517,"minecraft:walk_one_cm":267460,"minecraft:drop":4,"minecraft:damage_dealt":365,"minecraft:swim_one_cm":52102,"minecraft:fly_one_cm":877810,"minecraft:open_chest":150,"minecraft:crouch_one_cm":9430,"minecraft:play_time":117959,"minecraft:sneak_time":2897,"minecraft:walk_under_water_one_cm":49772,"minecraft:interact_with_lectern":3,"minecraft:aviate_one_cm":2437162,"minecraft:jump":2756,"minecraft:interact_with_brewingstand":1,"minecraft:walk_on_water_one_cm":10617,"minecraft:total_world_time":117959,"minecraft:fall_one_cm":62551}},"DataVersion":2975}