{"stats":{"minecraft:mined":{"minecraft:red_shulker_box":1,"minecraft:shulker_box":8,"minecraft:iron_bars":2,"minecraft:stonecutter":2,"minecraft:stone_bricks":11,"minecraft:oak_wall_sign":34},"minecraft:picked_up":{"minecraft:golden_carrot":6,"minecraft:dark_oak_boat":1,"minecraft:shulker_box":8,"minecraft:red_shulker_box":1,"minecraft:oak_sign":5,"minecraft:stone_bricks":11,"minecraft:diamond":8,"minecraft:spruce_boat":4,"minecraft:stonecutter":2,"minecraft:written_book":2,"minecraft:iron_bars":7},"minecraft:dropped":{"minecraft:netherite_pickaxe":1,"minecraft:baked_potato":18,"minecraft:written_book":3},"minecraft:crafted":{"minecraft:oak_sign":51,"minecraft:stick":20,"minecraft:iron_ingot":576,"minecraft:stone_bricks":1728,"minecraft:air":0,"minecraft:iron_bars":480},"minecraft:used":{"minecraft:spruce_boat":5,"minecraft:stone_brick_slab":22,"minecraft:red_shulker_box":1,"minecraft:diamond_pickaxe":1,"minecraft:iron_bars":186,"minecraft:baked_potato":6,"minecraft:oak_sign":40,"minecraft:stonecutter":1,"minecraft:stone_bricks":155,"minecraft:dark_oak_boat":1,"minecraft:written_book":1,"minecraft:sweet_berries":10,"minecraft:netherite_pickaxe":23,"minecraft:shulker_box":8},"minecraft:custom":{"minecraft:time_since_rest":481001,"minecraft:sprint_one_cm":141742,"minecraft:open_enderchest":4,"minecraft:damage_taken":160,"minecraft:walk_one_cm":291126,"minecraft:drop":5,"minecraft:damage_dealt":5,"minecraft:swim_one_cm":30572,"minecraft:interact_with_crafting_table":6,"minecraft:fly_one_cm":1717800,"minecraft:open_barrel":1,"minecraft:open_chest":20,"minecraft:crouch_one_cm":21987,"minecraft:open_shulker_box":13,"minecraft:play_time":481001,"minecraft:sneak_time":10350,"minecraft:walk_under_water_one_cm":9469,"minecraft:boat_one_cm":1420150,"minecraft:jump":1080,"minecraft:interact_with_stonecutter":1,"minecraft:leave_game":18,"minecraft:walk_on_water_one_cm":5433,"minecraft:time_since_death":481001,"minecraft:climb_one_cm":2052,"minecraft:total_world_time":481001,"minecraft:fall_one_cm":24111}},"DataVersion":3120}