{"stats":{"minecraft:used":{"minecraft:firework_rocket":8,"minecraft:oak_sign":1,"minecraft:green_wool":1,"minecraft:ender_pearl":2,"minecraft:golden_carrot":6,"minecraft:written_book":1,"minecraft:sweet_berries":18,"minecraft:cooked_beef":7},"minecraft:picked_up":{"minecraft:cooked_beef":85,"minecraft:golden_carrot":41,"minecraft:sweet_berries":20,"minecraft:birch_slab":2,"minecraft:filled_map":2,"minecraft:dirt":1,"minecraft:elytra":2,"minecraft:tnt":2,"minecraft:item_frame":2,"minecraft:firework_rocket":8,"minecraft:warped_sign":2,"minecraft:written_book":1,"minecraft:green_wool":1,"minecraft:warped_nylium":1,"minecraft:ender_pearl":2},"minecraft:mined":{"minecraft:sweet_berry_bush":2,"minecraft:moss_block":1,"minecraft:green_wool":1},"minecraft:custom":{"minecraft:time_since_rest":18343,"minecraft:sprint_one_cm":115423,"minecraft:damage_taken":1620,"minecraft:walk_one_cm":84626,"minecraft:drop":28,"minecraft:damage_dealt":411,"minecraft:swim_one_cm":5370,"minecraft:fly_one_cm":333856,"minecraft:open_chest":2,"minecraft:crouch_one_cm":4075,"minecraft:open_shulker_box":1,"minecraft:play_time":43022,"minecraft:deaths":2,"minecraft:sneak_time":1990,"minecraft:walk_under_water_one_cm":887,"minecraft:boat_one_cm":36890,"minecraft:aviate_one_cm":681,"minecraft:jump":1071,"minecraft:time_since_death":18323,"minecraft:leave_game":3,"minecraft:walk_on_water_one_cm":8748,"minecraft:total_world_time":43022,"minecraft:climb_one_cm":158,"minecraft:fall_one_cm":23970},"minecraft:dropped":{"minecraft:filled_map":2,"minecraft:dirt":1,"minecraft:sweet_berries":2,"minecraft:cooked_beef":8,"minecraft:golden_carrot":5,"minecraft:tnt":2,"minecraft:warped_sign":2,"minecraft:elytra":2,"minecraft:birch_slab":2,"minecraft:item_frame":2}},"DataVersion":3120}