{"stats":{"minecraft:dropped":{"minecraft:water_bucket":1,"minecraft:wheat_seeds":1,"minecraft:cobblestone":7,"minecraft:leather":1,"minecraft:spruce_stairs":29,"minecraft:stick":1,"minecraft:diorite":2,"minecraft:string":2,"minecraft:white_wool":1,"minecraft:spruce_sapling":1,"minecraft:player_head":1,"minecraft:iron_nugget":1,"minecraft:raw_iron":1,"minecraft:leather_chestplate":1,"minecraft:gunpowder":3,"minecraft:andesite":5,"minecraft:leather_leggings":1,"minecraft:beef":10},"minecraft:crafted":{"minecraft:iron_nugget":9,"minecraft:furnace":5,"minecraft:bone_meal":48,"minecraft:spruce_fence":6,"minecraft:flint_and_steel":1,"minecraft:lantern":1,"minecraft:spruce_stairs":32,"minecraft:iron_axe":2,"minecraft:spruce_slab":24,"minecraft:stone_pickaxe":1,"minecraft:chest":4,"minecraft:copper_block":15,"minecraft:spruce_boat":2,"minecraft:spruce_sign":3,"minecraft:crafting_table":2,"minecraft:spruce_planks":184,"minecraft:wooden_pickaxe":1,"minecraft:copper_ingot":139,"minecraft:bucket":1,"minecraft:stone_axe":1,"minecraft:air":0,"minecraft:iron_chestplate":1,"minecraft:shield":1,"minecraft:stick":32,"minecraft:iron_ingot":37,"minecraft:iron_pickaxe":3,"minecraft:wooden_axe":2,"minecraft:iron_leggings":1,"minecraft:torch":4},"minecraft:used":{"minecraft:flint_and_steel":30,"minecraft:spruce_slab":20,"minecraft:oak_sign":1,"minecraft:spruce_planks":64,"minecraft:chest":5,"minecraft:shield":25,"minecraft:player_head":4,"minecraft:cooked_chicken":12,"minecraft:rotten_flesh":14,"minecraft:netherrack":1,"minecraft:iron_chestplate":1,"minecraft:torch":3,"minecraft:dirt":6,"minecraft:white_carpet":1,"minecraft:spruce_stairs":33,"minecraft:granite":2,"minecraft:spruce_fence":6,"minecraft:snowball":20,"minecraft:spruce_boat":16,"minecraft:wooden_axe":11,"minecraft:lava_bucket":9,"minecraft:lantern":1,"minecraft:iron_axe":401,"minecraft:golden_carrot":5,"minecraft:bow":26,"minecraft:sweet_berries":85,"minecraft:furnace":14,"minecraft:egg":3,"minecraft:cooked_beef":5,"minecraft:powder_snow_bucket":2,"minecraft:iron_leggings":2,"minecraft:cooked_mutton":2,"minecraft:water_bucket":11,"minecraft:diorite":2,"minecraft:stone_pickaxe":131,"minecraft:wooden_pickaxe":8,"minecraft:spruce_sign":3,"minecraft:crafting_table":17,"minecraft:spruce_log":24,"minecraft:iron_pickaxe":352,"minecraft:gravel":16,"minecraft:stone_axe":76,"minecraft:cobblestone":10,"minecraft:cooked_porkchop":9,"minecraft:andesite":8,"minecraft:bucket":23},"minecraft:broken":{"minecraft:stone_pickaxe":1,"minecraft:iron_axe":2,"minecraft:stone_axe":1,"minecraft:iron_pickaxe":1},"minecraft:custom":{"minecraft:mob_kills":102,"minecraft:interact_with_anvil":1,"minecraft:interact_with_crafting_table":47,"minecraft:open_shulker_box":7,"minecraft:leave_game":11,"minecraft:time_since_death":25737,"minecraft:sprint_one_cm":512453,"minecraft:walk_one_cm":428786,"minecraft:damage_blocked_by_shield":1155,"minecraft:drop":49,"minecraft:talked_to_villager":4,"minecraft:play_time":144646,"minecraft:deaths":6,"minecraft:sneak_time":9871,"minecraft:walk_under_water_one_cm":12980,"minecraft:boat_one_cm":275113,"minecraft:jump":6036,"minecraft:walk_on_water_one_cm":18425,"minecraft:total_world_time":144646,"minecraft:interact_with_furnace":134,"minecraft:time_since_rest":25757,"minecraft:open_enderchest":1,"minecraft:damage_taken":3636,"minecraft:damage_dealt":16992,"minecraft:player_kills":1,"minecraft:fly_one_cm":1818810,"minecraft:swim_one_cm":47844,"minecraft:open_chest":104,"minecraft:crouch_one_cm":61540,"minecraft:fall_one_cm":196687},"minecraft:picked_up":{"minecraft:wooden_axe":1,"minecraft:crafting_table":19,"minecraft:chicken":1,"minecraft:leather_leggings":1,"minecraft:wooden_pickaxe":1,"minecraft:string":2,"minecraft:raw_copper":130,"minecraft:wooden_sword":1,"minecraft:white_carpet":1,"minecraft:spruce_planks":76,"minecraft:beef":19,"minecraft:player_head":10,"minecraft:poppy":4,"minecraft:spruce_slab":20,"minecraft:light_gray_wool":2,"minecraft:chest":3,"minecraft:egg":4,"minecraft:furnace":14,"minecraft:tipped_arrow":1,"minecraft:stick":10,"minecraft:raw_iron":38,"minecraft:copper_ingot":14,"minecraft:torch":2,"minecraft:spruce_stairs":59,"minecraft:spruce_fence":6,"minecraft:diorite":4,"minecraft:arrow":33,"minecraft:rotten_flesh":40,"minecraft:snowball":20,"minecraft:white_wool":3,"minecraft:cobblestone":63,"minecraft:leather_chestplate":1,"minecraft:feather":25,"minecraft:cooked_beef":9,"minecraft:golden_carrot":9,"minecraft:water_bucket":1,"minecraft:andesite":13,"minecraft:leather":15,"minecraft:golden_leggings":1,"minecraft:flint":1,"minecraft:gunpowder":5,"minecraft:lapis_lazuli":49,"minecraft:dirt":6,"minecraft:lantern":1,"minecraft:cooked_mutton":2,"minecraft:bone":19,"minecraft:bow":1,"minecraft:wheat_seeds":5,"minecraft:stone_pickaxe":1,"minecraft:cooked_chicken":12,"minecraft:cooked_porkchop":9,"minecraft:sweet_berries":197,"minecraft:gravel":16,"minecraft:spruce_sapling":30,"minecraft:spruce_log":129,"minecraft:spider_eye":1,"minecraft:stone_axe":1,"minecraft:spruce_boat":17,"minecraft:granite":2,"minecraft:bone_meal":20,"minecraft:spruce_sign":1,"minecraft:netherrack":7,"minecraft:coal":468},"minecraft:killed":{"minecraft:spider":2,"minecraft:skeleton":17,"minecraft:bee":1,"minecraft:chicken":9,"minecraft:drowned":1,"minecraft:wolf":1,"minecraft:pig":4,"minecraft:creeper":8,"minecraft:polar_bear":3,"minecraft:sheep":2,"minecraft:zombie":42,"minecraft:mooshroom":10,"minecraft:stray":1,"minecraft:cow":1},"minecraft:killed_by":{"minecraft:player":3,"minecraft:skeleton":1},"minecraft:mined":{"minecraft:spruce_planks":34,"minecraft:granite":2,"minecraft:spruce_fence":6,"minecraft:grass_block":2,"minecraft:spruce_leaves":49,"minecraft:large_fern":6,"minecraft:furnace":14,"minecraft:iron_ore":38,"minecraft:fire":30,"minecraft:andesite":13,"minecraft:lantern":1,"minecraft:packed_ice":119,"minecraft:stone":60,"minecraft:player_head":2,"minecraft:spruce_slab":17,"minecraft:player_wall_head":2,"minecraft:powder_snow":4,"minecraft:crafting_table":17,"minecraft:chest":3,"minecraft:tall_grass":1,"minecraft:copper_ore":36,"minecraft:lapis_ore":4,"minecraft:diorite":4,"minecraft:spruce_sign":1,"minecraft:spruce_stairs":31,"minecraft:sweet_berry_bush":39,"minecraft:ice":3,"minecraft:white_carpet":1,"minecraft:spruce_log":132,"minecraft:bee_nest":1,"minecraft:grass":3,"minecraft:coal_ore":170,"minecraft:gravel":17,"minecraft:dirt":8,"minecraft:oak_leaves":1}},"DataVersion":2975}