{"stats":{"minecraft:used":{"minecraft:moss_block":192,"minecraft:writable_book":227,"minecraft:chiseled_deepslate":82,"minecraft:black_carpet":78,"minecraft:stone":39049,"minecraft:soul_sand":14,"minecraft:lily_of_the_valley":3,"minecraft:weeping_vines":2,"minecraft:spruce_boat":219,"minecraft:polished_blackstone_slab":56,"minecraft:packed_ice":409,"minecraft:lava_bucket":65,"minecraft:quartz_pillar":1,"minecraft:red_wool":275,"minecraft:quartz_block":6,"minecraft:dark_oak_slab":224,"minecraft:netherite_boots":5,"minecraft:bow":1696,"minecraft:oak_sapling":44,"minecraft:cooked_cod":2,"minecraft:end_stone_brick_stairs":27,"minecraft:chorus_fruit":1,"minecraft:blackstone":1,"minecraft:wooden_pickaxe":46,"minecraft:clay":5,"minecraft:jungle_boat":211,"minecraft:golden_apple":73,"minecraft:glow_berries":17,"minecraft:blast_furnace":3,"minecraft:crimson_fence_gate":2,"minecraft:birch_fence":36,"minecraft:birch_slab":39,"minecraft:deepslate_iron_ore":5,"minecraft:nether_wart_block":26,"minecraft:diamond_sword":1335,"minecraft:coal_block":10,"minecraft:smithing_table":3,"minecraft:oak_boat":97,"minecraft:oak_trapdoor":103,"minecraft:polished_blackstone_brick_slab":36,"minecraft:enchanting_table":1,"minecraft:carved_pumpkin":11,"minecraft:armor_stand":15,"minecraft:tinted_glass":32,"minecraft:cooked_salmon":20,"minecraft:torch":2249,"minecraft:brewing_stand":10,"minecraft:yellow_carpet":2,"minecraft:fern":6,"minecraft:sea_lantern":6,"minecraft:chipped_anvil":1,"minecraft:iron_block":115,"minecraft:polished_deepslate_wall":31,"minecraft:barrel":48,"minecraft:bamboo":18,"minecraft:diamond_chestplate":2,"minecraft:basalt":59,"minecraft:acacia_planks":1,"minecraft:wheat_seeds":355,"minecraft:light_blue_shulker_box":51,"minecraft:birch_planks":42,"minecraft:cauldron":3,"minecraft:glow_ink_sac":28,"minecraft:spruce_fence_gate":13,"minecraft:deepslate_bricks":46,"minecraft:polished_deepslate_slab":25,"minecraft:diamond_block":2,"minecraft:rail":836,"minecraft:red_bed":14,"minecraft:sculk_shrieker":12,"minecraft:campfire":98,"minecraft:white_bed":11,"minecraft:spruce_log":104,"minecraft:mushroom_stem":4,"minecraft:yellow_dye":4,"minecraft:diamond_pickaxe":49209,"minecraft:diamond_shovel":6614,"minecraft:suspicious_stew":1,"minecraft:spruce_trapdoor":67,"minecraft:spruce_sapling":12,"minecraft:potion":7,"minecraft:orange_banner":1,"minecraft:purple_bed":2,"minecraft:crimson_stairs":13,"minecraft:cooked_porkchop":60,"minecraft:diamond_leggings":2,"minecraft:moss_carpet":90,"minecraft:polished_deepslate":85,"minecraft:melon":6,"minecraft:polished_basalt":3,"minecraft:nether_wart":1,"minecraft:jungle_planks":5,"minecraft:music_disc_13":2,"minecraft:obsidian":973,"minecraft:big_dripleaf":26,"minecraft:lantern":84,"minecraft:blue_orchid":3,"minecraft:polished_blackstone_brick_wall":11,"minecraft:item_frame":42,"minecraft:deepslate_diamond_ore":219,"minecraft:birch_button":142,"minecraft:birch_trapdoor":11,"minecraft:written_book":177,"minecraft:mangrove_roots":1,"minecraft:blue_shulker_box":19,"minecraft:gold_block":58,"minecraft:dark_oak_sapling":16,"minecraft:end_rod":8,"minecraft:diamond_boots":1,"minecraft:wither_skeleton_skull":6,"minecraft:gray_carpet":6,"minecraft:stone_pickaxe":846,"minecraft:mangrove_planks":7,"minecraft:oak_planks":199,"minecraft:sandstone":1,"minecraft:diamond_axe":3668,"minecraft:sugar_cane":2,"minecraft:white_wool":443,"minecraft:netherite_leggings":1,"minecraft:mushroom_stew":6,"minecraft:light_blue_wool":586,"minecraft:crossbow":7,"minecraft:end_stone":12,"minecraft:sticky_piston":4,"minecraft:lever":30,"minecraft:dark_oak_log":31,"minecraft:bread":179,"minecraft:iron_door":6,"minecraft:deepslate":386,"minecraft:chain":47,"minecraft:bone_meal":131,"minecraft:netherite_sword":2251,"minecraft:rose_bush":10,"minecraft:crimson_fence":37,"minecraft:flint_and_steel":166,"minecraft:redstone":82,"minecraft:dried_kelp":127,"minecraft:ender_chest":27,"minecraft:brown_shulker_box":10,"minecraft:stone_hoe":229,"minecraft:cooked_chicken":257,"minecraft:dirt":11003,"minecraft:spruce_fence":30,"minecraft:iron_hoe":666,"minecraft:wooden_axe":57,"minecraft:light_gray_stained_glass":4,"minecraft:oak_stairs":42,"minecraft:crimson_slab":16,"minecraft:black_stained_glass":18,"minecraft:deepslate_tile_stairs":49,"minecraft:netherite_pickaxe":36045,"minecraft:minecart":7,"minecraft:cooked_beef":202,"minecraft:powder_snow_bucket":18,"minecraft:pumpkin":11,"minecraft:cobbled_deepslate_wall":8,"minecraft:baked_potato":118,"minecraft:birch_boat":3,"minecraft:cut_sandstone":2,"minecraft:brown_mushroom":1,"minecraft:spruce_sign":50,"minecraft:music_disc_cat":3,"minecraft:piston":2,"minecraft:black_wool":19,"minecraft:stone_slab":95,"minecraft:yellow_wool":509,"minecraft:stone_axe":127,"minecraft:cobbled_deepslate_slab":4,"minecraft:cyan_stained_glass_pane":1,"minecraft:sculk_catalyst":9,"minecraft:birch_stairs":8,"minecraft:orange_dye":13,"minecraft:spruce_slab":512,"minecraft:elytra":3,"minecraft:ladder":31,"minecraft:chest":118,"minecraft:white_shulker_box":5,"minecraft:jungle_slab":8,"minecraft:allium":2,"minecraft:netherite_shovel":18529,"minecraft:black_stained_glass_pane":40,"minecraft:grass_block":5306,"minecraft:birch_sapling":18,"minecraft:polished_andesite_stairs":10,"minecraft:orange_shulker_box":13,"minecraft:dark_oak_button":165,"minecraft:stone_brick_stairs":218,"minecraft:dark_oak_boat":30,"minecraft:sweet_berries":50,"minecraft:furnace":12,"minecraft:egg":360,"minecraft:potato":1,"minecraft:dragon_head":2,"minecraft:seagrass":8,"minecraft:diorite":9,"minecraft:end_stone_bricks":12,"minecraft:spruce_door":25,"minecraft:powered_rail":254,"minecraft:oak_leaves":4,"minecraft:smooth_quartz_stairs":17,"minecraft:dark_oak_trapdoor":44,"minecraft:sand":13,"minecraft:netherite_helmet":3,"minecraft:deepslate_tiles":104,"minecraft:crying_obsidian":111,"minecraft:stone_button":7,"minecraft:lectern":2,"minecraft:spore_blossom":3,"minecraft:diamond_ore":42,"minecraft:soul_lantern":21,"minecraft:fire_charge":1,"minecraft:wooden_sword":44,"minecraft:dark_oak_fence":46,"minecraft:gray_stained_glass":12,"minecraft:iron_bars":20,"minecraft:stone_sword":453,"minecraft:red_concrete":93,"minecraft:mycelium":1037,"minecraft:netherrack":1797,"minecraft:light_gray_shulker_box":22,"minecraft:anvil":8,"minecraft:stone_stairs":60,"minecraft:polished_diorite":1,"minecraft:small_dripleaf":3,"minecraft:shroomlight":86,"minecraft:red_shulker_box":5,"minecraft:flowering_azalea":17,"minecraft:iron_axe":252,"minecraft:spruce_button":209,"minecraft:smooth_quartz":11,"minecraft:totem_of_undying":5,"minecraft:melon_seeds":3,"minecraft:glowstone":2,"minecraft:beef":1,"minecraft:iron_trapdoor":4,"minecraft:cobbled_deepslate":667,"minecraft:crimson_stem":28,"minecraft:water_bucket":489,"minecraft:yellow_shulker_box":5,"minecraft:lime_wool":71,"minecraft:red_mushroom_block":24,"minecraft:mossy_cobblestone":10,"minecraft:oak_slab":37,"minecraft:tnt":498,"minecraft:crafting_table":39,"minecraft:birch_sign":5,"minecraft:lime_shulker_box":8,"minecraft:cake":1,"minecraft:deepslate_tile_wall":70,"minecraft:oak_log":493,"minecraft:cornflower":1,"minecraft:iron_pickaxe":7401,"minecraft:crimson_sign":12,"minecraft:chiseled_stone_bricks":91,"minecraft:cobblestone":1689,"minecraft:red_concrete_powder":56,"minecraft:glass_pane":10,"minecraft:kelp":13,"minecraft:jukebox":1,"minecraft:light_blue_stained_glass_pane":1,"minecraft:iron_shovel":498,"minecraft:diamond_hoe":1007,"minecraft:oak_sign":17,"minecraft:white_concrete_powder":108,"minecraft:shield":24,"minecraft:iron_sword":727,"minecraft:purple_shulker_box":5,"minecraft:bell":9,"minecraft:player_head":9,"minecraft:sculk_sensor":11,"minecraft:carrot":738,"minecraft:deepslate_tile_slab":1441,"minecraft:tuff":110,"minecraft:cyan_wool":304,"minecraft:axolotl_bucket":6,"minecraft:milk_bucket":14,"minecraft:polished_deepslate_stairs":155,"minecraft:glass":117,"minecraft:quartz_slab":46,"minecraft:stone_bricks":1079,"minecraft:red_carpet":9,"minecraft:repeater":1,"minecraft:magma_block":103,"minecraft:scaffolding":20,"minecraft:beetroot_seeds":74,"minecraft:dark_oak_stairs":65,"minecraft:dark_oak_sign":27,"minecraft:ender_pearl":36,"minecraft:end_stone_brick_slab":11,"minecraft:blue_bed":1,"minecraft:loom":1,"minecraft:black_banner":10,"minecraft:deepslate_redstone_ore":52,"minecraft:stone_brick_wall":36,"minecraft:shears":275,"minecraft:cobbled_deepslate_stairs":5,"minecraft:redstone_torch":86,"minecraft:firework_rocket":9249,"minecraft:lime_carpet":6,"minecraft:melon_slice":19,"minecraft:string":2,"minecraft:gravel":105,"minecraft:grindstone":7,"minecraft:andesite":33,"minecraft:white_concrete":1,"minecraft:tropical_fish_bucket":10,"minecraft:experience_bottle":2,"minecraft:azalea":7,"minecraft:oak_fence":84,"minecraft:trident":3613,"minecraft:music_disc_otherside":1,"minecraft:spruce_planks":421,"minecraft:sculk":32,"minecraft:end_stone_brick_wall":6,"minecraft:spyglass":46,"minecraft:white_carpet":2,"minecraft:hopper":17,"minecraft:spruce_stairs":320,"minecraft:cobblestone_wall":29,"minecraft:diamond_helmet":1,"minecraft:shulker_box":442,"minecraft:granite":5,"minecraft:birch_door":8,"minecraft:andesite_wall":1,"minecraft:purple_stained_glass_pane":10,"minecraft:stone_brick_slab":114,"minecraft:dark_oak_planks":52,"minecraft:red_tulip":2,"minecraft:bookshelf":5,"minecraft:red_candle":4,"minecraft:crimson_planks":67,"minecraft:golden_carrot":1389,"minecraft:emerald_block":509,"minecraft:red_dye":3,"minecraft:cooked_mutton":14,"minecraft:acacia_boat":2,"minecraft:glass_bottle":52,"minecraft:blue_wool":346,"minecraft:black_shulker_box":56,"minecraft:white_dye":2,"minecraft:beacon":6,"minecraft:stonecutter":4,"minecraft:cobblestone_slab":25,"minecraft:glow_item_frame":18,"minecraft:stripped_dark_oak_log":1,"minecraft:painting":9,"minecraft:smoker":3,"minecraft:dark_oak_door":8,"minecraft:map":1,"minecraft:netherite_axe":1454,"minecraft:purple_dye":1,"minecraft:fishing_rod":48,"minecraft:red_banner":7,"minecraft:bucket":593,"minecraft:purple_carpet":258,"minecraft:splash_potion":5,"minecraft:soul_torch":2},"minecraft:picked_up":{"minecraft:lead":41,"minecraft:smithing_table":2,"minecraft:stone_slab":28,"minecraft:enchanted_book":25,"minecraft:purple_shulker_box":5,"minecraft:music_disc_cat":2,"minecraft:polished_deepslate":26,"minecraft:string":271,"minecraft:shroomlight":44,"minecraft:sculk_shrieker":17,"minecraft:diamond_leggings":2,"minecraft:crimson_sign":10,"minecraft:diamond_ore":42,"minecraft:polished_blackstone_brick_slab":11,"minecraft:big_dripleaf":37,"minecraft:golden_chestplate":5,"minecraft:cyan_stained_glass_pane":1,"minecraft:stone_sword":3,"minecraft:polished_basalt":3,"minecraft:carved_pumpkin":12,"minecraft:red_tulip":2,"minecraft:bookshelf":4,"minecraft:blaze_rod":24,"minecraft:iron_bars":9,"minecraft:snowball":2,"minecraft:cooked_beef":260,"minecraft:feather":575,"minecraft:water_bucket":4,"minecraft:brown_wool":2,"minecraft:dark_oak_boat":32,"minecraft:flint":47,"minecraft:lantern":31,"minecraft:purple_carpet":187,"minecraft:stonecutter":3,"minecraft:dark_oak_sign":7,"minecraft:diamond_helmet":2,"minecraft:stripped_crimson_stem":15,"minecraft:brown_mushroom_block":584,"minecraft:iron_hoe":2,"minecraft:polished_andesite":52,"minecraft:deepslate":3273,"minecraft:lever":22,"minecraft:granite":376,"minecraft:spruce_button":54,"minecraft:rooted_dirt":6,"minecraft:crimson_roots":16,"minecraft:diamond_pickaxe":2,"minecraft:mud":18,"minecraft:clay_ball":624,"minecraft:leather_leggings":13,"minecraft:dragon_head":1,"minecraft:cornflower":3,"minecraft:elytra":6,"minecraft:flint_and_steel":2,"minecraft:white_carpet":10,"minecraft:glass_pane":7,"minecraft:netherite_sword":6,"minecraft:jungle_sapling":2,"minecraft:poppy":25,"minecraft:spruce_slab":136,"minecraft:minecart":9,"minecraft:birch_sapling":23,"minecraft:piston":2,"minecraft:copper_ore":15,"minecraft:lime_shulker_box":8,"minecraft:black_stained_glass":6,"minecraft:stone":14585,"minecraft:fire_charge":138,"minecraft:netherite_pickaxe":9,"minecraft:stone_shovel":1,"minecraft:diamond_chestplate":2,"minecraft:totem_of_undying":6,"minecraft:mutton":16,"minecraft:bone_block":1,"minecraft:rail":351,"minecraft:birch_leaves":3,"minecraft:yellow_shulker_box":4,"minecraft:fern":30,"minecraft:sculk_vein":200,"minecraft:paper":12,"minecraft:apple":55,"minecraft:spore_blossom":4,"minecraft:iron_ore":10,"minecraft:dark_oak_stairs":46,"minecraft:polished_andesite_stairs":1,"minecraft:smooth_basalt":241,"minecraft:milk_bucket":1,"minecraft:light_gray_stained_glass":4,"minecraft:sweet_berries":199,"minecraft:red_wool":149,"minecraft:crimson_stairs":6,"minecraft:crying_obsidian":131,"minecraft:leather_helmet":7,"minecraft:diamond_shovel":2,"minecraft:coal_ore":60,"minecraft:slime_ball":42,"minecraft:painting":9,"minecraft:deepslate_redstone_ore":17,"minecraft:birch_sign":2,"minecraft:polished_blackstone_brick_wall":7,"minecraft:baked_potato":421,"minecraft:hopper":8,"minecraft:black_carpet":23,"minecraft:ender_chest":23,"minecraft:yellow_wool":162,"minecraft:stone_brick_stairs":75,"minecraft:deepslate_lapis_ore":7,"minecraft:experience_bottle":1,"minecraft:bucket":1,"minecraft:white_tulip":160,"minecraft:red_dye":1,"minecraft:rose_bush":17,"minecraft:cobblestone_slab":9,"minecraft:azalea":49,"minecraft:smooth_quartz":11,"minecraft:smooth_quartz_stairs":11,"minecraft:deepslate_iron_ore":20,"minecraft:blue_wool":12,"minecraft:birch_trapdoor":6,"minecraft:polished_deepslate_stairs":52,"minecraft:spruce_stairs":80,"minecraft:netherite_shovel":2,"minecraft:diorite":754,"minecraft:andesite_wall":3,"minecraft:rotten_flesh":2148,"minecraft:brown_shulker_box":10,"minecraft:mangrove_roots":1,"minecraft:deepslate_copper_ore":2,"minecraft:chorus_flower":3,"minecraft:obsidian":1552,"minecraft:blaze_powder":1,"minecraft:cobblestone":4756,"minecraft:leather_chestplate":14,"minecraft:repeater":1,"minecraft:andesite":655,"minecraft:golden_leggings":11,"minecraft:beacon":6,"minecraft:potato":136,"minecraft:prismarine_bricks":9,"minecraft:dirt":11578,"minecraft:name_tag":1,"minecraft:glass":50,"minecraft:bone":1230,"minecraft:acacia_planks":2,"minecraft:bow":90,"minecraft:wheat_seeds":1314,"minecraft:crimson_fence_gate":2,"minecraft:grindstone":7,"minecraft:netherite_axe":1,"minecraft:purple_stained_glass_pane":2,"minecraft:bamboo":8,"minecraft:prismarine":8,"minecraft:gray_stained_glass":4,"minecraft:light_blue_shulker_box":55,"minecraft:melon":92,"minecraft:grass_block":5821,"minecraft:diamond_block":40,"minecraft:jungle_slab":2,"minecraft:spectral_arrow":421,"minecraft:mossy_cobblestone":3,"minecraft:jungle_leaves":8,"minecraft:yellow_carpet":2,"minecraft:sugar":18,"minecraft:slime_block":51,"minecraft:netherite_helmet":9,"minecraft:soul_lantern":2,"minecraft:crossbow":6,"minecraft:grass":1,"minecraft:bone_meal":2,"minecraft:golden_apple":21,"minecraft:spruce_sign":23,"minecraft:emerald":48,"minecraft:chorus_fruit":74,"minecraft:netherrack":5447,"minecraft:oak_leaves":56,"minecraft:splash_potion":12,"minecraft:ladder":9,"minecraft:packed_ice":14454,"minecraft:brown_mushroom":168,"minecraft:stone_brick_wall":23,"minecraft:chain":17,"minecraft:brick":1,"minecraft:moss_carpet":154,"minecraft:oak_trapdoor":15,"minecraft:end_stone_brick_wall":1,"minecraft:mycelium":1359,"minecraft:birch_fence":16,"minecraft:blackstone":1059,"minecraft:lime_wool":7,"minecraft:end_stone":263,"minecraft:recovery_compass":1,"minecraft:cookie":24,"minecraft:trident":14,"minecraft:stone_pressure_plate":1,"minecraft:weeping_vines":8,"minecraft:red_shulker_box":4,"minecraft:black_banner":9,"minecraft:netherite_boots":8,"minecraft:jungle_boat":211,"minecraft:dark_oak_button":5,"minecraft:basalt":1090,"minecraft:golden_carrot":450,"minecraft:leather":254,"minecraft:ice":7,"minecraft:crimson_fungus":1,"minecraft:chainmail_chestplate":2,"minecraft:cobblestone_wall":15,"minecraft:cobbled_deepslate_stairs":5,"minecraft:gunpowder":97,"minecraft:orange_terracotta":1,"minecraft:gray_carpet":6,"minecraft:iron_ingot":138,"minecraft:cooked_chicken":113,"minecraft:sculk_catalyst":13,"minecraft:nether_quartz_ore":3,"minecraft:emerald_block":483,"minecraft:stone_brick_slab":78,"minecraft:quartz":671,"minecraft:dandelion":8,"minecraft:amethyst_shard":204,"minecraft:red_banner":8,"minecraft:soul_torch":2,"minecraft:spruce_door":14,"minecraft:pumpkin_seeds":48,"minecraft:sculk_sensor":27,"minecraft:white_concrete_powder":197,"minecraft:seagrass":30,"minecraft:birch_door":5,"minecraft:chainmail_boots":1,"minecraft:anvil":1,"minecraft:diamond_sword":3,"minecraft:oak_stairs":18,"minecraft:birch_button":1,"minecraft:brewing_stand":5,"minecraft:golden_sword":52,"minecraft:polished_deepslate_wall":15,"minecraft:amethyst_block":37,"minecraft:dark_oak_trapdoor":1,"minecraft:cooked_salmon":6,"minecraft:beetroot":1225,"minecraft:gold_nugget":2181,"minecraft:cobbled_deepslate":5990,"minecraft:crimson_fence":22,"minecraft:spruce_planks":110,"minecraft:written_book":67,"minecraft:azalea_leaves":1,"minecraft:melon_slice":27,"minecraft:coal_block":5,"minecraft:dark_oak_door":8,"minecraft:golden_helmet":3,"minecraft:deepslate_tile_stairs":12,"minecraft:light_blue_wool":61,"minecraft:tropical_fish":9,"minecraft:iron_block":140,"minecraft:netherite_chestplate":5,"minecraft:birch_log":161,"minecraft:magma_block":984,"minecraft:iron_door":6,"minecraft:birch_slab":71,"minecraft:jungle_log":123,"minecraft:smoker":2,"minecraft:netherite_leggings":7,"minecraft:chipped_anvil":1,"minecraft:glowstone_dust":11,"minecraft:moss_block":383,"minecraft:ink_sac":88,"minecraft:dark_oak_log":248,"minecraft:barrel":34,"minecraft:quartz_bricks":21,"minecraft:writable_book":35,"minecraft:deepslate_gold_ore":4,"minecraft:blue_ice":18,"minecraft:chainmail_helmet":1,"minecraft:bread":63,"minecraft:dark_oak_fence":26,"minecraft:spruce_leaves":2,"minecraft:crafting_table":26,"minecraft:nether_wart":2,"minecraft:orange_banner":1,"minecraft:snow":6,"minecraft:compass":1,"minecraft:cartography_table":1,"minecraft:deepslate_diamond_ore":220,"minecraft:music_disc_otherside":1,"minecraft:beef":17,"minecraft:cyan_wool":30,"minecraft:iron_nugget":522,"minecraft:quartz_stairs":4,"minecraft:chest":171,"minecraft:egg":377,"minecraft:sandstone":2,"minecraft:polished_deepslate_slab":8,"minecraft:glow_item_frame":12,"minecraft:spruce_fence":10,"minecraft:carrot":2362,"minecraft:redstone":472,"minecraft:mushroom_stem":194,"minecraft:tnt":110,"minecraft:beetroot_seeds":182,"minecraft:diamond_boots":2,"minecraft:shears":1,"minecraft:deepslate_bricks":8,"minecraft:gold_ingot":1236,"minecraft:white_shulker_box":7,"minecraft:glow_berries":24,"minecraft:white_wool":92,"minecraft:crimson_slab":18,"minecraft:lapis_ore":6,"minecraft:red_mushroom_block":732,"minecraft:red_mushroom":113,"minecraft:filled_map":38,"minecraft:oak_log":629,"minecraft:ancient_debris":43,"minecraft:golden_boots":8,"minecraft:white_banner":13,"minecraft:stone_bricks":151,"minecraft:kelp":505,"minecraft:glass_bottle":6,"minecraft:mangrove_planks":7,"minecraft:flowering_azalea":29,"minecraft:dark_oak_slab":115,"minecraft:sculk":839,"minecraft:spyglass":1,"minecraft:gravel":2550,"minecraft:birch_stairs":22,"minecraft:spruce_sapling":6,"minecraft:spruce_log":373,"minecraft:sea_lantern":11,"minecraft:firework_rocket":242,"minecraft:purple_bed":1,"minecraft:polished_diorite":1,"minecraft:diamond_axe":2,"minecraft:warped_roots":1,"minecraft:stripped_dark_oak_log":1,"minecraft:mangrove_propagule":4,"minecraft:ender_pearl":109,"minecraft:shulker_shell":280,"minecraft:chiseled_deepslate":14,"minecraft:wheat":511,"minecraft:iron_trapdoor":1,"minecraft:light_gray_shulker_box":21,"minecraft:potion":38,"minecraft:turtle_egg":1,"minecraft:nether_brick":484,"minecraft:crimson_planks":34,"minecraft:raw_copper":389,"minecraft:smooth_stone_slab":5,"minecraft:sticky_piston":7,"minecraft:armor_stand":16,"minecraft:oak_sign":21,"minecraft:deepslate_tiles":55,"minecraft:black_shulker_box":55,"minecraft:dark_oak_leaves":12,"minecraft:redstone_torch":11,"minecraft:calcite":743,"minecraft:deepslate_tile_wall":5,"minecraft:furnace":7,"minecraft:iron_boots":12,"minecraft:stick":699,"minecraft:orange_shulker_box":13,"minecraft:oak_fence":27,"minecraft:torch":527,"minecraft:porkchop":14,"minecraft:snow_block":96,"minecraft:pointed_dripstone":55,"minecraft:quartz_block":5,"minecraft:nether_gold_ore":1,"minecraft:cod":3,"minecraft:magma_cream":17,"minecraft:tuff":978,"minecraft:acacia_boat":2,"minecraft:wither_skeleton_skull":23,"minecraft:lapis_lazuli":764,"minecraft:leather_boots":13,"minecraft:cobbled_deepslate_wall":4,"minecraft:raw_gold":252,"minecraft:bell":5,"minecraft:powered_rail":21,"minecraft:oak_planks":187,"minecraft:ghast_tear":4,"minecraft:cooked_porkchop":54,"minecraft:music_disc_13":1,"minecraft:sand":1432,"minecraft:polished_blackstone_slab":51,"minecraft:axolotl_bucket":2,"minecraft:jungle_planks":2,"minecraft:lily_of_the_valley":1,"minecraft:shulker_box":407,"minecraft:dark_prismarine":4,"minecraft:spruce_fence_gate":10,"minecraft:clay":700,"minecraft:diamond":1178,"minecraft:spruce_boat":214,"minecraft:white_concrete":1,"minecraft:oak_sapling":75,"minecraft:nether_star":1,"minecraft:end_stone_bricks":1,"minecraft:charcoal":2,"minecraft:end_stone_brick_stairs":1,"minecraft:chicken":430,"minecraft:gold_block":124,"minecraft:stone_stairs":42,"minecraft:iron_axe":1,"minecraft:wooden_sword":1,"minecraft:item_frame":44,"minecraft:quartz_slab":59,"minecraft:echo_shard":2,"minecraft:oak_boat":99,"minecraft:player_head":58,"minecraft:observer":60,"minecraft:sugar_cane":81,"minecraft:light_gray_wool":1,"minecraft:lectern":2,"minecraft:tinted_glass":26,"minecraft:blue_shulker_box":19,"minecraft:phantom_membrane":41,"minecraft:spruce_trapdoor":17,"minecraft:dark_oak_sapling":15,"minecraft:raw_iron":413,"minecraft:quartz_pillar":3,"minecraft:stone_button":6,"minecraft:dark_oak_planks":14,"minecraft:arrow":1321,"minecraft:light_blue_stained_glass_pane":2,"minecraft:saddle":3,"minecraft:glow_ink_sac":52,"minecraft:crimson_stem":107,"minecraft:salmon":19,"minecraft:cut_sandstone":23,"minecraft:birch_planks":573,"minecraft:nether_wart_block":33,"minecraft:deepslate_tile_slab":34,"minecraft:soul_sand":625,"minecraft:oak_slab":23,"minecraft:book":1,"minecraft:scaffolding":20,"minecraft:birch_boat":2,"minecraft:pumpkin":68,"minecraft:chiseled_stone_bricks":61,"minecraft:dripstone_block":2,"minecraft:raw_iron_block":2,"minecraft:blast_furnace":3,"minecraft:white_bed":9,"minecraft:spider_eye":55,"minecraft:campfire":8,"minecraft:honey_block":2,"minecraft:iron_helmet":1,"minecraft:black_wool":7,"minecraft:red_concrete":111,"minecraft:coal":1665},"minecraft:dropped":{"minecraft:porkchop":2,"minecraft:glow_ink_sac":2,"minecraft:glass_bottle":10,"minecraft:diamond":319,"minecraft:crafting_table":5,"minecraft:cooked_porkchop":6,"minecraft:dark_oak_slab":137,"minecraft:weeping_vines":5,"minecraft:glow_berries":2,"minecraft:quartz_pillar":2,"minecraft:red_mushroom":55,"minecraft:birch_fence":69,"minecraft:dark_oak_fence":12,"minecraft:netherite_boots":3,"minecraft:gold_nugget":242,"minecraft:writable_book":23,"minecraft:sand":9,"minecraft:lime_candle":1,"minecraft:dark_oak_planks":8,"minecraft:white_wool":26,"minecraft:birch_stairs":22,"minecraft:dark_oak_door":2,"minecraft:compass":1,"minecraft:diamond_block":44,"minecraft:iron_nugget":483,"minecraft:cooked_chicken":7,"minecraft:cobbled_deepslate":565,"minecraft:wheat":66,"minecraft:netherite_sword":4,"minecraft:obsidian":72,"minecraft:rotten_flesh":1712,"minecraft:oak_planks":118,"minecraft:glowstone_dust":1,"minecraft:quartz_bricks":21,"minecraft:azure_bluet":32,"minecraft:red_mushroom_block":171,"minecraft:orange_banner":1,"minecraft:coal_ore":26,"minecraft:quartz_block":2,"minecraft:leather_boots":7,"minecraft:leather_leggings":7,"minecraft:glass":276,"minecraft:golden_boots":8,"minecraft:wheat_seeds":321,"minecraft:deepslate_redstone_ore":14,"minecraft:dripstone_block":2,"minecraft:netherite_chestplate":2,"minecraft:golden_apple":3,"minecraft:dark_oak_leaves":9,"minecraft:stripped_crimson_stem":14,"minecraft:ink_sac":19,"minecraft:potion":27,"minecraft:pumpkin":25,"minecraft:white_banner":11,"minecraft:red_dye":1,"minecraft:jungle_boat":5,"minecraft:acacia_planks":1,"minecraft:snow_block":28,"minecraft:player_head":33,"minecraft:stone_shovel":1,"minecraft:red_banner":3,"minecraft:white_carpet":11,"minecraft:clay_ball":460,"minecraft:iron_boots":6,"minecraft:white_shulker_box":1,"minecraft:oak_sign":9,"minecraft:shears":1,"minecraft:deepslate_lapis_ore":2,"minecraft:spruce_trapdoor":1,"minecraft:spruce_planks":121,"minecraft:diamond_pickaxe":1,"minecraft:redstone_torch":8,"minecraft:barrel":13,"minecraft:bow":84,"minecraft:magma_block":14,"minecraft:soul_sand":641,"minecraft:moss_block":139,"minecraft:ender_pearl":6,"minecraft:dark_oak_sapling":1,"minecraft:leather":91,"minecraft:red_wool":129,"minecraft:jungle_planks":103,"minecraft:black_banner":29,"minecraft:birch_slab":5,"minecraft:cod":1,"minecraft:packed_ice":437,"minecraft:ice":7,"minecraft:axolotl_bucket":2,"minecraft:gold_ingot":1855,"minecraft:pointed_dripstone":51,"minecraft:beetroot":3804,"minecraft:mycelium":150,"minecraft:recovery_compass":1,"minecraft:mushroom_stem":27,"minecraft:leather_chestplate":8,"minecraft:trident":9,"minecraft:stone_brick_wall":1,"minecraft:iron_ore":4,"minecraft:splash_potion":4,"minecraft:purple_carpet":20,"minecraft:bread":3,"minecraft:golden_helmet":3,"minecraft:lilac":15,"minecraft:andesite_wall":1,"minecraft:tropical_fish":8,"minecraft:spruce_stairs":16,"minecraft:spruce_fence_gate":2,"minecraft:iron_block":64,"minecraft:milk_bucket":1,"minecraft:repeater":1,"minecraft:nether_wart_block":7,"minecraft:crimson_sign":2,"minecraft:fire_charge":103,"minecraft:jungle_leaves":8,"minecraft:raw_iron_block":1,"minecraft:light_blue_stained_glass_pane":1,"minecraft:polished_deepslate":15,"minecraft:kelp":101,"minecraft:sweet_berries":66,"minecraft:oak_trapdoor":3,"minecraft:shulker_box":11,"minecraft:netherite_leggings":2,"minecraft:flint_and_steel":1,"minecraft:copper_ore":2,"minecraft:andesite":804,"minecraft:golden_leggings":11,"minecraft:oak_sapling":2,"minecraft:magma_cream":9,"minecraft:clay":557,"minecraft:piston":1,"minecraft:cooked_beef":33,"minecraft:crossbow":3,"minecraft:glow_item_frame":1,"minecraft:saddle":3,"minecraft:elytra":3,"minecraft:rail":111,"minecraft:leather_helmet":5,"minecraft:item_frame":9,"minecraft:dirt":656,"minecraft:melon":5,"minecraft:stone_button":13,"minecraft:jungle_sapling":2,"minecraft:bone_block":2,"minecraft:sunflower":3,"minecraft:bone_meal":1,"minecraft:phantom_membrane":61,"minecraft:iron_pickaxe":1,"minecraft:sugar":15,"minecraft:polished_blackstone_slab":39,"minecraft:bone":566,"minecraft:emerald_block":128,"minecraft:sugar_cane":82,"minecraft:golden_chestplate":5,"minecraft:nether_brick":434,"minecraft:birch_sapling":3,"minecraft:enchanted_golden_apple":2,"minecraft:netherite_shovel":1,"minecraft:end_stone":7,"minecraft:firework_star":36,"minecraft:deepslate_tiles":6,"minecraft:deepslate_copper_ore":2,"minecraft:honey_block":2,"minecraft:hopper":1,"minecraft:spruce_slab":12,"minecraft:ghast_tear":3,"minecraft:egg":22,"minecraft:enchanted_book":4,"minecraft:crimson_planks":4,"minecraft:iron_ingot":2,"minecraft:netherite_pickaxe":5,"minecraft:birch_leaves":3,"minecraft:sculk_shrieker":1,"minecraft:cobbled_deepslate_stairs":2,"minecraft:tnt":9,"minecraft:deepslate_diamond_ore":1,"minecraft:netherite_helmet":4,"minecraft:oak_fence":1,"minecraft:feather":27,"minecraft:iron_helmet":1,"minecraft:cobblestone":736,"minecraft:apple":50,"minecraft:granite":78,"minecraft:spruce_door":1,"minecraft:chainmail_helmet":1,"minecraft:coal":122,"minecraft:jungle_slab":18,"minecraft:golden_carrot":192,"minecraft:rose_bush":6,"minecraft:paper":19,"minecraft:string":177,"minecraft:polished_deepslate_wall":2,"minecraft:moss_carpet":46,"minecraft:stone_sword":3,"minecraft:dark_oak_sign":3,"minecraft:bowl":1,"minecraft:deepslate":2626,"minecraft:chicken":4,"minecraft:spruce_fence":2,"minecraft:pumpkin_seeds":44,"minecraft:big_dripleaf":2,"minecraft:cobblestone_slab":6,"minecraft:shroomlight":6,"minecraft:stone":1331,"minecraft:allium":1,"minecraft:crimson_slab":10,"minecraft:carved_pumpkin":1,"minecraft:spider_eye":40,"minecraft:blue_orchid":9,"minecraft:red_tulip":25,"minecraft:bell":498,"minecraft:black_wool":6,"minecraft:quartz_slab":58,"minecraft:birch_planks":605,"minecraft:brown_mushroom":104,"minecraft:dark_oak_stairs":43,"minecraft:baked_potato":79,"minecraft:flint":5,"minecraft:spruce_leaves":2,"minecraft:cornflower":1,"minecraft:crimson_roots":8,"minecraft:seagrass":13,"minecraft:cut_sandstone":21,"minecraft:amethyst_shard":1,"minecraft:birch_log":5,"minecraft:brown_mushroom_block":131,"minecraft:armor_stand":5,"minecraft:gravel":1853,"minecraft:white_tulip":75,"minecraft:crimson_fungus":1,"minecraft:blackstone":746,"minecraft:yellow_wool":5,"minecraft:lime_wool":64,"minecraft:prismarine":8,"minecraft:carrot":57,"minecraft:chainmail_chestplate":2,"minecraft:poppy":10,"minecraft:gunpowder":56,"minecraft:azalea":15,"minecraft:chainmail_boots":1,"minecraft:chest":10,"minecraft:basalt":178,"minecraft:arrow":166,"minecraft:powered_rail":15,"minecraft:quartz":413,"minecraft:written_book":28,"minecraft:oak_leaves":37,"minecraft:netherrack":939,"minecraft:firework_rocket":120,"minecraft:water_bucket":3,"minecraft:oak_slab":1,"minecraft:deepslate_iron_ore":9,"minecraft:minecart":2,"minecraft:lead":4,"minecraft:observer":1,"minecraft:grass_block":49,"minecraft:stick":1154,"minecraft:diorite":177,"minecraft:torch":55,"minecraft:crimson_fence":13,"minecraft:flowering_azalea":6,"minecraft:dandelion":2,"minecraft:redstone":125,"minecraft:ender_chest":3,"minecraft:blaze_rod":24,"minecraft:raw_copper":50,"minecraft:tuff":546,"minecraft:raw_iron":7,"minecraft:wither_skeleton_skull":17,"minecraft:iron_hoe":2,"minecraft:filled_map":13,"minecraft:snow":6,"minecraft:orange_terracotta":1,"minecraft:quartz_stairs":4,"minecraft:oak_boat":3,"minecraft:golden_sword":45,"minecraft:slime_ball":7,"minecraft:purple_shulker_box":1,"minecraft:stone_pickaxe":3,"minecraft:nether_quartz_ore":2,"minecraft:calcite":12},"minecraft:killed_by":{"minecraft:player":1},"minecraft:custom":{"minecraft:interact_with_crafting_table":659,"minecraft:damage_blocked_by_shield":1394,"minecraft:play_time":16708536,"minecraft:deaths":3,"minecraft:jump":234260,"minecraft:play_record":6,"minecraft:interact_with_smoker":72,"minecraft:inspect_dispenser":9,"minecraft:horse_one_cm":734082,"minecraft:inspect_dropper":535,"minecraft:interact_with_anvil":137,"minecraft:inspect_hopper":41,"minecraft:tune_noteblock":1,"minecraft:time_since_rest":161030,"minecraft:swim_one_cm":8471695,"minecraft:open_chest":7058,"minecraft:open_shulker_box":2668,"minecraft:damage_resisted":20474,"minecraft:play_noteblock":52,"minecraft:talked_to_villager":111,"minecraft:interact_with_brewingstand":139,"minecraft:interact_with_beacon":7,"minecraft:fill_cauldron":3,"minecraft:raid_win":2,"minecraft:boat_one_cm":23591032,"minecraft:damage_taken":70512,"minecraft:aviate_one_cm":325273132,"minecraft:open_barrel":1950,"minecraft:bell_ring":106,"minecraft:eat_cake_slice":1,"minecraft:leave_game":822,"minecraft:time_since_death":160964,"minecraft:enchant_item":87,"minecraft:interact_with_furnace":303,"minecraft:traded_with_villager":243,"minecraft:sleep_in_bed":194,"minecraft:damage_dealt":293464,"minecraft:use_cauldron":2,"minecraft:interact_with_smithing_table":14,"minecraft:damage_dealt_absorbed":37,"minecraft:target_hit":392,"minecraft:sneak_time":507913,"minecraft:interact_with_lectern":119,"minecraft:interact_with_blast_furnace":112,"minecraft:total_world_time":16708536,"minecraft:interact_with_stonecutter":46,"minecraft:fly_one_cm":69364422,"minecraft:fall_one_cm":6298443,"minecraft:animals_bred":187,"minecraft:sprint_one_cm":45446560,"minecraft:drop":2158,"minecraft:walk_on_water_one_cm":1151185,"minecraft:interact_with_loom":47,"minecraft:open_enderchest":1470,"minecraft:player_kills":2,"minecraft:crouch_one_cm":959647,"minecraft:mob_kills":45330,"minecraft:climb_one_cm":1129437,"minecraft:walk_one_cm":26620109,"minecraft:walk_under_water_one_cm":2678360,"minecraft:raid_trigger":2,"minecraft:pot_flower":2,"minecraft:interact_with_grindstone":61,"minecraft:damage_absorbed":1762,"minecraft:minecart_one_cm":279746},"minecraft:crafted":{"minecraft:black_dye":17,"minecraft:oak_sign":12,"minecraft:end_stone_brick_wall":10,"minecraft:melon":3,"minecraft:blaze_powder":142,"minecraft:chain":35,"minecraft:diamond_shovel":2,"minecraft:nether_brick":27,"minecraft:shulker_box":107,"minecraft:diamond_helmet":2,"minecraft:iron_door":3,"minecraft:dried_kelp_block":8,"minecraft:black_wool":32,"minecraft:turtle_helmet":2,"minecraft:glow_item_frame":9,"minecraft:smithing_table":1,"minecraft:mossy_cobblestone":64,"minecraft:sticky_piston":2,"minecraft:stone_brick_stairs":8,"minecraft:stone_slab":52,"minecraft:iron_pickaxe":31,"minecraft:netherite_ingot":10,"minecraft:golden_carrot":642,"minecraft:jukebox":1,"minecraft:orange_shulker_box":1,"minecraft:iron_nugget":1212,"minecraft:diamond_hoe":1,"minecraft:soul_torch":76,"minecraft:red_banner":5,"minecraft:blue_shulker_box":1,"minecraft:spruce_fence":39,"minecraft:moss_carpet":66,"minecraft:stone_stairs":33,"minecraft:lantern":83,"minecraft:spruce_stairs":288,"minecraft:light_gray_shulker_box":1,"minecraft:red_shulker_box":1,"minecraft:stone_pickaxe":12,"minecraft:spruce_boat":10,"minecraft:purple_carpet":288,"minecraft:enchanting_table":1,"minecraft:crimson_slab":48,"minecraft:dark_oak_button":167,"minecraft:red_carpet":9,"minecraft:orange_dye":16,"minecraft:crimson_stairs":8,"minecraft:soul_lantern":24,"minecraft:fermented_spider_eye":3,"minecraft:birch_trapdoor":4,"minecraft:writable_book":24,"minecraft:black_stained_glass_pane":80,"minecraft:iron_shovel":2,"minecraft:armor_stand":2,"minecraft:cobblestone_slab":18,"minecraft:barrel":30,"minecraft:crimson_sign":6,"minecraft:cooked_chicken":415,"minecraft:stone":356,"minecraft:stone_brick_slab":6,"minecraft:bow":1,"minecraft:chest":125,"minecraft:rail":768,"minecraft:birch_button":196,"minecraft:ender_eye":1,"minecraft:oak_fence":72,"minecraft:cauldron":3,"minecraft:red_candle":4,"minecraft:iron_helmet":1,"minecraft:tnt":344,"minecraft:spruce_trapdoor":54,"minecraft:yellow_dye":12,"minecraft:stick":2590,"minecraft:iron_ingot":980,"minecraft:light_blue_shulker_box":1,"minecraft:stone_brick_wall":15,"minecraft:fishing_rod":1,"minecraft:tripwire_hook":2,"minecraft:netherite_sword":1,"minecraft:leather_boots":2,"minecraft:spruce_button":338,"minecraft:furnace":6,"minecraft:piston":3,"minecraft:oak_trapdoor":102,"minecraft:flint_and_steel":2,"minecraft:cobblestone_wall":18,"minecraft:birch_sign":3,"minecraft:glistering_melon_slice":38,"minecraft:iron_trapdoor":3,"minecraft:purple_shulker_box":1,"minecraft:iron_sword":3,"minecraft:black_banner":33,"minecraft:cooked_salmon":19,"minecraft:mangrove_planks":28,"minecraft:jungle_planks":492,"minecraft:white_dye":2,"minecraft:black_carpet":192,"minecraft:stonecutter":1,"minecraft:crimson_door":6,"minecraft:anvil":6,"minecraft:lime_candle":1,"minecraft:torch":2284,"minecraft:diamond_chestplate":2,"minecraft:ender_chest":1,"minecraft:smooth_stone":9,"minecraft:purple_bed":1,"minecraft:birch_slab":6,"minecraft:loom":1,"minecraft:lever":12,"minecraft:bookshelf":1,"minecraft:cooked_mutton":14,"minecraft:iron_bars":32,"minecraft:red_concrete_powder":56,"minecraft:quartz_block":33,"minecraft:glass":64,"minecraft:repeater":2,"minecraft:diamond_leggings":2,"minecraft:birch_door":6,"minecraft:magenta_dye":2,"minecraft:glass_bottle":36,"minecraft:emerald":1374,"minecraft:cooked_porkchop":12,"minecraft:diamond_axe":2,"minecraft:spruce_door":21,"minecraft:cobbled_deepslate_wall":5,"minecraft:campfire":90,"minecraft:lime_shulker_box":3,"minecraft:iron_block":34,"minecraft:gold_ingot":1959,"minecraft:fire_charge":192,"minecraft:spruce_fence_gate":9,"minecraft:birch_stairs":8,"minecraft:smooth_stone_slab":12,"minecraft:leather_leggings":2,"minecraft:player_head":6,"minecraft:tinted_glass":32,"minecraft:crimson_fence_gate":2,"minecraft:bone_meal":1905,"minecraft:white_carpet":3,"minecraft:candle":5,"minecraft:diamond":711,"minecraft:netherite_axe":1,"minecraft:dark_oak_fence":27,"minecraft:ladder":138,"minecraft:spruce_slab":474,"minecraft:diamond_boots":2,"minecraft:cobbled_deepslate_stairs":4,"minecraft:redstone_block":8,"minecraft:dark_oak_planks":1396,"minecraft:coal_block":38,"minecraft:firework_star":128,"minecraft:purple_stained_glass_pane":32,"minecraft:crossbow":2,"minecraft:netherite_pickaxe":2,"minecraft:dried_kelp":214,"minecraft:red_bed":14,"minecraft:blue_bed":1,"minecraft:jungle_slab":24,"minecraft:oak_stairs":104,"minecraft:wooden_axe":1,"minecraft:crimson_fence":39,"minecraft:iron_leggings":1,"minecraft:white_bed":2,"minecraft:oak_planks":1704,"minecraft:dark_oak_boat":4,"minecraft:flower_banner_pattern":1,"minecraft:suspicious_stew":16,"minecraft:dark_oak_door":3,"minecraft:hopper":5,"minecraft:iron_boots":1,"minecraft:written_book":1,"minecraft:stone_hoe":1,"minecraft:smoker":1,"minecraft:oak_slab":444,"minecraft:item_frame":21,"minecraft:crafting_table":23,"minecraft:spruce_planks":2372,"minecraft:wooden_pickaxe":1,"minecraft:baked_potato":110,"minecraft:gold_block":162,"minecraft:brewing_stand":4,"minecraft:birch_planks":1364,"minecraft:black_shulker_box":1,"minecraft:charcoal":39,"minecraft:dark_oak_slab":360,"minecraft:iron_chestplate":1,"minecraft:book":115,"minecraft:paper":1638,"minecraft:diamond_pickaxe":4,"minecraft:emerald_block":93,"minecraft:shield":2,"minecraft:birch_fence":93,"minecraft:leather_chestplate":2,"minecraft:stone_sword":4,"minecraft:redstone_torch":237,"minecraft:shears":3,"minecraft:wooden_sword":1,"minecraft:cobbled_deepslate_slab":12,"minecraft:redstone":486,"minecraft:raw_iron":9,"minecraft:coal":45,"minecraft:stone_button":13,"minecraft:dark_oak_trapdoor":64,"minecraft:dark_oak_sign":63,"minecraft:diamond_block":124,"minecraft:netherite_leggings":1,"minecraft:yellow_shulker_box":1,"minecraft:iron_axe":1,"minecraft:iron_hoe":1,"minecraft:netherite_scrap":42,"minecraft:orange_banner":1,"minecraft:minecart":3,"minecraft:cooked_beef":15,"minecraft:sugar":70,"minecraft:red_dye":76,"minecraft:cooked_cod":2,"minecraft:crimson_planks":320,"minecraft:diamond_sword":3,"minecraft:dark_oak_stairs":72,"minecraft:spruce_sign":15,"minecraft:powered_rail":240,"minecraft:bucket":10,"minecraft:stone_axe":3,"minecraft:air":0,"minecraft:bread":115,"minecraft:black_stained_glass":32,"minecraft:blue_dye":2,"minecraft:oak_boat":2,"minecraft:white_wool":32,"minecraft:gold_nugget":837,"minecraft:raw_gold":81,"minecraft:pumpkin_pie":48,"minecraft:lapis_lazuli":90,"minecraft:lapis_block":50,"minecraft:firework_rocket":3210},"minecraft:broken":{"minecraft:iron_pickaxe":20,"minecraft:iron_shovel":1,"minecraft:stone_pickaxe":6,"minecraft:iron_sword":3,"minecraft:stone_sword":3,"minecraft:iron_axe":1,"minecraft:wooden_axe":1},"minecraft:killed":{"minecraft:cod":3,"minecraft:skeleton_horse":4,"minecraft:salmon":27,"minecraft:iron_golem":10,"minecraft:pillager":50,"minecraft:zombie":264,"minecraft:evoker":3,"minecraft:vindicator":26,"minecraft:warden":3,"minecraft:ravager":3,"minecraft:zombified_piglin":236,"minecraft:witch":13,"minecraft:spider":84,"minecraft:wither":1,"minecraft:piglin":10,"minecraft:zombie_villager":3,"minecraft:sheep":25,"minecraft:trader_llama":2,"minecraft:mooshroom":4,"minecraft:ghast":3,"minecraft:vex":14,"minecraft:slime":30,"minecraft:drowned":15,"minecraft:hoglin":16,"minecraft:squid":23,"minecraft:wither_skeleton":433,"minecraft:cave_spider":57,"minecraft:shulker":2,"minecraft:skeleton":1240,"minecraft:chicken":274,"minecraft:cat":1,"minecraft:magma_cube":26,"minecraft:glow_squid":15,"minecraft:cow":50,"minecraft:wandering_trader":1,"minecraft:enderman":8,"minecraft:pig":16,"minecraft:creeper":137,"minecraft:blaze":344,"minecraft:phantom":2,"minecraft:bat":3},"minecraft:mined":{"minecraft:dragon_wall_head":1,"minecraft:red_shulker_box":4,"minecraft:white_bed":9,"minecraft:bubble_column":1,"minecraft:granite":436,"minecraft:deepslate_tile_wall":6,"minecraft:blue_wool":12,"minecraft:oak_wall_sign":6,"minecraft:nether_wart":1,"minecraft:spawner":4,"minecraft:chorus_flower":3,"minecraft:magma_block":1272,"minecraft:dark_oak_trapdoor":2,"minecraft:barrel":28,"minecraft:cobbled_deepslate":195,"minecraft:fire":138,"minecraft:deepslate_lapis_ore":74,"minecraft:white_shulker_box":6,"minecraft:player_head":13,"minecraft:tripwire":2,"minecraft:cut_sandstone":24,"minecraft:kelp_plant":66,"minecraft:smoker":2,"minecraft:crimson_nylium":95,"minecraft:deepslate_tile_slab":35,"minecraft:powder_snow":25,"minecraft:torch":127,"minecraft:melon":13,"minecraft:spruce_wall_sign":13,"minecraft:lime_shulker_box":8,"minecraft:sugar_cane":2,"minecraft:amethyst_block":68,"minecraft:chain":17,"minecraft:tinted_glass":29,"minecraft:grass":626,"minecraft:birch_button":1,"minecraft:smooth_quartz":11,"minecraft:smooth_basalt":343,"minecraft:stripped_crimson_stem":15,"minecraft:deepslate":10790,"minecraft:deepslate_tiles":53,"minecraft:dark_prismarine":4,"minecraft:light_blue_wool":63,"minecraft:mossy_cobblestone":9,"minecraft:dark_oak_log":216,"minecraft:crimson_fence_gate":2,"minecraft:sea_lantern":10,"minecraft:end_stone":272,"minecraft:dark_oak_fence":32,"minecraft:spruce_fence":8,"minecraft:redstone_wire":14,"minecraft:red_mushroom":6,"minecraft:cartography_table":1,"minecraft:white_concrete_powder":5,"minecraft:andesite":779,"minecraft:cobblestone_slab":13,"minecraft:vine":18,"minecraft:rail":246,"minecraft:bone_block":1,"minecraft:ender_chest":21,"minecraft:oak_slab":20,"minecraft:birch_stairs":11,"minecraft:glass_pane":6,"minecraft:soul_sand":3,"minecraft:dandelion":6,"minecraft:polished_blackstone_brick_wall":7,"minecraft:cornflower":1,"minecraft:crimson_slab":8,"minecraft:campfire":9,"minecraft:tall_grass":91,"minecraft:copper_ore":76,"minecraft:deepslate_gold_ore":97,"minecraft:diorite":1160,"minecraft:black_stained_glass":6,"minecraft:cobblestone_wall":15,"minecraft:dark_oak_wall_sign":4,"minecraft:dark_oak_button":6,"minecraft:gravel":1583,"minecraft:cobweb":60,"minecraft:stone_bricks":177,"minecraft:chipped_anvil":1,"minecraft:gold_ore":46,"minecraft:iron_trapdoor":1,"minecraft:fern":15,"minecraft:stone_pressure_plate":1,"minecraft:end_stone_brick_wall":1,"minecraft:brewing_stand":5,"minecraft:spruce_trapdoor":17,"minecraft:budding_amethyst":8,"minecraft:polished_diorite":1,"minecraft:polished_blackstone_brick_slab":9,"minecraft:sculk_catalyst":10,"minecraft:red_tulip":1,"minecraft:pointed_dripstone":19,"minecraft:iron_bars":9,"minecraft:azalea":52,"minecraft:spruce_slab":141,"minecraft:deepslate_redstone_ore":108,"minecraft:brown_shulker_box":10,"minecraft:quartz_block":7,"minecraft:medium_amethyst_bud":1,"minecraft:orange_terracotta":1,"minecraft:beacon":6,"minecraft:nether_quartz_ore":494,"minecraft:oak_planks":121,"minecraft:wall_torch":89,"minecraft:stone_stairs":42,"minecraft:warped_nylium":11,"minecraft:powered_rail":5,"minecraft:dark_oak_slab":116,"minecraft:blue_ice":25,"minecraft:tnt":93,"minecraft:oak_log":633,"minecraft:beetroots":74,"minecraft:dirt":11736,"minecraft:ancient_debris":42,"minecraft:crying_obsidian":6,"minecraft:quartz_stairs":4,"minecraft:dark_oak_leaves":8,"minecraft:mangrove_roots":1,"minecraft:ladder":2,"minecraft:lever":20,"minecraft:glow_lichen":1,"minecraft:stone_button":4,"minecraft:brown_mushroom_block":1033,"minecraft:birch_slab":37,"minecraft:spruce_leaves":46,"minecraft:crimson_stem":114,"minecraft:polished_basalt":3,"minecraft:light_gray_shulker_box":21,"minecraft:gold_block":87,"minecraft:bookshelf":4,"minecraft:shroomlight":46,"minecraft:deepslate_iron_ore":118,"minecraft:scaffolding":3,"minecraft:snow_block":95,"minecraft:stripped_dark_oak_log":1,"minecraft:basalt":1740,"minecraft:oak_fence":30,"minecraft:gray_stained_glass":4,"minecraft:stone_slab":25,"minecraft:quartz_bricks":21,"minecraft:red_concrete":114,"minecraft:prismarine_bricks":9,"minecraft:birch_planks":5,"minecraft:end_stone_brick_stairs":1,"minecraft:polished_blackstone_slab":48,"minecraft:black_wall_banner":1,"minecraft:ice":5,"minecraft:mangrove_planks":7,"minecraft:white_wall_banner":1,"minecraft:black_wool":5,"minecraft:purple_shulker_box":4,"minecraft:small_dripleaf":2,"minecraft:crimson_fence":22,"minecraft:dark_oak_planks":10,"minecraft:jungle_leaves":5,"minecraft:carved_pumpkin":12,"minecraft:obsidian":1429,"minecraft:stone_brick_wall":22,"minecraft:jungle_log":123,"minecraft:deepslate_bricks":7,"minecraft:deepslate_tile_stairs":12,"minecraft:hopper":7,"minecraft:chiseled_stone_bricks":66,"minecraft:weeping_vines_plant":5,"minecraft:tall_seagrass":33,"minecraft:sticky_piston":3,"minecraft:cyan_wall_banner":1,"minecraft:moss_carpet":116,"minecraft:pumpkin":3,"minecraft:sculk_shrieker":13,"minecraft:oak_sign":2,"minecraft:cave_vines":16,"minecraft:polished_deepslate_slab":8,"minecraft:dirt_path":14,"minecraft:oak_stairs":18,"minecraft:quartz_slab":56,"minecraft:iron_block":75,"minecraft:piston_head":1,"minecraft:soul_wall_torch":2,"minecraft:brown_mushroom":104,"minecraft:player_wall_head":1,"minecraft:soul_fire":1,"minecraft:amethyst_cluster":32,"minecraft:blast_furnace":3,"minecraft:polished_andesite_stairs":1,"minecraft:glass":59,"minecraft:crimson_stairs":6,"minecraft:spruce_sign":3,"minecraft:cyan_wool":34,"minecraft:light_gray_stained_glass":4,"minecraft:wheat":351,"minecraft:birch_door":5,"minecraft:stone_brick_stairs":82,"minecraft:blue_shulker_box":16,"minecraft:red_mushroom_block":1184,"minecraft:stonecutter":3,"minecraft:piston":2,"minecraft:light_blue_stained_glass_pane":2,"minecraft:shulker_box":403,"minecraft:orange_banner":1,"minecraft:jungle_planks":2,"minecraft:crimson_roots":8,"minecraft:orange_shulker_box":12,"minecraft:lime_wool":7,"minecraft:kelp":42,"minecraft:moss_block":525,"minecraft:black_stained_glass_pane":4,"minecraft:snow":1,"minecraft:diamond_block":2,"minecraft:smooth_quartz_stairs":11,"minecraft:bamboo":3,"minecraft:white_wool":55,"minecraft:smithing_table":2,"minecraft:light_gray_carpet":2,"minecraft:stone_brick_slab":81,"minecraft:cobbled_deepslate_wall":4,"minecraft:spruce_button":7,"minecraft:emerald_ore":3,"minecraft:big_dripleaf":28,"minecraft:purple_bed":1,"minecraft:white_carpet":10,"minecraft:spruce_log":373,"minecraft:birch_leaves":54,"minecraft:quartz_pillar":3,"minecraft:mycelium":2476,"minecraft:dripstone_block":9,"minecraft:acacia_planks":25,"minecraft:spruce_fence_gate":8,"minecraft:black_shulker_box":54,"minecraft:spruce_planks":117,"minecraft:cobbled_deepslate_stairs":4,"minecraft:sculk_vein":165,"minecraft:cobblestone_stairs":1,"minecraft:cave_vines_plant":16,"minecraft:grass_block":6384,"minecraft:purple_stained_glass_pane":2,"minecraft:raw_iron_block":2,"minecraft:glowstone":2,"minecraft:iron_ore":214,"minecraft:black_carpet":23,"minecraft:anvil":1,"minecraft:dark_oak_stairs":45,"minecraft:purple_carpet":187,"minecraft:birch_wall_sign":1,"minecraft:azalea_leaves":1,"minecraft:end_stone_bricks":1,"minecraft:blackstone":443,"minecraft:polished_deepslate_stairs":54,"minecraft:melon_stem":3,"minecraft:soul_lantern":2,"minecraft:clay":1298,"minecraft:calcite":849,"minecraft:poppy":12,"minecraft:chest":37,"minecraft:mushroom_stem":252,"minecraft:cobblestone":766,"minecraft:grindstone":7,"minecraft:prismarine":8,"minecraft:iron_door":7,"minecraft:deepslate_copper_ore":16,"minecraft:seagrass":12,"minecraft:birch_log":168,"minecraft:dark_oak_door":4,"minecraft:nether_wart_block":39,"minecraft:yellow_wool":171,"minecraft:birch_trapdoor":7,"minecraft:purpur_block":1,"minecraft:sand":1725,"minecraft:crimson_planks":29,"minecraft:netherrack":19814,"minecraft:polished_deepslate_wall":14,"minecraft:oak_leaves":196,"minecraft:emerald_block":445,"minecraft:nether_gold_ore":159,"minecraft:diamond_ore":91,"minecraft:tuff":1216,"minecraft:deepslate_diamond_ore":566,"minecraft:black_banner":7,"minecraft:weeping_vines":4,"minecraft:sandstone":7,"minecraft:rooted_dirt":12,"minecraft:large_fern":18,"minecraft:spore_blossom":3,"minecraft:oak_trapdoor":13,"minecraft:furnace":7,"minecraft:carrots":582,"minecraft:chiseled_deepslate":19,"minecraft:bell":5,"minecraft:polished_deepslate":26,"minecraft:lantern":29,"minecraft:packed_ice":21554,"minecraft:chorus_plant":9,"minecraft:stone":23744,"minecraft:yellow_shulker_box":4,"minecraft:redstone_wall_torch":1,"minecraft:light_blue_shulker_box":54,"minecraft:flowering_azalea":27,"minecraft:red_wool":173,"minecraft:red_banner":7,"minecraft:spruce_door":13,"minecraft:crafting_table":21,"minecraft:cyan_stained_glass_pane":1,"minecraft:rose_bush":10,"minecraft:sculk_sensor":22,"minecraft:lectern":2,"minecraft:andesite_wall":2,"minecraft:lapis_ore":9,"minecraft:sculk":920,"minecraft:spruce_stairs":80,"minecraft:redstone_torch":3,"minecraft:sweet_berry_bush":9,"minecraft:coal_ore":885,"minecraft:gray_carpet":6,"minecraft:crimson_wall_sign":8,"minecraft:birch_fence":17}},"DataVersion":3120}