{"stats":{"minecraft:mined":{"minecraft:dark_oak_planks":40,"minecraft:white_bed":9,"minecraft:pink_bed":1,"minecraft:jungle_leaves":104,"minecraft:obsidian":82,"minecraft:granite":113,"minecraft:jungle_log":2774,"minecraft:hopper":2,"minecraft:oak_wall_sign":1,"minecraft:nether_wart":79,"minecraft:spawner":1,"minecraft:weeping_vines_plant":1,"minecraft:tall_seagrass":8,"minecraft:magma_block":350,"minecraft:dark_oak_trapdoor":8,"minecraft:cobbled_deepslate":34,"minecraft:sticky_piston":1,"minecraft:fire":3731,"minecraft:moss_carpet":1,"minecraft:deepslate_lapis_ore":65,"minecraft:cave_vines":152,"minecraft:oak_sign":11,"minecraft:dirt_path":4,"minecraft:pink_tulip":32,"minecraft:player_head":18,"minecraft:jungle_trapdoor":147,"minecraft:jungle_button":1,"minecraft:sandstone_slab":1,"minecraft:cut_sandstone":5,"minecraft:brown_mushroom":8,"minecraft:kelp_plant":96,"minecraft:player_wall_head":6,"minecraft:crimson_nylium":23,"minecraft:soul_fire":3,"minecraft:amethyst_cluster":73,"minecraft:powder_snow":10,"minecraft:torch":117,"minecraft:blast_furnace":5,"minecraft:melon":37,"minecraft:dead_bush":1,"minecraft:spruce_wall_sign":2,"minecraft:smooth_quartz_slab":59,"minecraft:glass":25,"minecraft:sugar_cane":647,"minecraft:damaged_anvil":1,"minecraft:spruce_sign":1,"minecraft:amethyst_block":13,"minecraft:chain":12,"minecraft:tinted_glass":3,"minecraft:wheat":622,"minecraft:jukebox":6,"minecraft:birch_door":2,"minecraft:warped_fungus":2,"minecraft:stone_brick_stairs":1,"minecraft:grass":983,"minecraft:loom":1,"minecraft:smooth_quartz":68,"minecraft:smooth_basalt":129,"minecraft:red_mushroom_block":7,"minecraft:stonecutter":7,"minecraft:deepslate":545,"minecraft:blue_stained_glass_pane":1,"minecraft:mossy_cobblestone":39,"minecraft:dark_oak_log":519,"minecraft:stripped_birch_log":1,"minecraft:sea_lantern":2,"minecraft:end_stone":65,"minecraft:shulker_box":22,"minecraft:allium":1,"minecraft:jungle_planks":463,"minecraft:crimson_roots":6,"minecraft:redstone_wire":11,"minecraft:red_mushroom":9,"minecraft:moss_block":41,"minecraft:kelp":2,"minecraft:redstone_ore":20,"minecraft:jungle_sapling":1,"minecraft:andesite":31,"minecraft:warped_wall_sign":1,"minecraft:white_glazed_terracotta":26,"minecraft:potatoes":245,"minecraft:rail":2,"minecraft:vine":390,"minecraft:cobblestone_slab":13,"minecraft:warped_stem":16,"minecraft:smooth_quartz_stairs":19,"minecraft:bamboo_sapling":9,"minecraft:bamboo":1142,"minecraft:bone_block":145,"minecraft:white_wool":3,"minecraft:ender_chest":95,"minecraft:glass_pane":2,"minecraft:soul_sand":103,"minecraft:stone_brick_slab":197,"minecraft:dandelion":145,"minecraft:jungle_sign":1,"minecraft:smooth_sandstone":1,"minecraft:cornflower":3,"minecraft:emerald_ore":1,"minecraft:warped_roots":1,"minecraft:campfire":5,"minecraft:lightning_rod":3,"minecraft:tall_grass":57,"minecraft:copper_ore":208,"minecraft:deepslate_gold_ore":131,"minecraft:diorite":631,"minecraft:warped_wart_block":11,"minecraft:purple_bed":1,"minecraft:cut_copper_slab":8,"minecraft:coarse_dirt":1,"minecraft:cobblestone_wall":5,"minecraft:spruce_log":27,"minecraft:birch_leaves":1,"minecraft:jungle_fence":33,"minecraft:mycelium":9,"minecraft:sunflower":13,"minecraft:gravel":1211,"minecraft:dripstone_block":40,"minecraft:cobweb":9,"minecraft:stone_bricks":184,"minecraft:gold_ore":24,"minecraft:fern":152,"minecraft:waxed_cut_copper_slab":127,"minecraft:large_amethyst_bud":1,"minecraft:spruce_planks":7,"minecraft:farmland":98,"minecraft:jungle_slab":126,"minecraft:cobblestone_stairs":48,"minecraft:brewing_stand":2,"minecraft:cave_vines_plant":102,"minecraft:grass_block":5112,"minecraft:white_concrete":3771,"minecraft:soul_soil":41,"minecraft:raw_iron_block":1,"minecraft:glowstone":21,"minecraft:iron_ore":283,"minecraft:anvil":1,"minecraft:dark_oak_stairs":22,"minecraft:red_tulip":66,"minecraft:pointed_dripstone":260,"minecraft:flowering_azalea_leaves":46,"minecraft:iron_bars":1,"minecraft:azalea_leaves":96,"minecraft:azalea":3,"minecraft:spruce_slab":2,"minecraft:waxed_cut_copper_stairs":39,"minecraft:waxed_cut_copper":721,"minecraft:deepslate_redstone_ore":45,"minecraft:jungle_door":2,"minecraft:quartz_block":17,"minecraft:blackstone":108,"minecraft:medium_amethyst_bud":1,"minecraft:clay":533,"minecraft:jungle_stairs":13,"minecraft:calcite":785,"minecraft:poppy":137,"minecraft:chest":23,"minecraft:mushroom_stem":6,"minecraft:nether_quartz_ore":1748,"minecraft:cobblestone":1152,"minecraft:prismarine":5,"minecraft:oak_planks":12,"minecraft:wall_torch":25,"minecraft:deepslate_copper_ore":22,"minecraft:seagrass":10,"minecraft:warped_nylium":42,"minecraft:dark_oak_slab":5,"minecraft:nether_wart_block":8,"minecraft:birch_log":11,"minecraft:orange_tulip":37,"minecraft:smooth_stone_slab":2,"minecraft:oak_log":306,"minecraft:diorite_wall":3,"minecraft:sand":2867,"minecraft:dirt":4290,"minecraft:raw_copper_block":2,"minecraft:dispenser":3,"minecraft:ancient_debris":137,"minecraft:netherrack":89510,"minecraft:oak_leaves":609,"minecraft:nether_gold_ore":359,"minecraft:crying_obsidian":1,"minecraft:diamond_ore":35,"minecraft:tuff":25,"minecraft:pink_carpet":1,"minecraft:oak_door":22,"minecraft:dark_oak_leaves":67,"minecraft:deepslate_diamond_ore":189,"minecraft:candle":2,"minecraft:stone_button":5,"minecraft:weeping_vines":2,"minecraft:white_stained_glass":6,"minecraft:brown_mushroom_block":47,"minecraft:spruce_leaves":44,"minecraft:rooted_dirt":1,"minecraft:sandstone":71,"minecraft:crimson_stem":1,"minecraft:large_fern":3,"minecraft:hay_block":91,"minecraft:spore_blossom":2,"minecraft:furnace":12,"minecraft:carrots":74,"minecraft:black_concrete":54,"minecraft:gold_block":2,"minecraft:bell":1,"minecraft:deepslate_iron_ore":201,"minecraft:lantern":6,"minecraft:packed_ice":2,"minecraft:white_tulip":33,"minecraft:stone":7174,"minecraft:yellow_shulker_box":25,"minecraft:podzol":1287,"minecraft:scaffolding":1257,"minecraft:flowering_azalea":20,"minecraft:basalt":165,"minecraft:oak_fence":2,"minecraft:crafting_table":70,"minecraft:cyan_stained_glass_pane":5,"minecraft:honey_block":4,"minecraft:oak_wood":5,"minecraft:rose_bush":2,"minecraft:deepslate_coal_ore":8,"minecraft:lapis_ore":23,"minecraft:lily_pad":3,"minecraft:prismarine_bricks":20,"minecraft:birch_planks":1,"minecraft:cactus":3,"minecraft:ice":4,"minecraft:bee_nest":9,"minecraft:coal_ore":564,"minecraft:cocoa":1,"minecraft:end_rod":6,"minecraft:purple_shulker_box":19,"minecraft:small_dripleaf":5,"minecraft:mossy_stone_bricks":1,"minecraft:jungle_wall_sign":7},"minecraft:crafted":{"minecraft:ender_chest":3,"minecraft:black_dye":6,"minecraft:smooth_stone":9,"minecraft:jungle_fence_gate":27,"minecraft:oak_sign":18,"minecraft:waxed_cut_copper_slab":246,"minecraft:blaze_powder":102,"minecraft:chain":48,"minecraft:loom":1,"minecraft:lever":2,"minecraft:bookshelf":16,"minecraft:cooked_mutton":45,"minecraft:shulker_box":5,"minecraft:glass":464,"minecraft:quartz_block":842,"minecraft:diamond_helmet":1,"minecraft:diamond_leggings":1,"minecraft:netherite_boots":1,"minecraft:white_glazed_terracotta":8,"minecraft:melon_seeds":2,"minecraft:tipped_arrow":104,"minecraft:birch_door":3,"minecraft:flower_pot":2,"minecraft:glass_bottle":39,"minecraft:emerald":332,"minecraft:smooth_quartz":768,"minecraft:cooked_porkchop":3,"minecraft:jungle_boat":2,"minecraft:smithing_table":1,"minecraft:copper_ingot":20,"minecraft:purple_banner":1,"minecraft:sticky_piston":2,"minecraft:fletching_table":1,"minecraft:oak_wood":15,"minecraft:iron_pickaxe":34,"minecraft:iron_block":6,"minecraft:white_terracotta":440,"minecraft:gold_ingot":461,"minecraft:light_gray_dye":16,"minecraft:netherite_ingot":23,"minecraft:fire_charge":129,"minecraft:waxed_cut_copper":288,"minecraft:jungle_sign":15,"minecraft:golden_carrot":58,"minecraft:iron_nugget":1389,"minecraft:player_head":11,"minecraft:diamond_hoe":1,"minecraft:tinted_glass":258,"minecraft:bone_meal":908,"minecraft:pink_dye":63,"minecraft:candle":2,"minecraft:waxed_copper_block":97,"minecraft:terracotta":8,"minecraft:lantern":141,"minecraft:netherite_axe":1,"minecraft:black_concrete_powder":48,"minecraft:diamond_boots":1,"minecraft:spruce_boat":1,"minecraft:redstone_block":1,"minecraft:jungle_fence":120,"minecraft:dark_oak_planks":440,"minecraft:lead":2,"minecraft:wheat":524,"minecraft:firework_star":453,"minecraft:crossbow":8,"minecraft:netherite_pickaxe":2,"minecraft:enchanting_table":1,"minecraft:enchanted_book":20,"minecraft:orange_dye":31,"minecraft:jungle_slab":612,"minecraft:golden_apple":1,"minecraft:fermented_spider_eye":8,"minecraft:wooden_axe":1,"minecraft:writable_book":1,"minecraft:iron_shovel":26,"minecraft:iron_leggings":4,"minecraft:white_bed":194,"minecraft:brick":8,"minecraft:oak_planks":728,"minecraft:cobblestone_slab":672,"minecraft:dark_oak_boat":1,"minecraft:cooked_chicken":237,"minecraft:lightning_rod":1,"minecraft:stone":11,"minecraft:flower_banner_pattern":1,"minecraft:warped_planks":56,"minecraft:hopper":10,"minecraft:stone_brick_slab":72,"minecraft:bow":9,"minecraft:iron_boots":2,"minecraft:raw_copper":18,"minecraft:comparator":2,"minecraft:chest":90,"minecraft:netherite_helmet":1,"minecraft:copper_block":199,"minecraft:jungle_stairs":80,"minecraft:rail":16,"minecraft:ender_eye":11,"minecraft:golden_boots":6,"minecraft:smoker":1,"minecraft:item_frame":2,"minecraft:crafting_table":15,"minecraft:spruce_planks":8,"minecraft:wooden_pickaxe":1,"minecraft:baked_potato":502,"minecraft:iron_helmet":6,"minecraft:hopper_minecart":3,"minecraft:brewing_stand":1,"minecraft:birch_planks":36,"minecraft:dispenser":5,"minecraft:dark_oak_slab":12,"minecraft:diamond_pickaxe":2,"minecraft:book":79,"minecraft:iron_chestplate":3,"minecraft:paper":546,"minecraft:yellow_dye":193,"minecraft:purple_dye":114,"minecraft:shield":6,"minecraft:stick":10348,"minecraft:netherite_hoe":1,"minecraft:light_blue_dye":32,"minecraft:iron_ingot":390,"minecraft:redstone_torch":12,"minecraft:shears":4,"minecraft:purple_wool":6,"minecraft:oak_door":9,"minecraft:raw_iron":9,"minecraft:tripwire_hook":2,"minecraft:fishing_rod":1,"minecraft:netherite_sword":1,"minecraft:furnace":7,"minecraft:stone_button":5,"minecraft:blast_furnace":2,"minecraft:piston":3,"minecraft:dark_oak_trapdoor":86,"minecraft:jungle_trapdoor":947,"minecraft:mushroom_stew":10,"minecraft:smooth_quartz_stairs":14,"minecraft:flint_and_steel":1,"minecraft:scaffolding":666,"minecraft:netherite_chestplate":1,"minecraft:yellow_shulker_box":1,"minecraft:netherite_leggings":1,"minecraft:white_concrete_powder":2136,"minecraft:leather":2,"minecraft:iron_axe":13,"minecraft:iron_hoe":4,"minecraft:smooth_quartz_slab":28,"minecraft:netherite_scrap":79,"minecraft:minecart":1,"minecraft:observer":4,"minecraft:cooked_beef":33,"minecraft:sugar":9,"minecraft:red_dye":267,"minecraft:cooked_cod":4,"minecraft:crimson_planks":4,"minecraft:spruce_sign":3,"minecraft:dark_oak_stairs":92,"minecraft:powered_rail":6,"minecraft:purple_shulker_box":1,"minecraft:iron_sword":15,"minecraft:bowl":20,"minecraft:cooked_salmon":1,"minecraft:bucket":15,"minecraft:stone_axe":1,"minecraft:bread":270,"minecraft:air":0,"minecraft:jungle_planks":10906,"minecraft:blue_dye":117,"minecraft:oak_boat":4,"minecraft:jungle_door":3,"minecraft:gold_nugget":580,"minecraft:white_dye":444,"minecraft:netherite_shovel":1,"minecraft:stonecutter":1,"minecraft:anvil":2,"minecraft:torch":508,"minecraft:end_crystal":8,"minecraft:clay":22,"minecraft:trapped_chest":1,"minecraft:diamond_chestplate":1,"minecraft:firework_rocket":846},"minecraft:killed_by":{"minecraft:warden":3,"minecraft:piglin":1,"minecraft:enderman":1},"minecraft:custom":{"minecraft:interact_with_crafting_table":618,"minecraft:open_barrel":512,"minecraft:bell_ring":102,"minecraft:leave_game":247,"minecraft:time_since_death":230603,"minecraft:damage_blocked_by_shield":14100,"minecraft:play_time":10058735,"minecraft:deaths":5,"minecraft:jump":291038,"minecraft:enchant_item":14,"minecraft:interact_with_furnace":446,"minecraft:play_record":9,"minecraft:traded_with_villager":372,"minecraft:interact_with_cartography_table":1,"minecraft:sleep_in_bed":120,"minecraft:damage_dealt":493198,"minecraft:interact_with_smoker":165,"minecraft:inspect_dispenser":15,"minecraft:horse_one_cm":290,"minecraft:interact_with_smithing_table":5,"minecraft:interact_with_anvil":45,"minecraft:inspect_hopper":39,"minecraft:target_hit":51,"minecraft:sneak_time":603450,"minecraft:interact_with_lectern":50,"minecraft:interact_with_blast_furnace":197,"minecraft:total_world_time":10058735,"minecraft:interact_with_stonecutter":75,"minecraft:time_since_rest":223443,"minecraft:swim_one_cm":5223489,"minecraft:fly_one_cm":74447635,"minecraft:open_chest":9379,"minecraft:fish_caught":5,"minecraft:fall_one_cm":8205341,"minecraft:animals_bred":702,"minecraft:open_shulker_box":479,"minecraft:damage_resisted":72,"minecraft:sprint_one_cm":36858869,"minecraft:drop":1839,"minecraft:talked_to_villager":140,"minecraft:interact_with_brewingstand":118,"minecraft:walk_on_water_one_cm":1202315,"minecraft:interact_with_loom":10,"minecraft:open_enderchest":512,"minecraft:interact_with_beacon":1,"minecraft:player_kills":3,"minecraft:crouch_one_cm":2734255,"minecraft:mob_kills":6451,"minecraft:interact_with_campfire":2,"minecraft:climb_one_cm":3319270,"minecraft:walk_one_cm":13342519,"minecraft:walk_under_water_one_cm":1815248,"minecraft:boat_one_cm":23106931,"minecraft:pot_flower":2,"minecraft:interact_with_grindstone":1,"minecraft:damage_taken":48356,"minecraft:damage_absorbed":80,"minecraft:trigger_trapped_chest":8,"minecraft:minecart_one_cm":22395,"minecraft:pig_one_cm":265,"minecraft:aviate_one_cm":27728977},"minecraft:killed":{"minecraft:cave_spider":2,"minecraft:shulker":4,"minecraft:skeleton":297,"minecraft:chicken":649,"minecraft:tropical_fish":1,"minecraft:skeleton_horse":1,"minecraft:magma_cube":39,"minecraft:parrot":2,"minecraft:salmon":2,"minecraft:zombie":670,"minecraft:glow_squid":7,"minecraft:cow":64,"minecraft:endermite":2,"minecraft:ocelot":4,"minecraft:husk":17,"minecraft:rabbit":6,"minecraft:wandering_trader":2,"minecraft:enderman":71,"minecraft:zombified_piglin":3445,"minecraft:witch":3,"minecraft:spider":144,"minecraft:axolotl":1,"minecraft:silverfish":3,"minecraft:piglin":41,"minecraft:pig":42,"minecraft:zombie_villager":12,"minecraft:creeper":231,"minecraft:sheep":56,"minecraft:trader_llama":4,"minecraft:ghast":26,"minecraft:mooshroom":41,"minecraft:blaze":27,"minecraft:slime":79,"minecraft:phantom":37,"minecraft:panda":218,"minecraft:drowned":47,"minecraft:bat":6,"minecraft:hoglin":17,"minecraft:squid":24,"minecraft:wither_skeleton":9},"minecraft:picked_up":{"minecraft:birch_door":2,"minecraft:iron_chestplate":6,"minecraft:chainmail_boots":3,"minecraft:anvil":1,"minecraft:diamond_sword":5,"minecraft:magenta_carpet":3,"minecraft:lead":9,"minecraft:purple_shulker_box":19,"minecraft:brewing_stand":3,"minecraft:golden_sword":23,"minecraft:amethyst_block":11,"minecraft:dark_oak_trapdoor":8,"minecraft:string":304,"minecraft:soul_soil":16,"minecraft:cooked_salmon":7,"minecraft:blue_stained_glass_pane":1,"minecraft:diamond_leggings":2,"minecraft:gold_nugget":3038,"minecraft:cobbled_deepslate":554,"minecraft:spruce_planks":25,"minecraft:written_book":5,"minecraft:azalea_leaves":90,"minecraft:melon_slice":168,"minecraft:diamond_ore":14,"minecraft:golden_helmet":4,"minecraft:white_glazed_terracotta":49,"minecraft:jukebox":7,"minecraft:big_dripleaf":10,"minecraft:pink_carpet":5,"minecraft:lightning_rod":3,"minecraft:end_crystal":1,"minecraft:golden_chestplate":10,"minecraft:cyan_stained_glass_pane":5,"minecraft:rabbit_foot":1,"minecraft:waxed_cut_copper_stairs":39,"minecraft:stone_sword":2,"minecraft:tropical_fish":4,"minecraft:red_tulip":67,"minecraft:blue_dye":136,"minecraft:iron_block":7,"minecraft:glowstone":1,"minecraft:end_rod":5,"minecraft:tadpole_bucket":1,"minecraft:waxed_cut_copper":719,"minecraft:blaze_rod":51,"minecraft:iron_bars":1,"minecraft:snowball":120,"minecraft:birch_log":11,"minecraft:magma_block":362,"minecraft:cooked_beef":401,"minecraft:feather":1537,"minecraft:water_bucket":10,"minecraft:jungle_log":3026,"minecraft:dark_oak_boat":29,"minecraft:flint":35,"minecraft:lantern":16,"minecraft:disc_fragment_5":2,"minecraft:stonecutter":7,"minecraft:rabbit":1,"minecraft:glowstone_dust":59,"minecraft:moss_block":74,"minecraft:honeycomb":514,"minecraft:warped_wart_block":11,"minecraft:stripped_spruce_log":1,"minecraft:ink_sac":20,"minecraft:loom":1,"minecraft:dark_oak_log":524,"minecraft:iron_hoe":1,"minecraft:dispenser":3,"minecraft:deepslate":57,"minecraft:writable_book":3,"minecraft:granite":172,"minecraft:chainmail_helmet":4,"minecraft:golden_horse_armor":1,"minecraft:spruce_button":1,"minecraft:bread":281,"minecraft:rooted_dirt":2,"minecraft:crimson_roots":2,"minecraft:diamond_pickaxe":15,"minecraft:music_disc_5":11,"minecraft:coarse_dirt":1,"minecraft:crafting_table":77,"minecraft:bee_nest":14,"minecraft:sandstone_slab":1,"minecraft:purple_wool":10,"minecraft:nether_wart":154,"minecraft:clay_ball":358,"minecraft:cornflower":19,"minecraft:jungle_trapdoor":338,"minecraft:elytra":5,"minecraft:flint_and_steel":2,"minecraft:white_stained_glass":6,"minecraft:iron_shovel":4,"minecraft:glass_pane":2,"minecraft:netherite_sword":5,"minecraft:deepslate_diamond_ore":47,"minecraft:beef":47,"minecraft:minecart":2,"minecraft:jungle_sapling":69,"minecraft:iron_nugget":6,"minecraft:poppy":137,"minecraft:spruce_slab":2,"minecraft:chest":26,"minecraft:egg":1079,"minecraft:diamond_hoe":1,"minecraft:raw_copper_block":2,"minecraft:copper_ore":2,"minecraft:sandstone":42,"minecraft:stone":2884,"minecraft:oak_door":23,"minecraft:amethyst_cluster":10,"minecraft:fire_charge":17,"minecraft:white_dye":3,"minecraft:carrot":274,"minecraft:redstone":265,"minecraft:netherite_pickaxe":1,"minecraft:jungle_sign":10,"minecraft:tnt":9,"minecraft:diamond_chestplate":1,"minecraft:cooked_cod":7,"minecraft:shears":4,"minecraft:diamond_boots":1,"minecraft:hay_block":99,"minecraft:warped_sign":1,"minecraft:gold_ingot":49,"minecraft:totem_of_undying":5,"minecraft:glow_berries":136,"minecraft:mutton":55,"minecraft:rail":2,"minecraft:white_wool":629,"minecraft:bone_block":177,"minecraft:emerald_ore":1,"minecraft:yellow_shulker_box":25,"minecraft:jungle_fence":32,"minecraft:red_mushroom":14,"minecraft:filled_map":4,"minecraft:oak_log":308,"minecraft:ancient_debris":154,"minecraft:lily_pad":4,"minecraft:jungle_button":1,"minecraft:golden_boots":10,"minecraft:apple":20,"minecraft:stone_bricks":192,"minecraft:kelp":930,"minecraft:warped_stem":16,"minecraft:spore_blossom":4,"minecraft:iron_ore":1,"minecraft:glass_bottle":3,"minecraft:iron_sword":3,"minecraft:flowering_azalea":23,"minecraft:dark_oak_stairs":22,"minecraft:dark_oak_slab":5,"minecraft:smooth_basalt":111,"minecraft:sweet_berries":7,"minecraft:red_wool":9,"minecraft:spyglass":3,"minecraft:gravel":1599,"minecraft:spruce_sapling":6,"minecraft:spruce_log":27,"minecraft:crying_obsidian":22,"minecraft:sea_lantern":2,"minecraft:leather_helmet":2,"minecraft:oak_wood":5,"minecraft:firework_rocket":159,"minecraft:diamond_shovel":6,"minecraft:purple_bed":2,"minecraft:coal_ore":8,"minecraft:slime_ball":156,"minecraft:diamond_axe":5,"minecraft:gray_wool":2,"minecraft:warped_roots":7,"minecraft:baked_potato":18,"minecraft:melon_seeds":1,"minecraft:warped_nylium":5,"minecraft:smooth_quartz_slab":100,"minecraft:hopper":4,"minecraft:ender_pearl":239,"minecraft:shulker_shell":4,"minecraft:wheat":690,"minecraft:ender_chest":94,"minecraft:yellow_wool":12,"minecraft:potion":5,"minecraft:nether_brick":4,"minecraft:stone_brick_stairs":2,"minecraft:waxed_cut_copper_slab":145,"minecraft:raw_copper":1789,"minecraft:smooth_stone_slab":2,"minecraft:sticky_piston":1,"minecraft:iron_leggings":8,"minecraft:purple_banner":1,"minecraft:oak_sign":17,"minecraft:bucket":1,"minecraft:red_dye":18,"minecraft:white_tulip":37,"minecraft:rose_bush":2,"minecraft:cobblestone_slab":48,"minecraft:calcite":822,"minecraft:azalea":4,"minecraft:wooden_shovel":1,"minecraft:smooth_quartz":266,"minecraft:iron_pickaxe":4,"minecraft:smooth_quartz_stairs":19,"minecraft:iron_boots":4,"minecraft:furnace":11,"minecraft:tipped_arrow":1,"minecraft:stick":201,"minecraft:jungle_door":2,"minecraft:torch":473,"minecraft:spruce_stairs":1,"minecraft:porkchop":9,"minecraft:netherite_shovel":2,"minecraft:pointed_dripstone":500,"minecraft:diorite":603,"minecraft:vine":53,"minecraft:goat_horn":1,"minecraft:quartz_block":370,"minecraft:cactus":6,"minecraft:rotten_flesh":988,"minecraft:music_disc_ward":1,"minecraft:obsidian":125,"minecraft:cod":4,"minecraft:cobblestone":5736,"minecraft:nautilus_shell":1,"minecraft:leather_chestplate":3,"minecraft:magma_cream":2,"minecraft:andesite":27,"minecraft:golden_leggings":8,"minecraft:potato":910,"minecraft:magenta_dye":5,"minecraft:tuff":23,"minecraft:prismarine_bricks":20,"minecraft:dirt":10296,"minecraft:stripped_birch_log":1,"minecraft:lapis_lazuli":846,"minecraft:name_tag":2,"minecraft:leather_boots":5,"minecraft:glass":25,"minecraft:bone":484,"minecraft:bow":32,"minecraft:orange_tulip":32,"minecraft:wheat_seeds":2375,"minecraft:raw_gold":249,"minecraft:bell":1,"minecraft:netherite_axe":1,"minecraft:mossy_stone_bricks":1,"minecraft:bamboo":10704,"minecraft:prismarine":5,"minecraft:oak_planks":87,"minecraft:ghast_tear":28,"minecraft:diorite_wall":3,"minecraft:cooked_porkchop":291,"minecraft:music_disc_13":3,"minecraft:axolotl_bucket":3,"minecraft:poisonous_potato":4,"minecraft:jungle_planks":759,"minecraft:sand":2865,"minecraft:grass_block":938,"minecraft:spectral_arrow":59,"minecraft:jungle_slab":190,"minecraft:orange_wool":12,"minecraft:shulker_box":23,"minecraft:mossy_cobblestone":39,"minecraft:jungle_leaves":2,"minecraft:clay":494,"minecraft:spruce_boat":109,"minecraft:diamond":370,"minecraft:black_concrete":54,"minecraft:crossbow":2,"minecraft:grass":3,"minecraft:bone_meal":1,"minecraft:golden_apple":7,"minecraft:white_concrete":3727,"minecraft:spruce_sign":3,"minecraft:oak_sapling":152,"minecraft:netherrack":19784,"minecraft:oak_leaves":120,"minecraft:fishing_rod":7,"minecraft:cocoa_beans":6,"minecraft:allium":1,"minecraft:chicken":245,"minecraft:turtle_helmet":1,"minecraft:brown_mushroom":37,"minecraft:pink_wool":11,"minecraft:cooked_rabbit":2,"minecraft:gold_block":34,"minecraft:diamond_horse_armor":1,"minecraft:chain":12,"minecraft:shield":3,"minecraft:dragon_breath":16,"minecraft:moss_carpet":36,"minecraft:iron_axe":2,"minecraft:item_frame":1,"minecraft:mycelium":4,"minecraft:blackstone":114,"minecraft:candle":2,"minecraft:oak_boat":156,"minecraft:player_head":130,"minecraft:tinted_glass":45,"minecraft:sugar_cane":1077,"minecraft:phantom_membrane":41,"minecraft:dark_oak_sapling":3,"minecraft:raw_iron":679,"minecraft:end_stone":73,"minecraft:copper_ingot":9,"minecraft:bowl":47,"minecraft:flowering_azalea_leaves":44,"minecraft:stone_button":13,"minecraft:trident":3,"minecraft:light_gray_stained_glass_pane":1,"minecraft:dark_oak_planks":44,"minecraft:arrow":535,"minecraft:jungle_stairs":13,"minecraft:pink_tulip":32,"minecraft:jungle_boat":85,"minecraft:purple_dye":128,"minecraft:basalt":157,"minecraft:crimson_stem":1,"minecraft:golden_carrot":92,"minecraft:glow_ink_sac":32,"minecraft:salmon":1,"minecraft:leather":338,"minecraft:cut_sandstone":3,"minecraft:music_disc_stal":1,"minecraft:birch_planks":16,"minecraft:ice":9,"minecraft:mushroom_stew":15,"minecraft:chainmail_chestplate":3,"minecraft:gunpowder":686,"minecraft:nether_wart_block":4,"minecraft:cobblestone_wall":5,"minecraft:cobblestone_stairs":78,"minecraft:cut_copper_slab":10,"minecraft:cooked_mutton":56,"minecraft:podzol":569,"minecraft:smooth_sandstone":1,"minecraft:rabbit_hide":7,"minecraft:heart_of_the_sea":1,"minecraft:iron_ingot":90,"minecraft:cooked_chicken":1247,"minecraft:soul_sand":37,"minecraft:book":1,"minecraft:scaffolding":2885,"minecraft:pink_bed":1,"minecraft:nether_quartz_ore":4,"minecraft:birch_boat":1,"minecraft:stone_brick_slab":640,"minecraft:quartz":3824,"minecraft:dandelion":166,"minecraft:raw_iron_block":1,"minecraft:dripstone_block":51,"minecraft:amethyst_shard":516,"minecraft:blast_furnace":3,"minecraft:white_bed":17,"minecraft:gold_ore":1,"minecraft:spider_eye":140,"minecraft:campfire":8,"minecraft:chainmail_leggings":2,"minecraft:iron_helmet":6,"minecraft:black_wool":1,"minecraft:coal":1259,"minecraft:sunflower":13},"minecraft:dropped":{"minecraft:clay":2,"minecraft:porkchop":6,"minecraft:lapis_lazuli":16,"minecraft:cooked_beef":83,"minecraft:glow_ink_sac":9,"minecraft:glass_bottle":3,"minecraft:diamond":26,"minecraft:crafting_table":3,"minecraft:cooked_porkchop":31,"minecraft:crossbow":1,"minecraft:glow_berries":5,"minecraft:warped_roots":3,"minecraft:rooted_dirt":2,"minecraft:elytra":3,"minecraft:red_mushroom":3,"minecraft:gold_block":27,"minecraft:dirt":1334,"minecraft:stone_button":1,"minecraft:yellow_dye":9,"minecraft:jungle_sapling":13,"minecraft:writable_book":1,"minecraft:gold_nugget":310,"minecraft:phantom_membrane":20,"minecraft:sand":152,"minecraft:iron_pickaxe":1,"minecraft:purple_wool":10,"minecraft:dark_oak_planks":5,"minecraft:fishing_rod":5,"minecraft:white_wool":38,"minecraft:end_crystal":4,"minecraft:bone":106,"minecraft:goat_horn":1,"minecraft:cooked_chicken":254,"minecraft:ancient_debris":44,"minecraft:iron_nugget":7,"minecraft:golden_chestplate":7,"minecraft:cobbled_deepslate":30,"minecraft:netherite_sword":5,"minecraft:wheat":19,"minecraft:obsidian":8,"minecraft:music_disc_5":2,"minecraft:rotten_flesh":424,"minecraft:pink_carpet":2,"minecraft:oak_planks":29,"minecraft:netherite_shovel":2,"minecraft:end_stone":6,"minecraft:jungle_trapdoor":117,"minecraft:white_bed":2,"minecraft:sea_lantern":64,"minecraft:tipped_arrow":6,"minecraft:azalea_leaves":90,"minecraft:quartz_block":38,"minecraft:jungle_log":195,"minecraft:white_dye":2,"minecraft:spruce_slab":1,"minecraft:beef":9,"minecraft:podzol":6,"minecraft:campfire":2,"minecraft:crying_obsidian":1,"minecraft:ghast_tear":5,"minecraft:flowering_azalea_leaves":44,"minecraft:white_glazed_terracotta":97,"minecraft:egg":144,"minecraft:iron_ingot":69,"minecraft:netherite_pickaxe":1,"minecraft:wheat_seeds":171,"minecraft:tnt":8,"minecraft:feather":120,"minecraft:iron_helmet":2,"minecraft:cobblestone":196,"minecraft:granite":72,"minecraft:purple_dye":128,"minecraft:disc_fragment_5":1,"minecraft:coal":5,"minecraft:golden_apple":7,"minecraft:mushroom_stew":16,"minecraft:jungle_slab":64,"minecraft:gray_wool":2,"minecraft:golden_carrot":62,"minecraft:ink_sac":9,"minecraft:cooked_salmon":7,"minecraft:potion":3,"minecraft:red_dye":18,"minecraft:jungle_boat":1,"minecraft:paper":11,"minecraft:string":82,"minecraft:iron_shovel":2,"minecraft:pink_tulip":1,"minecraft:stone_brick_slab":390,"minecraft:moss_carpet":23,"minecraft:soul_soil":11,"minecraft:player_head":21,"minecraft:netherite_ingot":10,"minecraft:stone_sword":1,"minecraft:deepslate":1,"minecraft:bowl":19,"minecraft:diamond_hoe":1,"minecraft:chicken":2,"minecraft:clay_ball":181,"minecraft:iron_boots":1,"minecraft:name_tag":1,"minecraft:orange_wool":12,"minecraft:oak_sign":3,"minecraft:shears":1,"minecraft:big_dripleaf":4,"minecraft:diamond_sword":3,"minecraft:cobblestone_slab":64,"minecraft:hay_block":8,"minecraft:potato":1,"minecraft:stone":4,"minecraft:spruce_boat":1,"minecraft:spruce_planks":3,"minecraft:diamond_pickaxe":6,"minecraft:bamboo":71,"minecraft:stone_bricks":7,"minecraft:spider_eye":11,"minecraft:sandstone":9,"minecraft:bow":13,"minecraft:red_tulip":1,"minecraft:magma_block":9,"minecraft:spruce_sign":2,"minecraft:warped_stem":2,"minecraft:birch_planks":16,"minecraft:moss_block":28,"minecraft:soul_sand":3,"minecraft:brown_mushroom":1,"minecraft:diamond_axe":2,"minecraft:oak_log":5,"minecraft:baked_potato":3,"minecraft:ender_pearl":13,"minecraft:dark_oak_sapling":3,"minecraft:lantern":6,"minecraft:leather":89,"minecraft:red_wool":9,"minecraft:jungle_planks":340,"minecraft:cobblestone_stairs":63,"minecraft:music_disc_13":3,"minecraft:flint":3,"minecraft:dark_oak_log":83,"minecraft:jungle_button":1,"minecraft:cornflower":16,"minecraft:mutton":2,"minecraft:crimson_roots":1,"minecraft:cooked_cod":6,"minecraft:cut_sandstone":3,"minecraft:axolotl_bucket":3,"minecraft:gold_ingot":74,"minecraft:gravel":181,"minecraft:white_tulip":5,"minecraft:blackstone":58,"minecraft:spyglass":2,"minecraft:yellow_wool":12,"minecraft:diamond_shovel":4,"minecraft:mycelium":2,"minecraft:carrot":1,"minecraft:rabbit_hide":2,"minecraft:trident":2,"minecraft:gunpowder":106,"minecraft:bee_nest":9,"minecraft:chest":3,"minecraft:arrow":131,"minecraft:basalt":106,"minecraft:quartz":121,"minecraft:scaffolding":281,"minecraft:written_book":2,"minecraft:oak_leaves":6,"minecraft:netherrack":9675,"minecraft:firework_rocket":281,"minecraft:bread":13,"minecraft:water_bucket":7,"minecraft:golden_helmet":1,"minecraft:diamond_leggings":1,"minecraft:poisonous_potato":1,"minecraft:netherite_axe":1,"minecraft:lead":2,"minecraft:spectral_arrow":1,"minecraft:copper_ingot":3,"minecraft:tropical_fish":4,"minecraft:spruce_stairs":1,"minecraft:grass_block":7,"minecraft:iron_block":7,"minecraft:stick":27,"minecraft:milk_bucket":1,"minecraft:diorite":6,"minecraft:blue_dye":136,"minecraft:torch":49,"minecraft:melon_slice":28,"minecraft:smooth_quartz":64,"minecraft:jungle_door":3,"minecraft:fire_charge":15,"minecraft:iron_leggings":1,"minecraft:smooth_quartz_slab":42,"minecraft:flowering_azalea":7,"minecraft:bucket":1,"minecraft:dandelion":16,"minecraft:smooth_basalt":3,"minecraft:redstone":5,"minecraft:kelp":769,"minecraft:sweet_berries":4,"minecraft:warped_nylium":4,"minecraft:raw_copper":2,"minecraft:tuff":1,"minecraft:iron_hoe":1,"minecraft:totem_of_undying":4,"minecraft:shulker_box":1,"minecraft:filled_map":6,"minecraft:diamond_chestplate":1,"minecraft:andesite":13,"minecraft:pink_wool":10,"minecraft:golden_leggings":1,"minecraft:oak_boat":1,"minecraft:oak_sapling":9,"minecraft:golden_sword":12,"minecraft:slime_ball":18,"minecraft:wooden_pickaxe":1,"minecraft:nether_quartz_ore":1,"minecraft:calcite":49},"minecraft:broken":{"minecraft:golden_boots":4,"minecraft:shears":1,"minecraft:iron_chestplate":1,"minecraft:iron_leggings":1,"minecraft:iron_sword":11,"minecraft:fishing_rod":1,"minecraft:shield":2,"minecraft:iron_axe":7,"minecraft:iron_pickaxe":31,"minecraft:iron_helmet":1,"minecraft:iron_shovel":27,"minecraft:stone_axe":1,"minecraft:wooden_axe":1},"minecraft:used":{"minecraft:moss_block":17,"minecraft:writable_book":26,"minecraft:smooth_quartz_slab":271,"minecraft:dispenser":8,"minecraft:spruce_slab":1,"minecraft:elytra":4,"minecraft:chest":96,"minecraft:stone":1750,"minecraft:warped_sign":1,"minecraft:soul_sand":5,"minecraft:jungle_slab":622,"minecraft:allium":1,"minecraft:snowball":21,"minecraft:spruce_boat":111,"minecraft:jungle_sapling":1,"minecraft:netherite_shovel":7326,"minecraft:jungle_fence_gate":25,"minecraft:grass_block":201,"minecraft:copper_ore":2,"minecraft:quartz_block":17,"minecraft:dark_oak_slab":5,"minecraft:diorite_wall":27,"minecraft:stone_brick_stairs":2,"minecraft:music_disc_stal":1,"minecraft:netherite_boots":1,"minecraft:bow":165,"minecraft:dark_oak_boat":29,"minecraft:sweet_berries":3,"minecraft:oak_sapling":18,"minecraft:furnace":16,"minecraft:cooked_cod":5,"minecraft:egg":741,"minecraft:potato":326,"minecraft:mossy_stone_bricks":1,"minecraft:diorite":461,"minecraft:stripped_birch_log":1,"minecraft:blackstone":26,"minecraft:cut_copper_slab":10,"minecraft:powered_rail":1,"minecraft:prismarine":5,"minecraft:orange_tulip":1,"minecraft:clay":34,"minecraft:smooth_quartz_stairs":79,"minecraft:jungle_boat":84,"minecraft:oak_leaves":43,"minecraft:golden_apple":2,"minecraft:glow_berries":119,"minecraft:dark_oak_trapdoor":48,"minecraft:sand":225,"minecraft:blast_furnace":7,"minecraft:black_concrete_powder":48,"minecraft:lightning_rod":4,"minecraft:stone_button":14,"minecraft:white_glazed_terracotta":396,"minecraft:diamond_ore":14,"minecraft:nether_wart_block":4,"minecraft:smithing_table":1,"minecraft:birch_log":2,"minecraft:white_stained_glass":6,"minecraft:ice":9,"minecraft:waxed_cut_copper_stairs":67,"minecraft:oak_boat":159,"minecraft:iron_bars":1,"minecraft:enchanting_table":1,"minecraft:mycelium":1,"minecraft:tinted_glass":219,"minecraft:music_disc_5":8,"minecraft:cooked_salmon":6,"minecraft:netherrack":9952,"minecraft:torch":639,"minecraft:brewing_stand":3,"minecraft:warped_wart_block":11,"minecraft:anvil":3,"minecraft:nether_quartz_ore":3,"minecraft:jungle_trapdoor":875,"minecraft:flowering_azalea":1,"minecraft:iron_axe":2273,"minecraft:spruce_button":1,"minecraft:jungle_log":25,"minecraft:smooth_quartz":362,"minecraft:totem_of_undying":1,"minecraft:melon_seeds":1,"minecraft:bamboo":80,"minecraft:smooth_basalt":21,"minecraft:basalt":29,"minecraft:glowstone":1,"minecraft:beef":3,"minecraft:podzol":19,"minecraft:trapped_chest":1,"minecraft:observer":4,"minecraft:cobbled_deepslate":346,"minecraft:pointed_dripstone":465,"minecraft:calcite":727,"minecraft:wheat_seeds":1085,"minecraft:water_bucket":892,"minecraft:birch_planks":1,"minecraft:yellow_shulker_box":25,"minecraft:fletching_table":1,"minecraft:gold_ore":1,"minecraft:comparator":2,"minecraft:rail":7,"minecraft:vine":52,"minecraft:crafting_table":81,"minecraft:tnt":1,"minecraft:white_bed":208,"minecraft:campfire":6,"minecraft:oak_log":46,"minecraft:amethyst_cluster":7,"minecraft:blue_stained_glass_pane":1,"minecraft:diamond_pickaxe":6861,"minecraft:oxeye_daisy":1,"minecraft:iron_pickaxe":8007,"minecraft:spruce_sapling":4,"minecraft:pink_bed":1,"minecraft:cobblestone":3955,"minecraft:potion":4,"minecraft:purple_bed":2,"minecraft:cooked_porkchop":199,"minecraft:glass_pane":2,"minecraft:kelp":135,"minecraft:dandelion":1,"minecraft:jukebox":6,"minecraft:candle":4,"minecraft:moss_carpet":4,"minecraft:iron_shovel":6746,"minecraft:light_gray_stained_glass_pane":1,"minecraft:bone_block":1,"minecraft:oak_sign":27,"minecraft:white_concrete_powder":2136,"minecraft:shield":278,"minecraft:iron_sword":2348,"minecraft:nether_wart":44,"minecraft:purple_shulker_box":19,"minecraft:player_head":47,"minecraft:grass":3,"minecraft:iron_chestplate":2,"minecraft:mutton":2,"minecraft:jungle_planks":1729,"minecraft:carrot":78,"minecraft:tuff":13,"minecraft:axolotl_bucket":4,"minecraft:milk_bucket":3,"minecraft:obsidian":13,"minecraft:big_dripleaf":6,"minecraft:glass":53,"minecraft:coal_ore":8,"minecraft:lantern":92,"minecraft:warped_nylium":1,"minecraft:iron_helmet":3,"minecraft:hopper_minecart":3,"minecraft:stone_bricks":522,"minecraft:item_frame":3,"minecraft:deepslate_diamond_ore":48,"minecraft:magma_block":107,"minecraft:scaffolding":2775,"minecraft:written_book":10,"minecraft:golden_boots":3,"minecraft:dark_oak_stairs":86,"minecraft:jungle_fence":125,"minecraft:oak_planks":15,"minecraft:ender_pearl":25,"minecraft:sandstone":5,"minecraft:redstone_block":1,"minecraft:sugar_cane":84,"minecraft:white_wool":3,"minecraft:loom":2,"minecraft:mushroom_stew":17,"minecraft:crossbow":17,"minecraft:dripstone_block":43,"minecraft:lingering_potion":1,"minecraft:shears":347,"minecraft:end_stone":1,"minecraft:sticky_piston":3,"minecraft:lever":1,"minecraft:black_concrete":48,"minecraft:firework_rocket":528,"minecraft:dark_oak_log":93,"minecraft:bread":567,"minecraft:melon_slice":95,"minecraft:deepslate":53,"minecraft:gravel":23,"minecraft:jungle_sign":18,"minecraft:chain":30,"minecraft:andesite":14,"minecraft:cooked_rabbit":2,"minecraft:smooth_stone_slab":2,"minecraft:white_concrete":2910,"minecraft:coarse_dirt":1,"minecraft:golden_pickaxe":26,"minecraft:azalea":2,"minecraft:trident":95,"minecraft:netherite_sword":5284,"minecraft:white_tulip":1,"minecraft:flint_and_steel":17,"minecraft:redstone":21,"minecraft:ender_chest":96,"minecraft:cooked_chicken":1224,"minecraft:oak_door":25,"minecraft:spyglass":300,"minecraft:dirt":6376,"minecraft:hopper":11,"minecraft:prismarine_bricks":20,"minecraft:cobblestone_wall":71,"minecraft:shulker_box":24,"minecraft:oak_wood":20,"minecraft:pink_carpet":3,"minecraft:granite":26,"minecraft:wooden_axe":37,"minecraft:iron_hoe":329,"minecraft:birch_door":2,"minecraft:dark_oak_planks":50,"minecraft:stone_brick_slab":1714,"minecraft:bookshelf":16,"minecraft:waxed_cut_copper":1280,"minecraft:iron_boots":2,"minecraft:golden_carrot":88,"minecraft:waxed_cut_copper_slab":377,"minecraft:soul_soil":2,"minecraft:netherite_pickaxe":96524,"minecraft:cooked_beef":349,"minecraft:iron_leggings":3,"minecraft:cooked_mutton":87,"minecraft:amethyst_block":7,"minecraft:iron_ore":1,"minecraft:cobblestone_stairs":55,"minecraft:glass_bottle":42,"minecraft:baked_potato":510,"minecraft:birch_boat":1,"minecraft:brown_mushroom":5,"minecraft:spruce_sign":4,"minecraft:stonecutter":8,"minecraft:cobblestone_slab":340,"minecraft:warped_roots":2,"minecraft:magenta_carpet":3,"minecraft:smoker":1,"minecraft:flower_pot":2,"minecraft:apple":10,"minecraft:netherite_axe":2618,"minecraft:jungle_stairs":23,"minecraft:stone_axe":94,"minecraft:fishing_rod":163,"minecraft:end_crystal":1,"minecraft:cyan_stained_glass_pane":5,"minecraft:jungle_door":2,"minecraft:bucket":908,"minecraft:splash_potion":2}},"DataVersion":3120}