{"stats":{"minecraft:broken":{"minecraft:wooden_shovel":4,"minecraft:stone_pickaxe":2,"minecraft:diamond_pickaxe":1,"minecraft:iron_sword":1,"minecraft:wooden_pickaxe":1,"minecraft:golden_axe":1,"minecraft:iron_pickaxe":4,"minecraft:golden_pickaxe":1},"minecraft:dropped":{"minecraft:iron_sword":1,"minecraft:moss_block":1,"minecraft:brown_mushroom":8,"minecraft:glow_ink_sac":3,"minecraft:ender_pearl":2,"minecraft:diamond":6,"minecraft:elytra":1,"minecraft:dirt":2,"minecraft:wooden_sword":1,"minecraft:end_crystal":6,"minecraft:gravel":74,"minecraft:stone_axe":1,"minecraft:diamond_block":26,"minecraft:iron_nugget":6,"minecraft:rotten_flesh":12,"minecraft:end_stone":64,"minecraft:white_bed":1,"minecraft:firework_rocket":49,"minecraft:golden_boots":1,"minecraft:stone_hoe":1,"minecraft:cobblestone":20,"minecraft:granite":3,"minecraft:end_rod":3,"minecraft:wooden_axe":1,"minecraft:brown_wool":1,"minecraft:diamond_helmet":1,"minecraft:jungle_boat":1,"minecraft:stone_sword":1,"minecraft:stone_shovel":1,"minecraft:big_dripleaf":1,"minecraft:oak_sapling":5,"minecraft:wooden_shovel":1,"minecraft:stone_pickaxe":2,"minecraft:wooden_pickaxe":1},"minecraft:mined":{"minecraft:jungle_slab":1,"minecraft:granite":138,"minecraft:cave_vines_plant":1,"minecraft:grass_block":12,"minecraft:soul_soil":6,"minecraft:raw_iron_block":1,"minecraft:cobbled_deepslate":19,"minecraft:iron_ore":27,"minecraft:fire":9,"minecraft:moss_carpet":4,"minecraft:deepslate_lapis_ore":15,"minecraft:cave_vines":3,"minecraft:azalea":9,"minecraft:deepslate_redstone_ore":67,"minecraft:brown_mushroom":48,"minecraft:blackstone":10,"minecraft:kelp_plant":1,"minecraft:crimson_nylium":3,"minecraft:smoker":1,"minecraft:soul_fire":3,"minecraft:clay":55,"minecraft:torch":5,"minecraft:blast_furnace":1,"minecraft:chest":1,"minecraft:nether_quartz_ore":13,"minecraft:cobblestone":8,"minecraft:oak_planks":38,"minecraft:wall_torch":9,"minecraft:deepslate_copper_ore":15,"minecraft:warped_nylium":3,"minecraft:nether_wart_block":3,"minecraft:birch_log":11,"minecraft:wheat":21,"minecraft:copper_block":15,"minecraft:grass":7,"minecraft:oak_log":54,"minecraft:beetroots":21,"minecraft:dirt":7,"minecraft:netherrack":174,"minecraft:oak_leaves":13,"minecraft:deepslate":5294,"minecraft:nether_gold_ore":7,"minecraft:tuff":656,"minecraft:deepslate_diamond_ore":154,"minecraft:oak_door":1,"minecraft:end_stone":396,"minecraft:shulker_box":32,"minecraft:glow_lichen":6,"minecraft:nether_bricks":1,"minecraft:crimson_roots":1,"minecraft:weeping_vines":1,"minecraft:kelp":1,"minecraft:red_mushroom":16,"minecraft:moss_block":29,"minecraft:spore_blossom":1,"minecraft:redstone_ore":4,"minecraft:furnace":6,"minecraft:carrots":21,"minecraft:nether_sprouts":1,"minecraft:andesite":12,"minecraft:nether_brick_fence":1,"minecraft:potatoes":21,"minecraft:deepslate_iron_ore":104,"minecraft:vine":1,"minecraft:stone":623,"minecraft:white_wool":1,"minecraft:redstone_wall_torch":1,"minecraft:flowering_azalea":11,"minecraft:magenta_stained_glass":2,"minecraft:soul_sand":2,"minecraft:basalt":47,"minecraft:crafting_table":14,"minecraft:copper_ore":148,"minecraft:tall_grass":8,"minecraft:deepslate_gold_ore":45,"minecraft:lapis_ore":11,"minecraft:diorite":56,"minecraft:big_dripleaf":1,"minecraft:warped_wart_block":6,"minecraft:sweet_berry_bush":6,"minecraft:coal_ore":290,"minecraft:mycelium":1,"minecraft:cocoa":2,"minecraft:end_rod":5,"minecraft:gravel":346,"minecraft:cobweb":4,"minecraft:gold_ore":4,"minecraft:crimson_fence":1,"minecraft:acacia_wall_sign":1,"minecraft:fern":1},"minecraft:picked_up":{"minecraft:shulker_shell":6,"minecraft:iron_chestplate":2,"minecraft:wheat":21,"minecraft:diamond_sword":4,"minecraft:string":39,"minecraft:soul_soil":6,"minecraft:raw_copper":755,"minecraft:red_candle":1,"minecraft:iron_leggings":2,"minecraft:pufferfish":2,"minecraft:beetroot":21,"minecraft:diamond_leggings":8,"minecraft:gold_nugget":19,"minecraft:cobbled_deepslate":6109,"minecraft:crimson_fence":1,"minecraft:spruce_planks":2,"minecraft:acacia_sign":1,"minecraft:redstone_torch":1,"minecraft:written_book":6,"minecraft:azalea":10,"minecraft:iron_boots":1,"minecraft:furnace":7,"minecraft:stick":5,"minecraft:big_dripleaf":8,"minecraft:torch":50,"minecraft:porkchop":18,"minecraft:diorite":34,"minecraft:end_crystal":10,"minecraft:rotten_flesh":72,"minecraft:tropical_fish":1,"minecraft:iron_block":63,"minecraft:end_rod":4,"minecraft:obsidian":20,"minecraft:cod":6,"minecraft:cobblestone":669,"minecraft:birch_log":11,"minecraft:leather_chestplate":1,"minecraft:feather":12,"minecraft:magma_cream":9,"minecraft:andesite":12,"minecraft:brown_wool":3,"minecraft:copper_block":16,"minecraft:potato":86,"minecraft:smoker":1,"minecraft:flint":33,"minecraft:tuff":809,"minecraft:lapis_lazuli":284,"minecraft:dirt":38,"minecraft:leather_boots":1,"minecraft:bone":8,"minecraft:wheat_seeds":61,"minecraft:raw_gold":49,"minecraft:diamond_helmet":9,"minecraft:moss_block":28,"minecraft:oak_planks":38,"minecraft:cooked_porkchop":106,"minecraft:warped_wart_block":4,"minecraft:ink_sac":38,"minecraft:diamond_block":25,"minecraft:jungle_slab":1,"minecraft:shulker_box":51,"minecraft:spruce_fence_gate":1,"minecraft:diamond":271,"minecraft:spruce_boat":14,"minecraft:granite":130,"minecraft:emerald":15,"minecraft:oak_sapling":13,"minecraft:netherrack":245,"minecraft:chorus_fruit":7,"minecraft:diamond_pickaxe":5,"minecraft:cocoa_beans":6,"minecraft:crafting_table":15,"minecraft:chicken":4,"minecraft:ladder":2,"minecraft:clay_ball":188,"minecraft:brown_mushroom":54,"minecraft:dragon_head":1,"minecraft:moss_carpet":9,"minecraft:elytra":8,"minecraft:beef":12,"minecraft:player_head":1,"minecraft:minecart":1,"minecraft:chest":2,"minecraft:phantom_membrane":3,"minecraft:egg":12,"minecraft:raw_iron":139,"minecraft:end_stone":421,"minecraft:oak_door":1,"minecraft:spruce_fence":1,"minecraft:carrot":321,"minecraft:redstone":318,"minecraft:prismarine_crystals":23,"minecraft:jungle_sign":1,"minecraft:diamond_chestplate":7,"minecraft:arrow":6,"minecraft:beetroot_seeds":50,"minecraft:diamond_boots":7,"minecraft:gold_ingot":15,"minecraft:glow_berries":20,"minecraft:mutton":13,"minecraft:white_wool":5,"minecraft:jungle_boat":6,"minecraft:basalt":44,"minecraft:golden_carrot":23,"minecraft:glow_ink_sac":7,"minecraft:leather":13,"minecraft:red_mushroom":45,"minecraft:purpur_stairs":1,"minecraft:oak_log":54,"minecraft:golden_boots":1,"minecraft:nether_wart_block":1,"minecraft:gunpowder":7,"minecraft:cooked_mutton":5,"minecraft:kelp":12,"minecraft:iron_ingot":700,"minecraft:cooked_chicken":14,"minecraft:soul_sand":6,"minecraft:flowering_azalea":11,"minecraft:iron_sword":8,"minecraft:sweet_berries":48,"minecraft:raw_iron_block":1,"minecraft:gravel":437,"minecraft:blast_furnace":1,"minecraft:white_bed":1,"minecraft:dragon_egg":1,"minecraft:spider_eye":7,"minecraft:firework_rocket":181,"minecraft:diamond_shovel":7,"minecraft:iron_helmet":5,"minecraft:gray_wool":3,"minecraft:black_wool":1,"minecraft:baked_potato":240,"minecraft:coal":328,"minecraft:ender_pearl":50},"minecraft:used":{"minecraft:moss_block":6,"minecraft:elytra":1,"minecraft:oak_sign":2,"minecraft:chest":3,"minecraft:stone":22,"minecraft:iron_sword":344,"minecraft:rotten_flesh":1,"minecraft:iron_chestplate":3,"minecraft:carrot":81,"minecraft:jungle_slab":1,"minecraft:tuff":126,"minecraft:spruce_boat":14,"minecraft:iron_helmet":3,"minecraft:golden_sword":2,"minecraft:bow":6,"minecraft:written_book":2,"minecraft:sweet_berries":46,"minecraft:furnace":7,"minecraft:cooked_cod":6,"minecraft:beetroot_seeds":21,"minecraft:egg":9,"minecraft:potato":35,"minecraft:end_rod":1,"minecraft:diamond_boots":2,"minecraft:oak_planks":2,"minecraft:chorus_fruit":1,"minecraft:stone_pickaxe":561,"minecraft:ender_pearl":88,"minecraft:wooden_pickaxe":159,"minecraft:clay":23,"minecraft:jungle_boat":4,"minecraft:glow_berries":17,"minecraft:mushroom_stew":14,"minecraft:blast_furnace":3,"minecraft:crossbow":9,"minecraft:end_stone":329,"minecraft:cobbled_deepslate_stairs":4,"minecraft:lightning_rod":5,"minecraft:redstone_torch":1,"minecraft:firework_rocket":75,"minecraft:bread":3,"minecraft:gravel":53,"minecraft:diamond_sword":23,"minecraft:nether_wart_block":1,"minecraft:wooden_sword":30,"minecraft:andesite":1,"minecraft:golden_pickaxe":43,"minecraft:azalea":1,"minecraft:crimson_fence":1,"minecraft:stone_sword":9,"minecraft:granite_stairs":4,"minecraft:stone_shovel":5,"minecraft:wooden_shovel":255,"minecraft:cooked_chicken":8,"minecraft:netherrack":48,"minecraft:oak_door":4,"minecraft:torch":111,"minecraft:dragon_egg":1,"minecraft:dirt":33,"minecraft:diamond_helmet":5,"minecraft:shulker_box":23,"minecraft:granite":11,"minecraft:wooden_axe":8,"minecraft:iron_axe":2,"minecraft:iron_boots":1,"minecraft:diamond_chestplate":4,"minecraft:basalt":37,"minecraft:golden_carrot":15,"minecraft:beef":5,"minecraft:minecart":1,"minecraft:cooked_beef":2,"minecraft:cobbled_deepslate":298,"minecraft:golden_axe":32,"minecraft:iron_leggings":3,"minecraft:wheat_seeds":21,"minecraft:cooked_mutton":5,"minecraft:baked_potato":35,"minecraft:copper_block":29,"minecraft:spruce_sign":1,"minecraft:crafting_table":16,"minecraft:campfire":2,"minecraft:white_bed":2,"minecraft:smoker":2,"minecraft:oak_log":2,"minecraft:diamond_pickaxe":6384,"minecraft:apple":2,"minecraft:diamond_shovel":54,"minecraft:chicken":1,"minecraft:iron_pickaxe":1393,"minecraft:map":1,"minecraft:stone_axe":3,"minecraft:fishing_rod":11,"minecraft:cobblestone":88,"minecraft:end_crystal":4,"minecraft:porkchop":4,"minecraft:cooked_porkchop":59,"minecraft:bucket":2,"minecraft:splash_potion":2,"minecraft:diamond_leggings":5},"minecraft:custom":{"minecraft:interact_with_crafting_table":130,"minecraft:open_barrel":58,"minecraft:open_shulker_box":74,"minecraft:eat_cake_slice":7,"minecraft:leave_game":25,"minecraft:time_since_death":47392,"minecraft:sprint_one_cm":3106993,"minecraft:drop":84,"minecraft:talked_to_villager":30,"minecraft:play_time":1448453,"minecraft:deaths":21,"minecraft:jump":24647,"minecraft:walk_on_water_one_cm":175011,"minecraft:enchant_item":1,"minecraft:interact_with_furnace":93,"minecraft:traded_with_villager":1,"minecraft:sleep_in_bed":2,"minecraft:open_enderchest":36,"minecraft:damage_dealt":19832,"minecraft:crouch_one_cm":110018,"minecraft:interact_with_smoker":20,"minecraft:inspect_dropper":20,"minecraft:mob_kills":2686,"minecraft:interact_with_anvil":1,"minecraft:climb_one_cm":143208,"minecraft:walk_one_cm":5002222,"minecraft:sneak_time":34072,"minecraft:walk_under_water_one_cm":303352,"minecraft:boat_one_cm":546723,"minecraft:interact_with_lectern":10,"minecraft:interact_with_blast_furnace":37,"minecraft:total_world_time":1448453,"minecraft:interact_with_grindstone":3,"minecraft:time_since_rest":47412,"minecraft:damage_taken":13229,"minecraft:minecart_one_cm":48333,"minecraft:swim_one_cm":176483,"minecraft:fly_one_cm":5340931,"minecraft:open_chest":314,"minecraft:aviate_one_cm":4712420,"minecraft:fish_caught":8,"minecraft:fall_one_cm":491280},"minecraft:killed_by":{"minecraft:creeper":2,"minecraft:drowned":1,"minecraft:spider":1,"minecraft:enderman":2,"minecraft:skeleton":7},"minecraft:killed":{"minecraft:spider":5,"minecraft:shulker":3,"minecraft:skeleton":6,"minecraft:chicken":7,"minecraft:axolotl":1,"minecraft:silverfish":1,"minecraft:skeleton_horse":3,"minecraft:pig":3,"minecraft:ender_dragon":1,"minecraft:creeper":2,"minecraft:sheep":10,"minecraft:zombie":21,"minecraft:mooshroom":3,"minecraft:cow":3,"minecraft:slime":1,"minecraft:bat":1,"minecraft:hoglin":1,"minecraft:enderman":78},"minecraft:crafted":{"minecraft:smooth_stone":10,"minecraft:oak_planks":168,"minecraft:oak_sign":3,"minecraft:cooked_chicken":3,"minecraft:lightning_rod":5,"minecraft:stone":32,"minecraft:shulker_box":4,"minecraft:cooked_mutton":6,"minecraft:bow":2,"minecraft:iron_boots":4,"minecraft:chest":2,"minecraft:copper_block":19,"minecraft:stone_hoe":1,"minecraft:golden_sword":1,"minecraft:granite_stairs":8,"minecraft:smoker":1,"minecraft:golden_axe":1,"minecraft:wooden_shovel":7,"minecraft:arrow":16,"minecraft:emerald":1,"minecraft:cooked_porkchop":1,"minecraft:crafting_table":7,"minecraft:wooden_pickaxe":7,"minecraft:iron_helmet":3,"minecraft:golden_pickaxe":2,"minecraft:copper_ingot":187,"minecraft:birch_planks":44,"minecraft:campfire":2,"minecraft:iron_chestplate":3,"minecraft:diamond_pickaxe":1,"minecraft:stick":184,"minecraft:iron_ingot":178,"minecraft:iron_pickaxe":8,"minecraft:stone_sword":2,"minecraft:gold_ingot":14,"minecraft:shears":1,"minecraft:wooden_sword":3,"minecraft:oak_door":3,"minecraft:raw_iron":9,"minecraft:stone_shovel":1,"minecraft:fishing_rod":1,"minecraft:iron_nugget":2,"minecraft:furnace":9,"minecraft:blast_furnace":2,"minecraft:mushroom_stew":22,"minecraft:diamond_block":28,"minecraft:diamond":36,"minecraft:iron_axe":2,"minecraft:iron_hoe":2,"minecraft:stone_pickaxe":16,"minecraft:cobbled_deepslate_stairs":4,"minecraft:cooked_beef":4,"minecraft:cooked_cod":6,"minecraft:diamond_sword":1,"minecraft:iron_sword":3,"minecraft:bowl":12,"minecraft:bucket":2,"minecraft:stone_axe":2,"minecraft:bread":3,"minecraft:air":0,"minecraft:white_wool":3,"minecraft:wooden_axe":3,"minecraft:iron_shovel":2,"minecraft:iron_leggings":3,"minecraft:white_bed":2,"minecraft:torch":84,"minecraft:clay":23,"minecraft:lapis_block":9}},"DataVersion":2975}