{"stats":{"minecraft:mined":{"minecraft:spruce_log":4,"minecraft:crafting_table":1,"minecraft:spruce_leaves":4,"minecraft:blue_bed":1},"minecraft:crafted":{"minecraft:crafting_table":1,"minecraft:spruce_planks":16,"minecraft:stick":4,"minecraft:wooden_axe":1,"minecraft:spruce_boat":1},"minecraft:killed_by":{"minecraft:wolf":1},"minecraft:custom":{"minecraft:time_since_rest":34285,"minecraft:sprint_one_cm":80586,"minecraft:open_enderchest":6,"minecraft:damage_taken":1083,"minecraft:walk_one_cm":82366,"minecraft:drop":3,"minecraft:damage_dealt":48,"minecraft:swim_one_cm":37098,"minecraft:interact_with_crafting_table":4,"minecraft:fly_one_cm":153302,"minecraft:open_barrel":3,"minecraft:open_chest":9,"minecraft:crouch_one_cm":118,"minecraft:play_time":47402,"minecraft:deaths":3,"minecraft:sneak_time":106,"minecraft:walk_under_water_one_cm":3746,"minecraft:boat_one_cm":217524,"minecraft:jump":583,"minecraft:leave_game":7,"minecraft:walk_on_water_one_cm":4191,"minecraft:time_since_death":34265,"minecraft:sleep_in_bed":1,"minecraft:climb_one_cm":3041,"minecraft:total_world_time":47402,"minecraft:fall_one_cm":19337},"minecraft:picked_up":{"minecraft:wooden_axe":1,"minecraft:stick":1,"minecraft:crafting_table":1,"minecraft:cooked_beef":9,"minecraft:sweet_berries":24,"minecraft:diamond_sword":1,"minecraft:filled_map":4,"minecraft:spruce_log":4,"minecraft:goat_horn":1,"minecraft:dirt":6,"minecraft:blue_bed":1,"minecraft:arrow":28,"minecraft:oak_sign":1,"minecraft:diamond":1,"minecraft:spruce_boat":5,"minecraft:player_head":1,"minecraft:diamond_helmet":1,"minecraft:ender_pearl":5},"minecraft:dropped":{"minecraft:player_head":1,"minecraft:written_book":1,"minecraft:oak_sign":1},"minecraft:used":{"minecraft:spruce_boat":6,"minecraft:wooden_axe":1,"minecraft:writable_book":2,"minecraft:oak_sign":1,"minecraft:ender_pearl":1,"minecraft:diamond_sword":2,"minecraft:sweet_berries":4,"minecraft:crafting_table":1,"minecraft:cooked_beef":3}},"DataVersion":3120}