{"stats":{"minecraft:broken":{"minecraft:iron_shovel":1},"minecraft:mined":{"minecraft:deepslate_tiles":1,"minecraft:spruce_planks":1,"minecraft:jungle_slab":21,"minecraft:jungle_leaves":20,"minecraft:granite":2,"minecraft:grass_block":14,"minecraft:jungle_planks":24,"minecraft:jungle_log":119,"minecraft:sandstone":248,"minecraft:tall_seagrass":1,"minecraft:furnace":7,"minecraft:iron_ore":77,"minecraft:fire":13,"minecraft:andesite":4,"minecraft:vine":39,"minecraft:stone":182,"minecraft:crafting_table":19,"minecraft:melon":33,"minecraft:cobblestone":9,"minecraft:lapis_ore":8,"minecraft:sugar_cane":9,"minecraft:wall_torch":1,"minecraft:birch_log":6,"minecraft:sweet_berry_bush":12,"minecraft:spruce_log":11,"minecraft:grass":9,"minecraft:oak_log":3,"minecraft:coal_ore":47,"minecraft:sand":386,"minecraft:gravel":17,"minecraft:dirt":16,"minecraft:oak_leaves":122,"minecraft:fern":4},"minecraft:used":{"minecraft:stone_sword":64,"minecraft:iron_shovel":309,"minecraft:flint_and_steel":13,"minecraft:stone_shovel":117,"minecraft:oak_sign":1,"minecraft:spruce_planks":1,"minecraft:chest":14,"minecraft:shield":22,"minecraft:stone":12,"minecraft:iron_sword":63,"minecraft:cooked_chicken":8,"minecraft:torch":9,"minecraft:dirt":25,"minecraft:jungle_planks":131,"minecraft:jungle_slab":62,"minecraft:granite":2,"minecraft:spruce_boat":4,"minecraft:iron_axe":95,"minecraft:jungle_log":29,"minecraft:iron_helmet":1,"minecraft:barrel":5,"minecraft:sweet_berries":28,"minecraft:furnace":11,"minecraft:cooked_cod":2,"minecraft:cooked_beef":1,"minecraft:iron_leggings":1,"minecraft:golden_boots":1,"minecraft:water_bucket":27,"minecraft:leather_leggings":1,"minecraft:stone_pickaxe":96,"minecraft:wooden_pickaxe":17,"minecraft:sandstone":73,"minecraft:jungle_boat":3,"minecraft:sand":342,"minecraft:vine":4,"minecraft:crafting_table":19,"minecraft:white_bed":1,"minecraft:shears":9,"minecraft:smoker":4,"minecraft:spruce_log":2,"minecraft:deepslate_tiles":1,"minecraft:melon_slice":101,"minecraft:iron_pickaxe":475,"minecraft:jungle_stairs":22,"minecraft:gravel":13,"minecraft:stone_axe":162,"minecraft:cobblestone":48,"minecraft:andesite":4,"minecraft:bucket":28},"minecraft:custom":{"minecraft:mob_kills":52,"minecraft:interact_with_crafting_table":47,"minecraft:leave_game":6,"minecraft:time_since_death":205304,"minecraft:climb_one_cm":8636,"minecraft:sprint_one_cm":370142,"minecraft:walk_one_cm":387222,"minecraft:damage_blocked_by_shield":1225,"minecraft:drop":33,"minecraft:play_time":205304,"minecraft:sneak_time":11846,"minecraft:walk_under_water_one_cm":76416,"minecraft:boat_one_cm":710817,"minecraft:jump":3352,"minecraft:walk_on_water_one_cm":70821,"minecraft:total_world_time":205304,"minecraft:interact_with_furnace":48,"minecraft:time_since_rest":205304,"minecraft:damage_taken":1892,"minecraft:damage_dealt":7305,"minecraft:fly_one_cm":567170,"minecraft:swim_one_cm":226649,"minecraft:open_chest":34,"minecraft:crouch_one_cm":27764,"minecraft:interact_with_smoker":1,"minecraft:fall_one_cm":78251},"minecraft:crafted":{"minecraft:oak_planks":16,"minecraft:stone_shovel":1,"minecraft:barrel":5,"minecraft:cooked_chicken":4,"minecraft:furnace":8,"minecraft:stone":12,"minecraft:flint_and_steel":1,"minecraft:iron_boots":1,"minecraft:iron_axe":1,"minecraft:stone_pickaxe":1,"minecraft:chest":14,"minecraft:spruce_boat":1,"minecraft:jungle_stairs":24,"minecraft:smoker":4,"minecraft:cooked_cod":2,"minecraft:crafting_table":1,"minecraft:spruce_planks":36,"minecraft:jungle_boat":1,"minecraft:wooden_pickaxe":1,"minecraft:iron_helmet":1,"minecraft:iron_sword":1,"minecraft:bucket":1,"minecraft:birch_planks":24,"minecraft:stone_axe":3,"minecraft:jungle_slab":60,"minecraft:air":0,"minecraft:jungle_planks":296,"minecraft:iron_chestplate":1,"minecraft:shield":1,"minecraft:stick":28,"minecraft:iron_ingot":77,"minecraft:iron_pickaxe":3,"minecraft:iron_leggings":1,"minecraft:stone_sword":1,"minecraft:iron_shovel":2,"minecraft:gold_ingot":2,"minecraft:white_bed":1,"minecraft:torch":8,"minecraft:shears":1},"minecraft:killed":{"minecraft:spider":8,"minecraft:cod":2,"minecraft:skeleton":8,"minecraft:chicken":8,"minecraft:drowned":4,"minecraft:tropical_fish":1,"minecraft:creeper":4,"minecraft:sheep":2,"minecraft:zombie":12,"minecraft:cow":3},"minecraft:picked_up":{"minecraft:crafting_table":19,"minecraft:chicken":4,"minecraft:string":1,"minecraft:deepslate_tiles":1,"minecraft:spruce_planks":1,"minecraft:jungle_sapling":1,"minecraft:melon_slice":145,"minecraft:sugar_cane":22,"minecraft:furnace":7,"minecraft:stick":7,"minecraft:raw_iron":75,"minecraft:sandstone":249,"minecraft:copper_ingot":1,"minecraft:torch":1,"minecraft:vine":9,"minecraft:arrow":2,"minecraft:rotten_flesh":14,"minecraft:stone_shovel":1,"minecraft:tropical_fish":1,"minecraft:cod":2,"minecraft:white_wool":4,"minecraft:cobblestone":191,"minecraft:birch_log":6,"minecraft:feather":9,"minecraft:jungle_boat":2,"minecraft:cooked_beef":5,"minecraft:glow_ink_sac":2,"minecraft:jungle_log":119,"minecraft:andesite":9,"minecraft:leather":1,"minecraft:flint":1,"minecraft:oak_log":4,"minecraft:gunpowder":4,"minecraft:lapis_lazuli":53,"minecraft:dirt":41,"minecraft:cooked_mutton":3,"minecraft:bone":2,"minecraft:wheat_seeds":1,"minecraft:iron_ingot":2,"minecraft:cooked_chicken":4,"minecraft:sweet_berries":28,"minecraft:gravel":13,"minecraft:jungle_planks":24,"minecraft:sand":414,"minecraft:spruce_log":11,"minecraft:jungle_slab":28,"minecraft:spider_eye":1,"minecraft:spruce_boat":3,"minecraft:granite":2,"minecraft:bone_meal":1,"minecraft:oak_sapling":10,"minecraft:coal":49},"minecraft:dropped":{"minecraft:golden_boots":1,"minecraft:iron_ingot":2,"minecraft:wheat_seeds":1,"minecraft:golden_helmet":1,"minecraft:glow_ink_sac":2,"minecraft:feather":9,"minecraft:copper_ingot":1,"minecraft:tropical_fish":1,"minecraft:stick":1,"minecraft:jungle_slab":7,"minecraft:bone_meal":1,"minecraft:sand":1,"minecraft:string":1,"minecraft:bone":2,"minecraft:stone_axe":1,"minecraft:stone_sword":1,"minecraft:stone_shovel":2,"minecraft:rotten_flesh":8,"minecraft:filled_map":1,"minecraft:gunpowder":2,"minecraft:andesite":5,"minecraft:leather_leggings":1,"minecraft:spider_eye":1,"minecraft:arrow":2,"minecraft:stone_pickaxe":1}},"DataVersion":2865}