{"stats":{"minecraft:crafted":{"minecraft:snow":6,"minecraft:shulker_box":3,"minecraft:cooked_mutton":2,"minecraft:golden_boots":2,"minecraft:wooden_shovel":1,"minecraft:crafting_table":4,"minecraft:spruce_planks":56,"minecraft:wooden_pickaxe":2,"minecraft:spruce_door":3,"minecraft:golden_pickaxe":1,"minecraft:stick":20,"minecraft:iron_ingot":42,"minecraft:iron_pickaxe":1,"minecraft:stone_sword":1,"minecraft:snow_block":3,"minecraft:gold_ingot":24,"minecraft:wooden_sword":1,"minecraft:golden_chestplate":2,"minecraft:furnace":1,"minecraft:flint_and_steel":1,"minecraft:stone_pickaxe":1,"minecraft:spruce_boat":1,"minecraft:cooked_cod":4,"minecraft:diamond_sword":1,"minecraft:cooked_salmon":7,"minecraft:bucket":1,"minecraft:bread":2,"minecraft:air":0,"minecraft:wooden_axe":1},"minecraft:killed_by":{"minecraft:polar_bear":1,"minecraft:player":23},"minecraft:custom":{"minecraft:interact_with_crafting_table":19,"minecraft:open_barrel":3,"minecraft:open_shulker_box":284,"minecraft:bell_ring":66,"minecraft:leave_game":19,"minecraft:time_since_death":27955,"minecraft:sprint_one_cm":1359144,"minecraft:drop":115,"minecraft:play_time":483439,"minecraft:deaths":34,"minecraft:jump":13118,"minecraft:walk_on_water_one_cm":63057,"minecraft:interact_with_furnace":28,"minecraft:sleep_in_bed":1,"minecraft:open_enderchest":33,"minecraft:damage_dealt":15453,"minecraft:player_kills":14,"minecraft:crouch_one_cm":35178,"minecraft:horse_one_cm":709,"minecraft:mob_kills":71,"minecraft:climb_one_cm":13237,"minecraft:walk_one_cm":542183,"minecraft:sneak_time":22000,"minecraft:walk_under_water_one_cm":74527,"minecraft:boat_one_cm":851545,"minecraft:total_world_time":483439,"minecraft:time_since_rest":27975,"minecraft:damage_taken":25614,"minecraft:damage_absorbed":40,"minecraft:swim_one_cm":664145,"minecraft:fly_one_cm":3800451,"minecraft:open_chest":69,"minecraft:aviate_one_cm":3262702,"minecraft:fish_caught":11,"minecraft:fall_one_cm":451996},"minecraft:picked_up":{"minecraft:wooden_axe":1,"minecraft:wheat":36,"minecraft:diamond_sword":23,"minecraft:potion":1,"minecraft:string":5,"minecraft:pufferfish":1,"minecraft:pink_shulker_box":1,"minecraft:diamond_leggings":2,"minecraft:cobbled_deepslate":203,"minecraft:bucket":1,"minecraft:rose_bush":32,"minecraft:iron_pickaxe":10,"minecraft:melon_slice":17,"minecraft:furnace":4,"minecraft:golden_helmet":1,"minecraft:stick":29,"minecraft:torch":5,"minecraft:porkchop":3,"minecraft:golden_chestplate":10,"minecraft:rotten_flesh":7,"minecraft:tropical_fish":2,"minecraft:end_rod":1,"minecraft:obsidian":36,"minecraft:snowball":25,"minecraft:cod":7,"minecraft:cobblestone":43,"minecraft:nautilus_shell":1,"minecraft:magma_block":1,"minecraft:cooked_beef":13,"minecraft:water_bucket":1,"minecraft:golden_leggings":6,"minecraft:flint":33,"minecraft:tuff":24,"minecraft:lapis_lazuli":9,"minecraft:dirt":4,"minecraft:bone":8,"minecraft:raw_gold":6,"minecraft:bell":2,"minecraft:diamond_helmet":3,"minecraft:bamboo":38,"minecraft:oak_planks":49,"minecraft:sand":2,"minecraft:ink_sac":16,"minecraft:grass_block":1,"minecraft:lily_of_the_valley":18,"minecraft:shulker_box":2,"minecraft:spectral_arrow":1,"minecraft:deepslate":111,"minecraft:diamond":8,"minecraft:slime_block":112,"minecraft:spruce_boat":14,"minecraft:writable_book":1,"minecraft:granite":6,"minecraft:netherrack":137,"minecraft:crafting_table":7,"minecraft:azure_bluet":84,"minecraft:golden_pickaxe":5,"minecraft:brown_mushroom":1,"minecraft:gold_block":2,"minecraft:cornflower":174,"minecraft:elytra":7,"minecraft:flint_and_steel":11,"minecraft:snow":3,"minecraft:beef":1,"minecraft:oak_boat":2,"minecraft:player_head":61,"minecraft:poppy":128,"minecraft:chest":3,"minecraft:sugar_cane":32,"minecraft:egg":27,"minecraft:raw_iron":42,"minecraft:sandstone":7,"minecraft:polished_blackstone_bricks":1,"minecraft:redstone":37,"minecraft:dark_oak_planks":51,"minecraft:arrow":6,"minecraft:peony":26,"minecraft:totem_of_undying":1,"minecraft:gold_ingot":128,"minecraft:mutton":11,"minecraft:white_wool":9,"minecraft:oxeye_daisy":18,"minecraft:netherite_boots":1,"minecraft:basalt":44,"minecraft:golden_carrot":379,"minecraft:glow_ink_sac":9,"minecraft:salmon":8,"minecraft:leather":19,"minecraft:filled_map":13,"minecraft:golden_boots":9,"minecraft:gunpowder":2,"minecraft:cooked_mutton":5,"minecraft:kelp":8,"minecraft:rabbit_hide":1,"minecraft:soul_sand":40,"minecraft:scaffolding":112,"minecraft:oak_slab":17,"minecraft:pumpkin":19,"minecraft:sweet_berries":38,"minecraft:dandelion":42,"minecraft:gravel":156,"minecraft:spruce_sapling":1,"minecraft:spruce_log":16,"minecraft:spruce_door":12,"minecraft:firework_rocket":57,"minecraft:red_stained_glass":24,"minecraft:purple_glazed_terracotta":130,"minecraft:coal":37,"minecraft:ender_pearl":7},"minecraft:mined":{"minecraft:granite":6,"minecraft:grass_block":2,"minecraft:oxeye_daisy":9,"minecraft:tall_seagrass":12,"minecraft:magma_block":1,"minecraft:iron_ore":32,"minecraft:cobbled_deepslate":4,"minecraft:fire":32,"minecraft:pumpkin":19,"minecraft:azure_bluet":43,"minecraft:dirt_path":2,"minecraft:deepslate_redstone_ore":4,"minecraft:brown_mushroom":2,"minecraft:kelp_plant":1,"minecraft:player_wall_head":1,"minecraft:crimson_nylium":1,"minecraft:poppy":79,"minecraft:melon":3,"minecraft:dead_bush":1,"minecraft:cobblestone":4,"minecraft:slime_block":64,"minecraft:sugar_cane":16,"minecraft:seagrass":1,"minecraft:grass":67,"minecraft:sand":13,"minecraft:netherrack":75,"minecraft:oak_leaves":1,"minecraft:deepslate":147,"minecraft:purple_glazed_terracotta":59,"minecraft:tuff":24,"minecraft:deepslate_diamond_ore":8,"minecraft:spruce_leaves":4,"minecraft:kelp":4,"minecraft:sandstone":8,"minecraft:furnace":4,"minecraft:snow":25,"minecraft:andesite":1,"minecraft:gold_block":2,"minecraft:peony":20,"minecraft:deepslate_iron_ore":11,"minecraft:bamboo":3,"minecraft:stone":40,"minecraft:white_wool":1,"minecraft:scaffolding":3,"minecraft:soul_sand":5,"minecraft:lily_of_the_valley":9,"minecraft:basalt":16,"minecraft:spruce_door":2,"minecraft:dandelion":21,"minecraft:crafting_table":6,"minecraft:cornflower":59,"minecraft:rose_bush":17,"minecraft:tall_grass":7,"minecraft:lapis_ore":1,"minecraft:deepslate_gold_ore":6,"minecraft:diorite":1,"minecraft:sweet_berry_bush":6,"minecraft:purple_stained_glass":1,"minecraft:ice":1,"minecraft:white_carpet":2,"minecraft:spruce_log":16,"minecraft:birch_leaves":2,"minecraft:gravel":19,"minecraft:gold_ore":1},"minecraft:broken":{"minecraft:golden_helmet":1,"minecraft:golden_boots":2,"minecraft:golden_leggings":2,"minecraft:wooden_axe":1,"minecraft:golden_chestplate":2,"minecraft:wooden_pickaxe":2,"minecraft:iron_pickaxe":1,"minecraft:golden_pickaxe":1},"minecraft:dropped":{"minecraft:brown_mushroom":1,"minecraft:lapis_lazuli":9,"minecraft:purple_glazed_terracotta":40,"minecraft:crafting_table":1,"minecraft:cod":3,"minecraft:flint":2,"minecraft:dirt":1,"minecraft:cornflower":117,"minecraft:mutton":9,"minecraft:netherite_boots":1,"minecraft:snowball":11,"minecraft:writable_book":1,"minecraft:sand":1,"minecraft:dark_oak_planks":3,"minecraft:gravel":2,"minecraft:cobbled_deepslate":2,"minecraft:obsidian":11,"minecraft:rotten_flesh":2,"minecraft:oak_planks":6,"minecraft:azure_bluet":42,"minecraft:salmon":1,"minecraft:poppy":64,"minecraft:rabbit_hide":1,"minecraft:gunpowder":1,"minecraft:basalt":1,"minecraft:beef":1,"minecraft:scaffolding":41,"minecraft:netherrack":12,"minecraft:water_bucket":1,"minecraft:oak_slab":2,"minecraft:diamond_leggings":1,"minecraft:cobblestone":6,"minecraft:granite":6,"minecraft:red_stained_glass":12,"minecraft:spruce_door":3,"minecraft:tropical_fish":1,"minecraft:stick":4,"minecraft:oxeye_daisy":9,"minecraft:golden_carrot":46,"minecraft:torch":1,"minecraft:rose_bush":16,"minecraft:diamond_helmet":2,"minecraft:dandelion":21,"minecraft:redstone":19,"minecraft:furnace":1,"minecraft:kelp":8,"minecraft:player_head":23,"minecraft:stone_sword":1,"minecraft:tuff":24,"minecraft:slime_block":18,"minecraft:totem_of_undying":1,"minecraft:shulker_box":4,"minecraft:lily_of_the_valley":9,"minecraft:filled_map":3,"minecraft:diamond_sword":2,"minecraft:snow":6,"minecraft:peony":13,"minecraft:spruce_planks":7,"minecraft:pink_shulker_box":1,"minecraft:wooden_shovel":1,"minecraft:sandstone":7,"minecraft:stone_pickaxe":1,"minecraft:bell":2,"minecraft:nautilus_shell":1},"minecraft:killed":{"minecraft:spider":4,"minecraft:skeleton":5,"minecraft:chicken":1,"minecraft:pig":3,"minecraft:creeper":1,"minecraft:sheep":9,"minecraft:zombie":12,"minecraft:glow_squid":5,"minecraft:cow":12,"minecraft:phantom":2,"minecraft:drowned":6,"minecraft:rabbit":1,"minecraft:bat":1,"minecraft:squid":6,"minecraft:enderman":2},"minecraft:used":{"minecraft:elytra":4,"minecraft:player_head":7,"minecraft:rotten_flesh":39,"minecraft:soul_sand":9,"minecraft:snowball":2,"minecraft:spruce_boat":15,"minecraft:lava_bucket":2,"minecraft:grass_block":1,"minecraft:snow":3,"minecraft:magma_block":1,"minecraft:scaffolding":26,"minecraft:sweet_berries":38,"minecraft:furnace":4,"minecraft:cooked_cod":6,"minecraft:egg":27,"minecraft:golden_boots":4,"minecraft:end_rod":1,"minecraft:spruce_door":12,"minecraft:stone_pickaxe":93,"minecraft:ender_pearl":4,"minecraft:wooden_pickaxe":106,"minecraft:white_wool":1,"minecraft:golden_apple":1,"minecraft:sand":1,"minecraft:firework_rocket":24,"minecraft:melon_slice":17,"minecraft:bread":2,"minecraft:deepslate":71,"minecraft:gravel":31,"minecraft:pufferfish":1,"minecraft:diamond_sword":116,"minecraft:wooden_sword":9,"minecraft:ice":1,"minecraft:oak_boat":2,"minecraft:golden_pickaxe":34,"minecraft:stone_sword":67,"minecraft:flint_and_steel":44,"minecraft:tropical_fish":1,"minecraft:wooden_shovel":39,"minecraft:cooked_salmon":9,"minecraft:netherrack":58,"minecraft:dirt":2,"minecraft:cod_bucket":1,"minecraft:shulker_box":1,"minecraft:golden_chestplate":5,"minecraft:wooden_axe":36,"minecraft:slime_block":71,"minecraft:basalt":14,"minecraft:golden_carrot":134,"minecraft:cooked_beef":13,"minecraft:cobbled_deepslate":53,"minecraft:cooked_mutton":2,"minecraft:water_bucket":10,"minecraft:purple_glazed_terracotta":71,"minecraft:polished_blackstone_bricks":1,"minecraft:crafting_table":9,"minecraft:spruce_log":2,"minecraft:iron_pickaxe":249,"minecraft:golden_leggings":5,"minecraft:fishing_rod":149,"minecraft:cobblestone":34,"minecraft:porkchop":3,"minecraft:bucket":13}},"DataVersion":2975}