{"stats":{"minecraft:used":{"minecraft:trident":14,"minecraft:moss_carpet":2,"minecraft:red_concrete":10,"minecraft:spruce_slab":198,"minecraft:chest":1,"minecraft:white_concrete_powder":8,"minecraft:spruce_planks":1108,"minecraft:stone":664,"minecraft:player_head":1,"minecraft:cooked_chicken":32,"minecraft:rotten_flesh":5,"minecraft:spruce_leaves":190,"minecraft:dirt":1178,"minecraft:spruce_stairs":782,"minecraft:stone_stairs":256,"minecraft:cobblestone_wall":42,"minecraft:carrot":10,"minecraft:shulker_box":1,"minecraft:spruce_fence":3,"minecraft:spruce_boat":1,"minecraft:stone_brick_slab":127,"minecraft:netherite_shovel":7,"minecraft:lantern":34,"minecraft:grass_block":114,"minecraft:stone_brick_stairs":101,"minecraft:stone_bricks":1136,"minecraft:golden_carrot":29,"minecraft:sweet_berries":5,"minecraft:water_bucket":3,"minecraft:baked_potato":6,"minecraft:oak_planks":3,"minecraft:birch_boat":1,"minecraft:diamond_axe":1280,"minecraft:white_wool":621,"minecraft:vine":98,"minecraft:crafting_table":13,"minecraft:gray_concrete":31,"minecraft:shears":217,"minecraft:spruce_log":633,"minecraft:diamond_pickaxe":556,"minecraft:apple":3,"minecraft:firework_rocket":28,"minecraft:diamond_shovel":34,"minecraft:music_disc_mall":1,"minecraft:stone_slab":89,"minecraft:spruce_sapling":21,"minecraft:diamond_sword":25,"minecraft:cobblestone":570,"minecraft:potion":1,"minecraft:red_concrete_powder":16,"minecraft:cooked_porkchop":16,"minecraft:andesite":49,"minecraft:bucket":4,"minecraft:chain":12,"minecraft:oak_boat":6,"minecraft:white_concrete":8},"minecraft:killed":{"minecraft:spider":7,"minecraft:skeleton":6,"minecraft:drowned":5,"minecraft:creeper":8,"minecraft:zombie":7},"minecraft:mined":{"minecraft:spruce_planks":46,"minecraft:shulker_box":1,"minecraft:grass_block":82,"minecraft:white_concrete":8,"minecraft:spruce_leaves":264,"minecraft:kelp":8,"minecraft:large_fern":12,"minecraft:moss_carpet":2,"minecraft:vine":49,"minecraft:lantern":5,"minecraft:stone":57,"minecraft:white_wool":150,"minecraft:spruce_slab":13,"minecraft:kelp_plant":4,"minecraft:stone_brick_slab":1,"minecraft:crafting_table":9,"minecraft:torch":2,"minecraft:stone_slab":5,"minecraft:tall_grass":2,"minecraft:cobblestone":108,"minecraft:red_concrete":16,"minecraft:oak_planks":4,"minecraft:spruce_stairs":114,"minecraft:stone_stairs":24,"minecraft:cobblestone_wall":3,"minecraft:sweet_berry_bush":2,"minecraft:spruce_log":847,"minecraft:stone_brick_stairs":34,"minecraft:grass":12,"minecraft:dirt":1151,"minecraft:stone_bricks":292},"minecraft:crafted":{"minecraft:iron_nugget":261,"minecraft:birch_boat":1,"minecraft:chain":16,"minecraft:bone_meal":24,"minecraft:spruce_fence":3,"minecraft:stone_stairs":240,"minecraft:red_concrete_powder":16,"minecraft:lantern":31,"minecraft:stone_brick_slab":156,"minecraft:spruce_stairs":792,"minecraft:white_concrete_powder":8,"minecraft:spruce_slab":216,"minecraft:cobblestone_wall":42,"minecraft:chest":1,"minecraft:stone_bricks":1172,"minecraft:diamond_axe":1,"minecraft:crafting_table":5,"minecraft:spruce_planks":2352,"minecraft:bucket":1,"minecraft:oak_boat":3,"minecraft:stone_brick_stairs":84,"minecraft:diamond_pickaxe":1,"minecraft:stick":32,"minecraft:stone_slab":108,"minecraft:iron_ingot":72,"minecraft:torch":32,"minecraft:shears":1},"minecraft:picked_up":{"minecraft:spruce_leaves":108,"minecraft:crafting_table":13,"minecraft:azure_bluet":40,"minecraft:stone_slab":5,"minecraft:diamond_sword":2,"minecraft:potion":1,"minecraft:stone_brick_stairs":36,"minecraft:stone_stairs":52,"minecraft:moss_carpet":6,"minecraft:string":6,"minecraft:elytra":4,"minecraft:bucket":1,"minecraft:spruce_planks":307,"minecraft:red_dye":3,"minecraft:oak_boat":6,"minecraft:player_head":4,"minecraft:spruce_slab":154,"minecraft:copper_ore":44,"minecraft:stick":91,"minecraft:stone":1310,"minecraft:torch":20,"minecraft:spruce_stairs":207,"minecraft:netherite_shovel":1,"minecraft:trident":2,"minecraft:vine":59,"minecraft:rotten_flesh":38,"minecraft:arrow":15,"minecraft:diamond_chestplate":2,"minecraft:peony":34,"minecraft:shears":2,"minecraft:diamond_boots":2,"minecraft:gold_ingot":4,"minecraft:white_wool":481,"minecraft:cobblestone":1729,"minecraft:golden_carrot":86,"minecraft:water_bucket":2,"minecraft:andesite":168,"minecraft:gunpowder":12,"minecraft:cobblestone_wall":7,"minecraft:gray_concrete":104,"minecraft:dirt":1383,"minecraft:lantern":7,"minecraft:bone":14,"minecraft:apple":3,"minecraft:stone_bricks":490,"minecraft:kelp":15,"minecraft:iron_ore":8,"minecraft:oak_planks":111,"minecraft:cooked_porkchop":16,"minecraft:sweet_berries":5,"minecraft:gravel":1,"minecraft:spruce_sapling":236,"minecraft:ink_sac":6,"minecraft:grass_block":76,"minecraft:spruce_log":1015,"minecraft:spider_eye":1,"minecraft:shulker_box":1,"minecraft:diamond_shovel":2,"minecraft:firework_rocket":171,"minecraft:music_disc_mall":1,"minecraft:diamond":17,"minecraft:spruce_boat":7,"minecraft:bone_meal":12,"minecraft:diamond_axe":7,"minecraft:white_concrete":8,"minecraft:emerald":2,"minecraft:red_concrete":22,"minecraft:diamond_pickaxe":8},"minecraft:dropped":{"minecraft:vine":4,"minecraft:diamond_axe":1,"minecraft:glass_bottle":1,"minecraft:orange_tulip":9,"minecraft:stick":19,"minecraft:bone_meal":6,"minecraft:string":2,"minecraft:spruce_sapling":14,"minecraft:bone":4,"minecraft:gravel":2,"minecraft:moss_carpet":1,"minecraft:rotten_flesh":14,"minecraft:oak_planks":10,"minecraft:diamond_shovel":1,"minecraft:netherite_shovel":1,"minecraft:stone_stairs":18,"minecraft:azure_bluet":20,"minecraft:copper_ore":44,"minecraft:stone":5,"minecraft:spruce_boat":2,"minecraft:allium":4,"minecraft:peony":17,"minecraft:oak_boat":1,"minecraft:spider_eye":1,"minecraft:white_dye":3,"minecraft:iron_ore":2},"minecraft:custom":{"minecraft:inspect_dropper":7,"minecraft:mob_kills":33,"minecraft:interact_with_anvil":1,"minecraft:interact_with_crafting_table":82,"minecraft:open_barrel":30,"minecraft:open_shulker_box":209,"minecraft:eat_cake_slice":4,"minecraft:leave_game":11,"minecraft:time_since_death":26920,"minecraft:climb_one_cm":4933,"minecraft:sprint_one_cm":1191421,"minecraft:walk_one_cm":1327450,"minecraft:drop":96,"minecraft:play_time":484185,"minecraft:deaths":8,"minecraft:sneak_time":91077,"minecraft:walk_under_water_one_cm":304532,"minecraft:boat_one_cm":1079847,"minecraft:jump":19580,"minecraft:walk_on_water_one_cm":153692,"minecraft:total_world_time":484185,"minecraft:interact_with_furnace":8,"minecraft:play_record":1,"minecraft:interact_with_stonecutter":2,"minecraft:sleep_in_bed":3,"minecraft:time_since_rest":26940,"minecraft:open_enderchest":7,"minecraft:damage_taken":8241,"minecraft:damage_dealt":6017,"minecraft:swim_one_cm":251462,"minecraft:fly_one_cm":1779102,"minecraft:open_chest":325,"minecraft:crouch_one_cm":348402,"minecraft:aviate_one_cm":733017,"minecraft:fall_one_cm":281741},"minecraft:killed_by":{"minecraft:player":1,"minecraft:drowned":1}},"DataVersion":2865}