{"stats":{"minecraft:killed_by":{"minecraft:creeper":2,"minecraft:zombie":2,"minecraft:skeleton":3},"minecraft:broken":{"minecraft:wooden_shovel":3,"minecraft:shears":1,"minecraft:golden_shovel":1,"minecraft:stone_axe":2,"minecraft:bow":1,"minecraft:stone_shovel":1,"minecraft:wooden_pickaxe":1,"minecraft:iron_pickaxe":3},"minecraft:mined":{"minecraft:spruce_planks":19,"minecraft:carved_pumpkin":1,"minecraft:granite":13,"minecraft:deepslate_tile_wall":1,"minecraft:grass_block":6,"minecraft:oak_wall_sign":3,"minecraft:chiseled_stone_bricks":1,"minecraft:iron_ore":18,"minecraft:pumpkin":1,"minecraft:deepslate_lapis_ore":3,"minecraft:spruce_wood":3,"minecraft:azalea":1,"minecraft:spruce_slab":7,"minecraft:tripwire":1,"minecraft:deepslate_redstone_ore":9,"minecraft:kelp_plant":1,"minecraft:amethyst_cluster":2,"minecraft:clay":53,"minecraft:calcite":36,"minecraft:poppy":8,"minecraft:chest":2,"minecraft:spruce_wall_sign":1,"minecraft:cobblestone":95,"minecraft:sugar_cane":4,"minecraft:wall_torch":1,"minecraft:amethyst_block":9,"minecraft:deepslate_copper_ore":6,"minecraft:seagrass":1,"minecraft:birch_log":6,"minecraft:wheat":15,"minecraft:stone_brick_stairs":7,"minecraft:grass":3,"minecraft:oak_log":4,"minecraft:sand":196,"minecraft:dirt":24,"minecraft:smooth_basalt":1,"minecraft:oak_leaves":4,"minecraft:deepslate":82,"minecraft:tuff":11,"minecraft:mossy_cobblestone":4,"minecraft:deepslate_diamond_ore":7,"minecraft:dark_oak_log":48,"minecraft:spruce_fence":10,"minecraft:spruce_leaves":266,"minecraft:kelp":1,"minecraft:moss_block":7,"minecraft:sandstone":219,"minecraft:rooted_dirt":39,"minecraft:large_fern":4,"minecraft:furnace":2,"minecraft:carrots":9,"minecraft:andesite":28,"minecraft:bell":2,"minecraft:polished_deepslate":1,"minecraft:potatoes":10,"minecraft:deepslate_iron_ore":43,"minecraft:bamboo":3,"minecraft:stone":189,"minecraft:white_wool":1,"minecraft:flowering_azalea":1,"minecraft:stone_brick_slab":4,"minecraft:dandelion":2,"minecraft:spruce_door":1,"minecraft:crafting_table":8,"minecraft:copper_ore":12,"minecraft:tall_grass":4,"minecraft:deepslate_gold_ore":20,"minecraft:lapis_ore":2,"minecraft:diorite":6,"minecraft:blue_bed":1,"minecraft:sweet_berry_bush":1,"minecraft:spruce_log":128,"minecraft:birch_leaves":11,"minecraft:coal_ore":76,"minecraft:gravel":40,"minecraft:spruce_fence_gate":1,"minecraft:gold_ore":8,"minecraft:fern":3},"minecraft:used":{"minecraft:moss_block":1,"minecraft:moss_carpet":4,"minecraft:polished_deepslate":56,"minecraft:spruce_slab":38,"minecraft:ladder":6,"minecraft:oak_sign":7,"minecraft:chest":6,"minecraft:shield":7,"minecraft:iron_sword":225,"minecraft:bell":2,"minecraft:rotten_flesh":29,"minecraft:iron_chestplate":1,"minecraft:spruce_leaves":235,"minecraft:mutton":6,"minecraft:carrot":13,"minecraft:axolotl_bucket":4,"minecraft:big_dripleaf":2,"minecraft:spruce_boat":6,"minecraft:spruce_wood":8,"minecraft:stone_brick_stairs":43,"minecraft:stone_bricks":8,"minecraft:music_disc_stal":1,"minecraft:bow":2,"minecraft:written_book":1,"minecraft:sweet_berries":9,"minecraft:furnace":4,"minecraft:cooked_cod":27,"minecraft:potato":10,"minecraft:spruce_door":4,"minecraft:dark_oak_sign":3,"minecraft:stone_pickaxe":125,"minecraft:wooden_pickaxe":63,"minecraft:sandstone":1,"minecraft:blue_bed":1,"minecraft:white_wool":1,"minecraft:glow_berries":1,"minecraft:sand":70,"minecraft:shears":237,"minecraft:firework_rocket":5,"minecraft:string":4,"minecraft:polished_andesite_slab":8,"minecraft:wooden_sword":31,"minecraft:birch_log":1,"minecraft:oak_boat":8,"minecraft:azalea":1,"minecraft:stone_shovel":133,"minecraft:spruce_planks":124,"minecraft:wooden_shovel":185,"minecraft:cooked_salmon":6,"minecraft:torch":15,"minecraft:dirt":44,"minecraft:spruce_stairs":4,"minecraft:golden_shovel":32,"minecraft:spruce_fence":55,"minecraft:iron_hoe":12,"minecraft:stone_brick_slab":17,"minecraft:iron_axe":86,"minecraft:rooted_dirt":4,"minecraft:barrel":4,"minecraft:cooked_beef":7,"minecraft:cobbled_deepslate":8,"minecraft:pumpkin":1,"minecraft:wheat_seeds":23,"minecraft:water_bucket":61,"minecraft:amethyst_block":8,"minecraft:baked_potato":28,"minecraft:spruce_sign":8,"minecraft:stonecutter":1,"minecraft:spruce_fence_gate":2,"minecraft:salmon":2,"minecraft:polished_deepslate_slab":12,"minecraft:crafting_table":14,"minecraft:spruce_log":36,"minecraft:deepslate_tile_wall":3,"minecraft:chicken":1,"minecraft:iron_pickaxe":749,"minecraft:spruce_trapdoor":1,"minecraft:spruce_sapling":1,"minecraft:stone_axe":211,"minecraft:chiseled_stone_bricks":2,"minecraft:fishing_rod":76,"minecraft:cobblestone":172,"minecraft:cooked_porkchop":3,"minecraft:bucket":67},"minecraft:custom":{"minecraft:interact_with_crafting_table":83,"minecraft:open_barrel":58,"minecraft:bell_ring":3,"minecraft:leave_game":3,"minecraft:time_since_death":14299,"minecraft:sprint_one_cm":665041,"minecraft:damage_blocked_by_shield":330,"minecraft:drop":43,"minecraft:talked_to_villager":5,"minecraft:play_time":328782,"minecraft:deaths":8,"minecraft:jump":4542,"minecraft:walk_on_water_one_cm":107847,"minecraft:interact_with_furnace":85,"minecraft:play_record":1,"minecraft:sleep_in_bed":3,"minecraft:open_enderchest":1,"minecraft:damage_dealt":19953,"minecraft:crouch_one_cm":41813,"minecraft:interact_with_smoker":12,"minecraft:mob_kills":107,"minecraft:climb_one_cm":53059,"minecraft:walk_one_cm":600807,"minecraft:walk_under_water_one_cm":138626,"minecraft:sneak_time":15844,"minecraft:boat_one_cm":666548,"minecraft:interact_with_lectern":2,"minecraft:total_world_time":328782,"minecraft:interact_with_stonecutter":17,"minecraft:time_since_rest":14319,"minecraft:damage_taken":6318,"minecraft:swim_one_cm":496906,"minecraft:fly_one_cm":884601,"minecraft:open_chest":113,"minecraft:fish_caught":40,"minecraft:fall_one_cm":107406},"minecraft:crafted":{"minecraft:oak_planks":16,"minecraft:barrel":4,"minecraft:oak_sign":3,"minecraft:stone":56,"minecraft:stone_brick_slab":2,"minecraft:iron_boots":1,"minecraft:chest":4,"minecraft:wooden_shovel":4,"minecraft:cooked_porkchop":3,"minecraft:crafting_table":6,"minecraft:spruce_planks":324,"minecraft:wooden_pickaxe":1,"minecraft:baked_potato":28,"minecraft:spruce_door":3,"minecraft:birch_planks":20,"minecraft:polished_deepslate_slab":12,"minecraft:spruce_trapdoor":2,"minecraft:iron_chestplate":2,"minecraft:paper":12,"minecraft:yellow_dye":2,"minecraft:shield":1,"minecraft:stick":92,"minecraft:iron_ingot":58,"minecraft:iron_pickaxe":3,"minecraft:gold_ingot":19,"minecraft:spruce_fence_gate":1,"minecraft:shears":1,"minecraft:wooden_sword":1,"minecraft:stone_shovel":1,"minecraft:fishing_rod":1,"minecraft:furnace":2,"minecraft:dark_oak_sign":3,"minecraft:bone_meal":45,"minecraft:spruce_fence":45,"minecraft:spruce_stairs":4,"minecraft:polished_deepslate":64,"minecraft:iron_axe":1,"minecraft:spruce_wood":6,"minecraft:ladder":6,"minecraft:iron_hoe":1,"minecraft:spruce_slab":42,"minecraft:stone_pickaxe":1,"minecraft:spruce_boat":2,"minecraft:dark_oak_planks":28,"minecraft:cooked_beef":7,"minecraft:red_dye":8,"minecraft:firework_star":2,"minecraft:cooked_cod":27,"minecraft:spruce_sign":6,"minecraft:iron_sword":1,"minecraft:cooked_salmon":11,"minecraft:bucket":2,"minecraft:stone_axe":2,"minecraft:amethyst_block":1,"minecraft:air":0,"minecraft:oak_boat":1,"minecraft:gold_nugget":9,"minecraft:iron_leggings":1,"minecraft:stonecutter":1,"minecraft:torch":16,"minecraft:firework_rocket":6},"minecraft:killed":{"minecraft:spider":10,"minecraft:skeleton":21,"minecraft:chicken":1,"minecraft:tropical_fish":1,"minecraft:pig":1,"minecraft:zombie_villager":1,"minecraft:salmon":4,"minecraft:creeper":15,"minecraft:sheep":4,"minecraft:zombie":45,"minecraft:cow":4},"minecraft:picked_up":{"minecraft:iron_chestplate":2,"minecraft:wheat":23,"minecraft:enchanted_book":1,"minecraft:stone_brick_stairs":8,"minecraft:amethyst_block":14,"minecraft:polished_deepslate":7,"minecraft:string":25,"minecraft:raw_copper":119,"minecraft:cooked_salmon":10,"minecraft:iron_leggings":1,"minecraft:pufferfish":4,"minecraft:oak_sign":3,"minecraft:cobbled_deepslate":108,"minecraft:bucket":1,"minecraft:spruce_planks":43,"minecraft:calcite":108,"minecraft:azalea":10,"minecraft:wooden_shovel":1,"minecraft:iron_pickaxe":7,"minecraft:deepslate_tile_wall":1,"minecraft:furnace":2,"minecraft:iron_boots":1,"minecraft:stick":22,"minecraft:big_dripleaf":8,"minecraft:torch":5,"minecraft:porkchop":6,"minecraft:diorite":7,"minecraft:rotten_flesh":71,"minecraft:tropical_fish":2,"minecraft:carved_pumpkin":2,"minecraft:cod":28,"minecraft:cobblestone":508,"minecraft:birch_log":6,"minecraft:feather":4,"minecraft:water_bucket":4,"minecraft:andesite":64,"minecraft:potato":38,"minecraft:flint":2,"minecraft:tuff":22,"minecraft:lapis_lazuli":76,"minecraft:dirt":83,"minecraft:bone":41,"minecraft:bow":3,"minecraft:wheat_seeds":49,"minecraft:raw_gold":46,"minecraft:bell":3,"minecraft:bamboo":9,"minecraft:moss_block":45,"minecraft:axolotl_bucket":1,"minecraft:sand":316,"minecraft:ink_sac":3,"minecraft:dark_oak_log":91,"minecraft:mossy_cobblestone":16,"minecraft:iron_hoe":7,"minecraft:spruce_fence_gate":1,"minecraft:diamond":14,"minecraft:spruce_boat":12,"minecraft:granite":20,"minecraft:spruce_sign":1,"minecraft:emerald":2,"minecraft:rooted_dirt":74,"minecraft:spruce_leaves":235,"minecraft:fishing_rod":7,"minecraft:crafting_table":8,"minecraft:chicken":1,"minecraft:clay_ball":620,"minecraft:wooden_pickaxe":1,"minecraft:shield":1,"minecraft:moss_carpet":10,"minecraft:iron_axe":2,"minecraft:wooden_sword":1,"minecraft:flint_and_steel":2,"minecraft:beef":12,"minecraft:oak_boat":12,"minecraft:player_head":2,"minecraft:poppy":8,"minecraft:spruce_slab":12,"minecraft:sugar_cane":26,"minecraft:chest":2,"minecraft:sandstone":392,"minecraft:raw_iron":91,"minecraft:bowl":2,"minecraft:spruce_fence":13,"minecraft:fire_charge":4,"minecraft:carrot":34,"minecraft:redstone":141,"minecraft:dark_oak_planks":8,"minecraft:cooked_cod":18,"minecraft:arrow":33,"minecraft:stone_shovel":4,"minecraft:shears":1,"minecraft:saddle":3,"minecraft:gold_ingot":19,"minecraft:mutton":6,"minecraft:glow_berries":24,"minecraft:white_wool":11,"minecraft:tripwire_hook":2,"minecraft:salmon":19,"minecraft:leather":10,"minecraft:music_disc_stal":1,"minecraft:filled_map":3,"minecraft:birch_planks":9,"minecraft:oak_log":4,"minecraft:lily_pad":2,"minecraft:gunpowder":17,"minecraft:blue_bed":1,"minecraft:kelp":7,"minecraft:spruce_wood":3,"minecraft:iron_ingot":1,"minecraft:iron_sword":1,"minecraft:flowering_azalea":6,"minecraft:smooth_basalt":2,"minecraft:pumpkin":2,"minecraft:sweet_berries":9,"minecraft:chiseled_stone_bricks":1,"minecraft:stone_brick_slab":4,"minecraft:dandelion":2,"minecraft:gravel":64,"minecraft:amethyst_shard":10,"minecraft:spruce_sapling":17,"minecraft:spruce_log":143,"minecraft:spider_eye":4,"minecraft:spruce_door":1,"minecraft:leather_helmet":2,"minecraft:pumpkin_seeds":8,"minecraft:stone_axe":5,"minecraft:baked_potato":1,"minecraft:black_wool":8,"minecraft:coal":135,"minecraft:ender_pearl":1},"minecraft:dropped":{"minecraft:glow_berries":1,"minecraft:flint":2,"minecraft:wooden_sword":1,"minecraft:amethyst_shard":2,"minecraft:white_wool":3,"minecraft:gravel":3,"minecraft:cobbled_deepslate":9,"minecraft:rotten_flesh":7,"minecraft:azalea":2,"minecraft:firework_rocket":1,"minecraft:mossy_cobblestone":4,"minecraft:feather":2,"minecraft:amethyst_block":3,"minecraft:granite":3,"minecraft:stick":5,"minecraft:diorite":1,"minecraft:torch":2,"minecraft:flowering_azalea":2,"minecraft:redstone":23,"minecraft:polished_deepslate":3,"minecraft:moss_carpet":4,"minecraft:kelp":7,"minecraft:clay_ball":36,"minecraft:big_dripleaf":2,"minecraft:spruce_planks":16,"minecraft:andesite":18,"minecraft:oak_boat":2,"minecraft:stone_pickaxe":1,"minecraft:raw_gold":9,"minecraft:calcite":36,"minecraft:black_wool":2}},"DataVersion":2865}