{"stats":{"minecraft:dropped":{"minecraft:iron_sword":7,"minecraft:piston":8,"minecraft:porkchop":126,"minecraft:lapis_lazuli":5,"minecraft:cooked_beef":9,"minecraft:glass_bottle":24,"minecraft:diamond":23,"minecraft:crafting_table":3,"minecraft:cooked_porkchop":343,"minecraft:weeping_vines":29,"minecraft:crossbow":2,"minecraft:cracked_stone_bricks":15,"minecraft:purpur_stairs":4,"minecraft:elytra":14,"minecraft:rail":29,"minecraft:leather_helmet":1,"minecraft:emerald":40,"minecraft:gold_block":7,"minecraft:dirt":233,"minecraft:stone_button":554,"minecraft:gold_nugget":2496,"minecraft:wooden_sword":1,"minecraft:sand":21,"minecraft:phantom_membrane":5,"minecraft:iron_pickaxe":2,"minecraft:dark_oak_planks":34,"minecraft:white_wool":8,"minecraft:blue_bed":7,"minecraft:bone":87,"minecraft:oak_door":1,"minecraft:sugar_cane":8,"minecraft:diamond_block":1,"minecraft:golden_chestplate":3,"minecraft:cooked_chicken":6,"minecraft:cobbled_deepslate":1326,"minecraft:tinted_glass":1,"minecraft:black_carpet":2,"minecraft:netherite_sword":1,"minecraft:birch_sapling":3,"minecraft:obsidian":50,"minecraft:rotten_flesh":296,"minecraft:oak_planks":18,"minecraft:quartz_bricks":38,"minecraft:azure_bluet":1,"minecraft:blue_stained_glass":64,"minecraft:sea_lantern":6,"minecraft:deepslate_tiles":1,"minecraft:quartz_block":576,"minecraft:jungle_log":1,"minecraft:leather_boots":2,"minecraft:ladder":1,"minecraft:end_stone_bricks":13,"minecraft:glass":73,"minecraft:ghast_tear":1,"minecraft:enchanted_book":31,"minecraft:iron_ingot":262,"minecraft:netherite_pickaxe":1,"minecraft:wheat_seeds":70,"minecraft:tnt":26,"minecraft:netherite_chestplate":1,"minecraft:yellow_terracotta":24,"minecraft:book":13,"minecraft:oak_fence":6,"minecraft:prismarine_crystals":26,"minecraft:iron_helmet":3,"minecraft:cobblestone":29,"minecraft:granite":190,"minecraft:coal":8,"minecraft:golden_apple":3,"minecraft:oxeye_daisy":1,"minecraft:ink_sac":170,"minecraft:golden_carrot":121,"minecraft:sponge":13,"minecraft:diamond_helmet":2,"minecraft:potion":77,"minecraft:jungle_boat":2,"minecraft:iron_shovel":3,"minecraft:string":108,"minecraft:stone_brick_slab":4,"minecraft:netherite_hoe":1,"minecraft:soul_soil":3,"minecraft:player_head":5,"minecraft:netherite_ingot":3,"minecraft:stone_sword":5,"minecraft:deepslate":86,"minecraft:bowl":6,"minecraft:experience_bottle":37,"minecraft:chicken":1,"minecraft:iron_boots":234,"minecraft:suspicious_stew":1,"minecraft:diamond_sword":1,"minecraft:potato":164,"minecraft:spruce_boat":1,"minecraft:stone":580,"minecraft:diamond_pickaxe":1,"minecraft:stone_pressure_plate":1,"minecraft:stone_bricks":21,"minecraft:spider_eye":602,"minecraft:bow":11,"minecraft:red_sand":2,"minecraft:magma_block":257,"minecraft:dark_prismarine":32,"minecraft:crimson_nylium":9,"minecraft:soul_sand":15,"minecraft:birch_planks":2,"minecraft:dark_oak_stairs":1,"minecraft:baked_potato":94,"minecraft:ender_pearl":170,"minecraft:leather":50,"minecraft:jungle_planks":4,"minecraft:cod":9222,"minecraft:flint":31,"minecraft:dark_oak_log":5,"minecraft:packed_ice":58,"minecraft:cornflower":1,"minecraft:mutton":6,"minecraft:crimson_roots":1,"minecraft:cooked_cod":3,"minecraft:cut_sandstone":1,"minecraft:white_stained_glass_pane":26,"minecraft:wet_sponge":44,"minecraft:amethyst_shard":1,"minecraft:black_concrete":384,"minecraft:gold_ingot":11,"minecraft:gravel":749,"minecraft:white_tulip":1,"minecraft:purpur_block":59,"minecraft:blackstone":330,"minecraft:diamond_shovel":3,"minecraft:stone_stairs":4,"minecraft:carrot":211,"minecraft:poppy":437,"minecraft:gunpowder":535,"minecraft:leather_chestplate":3,"minecraft:chest":1,"minecraft:arrow":5,"minecraft:iron_ore":1,"minecraft:prismarine_bricks":2,"minecraft:netherrack":7087,"minecraft:splash_potion":1,"minecraft:quartz":227,"minecraft:scaffolding":19,"minecraft:written_book":3,"minecraft:oak_leaves":7,"minecraft:firework_rocket":394,"minecraft:golden_helmet":5,"minecraft:deepslate_iron_ore":1,"minecraft:diamond_leggings":2,"minecraft:prismarine_shard":98,"minecraft:observer":16,"minecraft:spectral_arrow":9,"minecraft:amethyst_block":2,"minecraft:copper_ingot":1,"minecraft:grass_block":162,"minecraft:stick":77,"minecraft:iron_block":64,"minecraft:diorite":52,"minecraft:nether_gold_ore":1,"minecraft:torch":53,"minecraft:white_concrete":178,"minecraft:smooth_quartz":24,"minecraft:melon_slice":8,"minecraft:fire_charge":3,"minecraft:iron_leggings":3,"minecraft:jungle_leaves":19,"minecraft:iron_axe":9,"minecraft:bucket":1,"minecraft:redstone_block":1,"minecraft:dandelion":2,"minecraft:smooth_basalt":36,"minecraft:redstone":67,"minecraft:sweet_berries":9,"minecraft:kelp":3034,"minecraft:warped_nylium":1,"minecraft:oak_trapdoor":2,"minecraft:raw_iron":25,"minecraft:tuff":230,"minecraft:light_gray_wool":2,"minecraft:comparator":1,"minecraft:totem_of_undying":2,"minecraft:shulker_box":15,"minecraft:glass_pane":4,"minecraft:flint_and_steel":3,"minecraft:copper_ore":2,"minecraft:filled_map":13,"minecraft:black_concrete_powder":1,"minecraft:diamond_chestplate":2,"minecraft:iron_chestplate":1,"minecraft:andesite":68,"minecraft:quartz_stairs":9,"minecraft:mossy_stone_bricks":11,"minecraft:blue_ice":1,"minecraft:oak_boat":1,"minecraft:oak_sapling":1,"minecraft:golden_sword":136,"minecraft:diamond_boots":2,"minecraft:stone_pickaxe":1,"minecraft:raw_gold":17,"minecraft:wooden_pickaxe":1,"minecraft:nether_quartz_ore":4,"minecraft:magma_cream":10,"minecraft:calcite":199},"minecraft:killed":{"minecraft:cod":9,"minecraft:dolphin":25,"minecraft:shulker":55,"minecraft:skeleton":102,"minecraft:guardian":107,"minecraft:chicken":9,"minecraft:tropical_fish":3,"minecraft:skeleton_horse":1,"minecraft:cat":11,"minecraft:magma_cube":77,"minecraft:elder_guardian":5,"minecraft:salmon":38,"minecraft:iron_golem":2,"minecraft:goat":1,"minecraft:zombie":124,"minecraft:glow_squid":20,"minecraft:cow":3,"minecraft:evoker":9,"minecraft:vindicator":31,"minecraft:horse":1,"minecraft:husk":3,"minecraft:enderman":90,"minecraft:zombified_piglin":15,"minecraft:witch":2,"minecraft:spider":380,"minecraft:wither":2,"minecraft:silverfish":3,"minecraft:piglin_brute":3,"minecraft:piglin":42,"minecraft:pig":4,"minecraft:zombie_villager":2,"minecraft:ghast":35,"minecraft:trader_llama":2,"minecraft:creeper":50,"minecraft:mooshroom":1,"minecraft:sheep":5,"minecraft:blaze":32,"minecraft:vex":34,"minecraft:slime":16,"minecraft:phantom":21,"minecraft:drowned":65,"minecraft:bat":2,"minecraft:hoglin":47,"minecraft:squid":68,"minecraft:wither_skeleton":19},"minecraft:broken":{"minecraft:iron_sword":3,"minecraft:iron_axe":5,"minecraft:iron_pickaxe":1,"minecraft:stone_axe":1},"minecraft:custom":{"minecraft:interact_with_crafting_table":879,"minecraft:open_barrel":250,"minecraft:bell_ring":86,"minecraft:eat_cake_slice":3,"minecraft:leave_game":308,"minecraft:time_since_death":1666729,"minecraft:damage_blocked_by_shield":1775,"minecraft:play_time":12673905,"minecraft:deaths":10,"minecraft:jump":107957,"minecraft:enchant_item":14,"minecraft:interact_with_furnace":440,"minecraft:play_record":6,"minecraft:traded_with_villager":16623,"minecraft:sleep_in_bed":195,"minecraft:damage_dealt":271958,"minecraft:inspect_dispenser":10,"minecraft:horse_one_cm":37644,"minecraft:interact_with_smithing_table":22,"minecraft:inspect_dropper":85,"minecraft:interact_with_anvil":96,"minecraft:inspect_hopper":199,"minecraft:sneak_time":936935,"minecraft:interact_with_lectern":37,"minecraft:interact_with_blast_furnace":1,"minecraft:total_world_time":12673905,"minecraft:interact_with_stonecutter":68,"minecraft:time_since_rest":3454,"minecraft:swim_one_cm":8608634,"minecraft:fly_one_cm":31790392,"minecraft:open_chest":9650,"minecraft:fall_one_cm":3731583,"minecraft:animals_bred":12,"minecraft:open_shulker_box":995,"minecraft:damage_resisted":7955,"minecraft:sprint_one_cm":18110062,"minecraft:drop":1932,"minecraft:play_noteblock":1,"minecraft:talked_to_villager":3831,"minecraft:interact_with_brewingstand":130,"minecraft:walk_on_water_one_cm":1481264,"minecraft:interact_with_loom":5,"minecraft:open_enderchest":1298,"minecraft:interact_with_beacon":17,"minecraft:player_kills":2,"minecraft:crouch_one_cm":3154538,"minecraft:mob_kills":172683,"minecraft:climb_one_cm":2841509,"minecraft:walk_one_cm":20850222,"minecraft:walk_under_water_one_cm":9589325,"minecraft:boat_one_cm":2282312,"minecraft:pot_flower":1,"minecraft:interact_with_grindstone":8,"minecraft:damage_taken":90518,"minecraft:damage_absorbed":3908,"minecraft:minecart_one_cm":1515153,"minecraft:pig_one_cm":886,"minecraft:aviate_one_cm":178952049},"minecraft:mined":{"minecraft:dark_oak_planks":44,"minecraft:dragon_wall_head":31,"minecraft:red_shulker_box":26,"minecraft:white_bed":4,"minecraft:jungle_leaves":311,"minecraft:obsidian":331,"minecraft:granite":803,"minecraft:red_sand":2,"minecraft:acacia_log":7,"minecraft:stone_brick_wall":1,"minecraft:jungle_log":1455,"minecraft:deepslate_bricks":292,"minecraft:purpur_slab":1,"minecraft:hopper":8,"minecraft:oak_wall_sign":4,"minecraft:nether_wart":39,"minecraft:spawner":1,"minecraft:chorus_flower":9,"minecraft:polished_blackstone_bricks":41,"minecraft:tall_seagrass":156,"minecraft:magma_block":197,"minecraft:dark_oak_trapdoor":12,"minecraft:cobbled_deepslate":91,"minecraft:sticky_piston":26,"minecraft:fire":189,"minecraft:pumpkin":27,"minecraft:deepslate_lapis_ore":3,"minecraft:fletching_table":1,"minecraft:nether_brick_stairs":1,"minecraft:twisting_vines":24,"minecraft:oak_sign":2,"minecraft:dirt_path":62,"minecraft:small_amethyst_bud":1,"minecraft:quartz_slab":6,"minecraft:deepslate_brick_stairs":6,"minecraft:iron_block":91,"minecraft:player_head":3,"minecraft:tripwire":2,"minecraft:jungle_trapdoor":64,"minecraft:jungle_button":1,"minecraft:blue_wall_banner":1,"minecraft:cut_sandstone":16,"minecraft:brown_mushroom":1,"minecraft:kelp_plant":319,"minecraft:player_wall_head":6,"minecraft:deepslate_brick_wall":4,"minecraft:crimson_nylium":11,"minecraft:amethyst_cluster":703,"minecraft:blue_stained_glass":6,"minecraft:powder_snow":3,"minecraft:torch":296,"minecraft:note_block":1,"minecraft:blast_furnace":1,"minecraft:melon":32,"minecraft:white_stained_glass_pane":26,"minecraft:spruce_wall_sign":5,"minecraft:glass":996,"minecraft:lime_shulker_box":16,"minecraft:sugar_cane":1399,"minecraft:amethyst_block":616,"minecraft:repeater":6,"minecraft:tinted_glass":3,"minecraft:wheat":61,"minecraft:prismarine_brick_stairs":7,"minecraft:grass":507,"minecraft:loom":2,"minecraft:smooth_quartz":2,"minecraft:smooth_basalt":63,"minecraft:acacia_sign":8,"minecraft:red_mushroom_block":135,"minecraft:stonecutter":9,"minecraft:piston":69,"minecraft:deepslate":5031,"minecraft:deepslate_tiles":147,"minecraft:dark_prismarine":420,"minecraft:dark_oak_log":37,"minecraft:sea_lantern":227,"minecraft:end_stone":2287,"minecraft:shulker_box":116,"minecraft:nether_bricks":4,"minecraft:spruce_fence":8,"minecraft:redstone_wire":19,"minecraft:kelp":234,"minecraft:redstone_ore":2,"minecraft:jungle_sapling":5,"minecraft:andesite":897,"minecraft:diamond_block":1,"minecraft:potatoes":21,"minecraft:vine":29,"minecraft:rail":212,"minecraft:bamboo_sapling":1,"minecraft:bamboo":67,"minecraft:bone_block":8,"minecraft:white_wool":9,"minecraft:ender_chest":133,"minecraft:light_gray_carpet":1,"minecraft:redstone_block":33,"minecraft:gray_concrete":736,"minecraft:glass_pane":114,"minecraft:comparator":2,"minecraft:soul_sand":80,"minecraft:stone_brick_slab":4,"minecraft:observer":61,"minecraft:polished_blackstone_brick_wall":2,"minecraft:dandelion":4,"minecraft:jungle_sign":6,"minecraft:cornflower":2,"minecraft:sponge":1195,"minecraft:dropper":4,"minecraft:lightning_rod":1,"minecraft:purpur_pillar":27,"minecraft:tall_grass":17,"minecraft:copper_ore":34,"minecraft:deepslate_gold_ore":20,"minecraft:diorite":543,"minecraft:black_stained_glass":526,"minecraft:purple_stained_glass":1,"minecraft:prismarine_brick_slab":18,"minecraft:white_carpet":22,"minecraft:spruce_log":1081,"minecraft:quartz_pillar":13,"minecraft:dark_prismarine_slab":5,"minecraft:mycelium":30,"minecraft:gravel":2067,"minecraft:cobweb":10,"minecraft:polished_blackstone":57,"minecraft:stone_bricks":59,"minecraft:gold_ore":9,"minecraft:iron_trapdoor":6,"minecraft:fern":3,"minecraft:black_shulker_box":139,"minecraft:large_amethyst_bud":5,"minecraft:stone_pressure_plate":1,"minecraft:spruce_planks":1,"minecraft:oak_sapling":1,"minecraft:jungle_slab":2,"minecraft:cobblestone_stairs":6,"minecraft:brewing_stand":17,"minecraft:spruce_trapdoor":7,"minecraft:budding_amethyst":7,"minecraft:grass_block":419,"minecraft:cracked_polished_blackstone_bricks":24,"minecraft:white_concrete":196,"minecraft:soul_soil":3,"minecraft:polished_diorite":13,"minecraft:composter":18,"minecraft:smooth_stone":21,"minecraft:iron_ore":105,"minecraft:black_carpet":4,"minecraft:anvil":1,"minecraft:azure_bluet":1,"minecraft:dark_oak_stairs":1,"minecraft:iron_bars":19,"minecraft:end_stone_bricks":40,"minecraft:deepslate_redstone_ore":15,"minecraft:quartz_block":296,"minecraft:cyan_terracotta":41,"minecraft:blackstone":107,"minecraft:twisting_vines_plant":30,"minecraft:orange_terracotta":4,"minecraft:purpur_stairs":11,"minecraft:chiseled_quartz_block":37,"minecraft:clay":1,"minecraft:calcite":259,"minecraft:end_stone_brick_slab":2,"minecraft:poppy":6,"minecraft:beacon":3,"minecraft:chest":91,"minecraft:mushroom_stem":48,"minecraft:nether_quartz_ore":706,"minecraft:cobblestone":133,"minecraft:slime_block":35,"minecraft:prismarine":3860,"minecraft:oak_planks":14,"minecraft:iron_door":15,"minecraft:wall_torch":81,"minecraft:seagrass":19,"minecraft:stone_stairs":111,"minecraft:light_blue_terracotta":2,"minecraft:warped_nylium":16,"minecraft:blue_terracotta":2,"minecraft:powered_rail":30,"minecraft:dark_oak_slab":3,"minecraft:nether_wart_block":6,"minecraft:lapis_block":1,"minecraft:light_gray_wool":3,"minecraft:orange_tulip":1,"minecraft:tnt":12,"minecraft:purpur_block":59,"minecraft:oak_log":152,"minecraft:sand":2537,"minecraft:dirt":1988,"minecraft:crimson_planks":16,"minecraft:tripwire_hook":1,"minecraft:ancient_debris":72,"minecraft:netherrack":15298,"minecraft:polished_deepslate_wall":1,"minecraft:oak_leaves":309,"minecraft:emerald_block":185,"minecraft:nether_gold_ore":186,"minecraft:diamond_ore":2,"minecraft:crying_obsidian":26,"minecraft:tuff":321,"minecraft:quartz_stairs":56,"minecraft:dark_oak_leaves":5,"minecraft:deepslate_diamond_ore":162,"minecraft:oak_door":12,"minecraft:gray_shulker_box":8,"minecraft:gray_glazed_terracotta":46,"minecraft:glow_lichen":3,"minecraft:lever":12,"minecraft:ladder":22,"minecraft:stone_button":41,"minecraft:brown_mushroom_block":167,"minecraft:spruce_leaves":316,"minecraft:sandstone":2,"minecraft:crimson_stem":6,"minecraft:hay_block":40,"minecraft:deepslate_brick_slab":60,"minecraft:oak_trapdoor":23,"minecraft:spruce_sapling":6,"minecraft:furnace":1,"minecraft:carrots":60,"minecraft:polished_basalt":69,"minecraft:chiseled_sandstone":1,"minecraft:black_concrete":957,"minecraft:gold_block":154,"minecraft:bell":2,"minecraft:nether_brick_fence":1,"minecraft:polished_deepslate":17,"minecraft:bookshelf":3244,"minecraft:deepslate_iron_ore":21,"minecraft:lantern":9,"minecraft:packed_ice":641,"minecraft:wet_sponge":1175,"minecraft:chorus_plant":21,"minecraft:white_tulip":1,"minecraft:stone":10847,"minecraft:podzol":13,"minecraft:acacia_leaves":1,"minecraft:scaffolding":181,"minecraft:magenta_stained_glass":2,"minecraft:infested_stone_bricks":1,"minecraft:basalt":492,"minecraft:oak_fence":11,"minecraft:crafting_table":22,"minecraft:gray_stained_glass":14,"minecraft:lectern":438,"minecraft:stone_slab":16,"minecraft:deepslate_coal_ore":15,"minecraft:quartz_bricks":40,"minecraft:lapis_ore":9,"minecraft:prismarine_bricks":5859,"minecraft:green_shulker_box":13,"minecraft:sea_pickle":4,"minecraft:polished_blackstone_slab":14,"minecraft:redstone_torch":3,"minecraft:ice":2,"minecraft:coal_ore":583,"minecraft:end_rod":8,"minecraft:cracked_stone_bricks":6,"minecraft:terracotta":185,"minecraft:mossy_stone_bricks":6,"minecraft:acacia_wall_sign":2},"minecraft:picked_up":{"minecraft:iron_chestplate":1,"minecraft:chainmail_boots":1,"minecraft:anvil":1,"minecraft:prismarine_shard":535,"minecraft:stone_slab":22,"minecraft:lead":5,"minecraft:diamond_sword":2,"minecraft:wither_rose":1,"minecraft:enchanted_book":1,"minecraft:brewing_stand":18,"minecraft:golden_sword":87,"minecraft:polished_deepslate_wall":1,"minecraft:amethyst_block":571,"minecraft:polished_deepslate":17,"minecraft:string":140,"minecraft:dark_oak_trapdoor":12,"minecraft:soul_soil":3,"minecraft:diamond_leggings":3,"minecraft:gold_nugget":11909,"minecraft:cobbled_deepslate":5387,"minecraft:spruce_planks":1,"minecraft:acacia_sign":10,"minecraft:written_book":7,"minecraft:melon_slice":276,"minecraft:diamond_ore":1,"minecraft:golden_helmet":5,"minecraft:composter":18,"minecraft:purpur_pillar":27,"minecraft:acacia_log":7,"minecraft:pink_carpet":1,"minecraft:lightning_rod":1,"minecraft:gray_shulker_box":8,"minecraft:golden_chestplate":3,"minecraft:stone_sword":3,"minecraft:tropical_fish":3,"minecraft:polished_basalt":232,"minecraft:iron_block":91,"minecraft:cyan_terracotta":39,"minecraft:bookshelf":42,"minecraft:end_rod":7,"minecraft:netherite_chestplate":9,"minecraft:blaze_rod":51,"minecraft:iron_bars":27,"minecraft:sponge":1280,"minecraft:magma_block":336,"minecraft:cooked_beef":9,"minecraft:iron_door":15,"minecraft:water_bucket":6,"minecraft:jungle_log":1506,"minecraft:powder_snow_bucket":4,"minecraft:flint":38,"minecraft:purple_stained_glass":1,"minecraft:netherite_leggings":8,"minecraft:gray_concrete":743,"minecraft:lantern":10,"minecraft:gray_concrete_powder":680,"minecraft:twisting_vines":105,"minecraft:large_amethyst_bud":5,"minecraft:stonecutter":9,"minecraft:diamond_helmet":3,"minecraft:gray_glazed_terracotta":46,"minecraft:dropper":6,"minecraft:ink_sac":467,"minecraft:loom":2,"minecraft:dark_oak_log":71,"minecraft:quartz_bricks":116,"minecraft:blue_terracotta":2,"minecraft:black_concrete_powder":519,"minecraft:deepslate":1466,"minecraft:lever":27,"minecraft:writable_book":2,"minecraft:deepslate_gold_ore":1,"minecraft:blue_ice":1,"minecraft:granite":532,"minecraft:blue_banner":1,"minecraft:light_gray_carpet":1,"minecraft:crimson_roots":1,"minecraft:diamond_pickaxe":3,"minecraft:crafting_table":28,"minecraft:nether_wart":144,"minecraft:leather_leggings":1,"minecraft:crimson_trapdoor":6,"minecraft:dragon_head":31,"minecraft:purpur_block":168,"minecraft:cornflower":2,"minecraft:jungle_trapdoor":125,"minecraft:elytra":40,"minecraft:flint_and_steel":4,"minecraft:white_carpet":23,"minecraft:iron_shovel":2,"minecraft:glass_pane":113,"minecraft:cracked_stone_bricks":15,"minecraft:netherite_sword":9,"minecraft:deepslate_diamond_ore":69,"minecraft:beef":8,"minecraft:jungle_sapling":69,"minecraft:poppy":8,"minecraft:minecart":33,"minecraft:quartz_stairs":66,"minecraft:chest":137,"minecraft:birch_sapling":3,"minecraft:piston":82,"minecraft:copper_ore":17,"minecraft:egg":35,"minecraft:lime_shulker_box":16,"minecraft:black_stained_glass":511,"minecraft:sandstone":2,"minecraft:stone":5462,"minecraft:oak_door":19,"minecraft:music_disc_mellohi":2,"minecraft:amethyst_cluster":230,"minecraft:spruce_fence":8,"minecraft:fire_charge":3,"minecraft:carrot":463,"minecraft:redstone":197,"minecraft:netherite_pickaxe":9,"minecraft:prismarine_crystals":392,"minecraft:jungle_sign":6,"minecraft:tnt":50,"minecraft:diamond_chestplate":3,"minecraft:stone_shovel":1,"minecraft:cooked_cod":8,"minecraft:peony":1,"minecraft:diamond_boots":3,"minecraft:deepslate_bricks":324,"minecraft:purpur_slab":1,"minecraft:hay_block":63,"minecraft:yellow_terracotta":12,"minecraft:gold_ingot":58,"minecraft:totem_of_undying":16,"minecraft:polished_blackstone":58,"minecraft:glow_berries":1,"minecraft:mutton":11,"minecraft:bone_block":8,"minecraft:white_wool":15,"minecraft:rail":253,"minecraft:oxeye_daisy":2,"minecraft:lapis_ore":7,"minecraft:clock":2,"minecraft:tripwire_hook":1,"minecraft:red_mushroom":86,"minecraft:filled_map":26,"minecraft:purpur_stairs":10,"minecraft:oak_log":161,"minecraft:jungle_button":2,"minecraft:ancient_debris":72,"minecraft:paper":50,"minecraft:apple":1,"minecraft:stone_bricks":266,"minecraft:kelp":3857,"minecraft:iron_ore":44,"minecraft:magenta_stained_glass":2,"minecraft:glass_bottle":73,"minecraft:iron_sword":9,"minecraft:dark_oak_stairs":1,"minecraft:prismarine_brick_stairs":7,"minecraft:white_stained_glass_pane":78,"minecraft:smooth_basalt":50,"minecraft:dark_oak_slab":5,"minecraft:sweet_berries":11,"minecraft:spyglass":5,"minecraft:gravel":8785,"minecraft:spruce_sapling":90,"minecraft:spruce_log":1073,"minecraft:crying_obsidian":29,"minecraft:sea_lantern":228,"minecraft:leather_helmet":1,"minecraft:diamond_shovel":3,"minecraft:firework_rocket":1060,"minecraft:coal_ore":195,"minecraft:slime_ball":28,"minecraft:polished_diorite":13,"minecraft:redstone_ore":2,"minecraft:polished_blackstone_brick_wall":2,"minecraft:baked_potato":141,"minecraft:warped_nylium":17,"minecraft:crimson_nylium":9,"minecraft:hopper":12,"minecraft:ender_pearl":424,"minecraft:shulker_shell":86,"minecraft:black_carpet":24,"minecraft:wheat":63,"minecraft:nether_brick_fence":1,"minecraft:ender_chest":173,"minecraft:redstone_block":68,"minecraft:iron_trapdoor":6,"minecraft:potion":18,"minecraft:stone_brick_stairs":1,"minecraft:crimson_planks":18,"minecraft:lapis_block":1,"minecraft:raw_copper":54,"minecraft:sticky_piston":26,"minecraft:iron_leggings":2,"minecraft:armor_stand":1,"minecraft:zombie_head":1,"minecraft:experience_bottle":314,"minecraft:oak_sign":6,"minecraft:sea_pickle":17,"minecraft:red_sand":2,"minecraft:deepslate_tiles":112,"minecraft:black_shulker_box":139,"minecraft:smooth_stone":21,"minecraft:comparator":4,"minecraft:bucket":3,"minecraft:dark_oak_leaves":1,"minecraft:rose_bush":1,"minecraft:redstone_torch":3,"minecraft:calcite":295,"minecraft:ender_eye":2,"minecraft:iron_pickaxe":1,"minecraft:smooth_quartz":38,"minecraft:deepslate_iron_ore":4,"minecraft:iron_boots":8,"minecraft:furnace":1,"minecraft:stick":165,"minecraft:deepslate_brick_wall":4,"minecraft:oak_fence":7,"minecraft:torch":786,"minecraft:porkchop":142,"minecraft:netherite_shovel":5,"minecraft:music_disc_pigstep":2,"minecraft:diorite":334,"minecraft:blue_stained_glass":6,"minecraft:quartz_block":323,"minecraft:nether_gold_ore":20,"minecraft:rotten_flesh":403,"minecraft:chorus_flower":42,"minecraft:deepslate_brick_stairs":6,"minecraft:obsidian":413,"minecraft:cod":123,"minecraft:blaze_powder":1,"minecraft:cobblestone":2852,"minecraft:nautilus_shell":2,"minecraft:leather_chestplate":4,"minecraft:repeater":6,"minecraft:magma_cream":44,"minecraft:andesite":508,"minecraft:beacon":3,"minecraft:chiseled_quartz_block":33,"minecraft:potato":190,"minecraft:tuff":533,"minecraft:prismarine_bricks":4444,"minecraft:green_shulker_box":13,"minecraft:lapis_lazuli":60,"minecraft:dirt":1748,"minecraft:leather_boots":3,"minecraft:glass":1097,"minecraft:bone":199,"minecraft:bow":21,"minecraft:wheat_seeds":260,"minecraft:deepslate_brick_slab":39,"minecraft:raw_gold":60,"minecraft:bell":2,"minecraft:netherite_axe":4,"minecraft:mossy_stone_bricks":11,"minecraft:fletching_table":1,"minecraft:bamboo":761,"minecraft:powered_rail":42,"minecraft:prismarine":3008,"minecraft:oak_planks":14,"minecraft:ghast_tear":25,"minecraft:cooked_porkchop":215,"minecraft:axolotl_bucket":1,"minecraft:gray_stained_glass":14,"minecraft:poisonous_potato":1,"minecraft:polished_blackstone_slab":16,"minecraft:sand":2431,"minecraft:jungle_planks":42,"minecraft:melon":7,"minecraft:nether_brick_stairs":1,"minecraft:jungle_slab":2,"minecraft:diamond_block":1,"minecraft:grass_block":386,"minecraft:spectral_arrow":7,"minecraft:chiseled_sandstone":1,"minecraft:shulker_box":130,"minecraft:dark_prismarine":418,"minecraft:jungle_leaves":19,"minecraft:dark_prismarine_slab":9,"minecraft:black_concrete":956,"minecraft:light_blue_terracotta":2,"minecraft:spruce_boat":9,"minecraft:diamond":316,"minecraft:slime_block":74,"minecraft:netherite_helmet":8,"minecraft:cracked_polished_blackstone_bricks":14,"minecraft:crossbow":3,"minecraft:bone_meal":2,"minecraft:white_concrete":206,"minecraft:golden_apple":465,"minecraft:spruce_sign":6,"minecraft:emerald":118,"minecraft:chorus_fruit":249,"minecraft:oak_sapling":33,"minecraft:netherrack":9910,"minecraft:oak_leaves":64,"minecraft:nether_star":1,"minecraft:end_stone_bricks":32,"minecraft:cocoa_beans":12,"minecraft:azure_bluet":1,"minecraft:chicken":2,"minecraft:ladder":44,"minecraft:packed_ice":601,"minecraft:brown_mushroom":101,"minecraft:stone_brick_wall":1,"minecraft:gold_block":161,"minecraft:shield":9,"minecraft:stone_stairs":101,"minecraft:oak_trapdoor":25,"minecraft:iron_axe":8,"minecraft:item_frame":4,"minecraft:quartz_slab":6,"minecraft:mycelium":3,"minecraft:blackstone":91,"minecraft:oak_boat":71,"minecraft:player_head":90,"minecraft:observer":71,"minecraft:light_gray_wool":2,"minecraft:lectern":437,"minecraft:tinted_glass":6,"minecraft:sugar_cane":2578,"minecraft:phantom_membrane":34,"minecraft:spruce_trapdoor":7,"minecraft:raw_iron":145,"minecraft:end_stone":2858,"minecraft:copper_ingot":5,"minecraft:bowl":4,"minecraft:note_block":1,"minecraft:polished_blackstone_bricks":30,"minecraft:quartz_pillar":13,"minecraft:stone_button":597,"minecraft:music_disc_11":1,"minecraft:trident":9,"minecraft:stone_pressure_plate":2,"minecraft:dark_oak_planks":49,"minecraft:weeping_vines":29,"minecraft:arrow":539,"minecraft:red_shulker_box":26,"minecraft:nether_bricks":4,"minecraft:wet_sponge":1238,"minecraft:netherite_boots":8,"minecraft:jungle_boat":10,"minecraft:basalt":481,"minecraft:golden_carrot":632,"minecraft:glow_ink_sac":63,"minecraft:crimson_stem":6,"minecraft:salmon":38,"minecraft:leather":65,"minecraft:cut_sandstone":14,"minecraft:music_disc_stal":1,"minecraft:birch_planks":2,"minecraft:ice":2,"minecraft:mushroom_stew":1,"minecraft:nether_wart_block":6,"minecraft:gunpowder":275,"minecraft:cobblestone_stairs":6,"minecraft:orange_terracotta":4,"minecraft:podzol":1,"minecraft:gray_carpet":2,"minecraft:heart_of_the_sea":1,"minecraft:iron_ingot":270,"minecraft:cooked_chicken":9,"minecraft:prismarine_brick_slab":23,"minecraft:soul_sand":99,"minecraft:book":9677,"minecraft:scaffolding":681,"minecraft:nether_quartz_ore":229,"minecraft:emerald_block":185,"minecraft:pumpkin":29,"minecraft:stone_brick_slab":8,"minecraft:quartz":943,"minecraft:dandelion":5,"minecraft:amethyst_shard":4154,"minecraft:blast_furnace":2,"minecraft:white_bed":4,"minecraft:spider_eye":956,"minecraft:white_concrete_powder":186,"minecraft:honey_block":3,"minecraft:chainmail_leggings":1,"minecraft:iron_helmet":2,"minecraft:terracotta":132,"minecraft:netherite_hoe":4,"minecraft:end_stone_brick_slab":4,"minecraft:coal":930},"minecraft:crafted":{"minecraft:ender_chest":9,"minecraft:jungle_button":2,"minecraft:black_dye":189,"minecraft:oak_sign":42,"minecraft:blaze_powder":26,"minecraft:slime_block":3,"minecraft:polished_blackstone_slab":144,"minecraft:diamond_shovel":1,"minecraft:lever":84,"minecraft:bookshelf":3237,"minecraft:shulker_box":19,"minecraft:iron_bars":32,"minecraft:glass":1422,"minecraft:quartz_block":937,"minecraft:repeater":52,"minecraft:light_blue_terracotta":96,"minecraft:diamond_helmet":1,"minecraft:diamond_leggings":1,"minecraft:netherite_boots":1,"minecraft:polished_blackstone":76,"minecraft:chiseled_quartz_block":1,"minecraft:magenta_dye":8,"minecraft:gray_stained_glass":512,"minecraft:name_tag":18,"minecraft:blue_stained_glass":256,"minecraft:glass_bottle":87,"minecraft:redstone_lamp":1,"minecraft:deepslate":24,"minecraft:emerald":13180,"minecraft:diamond_axe":2,"minecraft:jungle_boat":20,"minecraft:prismarine_bricks":445,"minecraft:clock":1,"minecraft:copper_ingot":28,"minecraft:sticky_piston":1,"minecraft:end_stone_brick_slab":252,"minecraft:lime_shulker_box":1,"minecraft:lectern":23,"minecraft:stone_slab":64,"minecraft:iron_pickaxe":3,"minecraft:iron_block":217,"minecraft:gold_ingot":18114,"minecraft:netherite_ingot":18,"minecraft:nautilus_shell":10,"minecraft:jungle_sign":12,"minecraft:golden_carrot":1938,"minecraft:stone_shovel":1,"minecraft:jukebox":1,"minecraft:leather_leggings":1,"minecraft:player_head":34,"minecraft:crimson_trapdoor":8,"minecraft:diamond_hoe":1,"minecraft:experience_bottle":1828,"minecraft:tinted_glass":464,"minecraft:bone_meal":93,"minecraft:prismarine_brick_stairs":16,"minecraft:white_carpet":174,"minecraft:stone_stairs":6,"minecraft:lantern":84,"minecraft:netherite_axe":2,"minecraft:diamond":117,"minecraft:deepslate_brick_wall":6,"minecraft:polished_diorite":32,"minecraft:ladder":141,"minecraft:blue_banner":11,"minecraft:spruce_slab":6,"minecraft:red_shulker_box":1,"minecraft:ender_pearl":204,"minecraft:stone_pickaxe":1,"minecraft:diamond_boots":1,"minecraft:quartz_slab":58,"minecraft:redstone_block":10,"minecraft:dark_oak_planks":196,"minecraft:wheat":99,"minecraft:firework_star":622,"minecraft:crossbow":1,"minecraft:netherite_pickaxe":1,"minecraft:deepslate_brick_slab":18,"minecraft:magenta_stained_glass":160,"minecraft:blue_bed":12,"minecraft:conduit":1,"minecraft:deepslate_tiles":1,"minecraft:glowstone":28,"minecraft:enchanted_book":155,"minecraft:white_stained_glass":24,"minecraft:golden_apple":290,"minecraft:fermented_spider_eye":40,"minecraft:gray_shulker_box":1,"minecraft:oak_stairs":4,"minecraft:iron_shovel":1,"minecraft:iron_leggings":1,"minecraft:armor_stand":6,"minecraft:white_bed":10,"minecraft:note_block":7,"minecraft:brick":100,"minecraft:oak_planks":832,"minecraft:quartz_bricks":4,"minecraft:lightning_rod":1,"minecraft:stone":243,"minecraft:quartz_pillar":15,"minecraft:suspicious_stew":2,"minecraft:green_dye":64,"minecraft:hopper":116,"minecraft:stone_brick_slab":6,"minecraft:bow":4,"minecraft:iron_boots":1,"minecraft:comparator":21,"minecraft:chest":551,"minecraft:polished_basalt":512,"minecraft:netherite_helmet":1,"minecraft:yellow_terracotta":19,"minecraft:chiseled_stone_bricks":48,"minecraft:rail":64,"minecraft:ender_eye":20,"minecraft:stone_bricks":24,"minecraft:sea_lantern":171,"minecraft:magma_block":2,"minecraft:white_banner":1,"minecraft:dropper":10,"minecraft:quartz_stairs":8,"minecraft:item_frame":1,"minecraft:oak_slab":108,"minecraft:crafting_table":22,"minecraft:spruce_planks":3248,"minecraft:wooden_pickaxe":1,"minecraft:birch_pressure_plate":6,"minecraft:gold_block":1306,"minecraft:hopper_minecart":58,"minecraft:brewing_stand":3,"minecraft:pumpkin_seeds":4,"minecraft:white_stained_glass_pane":64,"minecraft:black_shulker_box":1,"minecraft:dispenser":1,"minecraft:prismarine_brick_slab":48,"minecraft:apple":360,"minecraft:tnt":146,"minecraft:spruce_trapdoor":94,"minecraft:diamond_pickaxe":3,"minecraft:book":15,"minecraft:iron_chestplate":1,"minecraft:paper":2541,"minecraft:emerald_block":562,"minecraft:charcoal":7,"minecraft:shield":3,"minecraft:stick":4708,"minecraft:gray_terracotta":128,"minecraft:iron_ingot":1895,"minecraft:netherite_hoe":1,"minecraft:leather_chestplate":1,"minecraft:stone_sword":2,"minecraft:green_shulker_box":1,"minecraft:redstone_torch":170,"minecraft:deepslate_bricks":1,"minecraft:blue_terracotta":60,"minecraft:polished_andesite":4,"minecraft:oak_door":9,"minecraft:wooden_sword":1,"minecraft:gray_glazed_terracotta":128,"minecraft:redstone":680,"minecraft:netherite_sword":1,"minecraft:leather_boots":1,"minecraft:furnace":11,"minecraft:stone_button":1362,"minecraft:piston":28,"minecraft:dark_oak_trapdoor":78,"minecraft:jungle_trapdoor":538,"minecraft:gray_dye":102,"minecraft:mushroom_stew":4,"minecraft:diamond_block":93,"minecraft:end_stone_bricks":128,"minecraft:oak_trapdoor":14,"minecraft:glass_pane":960,"minecraft:flint_and_steel":3,"minecraft:scaffolding":150,"minecraft:netherite_chestplate":1,"minecraft:netherite_leggings":1,"minecraft:polished_deepslate":1,"minecraft:iron_axe":6,"minecraft:netherite_scrap":72,"minecraft:purpur_block":64,"minecraft:minecart":58,"minecraft:observer":167,"minecraft:sugar":40,"minecraft:red_dye":453,"minecraft:crimson_planks":24,"minecraft:diamond_sword":1,"minecraft:spruce_sign":9,"minecraft:purple_stained_glass":384,"minecraft:iron_trapdoor":1,"minecraft:powered_rail":216,"minecraft:activator_rail":6,"minecraft:iron_sword":6,"minecraft:bucket":72,"minecraft:stone_axe":1,"minecraft:bread":57,"minecraft:air":0,"minecraft:jungle_planks":5132,"minecraft:black_stained_glass":544,"minecraft:blue_dye":166,"minecraft:oak_boat":6,"minecraft:white_wool":296,"minecraft:white_dye":57,"minecraft:netherite_shovel":1,"minecraft:blue_wool":50,"minecraft:stonecutter":2,"minecraft:anvil":5,"minecraft:acacia_planks":32,"minecraft:torch":1940,"minecraft:lapis_lazuli":246,"minecraft:lapis_block":4,"minecraft:diamond_chestplate":1,"minecraft:firework_rocket":7128},"minecraft:killed_by":{"minecraft:guardian":1,"minecraft:player":1,"minecraft:skeleton":1},"minecraft:used":{"minecraft:peony":1,"minecraft:nether_brick_fence":1,"minecraft:writable_book":25,"minecraft:dispenser":1,"minecraft:ladder":169,"minecraft:polished_blackstone":33,"minecraft:elytra":5,"minecraft:poppy":1,"minecraft:black_carpet":7,"minecraft:chest":333,"minecraft:stone":618,"minecraft:warped_sign":4,"minecraft:quartz_stairs":90,"minecraft:soul_sand":33,"minecraft:blue_stained_glass":52,"minecraft:jungle_slab":6,"minecraft:deepslate_brick_slab":156,"minecraft:polished_blackstone_slab":57,"minecraft:spruce_boat":6,"minecraft:jungle_sapling":58,"minecraft:packed_ice":178,"minecraft:lava_bucket":2,"minecraft:netherite_shovel":6746,"minecraft:music_disc_pigstep":2,"minecraft:quartz_pillar":39,"minecraft:grass_block":87,"minecraft:copper_ore":1,"minecraft:quartz_block":300,"minecraft:wet_sponge":1180,"minecraft:netherite_hoe":2435,"minecraft:dark_oak_leaves":1,"minecraft:dark_oak_slab":5,"minecraft:stone_brick_stairs":1,"minecraft:blue_banner":3,"minecraft:music_disc_stal":1,"minecraft:netherite_boots":9,"minecraft:bow":339,"minecraft:sweet_berries":2,"minecraft:oak_sapling":23,"minecraft:cooked_cod":7,"minecraft:furnace":11,"minecraft:egg":99,"minecraft:potato":21,"minecraft:dragon_head":3,"minecraft:deepslate_brick_wall":376,"minecraft:diorite":4,"minecraft:end_stone_bricks":19,"minecraft:chorus_fruit":11,"minecraft:powered_rail":239,"minecraft:prismarine":475,"minecraft:blackstone":72,"minecraft:wooden_pickaxe":10,"minecraft:composter":16,"minecraft:purpur_pillar":27,"minecraft:jungle_boat":25,"minecraft:golden_apple":119,"minecraft:glow_berries":1,"minecraft:dark_oak_trapdoor":101,"minecraft:sand":137,"minecraft:purpur_stairs":13,"minecraft:blast_furnace":1,"minecraft:netherite_helmet":9,"minecraft:chiseled_quartz_block":38,"minecraft:gray_concrete":491,"minecraft:black_concrete_powder":931,"minecraft:pumpkin_seeds":1,"minecraft:deepslate_brick_stairs":49,"minecraft:lightning_rod":2,"minecraft:deepslate_tiles":224,"minecraft:chiseled_sandstone":1,"minecraft:crying_obsidian":41,"minecraft:stone_button":806,"minecraft:lectern":454,"minecraft:diamond_ore":1,"minecraft:nether_wart_block":6,"minecraft:smithing_table":1,"minecraft:poisonous_potato":1,"minecraft:oak_boat":74,"minecraft:gray_stained_glass":518,"minecraft:oak_trapdoor":34,"minecraft:iron_bars":44,"minecraft:stone_sword":12,"minecraft:carved_pumpkin":1,"minecraft:armor_stand":2,"minecraft:light_gray_carpet":1,"minecraft:mycelium":3,"minecraft:tinted_glass":92,"minecraft:netherrack":1162,"minecraft:torch":2554,"minecraft:brewing_stand":18,"minecraft:anvil":6,"minecraft:chorus_flower":23,"minecraft:nether_quartz_ore":225,"minecraft:twisting_vines":105,"minecraft:stone_stairs":1628,"minecraft:jungle_trapdoor":572,"minecraft:nether_brick_stairs":1,"minecraft:polished_diorite":13,"minecraft:music_disc_mellohi":3,"minecraft:red_shulker_box":26,"minecraft:sea_lantern":139,"minecraft:iron_block":423,"minecraft:iron_axe":1424,"minecraft:slime_block":74,"minecraft:polished_deepslate_wall":1,"minecraft:smooth_quartz":14,"minecraft:totem_of_undying":5,"minecraft:barrel":1,"minecraft:bamboo":17,"minecraft:smooth_basalt":9,"minecraft:basalt":30,"minecraft:gray_glazed_terracotta":95,"minecraft:iron_trapdoor":24,"minecraft:observer":158,"minecraft:cobbled_deepslate":126,"minecraft:orange_terracotta":4,"minecraft:calcite":33,"minecraft:wheat_seeds":63,"minecraft:water_bucket":1306,"minecraft:prismarine_brick_slab":71,"minecraft:fletching_table":1,"minecraft:glow_ink_sac":27,"minecraft:deepslate_bricks":1632,"minecraft:polished_blackstone_bricks":9,"minecraft:rail":256,"minecraft:comparator":8,"minecraft:tnt":55,"minecraft:oak_slab":8,"minecraft:crafting_table":41,"minecraft:green_dye":1,"minecraft:crimson_trapdoor":14,"minecraft:white_bed":6,"minecraft:lime_shulker_box":16,"minecraft:dark_prismarine":1,"minecraft:amethyst_cluster":194,"minecraft:ender_eye":3,"minecraft:diamond_pickaxe":73,"minecraft:acacia_sign":11,"minecraft:iron_pickaxe":411,"minecraft:suspicious_stew":3,"minecraft:spruce_trapdoor":61,"minecraft:spruce_sapling":85,"minecraft:cobblestone":199,"minecraft:potion":58,"minecraft:cooked_porkchop":11,"minecraft:glass_pane":887,"minecraft:kelp":391,"minecraft:dandelion":3,"minecraft:jukebox":1,"minecraft:blue_terracotta":51,"minecraft:iron_shovel":175,"minecraft:polished_deepslate":65,"minecraft:oak_sign":37,"minecraft:polished_basalt":447,"minecraft:white_concrete_powder":186,"minecraft:shield":23,"minecraft:iron_sword":1184,"minecraft:nether_wart":51,"minecraft:bell":1,"minecraft:player_head":17,"minecraft:iron_chestplate":1,"minecraft:birch_pressure_plate":6,"minecraft:nether_bricks":2,"minecraft:prismarine_brick_stairs":22,"minecraft:carrot":82,"minecraft:tuff":15,"minecraft:axolotl_bucket":3,"minecraft:milk_bucket":9,"minecraft:obsidian":217,"minecraft:glass":2612,"minecraft:cyan_terracotta":9,"minecraft:coal_ore":192,"minecraft:quartz_slab":124,"minecraft:lantern":29,"minecraft:polished_blackstone_brick_wall":179,"minecraft:warped_nylium":15,"minecraft:gray_concrete_powder":680,"minecraft:hopper_minecart":58,"minecraft:stone_bricks":75,"minecraft:item_frame":5,"minecraft:deepslate_diamond_ore":69,"minecraft:repeater":40,"minecraft:redstone_lamp":1,"minecraft:magma_block":3042,"minecraft:scaffolding":703,"minecraft:jungle_button":3,"minecraft:written_book":128,"minecraft:gold_block":127,"minecraft:end_rod":2,"minecraft:dropper":9,"minecraft:gray_carpet":2,"minecraft:oak_planks":1,"minecraft:ender_pearl":272,"minecraft:sandstone":2,"minecraft:redstone_block":42,"minecraft:end_stone_brick_slab":252,"minecraft:blue_bed":5,"minecraft:sugar_cane":104,"minecraft:white_wool":4,"minecraft:large_amethyst_bud":5,"minecraft:golden_hoe":18,"minecraft:netherite_leggings":4,"minecraft:loom":3,"minecraft:mushroom_stew":3,"minecraft:crossbow":40,"minecraft:note_block":5,"minecraft:sponge":1181,"minecraft:stone_brick_wall":1,"minecraft:end_stone":226,"minecraft:dark_oak_log":2,"minecraft:firework_rocket":4083,"minecraft:redstone_torch":5,"minecraft:sticky_piston":71,"minecraft:lever":45,"minecraft:black_concrete":262,"minecraft:bread":69,"minecraft:gray_shulker_box":8,"minecraft:melon_slice":19,"minecraft:string":1,"minecraft:deepslate":330,"minecraft:gravel":13204,"minecraft:golden_helmet":1,"minecraft:jungle_sign":13,"minecraft:andesite":35,"minecraft:white_concrete":33,"minecraft:bone_meal":23,"minecraft:experience_bottle":1343,"minecraft:trident":3058,"minecraft:netherite_sword":2753,"minecraft:purpur_block":51,"minecraft:rose_bush":1,"minecraft:flint_and_steel":81,"minecraft:redstone":124,"minecraft:stone_shovel":47,"minecraft:light_blue_terracotta":97,"minecraft:spruce_planks":1,"minecraft:ender_chest":140,"minecraft:deepslate_gold_ore":4,"minecraft:stone_hoe":3,"minecraft:oak_door":13,"minecraft:spyglass":45,"minecraft:dirt":1383,"minecraft:white_carpet":145,"minecraft:hopper":88,"minecraft:prismarine_bricks":71,"minecraft:shulker_box":126,"minecraft:granite":4,"minecraft:pink_carpet":1,"minecraft:spruce_fence":8,"minecraft:iron_hoe":1,"minecraft:dark_oak_planks":15,"minecraft:stone_brick_slab":20,"minecraft:bookshelf":3245,"minecraft:oak_stairs":1,"minecraft:iron_boots":1,"minecraft:golden_carrot":1282,"minecraft:black_stained_glass":1026,"minecraft:emerald_block":185,"minecraft:white_stained_glass_pane":49,"minecraft:minecart":33,"minecraft:netherite_pickaxe":58997,"minecraft:powder_snow_bucket":37,"minecraft:pumpkin":11,"minecraft:iron_leggings":1,"minecraft:quartz_bricks":40,"minecraft:amethyst_block":2,"minecraft:iron_ore":37,"minecraft:cobblestone_stairs":1,"minecraft:glass_bottle":77,"minecraft:netherite_chestplate":5,"minecraft:cut_sandstone":13,"minecraft:brown_mushroom":1,"minecraft:black_shulker_box":139,"minecraft:spruce_sign":13,"minecraft:magenta_stained_glass":62,"minecraft:stonecutter":11,"minecraft:beacon":5,"minecraft:terracotta":4,"minecraft:dark_prismarine_slab":189,"minecraft:nether_gold_ore":18,"minecraft:purple_stained_glass":93,"minecraft:piston":145,"minecraft:activator_rail":3,"minecraft:cracked_polished_blackstone_bricks":6,"minecraft:netherite_axe":6330,"minecraft:lapis_ore":2,"minecraft:stone_slab":245,"minecraft:stone_axe":131,"minecraft:green_shulker_box":13,"minecraft:bucket":1392,"minecraft:lapis_block":1,"minecraft:sea_pickle":10,"minecraft:smooth_stone":16,"minecraft:splash_potion":8}},"DataVersion":3105}