{"stats":{"minecraft:mined":{"minecraft:dragon_wall_head":1,"minecraft:blue_carpet":8,"minecraft:white_bed":29,"minecraft:weathered_cut_copper_slab":1,"minecraft:fire_coral_wall_fan":1,"minecraft:granite":2178,"minecraft:acacia_log":167,"minecraft:deepslate_tile_wall":21,"minecraft:brown_wool":9,"minecraft:blue_wool":9,"minecraft:green_concrete":255,"minecraft:oak_wall_sign":4,"minecraft:chorus_flower":1,"minecraft:magma_block":22,"minecraft:dark_oak_trapdoor":32,"minecraft:barrel":28,"minecraft:cobbled_deepslate":946,"minecraft:fire":24,"minecraft:deepslate_lapis_ore":180,"minecraft:fletching_table":13,"minecraft:twisting_vines":1,"minecraft:potted_dandelion":2,"minecraft:green_carpet":4,"minecraft:pink_tulip":2,"minecraft:spruce_wood":405,"minecraft:player_head":6,"minecraft:tripwire":12,"minecraft:orange_bed":1,"minecraft:jungle_trapdoor":21,"minecraft:magenta_carpet":15,"minecraft:kelp_plant":75,"minecraft:deepslate_brick_wall":36,"minecraft:smoker":21,"minecraft:crimson_nylium":13,"minecraft:deepslate_tile_slab":55,"minecraft:powder_snow":81,"minecraft:note_block":5,"minecraft:torch":334,"minecraft:melon":10,"minecraft:white_stained_glass_pane":30,"minecraft:dead_bush":10,"minecraft:spruce_wall_sign":12,"minecraft:lime_shulker_box":38,"minecraft:sugar_cane":559,"minecraft:bricks":20,"minecraft:amethyst_block":506,"minecraft:white_terracotta":3,"minecraft:chain":80,"minecraft:repeater":13,"minecraft:verdant_froglight":5,"minecraft:tinted_glass":28,"minecraft:magenta_bed":1,"minecraft:jukebox":4,"minecraft:yellow_glazed_terracotta":9,"minecraft:grass":2002,"minecraft:dark_oak_sapling":3,"minecraft:mangrove_log":809,"minecraft:smooth_basalt":132,"minecraft:acacia_sign":1,"minecraft:deepslate":22403,"minecraft:dark_prismarine":12,"minecraft:deepslate_tiles":102,"minecraft:light_blue_wool":9,"minecraft:mossy_cobblestone":34,"minecraft:crimson_fence_gate":1,"minecraft:dark_oak_log":2319,"minecraft:potted_flowering_azalea_bush":4,"minecraft:sea_lantern":22,"minecraft:purple_candle":1,"minecraft:end_stone":3083,"minecraft:dark_oak_fence":129,"minecraft:spruce_fence":201,"minecraft:redstone_wire":181,"minecraft:red_mushroom":5,"minecraft:redstone_ore":22,"minecraft:acacia_trapdoor":1,"minecraft:andesite":2533,"minecraft:big_dripleaf_stem":1,"minecraft:cyan_concrete":487,"minecraft:cobblestone_slab":1,"minecraft:vine":279,"minecraft:rail":38,"minecraft:potted_spruce_sapling":4,"minecraft:bone_block":12,"minecraft:fire_coral_block":1,"minecraft:green_wool":9,"minecraft:ender_chest":19,"minecraft:birch_stairs":1,"minecraft:oak_slab":27,"minecraft:glass_pane":80,"minecraft:soul_sand":274,"minecraft:dandelion":182,"minecraft:cornflower":23,"minecraft:warped_roots":8,"minecraft:crimson_slab":6,"minecraft:campfire":15,"minecraft:potted_oxeye_daisy":1,"minecraft:lightning_rod":1,"minecraft:tall_grass":513,"minecraft:copper_ore":568,"minecraft:deepslate_gold_ore":317,"minecraft:diorite":3641,"minecraft:orange_carpet":5,"minecraft:warped_wart_block":612,"minecraft:purple_wool":14,"minecraft:black_stained_glass":29,"minecraft:cut_copper_slab":87,"minecraft:coarse_dirt":50,"minecraft:cobblestone_wall":2,"minecraft:dark_oak_wall_sign":3,"minecraft:purple_concrete":362,"minecraft:mangrove_leaves":2906,"minecraft:gravel":2825,"minecraft:cobweb":14,"minecraft:polished_blackstone":1,"minecraft:stone_bricks":231,"minecraft:gold_ore":62,"minecraft:fern":121,"minecraft:oak_sapling":1,"minecraft:farmland":2,"minecraft:mossy_stone_brick_slab":1,"minecraft:magenta_banner":2,"minecraft:orange_stained_glass":20,"minecraft:orange_wool":9,"minecraft:brewing_stand":2,"minecraft:spruce_trapdoor":83,"minecraft:budding_amethyst":9,"minecraft:mangrove_door":12,"minecraft:white_concrete":206,"minecraft:polished_diorite":94,"minecraft:sculk_catalyst":2,"minecraft:turtle_egg":27,"minecraft:flowering_azalea_leaves":674,"minecraft:iron_bars":6,"minecraft:azalea":27,"minecraft:granite_stairs":2,"minecraft:spruce_slab":78,"minecraft:deepslate_redstone_ore":301,"minecraft:quartz_block":28,"minecraft:powder_snow_cauldron":1,"minecraft:magenta_wall_banner":1,"minecraft:nether_quartz_ore":850,"minecraft:oak_planks":238,"minecraft:wall_torch":174,"minecraft:warped_nylium":48,"minecraft:powered_rail":26,"minecraft:dark_oak_slab":427,"minecraft:warped_planks":74,"minecraft:exposed_cut_copper_slab":3,"minecraft:tnt":1,"minecraft:oak_log":715,"minecraft:beetroots":1,"minecraft:dirt":6472,"minecraft:raw_copper_block":1,"minecraft:dispenser":10,"minecraft:crying_obsidian":1,"minecraft:pink_carpet":1,"minecraft:quartz_stairs":17,"minecraft:dark_oak_leaves":1046,"minecraft:stripped_mangrove_log":9,"minecraft:mangrove_roots":1924,"minecraft:glow_lichen":1,"minecraft:lever":29,"minecraft:ladder":156,"minecraft:stone_button":16,"minecraft:brown_mushroom_block":46,"minecraft:spruce_leaves":241,"minecraft:acacia_slab":95,"minecraft:crimson_stem":245,"minecraft:hay_block":206,"minecraft:nether_sprouts":3,"minecraft:waxed_oxidized_cut_copper_slab":1,"minecraft:peony":1,"minecraft:gold_block":3,"minecraft:nether_brick_fence":4,"minecraft:bookshelf":56,"minecraft:deepslate_iron_ore":555,"minecraft:shroomlight":62,"minecraft:stripped_oak_log":1,"minecraft:blue_glazed_terracotta":3,"minecraft:jungle_fence_gate":1,"minecraft:acacia_leaves":31,"minecraft:scaffolding":841,"minecraft:snow_block":260,"minecraft:polished_granite":26,"minecraft:oak_fence":12,"minecraft:honey_block":3,"minecraft:lime_carpet":3,"minecraft:stone_slab":37,"minecraft:deepslate_coal_ore":35,"minecraft:prismarine_bricks":108,"minecraft:sea_pickle":27,"minecraft:ice":21,"minecraft:mangrove_planks":616,"minecraft:bee_nest":27,"minecraft:black_wool":9,"minecraft:cocoa":9,"minecraft:ochre_froglight":6,"minecraft:flower_pot":7,"minecraft:cyan_carpet":15,"minecraft:yellow_concrete":338,"minecraft:purple_shulker_box":78,"minecraft:jungle_wall_sign":1,"minecraft:dark_oak_planks":1178,"minecraft:dark_prismarine_stairs":12,"minecraft:light_blue_concrete":16,"minecraft:jungle_leaves":454,"minecraft:carved_pumpkin":2,"minecraft:warped_stairs":10,"minecraft:obsidian":34,"minecraft:crimson_trapdoor":4,"minecraft:stone_brick_wall":3,"minecraft:jungle_log":2044,"minecraft:deepslate_bricks":760,"minecraft:purpur_slab":5,"minecraft:deepslate_tile_stairs":54,"minecraft:bubble_coral_block":4,"minecraft:hopper":46,"minecraft:tube_coral_block":2,"minecraft:crimson_fungus":3,"minecraft:oxeye_daisy":16,"minecraft:chiseled_stone_bricks":8,"minecraft:orange_concrete":1292,"minecraft:weeping_vines_plant":8,"minecraft:tall_seagrass":85,"minecraft:pumpkin":4,"minecraft:moss_carpet":87,"minecraft:enchanting_table":1,"minecraft:cave_vines":20,"minecraft:dirt_path":168,"minecraft:small_amethyst_bud":1,"minecraft:oak_stairs":32,"minecraft:quartz_slab":17,"minecraft:deepslate_brick_stairs":163,"minecraft:iron_block":51,"minecraft:soul_wall_torch":1,"minecraft:brown_mushroom":30,"minecraft:red_bed":3,"minecraft:player_wall_head":7,"minecraft:amethyst_cluster":132,"minecraft:blast_furnace":5,"minecraft:polished_diorite_slab":1,"minecraft:glass":106,"minecraft:damaged_anvil":1,"minecraft:spruce_sign":11,"minecraft:polished_diorite_stairs":12,"minecraft:cyan_wool":9,"minecraft:wheat":4484,"minecraft:lilac":16,"minecraft:lime_concrete":788,"minecraft:warped_fungus":29,"minecraft:stone_brick_stairs":81,"minecraft:prismarine_brick_stairs":4,"minecraft:oak_fence_gate":3,"minecraft:red_mushroom_block":45,"minecraft:stonecutter":12,"minecraft:piston":9,"minecraft:pink_shulker_box":38,"minecraft:shulker_box":284,"minecraft:nether_bricks":28,"minecraft:jungle_planks":197,"minecraft:crimson_roots":21,"minecraft:magenta_concrete":16,"minecraft:lime_wool":9,"minecraft:kelp":35,"minecraft:moss_block":364,"minecraft:pink_wool":11,"minecraft:jungle_sapling":2,"minecraft:snow":31,"minecraft:warped_wall_sign":1,"minecraft:white_glazed_terracotta":7,"minecraft:potatoes":88,"minecraft:warped_stem":263,"minecraft:bamboo_sapling":2,"minecraft:bamboo":97,"minecraft:warped_trapdoor":18,"minecraft:white_wool":145,"minecraft:smithing_table":7,"minecraft:gray_concrete":1,"minecraft:comparator":5,"minecraft:hanging_roots":1,"minecraft:stone_brick_slab":59,"minecraft:observer":1,"minecraft:jungle_sign":2,"minecraft:sponge":3,"minecraft:dropper":7,"minecraft:big_dripleaf":1,"minecraft:pearlescent_froglight":9,"minecraft:spruce_log":3659,"minecraft:jungle_fence":8,"minecraft:quartz_pillar":2,"minecraft:mycelium":1253,"minecraft:acacia_planks":5,"minecraft:spruce_fence_gate":10,"minecraft:black_shulker_box":14,"minecraft:large_amethyst_bud":15,"minecraft:spruce_planks":107,"minecraft:jungle_slab":60,"minecraft:sculk_vein":1,"minecraft:potted_cactus":2,"minecraft:cave_vines_plant":11,"minecraft:grass_block":8601,"minecraft:mangrove_fence":24,"minecraft:blue_concrete":434,"minecraft:warped_sign":2,"minecraft:raw_iron_block":1,"minecraft:glowstone":119,"minecraft:iron_ore":691,"minecraft:anvil":1,"minecraft:azure_bluet":14,"minecraft:dark_oak_stairs":127,"minecraft:purple_carpet":43,"minecraft:azalea_leaves":2269,"minecraft:end_stone_bricks":11,"minecraft:brain_coral_block":2,"minecraft:twisting_vines_plant":3,"minecraft:melon_stem":1,"minecraft:clay":1121,"minecraft:calcite":516,"minecraft:poppy":40,"minecraft:chest":52,"minecraft:cobblestone":336,"minecraft:slime_block":1,"minecraft:grindstone":4,"minecraft:prismarine":94,"minecraft:iron_door":2,"minecraft:deepslate_copper_ore":78,"minecraft:magenta_shulker_box":116,"minecraft:seagrass":97,"minecraft:acacia_sapling":7,"minecraft:dark_oak_door":8,"minecraft:nether_wart_block":84,"minecraft:yellow_wool":18,"minecraft:light_gray_wool":9,"minecraft:purpur_block":4,"minecraft:acacia_fence":1,"minecraft:sand":6743,"minecraft:waxed_exposed_cut_copper_slab":5,"minecraft:crimson_planks":131,"minecraft:tripwire_hook":2,"minecraft:netherrack":599,"minecraft:oak_leaves":545,"minecraft:polished_deepslate_wall":8,"minecraft:magenta_wool":9,"minecraft:horn_coral_block":1,"minecraft:redstone_lamp":50,"minecraft:granite_wall":18,"minecraft:nether_gold_ore":59,"minecraft:diamond_ore":7,"minecraft:tuff":1650,"minecraft:red_carpet":1,"minecraft:deepslate_diamond_ore":103,"minecraft:oak_door":7,"minecraft:dark_oak_pressure_plate":6,"minecraft:brick_stairs":37,"minecraft:weeping_vines":4,"minecraft:white_stained_glass":33,"minecraft:mangrove_trapdoor":1,"minecraft:mangrove_propagule":109,"minecraft:sandstone":303,"minecraft:rooted_dirt":31,"minecraft:deepslate_brick_slab":103,"minecraft:spore_blossom":3,"minecraft:oak_trapdoor":12,"minecraft:spruce_sapling":37,"minecraft:furnace":11,"minecraft:carrots":538,"minecraft:acacia_stairs":15,"minecraft:dark_oak_fence_gate":7,"minecraft:stripped_spruce_log":5,"minecraft:black_concrete":372,"minecraft:chiseled_deepslate":39,"minecraft:bell":3,"minecraft:polished_deepslate":1,"minecraft:lantern":18,"minecraft:packed_ice":698,"minecraft:chorus_plant":1,"minecraft:stone":28429,"minecraft:white_tulip":1,"minecraft:yellow_shulker_box":35,"minecraft:redstone_wall_torch":16,"minecraft:podzol":888,"minecraft:flowering_azalea":14,"minecraft:red_wool":11,"minecraft:cut_copper_stairs":32,"minecraft:brick_wall":32,"minecraft:spruce_door":18,"minecraft:crafting_table":20,"minecraft:rose_bush":5,"minecraft:lectern":750,"minecraft:lapis_ore":146,"minecraft:lily_pad":66,"minecraft:sculk":1,"minecraft:spruce_stairs":99,"minecraft:gray_wool":9,"minecraft:cactus":97,"minecraft:brick_slab":6,"minecraft:waxed_weathered_cut_copper_slab":2,"minecraft:beehive":13,"minecraft:redstone_torch":3,"minecraft:sweet_berry_bush":77,"minecraft:yellow_bed":9,"minecraft:mangrove_slab":4,"minecraft:coal_ore":1986,"minecraft:end_rod":115,"minecraft:gray_carpet":4,"minecraft:terracotta":88,"minecraft:polished_andesite":8,"minecraft:acacia_wall_sign":8,"minecraft:crimson_hyphae":47,"minecraft:warped_slab":32},"minecraft:broken":{"minecraft:shears":16,"minecraft:iron_leggings":1,"minecraft:fishing_rod":1,"minecraft:iron_hoe":1,"minecraft:wooden_pickaxe":1,"minecraft:shield":1,"minecraft:iron_pickaxe":12,"minecraft:iron_shovel":1,"minecraft:stone_pickaxe":2,"minecraft:stone_axe":1,"minecraft:golden_boots":3,"minecraft:iron_sword":15,"minecraft:iron_axe":3,"minecraft:iron_helmet":1,"minecraft:golden_pickaxe":1},"minecraft:crafted":{"minecraft:black_dye":248,"minecraft:yellow_wool":21,"minecraft:oak_sign":6,"minecraft:blaze_powder":4,"minecraft:brick_wall":30,"minecraft:diamond_shovel":7,"minecraft:gray_wool":9,"minecraft:shulker_box":25,"minecraft:diamond_helmet":5,"minecraft:white_glazed_terracotta":8,"minecraft:light_blue_concrete_powder":8,"minecraft:iron_door":3,"minecraft:dried_kelp_block":13,"minecraft:black_wool":15,"minecraft:name_tag":22,"minecraft:lime_concrete_powder":768,"minecraft:warped_stairs":32,"minecraft:redstone_lamp":78,"minecraft:acacia_slab":280,"minecraft:jungle_boat":4,"minecraft:glow_item_frame":1,"minecraft:jungle_pressure_plate":6,"minecraft:smithing_table":2,"minecraft:golden_pickaxe":1,"minecraft:fletching_table":5,"minecraft:stone_brick_stairs":65,"minecraft:lectern":10,"minecraft:stone_slab":54,"minecraft:iron_pickaxe":12,"minecraft:netherite_ingot":11,"minecraft:dark_prismarine":2,"minecraft:cyan_wool":22,"minecraft:jungle_sign":6,"minecraft:golden_carrot":424,"minecraft:magenta_wool":124,"minecraft:jukebox":2,"minecraft:iron_nugget":495,"minecraft:spyglass":1,"minecraft:crimson_trapdoor":12,"minecraft:diamond_hoe":4,"minecraft:brick_stairs":16,"minecraft:soul_torch":36,"minecraft:light_gray_wool":9,"minecraft:spruce_fence":621,"minecraft:terracotta":512,"minecraft:lantern":89,"minecraft:spruce_stairs":300,"minecraft:polished_diorite":1340,"minecraft:black_concrete_powder":128,"minecraft:stone_pickaxe":2,"minecraft:quartz_slab":6,"minecraft:spruce_boat":56,"minecraft:purple_carpet":359,"minecraft:brick_slab":6,"minecraft:lead":42,"minecraft:enchanting_table":1,"minecraft:crimson_slab":6,"minecraft:acacia_trapdoor":4,"minecraft:light_blue_wool":15,"minecraft:leather_helmet":12,"minecraft:dark_oak_button":16,"minecraft:acacia_stairs":128,"minecraft:red_carpet":9,"minecraft:deepslate_tiles":4493,"minecraft:enchanted_book":83,"minecraft:orange_dye":200,"minecraft:magenta_glazed_terracotta":8,"minecraft:light_blue_carpet":9,"minecraft:oak_fence_gate":18,"minecraft:red_stained_glass":48,"minecraft:soul_lantern":19,"minecraft:warped_sign":15,"minecraft:fermented_spider_eye":2,"minecraft:writable_book":10,"minecraft:iron_shovel":3,"minecraft:note_block":8,"minecraft:mangrove_slab":6,"minecraft:grindstone":1,"minecraft:barrel":105,"minecraft:magenta_banner":17,"minecraft:leather_horse_armor":31,"minecraft:cooked_chicken":5,"minecraft:stone":112,"minecraft:warped_planks":680,"minecraft:stone_brick_slab":386,"minecraft:mangrove_fence":6,"minecraft:bow":38,"minecraft:comparator":23,"minecraft:chest":271,"minecraft:yellow_terracotta":8,"minecraft:copper_block":195,"minecraft:jungle_stairs":152,"minecraft:blue_concrete_powder":208,"minecraft:bricks":112,"minecraft:ender_eye":2,"minecraft:stone_bricks":1920,"minecraft:oak_fence":42,"minecraft:golden_boots":8,"minecraft:dropper":4,"minecraft:arrow":176,"minecraft:cauldron":2,"minecraft:iron_helmet":6,"minecraft:brown_dye":13,"minecraft:red_wool":16,"minecraft:white_stained_glass_pane":112,"minecraft:dispenser":23,"minecraft:tnt":12,"minecraft:spruce_trapdoor":218,"minecraft:yellow_dye":164,"minecraft:purple_dye":312,"minecraft:pink_wool":9,"minecraft:warped_fence_gate":2,"minecraft:stick":17695,"minecraft:iron_ingot":1992,"minecraft:lime_carpet":3,"minecraft:cyan_carpet":33,"minecraft:dark_oak_fence_gate":42,"minecraft:deepslate_bricks":6910,"minecraft:blue_terracotta":8,"minecraft:deepslate_tile_slab":6,"minecraft:orange_glazed_terracotta":8,"minecraft:oak_door":6,"minecraft:stone_brick_wall":8,"minecraft:fishing_rod":10,"minecraft:beehive":8,"minecraft:leather_boots":13,"minecraft:furnace":31,"minecraft:blast_furnace":2,"minecraft:piston":76,"minecraft:raw_copper_block":4,"minecraft:oak_trapdoor":32,"minecraft:flint_and_steel":3,"minecraft:scaffolding":642,"minecraft:white_concrete_powder":152,"minecraft:orange_terracotta":8,"minecraft:cobblestone_wall":72,"minecraft:honey_block":1,"minecraft:purple_terracotta":8,"minecraft:purple_shulker_box":2,"minecraft:mangrove_door":12,"minecraft:iron_sword":15,"minecraft:golden_shovel":1,"minecraft:mangrove_planks":3160,"minecraft:jungle_planks":7924,"minecraft:white_dye":205,"minecraft:blue_wool":15,"minecraft:stonecutter":3,"minecraft:anvil":15,"minecraft:torch":1228,"minecraft:orange_bed":2,"minecraft:magenta_carpet":18,"minecraft:diamond_chestplate":1,"minecraft:ender_chest":1,"minecraft:smooth_stone":12,"minecraft:jungle_fence_gate":4,"minecraft:dark_oak_pressure_plate":11,"minecraft:orange_carpet":33,"minecraft:orange_stained_glass":64,"minecraft:dark_oak_wood":195,"minecraft:slime_block":1,"minecraft:loom":1,"minecraft:lever":49,"minecraft:bookshelf":92,"minecraft:dark_prismarine_stairs":6,"minecraft:cooked_mutton":3,"minecraft:iron_bars":16,"minecraft:magenta_shulker_box":2,"minecraft:quartz_block":384,"minecraft:glass":3255,"minecraft:repeater":15,"minecraft:diamond_leggings":1,"minecraft:acacia_fence":54,"minecraft:magenta_dye":220,"minecraft:cooked_rabbit":1,"minecraft:flower_pot":77,"minecraft:purple_candle":1,"minecraft:glass_bottle":1785,"minecraft:deepslate":396,"minecraft:emerald":2445,"minecraft:cooked_porkchop":97,"minecraft:diamond_axe":6,"minecraft:spruce_door":12,"minecraft:clock":8,"minecraft:copper_ingot":1809,"minecraft:hay_block":266,"minecraft:campfire":13,"minecraft:lime_shulker_box":4,"minecraft:compass":33,"minecraft:iron_block":85,"minecraft:white_terracotta":8,"minecraft:gold_ingot":775,"minecraft:light_gray_dye":14,"minecraft:spruce_fence_gate":30,"minecraft:saddle":49,"minecraft:yellow_concrete_powder":128,"minecraft:smooth_stone_slab":6,"minecraft:player_head":4,"minecraft:tinted_glass":32,"minecraft:crimson_fence_gate":8,"minecraft:yellow_bed":3,"minecraft:red_terracotta":8,"minecraft:bone_meal":1983,"minecraft:pink_dye":16,"minecraft:candle":1,"minecraft:orange_wool":37,"minecraft:warped_trapdoor":26,"minecraft:dark_oak_fence":309,"minecraft:yellow_glazed_terracotta":8,"minecraft:ladder":123,"minecraft:spruce_slab":1134,"minecraft:diamond_boots":3,"minecraft:red_glazed_terracotta":8,"minecraft:redstone_block":18,"minecraft:jungle_fence":108,"minecraft:dark_oak_planks":8406,"minecraft:wheat":828,"minecraft:coal_block":48,"minecraft:cyan_glazed_terracotta":8,"minecraft:crossbow":1,"minecraft:netherite_pickaxe":1,"minecraft:skull_banner_pattern":1,"minecraft:dried_kelp":128,"minecraft:deepslate_brick_slab":4,"minecraft:glowstone":30,"minecraft:white_stained_glass":176,"minecraft:jungle_slab":432,"minecraft:golden_apple":8,"minecraft:acacia_sign":12,"minecraft:oak_stairs":52,"minecraft:crimson_fence":3,"minecraft:iron_leggings":5,"minecraft:white_bed":9,"minecraft:lime_wool":11,"minecraft:blue_carpet":9,"minecraft:brick":860,"minecraft:oak_planks":2392,"minecraft:dark_oak_boat":2,"minecraft:pink_shulker_box":4,"minecraft:purple_glazed_terracotta":8,"minecraft:mangrove_boat":3,"minecraft:warped_hyphae":36,"minecraft:flower_banner_pattern":1,"minecraft:green_dye":167,"minecraft:dark_oak_door":9,"minecraft:hopper":86,"minecraft:raw_copper":45,"minecraft:cyan_terracotta":8,"minecraft:smoker":4,"minecraft:oak_slab":66,"minecraft:item_frame":9,"minecraft:map":3,"minecraft:crafting_table":16,"minecraft:spruce_planks":6608,"minecraft:wooden_pickaxe":1,"minecraft:baked_potato":967,"minecraft:mangrove_trapdoor":2,"minecraft:gold_block":22,"minecraft:hopper_minecart":9,"minecraft:dark_oak_slab":6438,"minecraft:iron_chestplate":6,"minecraft:book":194,"minecraft:paper":3138,"minecraft:diamond_pickaxe":7,"minecraft:shield":5,"minecraft:warped_slab":42,"minecraft:light_blue_dye":16,"minecraft:leather_chestplate":20,"minecraft:stone_sword":1,"minecraft:redstone_torch":149,"minecraft:shears":131,"minecraft:green_carpet":24,"minecraft:crimson_hyphae":45,"minecraft:polished_andesite":24,"minecraft:coarse_dirt":768,"minecraft:purple_wool":249,"minecraft:redstone":162,"minecraft:raw_iron":9,"minecraft:coal":424,"minecraft:stone_button":582,"minecraft:dark_oak_trapdoor":200,"minecraft:jungle_trapdoor":18,"minecraft:gray_dye":24,"minecraft:dark_oak_sign":6,"minecraft:diamond_block":1,"minecraft:glass_pane":560,"minecraft:yellow_shulker_box":4,"minecraft:leather":1,"minecraft:polished_deepslate":6908,"minecraft:green_concrete_powder":192,"minecraft:iron_axe":3,"minecraft:spruce_wood":801,"minecraft:iron_hoe":1,"minecraft:orange_concrete_powder":1096,"minecraft:lime_dye":144,"minecraft:netherite_scrap":44,"minecraft:observer":10,"minecraft:blue_glazed_terracotta":8,"minecraft:minecart":9,"minecraft:cooked_beef":79,"minecraft:sugar":2,"minecraft:red_dye":404,"minecraft:cyan_concrete_powder":8,"minecraft:crimson_planks":656,"minecraft:bone_block":13,"minecraft:magenta_bed":1,"minecraft:diamond_sword":6,"minecraft:cyan_dye":24,"minecraft:spruce_sign":42,"minecraft:dark_oak_stairs":874,"minecraft:powered_rail":54,"minecraft:yellow_carpet":18,"minecraft:bowl":4,"minecraft:bucket":65,"minecraft:stone_axe":1,"minecraft:bread":511,"minecraft:air":0,"minecraft:black_stained_glass":48,"minecraft:blue_dye":319,"minecraft:oak_boat":8,"minecraft:magenta_terracotta":8,"minecraft:white_wool":168,"minecraft:gold_nugget":3348,"minecraft:brown_wool":9,"minecraft:green_wool":16,"minecraft:acacia_planks":628,"minecraft:purple_concrete_powder":296,"minecraft:lapis_lazuli":522,"minecraft:clay":65,"minecraft:lapis_block":172,"minecraft:carrot_on_a_stick":1,"minecraft:firework_rocket":2544},"minecraft:used":{"minecraft:moss_block":504,"minecraft:writable_book":75,"minecraft:chiseled_deepslate":209,"minecraft:dispenser":31,"minecraft:poppy":10,"minecraft:stone":7585,"minecraft:warped_sign":17,"minecraft:quartz_stairs":49,"minecraft:rotten_flesh":10,"minecraft:soul_sand":13,"minecraft:deepslate_brick_slab":298,"minecraft:azure_bluet":63,"minecraft:snowball":17,"minecraft:weeping_vines":5,"minecraft:spruce_boat":12,"minecraft:jungle_sapling":87,"minecraft:packed_ice":666,"minecraft:lava_bucket":6,"minecraft:quartz_pillar":68,"minecraft:red_wool":9,"minecraft:jungle_fence_gate":5,"minecraft:deepslate_copper_ore":44,"minecraft:quartz_block":144,"minecraft:netherite_hoe":5424,"minecraft:dark_oak_leaves":8,"minecraft:dark_oak_slab":6797,"minecraft:netherite_boots":5,"minecraft:bow":2059,"minecraft:yellow_glazed_terracotta":17,"minecraft:oak_sapling":22,"minecraft:cooked_cod":8,"minecraft:mangrove_slab":10,"minecraft:acacia_fence":43,"minecraft:dark_prismarine_stairs":27,"minecraft:deepslate_brick_wall":116,"minecraft:damaged_anvil":1,"minecraft:chorus_fruit":1,"minecraft:cactus":51,"minecraft:wooden_pickaxe":59,"minecraft:clay":309,"minecraft:jungle_boat":56,"minecraft:glow_berries":88,"minecraft:blast_furnace":7,"minecraft:weathered_cut_copper_slab":1,"minecraft:cyan_dye":1,"minecraft:gray_concrete":1,"minecraft:crimson_fence_gate":9,"minecraft:deepslate_brick_stairs":711,"minecraft:purple_concrete_powder":169,"minecraft:mangrove_door":23,"minecraft:deepslate_iron_ore":183,"minecraft:white_glazed_terracotta":11,"minecraft:flowering_azalea_leaves":560,"minecraft:nether_wart_block":58,"minecraft:diamond_sword":10984,"minecraft:smithing_table":9,"minecraft:oak_boat":44,"minecraft:purple_wool":21,"minecraft:oak_trapdoor":44,"minecraft:enchanting_table":2,"minecraft:orange_concrete":1289,"minecraft:carved_pumpkin":2,"minecraft:tinted_glass":59,"minecraft:mangrove_fence":24,"minecraft:cooked_salmon":2,"minecraft:torch":1919,"minecraft:orange_stained_glass":44,"minecraft:brewing_stand":2,"minecraft:nether_quartz_ore":133,"minecraft:yellow_carpet":1,"minecraft:golden_shovel":1,"minecraft:oak_fence_gate":21,"minecraft:sea_lantern":19,"minecraft:iron_block":76,"minecraft:polished_deepslate_wall":12,"minecraft:jungle_log":31,"minecraft:barrel":133,"minecraft:bamboo":17,"minecraft:tadpole_bucket":12,"minecraft:lime_concrete":784,"minecraft:warped_stairs":40,"minecraft:podzol":651,"minecraft:acacia_planks":107,"minecraft:calcite":260,"minecraft:wheat_seeds":5382,"minecraft:warped_stem":30,"minecraft:tube_coral_block":2,"minecraft:lead":5,"minecraft:blue_concrete_powder":208,"minecraft:cauldron":2,"minecraft:glow_ink_sac":55,"minecraft:spruce_fence_gate":40,"minecraft:gold_ore":3,"minecraft:deepslate_bricks":7010,"minecraft:rail":36,"minecraft:red_bed":3,"minecraft:crimson_trapdoor":15,"minecraft:campfire":28,"minecraft:white_bed":39,"minecraft:spruce_log":683,"minecraft:amethyst_cluster":41,"minecraft:diamond_pickaxe":4885,"minecraft:yellow_dye":9,"minecraft:warped_trapdoor":46,"minecraft:diamond_shovel":7135,"minecraft:acacia_sign":21,"minecraft:suspicious_stew":1,"minecraft:spruce_trapdoor":302,"minecraft:magenta_concrete_powder":8,"minecraft:spruce_sapling":207,"minecraft:blue_carpet":8,"minecraft:green_carpet":15,"minecraft:potion":6,"minecraft:azalea_leaves":1374,"minecraft:cooked_porkchop":121,"minecraft:porkchop":7,"minecraft:warped_fence_gate":2,"minecraft:dandelion":21,"minecraft:moss_carpet":41,"minecraft:polished_deepslate":1,"minecraft:bone_block":12,"minecraft:grass":2,"minecraft:bubble_coral":3,"minecraft:mossy_stone_brick_slab":1,"minecraft:spruce_leaves":18,"minecraft:jungle_planks":479,"minecraft:beehive":21,"minecraft:music_disc_13":2,"minecraft:obsidian":13,"minecraft:honey_bottle":6,"minecraft:mangrove_log":27,"minecraft:bricks":38,"minecraft:lantern":106,"minecraft:spruce_wood":1054,"minecraft:green_wool":9,"minecraft:warped_nylium":14,"minecraft:item_frame":20,"minecraft:deepslate_diamond_ore":24,"minecraft:horn_coral":2,"minecraft:written_book":29,"minecraft:mangrove_roots":524,"minecraft:dark_oak_sapling":215,"minecraft:mangrove_leaves":69,"minecraft:tube_coral_fan":1,"minecraft:end_rod":104,"minecraft:dropper":7,"minecraft:stone_pickaxe":263,"minecraft:gray_carpet":65,"minecraft:jungle_fence":86,"minecraft:mangrove_planks":3674,"minecraft:oak_planks":437,"minecraft:polished_diorite_slab":8,"minecraft:sandstone":51,"minecraft:diamond_axe":5757,"minecraft:sugar_cane":109,"minecraft:white_wool":136,"minecraft:netherite_leggings":4,"minecraft:light_blue_concrete":8,"minecraft:mushroom_stew":6,"minecraft:light_blue_wool":18,"minecraft:yellow_concrete":210,"minecraft:crossbow":1,"minecraft:ochre_froglight":52,"minecraft:end_stone":1058,"minecraft:deepslate_lapis_ore":41,"minecraft:sticky_piston":1,"minecraft:lever":80,"minecraft:blue_glazed_terracotta":3,"minecraft:dark_oak_log":105,"minecraft:bread":316,"minecraft:brown_wool":9,"minecraft:warped_slab":45,"minecraft:iron_door":5,"minecraft:deepslate":5763,"minecraft:light_blue_concrete_powder":8,"minecraft:pufferfish_bucket":2,"minecraft:chain":80,"minecraft:cooked_rabbit":6,"minecraft:coarse_dirt":607,"minecraft:bone_meal":944,"minecraft:orange_concrete_powder":1131,"minecraft:netherite_sword":8876,"minecraft:rose_bush":7,"minecraft:granite_stairs":2,"minecraft:white_tulip":1,"minecraft:crimson_fence":3,"minecraft:flint_and_steel":23,"minecraft:redstone":377,"minecraft:dried_kelp":9,"minecraft:ender_chest":21,"minecraft:deepslate_gold_ore":70,"minecraft:cooked_chicken":19,"minecraft:dirt":5461,"minecraft:prismarine_bricks":12,"minecraft:bee_nest":34,"minecraft:spruce_fence":795,"minecraft:iron_hoe":374,"minecraft:oak_stairs":70,"minecraft:crimson_slab":9,"minecraft:yellow_concrete_powder":128,"minecraft:black_stained_glass":41,"minecraft:dark_oak_pressure_plate":15,"minecraft:deepslate_tile_stairs":99,"minecraft:netherite_pickaxe":75411,"minecraft:cyan_concrete_powder":176,"minecraft:cooked_beef":425,"minecraft:turtle_egg":25,"minecraft:powder_snow_bucket":6,"minecraft:pumpkin":4,"minecraft:iron_leggings":1,"minecraft:snow_block":142,"minecraft:baked_potato":937,"minecraft:brown_mushroom":17,"minecraft:spruce_sign":39,"minecraft:warped_roots":3,"minecraft:music_disc_cat":6,"minecraft:magenta_bed":2,"minecraft:red_mushroom":22,"minecraft:spider_eye":1,"minecraft:magenta_carpet":24,"minecraft:warped_planks":121,"minecraft:piston":75,"minecraft:flower_pot":69,"minecraft:black_wool":9,"minecraft:chicken":1,"minecraft:lapis_ore":46,"minecraft:magenta_concrete":8,"minecraft:jungle_stairs":20,"minecraft:stone_slab":83,"minecraft:yellow_wool":9,"minecraft:magenta_banner":3,"minecraft:stone_axe":130,"minecraft:fire_coral_block":1,"minecraft:crimson_fungus":1,"minecraft:pink_shulker_box":36,"minecraft:sea_pickle":91,"minecraft:gray_wool":9,"minecraft:sculk_catalyst":1,"minecraft:birch_stairs":1,"minecraft:beetroot":1,"minecraft:orange_dye":9,"minecraft:nether_brick_fence":1,"minecraft:spruce_slab":1020,"minecraft:elytra":4,"minecraft:polished_blackstone":1,"minecraft:ladder":258,"minecraft:chest":214,"minecraft:brick_slab":13,"minecraft:jungle_slab":362,"minecraft:orange_wool":9,"minecraft:acacia_sapling":26,"minecraft:stripped_spruce_log":5,"minecraft:honey_block":3,"minecraft:honeycomb":1114,"minecraft:netherite_shovel":20559,"minecraft:warped_hyphae":12,"minecraft:grass_block":5809,"minecraft:polished_andesite_stairs":5,"minecraft:copper_ore":135,"minecraft:wet_sponge":3,"minecraft:dark_oak_button":16,"minecraft:pink_wool":11,"minecraft:stone_brick_stairs":317,"minecraft:music_disc_stal":5,"minecraft:exposed_cut_copper_slab":5,"minecraft:dark_oak_boat":6,"minecraft:sweet_berries":180,"minecraft:furnace":36,"minecraft:potato":276,"minecraft:egg":76,"minecraft:seagrass":119,"minecraft:magenta_shulker_box":117,"minecraft:diorite":589,"minecraft:end_stone_bricks":2,"minecraft:brick_wall":41,"minecraft:spruce_door":21,"minecraft:cut_copper_slab":888,"minecraft:red_stained_glass":44,"minecraft:acacia_trapdoor":5,"minecraft:powered_rail":82,"minecraft:lime_concrete_powder":768,"minecraft:jungle_pressure_plate":6,"minecraft:oak_leaves":25,"minecraft:dark_oak_trapdoor":150,"minecraft:blue_dye":5,"minecraft:sand":1537,"minecraft:waxed_weathered_cut_copper_slab":2,"minecraft:netherite_helmet":3,"minecraft:black_concrete_powder":128,"minecraft:lightning_rod":1,"minecraft:deepslate_tiles":4760,"minecraft:crying_obsidian":2,"minecraft:verdant_froglight":53,"minecraft:cyan_carpet":46,"minecraft:stone_button":281,"minecraft:spore_blossom":2,"minecraft:lectern":760,"minecraft:polished_granite":26,"minecraft:diamond_ore":2,"minecraft:soul_lantern":19,"minecraft:lilac":24,"minecraft:dark_oak_fence":420,"minecraft:bubble_coral_block":4,"minecraft:white_stained_glass":151,"minecraft:green_concrete_powder":192,"minecraft:iron_bars":17,"minecraft:stone_sword":4,"minecraft:acacia_log":10,"minecraft:brain_coral_fan":1,"minecraft:mycelium":578,"minecraft:netherrack":421,"minecraft:orange_bed":3,"minecraft:warped_wart_block":61,"minecraft:anvil":16,"minecraft:crimson_hyphae":72,"minecraft:jungle_trapdoor":29,"minecraft:blue_concrete":226,"minecraft:polished_diorite":1533,"minecraft:shroomlight":32,"minecraft:flowering_azalea":39,"minecraft:iron_axe":681,"minecraft:rooted_dirt":16,"minecraft:brick_stairs":46,"minecraft:slime_block":1,"minecraft:lime_dye":9,"minecraft:waxed_exposed_cut_copper_slab":10,"minecraft:smooth_basalt":4,"minecraft:purple_concrete":544,"minecraft:magenta_wool":9,"minecraft:cobbled_deepslate":2038,"minecraft:observer":9,"minecraft:magenta_dye":7,"minecraft:crimson_stem":39,"minecraft:water_bucket":1146,"minecraft:rabbit":1,"minecraft:yellow_shulker_box":33,"minecraft:lime_wool":9,"minecraft:fletching_table":18,"minecraft:mossy_cobblestone":14,"minecraft:orange_carpet":21,"minecraft:comparator":26,"minecraft:tnt":10,"minecraft:oak_slab":59,"minecraft:crafting_table":36,"minecraft:cod":3,"minecraft:dark_oak_fence_gate":47,"minecraft:lime_shulker_box":36,"minecraft:cake":2,"minecraft:deepslate_tile_wall":37,"minecraft:oak_log":136,"minecraft:cornflower":6,"minecraft:oxeye_daisy":12,"minecraft:mangrove_propagule":49,"minecraft:iron_pickaxe":3002,"minecraft:cyan_concrete":754,"minecraft:purpur_slab":4,"minecraft:chiseled_stone_bricks":150,"minecraft:cobblestone":564,"minecraft:glass_pane":513,"minecraft:dark_oak_chest_boat":1,"minecraft:brown_mushroom_block":45,"minecraft:kelp":290,"minecraft:sculk_vein":2,"minecraft:jukebox":6,"minecraft:purple_candle":2,"minecraft:iron_shovel":437,"minecraft:diamond_hoe":1593,"minecraft:oak_sign":12,"minecraft:white_concrete_powder":152,"minecraft:shield":221,"minecraft:white_terracotta":3,"minecraft:iron_sword":3769,"minecraft:purple_shulker_box":79,"minecraft:bell":2,"minecraft:player_head":42,"minecraft:iron_chestplate":1,"minecraft:prismarine_brick_stairs":7,"minecraft:carrot":837,"minecraft:deepslate_tile_slab":183,"minecraft:tuff":353,"minecraft:cyan_wool":9,"minecraft:axolotl_bucket":20,"minecraft:milk_bucket":3,"minecraft:glass":814,"minecraft:coal_ore":629,"minecraft:quartz_slab":18,"minecraft:dark_oak_wood":1,"minecraft:iron_helmet":1,"minecraft:crimson_roots":20,"minecraft:hopper_minecart":10,"minecraft:stone_bricks":1579,"minecraft:repeater":21,"minecraft:red_carpet":10,"minecraft:redstone_lamp":100,"minecraft:magma_block":8,"minecraft:warped_fungus":30,"minecraft:hay_block":513,"minecraft:scaffolding":2052,"minecraft:beetroot_seeds":1,"minecraft:polished_diorite_stairs":23,"minecraft:pearlescent_froglight":57,"minecraft:fire_coral_fan":1,"minecraft:golden_boots":3,"minecraft:dark_oak_stairs":966,"minecraft:waxed_oxidized_cut_copper_slab":1,"minecraft:dark_oak_sign":8,"minecraft:ender_pearl":44,"minecraft:large_amethyst_bud":11,"minecraft:brain_coral":2,"minecraft:loom":1,"minecraft:deepslate_redstone_ore":124,"minecraft:note_block":9,"minecraft:stone_brick_wall":13,"minecraft:shears":4050,"minecraft:redstone_torch":88,"minecraft:green_concrete":191,"minecraft:black_concrete":256,"minecraft:firework_rocket":2257,"minecraft:lime_carpet":5,"minecraft:melon_slice":33,"minecraft:string":4,"minecraft:gravel":69,"minecraft:golden_helmet":1,"minecraft:jungle_sign":6,"minecraft:grindstone":5,"minecraft:deepslate_coal_ore":17,"minecraft:andesite":764,"minecraft:tropical_fish_bucket":22,"minecraft:white_concrete":206,"minecraft:golden_pickaxe":32,"minecraft:experience_bottle":2,"minecraft:oak_fence":49,"minecraft:azalea":30,"minecraft:purpur_block":1,"minecraft:trident":620,"minecraft:jungle_leaves":93,"minecraft:music_disc_otherside":36,"minecraft:redstone_ore":9,"minecraft:spruce_planks":1775,"minecraft:sculk":1,"minecraft:cut_copper_stairs":367,"minecraft:oak_door":13,"minecraft:spyglass":2669,"minecraft:hopper":123,"minecraft:spruce_stairs":261,"minecraft:cobblestone_wall":8,"minecraft:shulker_box":294,"minecraft:pink_carpet":1,"minecraft:granite":364,"minecraft:stone_brick_slab":633,"minecraft:dark_oak_planks":3116,"minecraft:bookshelf":82,"minecraft:acacia_slab":367,"minecraft:crimson_planks":330,"minecraft:light_gray_wool":9,"minecraft:golden_carrot":408,"minecraft:white_stained_glass_pane":64,"minecraft:horn_coral_block":1,"minecraft:granite_wall":446,"minecraft:red_dye":2,"minecraft:brain_coral_block":2,"minecraft:mangrove_boat":24,"minecraft:cooked_mutton":12,"minecraft:iron_ore":124,"minecraft:glass_bottle":7,"minecraft:polished_andesite":8,"minecraft:netherite_chestplate":1,"minecraft:blue_wool":9,"minecraft:black_shulker_box":12,"minecraft:white_dye":14,"minecraft:stonecutter":15,"minecraft:cobblestone_slab":1,"minecraft:glow_item_frame":7,"minecraft:terracotta":427,"minecraft:mangrove_trapdoor":1,"minecraft:dark_oak_door":15,"minecraft:smoker":25,"minecraft:nether_gold_ore":2,"minecraft:apple":1,"minecraft:acacia_stairs":45,"minecraft:netherite_axe":14697,"minecraft:map":8,"minecraft:purple_dye":1,"minecraft:fishing_rod":97,"minecraft:white_banner":1,"minecraft:bucket":1277,"minecraft:yellow_bed":12,"minecraft:soul_torch":18,"minecraft:splash_potion":6,"minecraft:purple_carpet":403},"minecraft:dropped":{"minecraft:porkchop":6,"minecraft:lapis_lazuli":192,"minecraft:glow_ink_sac":5,"minecraft:glass_bottle":2,"minecraft:diamond":109,"minecraft:crafting_table":1,"minecraft:cooked_porkchop":14,"minecraft:dark_oak_slab":19,"minecraft:glow_berries":104,"minecraft:red_mushroom":1,"minecraft:gold_block":1,"minecraft:emerald":81,"minecraft:netherite_boots":5,"minecraft:writable_book":14,"minecraft:gold_nugget":65,"minecraft:sand":94,"minecraft:verdant_froglight":2,"minecraft:purple_wool":1,"minecraft:dark_oak_planks":21,"minecraft:fishing_rod":1,"minecraft:white_wool":1,"minecraft:goat_horn":3,"minecraft:diamond_block":4,"minecraft:lever":1,"minecraft:cobbled_deepslate":90,"minecraft:wheat":89,"minecraft:netherite_sword":6,"minecraft:obsidian":6,"minecraft:rotten_flesh":205,"minecraft:oak_planks":1,"minecraft:glowstone_dust":2,"minecraft:golden_shovel":3,"minecraft:jungle_log":1,"minecraft:leather_boots":2,"minecraft:acacia_sapling":16,"minecraft:leather_leggings":1,"minecraft:glass":128,"minecraft:golden_boots":2,"minecraft:wheat_seeds":233,"minecraft:netherite_chestplate":5,"minecraft:prismarine_crystals":3,"minecraft:golden_apple":1,"minecraft:mushroom_stew":3,"minecraft:turtle_egg":1,"minecraft:ink_sac":1,"minecraft:potion":2,"minecraft:acacia_planks":20,"minecraft:stone_brick_slab":1,"minecraft:snow_block":69,"minecraft:netherite_hoe":4,"minecraft:player_head":77,"minecraft:cocoa_beans":3,"minecraft:iron_boots":1,"minecraft:shears":4,"minecraft:deepslate_lapis_ore":12,"minecraft:diamond_sword":3,"minecraft:sea_pickle":2,"minecraft:spruce_boat":17,"minecraft:spruce_planks":4,"minecraft:pink_shulker_box":2,"minecraft:redstone_torch":1,"minecraft:stone_bricks":31,"minecraft:sandstone":3,"minecraft:bow":11,"minecraft:magma_block":1,"minecraft:large_amethyst_bud":1,"minecraft:ender_pearl":790,"minecraft:leather":24,"minecraft:honeycomb":565,"minecraft:jungle_planks":17,"minecraft:cod":7,"minecraft:polished_diorite_stairs":13,"minecraft:snowball":16,"minecraft:axolotl_bucket":2,"minecraft:gold_ingot":49,"minecraft:spyglass":4,"minecraft:leather_chestplate":2,"minecraft:trident":2,"minecraft:purple_concrete_powder":7,"minecraft:iron_ore":4,"minecraft:stone_hoe":1,"minecraft:bread":149,"minecraft:golden_helmet":2,"minecraft:netherite_axe":2,"minecraft:mangrove_propagule":20,"minecraft:tropical_fish":3,"minecraft:iron_block":42,"minecraft:milk_bucket":2,"minecraft:nether_wart_block":1,"minecraft:yellow_shulker_box":3,"minecraft:crimson_sign":1,"minecraft:kelp":16,"minecraft:sweet_berries":7,"minecraft:totem_of_undying":2,"minecraft:shulker_box":6,"minecraft:netherite_leggings":4,"minecraft:copper_ore":2,"minecraft:deepslate_bricks":20,"minecraft:andesite":31,"minecraft:oak_sapling":3,"minecraft:birch_sign":4,"minecraft:magma_cream":9,"minecraft:nautilus_shell":1,"minecraft:clay":25,"minecraft:piston":15,"minecraft:cooked_beef":13,"minecraft:elytra":2,"minecraft:leather_helmet":3,"minecraft:rail":1,"minecraft:item_frame":4,"minecraft:dirt":136,"minecraft:phantom_membrane":12,"minecraft:dark_oak_boat":3,"minecraft:bone":19,"minecraft:oak_door":1,"minecraft:magenta_banner":16,"minecraft:sugar_cane":3,"minecraft:golden_chestplate":1,"minecraft:pink_dye":2,"minecraft:netherite_shovel":3,"minecraft:end_stone":1981,"minecraft:deepslate_tiles":63,"minecraft:ladder":5,"minecraft:flowering_azalea_leaves":5,"minecraft:egg":3,"minecraft:enchanted_book":7,"minecraft:iron_ingot":12,"minecraft:netherite_pickaxe":6,"minecraft:tnt":4,"minecraft:netherite_helmet":5,"minecraft:oak_fence":10,"minecraft:feather":5,"minecraft:iron_helmet":3,"minecraft:cobblestone":96,"minecraft:purple_concrete":1,"minecraft:granite":48,"minecraft:end_rod":8,"minecraft:pufferfish":1,"minecraft:oxeye_daisy":1,"minecraft:golden_carrot":14,"minecraft:diamond_helmet":6,"minecraft:heart_of_the_sea":1,"minecraft:paper":107,"minecraft:string":687,"minecraft:spruce_sapling":1,"minecraft:moss_carpet":14,"minecraft:stone_sword":2,"minecraft:deepslate":226,"minecraft:bowl":2,"minecraft:chicken":1,"minecraft:potato":4,"minecraft:stone":6,"minecraft:crimson_slab":3,"minecraft:spider_eye":12077,"minecraft:birch_boat":1,"minecraft:bell":1,"minecraft:spruce_sign":4,"minecraft:dark_oak_stairs":1,"minecraft:brown_mushroom":66,"minecraft:diamond_axe":7,"minecraft:baked_potato":95,"minecraft:lime_shulker_box":2,"minecraft:flint":8,"minecraft:deepslate_gold_ore":3,"minecraft:seagrass":12,"minecraft:cooked_cod":17,"minecraft:gravel":245,"minecraft:diamond_shovel":3,"minecraft:prismarine":10,"minecraft:honey_bottle":17,"minecraft:carrot":1,"minecraft:poppy":1,"minecraft:gunpowder":8,"minecraft:azalea":1,"minecraft:chainmail_boots":1,"minecraft:bee_nest":2,"minecraft:chest":2,"minecraft:arrow":72,"minecraft:firework_rocket":214,"minecraft:quartz":15,"minecraft:netherrack":53,"minecraft:written_book":14,"minecraft:water_bucket":5,"minecraft:deepslate_iron_ore":15,"minecraft:mossy_cobblestone":1,"minecraft:diamond_leggings":4,"minecraft:poisonous_potato":1,"minecraft:lead":4,"minecraft:copper_ingot":7,"minecraft:grass_block":113,"minecraft:stick":65,"minecraft:diorite":73,"minecraft:torch":3,"minecraft:iron_leggings":3,"minecraft:dandelion":1,"minecraft:redstone":132,"minecraft:ender_chest":17,"minecraft:tuff":79,"minecraft:iron_hoe":1,"minecraft:glass_pane":9,"minecraft:filled_map":27,"minecraft:shield":2,"minecraft:diamond_chestplate":3,"minecraft:iron_chestplate":3,"minecraft:golden_sword":1,"minecraft:diamond_boots":2,"minecraft:slime_ball":24,"minecraft:raw_gold":19},"minecraft:custom":{"minecraft:interact_with_crafting_table":1145,"minecraft:damage_blocked_by_shield":10560,"minecraft:play_time":24641265,"minecraft:deaths":20,"minecraft:jump":186535,"minecraft:play_record":49,"minecraft:interact_with_cartography_table":1,"minecraft:interact_with_smoker":64,"minecraft:inspect_dispenser":279,"minecraft:horse_one_cm":3969845,"minecraft:inspect_dropper":28,"minecraft:interact_with_anvil":153,"minecraft:inspect_hopper":639,"minecraft:tune_noteblock":182,"minecraft:time_since_rest":80,"minecraft:swim_one_cm":9789065,"minecraft:open_chest":8575,"minecraft:open_shulker_box":2518,"minecraft:damage_resisted":186,"minecraft:play_noteblock":30,"minecraft:talked_to_villager":1600,"minecraft:interact_with_brewingstand":16,"minecraft:fill_cauldron":6,"minecraft:interact_with_campfire":44,"minecraft:boat_one_cm":6752932,"minecraft:damage_taken":90455,"minecraft:aviate_one_cm":104330150,"minecraft:open_barrel":175,"minecraft:bell_ring":59,"minecraft:eat_cake_slice":45,"minecraft:leave_game":305,"minecraft:time_since_death":3368777,"minecraft:enchant_item":104,"minecraft:interact_with_furnace":949,"minecraft:traded_with_villager":3047,"minecraft:sleep_in_bed":148,"minecraft:damage_dealt":1773178,"minecraft:use_cauldron":4,"minecraft:interact_with_smithing_table":10,"minecraft:sneak_time":968623,"minecraft:interact_with_lectern":83,"minecraft:interact_with_blast_furnace":228,"minecraft:total_world_time":24641265,"minecraft:interact_with_stonecutter":150,"minecraft:fly_one_cm":37453489,"minecraft:fish_caught":45,"minecraft:fall_one_cm":4183928,"minecraft:animals_bred":691,"minecraft:sprint_one_cm":35337105,"minecraft:drop":1330,"minecraft:walk_on_water_one_cm":17652998,"minecraft:interact_with_loom":7,"minecraft:open_enderchest":218,"minecraft:crouch_one_cm":3276758,"minecraft:mob_kills":15250,"minecraft:climb_one_cm":3224091,"minecraft:walk_one_cm":47571852,"minecraft:walk_under_water_one_cm":4981923,"minecraft:pot_flower":63,"minecraft:interact_with_grindstone":62,"minecraft:minecart_one_cm":22683,"minecraft:pig_one_cm":13028},"minecraft:killed_by":{"minecraft:zombie":1,"minecraft:elder_guardian":1,"minecraft:skeleton":2,"minecraft:player":1,"minecraft:phantom":1},"minecraft:killed":{"minecraft:guardian":9,"minecraft:skeleton_horse":8,"minecraft:tropical_fish":1,"minecraft:elder_guardian":2,"minecraft:iron_golem":3,"minecraft:pillager":20,"minecraft:donkey":3,"minecraft:zombie":268,"minecraft:endermite":1,"minecraft:husk":32,"minecraft:rabbit":10,"minecraft:zombified_piglin":34,"minecraft:witch":7,"minecraft:spider":11981,"minecraft:silverfish":2,"minecraft:piglin":23,"minecraft:zombie_villager":3,"minecraft:sheep":64,"minecraft:mooshroom":3,"minecraft:ghast":5,"minecraft:slime":114,"minecraft:drowned":69,"minecraft:hoglin":21,"minecraft:squid":66,"minecraft:wither_skeleton":1,"minecraft:villager":1,"minecraft:shulker":47,"minecraft:skeleton":326,"minecraft:chicken":24,"minecraft:magma_cube":167,"minecraft:glow_squid":24,"minecraft:cow":214,"minecraft:ocelot":1,"minecraft:wandering_trader":1,"minecraft:enderman":368,"minecraft:turtle":6,"minecraft:pig":137,"minecraft:creeper":138,"minecraft:stray":1,"minecraft:phantom":155,"minecraft:bat":4},"minecraft:picked_up":{"minecraft:stone_slab":41,"minecraft:smithing_table":7,"minecraft:lead":366,"minecraft:enchanted_book":10,"minecraft:purple_shulker_box":82,"minecraft:blue_concrete":434,"minecraft:music_disc_cat":7,"minecraft:polished_deepslate":1,"minecraft:dark_oak_pressure_plate":6,"minecraft:string":2097,"minecraft:pufferfish":3,"minecraft:shroomlight":72,"minecraft:diamond_leggings":4,"minecraft:horn_coral_block":1,"minecraft:bubble_coral":6,"minecraft:warped_slab":33,"minecraft:crimson_sign":1,"minecraft:diamond_ore":1,"minecraft:weathered_cut_copper_slab":1,"minecraft:jukebox":4,"minecraft:big_dripleaf":4,"minecraft:acacia_log":167,"minecraft:brick_wall":53,"minecraft:cut_copper_stairs":32,"minecraft:lightning_rod":1,"minecraft:golden_chestplate":3,"minecraft:cauldron":1,"minecraft:orange_bed":1,"minecraft:stone_sword":2,"minecraft:lime_carpet":3,"minecraft:honey_bottle":16,"minecraft:horn_coral_fan":12,"minecraft:blue_glazed_terracotta":19,"minecraft:carved_pumpkin":2,"minecraft:glowstone":78,"minecraft:end_rod":130,"minecraft:tadpole_bucket":3,"minecraft:white_terracotta":3,"minecraft:blaze_rod":1,"minecraft:iron_bars":8,"minecraft:snowball":33,"minecraft:sponge":3,"minecraft:feather":81,"minecraft:cooked_beef":546,"minecraft:water_bucket":27,"minecraft:brown_wool":9,"minecraft:dark_oak_boat":7,"minecraft:flint":30,"minecraft:cyan_concrete_powder":168,"minecraft:lantern":63,"minecraft:purple_carpet":50,"minecraft:large_amethyst_bud":12,"minecraft:stonecutter":13,"minecraft:dark_oak_sign":4,"minecraft:diamond_helmet":4,"minecraft:rabbit":5,"minecraft:honeycomb":717,"minecraft:stripped_spruce_log":5,"minecraft:brown_mushroom_block":45,"minecraft:acacia_stairs":15,"minecraft:iron_hoe":3,"minecraft:polished_andesite":8,"minecraft:deepslate":9722,"minecraft:lever":74,"minecraft:granite":2301,"minecraft:deepslate_coal_ore":17,"minecraft:rooted_dirt":46,"minecraft:crimson_roots":20,"minecraft:diamond_pickaxe":8,"minecraft:bee_nest":35,"minecraft:clay_ball":1649,"minecraft:redstone_lamp":69,"minecraft:leather_leggings":2,"minecraft:dragon_head":2,"minecraft:purpur_block":4,"minecraft:fire_coral":2,"minecraft:cornflower":24,"minecraft:elytra":13,"minecraft:flint_and_steel":8,"minecraft:white_stained_glass":33,"minecraft:iron_shovel":2,"minecraft:glass_pane":85,"minecraft:netherite_sword":16,"minecraft:jungle_sapling":140,"minecraft:poppy":52,"minecraft:spruce_slab":98,"minecraft:birch_sapling":136,"minecraft:piston":47,"minecraft:diamond_hoe":3,"minecraft:copper_ore":331,"minecraft:lime_shulker_box":38,"minecraft:black_stained_glass":29,"minecraft:stone":27122,"minecraft:jungle_fence_gate":1,"minecraft:netherite_pickaxe":25,"minecraft:mangrove_trapdoor":1,"minecraft:jungle_sign":4,"minecraft:diamond_chestplate":4,"minecraft:hay_block":206,"minecraft:purpur_slab":4,"minecraft:totem_of_undying":6,"minecraft:polished_blackstone":1,"minecraft:mutton":83,"minecraft:rail":39,"minecraft:bone_block":12,"minecraft:oxeye_daisy":25,"minecraft:lime_bed":1,"minecraft:yellow_shulker_box":37,"minecraft:clock":2,"minecraft:tripwire_hook":2,"minecraft:yellow_dye":60,"minecraft:jungle_fence":24,"minecraft:lily_pad":73,"minecraft:sculk_vein":2,"minecraft:paper":685,"minecraft:apple":38,"minecraft:oak_fence_gate":3,"minecraft:warped_stem":302,"minecraft:spore_blossom":4,"minecraft:iron_ore":165,"minecraft:dark_oak_stairs":128,"minecraft:smooth_basalt":132,"minecraft:milk_bucket":1,"minecraft:sweet_berries":496,"minecraft:lime_concrete":788,"minecraft:red_wool":18,"minecraft:crying_obsidian":3,"minecraft:leather_helmet":2,"minecraft:diamond_shovel":7,"minecraft:coal_ore":648,"minecraft:slime_ball":211,"minecraft:deepslate_redstone_ore":115,"minecraft:birch_sign":4,"minecraft:polished_blackstone_brick_wall":2,"minecraft:baked_potato":549,"minecraft:hopper":44,"minecraft:light_blue_concrete":16,"minecraft:ender_chest":37,"minecraft:yellow_wool":18,"minecraft:stone_brick_stairs":81,"minecraft:warped_stairs":10,"minecraft:lapis_block":14,"minecraft:deepslate_lapis_ore":79,"minecraft:comparator":5,"minecraft:bucket":3,"minecraft:white_tulip":1,"minecraft:rose_bush":192,"minecraft:cobblestone_slab":1,"minecraft:azalea":62,"minecraft:iron_pickaxe":1,"minecraft:deepslate_iron_ore":158,"minecraft:blue_wool":9,"minecraft:tipped_arrow":1,"minecraft:acacia_fence":1,"minecraft:spruce_stairs":99,"minecraft:netherite_shovel":18,"minecraft:diorite":3654,"minecraft:vine":4,"minecraft:goat_horn":5,"minecraft:rotten_flesh":550,"minecraft:mangrove_roots":1911,"minecraft:chorus_flower":1,"minecraft:deepslate_copper_ore":29,"minecraft:deepslate_brick_stairs":159,"minecraft:obsidian":41,"minecraft:cobblestone":2144,"minecraft:enchanting_table":1,"minecraft:leather_chestplate":3,"minecraft:lilac":231,"minecraft:repeater":16,"minecraft:andesite":2588,"minecraft:orange_carpet":5,"minecraft:golden_leggings":5,"minecraft:potato":383,"minecraft:prismarine_bricks":106,"minecraft:dirt":7850,"minecraft:name_tag":2,"minecraft:mangrove_fence":24,"minecraft:glass":115,"minecraft:bone":424,"minecraft:acacia_planks":25,"minecraft:granite_wall":18,"minecraft:bow":39,"minecraft:wheat_seeds":16766,"minecraft:crimson_fence_gate":1,"minecraft:grindstone":4,"minecraft:netherite_axe":12,"minecraft:fletching_table":13,"minecraft:bamboo":1075,"minecraft:cyan_concrete":551,"minecraft:prismarine":103,"minecraft:grass_block":8331,"minecraft:diamond_block":3,"minecraft:jungle_slab":65,"minecraft:mossy_cobblestone":35,"minecraft:jungle_leaves":155,"minecraft:sugar":3,"minecraft:slime_block":1,"minecraft:netherite_helmet":15,"minecraft:crossbow":1,"minecraft:grass":2,"minecraft:bone_meal":85,"minecraft:golden_apple":4,"minecraft:spruce_sign":39,"minecraft:emerald":340,"minecraft:netherrack":617,"minecraft:chorus_fruit":105,"minecraft:oak_leaves":53,"minecraft:azure_bluet":93,"minecraft:splash_potion":1,"minecraft:ladder":223,"minecraft:packed_ice":585,"minecraft:brown_mushroom":91,"minecraft:pink_wool":11,"minecraft:stone_brick_wall":3,"minecraft:chain":80,"minecraft:brick":1,"minecraft:shield":10,"minecraft:moss_carpet":411,"minecraft:orange_stained_glass":20,"minecraft:oak_trapdoor":14,"minecraft:mycelium":1191,"minecraft:magenta_wool":9,"minecraft:lime_wool":9,"minecraft:end_stone":3065,"minecraft:flowering_azalea_leaves":664,"minecraft:note_block":5,"minecraft:trident":16,"minecraft:purple_candle":1,"minecraft:weeping_vines":8,"minecraft:nether_bricks":28,"minecraft:pink_tulip":2,"minecraft:brick_stairs":44,"minecraft:netherite_boots":15,"minecraft:jungle_boat":59,"minecraft:basalt":1,"minecraft:golden_carrot":110,"minecraft:magenta_banner":3,"minecraft:leather":501,"minecraft:music_disc_stal":5,"minecraft:granite_stairs":2,"minecraft:crimson_fungus":3,"minecraft:yellow_bed":9,"minecraft:cobblestone_wall":110,"minecraft:gunpowder":267,"minecraft:cooked_mutton":12,"minecraft:mangrove_boat":23,"minecraft:red_carpet":1,"minecraft:pearlescent_froglight":9,"minecraft:gray_carpet":65,"minecraft:acacia_trapdoor":1,"minecraft:spruce_wood":395,"minecraft:rabbit_hide":8,"minecraft:iron_ingot":343,"minecraft:cooked_chicken":195,"minecraft:verdant_froglight":7,"minecraft:sculk_catalyst":2,"minecraft:tropical_fish_bucket":1,"minecraft:warped_fungus":31,"minecraft:nether_quartz_ore":133,"minecraft:stone_brick_slab":65,"minecraft:quartz":1576,"minecraft:dandelion":197,"minecraft:lava_bucket":1,"minecraft:amethyst_shard":769,"minecraft:soul_torch":1,"minecraft:dark_oak_chest_boat":1,"minecraft:spruce_door":17,"minecraft:brick_slab":9,"minecraft:polished_diorite_stairs":25,"minecraft:mangrove_leaves":2544,"minecraft:pumpkin_seeds":8,"minecraft:chainmail_leggings":1,"minecraft:exposed_cut_copper_slab":5,"minecraft:terracotta":106,"minecraft:damaged_anvil":1,"minecraft:netherite_hoe":14,"minecraft:dark_oak_wood":52,"minecraft:seagrass":158,"minecraft:iron_chestplate":6,"minecraft:chainmail_boots":3,"minecraft:prismarine_shard":25,"minecraft:anvil":2,"minecraft:flower_pot":25,"minecraft:magenta_carpet":15,"minecraft:diamond_sword":2,"minecraft:oak_stairs":50,"minecraft:golden_shovel":2,"minecraft:brewing_stand":3,"minecraft:golden_sword":3,"minecraft:polished_deepslate_wall":8,"minecraft:amethyst_block":455,"minecraft:dark_oak_trapdoor":32,"minecraft:beetroot":1,"minecraft:orange_concrete_powder":35,"minecraft:gold_nugget":500,"minecraft:cobbled_deepslate":14023,"minecraft:spruce_planks":225,"minecraft:acacia_sign":10,"minecraft:written_book":30,"minecraft:azalea_leaves":2347,"minecraft:enchanted_golden_apple":1,"minecraft:melon_slice":74,"minecraft:mangrove_log":848,"minecraft:dark_oak_door":8,"minecraft:golden_helmet":3,"minecraft:white_glazed_terracotta":7,"minecraft:beehive":12,"minecraft:magenta_concrete_powder":8,"minecraft:pink_carpet":1,"minecraft:warped_planks":74,"minecraft:deepslate_tile_stairs":49,"minecraft:black_dye":14,"minecraft:light_blue_wool":9,"minecraft:tropical_fish":4,"minecraft:iron_block":146,"minecraft:mangrove_door":12,"minecraft:netherite_chestplate":15,"minecraft:magma_block":40,"minecraft:polished_diorite_slab":1,"minecraft:iron_door":2,"minecraft:jungle_log":2066,"minecraft:smoker":21,"minecraft:magenta_bed":1,"minecraft:netherite_leggings":14,"minecraft:gray_concrete":1,"minecraft:mangrove_slab":4,"minecraft:twisting_vines":10,"minecraft:waxed_weathered_cut_copper_slab":2,"minecraft:glowstone_dust":135,"minecraft:moss_block":361,"minecraft:warped_wart_block":612,"minecraft:dropper":7,"minecraft:ink_sac":348,"minecraft:dark_oak_log":2316,"minecraft:barrel":28,"minecraft:dispenser":9,"minecraft:green_concrete":255,"minecraft:writable_book":18,"minecraft:deepslate_gold_ore":90,"minecraft:bread":112,"minecraft:chainmail_helmet":1,"minecraft:dark_oak_fence":117,"minecraft:bricks":57,"minecraft:spruce_leaves":18,"minecraft:coarse_dirt":261,"minecraft:crafting_table":26,"minecraft:purple_wool":36,"minecraft:crimson_trapdoor":4,"minecraft:stripped_mangrove_log":9,"minecraft:jungle_trapdoor":21,"minecraft:red_bed":3,"minecraft:snow":11,"minecraft:deepslate_diamond_ore":24,"minecraft:music_disc_otherside":36,"minecraft:beef":185,"minecraft:cyan_wool":9,"minecraft:iron_nugget":19,"minecraft:quartz_stairs":17,"minecraft:chest":69,"minecraft:raw_copper_block":1,"minecraft:egg":81,"minecraft:sandstone":361,"minecraft:oak_door":9,"minecraft:glow_item_frame":1,"minecraft:amethyst_cluster":42,"minecraft:spruce_fence":212,"minecraft:carrot":2462,"minecraft:redstone":1545,"minecraft:prismarine_crystals":14,"minecraft:blue_carpet":8,"minecraft:tnt":11,"minecraft:cooked_cod":33,"minecraft:beetroot_seeds":1,"minecraft:peony":1,"minecraft:tube_coral_fan":2,"minecraft:deepslate_bricks":1822,"minecraft:shears":18,"minecraft:diamond_boots":4,"minecraft:warped_sign":4,"minecraft:gold_ingot":147,"minecraft:tube_coral_block":2,"minecraft:glow_berries":254,"minecraft:white_wool":815,"minecraft:stripped_oak_log":10,"minecraft:lapis_ore":49,"minecraft:red_mushroom":22,"minecraft:ochre_froglight":17,"minecraft:filled_map":77,"minecraft:oak_log":960,"minecraft:ancient_debris":44,"minecraft:golden_boots":5,"minecraft:white_banner":3,"minecraft:stone_bricks":262,"minecraft:kelp":889,"minecraft:glass_bottle":165,"minecraft:mangrove_planks":616,"minecraft:iron_sword":5,"minecraft:flowering_azalea":96,"minecraft:prismarine_brick_stairs":4,"minecraft:white_stained_glass_pane":30,"minecraft:dark_oak_slab":585,"minecraft:sculk":1,"minecraft:yellow_concrete":338,"minecraft:spyglass":13,"minecraft:gravel":2881,"minecraft:birch_stairs":1,"minecraft:spruce_sapling":455,"minecraft:spruce_log":3664,"minecraft:sea_lantern":22,"minecraft:firework_rocket":782,"minecraft:polished_diorite":94,"minecraft:redstone_ore":9,"minecraft:scute":2,"minecraft:diamond_axe":12,"minecraft:gray_wool":13,"minecraft:warped_roots":11,"minecraft:melon_seeds":5,"minecraft:warped_nylium":52,"minecraft:mangrove_propagule":211,"minecraft:pink_dye":2,"minecraft:ender_pearl":864,"minecraft:shulker_shell":82,"minecraft:chiseled_deepslate":47,"minecraft:wheat":4490,"minecraft:turtle_egg":26,"minecraft:potion":12,"minecraft:brain_coral_block":2,"minecraft:crimson_planks":185,"minecraft:raw_copper":2071,"minecraft:globe_banner_pattern":1,"minecraft:iron_leggings":4,"minecraft:sticky_piston":1,"minecraft:netherite_ingot":13,"minecraft:oak_sign":7,"minecraft:pink_shulker_box":38,"minecraft:sea_pickle":95,"minecraft:deepslate_tiles":180,"minecraft:black_shulker_box":14,"minecraft:dark_oak_leaves":8,"minecraft:redstone_torch":39,"minecraft:calcite":523,"minecraft:deepslate_tile_wall":21,"minecraft:iron_boots":1,"minecraft:furnace":12,"minecraft:stick":1375,"minecraft:deepslate_brick_wall":36,"minecraft:oak_fence":43,"minecraft:torch":1255,"minecraft:snow_block":276,"minecraft:porkchop":261,"minecraft:dried_kelp":2,"minecraft:pointed_dripstone":5,"minecraft:waxed_exposed_cut_copper_slab":10,"minecraft:quartz_block":28,"minecraft:nether_gold_ore":2,"minecraft:cactus":235,"minecraft:green_wool":9,"minecraft:fire_coral_fan":4,"minecraft:leather_horse_armor":1,"minecraft:cod":38,"minecraft:nautilus_shell":2,"minecraft:crimson_hyphae":47,"minecraft:magma_cream":29,"minecraft:magenta_dye":2,"minecraft:tuff":1740,"minecraft:warped_trapdoor":20,"minecraft:acacia_boat":1,"minecraft:horn_coral":6,"minecraft:wither_skeleton_skull":2,"minecraft:lapis_lazuli":2961,"minecraft:polished_granite":26,"minecraft:leather_boots":3,"minecraft:deepslate_brick_slab":189,"minecraft:raw_gold":523,"minecraft:bell":3,"minecraft:powered_rail":16,"minecraft:stone_hoe":1,"minecraft:oak_planks":314,"minecraft:brain_coral":6,"minecraft:cooked_porkchop":134,"minecraft:music_disc_13":3,"minecraft:axolotl_bucket":1,"minecraft:poisonous_potato":1,"minecraft:jungle_planks":333,"minecraft:sand":8693,"minecraft:shulker_box":298,"minecraft:orange_wool":9,"minecraft:dark_prismarine":13,"minecraft:spruce_fence_gate":10,"minecraft:clay":781,"minecraft:black_concrete":372,"minecraft:spruce_boat":31,"minecraft:diamond":380,"minecraft:white_concrete":206,"minecraft:bubble_coral_block":4,"minecraft:oak_sapling":210,"minecraft:end_stone_bricks":9,"minecraft:fishing_rod":10,"minecraft:cocoa_beans":30,"minecraft:chicken":17,"minecraft:cooked_rabbit":5,"minecraft:gold_block":6,"minecraft:iron_axe":1,"minecraft:orange_concrete":1300,"minecraft:item_frame":36,"minecraft:quartz_slab":17,"minecraft:cyan_carpet":16,"minecraft:dark_prismarine_stairs":12,"minecraft:oak_boat":45,"minecraft:player_head":176,"minecraft:observer":1,"minecraft:light_gray_wool":9,"minecraft:lectern":751,"minecraft:tinted_glass":30,"minecraft:sugar_cane":1163,"minecraft:phantom_membrane":111,"minecraft:spruce_trapdoor":89,"minecraft:dark_oak_sapling":266,"minecraft:raw_iron":1692,"minecraft:orange_dye":31,"minecraft:copper_ingot":15,"minecraft:bowl":3,"minecraft:quartz_pillar":115,"minecraft:stone_button":19,"minecraft:magenta_shulker_box":120,"minecraft:dark_oak_planks":1210,"minecraft:arrow":538,"minecraft:saddle":3,"minecraft:wet_sponge":2,"minecraft:glow_ink_sac":104,"minecraft:crimson_stem":245,"minecraft:salmon":8,"minecraft:mushroom_stew":1,"minecraft:yellow_glazed_terracotta":9,"minecraft:nether_wart_block":82,"minecraft:deepslate_tile_slab":128,"minecraft:cut_copper_slab":103,"minecraft:podzol":953,"minecraft:fire_coral_block":1,"minecraft:heart_of_the_sea":3,"minecraft:soul_sand":273,"minecraft:acacia_sapling":128,"minecraft:purple_concrete":515,"minecraft:book":188,"minecraft:oak_slab":49,"minecraft:scaffolding":1978,"minecraft:birch_boat":2,"minecraft:pumpkin":4,"minecraft:chiseled_stone_bricks":8,"minecraft:raw_iron_block":1,"minecraft:brain_coral_fan":3,"minecraft:blast_furnace":5,"minecraft:white_bed":29,"minecraft:gold_ore":7,"minecraft:green_carpet":4,"minecraft:dark_oak_fence_gate":7,"minecraft:mossy_stone_brick_slab":1,"minecraft:spider_eye":2241,"minecraft:campfire":15,"minecraft:honey_block":3,"minecraft:iron_helmet":6,"minecraft:waxed_oxidized_cut_copper_slab":1,"minecraft:magenta_concrete":16,"minecraft:black_wool":15,"minecraft:acacia_slab":101,"minecraft:coal":3033,"minecraft:purple_concrete_powder":8}},"DataVersion":3120}