{"stats":{"minecraft:killed_by":{"minecraft:drowned":1,"minecraft:skeleton":1,"minecraft:creeper":6,"minecraft:player":1},"minecraft:broken":{"minecraft:diamond_helmet":1,"minecraft:diamond_pickaxe":2,"minecraft:iron_hoe":1,"minecraft:stone_hoe":1,"minecraft:shield":1,"minecraft:iron_pickaxe":9,"minecraft:iron_shovel":5,"minecraft:stone_pickaxe":8,"minecraft:stone_axe":2,"minecraft:iron_sword":2,"minecraft:iron_axe":1,"minecraft:golden_helmet":1,"minecraft:golden_shovel":1},"minecraft:crafted":{"minecraft:lime_stained_glass":96,"minecraft:green_banner":1,"minecraft:black_dye":10259,"minecraft:chainmail_helmet":12,"minecraft:oak_sign":24,"minecraft:red_sand":24,"minecraft:melon":16037,"minecraft:blaze_powder":30,"minecraft:birch_boat":8,"minecraft:chain":43,"minecraft:blue_stained_glass_pane":16,"minecraft:diamond_shovel":13,"minecraft:nether_brick":64,"minecraft:cracked_stone_bricks":64,"minecraft:shulker_box":383,"minecraft:diamond_helmet":3,"minecraft:magenta_concrete_powder":936,"minecraft:light_blue_concrete_powder":1768,"minecraft:tipped_arrow":45,"minecraft:dried_kelp_block":6,"minecraft:gray_stained_glass":88,"minecraft:name_tag":474,"minecraft:bubble_coral_block":16,"minecraft:lime_concrete_powder":1896,"minecraft:white_shulker_box":24,"minecraft:pink_stained_glass":136,"minecraft:blue_stained_glass":96,"minecraft:redstone_lamp":6,"minecraft:jungle_boat":77,"minecraft:fern":24,"minecraft:raw_gold_block":35,"minecraft:smithing_table":6,"minecraft:mossy_cobblestone":65,"minecraft:brown_bed":510,"minecraft:sticky_piston":17,"minecraft:red_nether_bricks":2,"minecraft:fletching_table":39,"minecraft:green_stained_glass":288,"minecraft:polished_deepslate_slab":120,"minecraft:cartography_table":2,"minecraft:tropical_fish_bucket":12,"minecraft:stone_brick_stairs":2,"minecraft:lectern":1,"minecraft:stone_slab":22,"minecraft:iron_pickaxe":15,"minecraft:netherite_ingot":113,"minecraft:composter":76,"minecraft:tube_coral_block":16,"minecraft:nautilus_shell":5,"minecraft:golden_carrot":3927,"minecraft:jukebox":3,"minecraft:orange_shulker_box":32,"minecraft:iron_nugget":1791,"minecraft:crimson_trapdoor":4,"minecraft:diamond_hoe":6,"minecraft:experience_bottle":1368,"minecraft:soul_torch":128,"minecraft:blue_shulker_box":15,"minecraft:lime_stained_glass_pane":16,"minecraft:spruce_fence":120,"minecraft:vine":24,"minecraft:stone_stairs":10,"minecraft:brain_coral_block":32,"minecraft:terracotta":777,"minecraft:lantern":1314,"minecraft:spruce_stairs":144,"minecraft:light_gray_shulker_box":16,"minecraft:polished_diorite":92,"minecraft:black_concrete_powder":24,"minecraft:red_shulker_box":33,"minecraft:stone_pickaxe":32,"minecraft:quartz_slab":126,"minecraft:spruce_boat":16,"minecraft:purple_carpet":627,"minecraft:lead":8,"minecraft:chainmail_leggings":33,"minecraft:light_gray_terracotta":16,"minecraft:cut_copper_slab":48,"minecraft:light_blue_glazed_terracotta":108,"minecraft:enchanting_table":1,"minecraft:cyan_bed":172,"minecraft:crimson_slab":318,"minecraft:yellow_stained_glass_pane":16,"minecraft:leather_helmet":6,"minecraft:dark_oak_button":1,"minecraft:red_carpet":63,"minecraft:deepslate_tiles":2616,"minecraft:podzol":36,"minecraft:enchanted_book":3,"minecraft:orange_dye":3928,"minecraft:light_blue_carpet":120,"minecraft:magenta_glazed_terracotta":84,"minecraft:crimson_stairs":8,"minecraft:soul_lantern":128,"minecraft:red_stained_glass":96,"minecraft:oxeye_daisy":11,"minecraft:gunpowder":8,"minecraft:fermented_spider_eye":15,"minecraft:chainmail_boots":20,"minecraft:birch_trapdoor":6,"minecraft:black_stained_glass_pane":16,"minecraft:writable_book":1,"minecraft:iron_shovel":6,"minecraft:armor_stand":172,"minecraft:pink_terracotta":131,"minecraft:grindstone":6,"minecraft:cobblestone_slab":12,"minecraft:barrel":151,"minecraft:polished_granite_slab":12,"minecraft:stone":144,"minecraft:red_sandstone":3,"minecraft:pink_carpet":336,"minecraft:quartz_pillar":2593,"minecraft:warped_planks":4,"minecraft:cake":96,"minecraft:brown_stained_glass":88,"minecraft:bow":139,"minecraft:comparator":49,"minecraft:polished_basalt":15,"minecraft:chest":1508,"minecraft:netherite_helmet":1,"minecraft:yellow_terracotta":16,"minecraft:copper_block":13,"minecraft:poppy":12,"minecraft:blue_concrete_powder":1768,"minecraft:bricks":2082,"minecraft:ender_eye":20,"minecraft:stone_bricks":701,"minecraft:oak_fence":78,"minecraft:respawn_anchor":1,"minecraft:dropper":16,"minecraft:cauldron":12,"minecraft:lime_terracotta":141,"minecraft:iron_helmet":2,"minecraft:brown_dye":3956,"minecraft:cracked_deepslate_bricks":4,"minecraft:chainmail_chestplate":8,"minecraft:acacia_button":6,"minecraft:white_stained_glass_pane":704,"minecraft:yellow_stained_glass":96,"minecraft:dispenser":103,"minecraft:apple":96,"minecraft:spruce_trapdoor":148,"minecraft:yellow_dye":5936,"minecraft:purple_dye":3904,"minecraft:netherite_block":10,"minecraft:gray_terracotta":16,"minecraft:stick":3148,"minecraft:iron_ingot":10306,"minecraft:light_blue_shulker_box":13,"minecraft:light_blue_stained_glass":88,"minecraft:lime_carpet":426,"minecraft:cyan_carpet":63,"minecraft:deepslate_bricks":2684,"minecraft:deepslate_tile_slab":1112,"minecraft:blue_terracotta":208,"minecraft:orange_glazed_terracotta":180,"minecraft:small_dripleaf":10,"minecraft:stone_brick_wall":18,"minecraft:tripwire_hook":2,"minecraft:netherite_sword":1,"minecraft:leather_boots":17,"minecraft:spruce_button":4,"minecraft:mossy_stone_bricks":64,"minecraft:blast_furnace":8,"minecraft:furnace":19,"minecraft:piston":194,"minecraft:raw_copper_block":1017,"minecraft:smooth_quartz_stairs":43,"minecraft:flint_and_steel":2,"minecraft:scaffolding":384,"minecraft:netherite_chestplate":1,"minecraft:granite_wall":1,"minecraft:white_concrete_powder":224,"minecraft:polished_granite_stairs":26,"minecraft:orange_terracotta":115,"minecraft:cobblestone_wall":50,"minecraft:brown_shulker_box":17,"minecraft:smooth_quartz_slab":108,"minecraft:honey_block":9,"minecraft:blackstone_stairs":17,"minecraft:birch_sign":3,"minecraft:glistering_melon_slice":1620,"minecraft:orange_tulip":12,"minecraft:purple_terracotta":107,"minecraft:purple_stained_glass":96,"minecraft:iron_trapdoor":14,"minecraft:purple_shulker_box":13,"minecraft:iron_sword":14,"minecraft:mangrove_planks":8,"minecraft:acacia_boat":6,"minecraft:jungle_planks":13176,"minecraft:white_dye":14333,"minecraft:brown_concrete_powder":152,"minecraft:netherite_shovel":2,"minecraft:stonecutter":12,"minecraft:anvil":12,"minecraft:torch":2204,"minecraft:diorite_slab":12,"minecraft:magenta_carpet":498,"minecraft:granite_slab":32,"minecraft:diamond_chestplate":3,"minecraft:jungle_button":1,"minecraft:light_gray_concrete_powder":24,"minecraft:smooth_stone":256,"minecraft:purple_bed":256,"minecraft:orange_carpet":63,"minecraft:orange_stained_glass":88,"minecraft:pink_bed":169,"minecraft:dark_oak_wood":27,"minecraft:birch_slab":30,"minecraft:horn_coral_block":16,"minecraft:loom":4,"minecraft:lever":66,"minecraft:bookshelf":2656,"minecraft:cooked_mutton":1,"minecraft:iron_bars":32,"minecraft:red_concrete_powder":1952,"minecraft:magenta_shulker_box":13,"minecraft:quartz_block":5121,"minecraft:glass":3984,"minecraft:light_blue_terracotta":16,"minecraft:repeater":50,"minecraft:diamond_leggings":4,"minecraft:netherite_boots":1,"minecraft:melon_seeds":49,"minecraft:acacia_fence":3,"minecraft:chiseled_quartz_block":25,"minecraft:magenta_dye":3814,"minecraft:gray_bed":4,"minecraft:flower_pot":185,"minecraft:glass_bottle":84,"minecraft:target":2,"minecraft:emerald":54093,"minecraft:smooth_quartz":1147,"minecraft:diamond_axe":6,"minecraft:spruce_door":6,"minecraft:copper_ingot":128,"minecraft:oak_wood":114,"minecraft:hay_block":132,"minecraft:campfire":48,"minecraft:light_gray_bed":208,"minecraft:lime_shulker_box":13,"minecraft:green_terracotta":16,"minecraft:compass":61,"minecraft:iron_block":722,"minecraft:white_terracotta":344,"minecraft:gold_ingot":4677,"minecraft:light_gray_dye":3960,"minecraft:spruce_fence_gate":90,"minecraft:packed_ice":12,"minecraft:yellow_concrete_powder":1768,"minecraft:stone_shovel":10,"minecraft:smooth_stone_slab":126,"minecraft:leather_leggings":20,"minecraft:mangrove_chest_boat":1,"minecraft:player_head":2152,"minecraft:polished_deepslate_stairs":140,"minecraft:globe_banner_pattern":1,"minecraft:pufferfish_bucket":12,"minecraft:red_terracotta":240,"minecraft:bone_meal":79191,"minecraft:cyan_stained_glass":88,"minecraft:pink_dye":4376,"minecraft:white_carpet":72,"minecraft:netherite_axe":2,"minecraft:diamond":387,"minecraft:dark_oak_fence":48,"minecraft:ladder":72,"minecraft:yellow_glazed_terracotta":102,"minecraft:spruce_slab":396,"minecraft:ender_pearl":6,"minecraft:diamond_boots":4,"minecraft:deepslate_tile_wall":10,"minecraft:redstone_block":583,"minecraft:dark_oak_planks":1536,"minecraft:allium":12,"minecraft:wheat":2088,"minecraft:coal_block":576,"minecraft:dripstone_block":328,"minecraft:firework_star":20,"minecraft:purple_stained_glass_pane":16,"minecraft:netherite_pickaxe":2,"minecraft:lily_of_the_valley":14,"minecraft:skull_banner_pattern":1,"minecraft:rooted_dirt":10,"minecraft:dried_kelp":64,"minecraft:magenta_stained_glass":88,"minecraft:gray_concrete_powder":32,"minecraft:polished_granite":49,"minecraft:glowstone":166,"minecraft:white_stained_glass":720,"minecraft:jungle_slab":438,"minecraft:golden_apple":117,"minecraft:gray_shulker_box":14,"minecraft:cyan_shulker_box":13,"minecraft:oak_stairs":76,"minecraft:iron_leggings":4,"minecraft:white_bed":16,"minecraft:blue_carpet":396,"minecraft:brick":8890,"minecraft:oak_planks":840,"minecraft:dark_oak_boat":7,"minecraft:pink_shulker_box":14,"minecraft:purple_glazed_terracotta":103,"minecraft:sand":192,"minecraft:mangrove_boat":1,"minecraft:cobblestone_stairs":54,"minecraft:light_blue_banner":7,"minecraft:flower_banner_pattern":1,"minecraft:suspicious_stew":21,"minecraft:green_dye":9852,"minecraft:dark_oak_door":9,"minecraft:hopper":278,"minecraft:iron_boots":12,"minecraft:raw_copper":144,"minecraft:cyan_terracotta":16,"minecraft:chiseled_stone_bricks":56,"minecraft:stone_hoe":2,"minecraft:honeycomb_block":2,"minecraft:raw_iron_block":468,"minecraft:smoker":6,"minecraft:quartz_stairs":1,"minecraft:oak_slab":6,"minecraft:item_frame":133,"minecraft:map":102,"minecraft:crafting_table":39,"minecraft:spruce_planks":7476,"minecraft:wooden_pickaxe":1,"minecraft:baked_potato":128,"minecraft:gold_block":359,"minecraft:mojang_banner_pattern":1,"minecraft:hopper_minecart":38,"minecraft:brewing_stand":3,"minecraft:birch_planks":1544,"minecraft:pumpkin_seeds":100,"minecraft:sea_pickle":10,"minecraft:black_shulker_box":21,"minecraft:diamond_pickaxe":12,"minecraft:dark_oak_slab":18,"minecraft:iron_chestplate":3,"minecraft:book":24,"minecraft:paper":8457,"minecraft:charcoal":1,"minecraft:emerald_block":3296,"minecraft:shield":16,"minecraft:light_blue_dye":3968,"minecraft:netherite_hoe":2,"minecraft:leather_chestplate":19,"minecraft:stone_sword":1,"minecraft:snow_block":1,"minecraft:green_shulker_box":13,"minecraft:redstone_torch":318,"minecraft:light_gray_carpet":159,"minecraft:shears":791,"minecraft:light_gray_stained_glass_pane":48,"minecraft:green_carpet":63,"minecraft:polished_andesite":5,"minecraft:coarse_dirt":128,"minecraft:cookie":522,"minecraft:raw_iron":4257,"minecraft:redstone":2003,"minecraft:coal":4356,"minecraft:light_gray_stained_glass":88,"minecraft:stone_button":639,"minecraft:dark_oak_trapdoor":194,"minecraft:gray_dye":4996,"minecraft:dark_oak_sign":3,"minecraft:diamond_block":85,"minecraft:glass_pane":192,"minecraft:end_stone_bricks":1,"minecraft:blue_ice":1454,"minecraft:netherite_leggings":1,"minecraft:yellow_shulker_box":38,"minecraft:polished_deepslate":3008,"minecraft:black_terracotta":16,"minecraft:green_concrete_powder":1760,"minecraft:iron_axe":7,"minecraft:spruce_wood":27,"minecraft:iron_hoe":2,"minecraft:slime_ball":5,"minecraft:orange_concrete_powder":1768,"minecraft:lime_dye":4496,"minecraft:pink_glazed_terracotta":113,"minecraft:filled_map":1,"minecraft:netherite_scrap":417,"minecraft:minecart":21,"minecraft:blue_glazed_terracotta":96,"minecraft:observer":150,"minecraft:cooked_beef":428,"minecraft:sugar":84,"minecraft:red_dye":8431,"minecraft:cyan_concrete_powder":1760,"minecraft:bone_block":4552,"minecraft:crimson_planks":196,"minecraft:diamond_sword":7,"minecraft:cyan_dye":3952,"minecraft:spruce_sign":60,"minecraft:dark_oak_stairs":36,"minecraft:pink_concrete_powder":104,"minecraft:powered_rail":138,"minecraft:yellow_carpet":234,"minecraft:bell":38,"minecraft:bowl":4,"minecraft:nether_bricks":1,"minecraft:bucket":68,"minecraft:stone_axe":2,"minecraft:brown_terracotta":188,"minecraft:lodestone":3,"minecraft:mossy_cobblestone_wall":6,"minecraft:air":0,"minecraft:black_stained_glass":96,"minecraft:blue_dye":9376,"minecraft:cut_copper":4,"minecraft:oak_boat":9,"minecraft:magenta_terracotta":124,"minecraft:raw_gold":297,"minecraft:pink_stained_glass_pane":176,"minecraft:nether_wart_block":1,"minecraft:pumpkin_pie":312,"minecraft:acacia_planks":796,"minecraft:end_crystal":18,"minecraft:purple_concrete_powder":1776,"minecraft:clay":1,"minecraft:lapis_lazuli":156,"minecraft:lapis_block":176,"minecraft:firework_rocket":33},"minecraft:custom":{"minecraft:interact_with_crafting_table":1695,"minecraft:damage_blocked_by_shield":6195,"minecraft:play_time":35718672,"minecraft:deaths":14,"minecraft:jump":265263,"minecraft:play_record":13,"minecraft:interact_with_smoker":101,"minecraft:inspect_dispenser":933,"minecraft:horse_one_cm":144426,"minecraft:inspect_dropper":1281,"minecraft:interact_with_anvil":136,"minecraft:inspect_hopper":1136,"minecraft:tune_noteblock":29,"minecraft:time_since_rest":267381,"minecraft:swim_one_cm":4657072,"minecraft:open_chest":22707,"minecraft:open_shulker_box":10291,"minecraft:damage_resisted":1729,"minecraft:play_noteblock":1,"minecraft:talked_to_villager":7160,"minecraft:interact_with_brewingstand":116,"minecraft:interact_with_beacon":6,"minecraft:fill_cauldron":2,"minecraft:interact_with_campfire":6,"minecraft:boat_one_cm":33034301,"minecraft:damage_taken":131594,"minecraft:aviate_one_cm":64893972,"minecraft:open_barrel":4634,"minecraft:bell_ring":80,"minecraft:eat_cake_slice":13,"minecraft:leave_game":562,"minecraft:time_since_death":18671495,"minecraft:enchant_item":76,"minecraft:interact_with_furnace":1516,"minecraft:traded_with_villager":64346,"minecraft:sleep_in_bed":335,"minecraft:damage_dealt":323643,"minecraft:interact_with_smithing_table":11,"minecraft:sneak_time":1531406,"minecraft:interact_with_lectern":91,"minecraft:interact_with_blast_furnace":567,"minecraft:total_world_time":35718672,"minecraft:interact_with_stonecutter":125,"minecraft:fly_one_cm":59152214,"minecraft:fish_caught":168,"minecraft:fall_one_cm":6843670,"minecraft:animals_bred":262,"minecraft:sprint_one_cm":35563139,"minecraft:drop":8417,"minecraft:walk_on_water_one_cm":2850612,"minecraft:interact_with_loom":3,"minecraft:open_enderchest":1877,"minecraft:player_kills":3,"minecraft:crouch_one_cm":5292784,"minecraft:mob_kills":3604,"minecraft:climb_one_cm":2659430,"minecraft:walk_one_cm":75350815,"minecraft:walk_under_water_one_cm":5143298,"minecraft:pot_flower":73,"minecraft:interact_with_grindstone":30,"minecraft:damage_absorbed":180,"minecraft:minecart_one_cm":76007},"minecraft:killed":{"minecraft:cod":3,"minecraft:guardian":1,"minecraft:parrot":5,"minecraft:elder_guardian":6,"minecraft:salmon":8,"minecraft:iron_golem":6,"minecraft:pillager":2,"minecraft:goat":122,"minecraft:zombie":395,"minecraft:endermite":1,"minecraft:husk":4,"minecraft:zombified_piglin":2,"minecraft:witch":3,"minecraft:spider":88,"minecraft:silverfish":55,"minecraft:piglin_brute":13,"minecraft:piglin":71,"minecraft:zombie_villager":11,"minecraft:sheep":11,"minecraft:trader_llama":20,"minecraft:mooshroom":351,"minecraft:ghast":20,"minecraft:slime":38,"minecraft:drowned":48,"minecraft:hoglin":17,"minecraft:squid":535,"minecraft:wither_skeleton":25,"minecraft:villager":18,"minecraft:cave_spider":5,"minecraft:shulker":45,"minecraft:skeleton":1054,"minecraft:chicken":46,"minecraft:magma_cube":71,"minecraft:glow_squid":23,"minecraft:cow":4,"minecraft:wandering_trader":14,"minecraft:enderman":50,"minecraft:pig":2,"minecraft:creeper":132,"minecraft:stray":2,"minecraft:blaze":22,"minecraft:phantom":129,"minecraft:bat":7},"minecraft:used":{"minecraft:moss_block":15,"minecraft:writable_book":75,"minecraft:polished_granite_stairs":28,"minecraft:chiseled_deepslate":55,"minecraft:smooth_quartz_slab":220,"minecraft:dispenser":113,"minecraft:poppy":1,"minecraft:stone":20231,"minecraft:quartz_stairs":84,"minecraft:soul_sand":47,"minecraft:cocoa_beans":2538,"minecraft:lily_of_the_valley":43,"minecraft:deepslate_brick_slab":1,"minecraft:azure_bluet":5,"minecraft:weeping_vines":8,"minecraft:spruce_boat":213,"minecraft:jungle_sapling":337,"minecraft:packed_ice":1230,"minecraft:lava_bucket":3032,"minecraft:stripped_dark_oak_wood":5,"minecraft:music_disc_pigstep":6,"minecraft:quartz_pillar":943,"minecraft:red_wool":12,"minecraft:quartz_block":137,"minecraft:netherite_hoe":62786,"minecraft:dark_oak_leaves":1,"minecraft:dark_oak_slab":7,"minecraft:netherite_boots":14,"minecraft:bow":1002,"minecraft:yellow_glazed_terracotta":2,"minecraft:oak_sapling":708,"minecraft:acacia_fence":1,"minecraft:damaged_anvil":2,"minecraft:chorus_fruit":4,"minecraft:prismarine":54,"minecraft:blackstone":337,"minecraft:cactus":171,"minecraft:wooden_pickaxe":21,"minecraft:composter":143,"minecraft:clay":9,"minecraft:jungle_boat":272,"minecraft:glow_berries":11,"minecraft:blast_furnace":39,"minecraft:chiseled_quartz_block":71,"minecraft:purple_terracotta":1,"minecraft:purple_concrete_powder":25,"minecraft:birch_fence":24,"minecraft:deepslate_iron_ore":1554,"minecraft:flowering_azalea_leaves":74,"minecraft:diamond_sword":1129,"minecraft:smithing_table":14,"minecraft:birch_log":8,"minecraft:oak_boat":109,"minecraft:purple_wool":12,"minecraft:diorite_slab":25,"minecraft:oak_trapdoor":30,"minecraft:enchanting_table":2,"minecraft:orange_concrete":193,"minecraft:armor_stand":489,"minecraft:tinted_glass":1,"minecraft:light_gray_carpet":166,"minecraft:torch":2960,"minecraft:orange_stained_glass":45,"minecraft:brewing_stand":18,"minecraft:light_blue_dye":1,"minecraft:nether_quartz_ore":4383,"minecraft:yellow_carpet":250,"minecraft:golden_shovel":32,"minecraft:sea_lantern":107,"minecraft:iron_block":209,"minecraft:jungle_log":264,"minecraft:barrel":263,"minecraft:bamboo":103,"minecraft:diamond_chestplate":1,"minecraft:basalt":159,"minecraft:lime_concrete":3,"minecraft:calcite":4,"minecraft:wheat_seeds":1781,"minecraft:warped_stem":76,"minecraft:light_blue_shulker_box":83,"minecraft:birch_planks":18,"minecraft:lead":2,"minecraft:blue_concrete_powder":30,"minecraft:cauldron":13,"minecraft:glow_ink_sac":20,"minecraft:spruce_fence_gate":95,"minecraft:gold_ore":3,"minecraft:deepslate_bricks":453,"minecraft:conduit":1,"minecraft:polished_deepslate_slab":73,"minecraft:diamond_block":7,"minecraft:rail":1201,"minecraft:red_bed":1,"minecraft:green_dye":1,"minecraft:crimson_trapdoor":11,"minecraft:white_bed":173,"minecraft:campfire":59,"minecraft:spruce_log":145,"minecraft:mushroom_stem":43,"minecraft:diamond_pickaxe":38993,"minecraft:blue_stained_glass_pane":27,"minecraft:yellow_dye":2,"minecraft:diamond_shovel":11159,"minecraft:suspicious_stew":25,"minecraft:spruce_trapdoor":262,"minecraft:magenta_concrete_powder":26,"minecraft:spruce_sapling":286,"minecraft:blue_carpet":335,"minecraft:pink_bed":171,"minecraft:potion":11,"minecraft:azalea_leaves":153,"minecraft:purple_bed":264,"minecraft:crimson_stairs":8,"minecraft:cooked_porkchop":73,"minecraft:dandelion":7,"minecraft:green_stained_glass":306,"minecraft:moss_carpet":29,"minecraft:blue_terracotta":6,"minecraft:polished_deepslate":57,"minecraft:light_gray_stained_glass_pane":11,"minecraft:melon":12,"minecraft:bone_block":36,"minecraft:polished_basalt":59,"minecraft:nether_wart":49,"minecraft:green_terracotta":1,"minecraft:spruce_leaves":128,"minecraft:jungle_planks":12,"minecraft:pink_terracotta":4,"minecraft:obsidian":102,"minecraft:big_dripleaf":1,"minecraft:bricks":17,"minecraft:lantern":877,"minecraft:spruce_wood":25,"minecraft:green_wool":22,"minecraft:item_frame":369,"minecraft:birch_button":8,"minecraft:deepslate_diamond_ore":133,"minecraft:birch_trapdoor":8,"minecraft:written_book":4957,"minecraft:jungle_button":1,"minecraft:blue_shulker_box":72,"minecraft:gold_block":65,"minecraft:pink_concrete_powder":79,"minecraft:dark_oak_sapling":346,"minecraft:end_rod":11,"minecraft:dropper":11,"minecraft:wither_skeleton_skull":8,"minecraft:stone_pickaxe":1181,"minecraft:gray_carpet":6,"minecraft:jungle_fence":2,"minecraft:sandstone":41,"minecraft:diamond_axe":3281,"minecraft:sugar_cane":82,"minecraft:white_wool":194,"minecraft:netherite_leggings":15,"minecraft:lime_stained_glass_pane":28,"minecraft:mushroom_stew":1,"minecraft:light_blue_wool":15,"minecraft:yellow_concrete":139,"minecraft:end_stone":55,"minecraft:ochre_froglight":4,"minecraft:deepslate_lapis_ore":36,"minecraft:sticky_piston":17,"minecraft:lever":78,"minecraft:dark_oak_log":329,"minecraft:bread":2,"minecraft:brown_wool":1,"minecraft:deepslate":567,"minecraft:light_blue_concrete_powder":22,"minecraft:chain":21,"minecraft:mossy_cobblestone_wall":2,"minecraft:smooth_stone_slab":27,"minecraft:coarse_dirt":115,"minecraft:bone_meal":7701,"minecraft:orange_concrete_powder":19,"minecraft:netherite_sword":3655,"minecraft:rose_bush":49,"minecraft:granite_stairs":87,"minecraft:white_tulip":39,"minecraft:flint_and_steel":95,"minecraft:redstone":545,"minecraft:ender_chest":293,"minecraft:brown_shulker_box":100,"minecraft:deepslate_gold_ore":219,"minecraft:stone_hoe":197,"minecraft:dirt":16060,"minecraft:prismarine_bricks":1,"minecraft:bee_nest":1,"minecraft:spruce_fence":127,"minecraft:iron_hoe":412,"minecraft:light_gray_stained_glass":23,"minecraft:oak_stairs":54,"minecraft:smooth_sandstone":3,"minecraft:crimson_slab":44,"minecraft:yellow_concrete_powder":26,"minecraft:black_stained_glass":32,"minecraft:soul_soil":11,"minecraft:lime_stained_glass":42,"minecraft:deepslate_tile_stairs":4290,"minecraft:black_dye":1,"minecraft:minecart":202,"minecraft:netherite_pickaxe":198030,"minecraft:cyan_concrete_powder":22,"minecraft:cooked_beef":633,"minecraft:pumpkin":5,"minecraft:light_gray_bed":335,"minecraft:quartz_bricks":125,"minecraft:cobblestone_stairs":45,"minecraft:pink_glazed_terracotta":3,"minecraft:snow_block":32,"minecraft:birch_boat":70,"minecraft:brown_mushroom":6,"minecraft:spruce_sign":101,"minecraft:green_bed":4,"minecraft:red_mushroom":2,"minecraft:magenta_carpet":464,"minecraft:cyan_stained_glass":41,"minecraft:netherite_block":2,"minecraft:piston":250,"minecraft:flower_pot":58,"minecraft:black_wool":4,"minecraft:command_block":2,"minecraft:stone_slab":19,"minecraft:yellow_wool":8,"minecraft:stone_axe":256,"minecraft:end_crystal":14,"minecraft:cyan_stained_glass_pane":5,"minecraft:pink_shulker_box":124,"minecraft:pumpkin_pie":6,"minecraft:wither_rose":2,"minecraft:gray_wool":11,"minecraft:peony":15,"minecraft:spruce_slab":259,"minecraft:elytra":13,"minecraft:ladder":199,"minecraft:chest":1759,"minecraft:white_shulker_box":161,"minecraft:blue_stained_glass":38,"minecraft:brick_slab":52,"minecraft:acacia_sapling":367,"minecraft:jungle_slab":8,"minecraft:orange_wool":18,"minecraft:acacia_button":6,"minecraft:netherite_shovel":110956,"minecraft:black_stained_glass_pane":9,"minecraft:grass_block":2849,"minecraft:birch_sapling":620,"minecraft:orange_shulker_box":156,"minecraft:copper_ore":913,"minecraft:music_disc_wait":1,"minecraft:dark_oak_button":3,"minecraft:pink_wool":85,"minecraft:stone_brick_stairs":3,"minecraft:snow":29,"minecraft:dark_oak_boat":66,"minecraft:sweet_berries":16,"minecraft:furnace":19,"minecraft:egg":147,"minecraft:potato":366,"minecraft:seagrass":1,"minecraft:brown_concrete_powder":132,"minecraft:magenta_shulker_box":66,"minecraft:light_blue_carpet":97,"minecraft:diorite":139,"minecraft:spruce_door":12,"minecraft:stripped_birch_log":1,"minecraft:cut_copper_slab":16,"minecraft:red_stained_glass":44,"minecraft:powered_rail":337,"minecraft:blackstone_stairs":7,"minecraft:orange_tulip":11,"minecraft:lime_concrete_powder":77,"minecraft:oak_leaves":1417,"minecraft:smooth_quartz_stairs":46,"minecraft:dark_oak_trapdoor":207,"minecraft:blue_dye":1,"minecraft:sand":366,"minecraft:blue_ice":748,"minecraft:netherite_helmet":15,"minecraft:black_concrete_powder":1,"minecraft:pumpkin_seeds":22,"minecraft:deepslate_tiles":1814,"minecraft:stone_button":805,"minecraft:spore_blossom":2,"minecraft:lectern":17,"minecraft:red_terracotta":144,"minecraft:diamond_ore":4,"minecraft:lilac":9,"minecraft:soul_lantern":9,"minecraft:dark_oak_fence":43,"minecraft:white_stained_glass":458,"minecraft:green_concrete_powder":18,"minecraft:pink_stained_glass":36,"minecraft:ice":1310,"minecraft:gray_stained_glass":21,"minecraft:iron_bars":3,"minecraft:stone_sword":128,"minecraft:acacia_log":21,"minecraft:red_concrete":965,"minecraft:mycelium":147,"minecraft:netherrack":14851,"minecraft:light_gray_shulker_box":102,"minecraft:anvil":30,"minecraft:twisting_vines":20,"minecraft:stone_stairs":6,"minecraft:polished_granite_slab":13,"minecraft:jungle_trapdoor":5,"minecraft:blue_concrete":1,"minecraft:red_shulker_box":105,"minecraft:flowering_azalea":1,"minecraft:cyan_shulker_box":57,"minecraft:brick_stairs":248,"minecraft:iron_axe":351,"minecraft:rooted_dirt":1,"minecraft:spruce_button":7,"minecraft:slime_block":40,"minecraft:smooth_quartz":1060,"minecraft:lime_dye":3,"minecraft:totem_of_undying":8,"minecraft:pink_stained_glass_pane":141,"minecraft:melon_seeds":22,"minecraft:smooth_basalt":10,"minecraft:tripwire_hook":3,"minecraft:magenta_wool":14,"minecraft:iron_trapdoor":14,"minecraft:orange_terracotta":9,"minecraft:cobbled_deepslate":1079,"minecraft:observer":226,"minecraft:magenta_dye":3,"minecraft:water_bucket":1324,"minecraft:yellow_shulker_box":81,"minecraft:lime_wool":13,"minecraft:cartography_table":11,"minecraft:red_mushroom_block":3,"minecraft:fletching_table":26,"minecraft:cracked_stone_bricks":9,"minecraft:polished_blackstone_bricks":52,"minecraft:gilded_blackstone":17,"minecraft:lime_terracotta":2,"minecraft:mossy_cobblestone":2,"minecraft:vine":5,"minecraft:orange_carpet":44,"minecraft:comparator":58,"minecraft:tnt":284,"minecraft:oak_slab":70,"minecraft:crafting_table":191,"minecraft:birch_sign":3,"minecraft:lime_shulker_box":77,"minecraft:cake":108,"minecraft:deepslate_tile_wall":12,"minecraft:oak_log":394,"minecraft:light":4,"minecraft:cornflower":55,"minecraft:oxeye_daisy":2,"minecraft:sunflower":15,"minecraft:iron_pickaxe":2334,"minecraft:crimson_nylium":8,"minecraft:cobblestone":3560,"minecraft:red_concrete_powder":212,"minecraft:glass_pane":74,"minecraft:brown_mushroom_block":6,"minecraft:jukebox":7,"minecraft:kelp":355,"minecraft:iron_shovel":1462,"minecraft:oak_sign":142,"minecraft:white_concrete_powder":225,"minecraft:shield":135,"minecraft:white_terracotta":665,"minecraft:iron_sword":582,"minecraft:purple_shulker_box":91,"minecraft:bell":16,"minecraft:player_head":41,"minecraft:carrot":542,"minecraft:deepslate_tile_slab":1483,"minecraft:music_disc_11":1,"minecraft:tuff":25,"minecraft:cyan_wool":11,"minecraft:axolotl_bucket":21,"minecraft:milk_bucket":60,"minecraft:polished_deepslate_stairs":108,"minecraft:glass":268,"minecraft:cyan_terracotta":4,"minecraft:coal_ore":2310,"minecraft:quartz_slab":2029,"minecraft:dark_oak_wood":6,"minecraft:gray_concrete_powder":3,"minecraft:crimson_roots":2,"minecraft:hopper_minecart":38,"minecraft:stone_bricks":633,"minecraft:bedrock":2,"minecraft:repeater":74,"minecraft:red_carpet":2,"minecraft:redstone_lamp":8,"minecraft:magma_block":43,"minecraft:scaffolding":1520,"minecraft:gray_bed":60,"minecraft:beetroot_seeds":994,"minecraft:stripped_spruce_wood":13,"minecraft:chiseled_polished_blackstone":4,"minecraft:dark_oak_stairs":86,"minecraft:birch_leaves":45,"minecraft:dark_oak_sign":80,"minecraft:ender_pearl":83,"minecraft:redstone_block":18,"minecraft:loom":5,"minecraft:yellow_terracotta":4,"minecraft:deepslate_redstone_ore":774,"minecraft:stone_brick_wall":19,"minecraft:black_bed":2,"minecraft:shears":3590,"minecraft:cobbled_deepslate_stairs":4,"minecraft:redstone_torch":133,"minecraft:brown_stained_glass":21,"minecraft:gray_shulker_box":56,"minecraft:lime_carpet":555,"minecraft:melon_slice":2,"minecraft:string":1,"minecraft:firework_rocket":915,"minecraft:cyan_bed":173,"minecraft:music_disc_mall":1,"minecraft:gravel":991,"minecraft:granite_slab":34,"minecraft:jungle_sign":1,"minecraft:grindstone":12,"minecraft:andesite":65,"minecraft:white_concrete":148,"minecraft:tropical_fish_bucket":7,"minecraft:experience_bottle":54,"minecraft:oak_fence":60,"minecraft:azalea":7,"minecraft:jungle_leaves":1,"minecraft:trident":1170,"minecraft:music_disc_otherside":4,"minecraft:mangrove_chest_boat":30,"minecraft:light_blue_terracotta":4,"minecraft:spruce_planks":791,"minecraft:spyglass":193,"minecraft:white_carpet":30,"minecraft:hopper":403,"minecraft:spruce_stairs":152,"minecraft:cobblestone_wall":22,"minecraft:diamond_helmet":1,"minecraft:shulker_box":347,"minecraft:oak_wood":79,"minecraft:pink_carpet":285,"minecraft:pink_dye":5,"minecraft:light_blue_stained_glass":43,"minecraft:granite":153,"minecraft:purple_stained_glass_pane":20,"minecraft:stone_brick_slab":24,"minecraft:bookshelf":2153,"minecraft:red_tulip":117,"minecraft:yellow_stained_glass":38,"minecraft:red_candle":23,"minecraft:crimson_planks":3,"minecraft:light_gray_wool":50,"minecraft:golden_carrot":1716,"minecraft:emerald_block":254,"minecraft:white_stained_glass_pane":709,"minecraft:granite_wall":1,"minecraft:brown_bed":515,"minecraft:mangrove_boat":4,"minecraft:cooked_mutton":4,"minecraft:amethyst_block":28,"minecraft:pink_tulip":21,"minecraft:iron_ore":689,"minecraft:glass_bottle":68,"minecraft:blue_wool":11,"minecraft:copper_block":6,"minecraft:black_shulker_box":122,"minecraft:beacon":4,"minecraft:white_dye":2,"minecraft:magenta_stained_glass":45,"minecraft:stonecutter":54,"minecraft:cobblestone_slab":4,"minecraft:terracotta":7,"minecraft:stripped_dark_oak_log":11,"minecraft:light_gray_concrete_powder":2,"minecraft:dark_oak_door":9,"minecraft:smoker":10,"minecraft:purple_stained_glass":33,"minecraft:cracked_polished_blackstone_bricks":15,"minecraft:map":35,"minecraft:netherite_axe":31422,"minecraft:purple_dye":1,"minecraft:fishing_rod":395,"minecraft:green_shulker_box":88,"minecraft:bucket":4441,"minecraft:purple_carpet":1145,"minecraft:splash_potion":71},"minecraft:mined":{"minecraft:dragon_wall_head":2,"minecraft:blue_carpet":12,"minecraft:potted_pink_tulip":3,"minecraft:red_shulker_box":78,"minecraft:blackstone_stairs":2,"minecraft:white_bed":153,"minecraft:pink_bed":1,"minecraft:cyan_shulker_box":50,"minecraft:light_blue_carpet":48,"minecraft:bubble_column":1,"minecraft:granite":2868,"minecraft:acacia_log":2849,"minecraft:deepslate_tile_wall":7,"minecraft:brown_wool":1,"minecraft:light_gray_bed":159,"minecraft:blue_wool":1,"minecraft:oak_wall_sign":18,"minecraft:nether_wart":39,"minecraft:polished_blackstone_bricks":527,"minecraft:magma_block":169,"minecraft:dark_oak_trapdoor":50,"minecraft:fire":12530,"minecraft:barrel":121,"minecraft:cobbled_deepslate":260,"minecraft:granite_slab":2,"minecraft:deepslate_lapis_ore":280,"minecraft:fletching_table":33,"minecraft:potted_dandelion":1,"minecraft:light_gray_concrete":2,"minecraft:pink_tulip":13,"minecraft:white_shulker_box":142,"minecraft:player_head":26,"minecraft:tripwire":3,"minecraft:jungle_trapdoor":5,"minecraft:magenta_carpet":27,"minecraft:blue_concrete_powder":5,"minecraft:kelp_plant":89,"minecraft:crimson_nylium":24,"minecraft:smoker":10,"minecraft:deepslate_tile_slab":824,"minecraft:powder_snow":20,"minecraft:torch":393,"minecraft:dark_oak_wood":1,"minecraft:melon":28,"minecraft:white_stained_glass_pane":104,"minecraft:dead_bush":578,"minecraft:spruce_wall_sign":9,"minecraft:smooth_quartz_slab":76,"minecraft:lime_shulker_box":70,"minecraft:sugar_cane":126,"minecraft:bricks":1,"minecraft:amethyst_block":371,"minecraft:birch_sapling":19,"minecraft:white_terracotta":432,"minecraft:chain":11,"minecraft:repeater":14,"minecraft:jukebox":6,"minecraft:wither_rose":3,"minecraft:grass":4015,"minecraft:dark_oak_sapling":62,"minecraft:birch_button":7,"minecraft:smooth_quartz":149,"minecraft:smooth_basalt":413,"minecraft:deepslate":17666,"minecraft:dark_prismarine":61,"minecraft:deepslate_tiles":238,"minecraft:brown_concrete":2,"minecraft:light_blue_wool":6,"minecraft:mossy_cobblestone":5,"minecraft:cyan_stained_glass":11,"minecraft:dark_oak_log":3080,"minecraft:potted_flowering_azalea_bush":2,"minecraft:sea_lantern":104,"minecraft:end_stone":186,"minecraft:dark_oak_fence":7,"minecraft:spruce_fence":29,"minecraft:redstone_wire":55,"minecraft:potted_bamboo":3,"minecraft:red_mushroom":103,"minecraft:cartography_table":10,"minecraft:white_concrete_powder":15,"minecraft:redstone_ore":84,"minecraft:light_blue_concrete_powder":1,"minecraft:andesite":3138,"minecraft:big_dripleaf_stem":1,"minecraft:cyan_concrete":2,"minecraft:vine":814,"minecraft:rail":1256,"minecraft:potted_spruce_sapling":2,"minecraft:bone_block":36,"minecraft:fire_coral_block":3,"minecraft:green_wool":9,"minecraft:ender_chest":284,"minecraft:potted_allium":1,"minecraft:oak_slab":20,"minecraft:redstone_block":17,"minecraft:glass_pane":59,"minecraft:soul_sand":141,"minecraft:lily_of_the_valley":300,"minecraft:potted_lily_of_the_valley":1,"minecraft:dandelion":34,"minecraft:cornflower":93,"minecraft:crimson_slab":10,"minecraft:campfire":17,"minecraft:potted_oxeye_daisy":1,"minecraft:purpur_pillar":1,"minecraft:copper_ore":2781,"minecraft:tall_grass":869,"minecraft:deepslate_gold_ore":820,"minecraft:diorite":3579,"minecraft:orange_carpet":2,"minecraft:purple_wool":2,"minecraft:black_stained_glass":14,"minecraft:red_terracotta":3315,"minecraft:coarse_dirt":15,"minecraft:cobblestone_wall":5,"minecraft:stripped_spruce_wood":13,"minecraft:dark_oak_wall_sign":15,"minecraft:purple_concrete":4,"minecraft:dark_oak_button":1,"minecraft:sunflower":14,"minecraft:gravel":17018,"minecraft:cobweb":311,"minecraft:stone_bricks":380,"minecraft:gold_ore":137,"minecraft:chipped_anvil":1,"minecraft:fern":30,"minecraft:oak_sapling":24,"minecraft:farmland":6,"minecraft:orange_stained_glass":17,"minecraft:orange_wool":8,"minecraft:brewing_stand":18,"minecraft:spruce_trapdoor":128,"minecraft:budding_amethyst":2,"minecraft:cracked_polished_blackstone_bricks":314,"minecraft:white_concrete":167,"minecraft:composter":102,"minecraft:gilded_blackstone":116,"minecraft:green_stained_glass":72,"minecraft:brown_bed":6,"minecraft:red_tulip":117,"minecraft:pointed_dripstone":3,"minecraft:flowering_azalea_leaves":111,"minecraft:iron_bars":2,"minecraft:potted_cornflower":1,"minecraft:azalea":107,"minecraft:granite_stairs":12,"minecraft:potted_orange_tulip":2,"minecraft:spruce_slab":37,"minecraft:netherite_block":1,"minecraft:deepslate_redstone_ore":1929,"minecraft:brown_shulker_box":93,"minecraft:quartz_block":128,"minecraft:medium_amethyst_bud":2,"minecraft:orange_terracotta":7339,"minecraft:purpur_stairs":1,"minecraft:light_gray_terracotta":331,"minecraft:beacon":1,"minecraft:nether_quartz_ore":12210,"minecraft:oak_planks":2,"minecraft:wall_torch":158,"minecraft:cauldron":5,"minecraft:stone_stairs":1,"minecraft:warped_nylium":14,"minecraft:blue_terracotta":1,"minecraft:powered_rail":130,"minecraft:blue_ice":1146,"minecraft:tnt":5,"minecraft:smooth_stone_slab":17,"minecraft:oak_log":3933,"minecraft:beetroots":446,"minecraft:dirt":9244,"minecraft:raw_copper_block":2,"minecraft:dispenser":24,"minecraft:ancient_debris":462,"minecraft:crying_obsidian":5,"minecraft:pink_carpet":11,"minecraft:quartz_stairs":11,"minecraft:dark_oak_leaves":3777,"minecraft:red_stained_glass":9,"minecraft:glow_lichen":1,"minecraft:lever":17,"minecraft:ladder":125,"minecraft:stone_button":21,"minecraft:brown_mushroom_block":452,"minecraft:spruce_leaves":383,"minecraft:crimson_stem":49,"minecraft:hay_block":91,"minecraft:polished_basalt":59,"minecraft:light_gray_shulker_box":95,"minecraft:peony":38,"minecraft:gold_block":68,"minecraft:bookshelf":2138,"minecraft:deepslate_iron_ore":3551,"minecraft:shroomlight":2,"minecraft:wet_sponge":122,"minecraft:acacia_leaves":3948,"minecraft:scaffolding":1133,"minecraft:magenta_stained_glass":12,"minecraft:snow_block":597,"minecraft:stripped_dark_oak_log":13,"minecraft:basalt":3554,"minecraft:oak_fence":14,"minecraft:gray_stained_glass":9,"minecraft:lime_carpet":199,"minecraft:stone_slab":12,"minecraft:quartz_bricks":24,"minecraft:deepslate_coal_ore":5,"minecraft:red_concrete":296,"minecraft:polished_blackstone_brick_stairs":4,"minecraft:prismarine_bricks":33,"minecraft:birch_planks":21,"minecraft:ice":2650,"minecraft:bee_nest":16,"minecraft:black_wool":94,"minecraft:cocoa":2370,"minecraft:flower_pot":16,"minecraft:yellow_concrete":1,"minecraft:purple_shulker_box":84,"minecraft:cracked_stone_bricks":17,"minecraft:small_dripleaf":1,"minecraft:mossy_stone_bricks":24,"minecraft:dark_oak_planks":4,"minecraft:polished_granite_slab":2,"minecraft:light_blue_concrete":1,"minecraft:jungle_leaves":5115,"minecraft:obsidian":145,"minecraft:chiseled_polished_blackstone":29,"minecraft:red_sand":4,"minecraft:crimson_trapdoor":8,"minecraft:stone_brick_wall":8,"minecraft:yellow_carpet":100,"minecraft:jungle_log":5982,"minecraft:pink_stained_glass":6,"minecraft:deepslate_bricks":179,"minecraft:deepslate_tile_stairs":144,"minecraft:purpur_slab":2,"minecraft:lime_stained_glass":9,"minecraft:bubble_coral_block":4,"minecraft:hopper":117,"minecraft:tube_coral_block":2,"minecraft:crimson_fungus":6,"minecraft:oxeye_daisy":22,"minecraft:chiseled_stone_bricks":1,"minecraft:light_blue_stained_glass":15,"minecraft:orange_concrete":2,"minecraft:tall_seagrass":15,"minecraft:brown_stained_glass":10,"minecraft:sticky_piston":3,"minecraft:pumpkin":11,"minecraft:moss_carpet":21,"minecraft:stripped_dark_oak_wood":10,"minecraft:enchanting_table":1,"minecraft:lime_stained_glass_pane":12,"minecraft:cave_vines":16,"minecraft:oak_sign":12,"minecraft:polished_deepslate_slab":21,"minecraft:water_cauldron":1,"minecraft:dirt_path":6,"minecraft:oak_stairs":6,"minecraft:small_amethyst_bud":1,"minecraft:quartz_slab":699,"minecraft:iron_block":1,"minecraft:piston_head":2,"minecraft:brown_mushroom":985,"minecraft:red_bed":4,"minecraft:player_wall_head":9,"minecraft:soul_fire":65,"minecraft:amethyst_cluster":18,"minecraft:blue_stained_glass":13,"minecraft:blast_furnace":37,"minecraft:glass":165,"minecraft:cyan_bed":1,"minecraft:damaged_anvil":3,"minecraft:crimson_stairs":3,"minecraft:spruce_sign":2,"minecraft:cyan_wool":1,"minecraft:light_gray_stained_glass":11,"minecraft:wheat":670,"minecraft:lilac":6,"minecraft:pumpkin_stem":2,"minecraft:lime_concrete":2,"minecraft:warped_fungus":6,"minecraft:stone_brick_stairs":7,"minecraft:potted_poppy":1,"minecraft:loom":3,"minecraft:blue_shulker_box":65,"minecraft:red_mushroom_block":777,"minecraft:stonecutter":43,"minecraft:yellow_stained_glass":8,"minecraft:piston":83,"minecraft:infested_deepslate":18,"minecraft:pink_shulker_box":114,"minecraft:blue_stained_glass_pane":28,"minecraft:shulker_box":331,"minecraft:nether_bricks":3,"minecraft:cobbled_deepslate_slab":27,"minecraft:allium":11,"minecraft:jungle_planks":7,"minecraft:crimson_roots":7,"minecraft:orange_shulker_box":145,"minecraft:magenta_concrete":4,"minecraft:lime_wool":4,"minecraft:moss_block":186,"minecraft:kelp":391,"minecraft:pink_wool":39,"minecraft:black_stained_glass_pane":1,"minecraft:jungle_sapling":42,"minecraft:diamond_block":4,"minecraft:potatoes":274,"minecraft:warped_stem":12,"minecraft:smooth_quartz_stairs":19,"minecraft:bamboo_sapling":2,"minecraft:bamboo":99,"minecraft:white_wool":101,"minecraft:smithing_table":13,"minecraft:light_gray_carpet":65,"minecraft:gray_concrete":3,"minecraft:comparator":10,"minecraft:observer":78,"minecraft:stone_brick_slab":20,"minecraft:pink_concrete_powder":2,"minecraft:smooth_sandstone":3,"minecraft:spruce_button":1,"minecraft:emerald_ore":34,"minecraft:cyan_concrete_powder":1,"minecraft:dropper":6,"minecraft:big_dripleaf":1,"minecraft:purple_bed":8,"minecraft:purple_stained_glass":8,"minecraft:white_carpet":20,"minecraft:spruce_log":4707,"minecraft:birch_leaves":2063,"minecraft:jungle_fence":2,"minecraft:quartz_pillar":78,"minecraft:mycelium":11297,"minecraft:dark_oak_sign":18,"minecraft:pink_stained_glass_pane":4,"minecraft:dripstone_block":3,"minecraft:spruce_fence_gate":19,"minecraft:deepslate_emerald_ore":6,"minecraft:infested_stone":18,"minecraft:black_shulker_box":114,"minecraft:large_amethyst_bud":1,"minecraft:spruce_planks":157,"minecraft:cobbled_deepslate_stairs":5,"minecraft:cobblestone_stairs":10,"minecraft:potted_blue_orchid":1,"minecraft:cave_vines_plant":9,"minecraft:grass_block":4389,"minecraft:blue_concrete":1,"minecraft:purple_stained_glass_pane":20,"minecraft:soul_soil":12,"minecraft:raw_iron_block":20,"minecraft:glowstone":57,"minecraft:iron_ore":2106,"minecraft:anvil":9,"minecraft:azure_bluet":14,"minecraft:dark_oak_stairs":61,"minecraft:purple_carpet":516,"minecraft:birch_wall_sign":1,"minecraft:azalea_leaves":352,"minecraft:end_stone_bricks":13,"minecraft:brain_coral_block":2,"minecraft:polished_granite_stairs":2,"minecraft:green_bed":4,"minecraft:blackstone":2012,"minecraft:melon_stem":2,"minecraft:polished_deepslate_stairs":76,"minecraft:soul_lantern":5,"minecraft:chiseled_quartz_block":84,"minecraft:clay":1805,"minecraft:calcite":612,"minecraft:poppy":18,"minecraft:chest":1005,"minecraft:mushroom_stem":171,"minecraft:cobblestone":2490,"minecraft:slime_block":4,"minecraft:grindstone":11,"minecraft:prismarine":41,"minecraft:deepslate_copper_ore":207,"minecraft:magenta_shulker_box":56,"minecraft:seagrass":19,"minecraft:acacia_sapling":12,"minecraft:brown_concrete_powder":5,"minecraft:dark_oak_door":2,"minecraft:nether_wart_block":2,"minecraft:yellow_wool":1,"minecraft:birch_log":3517,"minecraft:birch_trapdoor":8,"minecraft:light_gray_wool":77,"minecraft:orange_tulip":10,"minecraft:purpur_block":4,"minecraft:yellow_stained_glass_pane":94,"minecraft:sand":36497,"minecraft:crimson_planks":5,"minecraft:wither_skeleton_skull":5,"minecraft:tripwire_hook":7,"minecraft:potted_red_tulip":1,"minecraft:netherrack":40693,"minecraft:oak_leaves":4542,"minecraft:magenta_wool":1,"minecraft:horn_coral_block":2,"minecraft:redstone_lamp":2,"minecraft:emerald_block":193,"minecraft:nether_gold_ore":3040,"minecraft:diamond_ore":9,"minecraft:tuff":4547,"minecraft:deepslate_diamond_ore":366,"minecraft:gray_shulker_box":49,"minecraft:brick_stairs":19,"minecraft:weeping_vines":1,"minecraft:white_stained_glass":22,"minecraft:sandstone":117,"minecraft:rooted_dirt":67,"minecraft:large_fern":2,"minecraft:spore_blossom":32,"minecraft:deepslate_brick_slab":7,"minecraft:diorite_slab":15,"minecraft:oak_trapdoor":35,"minecraft:spruce_sapling":9,"minecraft:furnace":27,"minecraft:carrots":713,"minecraft:red_concrete_powder":1,"minecraft:black_concrete":1,"minecraft:stripped_spruce_log":1,"minecraft:chiseled_deepslate":7,"minecraft:bell":17,"minecraft:polished_deepslate":23,"minecraft:lantern":195,"minecraft:packed_ice":24620,"minecraft:stone":58235,"minecraft:white_tulip":16,"minecraft:yellow_shulker_box":66,"minecraft:redstone_wall_torch":3,"minecraft:podzol":157,"minecraft:light_blue_shulker_box":66,"minecraft:flowering_azalea":117,"minecraft:red_wool":2,"minecraft:infested_stone_bricks":6,"minecraft:spruce_door":5,"minecraft:crafting_table":168,"minecraft:oak_wood":4,"minecraft:lime_concrete_powder":1,"minecraft:rose_bush":62,"minecraft:lectern":16,"minecraft:andesite_wall":6,"minecraft:lapis_ore":158,"minecraft:spruce_stairs":46,"minecraft:gray_wool":14,"minecraft:cactus":44,"minecraft:brick_slab":3,"minecraft:green_shulker_box":80,"minecraft:redstone_torch":48,"minecraft:sweet_berry_bush":26,"minecraft:gray_bed":56,"minecraft:potted_azure_bluet":1,"minecraft:coal_ore":7755,"minecraft:end_rod":113,"minecraft:gray_carpet":1,"minecraft:terracotta":12207,"minecraft:potted_white_tulip":1,"minecraft:birch_fence":20},"minecraft:picked_up":{"minecraft:suspicious_stew":11,"minecraft:stone_slab":18,"minecraft:smithing_table":14,"minecraft:lead":95,"minecraft:enchanted_book":41,"minecraft:purple_shulker_box":87,"minecraft:blue_concrete":1,"minecraft:music_disc_cat":12,"minecraft:polished_deepslate":46,"minecraft:string":447,"minecraft:pufferfish":29,"minecraft:shroomlight":2,"minecraft:diamond_leggings":6,"minecraft:horn_coral_block":18,"minecraft:hopper_minecart":2,"minecraft:diamond_ore":11,"minecraft:jukebox":6,"minecraft:big_dripleaf":24,"minecraft:cyan_stained_glass":15,"minecraft:acacia_log":2864,"minecraft:purpur_pillar":1,"minecraft:golden_axe":2,"minecraft:honeycomb_block":1,"minecraft:golden_chestplate":7,"minecraft:gray_shulker_box":52,"minecraft:cauldron":7,"minecraft:stone_sword":2,"minecraft:lime_carpet":229,"minecraft:honey_bottle":3,"minecraft:polished_basalt":59,"minecraft:red_tulip":1258,"minecraft:glowstone":67,"minecraft:bookshelf":21,"minecraft:end_rod":109,"minecraft:white_terracotta":432,"minecraft:blaze_rod":72,"minecraft:iron_bars":2,"minecraft:snowball":9,"minecraft:feather":170,"minecraft:cooked_beef":763,"minecraft:water_bucket":8,"minecraft:medium_amethyst_bud":2,"minecraft:dark_oak_boat":67,"minecraft:brown_wool":1709,"minecraft:flint":169,"minecraft:purple_stained_glass":12,"minecraft:cyan_concrete_powder":1,"minecraft:pink_concrete_powder":2,"minecraft:lantern":311,"minecraft:gray_concrete_powder":7,"minecraft:purple_carpet":551,"minecraft:large_amethyst_bud":2,"minecraft:stonecutter":44,"minecraft:dark_oak_sign":90,"minecraft:diamond_helmet":6,"minecraft:rabbit":3,"minecraft:honeycomb":20,"minecraft:chiseled_polished_blackstone":11,"minecraft:stripped_spruce_log":1,"minecraft:brown_mushroom_block":446,"minecraft:netherite_block":1,"minecraft:iron_hoe":11,"minecraft:blue_terracotta":1,"minecraft:deepslate":4565,"minecraft:lever":79,"minecraft:granite":2538,"minecraft:spruce_button":35,"minecraft:golden_horse_armor":3,"minecraft:cyan_dye":88,"minecraft:deepslate_coal_ore":14,"minecraft:rooted_dirt":129,"minecraft:light_gray_carpet":139,"minecraft:crimson_roots":9,"minecraft:diamond_pickaxe":10,"minecraft:bee_nest":16,"minecraft:clay_ball":675,"minecraft:redstone_lamp":3,"minecraft:leather_leggings":14,"minecraft:dragon_head":2,"minecraft:purpur_block":4,"minecraft:cornflower":924,"minecraft:elytra":5,"minecraft:flint_and_steel":3,"minecraft:white_carpet":71,"minecraft:white_stained_glass":28,"minecraft:iron_shovel":2,"minecraft:glass_pane":152,"minecraft:netherite_sword":8,"minecraft:jungle_sapling":502,"minecraft:poppy":137,"minecraft:spruce_slab":332,"minecraft:minecart":113,"minecraft:birch_sapling":1070,"minecraft:piston":139,"minecraft:diamond_hoe":1,"minecraft:copper_ore":1674,"minecraft:lime_shulker_box":74,"minecraft:black_stained_glass":16,"minecraft:stone":41385,"minecraft:music_disc_mellohi":13,"minecraft:white_dye":102,"minecraft:netherite_pickaxe":9,"minecraft:cyan_shulker_box":54,"minecraft:diamond_chestplate":7,"minecraft:stone_shovel":10,"minecraft:hay_block":99,"minecraft:purpur_slab":2,"minecraft:totem_of_undying":6,"minecraft:mutton":37,"minecraft:rail":1738,"minecraft:bone_block":1036,"minecraft:emerald_ore":38,"minecraft:oxeye_daisy":580,"minecraft:birch_leaves":152,"minecraft:yellow_shulker_box":73,"minecraft:tripwire_hook":12,"minecraft:fern":12,"minecraft:yellow_dye":121,"minecraft:jungle_fence":2,"minecraft:purpur_stairs":1,"minecraft:lily_pad":10,"minecraft:paper":1039,"minecraft:apple":198,"minecraft:pufferfish_bucket":3,"minecraft:warped_stem":12,"minecraft:yellow_stained_glass":12,"minecraft:spore_blossom":33,"minecraft:stone_pickaxe":16,"minecraft:iron_ore":1020,"minecraft:magenta_stained_glass":13,"minecraft:gray_bed":52,"minecraft:dark_oak_stairs":62,"minecraft:smooth_basalt":403,"minecraft:milk_bucket":2,"minecraft:light_gray_stained_glass":15,"minecraft:sweet_berries":338,"minecraft:red_wool":903,"minecraft:lime_concrete":2,"minecraft:crimson_stairs":3,"minecraft:light_blue_stained_glass":20,"minecraft:crying_obsidian":7,"minecraft:leather_helmet":12,"minecraft:oak_wood":4,"minecraft:diamond_shovel":6,"minecraft:coal_ore":4459,"minecraft:slime_ball":179,"minecraft:deepslate_redstone_ore":1228,"minecraft:birch_sign":3,"minecraft:baked_potato":169,"minecraft:smooth_quartz_slab":80,"minecraft:hopper":172,"minecraft:light_blue_concrete":1,"minecraft:ender_chest":317,"minecraft:yellow_wool":2372,"minecraft:gilded_blackstone":143,"minecraft:stone_brick_stairs":5,"minecraft:lapis_block":122,"minecraft:deepslate_lapis_ore":265,"minecraft:experience_bottle":143,"minecraft:red_sand":28,"minecraft:smooth_stone":32,"minecraft:comparator":31,"minecraft:bucket":7,"minecraft:light_weighted_pressure_plate":1,"minecraft:red_dye":380,"minecraft:white_tulip":654,"minecraft:rose_bush":6020,"minecraft:cobblestone_slab":3,"minecraft:azalea":120,"minecraft:iron_pickaxe":3,"minecraft:smooth_quartz":329,"minecraft:smooth_quartz_stairs":23,"minecraft:deepslate_iron_ore":2185,"minecraft:blue_wool":2462,"minecraft:tipped_arrow":2,"minecraft:birch_trapdoor":8,"minecraft:polished_deepslate_stairs":67,"minecraft:spruce_stairs":102,"minecraft:netherite_shovel":6,"minecraft:diorite":3232,"minecraft:vine":453,"minecraft:goat_horn":474,"minecraft:andesite_wall":6,"minecraft:rotten_flesh":936,"minecraft:music_disc_ward":2,"minecraft:brown_shulker_box":97,"minecraft:deepslate_copper_ore":234,"minecraft:music_disc_wait":8,"minecraft:obsidian":268,"minecraft:blaze_powder":37,"minecraft:cobblestone":21327,"minecraft:enchanting_table":1,"minecraft:leather_chestplate":11,"minecraft:lilac":3737,"minecraft:mangrove_chest_boat":30,"minecraft:repeater":51,"minecraft:andesite":2869,"minecraft:orange_carpet":3,"minecraft:black_bed":1,"minecraft:golden_leggings":10,"minecraft:beacon":3,"minecraft:potato":4322,"minecraft:prismarine_bricks":33,"minecraft:dirt":21191,"minecraft:name_tag":29,"minecraft:glass":350,"minecraft:bone":9292,"minecraft:bow":193,"minecraft:wheat_seeds":6575,"minecraft:orange_tulip":507,"minecraft:grindstone":12,"minecraft:netherite_axe":5,"minecraft:purple_stained_glass_pane":20,"minecraft:mossy_stone_bricks":40,"minecraft:fletching_table":34,"minecraft:bamboo":1098,"minecraft:cyan_concrete":2,"minecraft:prismarine":70,"minecraft:brown_stained_glass":12,"minecraft:gray_stained_glass":13,"minecraft:black_stained_glass_pane":9,"minecraft:light_blue_shulker_box":69,"minecraft:melon":542,"minecraft:grass_block":4355,"minecraft:diamond_block":62,"minecraft:jungle_slab":2,"minecraft:mossy_cobblestone":4,"minecraft:light_gray_terracotta":331,"minecraft:sugar":1,"minecraft:yellow_carpet":171,"minecraft:slime_block":4,"minecraft:netherite_helmet":8,"minecraft:soul_lantern":5,"minecraft:yellow_stained_glass_pane":94,"minecraft:cracked_polished_blackstone_bricks":120,"minecraft:crossbow":6,"minecraft:bone_meal":10887,"minecraft:grass":16,"minecraft:golden_apple":8,"minecraft:spruce_sign":56,"minecraft:emerald":1638,"minecraft:netherrack":46793,"minecraft:chorus_fruit":5,"minecraft:oak_leaves":1528,"minecraft:azure_bluet":841,"minecraft:splash_potion":7,"minecraft:ladder":178,"minecraft:packed_ice":25659,"minecraft:brown_mushroom":1708,"minecraft:pink_wool":2940,"minecraft:stone_brick_wall":8,"minecraft:diorite_slab":16,"minecraft:chain":11,"minecraft:brick":1,"minecraft:shield":9,"minecraft:moss_carpet":104,"minecraft:orange_stained_glass":21,"minecraft:oak_trapdoor":41,"minecraft:mycelium":2954,"minecraft:birch_fence":20,"minecraft:magenta_wool":2581,"minecraft:blackstone":1722,"minecraft:creeper_banner_pattern":1,"minecraft:blue_orchid":1687,"minecraft:lime_wool":2524,"minecraft:end_stone":143,"minecraft:flowering_azalea_leaves":109,"minecraft:note_block":2,"minecraft:polished_blackstone_bricks":258,"minecraft:brown_concrete_powder":5,"minecraft:cookie":133,"minecraft:music_disc_11":10,"minecraft:trident":11,"minecraft:brown_dye":91,"minecraft:blue_concrete_powder":5,"minecraft:weeping_vines":333,"minecraft:red_shulker_box":92,"minecraft:pumpkin_pie":13,"minecraft:nether_bricks":3,"minecraft:stripped_dark_oak_wood":10,"minecraft:pink_tulip":780,"minecraft:brick_stairs":19,"minecraft:netherite_boots":5,"minecraft:purple_dye":421,"minecraft:jungle_boat":272,"minecraft:basalt":2260,"minecraft:dark_oak_button":9,"minecraft:golden_carrot":443,"minecraft:leather":908,"minecraft:music_disc_stal":9,"minecraft:ice":1356,"minecraft:granite_stairs":12,"minecraft:crimson_fungus":6,"minecraft:cobblestone_wall":8,"minecraft:cobbled_deepslate_stairs":5,"minecraft:gunpowder":353,"minecraft:orange_terracotta":7322,"minecraft:cooked_mutton":7,"minecraft:mangrove_boat":4,"minecraft:red_carpet":2,"minecraft:gray_carpet":6,"minecraft:deepslate_emerald_ore":9,"minecraft:rabbit_hide":2,"minecraft:iron_ingot":397,"minecraft:cooked_chicken":185,"minecraft:tropical_fish_bucket":5,"minecraft:pink_bed":2,"minecraft:warped_fungus":8,"minecraft:nether_quartz_ore":8017,"minecraft:emerald_block":519,"minecraft:stone_brick_slab":20,"minecraft:quartz":9699,"minecraft:dandelion":567,"minecraft:amethyst_shard":2,"minecraft:green_stained_glass":102,"minecraft:spruce_door":11,"minecraft:brick_slab":3,"minecraft:light_blue_concrete_powder":1,"minecraft:pumpkin_seeds":14,"minecraft:white_concrete_powder":17,"minecraft:chainmail_leggings":33,"minecraft:terracotta":12126,"minecraft:damaged_anvil":4,"minecraft:netherite_hoe":4,"minecraft:dark_oak_wood":1,"minecraft:sunflower":5054,"minecraft:seagrass":16,"minecraft:iron_chestplate":2,"minecraft:prismarine_shard":21,"minecraft:flower_pot":38,"minecraft:anvil":11,"minecraft:magenta_carpet":97,"minecraft:diamond_sword":15,"minecraft:oak_stairs":6,"minecraft:brown_bed":6,"minecraft:wither_rose":68,"minecraft:birch_button":115,"minecraft:golden_shovel":1,"minecraft:brewing_stand":21,"minecraft:golden_sword":6,"minecraft:polished_deepslate_wall":34,"minecraft:amethyst_block":390,"minecraft:dark_oak_trapdoor":53,"minecraft:soul_soil":20,"minecraft:cooked_salmon":3,"minecraft:blue_stained_glass_pane":28,"minecraft:beetroot":3801,"minecraft:gold_nugget":382,"minecraft:cobbled_deepslate":9239,"minecraft:spruce_planks":278,"minecraft:written_book":12,"minecraft:azalea_leaves":312,"minecraft:melon_slice":807,"minecraft:dark_oak_door":27,"minecraft:golden_helmet":17,"minecraft:music_disc_blocks":8,"minecraft:composter":99,"minecraft:green_bed":4,"minecraft:pink_carpet":91,"minecraft:warped_planks":3,"minecraft:deepslate_tile_stairs":184,"minecraft:black_dye":144,"minecraft:light_gray_bed":155,"minecraft:light_blue_wool":2609,"minecraft:tropical_fish":20,"minecraft:iron_block":6,"minecraft:blue_dye":91,"minecraft:netherite_chestplate":7,"minecraft:blackstone_stairs":2,"minecraft:birch_log":3550,"minecraft:magma_block":158,"minecraft:birch_slab":2,"minecraft:jungle_log":6282,"minecraft:smoker":11,"minecraft:stripped_spruce_wood":13,"minecraft:netherite_leggings":6,"minecraft:gray_concrete":3,"minecraft:twisting_vines":21,"minecraft:chipped_anvil":1,"minecraft:moss_block":441,"minecraft:dropper":6,"minecraft:ink_sac":1875,"minecraft:granite_slab":2,"minecraft:loom":4,"minecraft:dark_oak_log":3084,"minecraft:red_terracotta":3305,"minecraft:barrel":122,"minecraft:quartz_bricks":24,"minecraft:dispenser":26,"minecraft:polished_granite_slab":2,"minecraft:writable_book":13,"minecraft:deepslate_gold_ore":630,"minecraft:blue_ice":1141,"minecraft:bread":18,"minecraft:chainmail_helmet":9,"minecraft:dark_oak_fence":5,"minecraft:bricks":1,"minecraft:spruce_leaves":128,"minecraft:lime_stained_glass_pane":12,"minecraft:coarse_dirt":19,"minecraft:crafting_table":182,"minecraft:purple_wool":2416,"minecraft:nether_wart":396,"minecraft:crimson_trapdoor":8,"minecraft:jungle_trapdoor":5,"minecraft:red_bed":4,"minecraft:snow":27,"minecraft:cracked_stone_bricks":27,"minecraft:cartography_table":10,"minecraft:deepslate_diamond_ore":287,"minecraft:music_disc_otherside":5,"minecraft:beef":475,"minecraft:cyan_wool":2264,"minecraft:iron_nugget":19,"minecraft:quartz_stairs":44,"minecraft:chest":1078,"minecraft:raw_copper_block":2,"minecraft:egg":283,"minecraft:sandstone":158,"minecraft:polished_deepslate_slab":44,"minecraft:amethyst_cluster":25,"minecraft:spruce_fence":44,"minecraft:cake":2,"minecraft:carrot":5894,"minecraft:redstone":5347,"minecraft:mushroom_stem":132,"minecraft:prismarine_crystals":2,"minecraft:blue_carpet":86,"minecraft:tnt":6,"minecraft:polished_granite_stairs":2,"minecraft:cooked_cod":41,"minecraft:beetroot_seeds":3255,"minecraft:peony":4246,"minecraft:deepslate_bricks":174,"minecraft:shears":2,"minecraft:diamond_boots":5,"minecraft:tube_coral_block":2,"minecraft:gold_ingot":108,"minecraft:white_shulker_box":159,"minecraft:glow_berries":30,"minecraft:crimson_slab":10,"minecraft:lime_concrete_powder":1,"minecraft:white_wool":2170,"minecraft:lapis_ore":166,"minecraft:red_mushroom_block":406,"minecraft:red_mushroom":377,"minecraft:filled_map":191,"minecraft:brown_concrete":2,"minecraft:oak_log":4068,"minecraft:ancient_debris":465,"minecraft:jungle_button":1,"minecraft:golden_boots":7,"minecraft:stone_bricks":415,"minecraft:kelp":948,"minecraft:music_disc_far":8,"minecraft:cobweb":140,"minecraft:glass_bottle":7,"minecraft:iron_sword":3,"minecraft:flowering_azalea":137,"minecraft:white_stained_glass_pane":56,"minecraft:yellow_concrete":1,"minecraft:spyglass":1,"minecraft:gravel":15758,"minecraft:birch_stairs":1,"minecraft:small_amethyst_bud":3,"minecraft:spruce_sapling":449,"minecraft:spruce_log":4844,"minecraft:sea_lantern":107,"minecraft:firework_rocket":161,"minecraft:red_stained_glass":17,"minecraft:purple_bed":8,"minecraft:stone_axe":2,"minecraft:light_blue_carpet":85,"minecraft:redstone_ore":77,"minecraft:diamond_axe":7,"minecraft:gray_wool":3075,"minecraft:stripped_dark_oak_log":17,"minecraft:warped_nylium":5,"minecraft:melon_seeds":7,"minecraft:crimson_nylium":18,"minecraft:pink_dye":86,"minecraft:ender_pearl":158,"minecraft:shulker_shell":111,"minecraft:chiseled_deepslate":7,"minecraft:music_disc_strad":11,"minecraft:wheat":1094,"minecraft:redstone_block":442,"minecraft:light_gray_shulker_box":98,"minecraft:turtle_egg":21,"minecraft:potion":17,"minecraft:brain_coral_block":9,"minecraft:crimson_planks":3,"minecraft:raw_copper":9227,"minecraft:smooth_stone_slab":27,"minecraft:iron_leggings":3,"minecraft:armor_stand":73,"minecraft:sticky_piston":3,"minecraft:netherite_ingot":6,"minecraft:pink_shulker_box":118,"minecraft:oak_sign":92,"minecraft:activator_rail":6,"minecraft:deepslate_tiles":230,"minecraft:black_shulker_box":118,"minecraft:dark_oak_leaves":1,"minecraft:redstone_torch":101,"minecraft:calcite":703,"minecraft:deepslate_tile_wall":7,"minecraft:iron_boots":11,"minecraft:furnace":28,"minecraft:stick":3319,"minecraft:orange_shulker_box":150,"minecraft:deepslate_brick_wall":1,"minecraft:oak_fence":16,"minecraft:torch":961,"minecraft:snow_block":560,"minecraft:porkchop":4,"minecraft:pointed_dripstone":7,"minecraft:music_disc_pigstep":7,"minecraft:blue_stained_glass":19,"minecraft:quartz_block":226,"minecraft:nether_gold_ore":3020,"minecraft:cactus":991,"minecraft:green_wool":3526,"minecraft:cod":110,"minecraft:nautilus_shell":3,"minecraft:magma_cream":85,"minecraft:chiseled_quartz_block":86,"minecraft:magenta_dye":89,"minecraft:tuff":2716,"minecraft:light_gray_dye":92,"minecraft:wither_skeleton_skull":9,"minecraft:green_shulker_box":83,"minecraft:lapis_lazuli":1395,"minecraft:leather_boots":13,"minecraft:bell":15,"minecraft:raw_gold":637,"minecraft:cobbled_deepslate_wall":147,"minecraft:deepslate_brick_slab":7,"minecraft:cobbled_deepslate_slab":27,"minecraft:light_blue_dye":154,"minecraft:powered_rail":330,"minecraft:oak_planks":180,"minecraft:ghast_tear":26,"minecraft:pink_stained_glass":10,"minecraft:cooked_porkchop":136,"minecraft:music_disc_13":11,"minecraft:pink_stained_glass_pane":4,"minecraft:poisonous_potato":25,"minecraft:oak_pressure_plate":26,"minecraft:jungle_planks":33,"minecraft:sand":36807,"minecraft:lily_of_the_valley":388,"minecraft:dead_bush":567,"minecraft:cyan_bed":1,"minecraft:shulker_box":500,"minecraft:orange_wool":2123,"minecraft:dark_prismarine":59,"minecraft:light_gray_concrete":2,"minecraft:spruce_fence_gate":19,"minecraft:clay":1707,"minecraft:black_concrete":1,"minecraft:diamond":524,"minecraft:spruce_boat":221,"minecraft:white_concrete":184,"minecraft:oak_sapling":1216,"minecraft:bubble_coral_block":4,"minecraft:end_stone_bricks":13,"minecraft:cocoa_beans":7546,"minecraft:fishing_rod":7,"minecraft:charcoal":7,"minecraft:allium":1192,"minecraft:chicken":3,"minecraft:turtle_helmet":4,"minecraft:wooden_pickaxe":2,"minecraft:gold_block":77,"minecraft:diamond_horse_armor":1,"minecraft:stone_stairs":1,"minecraft:iron_axe":4,"minecraft:orange_concrete":2,"minecraft:item_frame":203,"minecraft:quartz_slab":678,"minecraft:oak_boat":112,"minecraft:player_head":706,"minecraft:observer":126,"minecraft:light_gray_wool":1346,"minecraft:lectern":18,"minecraft:blue_shulker_box":68,"minecraft:sugar_cane":475,"minecraft:phantom_membrane":194,"minecraft:spruce_trapdoor":132,"minecraft:dark_oak_sapling":519,"minecraft:raw_iron":6389,"minecraft:orange_dye":93,"minecraft:copper_ingot":55,"minecraft:bowl":21,"minecraft:gray_dye":89,"minecraft:quartz_pillar":114,"minecraft:stone_button":134,"minecraft:magenta_shulker_box":59,"minecraft:iron_horse_armor":7,"minecraft:dark_oak_planks":10,"minecraft:arrow":5804,"minecraft:golden_hoe":2,"minecraft:saddle":2,"minecraft:lime_stained_glass":13,"minecraft:wet_sponge":166,"minecraft:glow_ink_sac":127,"minecraft:crimson_stem":49,"minecraft:salmon":43,"minecraft:birch_planks":29,"minecraft:mushroom_stew":5,"minecraft:nether_wart_block":2,"minecraft:cobblestone_stairs":27,"minecraft:deepslate_tile_slab":835,"minecraft:podzol":168,"minecraft:smooth_sandstone":3,"minecraft:fire_coral_block":3,"minecraft:heart_of_the_sea":1,"minecraft:soul_sand":185,"minecraft:oxidized_cut_copper":7,"minecraft:acacia_sapling":853,"minecraft:music_disc_chirp":6,"minecraft:purple_concrete":4,"minecraft:green_dye":130,"minecraft:book":6388,"minecraft:oak_slab":125,"minecraft:scaffolding":1481,"minecraft:birch_boat":64,"minecraft:red_concrete_powder":1,"minecraft:pumpkin":677,"minecraft:chiseled_stone_bricks":4,"minecraft:raw_iron_block":20,"minecraft:dripstone_block":3,"minecraft:blast_furnace":38,"minecraft:white_bed":138,"minecraft:gold_ore":185,"minecraft:spider_eye":134,"minecraft:music_disc_mall":11,"minecraft:lime_dye":85,"minecraft:campfire":15,"minecraft:honey_block":1,"minecraft:iron_helmet":1,"minecraft:magenta_concrete":4,"minecraft:black_wool":1713,"minecraft:red_concrete":328,"minecraft:coal":8183,"minecraft:purple_concrete_powder":256},"minecraft:dropped":{"minecraft:iron_sword":14,"minecraft:lapis_lazuli":10,"minecraft:glow_ink_sac":1,"minecraft:diamond":272,"minecraft:crafting_table":7,"minecraft:glow_berries":4,"minecraft:cracked_stone_bricks":11,"minecraft:emerald":220,"minecraft:dark_oak_trapdoor":1,"minecraft:netherite_boots":2,"minecraft:writable_book":9,"minecraft:gold_nugget":294,"minecraft:sand":151,"minecraft:purple_wool":3,"minecraft:fishing_rod":2,"minecraft:dark_oak_planks":6,"minecraft:white_wool":21,"minecraft:tropical_fish_bucket":5,"minecraft:goat_horn":1,"minecraft:diamond_block":17,"minecraft:lever":1,"minecraft:iron_nugget":4,"minecraft:cobbled_deepslate":33,"minecraft:netherite_sword":5,"minecraft:wheat":163,"minecraft:stripped_dark_oak_log":6,"minecraft:rotten_flesh":222,"minecraft:oak_planks":2,"minecraft:azure_bluet":2,"minecraft:blue_stained_glass":2,"minecraft:sea_lantern":2,"minecraft:coal_ore":268,"minecraft:quartz_block":16,"minecraft:jungle_log":257,"minecraft:leather_boots":5,"minecraft:leather_leggings":5,"minecraft:beef":2,"minecraft:glass":2,"minecraft:green_stained_glass":2,"minecraft:golden_boots":5,"minecraft:orange_shulker_box":3,"minecraft:black_dye":53,"minecraft:wheat_seeds":2129,"minecraft:clock":1,"minecraft:deepslate_redstone_ore":5,"minecraft:netherite_chestplate":4,"minecraft:cobbled_deepslate_wall":49,"minecraft:book":1,"minecraft:cobweb":5,"minecraft:gray_wool":64,"minecraft:ink_sac":32,"minecraft:potion":5,"minecraft:pumpkin":202,"minecraft:red_dye":282,"minecraft:jungle_boat":1,"minecraft:chipped_anvil":1,"minecraft:smooth_stone":32,"minecraft:chainmail_leggings":66,"minecraft:soul_soil":9,"minecraft:netherite_hoe":1,"minecraft:player_head":60,"minecraft:stone_shovel":20,"minecraft:experience_bottle":128,"minecraft:white_carpet":1,"minecraft:clay_ball":8,"minecraft:iron_boots":21,"minecraft:name_tag":5,"minecraft:white_shulker_box":7,"minecraft:damaged_anvil":1,"minecraft:polished_deepslate_stairs":22,"minecraft:suspicious_stew":2,"minecraft:diamond_sword":12,"minecraft:cyan_wool":4,"minecraft:spruce_boat":7,"minecraft:flower_pot":64,"minecraft:peony":64,"minecraft:spruce_trapdoor":4,"minecraft:spruce_planks":3,"minecraft:diamond_pickaxe":3,"minecraft:pink_shulker_box":3,"minecraft:brown_bed":1,"minecraft:stone_bricks":38,"minecraft:sandstone":7,"minecraft:bow":119,"minecraft:magma_block":64,"minecraft:blue_shulker_box":3,"minecraft:soul_sand":103,"minecraft:moss_block":32,"minecraft:orange_dye":63,"minecraft:warped_fungus":2,"minecraft:ender_pearl":6941,"minecraft:green_shulker_box":3,"minecraft:leather":29,"minecraft:red_wool":13,"minecraft:jungle_planks":8,"minecraft:iron_horse_armor":4,"minecraft:birch_slab":2,"minecraft:cod":2,"minecraft:cracked_polished_blackstone_bricks":41,"minecraft:redstone_lamp":1,"minecraft:dark_oak_log":3,"minecraft:packed_ice":64,"minecraft:snowball":16,"minecraft:black_shulker_box":9,"minecraft:spyglass":1,"minecraft:soul_lantern":64,"minecraft:beetroot":5719,"minecraft:cyan_shulker_box":4,"minecraft:mycelium":1,"minecraft:leather_chestplate":4,"minecraft:trident":5,"minecraft:beetroot_seeds":1165,"minecraft:purple_concrete_powder":256,"minecraft:iron_ore":16,"minecraft:scaffolding":2,"minecraft:splash_potion":6,"minecraft:stone_hoe":1,"minecraft:golden_helmet":16,"minecraft:lilac":256,"minecraft:netherite_axe":1,"minecraft:amethyst_block":37,"minecraft:activator_rail":1,"minecraft:tropical_fish":3,"minecraft:iron_block":8,"minecraft:green_dye":64,"minecraft:light_blue_wool":64,"minecraft:melon_slice":44,"minecraft:light_gray_shulker_box":3,"minecraft:yellow_shulker_box":4,"minecraft:light_gray_stained_glass":2,"minecraft:cactus":10,"minecraft:tripwire_hook":1,"minecraft:redstone_block":22,"minecraft:polished_deepslate":4,"minecraft:kelp":5,"minecraft:sweet_berries":119,"minecraft:comparator":2,"minecraft:totem_of_undying":3,"minecraft:shulker_box":168,"minecraft:netherite_leggings":3,"minecraft:flint_and_steel":2,"minecraft:deepslate_bricks":2,"minecraft:andesite":299,"minecraft:golden_leggings":7,"minecraft:oak_sapling":34,"minecraft:spruce_log":30,"minecraft:nautilus_shell":1,"minecraft:clay":14,"minecraft:cooked_beef":57,"minecraft:crossbow":6,"minecraft:cookie":57,"minecraft:fletching_table":33,"minecraft:elytra":2,"minecraft:rail":64,"minecraft:leather_helmet":9,"minecraft:item_frame":2,"minecraft:light_weighted_pressure_plate":1,"minecraft:melon":28,"minecraft:red_shulker_box":5,"minecraft:dirt":310,"minecraft:stone_button":1,"minecraft:yellow_dye":63,"minecraft:sunflower":257,"minecraft:phantom_membrane":10,"minecraft:deepslate_coal_ore":4,"minecraft:bone_meal":14379,"minecraft:sugar":1,"minecraft:iron_pickaxe":8,"minecraft:dark_oak_boat":2,"minecraft:gray_dye":62,"minecraft:bone":2419,"minecraft:green_wool":64,"minecraft:emerald_block":180,"minecraft:sugar_cane":7,"minecraft:pink_bed":1,"minecraft:golden_chestplate":6,"minecraft:pink_dye":64,"minecraft:birch_sapling":52,"minecraft:blue_wool":64,"minecraft:netherite_shovel":3,"minecraft:lime_dye":60,"minecraft:light_gray_carpet":12,"minecraft:jungle_trapdoor":1,"minecraft:salmon":1,"minecraft:tipped_arrow":5,"minecraft:deepslate_copper_ore":13,"minecraft:ladder":2,"minecraft:white_dye":58,"minecraft:spruce_slab":2,"minecraft:crying_obsidian":1,"minecraft:lectern":1,"minecraft:egg":87,"minecraft:iron_ingot":33,"minecraft:netherite_pickaxe":5,"minecraft:cobbled_deepslate_stairs":1,"minecraft:tnt":1,"minecraft:deepslate_brick_wall":1,"minecraft:golden_horse_armor":4,"minecraft:netherite_helmet":5,"minecraft:feather":65,"minecraft:cobblestone":802,"minecraft:iron_helmet":1,"minecraft:apple":12,"minecraft:granite":218,"minecraft:purple_dye":454,"minecraft:chainmail_helmet":16,"minecraft:coal":6,"minecraft:golden_carrot":399,"minecraft:rose_bush":64,"minecraft:diamond_helmet":1,"minecraft:pufferfish_bucket":2,"minecraft:dead_bush":1,"minecraft:paper":33,"minecraft:string":87,"minecraft:spruce_sapling":1,"minecraft:magenta_shulker_box":3,"minecraft:moss_carpet":4,"minecraft:deepslate":2269,"minecraft:stone_sword":1,"minecraft:cobblestone_wall":3,"minecraft:bowl":11,"minecraft:stone_slab":6,"minecraft:orange_wool":2,"minecraft:big_dripleaf":5,"minecraft:light_blue_dye":63,"minecraft:potato":6544,"minecraft:stone":3532,"minecraft:allium":4,"minecraft:light_gray_dye":62,"minecraft:spider_eye":17,"minecraft:birch_boat":1,"minecraft:magenta_dye":64,"minecraft:bell":24,"minecraft:black_wool":415,"minecraft:gold_ore":16,"minecraft:spruce_sign":1,"minecraft:brown_mushroom":5,"minecraft:birch_planks":9,"minecraft:diamond_axe":1,"minecraft:baked_potato":161,"minecraft:lime_shulker_box":4,"minecraft:lantern":198,"minecraft:flint":40,"minecraft:deepslate_gold_ore":14,"minecraft:cornflower":15,"minecraft:crimson_roots":2,"minecraft:seagrass":2,"minecraft:pumpkin_pie":4,"minecraft:amethyst_shard":1,"minecraft:polished_blackstone_bricks":15,"minecraft:black_stained_glass":1,"minecraft:gravel":2911,"minecraft:white_tulip":166,"minecraft:blackstone":829,"minecraft:yellow_wool":1,"minecraft:lime_wool":64,"minecraft:fern":12,"minecraft:diamond_shovel":2,"minecraft:carrot":9050,"minecraft:brown_shulker_box":4,"minecraft:chainmail_chestplate":8,"minecraft:chiseled_stone_bricks":11,"minecraft:shulker_shell":8,"minecraft:poppy":1,"minecraft:gunpowder":33,"minecraft:turtle_helmet":2,"minecraft:chainmail_boots":21,"minecraft:chest":42,"minecraft:arrow":13501,"minecraft:gray_shulker_box":3,"minecraft:basalt":599,"minecraft:firework_rocket":106,"minecraft:quartz":380,"minecraft:written_book":7,"minecraft:oak_leaves":1,"minecraft:netherrack":28129,"minecraft:water_bucket":1,"minecraft:deepslate_iron_ore":797,"minecraft:minecart":1,"minecraft:smithing_table":1,"minecraft:cyan_dye":60,"minecraft:diamond_leggings":3,"minecraft:lead":12,"minecraft:observer":1,"minecraft:grass_block":19,"minecraft:stick":24,"minecraft:blue_dye":64,"minecraft:diorite":520,"minecraft:light_blue_stained_glass":1,"minecraft:torch":7,"minecraft:iron_leggings":5,"minecraft:wither_rose":131,"minecraft:iron_axe":7,"minecraft:redstone":15,"minecraft:smooth_basalt":3,"minecraft:brown_dye":63,"minecraft:ender_chest":9,"minecraft:nether_wart":19,"minecraft:composter":2,"minecraft:tuff":489,"minecraft:raw_iron":8,"minecraft:iron_hoe":1,"minecraft:filled_map":20,"minecraft:snow":35,"minecraft:shield":20,"minecraft:diamond_chestplate":2,"minecraft:iron_chestplate":4,"minecraft:mossy_stone_bricks":16,"minecraft:blue_ice":1,"minecraft:oak_boat":4,"minecraft:golden_sword":5,"minecraft:diamond_boots":2,"minecraft:purple_shulker_box":3,"minecraft:stone_pickaxe":38,"minecraft:raw_gold":2,"minecraft:nether_quartz_ore":449,"minecraft:calcite":99,"minecraft:white_stained_glass":2,"minecraft:light_blue_shulker_box":3}},"DataVersion":3120}