{"stats":{"minecraft:mined":{"minecraft:dark_oak_planks":4,"minecraft:dark_prismarine_stairs":8,"minecraft:white_bed":6,"minecraft:obsidian":1053,"minecraft:granite":52,"minecraft:red_sand":2,"minecraft:coal_block":1,"minecraft:purpur_slab":3,"minecraft:oxeye_daisy":2,"minecraft:nether_wart":3,"minecraft:spawner":7,"minecraft:magma_block":2,"minecraft:fire":102,"minecraft:cobbled_deepslate":9,"minecraft:pumpkin":1,"minecraft:moss_carpet":12,"minecraft:deepslate_lapis_ore":39,"minecraft:cave_vines":6,"minecraft:iron_block":21,"minecraft:player_head":10,"minecraft:tripwire":8,"minecraft:cut_sandstone":2,"minecraft:brown_mushroom":5,"minecraft:player_wall_head":67,"minecraft:powder_snow":12,"minecraft:torch":83,"minecraft:melon":1,"minecraft:dead_bush":4,"minecraft:spruce_wall_sign":2,"minecraft:glass":2,"minecraft:sugar_cane":400,"minecraft:damaged_anvil":1,"minecraft:amethyst_block":11,"minecraft:polished_diorite_stairs":1,"minecraft:wheat":15,"minecraft:lilac":2,"minecraft:birch_door":2,"minecraft:grass":352,"minecraft:smooth_basalt":5,"minecraft:red_mushroom_block":1,"minecraft:piston":1,"minecraft:deepslate":478,"minecraft:dark_prismarine":1,"minecraft:mossy_cobblestone":4,"minecraft:shulker_box":80,"minecraft:end_stone":2794,"minecraft:jungle_planks":1,"minecraft:redstone_wire":1,"minecraft:kelp":2,"minecraft:moss_block":82,"minecraft:red_mushroom":1,"minecraft:white_concrete_powder":2,"minecraft:snow":25,"minecraft:andesite":190,"minecraft:potatoes":649,"minecraft:rail":3,"minecraft:vine":2,"minecraft:white_wool":33,"minecraft:ender_chest":42,"minecraft:soul_sand":5,"minecraft:observer":1,"minecraft:dandelion":7,"minecraft:emerald_ore":9,"minecraft:tall_grass":46,"minecraft:purpur_pillar":2,"minecraft:copper_ore":21,"minecraft:deepslate_gold_ore":299,"minecraft:diorite":215,"minecraft:big_dripleaf":1,"minecraft:stripped_spruce_wood":4,"minecraft:dark_oak_wall_sign":1,"minecraft:white_carpet":2,"minecraft:spruce_log":226,"minecraft:birch_leaves":1,"minecraft:mycelium":31,"minecraft:gravel":1320,"minecraft:dripstone_block":15,"minecraft:cobweb":5,"minecraft:spruce_fence_gate":1,"minecraft:stone_bricks":5,"minecraft:chipped_anvil":4,"minecraft:gold_ore":10,"minecraft:fern":53,"minecraft:spruce_planks":54,"minecraft:stone_pressure_plate":1,"minecraft:farmland":8,"minecraft:jungle_slab":1,"minecraft:cave_vines_plant":3,"minecraft:spruce_trapdoor":1,"minecraft:grass_block":144,"minecraft:white_concrete":570,"minecraft:polished_diorite":3,"minecraft:raw_iron_block":4,"minecraft:iron_ore":224,"minecraft:anvil":11,"minecraft:pointed_dripstone":5,"minecraft:brown_glazed_terracotta":7,"minecraft:iron_bars":4,"minecraft:azalea":9,"minecraft:end_stone_bricks":104,"minecraft:spruce_slab":11,"minecraft:blackstone":3,"minecraft:purpur_stairs":1,"minecraft:clay":8,"minecraft:calcite":8,"minecraft:chest":4,"minecraft:mushroom_stem":1,"minecraft:nether_quartz_ore":307,"minecraft:cobblestone":77,"minecraft:prismarine":1,"minecraft:oak_planks":47,"minecraft:wall_torch":43,"minecraft:seagrass":3,"minecraft:birch_log":19,"minecraft:blue_ice":14,"minecraft:tnt":12,"minecraft:purpur_block":3,"minecraft:oak_log":74,"minecraft:sand":1040,"minecraft:dirt":343,"minecraft:ancient_debris":8,"minecraft:netherrack":1030,"minecraft:oak_leaves":70,"minecraft:nether_gold_ore":20,"minecraft:diamond_ore":1,"minecraft:crying_obsidian":1,"minecraft:tuff":35,"minecraft:deepslate_diamond_ore":167,"minecraft:oak_door":24,"minecraft:white_stained_glass":1,"minecraft:brown_mushroom_block":1,"minecraft:polished_andesite_slab":7,"minecraft:spruce_leaves":32,"minecraft:sandstone":126,"minecraft:large_fern":9,"minecraft:hay_block":14,"minecraft:furnace":35,"minecraft:carrots":7,"minecraft:gold_block":2,"minecraft:bell":2,"minecraft:deepslate_iron_ore":406,"minecraft:packed_ice":236,"minecraft:chorus_plant":4,"minecraft:stone":1249,"minecraft:birch_pressure_plate":12,"minecraft:redstone_wall_torch":2,"minecraft:podzol":591,"minecraft:scaffolding":5,"minecraft:flowering_azalea":4,"minecraft:red_wool":3,"minecraft:magenta_stained_glass":1,"minecraft:oak_fence":2,"minecraft:crafting_table":46,"minecraft:rose_bush":2,"minecraft:andesite_slab":3,"minecraft:lectern":2,"minecraft:lapis_ore":3,"minecraft:lily_pad":1,"minecraft:prismarine_bricks":1,"minecraft:birch_planks":7,"minecraft:cactus":6,"minecraft:redstone_torch":3,"minecraft:sweet_berry_bush":48,"minecraft:ice":18,"minecraft:coal_ore":564,"minecraft:cocoa":4,"minecraft:terracotta":1,"minecraft:small_dripleaf":3,"minecraft:mossy_stone_bricks":1},"minecraft:dropped":{"minecraft:iron_sword":2,"minecraft:lapis_lazuli":129,"minecraft:cooked_beef":66,"minecraft:glow_ink_sac":1,"minecraft:glass_bottle":6,"minecraft:diamond":123,"minecraft:crafting_table":2,"minecraft:cooked_porkchop":5,"minecraft:crossbow":2,"minecraft:elytra":4,"minecraft:leather_helmet":6,"minecraft:red_mushroom":4,"minecraft:emerald":9,"minecraft:dirt":170,"minecraft:netherite_boots":2,"minecraft:writable_book":5,"minecraft:gold_nugget":69,"minecraft:bone_meal":4,"minecraft:phantom_membrane":42,"minecraft:sand":4,"minecraft:iron_pickaxe":2,"minecraft:dark_oak_planks":3,"minecraft:white_wool":101,"minecraft:end_crystal":1,"minecraft:bone":173,"minecraft:stone_axe":2,"minecraft:sugar_cane":36,"minecraft:diamond_block":3,"minecraft:polished_andesite_slab":1,"minecraft:golden_chestplate":9,"minecraft:cobbled_deepslate":34,"minecraft:netherite_sword":9,"minecraft:wheat":3,"minecraft:obsidian":210,"minecraft:rotten_flesh":158,"minecraft:oak_planks":10,"minecraft:end_stone":9,"minecraft:netherite_shovel":1,"minecraft:blaze_powder":1,"minecraft:golden_shovel":1,"minecraft:white_bed":2,"minecraft:salmon":1,"minecraft:tipped_arrow":6,"minecraft:leather_boots":3,"minecraft:leather_leggings":1,"minecraft:spruce_slab":16,"minecraft:end_stone_bricks":4,"minecraft:beef":8,"minecraft:egg":13,"minecraft:enchanted_book":5,"minecraft:golden_boots":3,"minecraft:iron_ingot":9,"minecraft:netherite_pickaxe":2,"minecraft:wheat_seeds":90,"minecraft:netherite_helmet":1,"minecraft:netherite_chestplate":3,"minecraft:feather":8,"minecraft:purpur_slab":3,"minecraft:book":9,"minecraft:iron_helmet":2,"minecraft:cobblestone":375,"minecraft:granite":5,"minecraft:coal":191,"minecraft:golden_apple":13,"minecraft:coal_block":58,"minecraft:polished_blackstone_stairs":6,"minecraft:oxeye_daisy":2,"minecraft:diamond_horse_armor":1,"minecraft:golden_carrot":103,"minecraft:ink_sac":36,"minecraft:wooden_hoe":1,"minecraft:diamond_helmet":4,"minecraft:potion":6,"minecraft:pumpkin":6,"minecraft:chipped_anvil":2,"minecraft:iron_shovel":3,"minecraft:string":41,"minecraft:lily_pad":1,"minecraft:snow_block":4,"minecraft:moss_carpet":31,"minecraft:netherite_hoe":1,"minecraft:player_head":42,"minecraft:netherite_ingot":1,"minecraft:stone_sword":2,"minecraft:dark_oak_sign":2,"minecraft:cocoa_beans":3,"minecraft:deepslate":7,"minecraft:bowl":1,"minecraft:stone_shovel":1,"minecraft:chicken":1,"minecraft:clay_ball":64,"minecraft:iron_boots":2,"minecraft:damaged_anvil":1,"minecraft:name_tag":5,"minecraft:spruce_fence":1,"minecraft:oak_sign":1,"minecraft:shears":2,"minecraft:diamond_sword":8,"minecraft:potato":52,"minecraft:cobblestone_slab":64,"minecraft:spruce_boat":6,"minecraft:stone":15,"minecraft:powder_snow_bucket":1,"minecraft:spruce_planks":80,"minecraft:diamond_pickaxe":15,"minecraft:stone_pressure_plate":1,"minecraft:stone_bricks":15,"minecraft:spider_eye":24,"minecraft:bamboo":3,"minecraft:bow":40,"minecraft:bell":1,"minecraft:terracotta":1,"minecraft:spruce_sign":5,"minecraft:brown_mushroom":9,"minecraft:birch_planks":18,"minecraft:warped_fungus":1,"minecraft:baked_potato":197,"minecraft:ender_pearl":31,"minecraft:leather":6,"minecraft:red_wool":1,"minecraft:cod":1,"minecraft:flint":10,"minecraft:packed_ice":16,"minecraft:mutton":2,"minecraft:cooked_cod":132,"minecraft:cut_sandstone":2,"minecraft:snowball":3,"minecraft:axolotl_bucket":4,"minecraft:gravel":42,"minecraft:blackstone":2,"minecraft:spyglass":2,"minecraft:music_disc_otherside":1,"minecraft:andesite_slab":2,"minecraft:pointed_dripstone":1,"minecraft:diamond_shovel":1,"minecraft:cooked_mutton":1,"minecraft:mycelium":1,"minecraft:carrot":1,"minecraft:leather_chestplate":6,"minecraft:trident":8,"minecraft:gunpowder":276,"minecraft:azalea":6,"minecraft:arrow":600,"minecraft:white_concrete_powder":192,"minecraft:quartz":1,"minecraft:written_book":7,"minecraft:splash_potion":2,"minecraft:netherrack":649,"minecraft:firework_rocket":177,"minecraft:water_bucket":1,"minecraft:golden_helmet":4,"minecraft:lilac":2,"minecraft:diamond_leggings":5,"minecraft:poisonous_potato":12,"minecraft:netherite_axe":5,"minecraft:prismarine_shard":5,"minecraft:lead":4,"minecraft:tropical_fish":2,"minecraft:grass_block":1,"minecraft:stick":34,"minecraft:diorite":11,"minecraft:torch":18,"minecraft:green_dye":5,"minecraft:iron_leggings":2,"minecraft:iron_axe":7,"minecraft:tripwire_hook":2,"minecraft:bucket":2,"minecraft:dandelion":29,"minecraft:redstone":65,"minecraft:polished_diorite":3,"minecraft:anvil":34,"minecraft:sweet_berries":6,"minecraft:kelp":26,"minecraft:ender_chest":15,"minecraft:nether_wart":1,"minecraft:raw_copper":168,"minecraft:tuff":6,"minecraft:raw_iron":1,"minecraft:brown_glazed_terracotta":3,"minecraft:wither_skeleton_skull":1,"minecraft:light_gray_wool":2,"minecraft:totem_of_undying":3,"minecraft:shulker_box":10,"minecraft:netherite_leggings":10,"minecraft:flint_and_steel":1,"minecraft:filled_map":3,"minecraft:shield":6,"minecraft:diamond_chestplate":4,"minecraft:iron_chestplate":3,"minecraft:andesite":155,"minecraft:golden_leggings":5,"minecraft:oak_boat":2,"minecraft:oak_sapling":2,"minecraft:golden_sword":1,"minecraft:spruce_log":65,"minecraft:diamond_boots":4,"minecraft:stone_pickaxe":2,"minecraft:wooden_pickaxe":1,"minecraft:raw_gold":16,"minecraft:calcite":7,"minecraft:brick":1},"minecraft:killed_by":{"minecraft:creeper":3,"minecraft:player":12,"minecraft:enderman":1,"minecraft:skeleton":1},"minecraft:killed":{"minecraft:shulker":7,"minecraft:skeleton":1711,"minecraft:guardian":1,"minecraft:chicken":9,"minecraft:tropical_fish":1,"minecraft:skeleton_horse":4,"minecraft:magma_cube":1,"minecraft:parrot":1,"minecraft:salmon":1,"minecraft:iron_golem":1,"minecraft:goat":1,"minecraft:zombie":250,"minecraft:glow_squid":5,"minecraft:cow":17,"minecraft:horse":3,"minecraft:snow_golem":1,"minecraft:enderman":309,"minecraft:witch":2,"minecraft:spider":61,"minecraft:pig":16,"minecraft:zombie_villager":5,"minecraft:creeper":133,"minecraft:sheep":34,"minecraft:stray":2,"minecraft:mooshroom":1,"minecraft:blaze":84,"minecraft:slime":7,"minecraft:phantom":84,"minecraft:panda":2,"minecraft:drowned":1,"minecraft:squid":15,"minecraft:wither_skeleton":2},"minecraft:broken":{"minecraft:iron_boots":1,"minecraft:iron_chestplate":1,"minecraft:iron_leggings":1,"minecraft:shield":1,"minecraft:iron_axe":3,"minecraft:iron_pickaxe":5,"minecraft:iron_helmet":2,"minecraft:stone_shovel":4},"minecraft:picked_up":{"minecraft:iron_chestplate":10,"minecraft:birch_door":2,"minecraft:chainmail_boots":1,"minecraft:anvil":45,"minecraft:prismarine_shard":5,"minecraft:lead":26,"minecraft:diamond_sword":9,"minecraft:enchanted_book":14,"minecraft:golden_sword":1,"minecraft:amethyst_block":4,"minecraft:string":104,"minecraft:diamond_leggings":5,"minecraft:gold_nugget":206,"minecraft:cobbled_deepslate":383,"minecraft:spruce_planks":250,"minecraft:written_book":11,"minecraft:coal_block":87,"minecraft:golden_helmet":5,"minecraft:polished_blackstone_stairs":6,"minecraft:purpur_pillar":2,"minecraft:end_crystal":1,"minecraft:golden_chestplate":9,"minecraft:stone_sword":2,"minecraft:tropical_fish":2,"minecraft:iron_block":20,"minecraft:red_tulip":1,"minecraft:end_rod":5,"minecraft:netherite_chestplate":6,"minecraft:blaze_rod":213,"minecraft:iron_bars":4,"minecraft:snowball":3,"minecraft:birch_log":19,"minecraft:feather":13,"minecraft:cooked_beef":163,"minecraft:water_bucket":7,"minecraft:dark_oak_boat":2,"minecraft:smoker":1,"minecraft:flint":100,"minecraft:netherite_leggings":15,"minecraft:chipped_anvil":4,"minecraft:dark_oak_sign":2,"minecraft:diamond_helmet":5,"minecraft:moss_block":80,"minecraft:ink_sac":64,"minecraft:deepslate":13,"minecraft:writable_book":6,"minecraft:granite":81,"minecraft:blue_ice":36,"minecraft:spruce_button":1,"minecraft:bread":11,"minecraft:diamond_pickaxe":21,"minecraft:crafting_table":61,"minecraft:nether_wart":4,"minecraft:clay_ball":148,"minecraft:leather_leggings":5,"minecraft:purpur_block":1,"minecraft:elytra":9,"minecraft:flint_and_steel":2,"minecraft:white_stained_glass":1,"minecraft:iron_shovel":8,"minecraft:netherite_sword":14,"minecraft:deepslate_diamond_ore":3,"minecraft:music_disc_otherside":7,"minecraft:beef":47,"minecraft:spruce_slab":14,"minecraft:chest":4,"minecraft:piston":6,"minecraft:egg":22,"minecraft:sandstone":2,"minecraft:stone":214,"minecraft:oak_door":26,"minecraft:carrot":46,"minecraft:redstone":434,"minecraft:netherite_pickaxe":8,"minecraft:tnt":34,"minecraft:stone_shovel":4,"minecraft:diamond_chestplate":5,"minecraft:cooked_cod":132,"minecraft:shears":5,"minecraft:diamond_boots":5,"minecraft:hay_block":14,"minecraft:purpur_slab":3,"minecraft:gold_ingot":44,"minecraft:totem_of_undying":5,"minecraft:glow_berries":1,"minecraft:mutton":41,"minecraft:white_wool":213,"minecraft:rail":128,"minecraft:oxeye_daisy":2,"minecraft:yellow_dye":1,"minecraft:red_mushroom":6,"minecraft:filled_map":1,"minecraft:purpur_stairs":1,"minecraft:oak_log":71,"minecraft:lily_pad":1,"minecraft:ancient_debris":9,"minecraft:golden_boots":3,"minecraft:paper":33,"minecraft:white_banner":1,"minecraft:birch_pressure_plate":6,"minecraft:apple":4,"minecraft:stone_bricks":20,"minecraft:kelp":26,"minecraft:stone_pickaxe":5,"minecraft:glass_bottle":4,"minecraft:iron_sword":4,"minecraft:flowering_azalea":2,"minecraft:smooth_basalt":2,"minecraft:milk_bucket":2,"minecraft:sweet_berries":464,"minecraft:red_wool":1,"minecraft:spyglass":2,"minecraft:gravel":935,"minecraft:spruce_sapling":1,"minecraft:spruce_log":291,"minecraft:crying_obsidian":1,"minecraft:leather_helmet":7,"minecraft:firework_rocket":295,"minecraft:diamond_shovel":5,"minecraft:coal_ore":9,"minecraft:purple_bed":1,"minecraft:slime_ball":4,"minecraft:polished_diorite":3,"minecraft:stone_axe":6,"minecraft:diamond_axe":3,"minecraft:birch_sign":1,"minecraft:baked_potato":1035,"minecraft:melon_seeds":1,"minecraft:ender_pearl":204,"minecraft:shulker_shell":12,"minecraft:wheat":29,"minecraft:ender_chest":63,"minecraft:potion":15,"minecraft:raw_copper":305,"minecraft:iron_leggings":8,"minecraft:netherite_ingot":6,"minecraft:bucket":12,"minecraft:rose_bush":2,"minecraft:redstone_torch":7,"minecraft:cobblestone_slab":256,"minecraft:ender_eye":1,"minecraft:calcite":7,"minecraft:azalea":16,"minecraft:iron_pickaxe":6,"minecraft:iron_boots":8,"minecraft:furnace":43,"minecraft:tipped_arrow":10,"minecraft:stick":65,"minecraft:oak_fence":2,"minecraft:torch":262,"minecraft:snow_block":4,"minecraft:porkchop":27,"minecraft:netherite_shovel":1,"minecraft:music_disc_pigstep":3,"minecraft:pointed_dripstone":1,"minecraft:diorite":354,"minecraft:vine":2,"minecraft:goat_horn":1,"minecraft:cactus":7,"minecraft:rotten_flesh":249,"minecraft:obsidian":1093,"minecraft:cod":1,"minecraft:cobblestone":2587,"minecraft:leather_chestplate":7,"minecraft:lilac":2,"minecraft:andesite":497,"minecraft:golden_leggings":6,"minecraft:potato":2232,"minecraft:tuff":15,"minecraft:prismarine_bricks":1,"minecraft:wither_skeleton_skull":2,"minecraft:dirt":1113,"minecraft:lapis_lazuli":669,"minecraft:name_tag":5,"minecraft:leather_boots":3,"minecraft:glass":10,"minecraft:bone":719,"minecraft:bow":71,"minecraft:wheat_seeds":220,"minecraft:orange_tulip":1,"minecraft:raw_gold":522,"minecraft:bell":4,"minecraft:netherite_axe":8,"minecraft:bamboo":3,"minecraft:prismarine":1,"minecraft:oak_planks":139,"minecraft:cooked_porkchop":34,"minecraft:sand":787,"minecraft:axolotl_bucket":1,"minecraft:poisonous_potato":15,"minecraft:jungle_planks":10,"minecraft:grass_block":2,"minecraft:jungle_slab":1,"minecraft:spectral_arrow":66,"minecraft:shulker_box":91,"minecraft:mossy_cobblestone":2,"minecraft:dark_prismarine":1,"minecraft:clay":320,"minecraft:diamond":386,"minecraft:spruce_boat":175,"minecraft:netherite_helmet":4,"minecraft:crossbow":4,"minecraft:bone_meal":5,"minecraft:golden_apple":19,"minecraft:white_concrete":707,"minecraft:spruce_sign":14,"minecraft:emerald":288,"minecraft:oak_sapling":3,"minecraft:netherrack":1937,"minecraft:chorus_fruit":79,"minecraft:oak_leaves":35,"minecraft:andesite_slab":4,"minecraft:end_stone_bricks":100,"minecraft:cocoa_beans":21,"minecraft:splash_potion":3,"minecraft:azure_bluet":1,"minecraft:chicken":9,"minecraft:packed_ice":513,"minecraft:brown_mushroom":30,"minecraft:wooden_pickaxe":4,"minecraft:gold_block":2,"minecraft:diamond_horse_armor":1,"minecraft:brick":1,"minecraft:shield":17,"minecraft:dragon_breath":6,"minecraft:moss_carpet":91,"minecraft:iron_axe":13,"minecraft:item_frame":1,"minecraft:mycelium":2,"minecraft:blackstone":4,"minecraft:blue_orchid":2,"minecraft:oak_boat":151,"minecraft:player_head":189,"minecraft:observer":6,"minecraft:light_gray_wool":4,"minecraft:lectern":2,"minecraft:sugar_cane":673,"minecraft:phantom_membrane":84,"minecraft:raw_iron":1012,"minecraft:end_stone":2972,"minecraft:copper_ingot":109,"minecraft:bowl":2,"minecraft:brown_glazed_terracotta":6,"minecraft:stone_button":1,"minecraft:trident":14,"minecraft:stone_pressure_plate":1,"minecraft:dark_oak_planks":3,"minecraft:arrow":1072,"minecraft:pumpkin_pie":9,"minecraft:saddle":1,"minecraft:netherite_boots":6,"minecraft:jungle_boat":22,"minecraft:golden_carrot":127,"minecraft:glow_ink_sac":8,"minecraft:salmon":1,"minecraft:leather":32,"minecraft:cut_sandstone":2,"minecraft:birch_planks":34,"minecraft:ice":322,"minecraft:gunpowder":541,"minecraft:cooked_mutton":15,"minecraft:podzol":26,"minecraft:gray_carpet":4,"minecraft:iron_ingot":158,"minecraft:cooked_chicken":25,"minecraft:polished_andesite_slab":17,"minecraft:book":9,"minecraft:scaffolding":77,"minecraft:warped_fungus":2,"minecraft:birch_boat":2,"minecraft:pumpkin":12,"minecraft:quartz":270,"minecraft:dandelion":29,"minecraft:raw_iron_block":4,"minecraft:dripstone_block":1,"minecraft:amethyst_shard":1,"minecraft:white_bed":29,"minecraft:spider_eye":30,"minecraft:polished_diorite_stairs":1,"minecraft:music_disc_mall":1,"minecraft:white_concrete_powder":225,"minecraft:chainmail_leggings":2,"minecraft:iron_helmet":9,"minecraft:terracotta":1,"minecraft:netherite_hoe":1,"minecraft:damaged_anvil":1,"minecraft:coal":1536},"minecraft:crafted":{"minecraft:ender_chest":16,"minecraft:oak_sign":6,"minecraft:blaze_powder":320,"minecraft:cooked_mutton":31,"minecraft:shulker_box":4,"minecraft:glass":64,"minecraft:diamond_helmet":2,"minecraft:diamond_leggings":2,"minecraft:netherite_boots":1,"minecraft:birch_door":3,"minecraft:cooked_porkchop":15,"minecraft:diamond_axe":1,"minecraft:jungle_boat":1,"minecraft:smithing_table":1,"minecraft:hay_block":1,"minecraft:wooden_hoe":1,"minecraft:iron_pickaxe":12,"minecraft:iron_block":78,"minecraft:gold_ingot":415,"minecraft:netherite_ingot":2,"minecraft:fire_charge":360,"minecraft:stone_shovel":8,"minecraft:jukebox":1,"minecraft:bone_meal":807,"minecraft:spruce_fence":3,"minecraft:diamond":180,"minecraft:netherite_axe":1,"minecraft:polished_diorite":80,"minecraft:spruce_slab":84,"minecraft:stone_pickaxe":3,"minecraft:diamond_boots":2,"minecraft:spruce_boat":6,"minecraft:coal_block":134,"minecraft:firework_star":362,"minecraft:crossbow":2,"minecraft:netherite_pickaxe":1,"minecraft:white_stained_glass":16,"minecraft:enchanted_book":8,"minecraft:andesite_slab":6,"minecraft:oak_stairs":4,"minecraft:wooden_axe":2,"minecraft:writable_book":1,"minecraft:iron_leggings":3,"minecraft:white_bed":8,"minecraft:oak_planks":252,"minecraft:cooked_chicken":5,"minecraft:bow":12,"minecraft:iron_boots":3,"minecraft:chest":35,"minecraft:netherite_helmet":1,"minecraft:stone_bricks":64,"minecraft:ender_eye":17,"minecraft:oak_fence":6,"minecraft:golden_boots":1,"minecraft:item_frame":2,"minecraft:crafting_table":16,"minecraft:spruce_planks":420,"minecraft:baked_potato":1218,"minecraft:wooden_pickaxe":2,"minecraft:iron_helmet":3,"minecraft:gold_block":39,"minecraft:birch_planks":76,"minecraft:iron_chestplate":3,"minecraft:book":12,"minecraft:paper":432,"minecraft:diamond_pickaxe":2,"minecraft:charcoal":6,"minecraft:emerald_block":22,"minecraft:shield":7,"minecraft:stick":164,"minecraft:iron_ingot":1004,"minecraft:polished_diorite_stairs":4,"minecraft:shears":4,"minecraft:oak_door":3,"minecraft:raw_iron":36,"minecraft:coal":720,"minecraft:tripwire_hook":4,"minecraft:netherite_sword":1,"minecraft:spruce_button":2,"minecraft:furnace":18,"minecraft:diamond_block":23,"minecraft:end_stone_bricks":1824,"minecraft:netherite_chestplate":1,"minecraft:blue_ice":45,"minecraft:netherite_leggings":1,"minecraft:white_concrete_powder":1528,"minecraft:iron_axe":9,"minecraft:netherite_scrap":8,"minecraft:cooked_beef":2,"minecraft:diamond_sword":1,"minecraft:spruce_sign":12,"minecraft:golden_shovel":1,"minecraft:bucket":9,"minecraft:stone_axe":2,"minecraft:bread":11,"minecraft:air":0,"minecraft:blue_dye":64,"minecraft:oak_boat":6,"minecraft:white_dye":576,"minecraft:anvil":2,"minecraft:torch":116,"minecraft:end_crystal":1,"minecraft:clay":16,"minecraft:lapis_block":21,"minecraft:diamond_chestplate":2,"minecraft:firework_rocket":201},"minecraft:custom":{"minecraft:interact_with_crafting_table":262,"minecraft:open_barrel":198,"minecraft:bell_ring":740,"minecraft:eat_cake_slice":1,"minecraft:leave_game":133,"minecraft:time_since_death":1312033,"minecraft:damage_blocked_by_shield":6584,"minecraft:play_time":5669355,"minecraft:deaths":25,"minecraft:jump":110360,"minecraft:enchant_item":29,"minecraft:interact_with_furnace":614,"minecraft:play_record":11,"minecraft:traded_with_villager":9,"minecraft:interact_with_cartography_table":1,"minecraft:sleep_in_bed":42,"minecraft:damage_dealt":264099,"minecraft:interact_with_smoker":51,"minecraft:horse_one_cm":16562,"minecraft:interact_with_smithing_table":3,"minecraft:inspect_dropper":1,"minecraft:interact_with_anvil":43,"minecraft:inspect_hopper":33,"minecraft:damage_dealt_absorbed":201,"minecraft:target_hit":2,"minecraft:sneak_time":423016,"minecraft:interact_with_lectern":30,"minecraft:interact_with_blast_furnace":7,"minecraft:total_world_time":5669355,"minecraft:interact_with_stonecutter":1,"minecraft:time_since_rest":345394,"minecraft:swim_one_cm":3911447,"minecraft:fly_one_cm":31218255,"minecraft:open_chest":1697,"minecraft:fall_one_cm":4459450,"minecraft:open_shulker_box":341,"minecraft:damage_resisted":6023,"minecraft:sprint_one_cm":14583211,"minecraft:drop":888,"minecraft:play_noteblock":38,"minecraft:talked_to_villager":73,"minecraft:interact_with_brewingstand":4,"minecraft:walk_on_water_one_cm":1517398,"minecraft:open_enderchest":314,"minecraft:player_kills":33,"minecraft:crouch_one_cm":1294316,"minecraft:mob_kills":2845,"minecraft:climb_one_cm":156764,"minecraft:walk_one_cm":10076576,"minecraft:walk_under_water_one_cm":1765927,"minecraft:boat_one_cm":9778275,"minecraft:interact_with_grindstone":19,"minecraft:damage_taken":58924,"minecraft:damage_absorbed":80,"minecraft:minecart_one_cm":854,"minecraft:aviate_one_cm":68105666},"minecraft:used":{"minecraft:moss_block":324,"minecraft:writable_book":12,"minecraft:spruce_slab":28,"minecraft:elytra":5,"minecraft:chest":35,"minecraft:stone":5,"minecraft:jungle_slab":1,"minecraft:azure_bluet":1,"minecraft:spruce_boat":167,"minecraft:packed_ice":318,"minecraft:grass_block":1,"minecraft:bow":259,"minecraft:dark_oak_boat":1,"minecraft:sweet_berries":97,"minecraft:oak_sapling":1,"minecraft:furnace":56,"minecraft:cooked_cod":6,"minecraft:egg":9,"minecraft:potato":505,"minecraft:diorite":40,"minecraft:end_stone_bricks":1916,"minecraft:prismarine":1,"minecraft:orange_tulip":1,"minecraft:blackstone":2,"minecraft:wooden_pickaxe":18,"minecraft:purpur_pillar":2,"minecraft:jungle_boat":20,"minecraft:oak_leaves":19,"minecraft:golden_apple":2,"minecraft:glow_berries":1,"minecraft:purpur_stairs":1,"minecraft:sand":8,"minecraft:blue_ice":81,"minecraft:netherite_helmet":2,"minecraft:crying_obsidian":1,"minecraft:stone_button":1,"minecraft:lectern":2,"minecraft:polished_andesite_slab":6,"minecraft:diamond_sword":119,"minecraft:smithing_table":1,"minecraft:white_stained_glass":12,"minecraft:ice":272,"minecraft:oak_boat":147,"minecraft:iron_bars":4,"minecraft:mycelium":1,"minecraft:netherrack":794,"minecraft:torch":254,"minecraft:anvil":9,"minecraft:golden_shovel":1,"minecraft:polished_diorite":31,"minecraft:flowering_azalea":2,"minecraft:chipped_anvil":2,"minecraft:iron_block":3,"minecraft:iron_axe":705,"minecraft:spruce_button":3,"minecraft:smooth_basalt":2,"minecraft:cobbled_deepslate":309,"minecraft:wheat_seeds":38,"minecraft:water_bucket":633,"minecraft:birch_planks":17,"minecraft:tnt":21,"minecraft:crafting_table":60,"minecraft:birch_sign":1,"minecraft:white_bed":36,"minecraft:spruce_log":16,"minecraft:dark_prismarine":1,"minecraft:diamond_pickaxe":1718,"minecraft:diamond_shovel":2662,"minecraft:iron_pickaxe":2020,"minecraft:cobblestone":748,"minecraft:potion":2,"minecraft:cooked_porkchop":26,"minecraft:jukebox":1,"minecraft:moss_carpet":21,"minecraft:iron_shovel":27,"minecraft:oak_sign":3,"minecraft:white_concrete_powder":417,"minecraft:shield":124,"minecraft:nether_wart":1,"minecraft:bell":3,"minecraft:player_head":120,"minecraft:iron_chestplate":2,"minecraft:birch_pressure_plate":6,"minecraft:jungle_planks":3,"minecraft:carrot":37,"minecraft:tuff":9,"minecraft:axolotl_bucket":22,"minecraft:milk_bucket":1,"minecraft:obsidian":12,"minecraft:glass":10,"minecraft:blue_orchid":2,"minecraft:stone_bricks":54,"minecraft:item_frame":3,"minecraft:written_book":17,"minecraft:scaffolding":13,"minecraft:polished_diorite_stairs":5,"minecraft:gold_block":5,"minecraft:golden_boots":1,"minecraft:gray_carpet":4,"minecraft:stone_pickaxe":236,"minecraft:oak_planks":97,"minecraft:ender_pearl":37,"minecraft:sandstone":2,"minecraft:diamond_axe":565,"minecraft:sugar_cane":3,"minecraft:white_wool":52,"minecraft:crossbow":92,"minecraft:dripstone_block":1,"minecraft:end_stone":1092,"minecraft:shears":56,"minecraft:redstone_torch":7,"minecraft:firework_rocket":840,"minecraft:music_disc_mall":1,"minecraft:bread":6,"minecraft:deepslate":6,"minecraft:gravel":4,"minecraft:jungle_sign":1,"minecraft:andesite":87,"minecraft:white_concrete":60,"minecraft:purpur_block":1,"minecraft:azalea":4,"minecraft:oak_fence":8,"minecraft:trident":2553,"minecraft:netherite_sword":1820,"minecraft:rose_bush":2,"minecraft:music_disc_otherside":8,"minecraft:stone_shovel":590,"minecraft:redstone":2,"minecraft:spruce_planks":108,"minecraft:ender_chest":49,"minecraft:cooked_chicken":5,"minecraft:oak_door":25,"minecraft:dirt":806,"minecraft:spyglass":287,"minecraft:white_carpet":2,"minecraft:prismarine_bricks":1,"minecraft:shulker_box":87,"minecraft:spruce_fence":2,"minecraft:granite":24,"minecraft:birch_door":5,"minecraft:wooden_axe":4,"minecraft:red_tulip":1,"minecraft:oak_stairs":4,"minecraft:iron_boots":1,"minecraft:emerald_block":3,"minecraft:netherite_pickaxe":6862,"minecraft:cooked_beef":18,"minecraft:powder_snow_bucket":4,"minecraft:iron_leggings":1,"minecraft:cooked_mutton":44,"minecraft:amethyst_block":4,"minecraft:netherite_chestplate":2,"minecraft:baked_potato":1884,"minecraft:blue_wool":1,"minecraft:andesite_slab":8,"minecraft:birch_boat":1,"minecraft:brown_mushroom":2,"minecraft:spruce_sign":14,"minecraft:music_disc_cat":2,"minecraft:brown_glazed_terracotta":3,"minecraft:wooden_hoe":1,"minecraft:black_wool":1,"minecraft:netherite_axe":573,"minecraft:stone_axe":131,"minecraft:end_crystal":1,"minecraft:bucket":664,"minecraft:pumpkin_pie":1}},"DataVersion":3120}