{"stats":{"minecraft:picked_up":{"minecraft:stick":4,"minecraft:crafting_table":4,"minecraft:sandstone":1,"minecraft:sweet_berries":25,"minecraft:brown_mushroom":9,"minecraft:red_mushroom":15,"minecraft:sand":15,"minecraft:spruce_sapling":3,"minecraft:spruce_log":12,"minecraft:dark_oak_log":84,"minecraft:dirt":1,"minecraft:spruce_boat":2,"minecraft:cobblestone":54},"minecraft:mined":{"minecraft:brown_mushroom":10,"minecraft:dark_oak_log":84,"minecraft:spruce_log":12,"minecraft:crafting_table":4,"minecraft:grass_block":1,"minecraft:sand":15,"minecraft:mushroom_stem":4,"minecraft:red_mushroom_block":45,"minecraft:spruce_leaves":12,"minecraft:stone":54,"minecraft:sandstone":1,"minecraft:fern":3},"minecraft:killed":{"minecraft:zombie":2},"minecraft:used":{"minecraft:spruce_boat":2,"minecraft:wooden_axe":12,"minecraft:stone_sword":9,"minecraft:dark_oak_log":1,"minecraft:stone_shovel":9,"minecraft:stone_pickaxe":38,"minecraft:wooden_pickaxe":17,"minecraft:sandstone":1,"minecraft:spruce_sapling":2,"minecraft:stone_axe":131,"minecraft:sand":13,"minecraft:sweet_berries":25,"minecraft:crafting_table":3,"minecraft:mushroom_stew":4},"minecraft:broken":{"minecraft:stone_axe":1},"minecraft:custom":{"minecraft:time_since_rest":29620,"minecraft:sprint_one_cm":40673,"minecraft:damage_taken":590,"minecraft:walk_one_cm":161011,"minecraft:mob_kills":2,"minecraft:damage_dealt":673,"minecraft:swim_one_cm":12149,"minecraft:interact_with_crafting_table":7,"minecraft:fly_one_cm":50131,"minecraft:open_barrel":5,"minecraft:open_chest":2,"minecraft:crouch_one_cm":1431,"minecraft:play_time":29620,"minecraft:sneak_time":767,"minecraft:walk_under_water_one_cm":7800,"minecraft:boat_one_cm":73368,"minecraft:interact_with_lectern":1,"minecraft:jump":464,"minecraft:leave_game":1,"minecraft:walk_on_water_one_cm":3870,"minecraft:time_since_death":29620,"minecraft:total_world_time":29620,"minecraft:fall_one_cm":7733},"minecraft:crafted":{"minecraft:stone_shovel":1,"minecraft:spruce_planks":20,"minecraft:stick":12,"minecraft:wooden_pickaxe":1,"minecraft:stone_pickaxe":1,"minecraft:wooden_axe":1,"minecraft:stone_sword":1,"minecraft:bowl":4,"minecraft:spruce_boat":1,"minecraft:mushroom_stew":4,"minecraft:stone_axe":1}},"DataVersion":2975}