{"stats":{"minecraft:killed_by":{"minecraft:piglin_brute":1,"minecraft:zombie":2,"minecraft:vex":2,"minecraft:evoker":1,"minecraft:creeper":1,"minecraft:elder_guardian":1,"minecraft:player":1},"minecraft:custom":{"minecraft:interact_with_crafting_table":544,"minecraft:open_barrel":225,"minecraft:bell_ring":3,"minecraft:leave_game":176,"minecraft:time_since_death":144973,"minecraft:damage_blocked_by_shield":1058,"minecraft:play_time":6785176,"minecraft:deaths":33,"minecraft:jump":91885,"minecraft:enchant_item":8,"minecraft:interact_with_furnace":286,"minecraft:play_record":1,"minecraft:traded_with_villager":3174,"minecraft:sleep_in_bed":47,"minecraft:damage_dealt":478854,"minecraft:inspect_dispenser":131,"minecraft:horse_one_cm":65851,"minecraft:interact_with_smithing_table":11,"minecraft:inspect_dropper":54,"minecraft:interact_with_anvil":46,"minecraft:inspect_hopper":285,"minecraft:damage_dealt_absorbed":65,"minecraft:target_hit":53,"minecraft:sneak_time":798406,"minecraft:interact_with_lectern":8,"minecraft:interact_with_blast_furnace":1,"minecraft:total_world_time":6785176,"minecraft:tune_noteblock":3,"minecraft:interact_with_stonecutter":9,"minecraft:time_since_rest":144994,"minecraft:swim_one_cm":988811,"minecraft:fly_one_cm":17893104,"minecraft:open_chest":4596,"minecraft:fall_one_cm":3244722,"minecraft:fish_caught":1,"minecraft:animals_bred":1,"minecraft:open_shulker_box":946,"minecraft:damage_resisted":879,"minecraft:sprint_one_cm":15481928,"minecraft:drop":2070,"minecraft:talked_to_villager":1118,"minecraft:interact_with_brewingstand":11,"minecraft:walk_on_water_one_cm":2267507,"minecraft:interact_with_loom":1,"minecraft:open_enderchest":477,"minecraft:interact_with_beacon":9,"minecraft:player_kills":1,"minecraft:crouch_one_cm":4114504,"minecraft:mob_kills":38368,"minecraft:climb_one_cm":696032,"minecraft:walk_one_cm":8178643,"minecraft:raid_win":113,"minecraft:strider_one_cm":357621,"minecraft:walk_under_water_one_cm":12327649,"minecraft:boat_one_cm":7618384,"minecraft:raid_trigger":557,"minecraft:interact_with_grindstone":12,"minecraft:damage_taken":89550,"minecraft:minecart_one_cm":2285048,"minecraft:aviate_one_cm":30433889},"minecraft:picked_up":{"minecraft:chainmail_boots":1,"minecraft:anvil":2,"minecraft:prismarine_shard":20,"minecraft:stone_slab":307,"minecraft:diamond_sword":19,"minecraft:enchanted_book":3,"minecraft:golden_shovel":1,"minecraft:brewing_stand":25,"minecraft:golden_sword":98,"minecraft:amethyst_block":5,"minecraft:string":158,"minecraft:soul_soil":7,"minecraft:diamond_leggings":7,"minecraft:gold_nugget":306,"minecraft:cobbled_deepslate":6069,"minecraft:spruce_planks":93,"minecraft:bubble_coral":3,"minecraft:written_book":1,"minecraft:melon_slice":6,"minecraft:golden_helmet":1,"minecraft:composter":4,"minecraft:big_dripleaf":3,"minecraft:cyan_stained_glass":22,"minecraft:acacia_log":339,"minecraft:pink_carpet":2,"minecraft:lightning_rod":1,"minecraft:golden_chestplate":2,"minecraft:cyan_stained_glass_pane":19,"minecraft:cauldron":1,"minecraft:stone_sword":1,"minecraft:horn_coral_fan":26,"minecraft:tropical_fish":2,"minecraft:polished_basalt":2,"minecraft:iron_block":5,"minecraft:carved_pumpkin":7,"minecraft:glowstone":14,"minecraft:netherite_chestplate":2,"minecraft:blaze_rod":10,"minecraft:snowball":30,"minecraft:sponge":1,"minecraft:birch_log":6,"minecraft:magma_block":60,"minecraft:cooked_beef":1,"minecraft:water_bucket":1,"minecraft:copper_block":1,"minecraft:jungle_wood":3,"minecraft:flint":34,"minecraft:magenta_bed":1,"minecraft:netherite_leggings":2,"minecraft:lantern":6,"minecraft:gray_concrete_powder":1,"minecraft:twisting_vines":2,"minecraft:purple_carpet":2,"minecraft:chipped_anvil":5,"minecraft:dark_oak_sign":16,"minecraft:diamond_helmet":7,"minecraft:glowstone_dust":270,"minecraft:moss_block":149,"minecraft:honeycomb":3,"minecraft:warped_wart_block":17,"minecraft:dropper":5,"minecraft:birch_fence_gate":7,"minecraft:ink_sac":4,"minecraft:dead_fire_coral_fan":28,"minecraft:dark_oak_log":70,"minecraft:dispenser":5,"minecraft:deepslate":2104,"minecraft:lever":55,"minecraft:deepslate_gold_ore":12,"minecraft:blue_ice":115,"minecraft:granite":1102,"minecraft:spruce_button":3,"minecraft:bread":394,"minecraft:rooted_dirt":10,"minecraft:crimson_roots":5,"minecraft:diamond_pickaxe":14,"minecraft:crafting_table":47,"minecraft:bee_nest":5,"minecraft:bubble_coral_fan":14,"minecraft:purple_wool":1,"minecraft:clay_ball":288,"minecraft:redstone_lamp":2,"minecraft:crimson_trapdoor":16,"minecraft:acacia_button":1,"minecraft:fire_coral":1,"minecraft:jungle_trapdoor":42,"minecraft:elytra":3,"minecraft:flint_and_steel":1,"minecraft:snow":7,"minecraft:white_carpet":5,"minecraft:iron_shovel":3,"minecraft:respawn_anchor":2,"minecraft:netherite_sword":2,"minecraft:deepslate_diamond_ore":103,"minecraft:music_disc_otherside":1,"minecraft:poppy":22,"minecraft:spruce_slab":2,"minecraft:minecart":133,"minecraft:chest":81,"minecraft:birch_sapling":2,"minecraft:piston":41,"minecraft:copper_ore":309,"minecraft:raw_copper_block":5,"minecraft:egg":5,"minecraft:stone":16191,"minecraft:spruce_fence":1,"minecraft:white_dye":64,"minecraft:carrot":74,"minecraft:redstone":2663,"minecraft:netherite_pickaxe":4,"minecraft:prismarine_crystals":13,"minecraft:tnt":26,"minecraft:diamond_chestplate":6,"minecraft:cooked_cod":8,"minecraft:beetroot_seeds":1,"minecraft:tube_coral_fan":5,"minecraft:deepslate_bricks":155,"minecraft:shears":1,"minecraft:diamond_boots":6,"minecraft:hay_block":8,"minecraft:gold_ingot":289,"minecraft:totem_of_undying":130,"minecraft:polished_blackstone":5,"minecraft:glow_berries":15,"minecraft:white_wool":17,"minecraft:bone_block":131,"minecraft:rail":1598,"minecraft:crimson_slab":1,"minecraft:lapis_ore":9,"minecraft:blackstone_slab":1,"minecraft:red_mushroom":2,"minecraft:oak_log":340,"minecraft:ancient_debris":101,"minecraft:golden_boots":3,"minecraft:blue_bed":1,"minecraft:white_banner":273,"minecraft:apple":2,"minecraft:stone_bricks":38,"minecraft:kelp":20,"minecraft:warped_stem":14,"minecraft:iron_ore":65,"minecraft:glass_bottle":316,"minecraft:gray_bed":14,"minecraft:iron_sword":2,"minecraft:flowering_azalea":8,"minecraft:smooth_basalt":9,"minecraft:milk_bucket":19,"minecraft:sweet_berries":278,"minecraft:red_wool":2,"minecraft:spyglass":1,"minecraft:gravel":16672,"minecraft:spruce_sapling":318,"minecraft:spruce_log":171,"minecraft:sea_lantern":4,"minecraft:leather_helmet":5,"minecraft:firework_rocket":153,"minecraft:diamond_shovel":7,"minecraft:coal_ore":107,"minecraft:purple_bed":7,"minecraft:slime_ball":352,"minecraft:diamond_axe":6,"minecraft:deepslate_redstone_ore":2,"minecraft:birch_sign":60,"minecraft:gray_wool":72,"minecraft:warped_roots":3,"minecraft:oak_button":5,"minecraft:lodestone":1,"minecraft:melon_seeds":3,"minecraft:warped_nylium":5,"minecraft:crimson_nylium":1,"minecraft:pink_dye":2,"minecraft:hopper":52,"minecraft:ender_pearl":16,"minecraft:shulker_shell":32,"minecraft:wheat":170,"minecraft:redstone_block":79,"minecraft:ender_chest":52,"minecraft:dead_horn_coral_fan":29,"minecraft:potion":19,"minecraft:gilded_blackstone":1,"minecraft:stone_brick_stairs":3,"minecraft:crimson_planks":4,"minecraft:raw_copper":759,"minecraft:sticky_piston":55,"minecraft:netherite_ingot":5,"minecraft:oak_sign":3,"minecraft:sea_pickle":2,"minecraft:activator_rail":2,"minecraft:comparator":9,"minecraft:bucket":13,"minecraft:rose_bush":2,"minecraft:redstone_torch":61,"minecraft:cobblestone_slab":316,"minecraft:ender_eye":1,"minecraft:calcite":2,"minecraft:azalea":11,"minecraft:iron_pickaxe":2,"minecraft:smooth_quartz":2,"minecraft:deepslate_iron_ore":6,"minecraft:furnace":30,"minecraft:stick":960,"minecraft:orange_shulker_box":1,"minecraft:deepslate_brick_wall":8,"minecraft:birch_trapdoor":2,"minecraft:oak_fence":4,"minecraft:torch":261,"minecraft:snow_block":197,"minecraft:netherite_shovel":1,"minecraft:target":1,"minecraft:pointed_dripstone":8,"minecraft:diorite":1626,"minecraft:nether_gold_ore":26,"minecraft:rotten_flesh":826,"minecraft:deepslate_copper_ore":5,"minecraft:fire_coral_fan":15,"minecraft:deepslate_brick_stairs":3,"minecraft:obsidian":232,"minecraft:cod":1,"minecraft:cobblestone":10111,"minecraft:repeater":67,"minecraft:magma_cream":13,"minecraft:andesite":1073,"minecraft:beacon":2,"minecraft:potato":10,"minecraft:tuff":701,"minecraft:prismarine_bricks":121,"minecraft:wither_skeleton_skull":1,"minecraft:horn_coral":2,"minecraft:acacia_boat":1,"minecraft:lapis_lazuli":151,"minecraft:dirt":1463,"minecraft:polished_granite":2,"minecraft:name_tag":3,"minecraft:glass":185,"minecraft:bone":137,"minecraft:acacia_planks":296,"minecraft:bow":11,"minecraft:wheat_seeds":567,"minecraft:cobbled_deepslate_wall":57,"minecraft:deepslate_brick_slab":57,"minecraft:raw_gold":22,"minecraft:cobbled_deepslate_slab":4,"minecraft:netherite_axe":1,"minecraft:powered_rail":498,"minecraft:prismarine":62,"minecraft:oak_planks":32,"minecraft:brain_coral":2,"minecraft:ghast_tear":10,"minecraft:cooked_porkchop":380,"minecraft:poisonous_potato":14,"minecraft:sand":3926,"minecraft:jungle_planks":89,"minecraft:grass_block":401,"minecraft:diamond_block":2,"minecraft:shulker_box":156,"minecraft:mossy_cobblestone":4,"minecraft:dark_prismarine":4,"minecraft:clay":741,"minecraft:sugar":357,"minecraft:diamond":165,"minecraft:slime_block":185,"minecraft:spruce_boat":14,"minecraft:netherite_helmet":3,"minecraft:cracked_polished_blackstone_bricks":73,"minecraft:crossbow":64,"minecraft:bone_meal":8,"minecraft:golden_apple":2,"minecraft:white_concrete":1266,"minecraft:spruce_sign":4,"minecraft:emerald":691,"minecraft:oak_sapling":37,"minecraft:netherrack":13510,"minecraft:oak_leaves":15,"minecraft:nether_star":10,"minecraft:fishing_rod":1,"minecraft:cocoa_beans":1,"minecraft:azure_bluet":11,"minecraft:ladder":502,"minecraft:brown_mushroom":1,"minecraft:packed_ice":9536,"minecraft:gold_block":142,"minecraft:brick":1,"minecraft:shield":3,"minecraft:oak_trapdoor":162,"minecraft:stone_stairs":12,"minecraft:moss_carpet":100,"minecraft:iron_axe":71,"minecraft:birch_fence":11,"minecraft:magenta_wool":418,"minecraft:blackstone":363,"minecraft:detector_rail":30,"minecraft:oak_boat":54,"minecraft:player_head":454,"minecraft:observer":15,"minecraft:lectern":1,"minecraft:sugar_cane":2,"minecraft:spruce_trapdoor":62,"minecraft:phantom_membrane":37,"minecraft:raw_iron":1646,"minecraft:end_stone":8,"minecraft:polished_blackstone_bricks":80,"minecraft:stone_button":30,"minecraft:trident":1,"minecraft:dark_oak_planks":412,"minecraft:red_shulker_box":2,"minecraft:tube_coral":1,"minecraft:arrow":130,"minecraft:weeping_vines":1,"minecraft:nether_bricks":340,"minecraft:saddle":100,"minecraft:wet_sponge":32,"minecraft:netherite_boots":2,"minecraft:jungle_boat":13,"minecraft:basalt":554,"minecraft:golden_carrot":456,"minecraft:glow_ink_sac":8,"minecraft:crimson_stem":11,"minecraft:leather":2,"minecraft:music_disc_stal":1,"minecraft:birch_planks":295,"minecraft:ice":72,"minecraft:crimson_fungus":2,"minecraft:chainmail_chestplate":1,"minecraft:waxed_copper_block":1,"minecraft:cobblestone_wall":127,"minecraft:gunpowder":515,"minecraft:cobblestone_stairs":1,"minecraft:cooked_mutton":1,"minecraft:acacia_trapdoor":3,"minecraft:deepslate_emerald_ore":4,"minecraft:iron_ingot":107,"minecraft:acacia_sapling":3,"minecraft:soul_sand":47,"minecraft:scaffolding":243,"minecraft:oak_slab":9,"minecraft:warped_fungus":1,"minecraft:nether_quartz_ore":20,"minecraft:emerald_block":144,"minecraft:pumpkin":9,"minecraft:stone_brick_slab":1,"minecraft:quartz":3473,"minecraft:dandelion":2,"minecraft:dripstone_block":31,"minecraft:brain_coral_fan":11,"minecraft:amethyst_shard":16,"minecraft:white_bed":8,"minecraft:gold_ore":3,"minecraft:spider_eye":286,"minecraft:pumpkin_seeds":26,"minecraft:white_concrete_powder":13954,"minecraft:honey_block":9,"minecraft:chainmail_leggings":3,"minecraft:acacia_slab":4,"minecraft:coal":393},"minecraft:crafted":{"minecraft:ender_chest":4,"minecraft:oak_sign":12,"minecraft:purple_bed":18,"minecraft:melon":170,"minecraft:blaze_powder":2,"minecraft:birch_boat":54,"minecraft:slime_block":76,"minecraft:lever":41,"minecraft:diamond_shovel":3,"minecraft:shulker_box":16,"minecraft:quartz_block":479,"minecraft:glass":2536,"minecraft:repeater":91,"minecraft:netherite_boots":1,"minecraft:birch_fence_gate":81,"minecraft:stone_pressure_plate":32,"minecraft:gray_bed":102,"minecraft:glass_bottle":2220,"minecraft:furnace_minecart":2,"minecraft:redstone_lamp":1,"minecraft:emerald":3459,"minecraft:acacia_slab":102,"minecraft:smithing_table":1,"minecraft:cobbled_deepslate_wall":264,"minecraft:copper_ingot":63,"minecraft:sticky_piston":29,"minecraft:hay_block":3,"minecraft:campfire":1,"minecraft:stone_slab":396,"minecraft:compass":2,"minecraft:iron_pickaxe":5,"minecraft:iron_block":23,"minecraft:gold_ingot":479,"minecraft:netherite_ingot":25,"minecraft:composter":35,"minecraft:golden_carrot":819,"minecraft:stone_shovel":1,"minecraft:orange_shulker_box":4,"minecraft:spyglass":1,"minecraft:crimson_trapdoor":10,"minecraft:experience_bottle":36,"minecraft:bone_meal":4692,"minecraft:stone_stairs":36,"minecraft:netherite_axe":2,"minecraft:diamond":45,"minecraft:detector_rail":18,"minecraft:deepslate_brick_wall":72,"minecraft:ladder":21,"minecraft:spruce_slab":138,"minecraft:red_shulker_box":1,"minecraft:stone_pickaxe":1,"minecraft:spruce_boat":3,"minecraft:redstone_block":993,"minecraft:dark_oak_planks":816,"minecraft:wheat":99,"minecraft:crossbow":1,"minecraft:netherite_pickaxe":3,"minecraft:acacia_trapdoor":2,"minecraft:red_bed":18,"minecraft:glowstone":12,"minecraft:orange_dye":32,"minecraft:warped_fungus_on_a_stick":1,"minecraft:wooden_axe":1,"minecraft:birch_trapdoor":6,"minecraft:iron_leggings":1,"minecraft:white_bed":39,"minecraft:oak_planks":1784,"minecraft:cobblestone_slab":6534,"minecraft:cobblestone_stairs":8,"minecraft:stone":11,"minecraft:warped_planks":48,"minecraft:hopper":77,"minecraft:bow":23,"minecraft:iron_boots":2,"minecraft:comparator":1833,"minecraft:chest":229,"minecraft:netherite_helmet":1,"minecraft:oak_button":6,"minecraft:rail":192,"minecraft:ender_eye":1,"minecraft:oak_fence":15,"minecraft:golden_boots":2,"minecraft:dropper":3,"minecraft:oak_slab":54,"minecraft:map":1,"minecraft:crafting_table":24,"minecraft:spruce_planks":4976,"minecraft:iron_helmet":1,"minecraft:gold_block":35,"minecraft:hopper_minecart":5,"minecraft:acacia_button":1,"minecraft:brewing_stand":32,"minecraft:birch_planks":1776,"minecraft:dispenser":22,"minecraft:tnt":18,"minecraft:spruce_trapdoor":192,"minecraft:iron_chestplate":2,"minecraft:emerald_block":2675,"minecraft:paper":294,"minecraft:diamond_pickaxe":3,"minecraft:charcoal":4,"minecraft:shield":4,"minecraft:birch_fence":36,"minecraft:stick":5656,"minecraft:iron_ingot":651,"minecraft:redstone_torch":5809,"minecraft:sponge":13,"minecraft:shears":7,"minecraft:coal":27,"minecraft:redstone":5465,"minecraft:fishing_rod":2,"minecraft:tripwire_hook":2,"minecraft:netherite_sword":2,"minecraft:leather_boots":1,"minecraft:furnace":58,"minecraft:piston":36,"minecraft:dark_oak_trapdoor":2,"minecraft:dark_oak_sign":33,"minecraft:oak_trapdoor":24,"minecraft:diamond_block":2,"minecraft:glass_pane":16,"minecraft:flint_and_steel":2,"minecraft:scaffolding":618,"minecraft:netherite_chestplate":1,"minecraft:blue_ice":967,"minecraft:netherite_leggings":1,"minecraft:white_concrete_powder":27648,"minecraft:iron_axe":3,"minecraft:iron_hoe":1,"minecraft:slime_ball":117,"minecraft:cobblestone_wall":546,"minecraft:honey_block":101,"minecraft:netherite_scrap":102,"minecraft:birch_sign":48,"minecraft:minecart":10,"minecraft:observer":6,"minecraft:cooked_beef":0,"minecraft:red_dye":1,"minecraft:magenta_bed":146,"minecraft:bone_block":56,"minecraft:crimson_planks":44,"minecraft:diamond_sword":3,"minecraft:jungle_wood":3,"minecraft:spruce_sign":9,"minecraft:powered_rail":474,"minecraft:activator_rail":6,"minecraft:bucket":6,"minecraft:stone_axe":1,"minecraft:lodestone":1,"minecraft:air":0,"minecraft:acacia_boat":1,"minecraft:bread":2764,"minecraft:jungle_planks":848,"minecraft:oak_boat":15,"minecraft:white_dye":3520,"minecraft:netherite_shovel":2,"minecraft:anvil":5,"minecraft:acacia_planks":1356,"minecraft:torch":792,"minecraft:lapis_lazuli":54,"minecraft:firework_rocket":549},"minecraft:mined":{"minecraft:dead_horn_coral_fan":25,"minecraft:red_shulker_box":2,"minecraft:white_bed":6,"minecraft:fire_coral_wall_fan":15,"minecraft:jungle_leaves":1,"minecraft:obsidian":118,"minecraft:carved_pumpkin":7,"minecraft:granite":4031,"minecraft:acacia_log":356,"minecraft:crimson_trapdoor":2,"minecraft:horn_coral_fan":5,"minecraft:deepslate_bricks":184,"minecraft:hopper":48,"minecraft:crimson_fungus":2,"minecraft:oak_wall_sign":2,"minecraft:spawner":4,"minecraft:weeping_vines_plant":1,"minecraft:polished_blackstone_bricks":73,"minecraft:tall_seagrass":6,"minecraft:magma_block":58,"minecraft:sticky_piston":60,"minecraft:cobbled_deepslate":243,"minecraft:fire":463,"minecraft:dead_fire_coral_wall_fan":17,"minecraft:moss_carpet":77,"minecraft:deepslate_lapis_ore":15,"minecraft:cave_vines":18,"minecraft:oak_sign":1,"minecraft:deepslate_brick_stairs":4,"minecraft:jungle_trapdoor":54,"minecraft:piston_head":11,"minecraft:kelp_plant":2,"minecraft:deepslate_brick_wall":9,"minecraft:crimson_nylium":2,"minecraft:soul_fire":4,"minecraft:amethyst_cluster":2,"minecraft:powder_snow":19,"minecraft:torch":67,"minecraft:spruce_wall_sign":1,"minecraft:glass":108,"minecraft:tube_coral_fan":1,"minecraft:amethyst_block":1,"minecraft:repeater":64,"minecraft:wheat":206,"minecraft:magenta_bed":1,"minecraft:waxed_copper_block":1,"minecraft:warped_fungus":1,"minecraft:stone_brick_stairs":3,"minecraft:copper_block":1,"minecraft:grass":443,"minecraft:smooth_quartz":2,"minecraft:smooth_basalt":12,"minecraft:piston":28,"minecraft:deepslate":9229,"minecraft:infested_deepslate":1,"minecraft:dark_prismarine":2,"minecraft:mossy_cobblestone":4,"minecraft:dark_oak_log":70,"minecraft:cyan_stained_glass":22,"minecraft:sea_lantern":4,"minecraft:shulker_box":155,"minecraft:birch_fence_gate":14,"minecraft:nether_bricks":354,"minecraft:spruce_fence":1,"minecraft:jungle_planks":90,"minecraft:crimson_roots":5,"minecraft:orange_shulker_box":1,"minecraft:redstone_wire":321,"minecraft:kelp":1,"minecraft:red_mushroom":2,"minecraft:moss_block":316,"minecraft:horn_coral_wall_fan":25,"minecraft:white_concrete_powder":10,"minecraft:horn_coral":2,"minecraft:redstone_ore":49,"minecraft:acacia_trapdoor":3,"minecraft:snow":19,"minecraft:andesite":4476,"minecraft:big_dripleaf_stem":2,"minecraft:potatoes":7,"minecraft:vine":11,"minecraft:rail":761,"minecraft:respawn_anchor":2,"minecraft:cobblestone_slab":254,"minecraft:warped_stem":14,"minecraft:brain_coral_wall_fan":9,"minecraft:brain_coral":2,"minecraft:ender_chest":50,"minecraft:oak_slab":8,"minecraft:redstone_block":7,"minecraft:comparator":8,"minecraft:soul_sand":45,"minecraft:stone_brick_slab":1,"minecraft:observer":17,"minecraft:dandelion":2,"minecraft:fire_coral":2,"minecraft:cobbled_deepslate_wall":66,"minecraft:spruce_button":1,"minecraft:emerald_ore":1,"minecraft:sponge":3,"minecraft:dropper":5,"minecraft:warped_roots":3,"minecraft:crimson_slab":1,"minecraft:lightning_rod":1,"minecraft:brain_coral_fan":3,"minecraft:copper_ore":535,"minecraft:tall_grass":40,"minecraft:deepslate_gold_ore":24,"minecraft:diorite":4970,"minecraft:warped_wart_block":17,"minecraft:purple_wool":1,"minecraft:purple_bed":7,"minecraft:cobblestone_wall":94,"minecraft:dark_oak_wall_sign":4,"minecraft:purple_stained_glass":1,"minecraft:spruce_log":174,"minecraft:birch_leaves":11,"minecraft:dark_oak_sign":1,"minecraft:gravel":17400,"minecraft:dripstone_block":28,"minecraft:cobweb":14,"minecraft:acacia_planks":42,"minecraft:birch_sign":6,"minecraft:oak_button":4,"minecraft:polished_blackstone":3,"minecraft:stone_bricks":12,"minecraft:gold_ore":37,"minecraft:chipped_anvil":5,"minecraft:deepslate_emerald_ore":8,"minecraft:infested_stone":5,"minecraft:fern":2,"minecraft:spruce_planks":59,"minecraft:oak_sapling":3,"minecraft:cobblestone_stairs":1,"minecraft:brewing_stand":25,"minecraft:spruce_trapdoor":79,"minecraft:cave_vines_plant":22,"minecraft:grass_block":644,"minecraft:cracked_polished_blackstone_bricks":83,"minecraft:white_concrete":13090,"minecraft:bubble_coral_fan":4,"minecraft:composter":4,"minecraft:glowstone":14,"minecraft:iron_ore":926,"minecraft:anvil":1,"minecraft:azure_bluet":4,"minecraft:pointed_dripstone":4,"minecraft:birch_wall_sign":25,"minecraft:azalea":3,"minecraft:deepslate_redstone_ore":265,"minecraft:blackstone":349,"minecraft:clay":3168,"minecraft:dead_fire_coral_fan":15,"minecraft:calcite":3,"minecraft:poppy":5,"minecraft:beacon":2,"minecraft:chest":55,"minecraft:cobblestone":2486,"minecraft:nether_quartz_ore":1695,"minecraft:slime_block":202,"minecraft:prismarine":71,"minecraft:oak_planks":37,"minecraft:wall_torch":31,"minecraft:cauldron":1,"minecraft:seagrass":2,"minecraft:stone_stairs":12,"minecraft:fire_coral_fan":1,"minecraft:warped_nylium":18,"minecraft:powered_rail":174,"minecraft:birch_trapdoor":2,"minecraft:birch_log":6,"minecraft:blue_ice":135,"minecraft:tnt":28,"minecraft:oak_log":371,"minecraft:beetroots":1,"minecraft:sand":4024,"minecraft:dirt":2012,"minecraft:raw_copper_block":8,"minecraft:dispenser":5,"minecraft:netherrack":14459,"minecraft:ancient_debris":101,"minecraft:oak_leaves":142,"minecraft:emerald_block":71,"minecraft:redstone_lamp":2,"minecraft:nether_gold_ore":57,"minecraft:tube_coral":1,"minecraft:diamond_ore":10,"minecraft:tuff":742,"minecraft:dark_oak_leaves":1,"minecraft:deepslate_diamond_ore":162,"minecraft:glow_lichen":1,"minecraft:lever":34,"minecraft:ladder":10,"minecraft:tube_coral_wall_fan":6,"minecraft:stone_button":1,"minecraft:weeping_vines":1,"minecraft:spruce_leaves":29,"minecraft:acacia_slab":4,"minecraft:rooted_dirt":10,"minecraft:dead_horn_coral_wall_fan":6,"minecraft:crimson_stem":11,"minecraft:large_fern":9,"minecraft:hay_block":8,"minecraft:deepslate_brick_slab":58,"minecraft:oak_trapdoor":215,"minecraft:furnace":27,"minecraft:carrots":24,"minecraft:nether_sprouts":4,"minecraft:polished_basalt":2,"minecraft:detector_rail":14,"minecraft:gold_block":142,"minecraft:deepslate_iron_ore":111,"minecraft:lantern":4,"minecraft:packed_ice":8661,"minecraft:wet_sponge":41,"minecraft:stone":48836,"minecraft:redstone_wall_torch":6,"minecraft:scaffolding":133,"minecraft:acacia_leaves":12,"minecraft:flowering_azalea":3,"minecraft:red_wool":1,"minecraft:snow_block":207,"minecraft:basalt":449,"minecraft:polished_granite":2,"minecraft:oak_fence":4,"minecraft:crafting_table":45,"minecraft:cyan_stained_glass_pane":1,"minecraft:honey_block":9,"minecraft:blackstone_slab":1,"minecraft:rose_bush":3,"minecraft:lectern":1,"minecraft:stone_slab":136,"minecraft:lapis_ore":61,"minecraft:blue_bed":1,"minecraft:prismarine_bricks":99,"minecraft:birch_planks":14,"minecraft:bubble_coral":3,"minecraft:sea_pickle":1,"minecraft:redstone_torch":22,"minecraft:sweet_berry_bush":14,"minecraft:ice":75,"minecraft:gray_bed":4,"minecraft:bee_nest":5,"minecraft:coal_ore":419,"minecraft:cocoa":1,"minecraft:bubble_coral_wall_fan":10,"minecraft:lodestone":1,"minecraft:small_dripleaf":1,"minecraft:birch_fence":13},"minecraft:broken":{"minecraft:diamond_pickaxe":1,"minecraft:stone_shovel":1},"minecraft:dropped":{"minecraft:clay":816,"minecraft:iron_sword":2,"minecraft:lapis_lazuli":103,"minecraft:glow_ink_sac":107,"minecraft:glass_bottle":5,"minecraft:diamond":44,"minecraft:crafting_table":1,"minecraft:cooked_porkchop":47,"minecraft:crossbow":16,"minecraft:glow_berries":1,"minecraft:warped_roots":2,"minecraft:saddle":22,"minecraft:rail":169,"minecraft:leather_helmet":5,"minecraft:emerald":249,"minecraft:dirt":835,"minecraft:raw_copper_block":5,"minecraft:stone_button":6,"minecraft:netherite_boots":1,"minecraft:horn_coral":2,"minecraft:gold_nugget":154,"minecraft:phantom_membrane":24,"minecraft:sand":104,"minecraft:purple_wool":1,"minecraft:sugar":8,"minecraft:iron_pickaxe":3,"minecraft:dark_oak_planks":252,"minecraft:fishing_rod":2,"minecraft:white_wool":26,"minecraft:bone":160,"minecraft:compass":1,"minecraft:emerald_block":202,"minecraft:sugar_cane":5,"minecraft:ancient_debris":1,"minecraft:diamond_block":1,"minecraft:lever":4,"minecraft:golden_chestplate":2,"minecraft:detector_rail":4,"minecraft:cobbled_deepslate":1733,"minecraft:pink_dye":2,"minecraft:wheat":7,"minecraft:obsidian":641,"minecraft:deepslate_brick_slab":1,"minecraft:rotten_flesh":855,"minecraft:oak_planks":5,"minecraft:pink_carpet":2,"minecraft:netherite_shovel":1,"minecraft:glowstone_dust":26,"minecraft:end_stone":8,"minecraft:blaze_powder":1,"minecraft:white_bed":18,"minecraft:jungle_trapdoor":19,"minecraft:azure_bluet":9,"minecraft:warped_planks":6,"minecraft:deepslate_copper_ore":11,"minecraft:coal_ore":77,"minecraft:leather_boots":1,"minecraft:acacia_sapling":3,"minecraft:spruce_slab":2,"minecraft:warped_wart_block":17,"minecraft:ghast_tear":3,"minecraft:lectern":1,"minecraft:egg":4,"minecraft:crimson_planks":8,"minecraft:enchanted_book":11,"minecraft:golden_boots":3,"minecraft:iron_ingot":28,"minecraft:netherite_pickaxe":2,"minecraft:wheat_seeds":124,"minecraft:tnt":5,"minecraft:copper_block":1,"minecraft:deepslate_brick_wall":2,"minecraft:dripstone_block":10,"minecraft:netherite_helmet":1,"minecraft:netherite_chestplate":1,"minecraft:cobbled_deepslate_wall":49,"minecraft:cobblestone":3675,"minecraft:apple":5,"minecraft:granite":491,"minecraft:spruce_button":1,"minecraft:coal":228,"minecraft:gray_wool":5,"minecraft:golden_carrot":184,"minecraft:ink_sac":4,"minecraft:gray_bed":11,"minecraft:rose_bush":1,"minecraft:lapis_ore":9,"minecraft:potion":4,"minecraft:pumpkin":5,"minecraft:white_banner":105,"minecraft:iron_shovel":3,"minecraft:chainmail_leggings":3,"minecraft:paper":39,"minecraft:string":193,"minecraft:acacia_planks":1,"minecraft:spruce_sapling":3,"minecraft:snow_block":102,"minecraft:moss_carpet":83,"minecraft:soul_soil":7,"minecraft:player_head":100,"minecraft:netherite_ingot":12,"minecraft:stone_sword":1,"minecraft:cobblestone_wall":12,"minecraft:dark_oak_sign":18,"minecraft:deepslate":1050,"minecraft:sticky_piston":2,"minecraft:experience_bottle":64,"minecraft:white_carpet":5,"minecraft:clay_ball":24,"minecraft:iron_boots":1,"minecraft:slime_block":5,"minecraft:stone_slab":260,"minecraft:name_tag":3,"minecraft:cobbled_deepslate_slab":3,"minecraft:nether_bricks":212,"minecraft:oak_sign":1,"minecraft:diamond_sword":8,"minecraft:big_dripleaf":3,"minecraft:potato":67,"minecraft:cobblestone_slab":893,"minecraft:spruce_boat":3,"minecraft:stone":5835,"minecraft:sea_pickle":2,"minecraft:crimson_slab":1,"minecraft:spruce_trapdoor":48,"minecraft:spruce_planks":35,"minecraft:diamond_pickaxe":4,"minecraft:redstone_torch":1,"minecraft:stone_bricks":16,"minecraft:spider_eye":80,"minecraft:bow":8,"minecraft:magma_block":48,"minecraft:crimson_nylium":1,"minecraft:gold_ore":3,"minecraft:spruce_sign":1,"minecraft:warped_stem":2,"minecraft:brown_mushroom":1,"minecraft:moss_block":77,"minecraft:soul_sand":38,"minecraft:birch_planks":135,"minecraft:oak_log":5,"minecraft:baked_potato":6,"minecraft:ender_pearl":2,"minecraft:nether_star":10,"minecraft:red_wool":2,"minecraft:jungle_planks":159,"minecraft:cod":1,"minecraft:flint":7,"minecraft:orange_glazed_terracotta":64,"minecraft:cracked_polished_blackstone_bricks":2,"minecraft:deepslate_gold_ore":10,"minecraft:packed_ice":43,"minecraft:ice":8,"minecraft:crimson_roots":3,"minecraft:cooked_cod":1,"minecraft:snowball":30,"minecraft:gilded_blackstone":1,"minecraft:amethyst_shard":16,"minecraft:tube_coral":1,"minecraft:gold_ingot":3,"minecraft:gravel":865,"minecraft:blackstone":258,"minecraft:spyglass":2,"minecraft:twisting_vines":2,"minecraft:pointed_dripstone":4,"minecraft:diamond_shovel":5,"minecraft:honey_bottle":1,"minecraft:carrot":2,"minecraft:chiseled_stone_bricks":56,"minecraft:poppy":239,"minecraft:leather_chestplate":1,"minecraft:trident":1,"minecraft:gunpowder":154,"minecraft:birch_trapdoor":2,"minecraft:azalea":10,"minecraft:chest":4,"minecraft:iron_ore":65,"minecraft:basalt":437,"minecraft:arrow":165,"minecraft:prismarine_bricks":1,"minecraft:quartz":55,"minecraft:oak_leaves":3,"minecraft:written_book":1,"minecraft:magenta_wool":69,"minecraft:netherrack":8455,"minecraft:purple_carpet":2,"minecraft:water_bucket":2,"minecraft:bread":3116,"minecraft:golden_helmet":1,"minecraft:deepslate_iron_ore":6,"minecraft:mossy_cobblestone":4,"minecraft:minecart":8,"minecraft:netherite_axe":1,"minecraft:prismarine_shard":11,"minecraft:jungle_wood":6,"minecraft:observer":1,"minecraft:amethyst_block":5,"minecraft:activator_rail":8,"minecraft:tropical_fish":1,"minecraft:grass_block":57,"minecraft:magenta_bed":1,"minecraft:stick":573,"minecraft:diorite":1272,"minecraft:milk_bucket":9,"minecraft:nether_gold_ore":24,"minecraft:torch":26,"minecraft:repeater":30,"minecraft:melon_slice":12,"minecraft:flowering_azalea":4,"minecraft:iron_axe":27,"minecraft:tripwire_hook":1,"minecraft:bucket":17,"minecraft:music_disc_cat":1,"minecraft:dandelion":2,"minecraft:smooth_basalt":3,"minecraft:redstone":181,"minecraft:sweet_berries":57,"minecraft:bubble_coral":3,"minecraft:kelp":9,"minecraft:warped_nylium":5,"minecraft:oak_trapdoor":23,"minecraft:blaze_rod":10,"minecraft:raw_copper":786,"minecraft:tuff":132,"minecraft:raw_iron":150,"minecraft:cyan_stained_glass_pane":186,"minecraft:totem_of_undying":38,"minecraft:netherite_leggings":1,"minecraft:copper_ore":309,"minecraft:filled_map":1,"minecraft:snow":7,"minecraft:oak_button":3,"minecraft:andesite":1009,"minecraft:fire_coral":1,"minecraft:blue_ice":1424,"minecraft:oak_sapling":3,"minecraft:golden_sword":92,"minecraft:brain_coral":2,"minecraft:gray_concrete_powder":1,"minecraft:spruce_log":2,"minecraft:slime_ball":43,"minecraft:raw_gold":3,"minecraft:magma_cream":12,"minecraft:nether_quartz_ore":12,"minecraft:nautilus_shell":1,"minecraft:calcite":2,"minecraft:brick":1},"minecraft:killed":{"minecraft:cave_spider":2,"minecraft:skeleton":74,"minecraft:guardian":7,"minecraft:fox":1,"minecraft:chicken":1,"minecraft:magma_cube":35,"minecraft:pillager":15693,"minecraft:goat":1,"minecraft:zombie":76,"minecraft:glow_squid":2,"minecraft:evoker":2693,"minecraft:vindicator":12449,"minecraft:enderman":6,"minecraft:zombified_piglin":3145,"minecraft:witch":3851,"minecraft:spider":25,"minecraft:wither":11,"minecraft:axolotl":3,"minecraft:silverfish":3,"minecraft:piglin_brute":2,"minecraft:piglin":7,"minecraft:zombie_villager":2,"minecraft:strider":5,"minecraft:creeper":41,"minecraft:ghast":7,"minecraft:blaze":8,"minecraft:vex":11,"minecraft:slime":132,"minecraft:phantom":34,"minecraft:drowned":1,"minecraft:bat":3,"minecraft:wither_skeleton":9,"minecraft:villager":1},"minecraft:used":{"minecraft:moss_block":21,"minecraft:polished_blackstone":1,"minecraft:dispenser":27,"minecraft:ladder":215,"minecraft:spruce_slab":6,"minecraft:poppy":40,"minecraft:chest":176,"minecraft:stone":3243,"minecraft:soul_sand":13,"minecraft:orange_wool":9,"minecraft:deepslate_brick_slab":309,"minecraft:acacia_button":1,"minecraft:azure_bluet":2,"minecraft:weeping_vines":1,"minecraft:spruce_boat":10,"minecraft:honeycomb":1,"minecraft:netherite_shovel":5568,"minecraft:packed_ice":23,"minecraft:honey_block":34,"minecraft:lava_bucket":3,"minecraft:red_wool":10,"minecraft:grass_block":90,"minecraft:orange_shulker_box":1,"minecraft:pink_wool":9,"minecraft:stone_brick_stairs":3,"minecraft:music_disc_stal":1,"minecraft:bow":286,"minecraft:furnace":60,"minecraft:sweet_berries":166,"minecraft:oak_sapling":30,"minecraft:egg":10,"minecraft:deepslate_brick_wall":365,"minecraft:diorite":405,"minecraft:warped_fungus_on_a_stick":565,"minecraft:powered_rail":668,"minecraft:acacia_trapdoor":4,"minecraft:prismarine":28,"minecraft:blackstone":40,"minecraft:composter":20,"minecraft:clay":2,"minecraft:jungle_boat":9,"minecraft:oak_leaves":12,"minecraft:respawn_anchor":1,"minecraft:golden_apple":1,"minecraft:sand":1,"minecraft:blue_ice":39,"minecraft:deepslate_brick_stairs":32,"minecraft:lightning_rod":1,"minecraft:birch_fence":45,"minecraft:stone_button":58,"minecraft:diamond_sword":15588,"minecraft:smithing_table":1,"minecraft:oak_boat":60,"minecraft:compass":3,"minecraft:oak_trapdoor":37,"minecraft:purple_wool":10,"minecraft:carved_pumpkin":7,"minecraft:netherrack":5166,"minecraft:torch":739,"minecraft:brewing_stand":52,"minecraft:anvil":5,"minecraft:target":1,"minecraft:nether_quartz_ore":2,"minecraft:stone_stairs":20,"minecraft:jungle_trapdoor":33,"minecraft:golden_shovel":1,"minecraft:red_shulker_box":3,"minecraft:flowering_azalea":3,"minecraft:chipped_anvil":5,"minecraft:rooted_dirt":1,"minecraft:iron_block":28,"minecraft:iron_axe":93,"minecraft:spruce_button":1,"minecraft:slime_block":236,"minecraft:smooth_quartz":2,"minecraft:totem_of_undying":5,"minecraft:smooth_basalt":5,"minecraft:diamond_chestplate":5,"minecraft:glowstone":12,"minecraft:basalt":35,"minecraft:magenta_wool":9,"minecraft:pointed_dripstone":3,"minecraft:cobbled_deepslate":2187,"minecraft:acacia_planks":1072,"minecraft:horn_coral_fan":26,"minecraft:observer":21,"minecraft:wheat_seeds":199,"minecraft:water_bucket":691,"minecraft:birch_planks":30,"minecraft:lime_wool":9,"minecraft:leather_boots":1,"minecraft:deepslate_bricks":1061,"minecraft:polished_blackstone_bricks":23,"minecraft:crimson_trapdoor":14,"minecraft:rail":821,"minecraft:comparator":66,"minecraft:tnt":24,"minecraft:oak_slab":9,"minecraft:crafting_table":66,"minecraft:red_bed":18,"minecraft:birch_sign":98,"minecraft:white_bed":46,"minecraft:campfire":1,"minecraft:spruce_log":55,"minecraft:oak_log":3,"minecraft:dark_prismarine":4,"minecraft:diamond_pickaxe":33698,"minecraft:diamond_shovel":21783,"minecraft:oak_button":8,"minecraft:iron_pickaxe":1409,"minecraft:spruce_trapdoor":181,"minecraft:spruce_sapling":154,"minecraft:cobblestone":7779,"minecraft:potion":2,"minecraft:purple_bed":26,"minecraft:cooked_porkchop":292,"minecraft:diamond_leggings":6,"minecraft:glass_pane":1,"minecraft:moss_carpet":3,"minecraft:oak_sign":20,"minecraft:polished_basalt":2,"minecraft:white_concrete_powder":13370,"minecraft:shield":17,"minecraft:player_head":3,"minecraft:iron_chestplate":4,"minecraft:jungle_planks":1,"minecraft:nether_bricks":144,"minecraft:carrot":66,"minecraft:furnace_minecart":2,"minecraft:tuff":114,"minecraft:cyan_wool":9,"minecraft:axolotl_bucket":1,"minecraft:obsidian":588,"minecraft:milk_bucket":42,"minecraft:glass":400,"minecraft:coal_ore":3,"minecraft:lantern":6,"minecraft:green_wool":9,"minecraft:iron_helmet":2,"minecraft:crimson_roots":1,"minecraft:hopper_minecart":5,"minecraft:stone_bricks":82,"minecraft:deepslate_diamond_ore":70,"minecraft:birch_trapdoor":5,"minecraft:repeater":91,"minecraft:redstone_lamp":3,"minecraft:magma_block":31,"minecraft:warped_fungus":1,"minecraft:written_book":4,"minecraft:scaffolding":504,"minecraft:gray_bed":105,"minecraft:gold_block":125,"minecraft:fire_coral_fan":15,"minecraft:golden_boots":2,"minecraft:diamond_boots":6,"minecraft:dropper":7,"minecraft:dark_oak_sign":23,"minecraft:oak_planks":45,"minecraft:ender_pearl":8,"minecraft:redstone_block":15,"minecraft:diamond_axe":1591,"minecraft:blue_bed":1,"minecraft:white_wool":9,"minecraft:netherite_leggings":1,"minecraft:light_blue_wool":9,"minecraft:crossbow":19,"minecraft:sponge":13,"minecraft:dripstone_block":2,"minecraft:shears":8,"minecraft:sticky_piston":79,"minecraft:redstone_torch":152,"minecraft:dead_fire_coral_fan":23,"minecraft:lever":66,"minecraft:firework_rocket":935,"minecraft:birch_fence_gate":64,"minecraft:dark_oak_log":3,"minecraft:bread":132,"minecraft:brown_wool":9,"minecraft:deepslate":580,"minecraft:gravel":28,"minecraft:golden_helmet":1,"minecraft:blackstone_slab":1,"minecraft:jungle_sign":1,"minecraft:pufferfish_bucket":1,"minecraft:dead_horn_coral_fan":5,"minecraft:andesite":327,"minecraft:golden_pickaxe":2,"minecraft:white_concrete":2074,"minecraft:bone_meal":302,"minecraft:experience_bottle":125,"minecraft:oak_fence":11,"minecraft:azalea":1,"minecraft:trident":1,"minecraft:netherite_sword":1445,"minecraft:flint_and_steel":8,"minecraft:stone_shovel":138,"minecraft:redstone":497,"minecraft:spruce_planks":1345,"minecraft:ender_chest":55,"minecraft:deepslate_gold_ore":2,"minecraft:spyglass":45,"minecraft:dirt":3271,"minecraft:hopper":151,"minecraft:prismarine_bricks":11,"minecraft:diamond_helmet":7,"minecraft:cobblestone_wall":300,"minecraft:bee_nest":20,"minecraft:shulker_box":169,"minecraft:spruce_fence":1,"minecraft:granite":427,"minecraft:iron_hoe":81,"minecraft:wooden_axe":2,"minecraft:acacia_slab":4,"minecraft:iron_boots":3,"minecraft:light_gray_wool":9,"minecraft:golden_carrot":908,"minecraft:emerald_block":71,"minecraft:minecart":89,"minecraft:netherite_pickaxe":86221,"minecraft:cooked_beef":25,"minecraft:pumpkin":7,"minecraft:iron_leggings":3,"minecraft:cobbled_deepslate_wall":134,"minecraft:acacia_boat":1,"minecraft:cooked_mutton":1,"minecraft:cobblestone_stairs":5,"minecraft:lodestone":2,"minecraft:glass_bottle":3,"minecraft:blue_wool":9,"minecraft:copper_block":1,"minecraft:spruce_sign":12,"minecraft:beacon":2,"minecraft:cobblestone_slab":5790,"minecraft:waxed_copper_block":1,"minecraft:magenta_bed":98,"minecraft:red_mushroom":1,"minecraft:cyan_stained_glass":845,"minecraft:warped_planks":14,"minecraft:nether_gold_ore":2,"minecraft:purple_stained_glass":10,"minecraft:piston":42,"minecraft:black_wool":9,"minecraft:apple":29,"minecraft:cracked_polished_blackstone_bricks":46,"minecraft:map":1,"minecraft:netherite_axe":552,"minecraft:detector_rail":34,"minecraft:stone_slab":720,"minecraft:golden_leggings":1,"minecraft:yellow_wool":9,"minecraft:stone_axe":28,"minecraft:fishing_rod":22,"minecraft:cyan_stained_glass_pane":153,"minecraft:bucket":705,"minecraft:pumpkin_pie":2,"minecraft:gray_wool":9,"minecraft:splash_potion":2}},"DataVersion":2975}