{"stats":{"minecraft:used":{"minecraft:moss_block":243,"minecraft:writable_book":103,"minecraft:dispenser":10,"minecraft:poppy":404,"minecraft:black_carpet":422,"minecraft:stone":1727,"minecraft:warped_sign":2,"minecraft:quartz_stairs":695,"minecraft:rotten_flesh":1,"minecraft:soul_sand":1,"minecraft:deepslate_brick_slab":23,"minecraft:snowball":168,"minecraft:azure_bluet":1,"minecraft:weeping_vines":2,"minecraft:spruce_boat":90,"minecraft:polished_blackstone_slab":170,"minecraft:packed_ice":9797,"minecraft:lava_bucket":14,"minecraft:quartz_pillar":977,"minecraft:red_wool":37,"minecraft:quartz_block":923,"minecraft:dark_oak_slab":5,"minecraft:diorite_wall":8,"minecraft:netherite_boots":5,"minecraft:bow":1034,"minecraft:oak_sapling":58,"minecraft:cooked_cod":368,"minecraft:acacia_fence":12,"minecraft:damaged_anvil":4,"minecraft:chorus_fruit":15,"minecraft:blackstone":188,"minecraft:composter":3,"minecraft:clay":59,"minecraft:jungle_boat":70,"minecraft:golden_apple":1,"minecraft:glow_berries":23,"minecraft:blast_furnace":1,"minecraft:gray_concrete":104,"minecraft:red_sandstone_wall":179,"minecraft:purple_concrete_powder":87,"minecraft:red_sandstone":14,"minecraft:birch_slab":2,"minecraft:flowering_azalea_leaves":14,"minecraft:nether_wart_block":136,"minecraft:diamond_sword":2020,"minecraft:smithing_table":1,"minecraft:oak_boat":12,"minecraft:polished_blackstone_brick_slab":535,"minecraft:enchanting_table":1,"minecraft:carved_pumpkin":4,"minecraft:tinted_glass":6,"minecraft:polished_blackstone_wall":40,"minecraft:torch":2113,"minecraft:brewing_stand":2,"minecraft:nether_quartz_ore":10,"minecraft:sea_lantern":64,"minecraft:chipped_anvil":5,"minecraft:iron_block":22,"minecraft:barrel":49,"minecraft:bamboo":45,"minecraft:diamond_chestplate":2,"minecraft:basalt":1191,"minecraft:podzol":5,"minecraft:calcite":49,"minecraft:wheat_seeds":1052,"minecraft:warped_stem":45,"minecraft:light_blue_shulker_box":75,"minecraft:cauldron":2,"minecraft:glow_ink_sac":17,"minecraft:spruce_fence_gate":159,"minecraft:deepslate_bricks":469,"minecraft:diamond_block":5,"minecraft:rail":465,"minecraft:red_bed":1,"minecraft:white_bed":168,"minecraft:spruce_log":1579,"minecraft:amethyst_cluster":1,"minecraft:diamond_pickaxe":43247,"minecraft:diamond_shovel":7020,"minecraft:acacia_sign":4,"minecraft:oak_button":5,"minecraft:suspicious_stew":4,"minecraft:leather_helmet":1,"minecraft:spruce_trapdoor":1305,"minecraft:spruce_sapling":186,"minecraft:blue_carpet":1,"minecraft:pink_bed":1,"minecraft:potion":37,"minecraft:purple_bed":1,"minecraft:cooked_porkchop":17,"minecraft:dandelion":1,"minecraft:diamond_leggings":3,"minecraft:moss_carpet":3,"minecraft:polished_basalt":72,"minecraft:nether_wart":178,"minecraft:grass":1,"minecraft:green_terracotta":118,"minecraft:spruce_leaves":175,"minecraft:pink_terracotta":159,"minecraft:obsidian":77,"minecraft:big_dripleaf":10,"minecraft:lantern":412,"minecraft:blue_orchid":1,"minecraft:green_wool":45,"minecraft:polished_blackstone_brick_wall":15,"minecraft:warped_nylium":32,"minecraft:light_blue_bed":1,"minecraft:item_frame":111,"minecraft:deepslate_diamond_ore":59,"minecraft:golden_sword":38,"minecraft:red_nether_brick_wall":14,"minecraft:written_book":44,"minecraft:blue_shulker_box":16,"minecraft:gold_block":263,"minecraft:end_rod":2,"minecraft:diamond_boots":4,"minecraft:gray_carpet":1,"minecraft:stone_pickaxe":194,"minecraft:oak_planks":78,"minecraft:sandstone":3,"minecraft:diamond_axe":5094,"minecraft:sugar_cane":7,"minecraft:white_wool":161,"minecraft:netherite_leggings":4,"minecraft:light_blue_concrete":9,"minecraft:mushroom_stew":1,"minecraft:light_blue_wool":7,"minecraft:yellow_concrete":48,"minecraft:deepslate_lapis_ore":1,"minecraft:end_stone":214,"minecraft:sticky_piston":3,"minecraft:lever":18,"minecraft:daylight_detector":1,"minecraft:bread":129,"minecraft:warped_slab":8,"minecraft:iron_door":1,"minecraft:deepslate":453,"minecraft:light_blue_concrete_powder":308,"minecraft:pufferfish_bucket":17,"minecraft:cooked_rabbit":4,"minecraft:chain":90,"minecraft:smooth_stone_slab":135,"minecraft:coarse_dirt":1702,"minecraft:bone_meal":191,"minecraft:netherite_sword":1713,"minecraft:granite_stairs":4,"minecraft:flint_and_steel":11,"minecraft:redstone":39,"minecraft:ender_chest":205,"minecraft:brown_shulker_box":12,"minecraft:cooked_chicken":133,"minecraft:dirt":10610,"minecraft:spruce_fence":224,"minecraft:iron_hoe":139,"minecraft:wooden_axe":15,"minecraft:minecart":3,"minecraft:netherite_pickaxe":61260,"minecraft:cooked_beef":652,"minecraft:pumpkin":4,"minecraft:cobbled_deepslate_wall":1,"minecraft:snow_block":159,"minecraft:baked_potato":155,"minecraft:red_nether_bricks":419,"minecraft:birch_boat":7,"minecraft:purple_glazed_terracotta":180,"minecraft:brown_mushroom":67,"minecraft:spruce_sign":126,"minecraft:warped_roots":6,"minecraft:magenta_bed":2,"minecraft:piston":12,"minecraft:flower_pot":263,"minecraft:black_wool":75,"minecraft:chicken":1,"minecraft:stone_slab":1219,"minecraft:yellow_wool":60,"minecraft:stone_axe":489,"minecraft:pink_shulker_box":7,"minecraft:gray_wool":85,"minecraft:spruce_slab":1579,"minecraft:polished_blackstone":89,"minecraft:elytra":9,"minecraft:ladder":29,"minecraft:chest":317,"minecraft:white_shulker_box":30,"minecraft:blue_stained_glass":6,"minecraft:orange_wool":22,"minecraft:acacia_sapling":26,"minecraft:stripped_spruce_log":71,"minecraft:honey_block":6,"minecraft:netherite_shovel":10167,"minecraft:grass_block":2946,"minecraft:orange_shulker_box":18,"minecraft:copper_ore":98,"minecraft:dark_oak_button":2,"minecraft:pink_wool":42,"minecraft:stone_brick_stairs":512,"minecraft:red_stained_glass_pane":88,"minecraft:snow":185,"minecraft:dark_oak_boat":3,"minecraft:sweet_berries":247,"minecraft:furnace":21,"minecraft:egg":205,"minecraft:potato":449,"minecraft:diorite":17,"minecraft:end_stone_bricks":1,"minecraft:spruce_door":47,"minecraft:red_stained_glass":666,"minecraft:powered_rail":102,"minecraft:purpur_pillar":14,"minecraft:dark_oak_trapdoor":3,"minecraft:blue_dye":2,"minecraft:purpur_stairs":2,"minecraft:sand":1117,"minecraft:smooth_red_sandstone":468,"minecraft:blue_ice":2,"minecraft:netherite_helmet":5,"minecraft:deepslate_tiles":452,"minecraft:crying_obsidian":14,"minecraft:stone_button":43,"minecraft:lectern":820,"minecraft:spore_blossom":25,"minecraft:red_terracotta":151,"minecraft:polished_granite":4,"minecraft:diamond_ore":2,"minecraft:white_stained_glass":792,"minecraft:ice":227,"minecraft:stone_sword":138,"minecraft:acacia_log":2,"minecraft:red_concrete":848,"minecraft:mycelium":34,"minecraft:netherrack":4608,"minecraft:light_gray_shulker_box":9,"minecraft:warped_wart_block":157,"minecraft:anvil":22,"minecraft:wheat":1,"minecraft:twisting_vines":1,"minecraft:glow_lichen":44,"minecraft:polished_diorite":230,"minecraft:small_dripleaf":5,"minecraft:shroomlight":15,"minecraft:red_shulker_box":30,"minecraft:flowering_azalea":3,"minecraft:cyan_shulker_box":22,"minecraft:iron_axe":266,"minecraft:slime_block":4,"minecraft:smooth_quartz":6,"minecraft:smooth_basalt":11,"minecraft:purple_concrete":4,"minecraft:magenta_wool":1,"minecraft:iron_trapdoor":40,"minecraft:cobbled_deepslate":438,"minecraft:observer":17,"minecraft:pointed_dripstone":2,"minecraft:crimson_stem":4,"minecraft:water_bucket":543,"minecraft:yellow_shulker_box":19,"minecraft:fletching_table":4,"minecraft:polished_blackstone_bricks":1339,"minecraft:gilded_blackstone":9,"minecraft:salmon":1,"minecraft:vine":74,"minecraft:oak_slab":1008,"minecraft:tnt":7,"minecraft:crafting_table":89,"minecraft:birch_sign":4,"minecraft:lime_shulker_box":8,"minecraft:cake":1,"minecraft:oak_log":7,"minecraft:cornflower":67,"minecraft:iron_pickaxe":3094,"minecraft:crimson_nylium":40,"minecraft:chiseled_stone_bricks":109,"minecraft:cobblestone":11227,"minecraft:glass_pane":672,"minecraft:brown_mushroom_block":5,"minecraft:sculk_vein":1,"minecraft:iron_shovel":848,"minecraft:diamond_hoe":1969,"minecraft:oak_sign":52,"minecraft:white_concrete_powder":1,"minecraft:shield":117,"minecraft:white_terracotta":2,"minecraft:iron_sword":502,"minecraft:purple_shulker_box":112,"minecraft:bell":3,"minecraft:player_head":82,"minecraft:sculk_sensor":2,"minecraft:white_candle":2,"minecraft:nether_bricks":143,"minecraft:carrot":811,"minecraft:tuff":256,"minecraft:axolotl_bucket":147,"minecraft:milk_bucket":4,"minecraft:glass":109,"minecraft:coal_ore":644,"minecraft:quartz_slab":269,"minecraft:gray_concrete_powder":967,"minecraft:crimson_roots":6,"minecraft:hopper_minecart":9,"minecraft:stone_bricks":2761,"minecraft:red_carpet":62,"minecraft:repeater":60,"minecraft:magma_block":4316,"minecraft:warped_fungus":19,"minecraft:scaffolding":1289,"minecraft:beetroot_seeds":2,"minecraft:stripped_spruce_wood":2,"minecraft:chiseled_polished_blackstone":114,"minecraft:dark_oak_sign":3,"minecraft:ender_pearl":23,"minecraft:redstone_block":7,"minecraft:blue_bed":21,"minecraft:large_amethyst_bud":1,"minecraft:note_block":110,"minecraft:stone_brick_wall":343,"minecraft:shears":1267,"minecraft:cobbled_deepslate_stairs":80,"minecraft:redstone_torch":36,"minecraft:black_concrete":1025,"minecraft:firework_rocket":2144,"minecraft:gray_shulker_box":29,"minecraft:light_gray_concrete":463,"minecraft:string":3,"minecraft:gravel":122,"minecraft:jungle_sign":1,"minecraft:smooth_red_sandstone_slab":24,"minecraft:grindstone":4,"minecraft:andesite":4,"minecraft:white_concrete":679,"minecraft:tropical_fish_bucket":48,"minecraft:experience_bottle":4,"minecraft:azalea":28,"minecraft:trident":1425,"minecraft:purpur_block":15,"minecraft:jungle_leaves":336,"minecraft:spruce_planks":898,"minecraft:sculk":2,"minecraft:spyglass":47,"minecraft:white_carpet":2003,"minecraft:hopper":1,"minecraft:spruce_stairs":256,"minecraft:cobblestone_wall":102,"minecraft:diamond_helmet":3,"minecraft:shulker_box":181,"minecraft:pink_carpet":160,"minecraft:granite":8,"minecraft:light_blue_stained_glass":8,"minecraft:stone_brick_slab":946,"minecraft:dark_oak_planks":48,"minecraft:bookshelf":413,"minecraft:acacia_slab":34,"minecraft:red_candle":3,"minecraft:polished_blackstone_brick_stairs":59,"minecraft:light_gray_wool":2,"minecraft:golden_carrot":531,"minecraft:white_stained_glass_pane":497,"minecraft:cooked_mutton":93,"minecraft:acacia_boat":3,"minecraft:amethyst_block":5,"minecraft:pink_tulip":1,"minecraft:glass_bottle":95,"minecraft:polished_andesite":292,"minecraft:netherite_chestplate":4,"minecraft:blue_wool":8,"minecraft:copper_block":294,"minecraft:black_shulker_box":56,"minecraft:magenta_stained_glass":2,"minecraft:white_dye":25,"minecraft:beacon":1,"minecraft:stonecutter":23,"minecraft:cobblestone_slab":3,"minecraft:terracotta":16,"minecraft:painting":28,"minecraft:smooth_red_sandstone_stairs":24,"minecraft:smoker":1,"minecraft:nether_gold_ore":4,"minecraft:purple_stained_glass":6,"minecraft:cracked_polished_blackstone_bricks":347,"minecraft:netherite_axe":5629,"minecraft:green_shulker_box":44,"minecraft:fishing_rod":14,"minecraft:bucket":994,"minecraft:polished_blackstone_button":2,"minecraft:smooth_stone":217,"minecraft:splash_potion":58},"minecraft:picked_up":{"minecraft:stone_slab":71,"minecraft:lead":83,"minecraft:enchanted_book":12,"minecraft:purple_shulker_box":33,"minecraft:polished_blackstone_brick_stairs":16,"minecraft:string":382,"minecraft:pufferfish":60,"minecraft:shroomlight":138,"minecraft:diamond_leggings":12,"minecraft:diamond_ore":2,"minecraft:polished_blackstone_brick_slab":71,"minecraft:polished_blackstone_stairs":3,"minecraft:big_dripleaf":110,"minecraft:purpur_pillar":14,"minecraft:acacia_log":164,"minecraft:cauldron":3,"minecraft:gray_shulker_box":28,"minecraft:golden_chestplate":9,"minecraft:green_terracotta":12,"minecraft:pink_terracotta":35,"minecraft:stone_sword":11,"minecraft:polished_basalt":60,"minecraft:blackstone_wall":2,"minecraft:red_tulip":26,"minecraft:carved_pumpkin":4,"minecraft:bookshelf":112,"minecraft:end_rod":4,"minecraft:white_terracotta":67,"minecraft:blaze_rod":120,"minecraft:snowball":1114,"minecraft:feather":311,"minecraft:cooked_beef":831,"minecraft:water_bucket":24,"minecraft:dark_oak_boat":4,"minecraft:copper_block":234,"minecraft:flint":187,"minecraft:purple_stained_glass":2,"minecraft:lantern":134,"minecraft:gray_concrete_powder":18,"minecraft:large_amethyst_bud":1,"minecraft:stonecutter":22,"minecraft:dark_oak_sign":4,"minecraft:diamond_helmet":6,"minecraft:honeycomb":22,"minecraft:glow_lichen":114,"minecraft:chiseled_polished_blackstone":73,"minecraft:stripped_spruce_log":110,"minecraft:brown_mushroom_block":51,"minecraft:iron_hoe":1,"minecraft:polished_andesite":3,"minecraft:deepslate":10162,"minecraft:lever":15,"minecraft:granite":678,"minecraft:rooted_dirt":2,"minecraft:crimson_roots":54,"minecraft:diamond_pickaxe":20,"minecraft:clay_ball":178,"minecraft:leather_leggings":6,"minecraft:purpur_block":21,"minecraft:cornflower":231,"minecraft:elytra":28,"minecraft:flint_and_steel":5,"minecraft:white_stained_glass":527,"minecraft:white_carpet":401,"minecraft:iron_shovel":1,"minecraft:polished_blackstone_wall":13,"minecraft:glass_pane":28,"minecraft:netherite_sword":16,"minecraft:jungle_sapling":1,"minecraft:poppy":31,"minecraft:spruce_slab":334,"minecraft:minecart":15,"minecraft:piston":14,"minecraft:diamond_hoe":1,"minecraft:copper_ore":186,"minecraft:lime_shulker_box":6,"minecraft:black_stained_glass":236,"minecraft:stone":25511,"minecraft:fire_charge":2,"minecraft:white_dye":13,"minecraft:netherite_pickaxe":27,"minecraft:cyan_shulker_box":21,"minecraft:red_nether_brick_wall":4,"minecraft:diamond_chestplate":6,"minecraft:hay_block":3,"minecraft:yellow_terracotta":2,"minecraft:totem_of_undying":1,"minecraft:polished_blackstone":16,"minecraft:mutton":195,"minecraft:bone_block":27,"minecraft:rail":445,"minecraft:oxeye_daisy":45,"minecraft:yellow_shulker_box":20,"minecraft:fern":1,"minecraft:blackstone_slab":1,"minecraft:purpur_stairs":4,"minecraft:lily_pad":16,"minecraft:sculk_vein":1,"minecraft:apple":104,"minecraft:warped_stem":270,"minecraft:spore_blossom":24,"minecraft:stone_pickaxe":3,"minecraft:iron_ore":34,"minecraft:magenta_stained_glass":1,"minecraft:smooth_basalt":171,"minecraft:milk_bucket":9,"minecraft:sweet_berries":1410,"minecraft:red_wool":29,"minecraft:crying_obsidian":37,"minecraft:leather_helmet":4,"minecraft:diamond_shovel":16,"minecraft:coal_ore":220,"minecraft:slime_ball":359,"minecraft:deepslate_redstone_ore":22,"minecraft:painting":26,"minecraft:birch_sign":4,"minecraft:baked_potato":305,"minecraft:hopper":10,"minecraft:black_carpet":201,"minecraft:light_blue_concrete":271,"minecraft:ender_chest":207,"minecraft:yellow_wool":179,"minecraft:gilded_blackstone":23,"minecraft:stone_brick_stairs":274,"minecraft:deepslate_lapis_ore":5,"minecraft:red_candle":3,"minecraft:experience_bottle":2,"minecraft:smooth_red_sandstone_slab":1,"minecraft:smooth_stone":20,"minecraft:bucket":26,"minecraft:white_tulip":49,"minecraft:red_dye":4,"minecraft:rose_bush":2,"minecraft:cobblestone_slab":1,"minecraft:azalea":36,"minecraft:iron_pickaxe":11,"minecraft:smooth_quartz":1,"minecraft:deepslate_iron_ore":41,"minecraft:blue_wool":81,"minecraft:spruce_stairs":165,"minecraft:netherite_shovel":13,"minecraft:diorite":973,"minecraft:vine":105,"minecraft:rotten_flesh":870,"minecraft:brown_shulker_box":12,"minecraft:obsidian":325,"minecraft:blaze_powder":1,"minecraft:cobblestone":4345,"minecraft:enchanting_table":1,"minecraft:leather_chestplate":4,"minecraft:lilac":9,"minecraft:repeater":40,"minecraft:andesite":2282,"minecraft:golden_leggings":5,"minecraft:beacon":1,"minecraft:potato":1979,"minecraft:dirt":3174,"minecraft:name_tag":1,"minecraft:glass":156,"minecraft:bone":731,"minecraft:orange_tulip":29,"minecraft:bow":63,"minecraft:wheat_seeds":3899,"minecraft:small_dripleaf":15,"minecraft:grindstone":1,"minecraft:netherite_axe":15,"minecraft:fletching_table":5,"minecraft:bamboo":643,"minecraft:red_sandstone_wall":35,"minecraft:light_blue_shulker_box":75,"minecraft:grass_block":3079,"minecraft:diamond_block":82,"minecraft:spectral_arrow":7,"minecraft:mossy_cobblestone":1,"minecraft:jungle_leaves":392,"minecraft:light_gray_terracotta":4,"minecraft:slime_block":68,"minecraft:netherite_helmet":9,"minecraft:cracked_polished_blackstone_bricks":507,"minecraft:bone_meal":212,"minecraft:grass":13,"minecraft:golden_apple":16,"minecraft:spruce_sign":104,"minecraft:emerald":1010,"minecraft:chorus_fruit":28,"minecraft:netherrack":14887,"minecraft:oak_leaves":207,"minecraft:azure_bluet":22,"minecraft:splash_potion":5,"minecraft:ladder":95,"minecraft:brown_mushroom":911,"minecraft:packed_ice":13179,"minecraft:pink_wool":701,"minecraft:stone_brick_wall":123,"minecraft:chain":28,"minecraft:shield":11,"minecraft:brick":21,"minecraft:moss_carpet":144,"minecraft:mycelium":81,"minecraft:blackstone":738,"minecraft:magenta_wool":528,"minecraft:blue_orchid":15,"minecraft:end_stone":231,"minecraft:flowering_azalea_leaves":14,"minecraft:note_block":28,"minecraft:polished_blackstone_bricks":812,"minecraft:cookie":10,"minecraft:trident":19,"minecraft:weeping_vines":50,"minecraft:red_shulker_box":30,"minecraft:nether_bricks":34,"minecraft:pink_tulip":40,"minecraft:black_banner":1,"minecraft:netherite_boots":17,"minecraft:jungle_boat":70,"minecraft:basalt":2015,"minecraft:dark_oak_button":1,"minecraft:golden_carrot":1249,"minecraft:leather":674,"minecraft:ice":765,"minecraft:granite_stairs":4,"minecraft:crimson_fungus":5,"minecraft:chainmail_chestplate":1,"minecraft:gunpowder":207,"minecraft:cobbled_deepslate_stairs":3,"minecraft:yellow_bed":1,"minecraft:cobblestone_wall":10,"minecraft:cooked_mutton":148,"minecraft:red_carpet":265,"minecraft:gray_carpet":1,"minecraft:rabbit_hide":4,"minecraft:iron_ingot":162,"minecraft:cooked_chicken":154,"minecraft:sculk_catalyst":2,"minecraft:tropical_fish_bucket":2,"minecraft:warped_fungus":19,"minecraft:nether_quartz_ore":25,"minecraft:stone_brick_slab":429,"minecraft:quartz":276,"minecraft:dandelion":48,"minecraft:lava_bucket":2,"minecraft:amethyst_shard":150,"minecraft:spruce_door":36,"minecraft:light_blue_concrete_powder":308,"minecraft:pumpkin_seeds":8,"minecraft:sculk_sensor":5,"minecraft:white_concrete_powder":1,"minecraft:chainmail_leggings":1,"minecraft:terracotta":83,"minecraft:damaged_anvil":5,"minecraft:netherite_hoe":1,"minecraft:wooden_axe":3,"minecraft:iron_chestplate":4,"minecraft:chainmail_boots":1,"minecraft:prismarine_shard":36,"minecraft:flower_pot":7,"minecraft:anvil":77,"minecraft:diamond_sword":12,"minecraft:brewing_stand":1,"minecraft:golden_sword":111,"minecraft:amethyst_block":51,"minecraft:dark_oak_trapdoor":17,"minecraft:soul_soil":2,"minecraft:cooked_salmon":23,"minecraft:red_nether_bricks":84,"minecraft:beetroot":6,"minecraft:gold_nugget":501,"minecraft:cobbled_deepslate":7834,"minecraft:spruce_planks":618,"minecraft:written_book":11,"minecraft:azalea_leaves":59,"minecraft:golden_helmet":4,"minecraft:composter":4,"minecraft:pink_carpet":3,"minecraft:rabbit_foot":4,"minecraft:light_blue_wool":5,"minecraft:tropical_fish":44,"minecraft:blue_dye":1,"minecraft:iron_block":249,"minecraft:netherite_chestplate":9,"minecraft:magma_block":6520,"minecraft:oxidized_copper":282,"minecraft:iron_door":1,"minecraft:birch_slab":2,"minecraft:jungle_log":80,"minecraft:acacia_leaves":63,"minecraft:stripped_spruce_wood":3,"minecraft:magenta_bed":2,"minecraft:netherite_leggings":15,"minecraft:gray_concrete":107,"minecraft:twisting_vines":3,"minecraft:chipped_anvil":6,"minecraft:glowstone_dust":4,"minecraft:moss_block":348,"minecraft:warped_wart_block":1093,"minecraft:ink_sac":296,"minecraft:dark_oak_log":48,"minecraft:red_terracotta":27,"minecraft:barrel":36,"minecraft:stripped_acacia_log":16,"minecraft:white_candle":4,"minecraft:dispenser":13,"minecraft:writable_book":5,"minecraft:deepslate_gold_ore":24,"minecraft:blue_ice":37,"minecraft:bread":238,"minecraft:chainmail_helmet":3,"minecraft:dark_oak_fence":2,"minecraft:spruce_leaves":642,"minecraft:crafting_table":75,"minecraft:coarse_dirt":311,"minecraft:purple_wool":40,"minecraft:nether_wart":842,"minecraft:snow":1998,"minecraft:deepslate_diamond_ore":84,"minecraft:beef":525,"minecraft:iron_nugget":77,"minecraft:quartz_stairs":119,"minecraft:chest":214,"minecraft:egg":257,"minecraft:sandstone":130,"minecraft:spruce_fence":76,"minecraft:amethyst_cluster":3,"minecraft:carrot":2645,"minecraft:redstone":407,"minecraft:mushroom_stem":308,"minecraft:prismarine_crystals":19,"minecraft:blue_carpet":1,"minecraft:tnt":7,"minecraft:cooked_cod":65,"minecraft:beetroot_seeds":5,"minecraft:peony":2,"minecraft:diamond_boots":12,"minecraft:shears":26,"minecraft:deepslate_bricks":235,"minecraft:warped_sign":4,"minecraft:gold_ingot":297,"minecraft:white_shulker_box":32,"minecraft:glow_berries":138,"minecraft:white_wool":2466,"minecraft:stripped_oak_log":100,"minecraft:lapis_ore":1,"minecraft:smooth_red_sandstone_stairs":1,"minecraft:red_mushroom":78,"minecraft:filled_map":33,"minecraft:oak_log":278,"minecraft:jungle_button":4,"minecraft:ancient_debris":44,"minecraft:golden_boots":5,"minecraft:blue_bed":6,"minecraft:stone_bricks":154,"minecraft:kelp":208,"minecraft:glass_bottle":5,"minecraft:iron_sword":2,"minecraft:flowering_azalea":154,"minecraft:white_stained_glass_pane":110,"minecraft:dark_oak_slab":2,"minecraft:daylight_detector":2,"minecraft:sculk":5,"minecraft:yellow_concrete":4,"minecraft:spyglass":1,"minecraft:gravel":3762,"minecraft:spruce_sapling":572,"minecraft:spruce_log":2991,"minecraft:sea_lantern":16,"minecraft:firework_rocket":1827,"minecraft:red_stained_glass":99,"minecraft:purple_bed":1,"minecraft:stone_axe":4,"minecraft:purple_glazed_terracotta":439,"minecraft:polished_diorite":115,"minecraft:diamond_axe":15,"minecraft:gray_wool":124,"minecraft:warped_roots":39,"minecraft:brown_banner":2,"minecraft:warped_nylium":102,"minecraft:crimson_nylium":269,"minecraft:ender_pearl":180,"minecraft:shulker_shell":138,"minecraft:wheat":1114,"minecraft:redstone_block":36,"minecraft:iron_trapdoor":2,"minecraft:light_gray_shulker_box":10,"minecraft:potion":17,"minecraft:nether_brick":290,"minecraft:raw_copper":20699,"minecraft:smooth_stone_slab":14,"minecraft:iron_leggings":2,"minecraft:sticky_piston":4,"minecraft:netherite_ingot":10,"minecraft:pink_shulker_box":6,"minecraft:oak_sign":37,"minecraft:deepslate_tiles":69,"minecraft:black_shulker_box":55,"minecraft:redstone_torch":35,"minecraft:calcite":162,"minecraft:iron_boots":3,"minecraft:furnace":40,"minecraft:stick":743,"minecraft:orange_shulker_box":20,"minecraft:torch":910,"minecraft:snow_block":63,"minecraft:porkchop":28,"minecraft:pointed_dripstone":26,"minecraft:blue_stained_glass":2,"minecraft:quartz_block":136,"minecraft:nether_gold_ore":17,"minecraft:cactus":2,"minecraft:green_wool":49,"minecraft:cod":38,"minecraft:nautilus_shell":3,"minecraft:magma_cream":40,"minecraft:tuff":1502,"minecraft:acacia_boat":3,"minecraft:green_shulker_box":43,"minecraft:lapis_lazuli":884,"minecraft:polished_granite":4,"minecraft:leather_boots":4,"minecraft:cobbled_deepslate_wall":1,"minecraft:deepslate_brick_slab":31,"minecraft:raw_gold":141,"minecraft:bell":12,"minecraft:powered_rail":96,"minecraft:oak_planks":101,"minecraft:ghast_tear":2,"minecraft:cooked_porkchop":16,"minecraft:poisonous_potato":20,"minecraft:axolotl_bucket":2,"minecraft:polished_blackstone_slab":3,"minecraft:sand":2985,"minecraft:lily_of_the_valley":12,"minecraft:shulker_box":175,"minecraft:orange_wool":22,"minecraft:light_gray_concrete":15,"minecraft:spruce_fence_gate":153,"minecraft:clay":967,"minecraft:spruce_boat":98,"minecraft:diamond":615,"minecraft:black_concrete":99,"minecraft:polished_blackstone_button":9,"minecraft:white_concrete":31,"minecraft:oak_sapling":103,"minecraft:end_stone_bricks":1,"minecraft:cocoa_beans":12,"minecraft:fishing_rod":4,"minecraft:charcoal":5,"minecraft:allium":33,"minecraft:chicken":275,"minecraft:turtle_helmet":1,"minecraft:wooden_pickaxe":1,"minecraft:cooked_rabbit":4,"minecraft:gold_block":164,"minecraft:iron_axe":1,"minecraft:item_frame":40,"minecraft:quartz_slab":32,"minecraft:oak_boat":14,"minecraft:player_head":220,"minecraft:observer":27,"minecraft:blue_shulker_box":15,"minecraft:light_gray_wool":4,"minecraft:lectern":792,"minecraft:tinted_glass":2,"minecraft:sugar_cane":523,"minecraft:phantom_membrane":43,"minecraft:spruce_trapdoor":540,"minecraft:raw_iron":737,"minecraft:copper_ingot":198,"minecraft:bowl":3,"minecraft:quartz_pillar":69,"minecraft:stone_button":53,"minecraft:dark_oak_planks":98,"minecraft:arrow":1355,"minecraft:light_blue_stained_glass_pane":10,"minecraft:saddle":3,"minecraft:crimson_stem":298,"minecraft:glow_ink_sac":30,"minecraft:salmon":4,"minecraft:mushroom_stew":2,"minecraft:nether_wart_block":526,"minecraft:deepslate_tile_slab":7,"minecraft:podzol":11,"minecraft:red_sandstone":13,"minecraft:soul_sand":82,"minecraft:acacia_sapling":72,"minecraft:purple_concrete":4,"minecraft:green_dye":109,"minecraft:book":608,"minecraft:oak_slab":169,"minecraft:scaffolding":1193,"minecraft:birch_boat":6,"minecraft:pumpkin":3,"minecraft:chiseled_stone_bricks":37,"minecraft:dripstone_block":63,"minecraft:raw_iron_block":1,"minecraft:white_bed":3,"minecraft:spider_eye":135,"minecraft:lime_dye":6,"minecraft:honey_block":9,"minecraft:iron_helmet":6,"minecraft:black_wool":1933,"minecraft:red_concrete":113,"minecraft:coal":3965,"minecraft:purple_concrete_powder":3},"minecraft:killed_by":{"minecraft:zombie":3,"minecraft:warden":11,"minecraft:ghast":1,"minecraft:skeleton":6,"minecraft:guardian":1,"minecraft:creeper":2,"minecraft:piglin":1,"minecraft:player":32,"minecraft:enderman":3},"minecraft:broken":{"minecraft:shears":10,"minecraft:iron_pickaxe":12,"minecraft:iron_shovel":2,"minecraft:stone_pickaxe":2,"minecraft:stone_axe":4,"minecraft:diamond_hoe":1,"minecraft:diamond_axe":1,"minecraft:iron_boots":1,"minecraft:golden_sword":1,"minecraft:iron_sword":2,"minecraft:iron_axe":1},"minecraft:mined":{"minecraft:blue_carpet":1,"minecraft:red_shulker_box":30,"minecraft:white_bed":3,"minecraft:fire_coral_wall_fan":1,"minecraft:cyan_shulker_box":21,"minecraft:red_nether_bricks":61,"minecraft:granite":782,"minecraft:acacia_log":164,"minecraft:oak_wall_sign":13,"minecraft:nether_wart":179,"minecraft:spawner":7,"minecraft:polished_blackstone_bricks":875,"minecraft:magma_block":5483,"minecraft:dark_oak_trapdoor":3,"minecraft:cobbled_deepslate":166,"minecraft:barrel":35,"minecraft:fire":1177,"minecraft:fletching_table":5,"minecraft:deepslate_lapis_ore":58,"minecraft:twisting_vines":1,"minecraft:light_gray_concrete":15,"minecraft:white_shulker_box":29,"minecraft:pink_tulip":21,"minecraft:player_head":18,"minecraft:tripwire":2,"minecraft:jungle_button":1,"minecraft:kelp_plant":120,"minecraft:crimson_nylium":287,"minecraft:deepslate_tile_slab":6,"minecraft:powder_snow":26,"minecraft:torch":167,"minecraft:note_block":29,"minecraft:oxidized_copper":282,"minecraft:white_stained_glass_pane":13,"minecraft:spruce_wall_sign":42,"minecraft:white_candle":1,"minecraft:lime_shulker_box":6,"minecraft:sugar_cane":207,"minecraft:amethyst_block":54,"minecraft:white_terracotta":3,"minecraft:chain":6,"minecraft:repeater":40,"minecraft:tinted_glass":6,"minecraft:magenta_bed":2,"minecraft:grass":450,"minecraft:smooth_quartz":1,"minecraft:smooth_basalt":272,"minecraft:deepslate":21020,"minecraft:purple_glazed_terracotta":180,"minecraft:deepslate_tiles":98,"minecraft:mossy_cobblestone":1,"minecraft:sea_lantern":18,"minecraft:end_stone":247,"minecraft:dark_oak_fence":2,"minecraft:spruce_fence":60,"minecraft:redstone_wire":19,"minecraft:red_mushroom":1,"minecraft:white_concrete_powder":1,"minecraft:light_blue_concrete_powder":12,"minecraft:green_terracotta":12,"minecraft:andesite":2167,"minecraft:vine":237,"minecraft:cobblestone_slab":1,"minecraft:rail":432,"minecraft:bone_block":15,"minecraft:green_wool":1,"minecraft:ender_chest":200,"minecraft:oak_slab":100,"minecraft:redstone_block":7,"minecraft:glass_pane":48,"minecraft:soul_sand":1,"minecraft:lily_of_the_valley":12,"minecraft:dandelion":24,"minecraft:cornflower":45,"minecraft:warped_roots":35,"minecraft:purpur_pillar":16,"minecraft:copper_ore":2812,"minecraft:tall_grass":179,"minecraft:deepslate_gold_ore":151,"minecraft:diorite":1180,"minecraft:warped_wart_block":1119,"minecraft:black_stained_glass":1,"minecraft:red_terracotta":31,"minecraft:coarse_dirt":388,"minecraft:stripped_spruce_wood":3,"minecraft:cobblestone_wall":10,"minecraft:dark_oak_wall_sign":1,"minecraft:purple_concrete":4,"minecraft:red_sandstone_wall":5,"minecraft:dark_oak_button":2,"minecraft:gravel":3960,"minecraft:cobweb":86,"minecraft:birch_sign":1,"minecraft:polished_blackstone":17,"minecraft:stone_bricks":209,"minecraft:chipped_anvil":5,"minecraft:gold_ore":6,"minecraft:iron_trapdoor":2,"minecraft:fern":4,"minecraft:oak_sapling":2,"minecraft:farmland":2,"minecraft:orange_stained_glass":1,"minecraft:orange_wool":5,"minecraft:brewing_stand":1,"minecraft:spruce_trapdoor":559,"minecraft:budding_amethyst":5,"minecraft:cracked_polished_blackstone_bricks":579,"minecraft:white_concrete":31,"minecraft:polished_diorite":122,"minecraft:polished_blackstone_brick_slab":58,"minecraft:composter":2,"minecraft:gilded_blackstone":23,"minecraft:red_tulip":16,"minecraft:pointed_dripstone":12,"minecraft:flowering_azalea_leaves":14,"minecraft:azalea":30,"minecraft:granite_stairs":6,"minecraft:spruce_slab":150,"minecraft:deepslate_redstone_ore":86,"minecraft:brown_shulker_box":12,"minecraft:powder_snow_cauldron":1,"minecraft:quartz_block":124,"minecraft:polished_blackstone_wall":13,"minecraft:medium_amethyst_bud":1,"minecraft:purpur_stairs":4,"minecraft:beacon":1,"minecraft:nether_quartz_ore":49,"minecraft:oak_planks":78,"minecraft:wall_torch":36,"minecraft:warped_nylium":120,"minecraft:powered_rail":93,"minecraft:blue_ice":20,"minecraft:tnt":1,"minecraft:smooth_stone_slab":12,"minecraft:oak_log":144,"minecraft:beetroots":2,"minecraft:dirt":2636,"minecraft:dispenser":11,"minecraft:ancient_debris":44,"minecraft:daylight_detector":1,"minecraft:crying_obsidian":3,"minecraft:quartz_stairs":123,"minecraft:red_stained_glass":7,"minecraft:lever":7,"minecraft:glow_lichen":49,"minecraft:ladder":18,"minecraft:stone_button":39,"minecraft:brown_mushroom_block":2688,"minecraft:birch_slab":1,"minecraft:spruce_leaves":1098,"minecraft:crimson_stem":303,"minecraft:nether_sprouts":27,"minecraft:polished_basalt":70,"minecraft:light_gray_shulker_box":9,"minecraft:peony":1,"minecraft:gold_block":119,"minecraft:bookshelf":280,"minecraft:shroomlight":99,"minecraft:deepslate_iron_ore":319,"minecraft:stripped_oak_log":30,"minecraft:wet_sponge":1,"minecraft:pink_terracotta":36,"minecraft:acacia_leaves":162,"minecraft:scaffolding":338,"minecraft:magenta_stained_glass":2,"minecraft:snow_block":19,"minecraft:basalt":1605,"minecraft:polished_granite":4,"minecraft:honey_block":6,"minecraft:stone_slab":18,"minecraft:deepslate_coal_ore":2,"minecraft:red_concrete":21,"minecraft:polished_blackstone_brick_stairs":17,"minecraft:polished_blackstone_slab":3,"minecraft:ice":809,"minecraft:black_wool":5,"minecraft:flower_pot":7,"minecraft:yellow_concrete":4,"minecraft:purple_shulker_box":28,"minecraft:small_dripleaf":5,"minecraft:dark_oak_planks":38,"minecraft:light_blue_concrete":299,"minecraft:jungle_leaves":491,"minecraft:obsidian":284,"minecraft:carved_pumpkin":4,"minecraft:chiseled_polished_blackstone":73,"minecraft:smooth_red_sandstone_stairs":1,"minecraft:stone_brick_wall":125,"minecraft:jungle_log":96,"minecraft:pink_stained_glass":1,"minecraft:deepslate_bricks":193,"minecraft:crimson_fungus":1,"minecraft:hopper":1,"minecraft:oxeye_daisy":20,"minecraft:chiseled_stone_bricks":36,"minecraft:light_blue_stained_glass":1,"minecraft:weeping_vines_plant":29,"minecraft:tall_seagrass":9,"minecraft:sticky_piston":2,"minecraft:moss_carpet":42,"minecraft:cave_vines":18,"minecraft:oak_sign":8,"minecraft:water_cauldron":1,"minecraft:dirt_path":2,"minecraft:quartz_slab":25,"minecraft:iron_block":186,"minecraft:blue_orchid":15,"minecraft:piston_head":6,"minecraft:brown_mushroom":21,"minecraft:player_wall_head":22,"minecraft:amethyst_cluster":36,"minecraft:soul_fire":1,"minecraft:blue_stained_glass":3,"minecraft:glass":64,"minecraft:damaged_anvil":5,"minecraft:spruce_sign":30,"minecraft:wheat":942,"minecraft:lilac":4,"minecraft:warped_fungus":16,"minecraft:stone_brick_stairs":131,"minecraft:copper_block":11,"minecraft:purple_concrete_powder":2,"minecraft:blue_shulker_box":14,"minecraft:red_mushroom_block":48,"minecraft:stonecutter":22,"minecraft:piston":6,"minecraft:pink_shulker_box":5,"minecraft:shulker_box":165,"minecraft:nether_bricks":16,"minecraft:allium":20,"minecraft:crimson_roots":14,"minecraft:orange_shulker_box":19,"minecraft:kelp":7,"minecraft:moss_block":325,"minecraft:pink_wool":6,"minecraft:polished_blackstone_button":2,"minecraft:red_sandstone":13,"minecraft:snow":2597,"minecraft:diamond_block":2,"minecraft:potatoes":384,"minecraft:warped_stem":269,"minecraft:bamboo_sapling":1,"minecraft:bamboo":58,"minecraft:white_wool":69,"minecraft:gray_concrete":5,"minecraft:stone_brick_slab":279,"minecraft:observer":25,"minecraft:cobbled_deepslate_wall":1,"minecraft:smooth_red_sandstone_slab":1,"minecraft:big_dripleaf":32,"minecraft:purple_bed":1,"minecraft:purple_stained_glass":3,"minecraft:white_carpet":108,"minecraft:spruce_log":1834,"minecraft:quartz_pillar":69,"minecraft:mycelium":107,"minecraft:dark_oak_sign":2,"minecraft:dripstone_block":12,"minecraft:spruce_fence_gate":150,"minecraft:black_shulker_box":55,"minecraft:spruce_planks":413,"minecraft:cobbled_deepslate_stairs":4,"minecraft:sculk_vein":22,"minecraft:cave_vines_plant":30,"minecraft:grass_block":4301,"minecraft:soul_soil":1,"minecraft:warped_sign":1,"minecraft:smooth_stone":20,"minecraft:raw_iron_block":1,"minecraft:glowstone":1,"minecraft:iron_ore":267,"minecraft:black_carpet":13,"minecraft:anvil":13,"minecraft:azure_bluet":11,"minecraft:azalea_leaves":61,"minecraft:end_stone_bricks":2,"minecraft:blackstone":772,"minecraft:twisting_vines_plant":4,"minecraft:clay":1157,"minecraft:calcite":196,"minecraft:poppy":23,"minecraft:chest":161,"minecraft:mushroom_stem":340,"minecraft:cobblestone":1081,"minecraft:slime_block":2,"minecraft:grindstone":1,"minecraft:iron_door":1,"minecraft:deepslate_copper_ore":11,"minecraft:seagrass":11,"minecraft:acacia_sapling":1,"minecraft:nether_wart_block":567,"minecraft:yellow_wool":1,"minecraft:light_gray_wool":1,"minecraft:orange_tulip":20,"minecraft:purpur_block":21,"minecraft:sand":3077,"minecraft:netherrack":12400,"minecraft:magenta_wool":1,"minecraft:oak_leaves":110,"minecraft:nether_gold_ore":32,"minecraft:diamond_ore":4,"minecraft:tube_coral":1,"minecraft:red_carpet":49,"minecraft:tuff":1583,"minecraft:deepslate_diamond_ore":160,"minecraft:blackstone_wall":2,"minecraft:gray_shulker_box":28,"minecraft:weeping_vines":7,"minecraft:white_stained_glass":17,"minecraft:sandstone":72,"minecraft:rooted_dirt":2,"minecraft:large_fern":2,"minecraft:deepslate_brick_slab":2,"minecraft:spore_blossom":24,"minecraft:furnace":11,"minecraft:spruce_sapling":12,"minecraft:carrots":556,"minecraft:stripped_spruce_log":119,"minecraft:black_concrete":22,"minecraft:bell":7,"minecraft:lantern":83,"minecraft:stripped_acacia_log":16,"minecraft:packed_ice":14373,"minecraft:chorus_plant":4,"minecraft:white_tulip":18,"minecraft:stone":29103,"minecraft:yellow_shulker_box":19,"minecraft:redstone_wall_torch":6,"minecraft:podzol":14,"minecraft:flowering_azalea":49,"minecraft:light_blue_shulker_box":75,"minecraft:red_wool":1,"minecraft:spruce_door":22,"minecraft:crafting_table":73,"minecraft:blackstone_slab":1,"minecraft:rose_bush":1,"minecraft:sculk_sensor":8,"minecraft:lectern":791,"minecraft:red_nether_brick_wall":4,"minecraft:lapis_ore":28,"minecraft:lily_pad":6,"minecraft:sculk":46,"minecraft:blue_bed":6,"minecraft:spruce_stairs":234,"minecraft:gray_wool":87,"minecraft:cactus":1,"minecraft:gray_concrete_powder":18,"minecraft:green_shulker_box":43,"minecraft:polished_blackstone_stairs":3,"minecraft:redstone_torch":20,"minecraft:sweet_berry_bush":597,"minecraft:coal_ore":1980,"minecraft:end_rod":3,"minecraft:bubble_coral_wall_fan":1,"minecraft:gray_carpet":2,"minecraft:terracotta":89,"minecraft:polished_andesite":4},"minecraft:custom":{"minecraft:interact_with_crafting_table":1146,"minecraft:damage_blocked_by_shield":6840,"minecraft:play_time":13281662,"minecraft:deaths":121,"minecraft:jump":227845,"minecraft:interact_with_smoker":229,"minecraft:inspect_dispenser":76,"minecraft:horse_one_cm":1326978,"minecraft:inspect_dropper":69,"minecraft:interact_with_anvil":275,"minecraft:inspect_hopper":458,"minecraft:tune_noteblock":576,"minecraft:time_since_rest":50889,"minecraft:swim_one_cm":5872694,"minecraft:open_chest":10842,"minecraft:open_shulker_box":4794,"minecraft:damage_resisted":1153,"minecraft:play_noteblock":134,"minecraft:talked_to_villager":1704,"minecraft:interact_with_brewingstand":230,"minecraft:interact_with_beacon":57,"minecraft:fill_cauldron":2,"minecraft:boat_one_cm":4318900,"minecraft:damage_taken":136843,"minecraft:aviate_one_cm":102038833,"minecraft:open_barrel":616,"minecraft:bell_ring":31,"minecraft:eat_cake_slice":61,"minecraft:leave_game":234,"minecraft:time_since_death":50869,"minecraft:enchant_item":6,"minecraft:interact_with_furnace":2159,"minecraft:traded_with_villager":1604,"minecraft:sleep_in_bed":83,"minecraft:damage_dealt":315032,"minecraft:interact_with_smithing_table":16,"minecraft:damage_dealt_absorbed":1,"minecraft:sneak_time":1333821,"minecraft:interact_with_lectern":88,"minecraft:interact_with_blast_furnace":59,"minecraft:total_world_time":13281662,"minecraft:interact_with_stonecutter":140,"minecraft:fly_one_cm":59393395,"minecraft:fish_caught":10,"minecraft:fall_one_cm":6611128,"minecraft:animals_bred":730,"minecraft:sprint_one_cm":34508671,"minecraft:drop":3031,"minecraft:walk_on_water_one_cm":1491571,"minecraft:interact_with_loom":1,"minecraft:open_enderchest":1641,"minecraft:player_kills":10,"minecraft:crouch_one_cm":5370708,"minecraft:mob_kills":18972,"minecraft:climb_one_cm":2809949,"minecraft:walk_one_cm":33232489,"minecraft:walk_under_water_one_cm":4803498,"minecraft:pot_flower":256,"minecraft:interact_with_grindstone":25,"minecraft:damage_absorbed":40,"minecraft:minecart_one_cm":4282,"minecraft:pig_one_cm":90513},"minecraft:crafted":{"minecraft:red_stained_glass_pane":112,"minecraft:black_dye":111,"minecraft:oak_sign":54,"minecraft:birch_boat":1,"minecraft:blaze_powder":16,"minecraft:chain":225,"minecraft:diamond_shovel":5,"minecraft:nether_brick":21,"minecraft:shulker_box":126,"minecraft:diamond_helmet":3,"minecraft:dried_kelp_block":2,"minecraft:black_wool":10,"minecraft:name_tag":12,"minecraft:white_shulker_box":3,"minecraft:blue_stained_glass":8,"minecraft:acacia_slab":36,"minecraft:smithing_table":1,"minecraft:sticky_piston":1,"minecraft:red_nether_bricks":432,"minecraft:painting":2,"minecraft:lectern":30,"minecraft:stone_slab":18,"minecraft:iron_pickaxe":11,"minecraft:netherite_ingot":7,"minecraft:composter":1,"minecraft:jungle_sign":3,"minecraft:golden_carrot":374,"minecraft:magenta_wool":3,"minecraft:orange_shulker_box":3,"minecraft:iron_nugget":3145,"minecraft:diamond_hoe":2,"minecraft:blue_shulker_box":1,"minecraft:spruce_fence":222,"minecraft:lantern":342,"minecraft:spruce_stairs":188,"minecraft:light_gray_shulker_box":2,"minecraft:polished_diorite":264,"minecraft:red_shulker_box":2,"minecraft:stone_pickaxe":1,"minecraft:quartz_slab":94,"minecraft:spruce_boat":15,"minecraft:purple_carpet":12,"minecraft:lead":2,"minecraft:chainmail_leggings":1,"minecraft:enchanting_table":1,"minecraft:dark_oak_button":1,"minecraft:enchanted_book":637,"minecraft:orange_dye":4,"minecraft:red_stained_glass":704,"minecraft:fermented_spider_eye":20,"minecraft:writable_book":3,"minecraft:iron_shovel":3,"minecraft:note_block":82,"minecraft:pink_terracotta":128,"minecraft:grindstone":3,"minecraft:barrel":60,"minecraft:cooked_chicken":111,"minecraft:stone":1598,"minecraft:red_sandstone":111,"minecraft:pink_carpet":1743,"minecraft:warped_planks":20,"minecraft:polished_blackstone_button":2,"minecraft:stone_brick_slab":6,"minecraft:bow":49,"minecraft:polished_basalt":52,"minecraft:chest":282,"minecraft:netherite_helmet":2,"minecraft:oak_button":5,"minecraft:yellow_terracotta":8,"minecraft:copper_block":2933,"minecraft:rail":80,"minecraft:ender_eye":8,"minecraft:arrow":184,"minecraft:cauldron":1,"minecraft:lime_terracotta":8,"minecraft:iron_helmet":2,"minecraft:brown_dye":3,"minecraft:red_wool":13,"minecraft:white_stained_glass_pane":520,"minecraft:dispenser":9,"minecraft:apple":148,"minecraft:spruce_trapdoor":748,"minecraft:yellow_dye":7,"minecraft:purple_dye":92,"minecraft:pink_wool":3,"minecraft:gray_terracotta":32,"minecraft:stick":4084,"minecraft:iron_ingot":1827,"minecraft:light_blue_shulker_box":4,"minecraft:light_blue_stained_glass":512,"minecraft:red_nether_brick_wall":12,"minecraft:blue_terracotta":96,"minecraft:fishing_rod":1,"minecraft:tripwire_hook":6,"minecraft:netherite_sword":2,"minecraft:spruce_button":1,"minecraft:furnace":15,"minecraft:blast_furnace":1,"minecraft:piston":1,"minecraft:flint_and_steel":3,"minecraft:scaffolding":420,"minecraft:netherite_chestplate":2,"minecraft:cobblestone_wall":126,"minecraft:purple_terracotta":224,"minecraft:purple_stained_glass":64,"minecraft:purple_shulker_box":83,"minecraft:diorite_wall":20,"minecraft:iron_sword":2,"minecraft:jungle_planks":584,"minecraft:white_dye":380,"minecraft:netherite_shovel":1,"minecraft:black_carpet":194,"minecraft:blue_wool":11,"minecraft:stonecutter":1,"minecraft:anvil":13,"minecraft:torch":2064,"minecraft:magenta_carpet":1326,"minecraft:diamond_chestplate":3,"minecraft:ender_chest":8,"minecraft:smooth_stone":4,"minecraft:purple_bed":1,"minecraft:pink_bed":1,"minecraft:polished_blackstone_slab":60,"minecraft:lever":3,"minecraft:bookshelf":396,"minecraft:red_sandstone_wall":60,"minecraft:cooked_mutton":169,"minecraft:glass":1915,"minecraft:light_blue_terracotta":72,"minecraft:repeater":46,"minecraft:diamond_leggings":3,"minecraft:netherite_boots":1,"minecraft:polished_blackstone":2,"minecraft:acacia_fence":15,"minecraft:magenta_dye":4,"minecraft:flower_pot":257,"minecraft:glass_bottle":108,"minecraft:emerald":873,"minecraft:cooked_porkchop":17,"minecraft:diamond_axe":4,"minecraft:spruce_door":21,"minecraft:hay_block":3,"minecraft:lime_shulker_box":3,"minecraft:green_terracotta":168,"minecraft:iron_block":54,"minecraft:light_blue_bed":1,"minecraft:gold_ingot":1980,"minecraft:light_gray_dye":6,"minecraft:spruce_fence_gate":23,"minecraft:smooth_stone_slab":28,"minecraft:player_head":57,"minecraft:tinted_glass":12,"minecraft:smooth_red_sandstone_slab":42,"minecraft:red_terracotta":128,"minecraft:bone_meal":1162,"minecraft:pink_dye":22,"minecraft:white_carpet":4135,"minecraft:diamond":243,"minecraft:netherite_axe":1,"minecraft:ladder":15,"minecraft:spruce_slab":1734,"minecraft:diamond_boots":3,"minecraft:redstone_block":30,"minecraft:dark_oak_planks":516,"minecraft:wheat":27,"minecraft:coal_block":271,"minecraft:netherite_pickaxe":3,"minecraft:polished_blackstone_brick_slab":50,"minecraft:dried_kelp":20,"minecraft:red_bed":1,"minecraft:blue_bed":15,"minecraft:polished_granite":4,"minecraft:polished_blackstone_brick_wall":21,"minecraft:golden_apple":90,"minecraft:acacia_sign":3,"minecraft:gray_shulker_box":2,"minecraft:cyan_shulker_box":2,"minecraft:iron_leggings":3,"minecraft:white_bed":176,"minecraft:blue_carpet":27,"minecraft:brick":406,"minecraft:oak_planks":1548,"minecraft:pink_shulker_box":3,"minecraft:purple_glazed_terracotta":122,"minecraft:warped_hyphae":96,"minecraft:green_dye":130,"minecraft:hopper":7,"minecraft:iron_boots":2,"minecraft:raw_copper":504,"minecraft:golden_sword":2,"minecraft:smoker":1,"minecraft:smooth_red_sandstone":566,"minecraft:quartz_stairs":39,"minecraft:oak_slab":1038,"minecraft:item_frame":102,"minecraft:crafting_table":24,"minecraft:spruce_planks":8578,"minecraft:baked_potato":188,"minecraft:gold_block":139,"minecraft:hopper_minecart":9,"minecraft:brewing_stand":2,"minecraft:birch_planks":8,"minecraft:black_shulker_box":2,"minecraft:dark_oak_slab":24,"minecraft:iron_chestplate":2,"minecraft:book":190,"minecraft:paper":1722,"minecraft:diamond_pickaxe":8,"minecraft:emerald_block":9,"minecraft:shield":4,"minecraft:light_weighted_pressure_plate":57,"minecraft:warped_slab":18,"minecraft:light_blue_dye":428,"minecraft:stone_sword":26,"minecraft:snow_block":231,"minecraft:green_shulker_box":2,"minecraft:polished_blackstone_brick_stairs":22,"minecraft:redstone_torch":108,"minecraft:shears":42,"minecraft:purple_wool":3,"minecraft:redstone":243,"minecraft:stone_button":21,"minecraft:gray_dye":12,"minecraft:dark_oak_sign":3,"minecraft:diamond_block":50,"minecraft:glass_pane":1248,"minecraft:netherite_leggings":1,"minecraft:yellow_shulker_box":1,"minecraft:iron_axe":2,"minecraft:iron_hoe":2,"minecraft:lime_dye":2,"minecraft:netherite_scrap":29,"minecraft:observer":7,"minecraft:minecart":33,"minecraft:cooked_beef":350,"minecraft:sugar":20,"minecraft:red_dye":181,"minecraft:crimson_planks":20,"minecraft:magenta_bed":1,"minecraft:diamond_sword":6,"minecraft:spruce_sign":72,"minecraft:powered_rail":18,"minecraft:bucket":89,"minecraft:stone_axe":3,"minecraft:brown_terracotta":16,"minecraft:bread":21,"minecraft:air":0,"minecraft:blue_dye":344,"minecraft:oak_boat":2,"minecraft:magenta_terracotta":16,"minecraft:white_wool":2,"minecraft:gold_nugget":3076,"minecraft:acacia_planks":88,"minecraft:purple_concrete_powder":128,"minecraft:lapis_block":33,"minecraft:firework_rocket":2880},"minecraft:dropped":{"minecraft:iron_sword":1,"minecraft:lapis_lazuli":73,"minecraft:glow_ink_sac":3,"minecraft:glass_bottle":40,"minecraft:diamond":129,"minecraft:crafting_table":1,"minecraft:cooked_porkchop":4,"minecraft:weeping_vines":2,"minecraft:glow_berries":5,"minecraft:warped_roots":1,"minecraft:red_mushroom":4,"minecraft:emerald":36,"minecraft:dark_oak_fence":2,"minecraft:dark_oak_trapdoor":12,"minecraft:netherite_boots":4,"minecraft:writable_book":2,"minecraft:gold_nugget":171,"minecraft:sand":154,"minecraft:dark_oak_planks":3,"minecraft:fishing_rod":1,"minecraft:white_wool":9,"minecraft:tropical_fish_bucket":2,"minecraft:diamond_block":95,"minecraft:lever":1,"minecraft:iron_nugget":8,"minecraft:cooked_chicken":18,"minecraft:cobbled_deepslate":32,"minecraft:wheat":16,"minecraft:netherite_sword":3,"minecraft:obsidian":158,"minecraft:rotten_flesh":423,"minecraft:pink_carpet":320,"minecraft:glowstone_dust":2,"minecraft:warped_sign":1,"minecraft:azure_bluet":2,"minecraft:coal_ore":8,"minecraft:quartz_block":17,"minecraft:leather_boots":4,"minecraft:acacia_sapling":2,"minecraft:leather_leggings":3,"minecraft:red_nether_bricks":23,"minecraft:glass":74,"minecraft:beef":5,"minecraft:stone_brick_stairs":40,"minecraft:golden_boots":2,"minecraft:wheat_seeds":212,"minecraft:deepslate_redstone_ore":8,"minecraft:dripstone_block":63,"minecraft:netherite_chestplate":2,"minecraft:book":3,"minecraft:prismarine_crystals":4,"minecraft:golden_apple":2,"minecraft:mushroom_stew":1,"minecraft:gray_wool":1,"minecraft:ink_sac":17,"minecraft:blackstone_wall":2,"minecraft:cooked_salmon":2,"minecraft:stone_brick_slab":1,"minecraft:player_head":66,"minecraft:clay_ball":32,"minecraft:iron_boots":3,"minecraft:name_tag":12,"minecraft:white_shulker_box":2,"minecraft:diamond_sword":5,"minecraft:spruce_trapdoor":1,"minecraft:spruce_planks":31,"minecraft:diamond_pickaxe":6,"minecraft:small_dripleaf":1,"minecraft:redstone_torch":1,"minecraft:stone_bricks":11,"minecraft:barrel":43,"minecraft:sandstone":1,"minecraft:bow":22,"minecraft:magma_block":540,"minecraft:terracotta":1,"minecraft:moss_block":63,"minecraft:oak_log":160,"minecraft:ender_pearl":9,"minecraft:purple_glazed_terracotta":319,"minecraft:leather":42,"minecraft:red_wool":1,"minecraft:black_banner":1,"minecraft:cod":13,"minecraft:cracked_polished_blackstone_bricks":5,"minecraft:dark_oak_log":16,"minecraft:packed_ice":1339,"minecraft:ice":180,"minecraft:snowball":19,"minecraft:gold_ingot":24,"minecraft:pointed_dripstone":24,"minecraft:cooked_mutton":8,"minecraft:mycelium":3,"minecraft:leather_chestplate":4,"minecraft:trident":6,"minecraft:stone_brick_wall":4,"minecraft:purple_concrete_powder":7,"minecraft:scaffolding":194,"minecraft:magenta_wool":4,"minecraft:polished_granite":4,"minecraft:splash_potion":3,"minecraft:bread":112,"minecraft:vine":1,"minecraft:golden_helmet":1,"minecraft:netherite_axe":4,"minecraft:amethyst_block":1,"minecraft:tropical_fish":8,"minecraft:spruce_stairs":2,"minecraft:spruce_fence_gate":1,"minecraft:iron_block":130,"minecraft:milk_bucket":13,"minecraft:green_dye":144,"minecraft:repeater":15,"minecraft:nether_wart_block":4,"minecraft:yellow_shulker_box":1,"minecraft:polished_blackstone_brick_slab":5,"minecraft:light_blue_stained_glass_pane":10,"minecraft:kelp":36,"minecraft:sweet_berries":130,"minecraft:light_gray_terracotta":4,"minecraft:stripped_oak_log":32,"minecraft:shulker_box":7,"minecraft:netherite_leggings":4,"minecraft:flint_and_steel":1,"minecraft:copper_ore":9,"minecraft:deepslate_bricks":2,"minecraft:andesite":162,"minecraft:golden_leggings":2,"minecraft:oak_sapling":38,"minecraft:birch_sign":1,"minecraft:spruce_log":103,"minecraft:magma_cream":4,"minecraft:brick":12,"minecraft:cooked_beef":137,"minecraft:warped_hyphae":96,"minecraft:saddle":1,"minecraft:elytra":7,"minecraft:rail":5,"minecraft:leather_helmet":1,"minecraft:red_carpet":64,"minecraft:item_frame":21,"minecraft:dirt":518,"minecraft:grass":12,"minecraft:stone_button":6,"minecraft:jungle_sapling":1,"minecraft:chain":1,"minecraft:bone_meal":69,"minecraft:phantom_membrane":7,"minecraft:iron_pickaxe":2,"minecraft:polished_blackstone_slab":2,"minecraft:bone":126,"minecraft:sugar_cane":5,"minecraft:golden_chestplate":4,"minecraft:nether_brick":3,"minecraft:deepslate_brick_slab":8,"minecraft:end_stone":5,"minecraft:netherite_shovel":2,"minecraft:deepslate_tiles":5,"minecraft:honey_block":1,"minecraft:ladder":64,"minecraft:white_dye":45,"minecraft:spruce_slab":116,"minecraft:crying_obsidian":4,"minecraft:ghast_tear":1,"minecraft:egg":2,"minecraft:enchanted_book":35,"minecraft:iron_ingot":164,"minecraft:netherite_pickaxe":7,"minecraft:netherite_helmet":2,"minecraft:feather":7,"minecraft:yellow_terracotta":1,"minecraft:iron_helmet":3,"minecraft:cobblestone":1095,"minecraft:apple":84,"minecraft:granite":120,"minecraft:spruce_button":1,"minecraft:spruce_door":5,"minecraft:polished_blackstone_button":4,"minecraft:chainmail_helmet":2,"minecraft:coal":5,"minecraft:pufferfish":13,"minecraft:golden_carrot":815,"minecraft:wooden_hoe":1,"minecraft:diamond_helmet":1,"minecraft:paper":19,"minecraft:string":51,"minecraft:iron_shovel":1,"minecraft:spruce_sapling":1,"minecraft:furnace":1,"minecraft:moss_carpet":139,"minecraft:netherite_ingot":5,"minecraft:stone_sword":4,"minecraft:deepslate":1288,"minecraft:bowl":5,"minecraft:chicken":2,"minecraft:slime_block":19,"minecraft:stone_slab":1,"minecraft:light_blue_concrete":262,"minecraft:nether_bricks":22,"minecraft:spruce_fence":44,"minecraft:big_dripleaf":1,"minecraft:cobblestone_slab":2,"minecraft:potato":24,"minecraft:stone":310,"minecraft:shroomlight":42,"minecraft:light_gray_dye":4,"minecraft:spider_eye":29,"minecraft:spruce_sign":4,"minecraft:crimson_nylium":2,"minecraft:brown_mushroom":14,"minecraft:diamond_axe":7,"minecraft:baked_potato":39,"minecraft:lantern":20,"minecraft:flint":19,"minecraft:spruce_leaves":48,"minecraft:deepslate_gold_ore":10,"minecraft:jungle_button":4,"minecraft:dispenser":4,"minecraft:cornflower":1,"minecraft:crimson_roots":2,"minecraft:cooked_cod":139,"minecraft:amethyst_shard":1,"minecraft:gravel":401,"minecraft:blackstone":261,"minecraft:fern":1,"minecraft:diamond_shovel":7,"minecraft:carrot":29,"minecraft:shulker_shell":18,"minecraft:poppy":11,"minecraft:gunpowder":20,"minecraft:azalea":1,"minecraft:blackstone_slab":1,"minecraft:arrow":149,"minecraft:basalt":830,"minecraft:powered_rail":1,"minecraft:quartz":57,"minecraft:written_book":13,"minecraft:oak_leaves":81,"minecraft:netherrack":7519,"minecraft:firework_rocket":1122,"minecraft:water_bucket":4,"minecraft:oak_slab":290,"minecraft:deepslate_iron_ore":16,"minecraft:mossy_cobblestone":1,"minecraft:bookshelf":52,"minecraft:diamond_leggings":1,"minecraft:poisonous_potato":4,"minecraft:lead":4,"minecraft:observer":3,"minecraft:grass_block":12,"minecraft:stick":103,"minecraft:blue_dye":1,"minecraft:diorite":18,"minecraft:nether_gold_ore":10,"minecraft:torch":188,"minecraft:sculk_catalyst":1,"minecraft:iron_leggings":1,"minecraft:flowering_azalea":18,"minecraft:iron_axe":1,"minecraft:bucket":11,"minecraft:lapis_block":10,"minecraft:smooth_basalt":30,"minecraft:redstone":32,"minecraft:anvil":64,"minecraft:coarse_dirt":2,"minecraft:nether_wart":5,"minecraft:raw_copper":13,"minecraft:tuff":543,"minecraft:raw_iron":3,"minecraft:iron_hoe":1,"minecraft:acacia_leaves":61,"minecraft:filled_map":5,"minecraft:snow":394,"minecraft:shield":5,"minecraft:diamond_chestplate":1,"minecraft:iron_chestplate":2,"minecraft:quartz_stairs":2,"minecraft:pink_wool":1,"minecraft:blue_ice":18,"minecraft:oak_boat":2,"minecraft:golden_sword":62,"minecraft:diamond_boots":1,"minecraft:slime_ball":29,"minecraft:purple_shulker_box":3,"minecraft:raw_gold":15,"minecraft:nether_quartz_ore":14,"minecraft:light_blue_shulker_box":1},"minecraft:killed":{"minecraft:guardian":2,"minecraft:tropical_fish":5,"minecraft:salmon":2,"minecraft:iron_golem":1,"minecraft:pillager":3,"minecraft:zombie":318,"minecraft:warden":1,"minecraft:rabbit":4,"minecraft:polar_bear":41,"minecraft:zombified_piglin":1560,"minecraft:witch":2,"minecraft:spider":105,"minecraft:bee":1,"minecraft:axolotl":37,"minecraft:silverfish":6,"minecraft:piglin":31,"minecraft:zombie_villager":5,"minecraft:sheep":133,"minecraft:mooshroom":25,"minecraft:ghast":8,"minecraft:slime":205,"minecraft:drowned":4,"minecraft:hoglin":3,"minecraft:squid":23,"minecraft:wither_skeleton":1,"minecraft:villager":1,"minecraft:cave_spider":6,"minecraft:pufferfish":124,"minecraft:shulker":26,"minecraft:skeleton":495,"minecraft:fox":1,"minecraft:chicken":192,"minecraft:magma_cube":50,"minecraft:glow_squid":2,"minecraft:cow":342,"minecraft:wandering_trader":1,"minecraft:enderman":84,"minecraft:wolf":3,"minecraft:pig":11,"minecraft:creeper":105,"minecraft:blaze":197,"minecraft:phantom":37,"minecraft:bat":7}},"DataVersion":3120}