{"stats":{"minecraft:killed_by":{"minecraft:creeper":2},"minecraft:broken":{"minecraft:diamond_helmet":1,"minecraft:shears":9,"minecraft:iron_hoe":1,"minecraft:wooden_pickaxe":1,"minecraft:iron_axe":2,"minecraft:iron_pickaxe":3,"minecraft:stone_pickaxe":1,"minecraft:wooden_axe":1,"minecraft:stone_shovel":3,"minecraft:golden_hoe":1},"minecraft:mined":{"minecraft:red_shulker_box":2,"minecraft:jungle_leaves":1519,"minecraft:cyan_shulker_box":4,"minecraft:obsidian":24,"minecraft:granite":2290,"minecraft:stone_brick_wall":19,"minecraft:jungle_log":2837,"minecraft:deepslate_bricks":74,"minecraft:purpur_slab":2,"minecraft:hopper":1,"minecraft:oxeye_daisy":6,"minecraft:chiseled_stone_bricks":4,"minecraft:chorus_flower":1,"minecraft:weeping_vines_plant":1,"minecraft:tall_seagrass":2,"minecraft:magma_block":1,"minecraft:fire":16,"minecraft:cobbled_deepslate":9,"minecraft:moss_carpet":60,"minecraft:deepslate_lapis_ore":42,"minecraft:twisting_vines":55,"minecraft:cave_vines":299,"minecraft:oak_sign":4,"minecraft:dirt_path":1,"minecraft:small_amethyst_bud":14,"minecraft:quartz_slab":3,"minecraft:white_shulker_box":10,"minecraft:player_head":5,"minecraft:tripwire":11,"minecraft:jungle_trapdoor":5,"minecraft:kelp_plant":5,"minecraft:player_wall_head":11,"minecraft:crimson_nylium":14,"minecraft:amethyst_cluster":45,"minecraft:deepslate_tile_slab":1,"minecraft:powder_snow":89,"minecraft:torch":103,"minecraft:note_block":3,"minecraft:blast_furnace":2,"minecraft:spruce_wall_sign":2,"minecraft:sugar_cane":10,"minecraft:spruce_sign":3,"minecraft:amethyst_block":217,"minecraft:chain":2,"minecraft:wheat":104,"minecraft:jukebox":1,"minecraft:warped_fungus":53,"minecraft:stone_brick_stairs":14,"minecraft:grass":2177,"minecraft:smooth_quartz":443,"minecraft:smooth_basalt":8,"minecraft:blue_shulker_box":4,"minecraft:stonecutter":6,"minecraft:piston":1,"minecraft:deepslate":1843,"minecraft:cyan_stained_glass":2,"minecraft:shulker_box":32,"minecraft:end_stone":234,"minecraft:nether_bricks":18,"minecraft:spruce_fence":5,"minecraft:jungle_planks":128,"minecraft:crimson_roots":1,"minecraft:orange_shulker_box":3,"minecraft:red_mushroom":6,"minecraft:moss_block":1227,"minecraft:jungle_sapling":9,"minecraft:snow":60,"minecraft:andesite":1057,"minecraft:potatoes":41,"minecraft:vine":74,"minecraft:cobblestone_slab":37,"minecraft:warped_stem":182,"minecraft:bamboo":105,"minecraft:bone_block":7,"minecraft:white_wool":1,"minecraft:ender_chest":51,"minecraft:smithing_table":1,"minecraft:oak_slab":2,"minecraft:gray_concrete":1,"minecraft:stone_brick_slab":9,"minecraft:dandelion":30,"minecraft:jungle_sign":2,"minecraft:cornflower":22,"minecraft:emerald_ore":9,"minecraft:warped_roots":6,"minecraft:purpur_pillar":1,"minecraft:tall_grass":135,"minecraft:copper_ore":630,"minecraft:deepslate_gold_ore":16,"minecraft:diorite":1315,"minecraft:warped_wart_block":20,"minecraft:purple_bed":10,"minecraft:cobblestone_wall":59,"minecraft:stripped_spruce_wood":1,"minecraft:purple_stained_glass":3,"minecraft:spruce_log":1693,"minecraft:birch_leaves":2,"minecraft:jungle_fence":68,"minecraft:dripstone_block":137,"minecraft:gravel":1861,"minecraft:cobweb":156,"minecraft:stone_bricks":1406,"minecraft:chipped_anvil":1,"minecraft:gold_ore":5,"minecraft:fern":1,"minecraft:black_shulker_box":11,"minecraft:large_amethyst_bud":11,"minecraft:spruce_planks":39,"minecraft:farmland":3,"minecraft:jungle_slab":69,"minecraft:cobblestone_stairs":1,"minecraft:cave_vines_plant":954,"minecraft:spruce_trapdoor":15,"minecraft:grass_block":1178,"minecraft:white_concrete":104,"minecraft:glowstone":25,"minecraft:iron_ore":270,"minecraft:anvil":2,"minecraft:azure_bluet":189,"minecraft:pointed_dripstone":19,"minecraft:flowering_azalea_leaves":12,"minecraft:azalea":6,"minecraft:azalea_leaves":40,"minecraft:end_stone_bricks":4,"minecraft:spruce_slab":19,"minecraft:deepslate_redstone_ore":131,"minecraft:jungle_door":3,"minecraft:quartz_block":81,"minecraft:blackstone":14,"minecraft:twisting_vines_plant":13,"minecraft:medium_amethyst_bud":4,"minecraft:purpur_stairs":1,"minecraft:jungle_stairs":117,"minecraft:calcite":13,"minecraft:poppy":127,"minecraft:beacon":3,"minecraft:chest":28,"minecraft:nether_quartz_ore":1605,"minecraft:cobblestone":206,"minecraft:grindstone":1,"minecraft:oak_planks":8,"minecraft:wall_torch":51,"minecraft:deepslate_copper_ore":7,"minecraft:stone_stairs":2,"minecraft:warped_nylium":47,"minecraft:purpur_block":3,"minecraft:oak_log":249,"minecraft:sand":15,"minecraft:dirt":3631,"minecraft:netherrack":7803,"minecraft:oak_leaves":97,"minecraft:emerald_block":148,"minecraft:diamond_ore":14,"minecraft:tuff":119,"minecraft:dark_oak_leaves":1203,"minecraft:deepslate_diamond_ore":117,"minecraft:gray_shulker_box":6,"minecraft:spruce_leaves":361,"minecraft:rooted_dirt":1,"minecraft:large_fern":8,"minecraft:hay_block":152,"minecraft:spruce_sapling":4,"minecraft:furnace":15,"minecraft:nether_sprouts":2,"minecraft:chiseled_deepslate":4,"minecraft:peony":12,"minecraft:gold_block":213,"minecraft:bell":1,"minecraft:bookshelf":4,"minecraft:deepslate_iron_ore":4,"minecraft:lantern":11,"minecraft:chorus_plant":3,"minecraft:stone":70059,"minecraft:yellow_shulker_box":5,"minecraft:flowering_azalea":9,"minecraft:light_blue_shulker_box":11,"minecraft:scaffolding":368,"minecraft:snow_block":183,"minecraft:basalt":200,"minecraft:spruce_door":11,"minecraft:oak_fence":13,"minecraft:crafting_table":20,"minecraft:cyan_stained_glass_pane":5,"minecraft:rose_bush":17,"minecraft:lapis_ore":29,"minecraft:spruce_stairs":23,"minecraft:gray_concrete_powder":15,"minecraft:green_shulker_box":10,"minecraft:sweet_berry_bush":167,"minecraft:coal_ore":1778,"minecraft:cocoa":8,"minecraft:polished_andesite":1,"minecraft:jungle_wall_sign":7},"minecraft:used":{"minecraft:moss_block":6625,"minecraft:writable_book":4,"minecraft:chiseled_deepslate":6,"minecraft:spruce_slab":506,"minecraft:poppy":1,"minecraft:chest":148,"minecraft:stone":1838,"minecraft:white_shulker_box":10,"minecraft:quartz_stairs":16,"minecraft:cocoa_beans":17,"minecraft:jungle_slab":1256,"minecraft:azure_bluet":13,"minecraft:weeping_vines":1,"minecraft:spruce_boat":61,"minecraft:jungle_sapling":232,"minecraft:lava_bucket":2,"minecraft:orange_shulker_box":3,"minecraft:quartz_block":575,"minecraft:copper_ore":11,"minecraft:netherite_hoe":479,"minecraft:dark_oak_leaves":557,"minecraft:stone_brick_stairs":197,"minecraft:netherite_boots":1,"minecraft:bow":446,"minecraft:sweet_berries":247,"minecraft:furnace":24,"minecraft:egg":71,"minecraft:potato":19,"minecraft:diorite":17,"minecraft:spruce_door":14,"minecraft:wooden_pickaxe":61,"minecraft:composter":1,"minecraft:jungle_boat":14,"minecraft:oak_leaves":53,"minecraft:golden_apple":8,"minecraft:glow_berries":450,"minecraft:sand":4,"minecraft:netherite_helmet":1,"minecraft:diamond_ore":7,"minecraft:diamond_sword":4677,"minecraft:smithing_table":1,"minecraft:oak_boat":1,"minecraft:iron_bars":11,"minecraft:netherrack":748,"minecraft:torch":528,"minecraft:warped_wart_block":5,"minecraft:anvil":6,"minecraft:nether_quartz_ore":45,"minecraft:twisting_vines":51,"minecraft:stone_stairs":114,"minecraft:jungle_trapdoor":7,"minecraft:red_shulker_box":2,"minecraft:flowering_azalea":16,"minecraft:chipped_anvil":1,"minecraft:cyan_shulker_box":4,"minecraft:iron_axe":585,"minecraft:rooted_dirt":1,"minecraft:jungle_log":2829,"minecraft:smooth_quartz":3036,"minecraft:totem_of_undying":1,"minecraft:bamboo":52,"minecraft:diamond_chestplate":1,"minecraft:basalt":61,"minecraft:glowstone":17,"minecraft:cobbled_deepslate":45,"minecraft:calcite":4,"minecraft:wheat_seeds":2234,"minecraft:water_bucket":495,"minecraft:warped_stem":1,"minecraft:light_blue_shulker_box":11,"minecraft:yellow_shulker_box":5,"minecraft:cauldron":2,"minecraft:deepslate_bricks":135,"minecraft:oak_slab":2,"minecraft:tnt":3,"minecraft:crafting_table":24,"minecraft:spruce_log":328,"minecraft:oak_log":3,"minecraft:diamond_pickaxe":21147,"minecraft:diamond_shovel":6163,"minecraft:iron_pickaxe":881,"minecraft:suspicious_stew":1,"minecraft:spruce_trapdoor":52,"minecraft:spruce_sapling":9,"minecraft:chiseled_stone_bricks":14,"minecraft:cobblestone":996,"minecraft:potion":1,"minecraft:purple_bed":10,"minecraft:cooked_porkchop":359,"minecraft:dandelion":1,"minecraft:jukebox":1,"minecraft:moss_carpet":190,"minecraft:iron_shovel":132,"minecraft:bone_block":7,"minecraft:oak_sign":4,"minecraft:white_concrete_powder":523,"minecraft:iron_sword":159,"minecraft:bell":2,"minecraft:player_head":22,"minecraft:iron_chestplate":1,"minecraft:jungle_planks":1493,"minecraft:nether_bricks":18,"minecraft:deepslate_tile_slab":29,"minecraft:tuff":180,"minecraft:axolotl_bucket":13,"minecraft:obsidian":25,"minecraft:coal_ore":177,"minecraft:lantern":205,"minecraft:quartz_slab":519,"minecraft:stone_bricks":9140,"minecraft:item_frame":2,"minecraft:deepslate_diamond_ore":57,"minecraft:scaffolding":1576,"minecraft:blue_shulker_box":4,"minecraft:gold_block":218,"minecraft:diamond_boots":1,"minecraft:stone_pickaxe":131,"minecraft:jungle_fence":278,"minecraft:oak_planks":1,"minecraft:ender_pearl":32,"minecraft:diamond_axe":4938,"minecraft:golden_hoe":34,"minecraft:netherite_leggings":1,"minecraft:deepslate_redstone_ore":63,"minecraft:note_block":3,"minecraft:stone_brick_wall":141,"minecraft:deepslate_lapis_ore":14,"minecraft:end_stone":259,"minecraft:shears":2495,"minecraft:firework_rocket":172,"minecraft:gray_shulker_box":6,"minecraft:bread":77,"minecraft:string":23,"minecraft:deepslate":605,"minecraft:gravel":408,"minecraft:jungle_sign":42,"minecraft:andesite":96,"minecraft:white_concrete":10812,"minecraft:warped_button":16,"minecraft:bone_meal":126,"minecraft:experience_bottle":72,"minecraft:oak_fence":14,"minecraft:trident":1206,"minecraft:jungle_leaves":1057,"minecraft:flint_and_steel":15,"minecraft:stone_shovel":393,"minecraft:spruce_planks":285,"minecraft:ender_chest":49,"minecraft:dirt":1796,"minecraft:spruce_stairs":116,"minecraft:cobblestone_wall":114,"minecraft:shulker_box":32,"minecraft:granite":6,"minecraft:spruce_fence":122,"minecraft:iron_hoe":669,"minecraft:wooden_axe":63,"minecraft:stone_brick_slab":58,"minecraft:golden_carrot":223,"minecraft:emerald_block":145,"minecraft:netherite_pickaxe":71155,"minecraft:cooked_beef":10,"minecraft:cooked_mutton":1,"minecraft:iron_ore":24,"minecraft:amethyst_block":20,"minecraft:cobblestone_stairs":11,"minecraft:polished_andesite":29,"minecraft:netherite_chestplate":1,"minecraft:baked_potato":21,"minecraft:black_shulker_box":11,"minecraft:spruce_sign":5,"minecraft:beacon":3,"minecraft:stonecutter":8,"minecraft:cobblestone_slab":101,"minecraft:glow_item_frame":2,"minecraft:red_mushroom":9,"minecraft:cyan_stained_glass":11,"minecraft:purple_stained_glass":2,"minecraft:apple":12,"minecraft:jungle_stairs":981,"minecraft:stone_slab":109,"minecraft:green_shulker_box":10,"minecraft:cyan_stained_glass_pane":888,"minecraft:jungle_door":5,"minecraft:bucket":516,"minecraft:splash_potion":2},"minecraft:custom":{"minecraft:interact_with_crafting_table":281,"minecraft:open_barrel":178,"minecraft:bell_ring":3,"minecraft:leave_game":85,"minecraft:time_since_death":546288,"minecraft:play_time":3821917,"minecraft:deaths":4,"minecraft:jump":69964,"minecraft:enchant_item":2,"minecraft:interact_with_furnace":1085,"minecraft:traded_with_villager":143,"minecraft:sleep_in_bed":38,"minecraft:damage_dealt":312980,"minecraft:interact_with_smoker":1,"minecraft:inspect_dispenser":2,"minecraft:horse_one_cm":33738,"minecraft:interact_with_smithing_table":10,"minecraft:inspect_dropper":6,"minecraft:interact_with_anvil":56,"minecraft:inspect_hopper":51,"minecraft:sneak_time":102251,"minecraft:interact_with_lectern":9,"minecraft:interact_with_blast_furnace":2,"minecraft:total_world_time":3821917,"minecraft:tune_noteblock":167,"minecraft:interact_with_stonecutter":52,"minecraft:time_since_rest":546308,"minecraft:swim_one_cm":458307,"minecraft:fly_one_cm":18541477,"minecraft:open_chest":5650,"minecraft:fall_one_cm":2003625,"minecraft:animals_bred":9,"minecraft:open_shulker_box":259,"minecraft:damage_resisted":28,"minecraft:sprint_one_cm":19178994,"minecraft:drop":1478,"minecraft:play_noteblock":515,"minecraft:talked_to_villager":58,"minecraft:interact_with_brewingstand":14,"minecraft:walk_on_water_one_cm":364960,"minecraft:interact_with_loom":2,"minecraft:open_enderchest":459,"minecraft:interact_with_beacon":9,"minecraft:player_kills":2,"minecraft:crouch_one_cm":308123,"minecraft:mob_kills":7972,"minecraft:fill_cauldron":2,"minecraft:climb_one_cm":800970,"minecraft:walk_one_cm":10472812,"minecraft:walk_under_water_one_cm":243691,"minecraft:boat_one_cm":6319259,"minecraft:interact_with_grindstone":9,"minecraft:damage_taken":28793,"minecraft:damage_absorbed":301,"minecraft:aviate_one_cm":15465070},"minecraft:crafted":{"minecraft:black_dye":24,"minecraft:oak_sign":3,"minecraft:lever":6,"minecraft:cooked_mutton":1,"minecraft:shulker_box":30,"minecraft:magenta_shulker_box":1,"minecraft:quartz_block":1675,"minecraft:repeater":12,"minecraft:magenta_dye":4,"minecraft:white_shulker_box":1,"minecraft:emerald":240,"minecraft:smooth_quartz":2350,"minecraft:cooked_porkchop":2,"minecraft:diamond_axe":1,"minecraft:jungle_boat":2,"minecraft:glow_item_frame":1,"minecraft:raw_gold_block":8,"minecraft:spruce_door":6,"minecraft:copper_ingot":64,"minecraft:stone_brick_stairs":6,"minecraft:lime_shulker_box":3,"minecraft:iron_pickaxe":4,"minecraft:iron_block":322,"minecraft:gold_ingot":1431,"minecraft:light_gray_dye":14,"minecraft:composter":5,"minecraft:jungle_sign":39,"minecraft:golden_carrot":213,"minecraft:stone_shovel":3,"minecraft:orange_shulker_box":1,"minecraft:iron_nugget":1071,"minecraft:diamond_hoe":2,"minecraft:bone_meal":285,"minecraft:blue_shulker_box":1,"minecraft:spruce_fence":117,"minecraft:pink_dye":24,"minecraft:moss_carpet":102,"minecraft:lantern":133,"minecraft:diamond":18,"minecraft:spruce_stairs":360,"minecraft:light_gray_shulker_box":1,"minecraft:spruce_slab":744,"minecraft:red_shulker_box":3,"minecraft:stone_pickaxe":1,"minecraft:spruce_boat":1,"minecraft:redstone_block":42,"minecraft:jungle_fence":264,"minecraft:wheat":720,"minecraft:crossbow":1,"minecraft:netherite_pickaxe":2,"minecraft:glowstone":17,"minecraft:orange_dye":4,"minecraft:jungle_slab":1236,"minecraft:golden_apple":61,"minecraft:gray_shulker_box":1,"minecraft:cyan_shulker_box":1,"minecraft:wooden_axe":2,"minecraft:iron_shovel":1,"minecraft:oak_planks":1248,"minecraft:pink_shulker_box":1,"minecraft:stone":372,"minecraft:green_dye":95,"minecraft:warped_planks":24,"minecraft:hopper":21,"minecraft:bow":2,"minecraft:comparator":5,"minecraft:chest":197,"minecraft:netherite_helmet":1,"minecraft:jungle_stairs":928,"minecraft:chiseled_stone_bricks":10,"minecraft:oak_fence":9,"minecraft:oak_slab":66,"minecraft:cauldron":2,"minecraft:crafting_table":8,"minecraft:spruce_planks":1652,"minecraft:wooden_pickaxe":2,"minecraft:baked_potato":26,"minecraft:brown_dye":4,"minecraft:gold_block":141,"minecraft:black_shulker_box":3,"minecraft:dispenser":2,"minecraft:apple":192,"minecraft:spruce_trapdoor":72,"minecraft:yellow_dye":22,"minecraft:purple_dye":2,"minecraft:stick":512,"minecraft:light_blue_dye":2,"minecraft:iron_ingot":2244,"minecraft:light_blue_shulker_box":1,"minecraft:green_shulker_box":6,"minecraft:redstone_torch":58,"minecraft:shears":12,"minecraft:oak_door":30,"minecraft:redstone":126,"minecraft:coal":108,"minecraft:stone_brick_wall":4,"minecraft:tripwire_hook":2,"minecraft:furnace":8,"minecraft:piston":37,"minecraft:jungle_trapdoor":60,"minecraft:gray_dye":2,"minecraft:diamond_block":111,"minecraft:oak_trapdoor":18,"minecraft:flint_and_steel":2,"minecraft:scaffolding":696,"minecraft:netherite_leggings":1,"minecraft:yellow_shulker_box":2,"minecraft:iron_axe":6,"minecraft:iron_hoe":5,"minecraft:lime_dye":4,"minecraft:cobblestone_wall":30,"minecraft:observer":2,"minecraft:cooked_beef":7,"minecraft:red_dye":24,"minecraft:bone_block":64,"minecraft:diamond_sword":1,"minecraft:cyan_dye":2,"minecraft:purple_shulker_box":1,"minecraft:iron_sword":1,"minecraft:bucket":17,"minecraft:bread":244,"minecraft:air":0,"minecraft:jungle_planks":5620,"minecraft:blue_dye":13,"minecraft:jungle_door":6,"minecraft:white_dye":9,"minecraft:stonecutter":2,"minecraft:anvil":4,"minecraft:torch":384,"minecraft:lapis_lazuli":9,"minecraft:lapis_block":24},"minecraft:killed":{"minecraft:cave_spider":10,"minecraft:dolphin":1,"minecraft:shulker":45,"minecraft:skeleton":161,"minecraft:chicken":1,"minecraft:cat":1,"minecraft:magma_cube":1,"minecraft:pillager":3,"minecraft:zombie":264,"minecraft:glow_squid":2,"minecraft:cow":3,"minecraft:enderman":12,"minecraft:zombified_piglin":7074,"minecraft:witch":2,"minecraft:spider":79,"minecraft:axolotl":1,"minecraft:piglin":7,"minecraft:pig":1,"minecraft:zombie_villager":7,"minecraft:creeper":121,"minecraft:sheep":2,"minecraft:trader_llama":2,"minecraft:ghast":6,"minecraft:blaze":2,"minecraft:slime":2,"minecraft:phantom":27,"minecraft:drowned":12,"minecraft:bat":8,"minecraft:hoglin":3,"minecraft:squid":7,"minecraft:wither_skeleton":2},"minecraft:picked_up":{"minecraft:wooden_axe":1,"minecraft:anvil":2,"minecraft:suspicious_stew":1,"minecraft:lead":1,"minecraft:smithing_table":1,"minecraft:diamond_sword":4,"minecraft:enchanted_book":2,"minecraft:golden_sword":150,"minecraft:amethyst_block":218,"minecraft:music_disc_cat":1,"minecraft:string":287,"minecraft:diamond_leggings":1,"minecraft:gold_nugget":354,"minecraft:cobbled_deepslate":266,"minecraft:spruce_planks":44,"minecraft:azalea_leaves":37,"minecraft:diamond_ore":7,"minecraft:golden_helmet":2,"minecraft:jukebox":1,"minecraft:cyan_stained_glass":26,"minecraft:purpur_pillar":1,"minecraft:warped_button":17,"minecraft:warped_planks":113,"minecraft:golden_chestplate":2,"minecraft:gray_shulker_box":6,"minecraft:cyan_stained_glass_pane":471,"minecraft:netherite_chestplate":1,"minecraft:blaze_rod":2,"minecraft:iron_bars":11,"minecraft:snowball":857,"minecraft:feather":1,"minecraft:cooked_beef":8,"minecraft:medium_amethyst_bud":4,"minecraft:water_bucket":2,"minecraft:jungle_log":2841,"minecraft:flint":1377,"minecraft:stripped_spruce_wood":1,"minecraft:purple_stained_glass":2,"minecraft:netherite_leggings":2,"minecraft:gray_concrete":1,"minecraft:lantern":11,"minecraft:gray_concrete_powder":15,"minecraft:twisting_vines":75,"minecraft:chipped_anvil":1,"minecraft:large_amethyst_bud":11,"minecraft:stonecutter":6,"minecraft:diamond_helmet":1,"minecraft:glowstone_dust":70,"minecraft:moss_block":1294,"minecraft:warped_wart_block":20,"minecraft:ink_sac":24,"minecraft:dark_oak_log":6,"minecraft:iron_hoe":1,"minecraft:polished_andesite":1,"minecraft:deepslate":1574,"minecraft:deepslate_gold_ore":6,"minecraft:granite":1648,"minecraft:bread":5,"minecraft:rooted_dirt":1,"minecraft:diamond_pickaxe":3,"minecraft:spruce_leaves":128,"minecraft:crafting_table":25,"minecraft:leather_leggings":1,"minecraft:purpur_block":4,"minecraft:cornflower":19,"minecraft:jungle_trapdoor":5,"minecraft:elytra":2,"minecraft:deepslate_diamond_ore":72,"minecraft:beef":4,"minecraft:jungle_sapling":283,"minecraft:poppy":215,"minecraft:spruce_slab":19,"minecraft:minecart":1,"minecraft:chest":35,"minecraft:diamond_hoe":1,"minecraft:egg":9,"minecraft:copper_ore":175,"minecraft:stone":23978,"minecraft:glow_item_frame":1,"minecraft:amethyst_cluster":45,"minecraft:spruce_fence":5,"minecraft:redstone":406,"minecraft:netherite_pickaxe":5,"minecraft:cyan_shulker_box":4,"minecraft:jungle_sign":9,"minecraft:diamond_chestplate":2,"minecraft:peony":12,"minecraft:diamond_boots":2,"minecraft:deepslate_bricks":85,"minecraft:hay_block":152,"minecraft:purpur_slab":3,"minecraft:gold_ingot":38,"minecraft:totem_of_undying":2,"minecraft:white_shulker_box":10,"minecraft:glow_berries":599,"minecraft:mutton":1,"minecraft:emerald_ore":3,"minecraft:bone_block":19,"minecraft:white_wool":62,"minecraft:rail":1,"minecraft:oxeye_daisy":6,"minecraft:birch_leaves":1,"minecraft:yellow_shulker_box":5,"minecraft:jungle_fence":68,"minecraft:red_mushroom":9,"minecraft:purpur_stairs":1,"minecraft:oak_log":249,"minecraft:golden_boots":1,"minecraft:apple":3,"minecraft:stone_bricks":1403,"minecraft:warped_stem":182,"minecraft:iron_ore":39,"minecraft:flowering_azalea":36,"minecraft:smooth_basalt":4,"minecraft:sweet_berries":502,"minecraft:gravel":718,"minecraft:small_amethyst_bud":14,"minecraft:spruce_sapling":82,"minecraft:spruce_log":2141,"minecraft:firework_rocket":63,"minecraft:diamond_shovel":3,"minecraft:coal_ore":256,"minecraft:purple_bed":10,"minecraft:slime_ball":5,"minecraft:diamond_axe":4,"minecraft:deepslate_redstone_ore":81,"minecraft:birch_sign":4,"minecraft:warped_roots":7,"minecraft:baked_potato":11,"minecraft:warped_nylium":46,"minecraft:crimson_nylium":1,"minecraft:hopper":1,"minecraft:ender_pearl":27,"minecraft:shulker_shell":65,"minecraft:chiseled_deepslate":4,"minecraft:wheat":110,"minecraft:redstone_block":39,"minecraft:ender_chest":51,"minecraft:stone_brick_stairs":14,"minecraft:raw_copper":2237,"minecraft:deepslate_lapis_ore":21,"minecraft:netherite_ingot":4,"minecraft:oak_sign":8,"minecraft:black_shulker_box":11,"minecraft:dark_oak_leaves":1039,"minecraft:rose_bush":17,"minecraft:cobblestone_slab":25,"minecraft:calcite":12,"minecraft:azalea":62,"minecraft:smooth_quartz":443,"minecraft:deepslate_iron_ore":1,"minecraft:furnace":15,"minecraft:stick":424,"minecraft:orange_shulker_box":3,"minecraft:jungle_door":3,"minecraft:oak_fence":13,"minecraft:torch":344,"minecraft:spruce_stairs":23,"minecraft:porkchop":2,"minecraft:pointed_dripstone":3,"minecraft:diorite":407,"minecraft:vine":1,"minecraft:quartz_block":81,"minecraft:cactus":1,"minecraft:rotten_flesh":467,"minecraft:chorus_flower":1,"minecraft:obsidian":24,"minecraft:cobblestone":24381,"minecraft:leather_chestplate":1,"minecraft:andesite":448,"minecraft:golden_leggings":3,"minecraft:beacon":3,"minecraft:potato":119,"minecraft:tuff":107,"minecraft:green_shulker_box":10,"minecraft:lapis_lazuli":486,"minecraft:dirt":3698,"minecraft:leather_boots":1,"minecraft:bone":294,"minecraft:bow":6,"minecraft:wheat_seeds":617,"minecraft:raw_gold":16,"minecraft:bell":2,"minecraft:grindstone":1,"minecraft:bamboo":989,"minecraft:oak_planks":28,"minecraft:ghast_tear":1,"minecraft:cooked_porkchop":62,"minecraft:sand":13,"minecraft:jungle_planks":156,"minecraft:light_blue_shulker_box":11,"minecraft:grass_block":1,"minecraft:diamond_block":1,"minecraft:jungle_slab":78,"minecraft:shulker_box":33,"minecraft:jungle_leaves":1121,"minecraft:diamond":146,"minecraft:spruce_boat":63,"minecraft:netherite_helmet":2,"minecraft:bone_meal":110,"minecraft:golden_apple":8,"minecraft:white_concrete":1148,"minecraft:spruce_sign":6,"minecraft:emerald":39,"minecraft:oak_sapling":4,"minecraft:netherrack":3982,"minecraft:chorus_fruit":23,"minecraft:oak_leaves":78,"minecraft:end_stone_bricks":5,"minecraft:cocoa_beans":24,"minecraft:azure_bluet":186,"minecraft:chicken":1,"minecraft:wooden_pickaxe":1,"minecraft:stone_brick_wall":19,"minecraft:gold_block":218,"minecraft:chain":2,"minecraft:moss_carpet":175,"minecraft:stone_stairs":2,"minecraft:item_frame":2,"minecraft:quartz_slab":336,"minecraft:blackstone":44,"minecraft:oak_boat":5,"minecraft:player_head":34,"minecraft:blue_shulker_box":4,"minecraft:sugar_cane":22,"minecraft:phantom_membrane":25,"minecraft:spruce_trapdoor":47,"minecraft:dark_oak_sapling":8,"minecraft:raw_iron":397,"minecraft:end_stone":271,"minecraft:flowering_azalea_leaves":12,"minecraft:note_block":3,"minecraft:trident":3,"minecraft:weeping_vines":3,"minecraft:arrow":194,"minecraft:red_shulker_box":2,"minecraft:jungle_stairs":117,"minecraft:nether_bricks":18,"minecraft:netherite_boots":1,"minecraft:glow_ink_sac":9,"minecraft:jungle_boat":15,"minecraft:basalt":89,"minecraft:golden_carrot":52,"minecraft:salmon":1,"minecraft:leather":4,"minecraft:crimson_fungus":1,"minecraft:cobblestone_wall":60,"minecraft:gunpowder":81,"minecraft:cobblestone_stairs":1,"minecraft:iron_ingot":7,"minecraft:book":12,"minecraft:oak_slab":2,"minecraft:scaffolding":1545,"minecraft:warped_fungus":55,"minecraft:nether_quartz_ore":15,"minecraft:emerald_block":145,"minecraft:chiseled_stone_bricks":4,"minecraft:stone_brick_slab":8,"minecraft:quartz":3490,"minecraft:dandelion":31,"minecraft:dripstone_block":97,"minecraft:blast_furnace":2,"minecraft:white_bed":5,"minecraft:spruce_door":11,"minecraft:spider_eye":64,"minecraft:pumpkin_seeds":8,"minecraft:white_concrete_powder":651,"minecraft:netherite_hoe":2,"minecraft:black_wool":1,"minecraft:coal":2420},"minecraft:dropped":{"minecraft:iron_sword":1,"minecraft:lapis_lazuli":175,"minecraft:cooked_beef":5,"minecraft:glow_ink_sac":8,"minecraft:chorus_fruit":23,"minecraft:emerald_ore":2,"minecraft:diamond":2,"minecraft:glass_bottle":1,"minecraft:crafting_table":3,"minecraft:cooked_porkchop":10,"minecraft:weeping_vines":2,"minecraft:glow_berries":6,"minecraft:warped_roots":7,"minecraft:purpur_stairs":1,"minecraft:rail":1,"minecraft:leather_helmet":1,"minecraft:emerald":5,"minecraft:dirt":625,"minecraft:netherite_boots":1,"minecraft:jungle_sapling":14,"minecraft:gold_nugget":196,"minecraft:bone_block":12,"minecraft:bone_meal":4,"minecraft:sand":3,"minecraft:phantom_membrane":2,"minecraft:iron_pickaxe":1,"minecraft:small_amethyst_bud":2,"minecraft:white_wool":2,"minecraft:bone":187,"minecraft:sugar_cane":22,"minecraft:iron_nugget":2,"minecraft:golden_chestplate":2,"minecraft:cobbled_deepslate":44,"minecraft:obsidian":3,"minecraft:grindstone":1,"minecraft:rotten_flesh":1256,"minecraft:oak_planks":18,"minecraft:end_stone":12,"minecraft:azure_bluet":85,"minecraft:salmon":1,"minecraft:coal_ore":126,"minecraft:leather_boots":2,"minecraft:leather_leggings":1,"minecraft:end_stone_bricks":1,"minecraft:warped_wart_block":15,"minecraft:ghast_tear":1,"minecraft:egg":1,"minecraft:enchanted_book":4,"minecraft:golden_boots":2,"minecraft:iron_ingot":5,"minecraft:netherite_pickaxe":1,"minecraft:birch_leaves":1,"minecraft:cyan_stained_glass":1,"minecraft:wheat_seeds":226,"minecraft:dripstone_block":91,"minecraft:netherite_helmet":1,"minecraft:netherite_chestplate":1,"minecraft:oak_fence":8,"minecraft:purpur_slab":3,"minecraft:feather":1,"minecraft:cobblestone":2578,"minecraft:granite":492,"minecraft:coal":236,"minecraft:golden_carrot":141,"minecraft:potion":2,"minecraft:iron_shovel":1,"minecraft:paper":8,"minecraft:string":52,"minecraft:spruce_sapling":7,"minecraft:purpur_pillar":1,"minecraft:moss_carpet":6,"minecraft:netherite_hoe":2,"minecraft:player_head":6,"minecraft:cobblestone_wall":2,"minecraft:bowl":1,"minecraft:deepslate":210,"minecraft:diamond_hoe":3,"minecraft:chicken":2,"minecraft:shears":1,"minecraft:suspicious_stew":2,"minecraft:diamond_sword":2,"minecraft:potato":1,"minecraft:spruce_boat":1,"minecraft:stone":3999,"minecraft:spruce_planks":3,"minecraft:diamond_pickaxe":1,"minecraft:stone_bricks":3,"minecraft:warped_button":1,"minecraft:spider_eye":22,"minecraft:bow":5,"minecraft:black_wool":1,"minecraft:crimson_nylium":1,"minecraft:warped_stem":1,"minecraft:moss_block":38,"minecraft:birch_planks":1,"minecraft:diamond_axe":3,"minecraft:warped_fungus":2,"minecraft:baked_potato":10,"minecraft:ender_pearl":8,"minecraft:jungle_fence":1,"minecraft:leather":6,"minecraft:jungle_planks":16,"minecraft:flint":808,"minecraft:deepslate_gold_ore":6,"minecraft:dark_oak_log":6,"minecraft:snowball":846,"minecraft:glistering_melon_slice":6,"minecraft:gold_ingot":7,"minecraft:gravel":13,"minecraft:crimson_fungus":1,"minecraft:purpur_block":4,"minecraft:twisting_vines":24,"minecraft:pointed_dripstone":3,"minecraft:diamond_shovel":1,"minecraft:shulker_shell":1,"minecraft:poppy":134,"minecraft:leather_chestplate":1,"minecraft:gunpowder":58,"minecraft:azalea":3,"minecraft:iron_ore":24,"minecraft:basalt":29,"minecraft:arrow":121,"minecraft:white_concrete_powder":128,"minecraft:quartz":9,"minecraft:written_book":1,"minecraft:oak_leaves":22,"minecraft:netherrack":2853,"minecraft:vine":1,"minecraft:golden_helmet":2,"minecraft:chorus_flower":1,"minecraft:deepslate_iron_ore":1,"minecraft:diamond_leggings":1,"minecraft:amethyst_block":3,"minecraft:grass_block":1,"minecraft:stick":142,"minecraft:diorite":414,"minecraft:torch":2,"minecraft:white_concrete":64,"minecraft:iron_axe":1,"minecraft:cactus":1,"minecraft:redstone_block":39,"minecraft:smooth_basalt":4,"minecraft:redstone":5,"minecraft:sweet_berries":13,"minecraft:warped_nylium":2,"minecraft:raw_copper":1015,"minecraft:tuff":105,"minecraft:raw_iron":47,"minecraft:iron_hoe":3,"minecraft:shulker_box":4,"minecraft:netherite_leggings":1,"minecraft:flint_and_steel":1,"minecraft:copper_ore":158,"minecraft:filled_map":1,"minecraft:diamond_chestplate":1,"minecraft:andesite":208,"minecraft:golden_leggings":3,"minecraft:oak_boat":2,"minecraft:oak_sapling":1,"minecraft:golden_sword":232,"minecraft:birch_sign":4,"minecraft:diamond_boots":1,"minecraft:slime_ball":5,"minecraft:spruce_log":2,"minecraft:raw_gold":4,"minecraft:calcite":8}},"DataVersion":2865}