{"stats":{"minecraft:custom":{"minecraft:mob_kills":74,"minecraft:interact_with_crafting_table":17,"minecraft:open_barrel":4,"minecraft:open_shulker_box":7,"minecraft:interact_with_campfire":8,"minecraft:leave_game":9,"minecraft:time_since_death":634914,"minecraft:climb_one_cm":24419,"minecraft:damage_resisted":104,"minecraft:sprint_one_cm":1744379,"minecraft:walk_one_cm":1887928,"minecraft:damage_blocked_by_shield":1420,"minecraft:drop":41,"minecraft:talked_to_villager":5,"minecraft:play_time":634914,"minecraft:sneak_time":28503,"minecraft:walk_under_water_one_cm":241392,"minecraft:boat_one_cm":4625292,"minecraft:interact_with_lectern":5,"minecraft:jump":12374,"minecraft:walk_on_water_one_cm":175368,"minecraft:total_world_time":634914,"minecraft:interact_with_furnace":5,"minecraft:interact_with_cartography_table":1,"minecraft:sleep_in_bed":2,"minecraft:time_since_rest":160570,"minecraft:open_enderchest":2,"minecraft:damage_taken":3004,"minecraft:damage_dealt":13203,"minecraft:swim_one_cm":598096,"minecraft:fly_one_cm":2854117,"minecraft:open_chest":60,"minecraft:crouch_one_cm":82651,"minecraft:interact_with_smoker":1,"minecraft:fall_one_cm":310413},"minecraft:crafted":{"minecraft:wooden_sword":1,"minecraft:oak_planks":20,"minecraft:oak_sign":3,"minecraft:furnace":1,"minecraft:flint_and_steel":1,"minecraft:iron_axe":1,"minecraft:stone_pickaxe":1,"minecraft:spruce_boat":1,"minecraft:wheat":191,"minecraft:oak_slab":18,"minecraft:wooden_shovel":1,"minecraft:crafting_table":2,"minecraft:spruce_planks":24,"minecraft:wooden_pickaxe":1,"minecraft:bucket":1,"minecraft:birch_planks":8,"minecraft:bread":66,"minecraft:oak_boat":2,"minecraft:dark_oak_slab":12,"minecraft:shield":1,"minecraft:stick":16,"minecraft:iron_ingot":19,"minecraft:wooden_axe":1,"minecraft:stone_sword":1,"minecraft:torch":32},"minecraft:picked_up":{"minecraft:crafting_table":6,"minecraft:wheat":9,"minecraft:oak_stairs":11,"minecraft:potion":1,"minecraft:brewing_stand":1,"minecraft:amethyst_block":64,"minecraft:string":4,"minecraft:elytra":1,"minecraft:blackstone":7,"minecraft:red_sand":8,"minecraft:cobbled_deepslate":64,"minecraft:spruce_planks":20,"minecraft:beef":4,"minecraft:oak_boat":7,"minecraft:calcite":1,"minecraft:player_head":4,"minecraft:iron_nugget":15,"minecraft:spruce_slab":1,"minecraft:chest":3,"minecraft:phantom_membrane":10,"minecraft:stick":8,"minecraft:raw_iron":19,"minecraft:stone":8,"minecraft:brown_terracotta":41,"minecraft:oak_fence":9,"minecraft:torch":3,"minecraft:spruce_stairs":13,"minecraft:spruce_fence":1,"minecraft:porkchop":9,"minecraft:diorite":5,"minecraft:carrot":1,"minecraft:dark_oak_planks":39,"minecraft:arrow":17,"minecraft:rotten_flesh":40,"minecraft:jungle_stairs":5,"minecraft:hay_block":29,"minecraft:obsidian":42,"minecraft:cobblestone":221,"minecraft:birch_log":18,"minecraft:cooked_beef":2,"minecraft:magma_block":2,"minecraft:basalt":202,"minecraft:feather":7,"minecraft:lilac":8,"minecraft:golden_carrot":128,"minecraft:leather":6,"minecraft:dark_oak_boat":1,"minecraft:jungle_fence":10,"minecraft:smoker":1,"minecraft:flint":11,"minecraft:oak_log":5,"minecraft:gunpowder":2,"minecraft:dirt":98,"minecraft:orange_terracotta":62,"minecraft:bone":35,"minecraft:stone_bricks":1,"minecraft:kelp":166,"minecraft:rabbit_hide":1,"minecraft:bell":1,"minecraft:oak_planks":17,"minecraft:dark_oak_stairs":21,"minecraft:oak_slab":25,"minecraft:dark_oak_slab":12,"minecraft:milk_bucket":1,"minecraft:cooked_porkchop":6,"minecraft:pumpkin":5,"minecraft:sweet_berries":45,"minecraft:jungle_planks":6,"minecraft:ink_sac":3,"minecraft:spruce_log":6,"minecraft:crying_obsidian":1,"minecraft:jungle_slab":28,"minecraft:spider_eye":1,"minecraft:light_gray_terracotta":1,"minecraft:purple_bed":1,"minecraft:diamond":2,"minecraft:spruce_boat":19,"minecraft:granite":7,"minecraft:terracotta":80,"minecraft:oak_sapling":5,"minecraft:netherrack":42,"minecraft:dark_oak_fence":3,"minecraft:coal":59,"minecraft:sunflower":6},"minecraft:mined":{"minecraft:dark_oak_planks":39,"minecraft:crying_obsidian":2,"minecraft:tuff":9,"minecraft:spruce_planks":20,"minecraft:dark_oak_leaves":2,"minecraft:deepslate_diamond_ore":2,"minecraft:jungle_slab":31,"minecraft:brewing_stand":1,"minecraft:obsidian":42,"minecraft:granite":20,"minecraft:dark_oak_fence":3,"minecraft:budding_amethyst":2,"minecraft:red_sand":16,"minecraft:grass_block":63,"minecraft:spruce_fence":1,"minecraft:jungle_planks":6,"minecraft:spruce_leaves":4,"minecraft:large_fern":1,"minecraft:hay_block":29,"minecraft:iron_ore":17,"minecraft:andesite":3,"minecraft:pumpkin":5,"minecraft:dark_oak_stairs":21,"minecraft:bell":1,"minecraft:deepslate_iron_ore":2,"minecraft:oak_stairs":11,"minecraft:packed_ice":13,"minecraft:stone":249,"minecraft:spruce_slab":1,"minecraft:oak_slab":24,"minecraft:blackstone":8,"minecraft:kelp_plant":1,"minecraft:smoker":1,"minecraft:orange_terracotta":78,"minecraft:basalt":226,"minecraft:oak_fence":9,"minecraft:crafting_table":6,"minecraft:torch":2,"minecraft:light_gray_terracotta":1,"minecraft:jungle_stairs":5,"minecraft:calcite":6,"minecraft:chest":3,"minecraft:dead_bush":3,"minecraft:cobblestone":5,"minecraft:oak_planks":17,"minecraft:diorite":1,"minecraft:amethyst_block":64,"minecraft:spruce_stairs":16,"minecraft:red_terracotta":1,"minecraft:purple_bed":1,"minecraft:dark_oak_slab":12,"minecraft:birch_log":18,"minecraft:lilac":8,"minecraft:spruce_log":6,"minecraft:birch_leaves":1,"minecraft:jungle_fence":10,"minecraft:grass":2,"minecraft:oak_log":5,"minecraft:coal_ore":59,"minecraft:sunflower":6,"minecraft:gravel":11,"minecraft:dirt":49,"minecraft:brown_terracotta":46,"minecraft:terracotta":93,"minecraft:stone_bricks":1,"minecraft:netherrack":47,"minecraft:oak_leaves":19,"minecraft:deepslate":102},"minecraft:dropped":{"minecraft:oak_slab":1,"minecraft:birch_planks":2,"minecraft:porkchop":2,"minecraft:feather":7,"minecraft:leather":6,"minecraft:diorite":1,"minecraft:ink_sac":3,"minecraft:wooden_axe":1,"minecraft:potion":1,"minecraft:wooden_sword":1,"minecraft:dark_oak_planks":1,"minecraft:bucket":1,"minecraft:kelp":207,"minecraft:sweet_berries":14,"minecraft:player_head":1,"minecraft:stone_sword":1,"minecraft:cobbled_deepslate":9,"minecraft:wheat":2,"minecraft:rotten_flesh":16,"minecraft:spruce_boat":1,"minecraft:hay_block":6,"minecraft:wooden_shovel":1,"minecraft:spider_eye":1,"minecraft:wooden_pickaxe":1,"minecraft:beef":2,"minecraft:arrow":5,"minecraft:red_sand":2,"minecraft:calcite":1,"minecraft:magma_block":2},"minecraft:killed":{"minecraft:spider":5,"minecraft:phantom":15,"minecraft:skeleton":14,"minecraft:drowned":5,"minecraft:magma_cube":5,"minecraft:pig":4,"minecraft:creeper":2,"minecraft:zombie":21,"minecraft:cow":2},"minecraft:used":{"minecraft:oak_fence":5,"minecraft:stone_sword":15,"minecraft:red_sand":1,"minecraft:flint_and_steel":4,"minecraft:chest":2,"minecraft:spruce_planks":19,"minecraft:shield":34,"minecraft:player_head":1,"minecraft:netherrack":1,"minecraft:torch":25,"minecraft:dirt":67,"minecraft:jungle_slab":21,"minecraft:milk_bucket":1,"minecraft:obsidian":40,"minecraft:spruce_boat":19,"minecraft:dark_oak_planks":14,"minecraft:wooden_axe":57,"minecraft:iron_axe":217,"minecraft:oak_stairs":5,"minecraft:dark_oak_slab":12,"minecraft:basalt":153,"minecraft:golden_carrot":85,"minecraft:dark_oak_boat":1,"minecraft:sweet_berries":23,"minecraft:furnace":1,"minecraft:oak_sapling":5,"minecraft:cobbled_deepslate":55,"minecraft:orange_terracotta":15,"minecraft:dark_oak_stairs":11,"minecraft:water_bucket":69,"minecraft:jungle_fence":6,"minecraft:oak_planks":1,"minecraft:wooden_pickaxe":16,"minecraft:oak_slab":41,"minecraft:crafting_table":7,"minecraft:smoker":1,"minecraft:diamond_pickaxe":1089,"minecraft:diamond_shovel":130,"minecraft:diamond_sword":217,"minecraft:cobblestone":87,"minecraft:purple_bed":1,"minecraft:porkchop":1,"minecraft:dark_oak_fence":3,"minecraft:bucket":70,"minecraft:oak_boat":8,"minecraft:experience_bottle":1}},"DataVersion":2975}