{"stats":{"minecraft:picked_up":{"minecraft:wooden_axe":1,"minecraft:iron_chestplate":3,"minecraft:anvil":2,"minecraft:prismarine_shard":155,"minecraft:smithing_table":2,"minecraft:lead":43,"minecraft:diamond_sword":7,"minecraft:oak_stairs":3,"minecraft:enchanted_book":22,"minecraft:golden_shovel":1,"minecraft:purple_shulker_box":2,"minecraft:golden_sword":89,"minecraft:blue_concrete":194,"minecraft:polished_blackstone_brick_stairs":6,"minecraft:string":299,"minecraft:soul_soil":9,"minecraft:cooked_salmon":6,"minecraft:pufferfish":10,"minecraft:shroomlight":3,"minecraft:sculk_shrieker":14,"minecraft:beetroot":9,"minecraft:diamond_leggings":2,"minecraft:gold_nugget":2670,"minecraft:cobbled_deepslate":1313,"minecraft:spruce_planks":175,"minecraft:written_book":15,"minecraft:melon_slice":5,"minecraft:mangrove_log":5,"minecraft:dark_oak_door":1,"minecraft:golden_helmet":4,"minecraft:big_dripleaf":6,"minecraft:acacia_log":15,"minecraft:golden_axe":9,"minecraft:end_crystal":2,"minecraft:golden_chestplate":4,"minecraft:black_dye":43,"minecraft:stone_sword":8,"minecraft:tropical_fish":15,"minecraft:blue_dye":2,"minecraft:iron_block":10,"minecraft:carved_pumpkin":2,"minecraft:end_rod":3,"minecraft:tadpole_bucket":2,"minecraft:netherite_chestplate":2,"minecraft:blaze_rod":31,"minecraft:iron_bars":6,"minecraft:snowball":250,"minecraft:sponge":1,"minecraft:birch_log":52,"minecraft:magma_block":45,"minecraft:feather":11,"minecraft:cooked_beef":257,"minecraft:water_bucket":6,"minecraft:dark_oak_boat":1,"minecraft:copper_block":156,"minecraft:flint":36,"minecraft:netherite_leggings":4,"minecraft:lantern":1,"minecraft:dark_oak_sign":2,"minecraft:rabbit":1,"minecraft:diamond_helmet":4,"minecraft:glowstone_dust":5,"minecraft:moss_block":93,"minecraft:honeycomb":12,"minecraft:chiseled_polished_blackstone":68,"minecraft:warped_wart_block":1,"minecraft:stripped_spruce_log":1,"minecraft:ink_sac":35,"minecraft:dark_oak_log":161,"minecraft:red_terracotta":4,"minecraft:barrel":15,"minecraft:quartz_bricks":11,"minecraft:dispenser":1,"minecraft:black_concrete_powder":4,"minecraft:deepslate":29,"minecraft:writable_book":8,"minecraft:granite":38,"minecraft:spruce_button":2,"minecraft:chainmail_helmet":1,"minecraft:bread":41,"minecraft:dark_oak_fence":18,"minecraft:crimson_roots":15,"minecraft:diamond_pickaxe":6,"minecraft:mud":37,"minecraft:coarse_dirt":1,"minecraft:crafting_table":10,"minecraft:bee_nest":1,"minecraft:nether_wart":43,"minecraft:clay_ball":141,"minecraft:leather_leggings":1,"minecraft:dragon_head":3,"minecraft:purpur_block":1,"minecraft:cornflower":4,"minecraft:elytra":20,"minecraft:flint_and_steel":4,"minecraft:snow":8,"minecraft:netherite_scrap":1,"minecraft:white_stained_glass":8,"minecraft:compass":1,"minecraft:iron_shovel":4,"minecraft:glass_pane":9,"minecraft:netherite_sword":8,"minecraft:deepslate_diamond_ore":2,"minecraft:beef":18,"minecraft:iron_nugget":46,"minecraft:poppy":4,"minecraft:spruce_slab":2,"minecraft:quartz_stairs":1,"minecraft:chest":3,"minecraft:diamond_hoe":1,"minecraft:egg":45,"minecraft:sandstone":22,"minecraft:stone":105,"minecraft:oak_door":6,"minecraft:carrot":1036,"minecraft:redstone":152,"minecraft:netherite_pickaxe":2,"minecraft:prismarine_crystals":149,"minecraft:cooked_cod":67,"minecraft:beetroot_seeds":21,"minecraft:shears":1,"minecraft:hay_block":95,"minecraft:purpur_slab":1,"minecraft:gold_ingot":166,"minecraft:totem_of_undying":17,"minecraft:glow_berries":1,"minecraft:mutton":5,"minecraft:rail":3,"minecraft:white_wool":655,"minecraft:bone_block":47,"minecraft:oxeye_daisy":1,"minecraft:clock":1,"minecraft:tripwire_hook":1,"minecraft:red_mushroom":15,"minecraft:filled_map":37,"minecraft:oak_log":450,"minecraft:ancient_debris":45,"minecraft:golden_boots":5,"minecraft:sculk_vein":4,"minecraft:paper":166,"minecraft:white_banner":10,"minecraft:apple":15,"minecraft:stone_bricks":1,"minecraft:kelp":23,"minecraft:warped_stem":3,"minecraft:spore_blossom":7,"minecraft:stone_pickaxe":1,"minecraft:cobweb":286,"minecraft:glass_bottle":10,"minecraft:iron_sword":3,"minecraft:flowering_azalea":3,"minecraft:dark_oak_stairs":13,"minecraft:white_stained_glass_pane":3,"minecraft:dark_oak_slab":28,"minecraft:light_gray_stained_glass":6,"minecraft:sweet_berries":244,"minecraft:sculk":76,"minecraft:yellow_concrete":2,"minecraft:lime_concrete":3,"minecraft:gravel":1481,"minecraft:spruce_sapling":27,"minecraft:spruce_log":628,"minecraft:crying_obsidian":4,"minecraft:sea_lantern":32,"minecraft:leather_helmet":1,"minecraft:firework_rocket":248,"minecraft:diamond_shovel":4,"minecraft:slime_ball":54,"minecraft:diamond_axe":2,"minecraft:painting":24,"minecraft:birch_sign":1,"minecraft:gray_wool":2,"minecraft:warped_roots":8,"minecraft:baked_potato":95,"minecraft:mangrove_propagule":2,"minecraft:warped_nylium":2,"minecraft:stripped_dark_oak_log":9,"minecraft:crimson_nylium":2,"minecraft:smooth_quartz_slab":2,"minecraft:hopper":1,"minecraft:ender_pearl":173,"minecraft:shulker_shell":160,"minecraft:wheat":166,"minecraft:light_blue_concrete":42,"minecraft:ender_chest":8,"minecraft:nether_brick_fence":12,"minecraft:light_gray_shulker_box":29,"minecraft:potion":9,"minecraft:raw_copper":1416,"minecraft:iron_leggings":5,"minecraft:sticky_piston":3,"minecraft:netherite_ingot":1,"minecraft:oak_sign":14,"minecraft:sea_pickle":4,"minecraft:deepslate_tiles":1,"minecraft:bucket":2,"minecraft:redstone_torch":2,"minecraft:azalea":1,"minecraft:smooth_quartz":1,"minecraft:iron_pickaxe":4,"minecraft:smooth_quartz_stairs":1,"minecraft:iron_boots":4,"minecraft:furnace":1,"minecraft:blue_wool":1,"minecraft:tipped_arrow":1,"minecraft:stick":258,"minecraft:torch":25,"minecraft:spruce_stairs":1,"minecraft:snow_block":51,"minecraft:netherite_shovel":1,"minecraft:target":4,"minecraft:pointed_dripstone":9,"minecraft:diorite":63,"minecraft:goat_horn":1,"minecraft:quartz_block":5,"minecraft:cactus":47,"minecraft:rotten_flesh":2500,"minecraft:mangrove_roots":3,"minecraft:obsidian":362,"minecraft:cod":27,"minecraft:cobblestone":1194,"minecraft:leather_chestplate":1,"minecraft:lilac":1,"minecraft:magma_cream":1,"minecraft:repeater":1,"minecraft:andesite":39,"minecraft:golden_leggings":1,"minecraft:beacon":2,"minecraft:potato":369,"minecraft:tuff":115,"minecraft:prismarine_bricks":19,"minecraft:warped_trapdoor":1,"minecraft:wither_skeleton_skull":21,"minecraft:dirt":807,"minecraft:lapis_lazuli":155,"minecraft:leather_boots":2,"minecraft:glass":122,"minecraft:bone":435,"minecraft:bow":34,"minecraft:wheat_seeds":462,"minecraft:raw_gold":1570,"minecraft:deepslate_brick_slab":2,"minecraft:netherite_axe":1,"minecraft:bamboo":127,"minecraft:prismarine":72,"minecraft:oak_planks":14,"minecraft:ghast_tear":26,"minecraft:cooked_porkchop":411,"minecraft:axolotl_bucket":3,"minecraft:poisonous_potato":2,"minecraft:sand":1203,"minecraft:grass_block":14,"minecraft:lily_of_the_valley":4,"minecraft:diamond_block":21,"minecraft:spectral_arrow":30,"minecraft:shulker_box":305,"minecraft:mossy_cobblestone":5,"minecraft:spruce_boat":49,"minecraft:diamond":502,"minecraft:slime_block":2,"minecraft:black_concrete":554,"minecraft:netherite_helmet":3,"minecraft:soul_lantern":13,"minecraft:cracked_polished_blackstone_bricks":92,"minecraft:crossbow":17,"minecraft:bone_meal":15,"minecraft:white_concrete":1,"minecraft:golden_apple":76,"minecraft:spruce_sign":12,"minecraft:emerald":60,"minecraft:oak_sapling":110,"minecraft:netherrack":11014,"minecraft:chorus_fruit":18,"minecraft:oak_leaves":1,"minecraft:nether_star":1,"minecraft:chicken":1,"minecraft:ladder":1,"minecraft:brown_mushroom":18,"minecraft:packed_ice":572,"minecraft:cooked_rabbit":3,"minecraft:gold_block":235,"minecraft:shield":6,"minecraft:moss_carpet":29,"minecraft:iron_axe":3,"minecraft:item_frame":18,"minecraft:blackstone":311,"minecraft:echo_shard":8,"minecraft:oak_boat":37,"minecraft:player_head":110,"minecraft:observer":1,"minecraft:light_gray_wool":5,"minecraft:lectern":1,"minecraft:sugar_cane":462,"minecraft:phantom_membrane":55,"minecraft:spruce_trapdoor":1,"minecraft:dark_oak_sapling":2,"minecraft:raw_iron":3076,"minecraft:end_stone":100,"minecraft:copper_ingot":1,"minecraft:note_block":1,"minecraft:polished_blackstone_bricks":85,"minecraft:trident":3,"minecraft:iron_horse_armor":1,"minecraft:dark_oak_planks":153,"minecraft:weeping_vines":3,"minecraft:arrow":634,"minecraft:pumpkin_pie":193,"minecraft:nether_bricks":32,"minecraft:saddle":3,"minecraft:wet_sponge":6,"minecraft:netherite_boots":3,"minecraft:jungle_boat":1,"minecraft:dark_oak_button":4,"minecraft:basalt":321,"minecraft:golden_carrot":458,"minecraft:crimson_stem":16,"minecraft:glow_ink_sac":11,"minecraft:salmon":3,"minecraft:leather":168,"minecraft:crimson_fungus":6,"minecraft:nether_wart_block":3,"minecraft:gunpowder":386,"minecraft:orange_terracotta":6,"minecraft:cooked_mutton":38,"minecraft:rabbit_hide":3,"minecraft:spruce_wood":1,"minecraft:iron_ingot":30,"minecraft:cooked_chicken":6,"minecraft:soul_sand":11,"minecraft:green_dye":2,"minecraft:book":68,"minecraft:sculk_catalyst":93,"minecraft:scaffolding":2,"minecraft:warped_fungus":1,"minecraft:birch_boat":90,"minecraft:pumpkin":8,"minecraft:stone_brick_slab":1,"minecraft:quartz":860,"minecraft:dandelion":3,"minecraft:raw_iron_block":5,"minecraft:dripstone_block":57,"minecraft:amethyst_shard":19,"minecraft:soul_torch":1,"minecraft:white_bed":4,"minecraft:dark_oak_fence_gate":4,"minecraft:spider_eye":140,"minecraft:pumpkin_seeds":8,"minecraft:terracotta":6,"minecraft:black_wool":1,"minecraft:netherite_hoe":2,"minecraft:damaged_anvil":1,"minecraft:dark_oak_wood":6,"minecraft:coal":1375},"minecraft:killed":{"minecraft:cave_spider":5,"minecraft:pufferfish":14,"minecraft:shulker":92,"minecraft:skeleton":235,"minecraft:guardian":251,"minecraft:chicken":9,"minecraft:skeleton_horse":1,"minecraft:magma_cube":1,"minecraft:salmon":7,"minecraft:iron_golem":1,"minecraft:ender_dragon":1,"minecraft:pillager":33,"minecraft:zombie":250,"minecraft:cow":32,"minecraft:evoker":5,"minecraft:vindicator":17,"minecraft:warden":17,"minecraft:rabbit":5,"minecraft:frog":4,"minecraft:wandering_trader":1,"minecraft:ravager":1,"minecraft:polar_bear":11,"minecraft:enderman":136,"minecraft:zombified_piglin":85,"minecraft:witch":10,"minecraft:spider":91,"minecraft:wither":1,"minecraft:axolotl":1,"minecraft:silverfish":1,"minecraft:piglin_brute":92,"minecraft:wolf":1,"minecraft:piglin":249,"minecraft:pig":43,"minecraft:zombie_villager":8,"minecraft:creeper":164,"minecraft:sheep":12,"minecraft:trader_llama":1,"minecraft:ghast":16,"minecraft:mooshroom":7,"minecraft:stray":2,"minecraft:blaze":16,"minecraft:vex":11,"minecraft:slime":57,"minecraft:phantom":41,"minecraft:drowned":22,"minecraft:bat":3,"minecraft:hoglin":40,"minecraft:squid":8,"minecraft:wither_skeleton":74},"minecraft:dropped":{"minecraft:crimson_stem":4,"minecraft:glow_ink_sac":11,"minecraft:chorus_fruit":1,"minecraft:lapis_lazuli":7,"minecraft:cooked_beef":8,"minecraft:glass_bottle":17,"minecraft:crafting_table":1,"minecraft:dark_oak_slab":2,"minecraft:weeping_vines":3,"minecraft:crossbow":14,"minecraft:cookie":7,"minecraft:glow_berries":1,"minecraft:warped_roots":8,"minecraft:saddle":1,"minecraft:rail":3,"minecraft:leather_helmet":1,"minecraft:item_frame":8,"minecraft:emerald":6,"minecraft:dirt":199,"minecraft:writable_book":1,"minecraft:gold_nugget":2499,"minecraft:bone_meal":4,"minecraft:phantom_membrane":48,"minecraft:sand":89,"minecraft:iron_pickaxe":2,"minecraft:white_wool":16,"minecraft:dark_oak_planks":3,"minecraft:fishing_rod":1,"minecraft:dark_oak_boat":1,"minecraft:bone":194,"minecraft:stone_axe":1,"minecraft:sugar_cane":12,"minecraft:cooked_chicken":6,"minecraft:iron_nugget":69,"minecraft:golden_chestplate":4,"minecraft:cobbled_deepslate":514,"minecraft:netherite_sword":5,"minecraft:wheat":4,"minecraft:obsidian":69,"minecraft:rotten_flesh":2287,"minecraft:oak_planks":26,"minecraft:netherite_shovel":1,"minecraft:glowstone_dust":5,"minecraft:golden_shovel":1,"minecraft:nether_brick_fence":9,"minecraft:white_bed":1,"minecraft:warped_planks":4,"minecraft:echo_shard":2,"minecraft:tipped_arrow":1,"minecraft:leather_boots":3,"minecraft:ladder":3,"minecraft:leather_leggings":1,"minecraft:glass":1,"minecraft:beef":1,"minecraft:warped_wart_block":1,"minecraft:crying_obsidian":1,"minecraft:enchanted_book":2,"minecraft:iron_ingot":22,"minecraft:golden_boots":5,"minecraft:netherite_pickaxe":1,"minecraft:wheat_seeds":297,"minecraft:tnt":2,"minecraft:dripstone_block":5,"minecraft:feather":7,"minecraft:tadpole_bucket":1,"minecraft:prismarine_crystals":15,"minecraft:cobblestone":270,"minecraft:granite":18,"minecraft:spruce_button":1,"minecraft:disc_fragment_5":3,"minecraft:chainmail_helmet":1,"minecraft:coal":152,"minecraft:end_rod":3,"minecraft:gray_wool":2,"minecraft:sculk":1,"minecraft:golden_carrot":170,"minecraft:ink_sac":6,"minecraft:wooden_axe":1,"minecraft:cooked_salmon":4,"minecraft:diamond_helmet":2,"minecraft:potion":5,"minecraft:pumpkin":8,"minecraft:heart_of_the_sea":4,"minecraft:white_banner":8,"minecraft:mud":4,"minecraft:iron_shovel":2,"minecraft:paper":3,"minecraft:string":202,"minecraft:spruce_sapling":22,"minecraft:stone_brick_slab":1,"minecraft:furnace":1,"minecraft:moss_carpet":18,"minecraft:player_head":58,"minecraft:netherite_hoe":1,"minecraft:soul_torch":2,"minecraft:stone_sword":8,"minecraft:deepslate":10,"minecraft:bowl":2,"minecraft:clay_ball":53,"minecraft:iron_boots":1,"minecraft:nether_bricks":4,"minecraft:shears":1,"minecraft:pumpkin_seeds":4,"minecraft:diamond_sword":5,"minecraft:big_dripleaf":6,"minecraft:potato":36,"minecraft:hay_block":73,"minecraft:stone":5,"minecraft:spruce_boat":4,"minecraft:sea_pickle":27,"minecraft:spruce_trapdoor":1,"minecraft:spruce_planks":77,"minecraft:diamond_pickaxe":4,"minecraft:spider_eye":103,"minecraft:sandstone":6,"minecraft:birch_boat":1,"minecraft:bow":26,"minecraft:magma_block":42,"minecraft:cooked_rabbit":2,"minecraft:terracotta":6,"minecraft:spruce_sign":2,"minecraft:moss_block":4,"minecraft:soul_sand":4,"minecraft:birch_planks":15,"minecraft:warped_fungus":1,"minecraft:ender_pearl":104,"minecraft:dark_oak_sapling":1,"minecraft:lantern":1,"minecraft:leather":125,"minecraft:cod":6,"minecraft:flint":34,"minecraft:cracked_polished_blackstone_bricks":62,"minecraft:packed_ice":88,"minecraft:polished_blackstone_brick_stairs":3,"minecraft:cornflower":2,"minecraft:mutton":1,"minecraft:crimson_roots":13,"minecraft:cooked_cod":20,"minecraft:snowball":92,"minecraft:pumpkin_pie":60,"minecraft:axolotl_bucket":3,"minecraft:polished_blackstone_bricks":26,"minecraft:birch_log":46,"minecraft:gold_ingot":173,"minecraft:gravel":76,"minecraft:chiseled_polished_blackstone":39,"minecraft:crimson_fungus":6,"minecraft:purpur_block":1,"minecraft:blackstone":174,"minecraft:spyglass":1,"minecraft:music_disc_otherside":1,"minecraft:pointed_dripstone":8,"minecraft:diamond_shovel":1,"minecraft:prismarine":121,"minecraft:cooked_mutton":8,"minecraft:poppy":3,"minecraft:rabbit_hide":3,"minecraft:leather_chestplate":1,"minecraft:trident":2,"minecraft:gunpowder":32,"minecraft:beetroot_seeds":12,"minecraft:arrow":433,"minecraft:basalt":256,"minecraft:quartz":849,"minecraft:written_book":3,"minecraft:oak_leaves":1,"minecraft:netherrack":8013,"minecraft:firework_rocket":63,"minecraft:water_bucket":2,"minecraft:bread":66,"minecraft:golden_helmet":4,"minecraft:mossy_cobblestone":1,"minecraft:diamond_leggings":2,"minecraft:poisonous_potato":1,"minecraft:prismarine_shard":140,"minecraft:mangrove_propagule":1,"minecraft:golden_axe":9,"minecraft:lead":2,"minecraft:spectral_arrow":15,"minecraft:copper_ingot":1,"minecraft:tropical_fish":13,"minecraft:grass_block":3,"minecraft:stick":37,"minecraft:diorite":29,"minecraft:torch":27,"minecraft:sculk_catalyst":4,"minecraft:melon_slice":4,"minecraft:iron_leggings":2,"minecraft:flowering_azalea":2,"minecraft:iron_axe":4,"minecraft:tripwire_hook":1,"minecraft:bucket":2,"minecraft:dandelion":2,"minecraft:redstone":29,"minecraft:kelp":9,"minecraft:sweet_berries":61,"minecraft:warped_nylium":2,"minecraft:ender_chest":5,"minecraft:coarse_dirt":1,"minecraft:blaze_rod":1,"minecraft:nether_wart":4,"minecraft:raw_copper":27,"minecraft:tuff":69,"minecraft:raw_iron":16,"minecraft:wither_skeleton_skull":1,"minecraft:totem_of_undying":1,"minecraft:shulker_box":4,"minecraft:red_terracotta":3,"minecraft:netherite_leggings":1,"minecraft:flint_and_steel":3,"minecraft:filled_map":23,"minecraft:snow":8,"minecraft:shield":1,"minecraft:orange_terracotta":6,"minecraft:diamond_chestplate":1,"minecraft:iron_chestplate":1,"minecraft:andesite":18,"minecraft:oak_sapling":4,"minecraft:golden_sword":80,"minecraft:birch_sign":1,"minecraft:diamond_boots":1,"minecraft:spruce_log":12,"minecraft:stone_pickaxe":1,"minecraft:raw_gold":13,"minecraft:magma_cream":2,"minecraft:white_stained_glass":4},"minecraft:used":{"minecraft:beetroot":1,"minecraft:moss_block":385,"minecraft:nether_brick_fence":3,"minecraft:writable_book":52,"minecraft:dispenser":2,"minecraft:smooth_quartz_slab":2,"minecraft:ladder":10,"minecraft:spruce_slab":7,"minecraft:elytra":7,"minecraft:polished_blackstone":64,"minecraft:poppy":2,"minecraft:chest":26,"minecraft:stone":109,"minecraft:quartz_stairs":1,"minecraft:rotten_flesh":54,"minecraft:soul_sand":14,"minecraft:lily_of_the_valley":4,"minecraft:deepslate_brick_slab":2,"minecraft:snowball":23,"minecraft:spruce_boat":49,"minecraft:packed_ice":685,"minecraft:honeycomb":1,"minecraft:grass_block":26,"minecraft:quartz_block":5,"minecraft:dark_oak_slab":86,"minecraft:dark_oak_button":4,"minecraft:rabbit_stew":1,"minecraft:netherite_boots":3,"minecraft:bow":1180,"minecraft:sweet_berries":91,"minecraft:oak_sapling":106,"minecraft:furnace":13,"minecraft:cooked_cod":104,"minecraft:egg":51,"minecraft:potato":109,"minecraft:diorite":19,"minecraft:spruce_door":1,"minecraft:chorus_fruit":11,"minecraft:prismarine":4,"minecraft:blackstone":384,"minecraft:wooden_pickaxe":13,"minecraft:smooth_quartz_stairs":1,"minecraft:cookie":1,"minecraft:golden_apple":18,"minecraft:glow_berries":5,"minecraft:dark_oak_trapdoor":3,"minecraft:sand":52,"minecraft:black_concrete_powder":388,"minecraft:deepslate_tiles":1,"minecraft:crying_obsidian":3,"minecraft:spore_blossom":4,"minecraft:lectern":2,"minecraft:red_terracotta":1,"minecraft:lilac":1,"minecraft:soul_lantern":8,"minecraft:pufferfish":1,"minecraft:nether_wart_block":3,"minecraft:diamond_sword":2560,"minecraft:dark_oak_fence":18,"minecraft:smithing_table":3,"minecraft:white_stained_glass":20,"minecraft:poisonous_potato":1,"minecraft:oak_boat":37,"minecraft:gray_stained_glass":2,"minecraft:iron_bars":6,"minecraft:carved_pumpkin":2,"minecraft:cooked_salmon":12,"minecraft:netherrack":3059,"minecraft:light_gray_shulker_box":28,"minecraft:torch":65,"minecraft:anvil":6,"minecraft:target":4,"minecraft:golden_shovel":33,"minecraft:shroomlight":3,"minecraft:flowering_azalea":8,"minecraft:sea_lantern":5,"minecraft:iron_block":17,"minecraft:iron_axe":1106,"minecraft:spruce_button":1,"minecraft:slime_block":2,"minecraft:smooth_quartz":1,"minecraft:totem_of_undying":1,"minecraft:barrel":81,"minecraft:diamond_chestplate":4,"minecraft:tadpole_bucket":11,"minecraft:basalt":65,"minecraft:beef":18,"minecraft:cobbled_deepslate":769,"minecraft:observer":3,"minecraft:pointed_dripstone":1,"minecraft:wheat_seeds":153,"minecraft:water_bucket":593,"minecraft:rabbit":1,"minecraft:glow_ink_sac":1,"minecraft:leather_boots":1,"minecraft:polished_blackstone_bricks":57,"minecraft:gilded_blackstone":1,"minecraft:salmon":1,"minecraft:mossy_cobblestone":1,"minecraft:rail":1,"minecraft:crafting_table":32,"minecraft:sculk_shrieker":5,"minecraft:white_bed":151,"minecraft:cod":1,"minecraft:dark_oak_fence_gate":8,"minecraft:cake":1,"minecraft:spruce_log":95,"minecraft:oak_log":197,"minecraft:mud":33,"minecraft:diamond_pickaxe":19802,"minecraft:diamond_shovel":1091,"minecraft:mangrove_propagule":1,"minecraft:iron_pickaxe":309,"minecraft:suspicious_stew":1,"minecraft:purpur_slab":1,"minecraft:spruce_trapdoor":4,"minecraft:spruce_sapling":4,"minecraft:crimson_nylium":2,"minecraft:cobblestone":348,"minecraft:potion":24,"minecraft:cooked_porkchop":287,"minecraft:porkchop":1,"minecraft:diamond_leggings":6,"minecraft:kelp":15,"minecraft:sculk_vein":4,"minecraft:dandelion":1,"minecraft:moss_carpet":14,"minecraft:iron_shovel":244,"minecraft:diamond_hoe":5,"minecraft:oak_sign":17,"minecraft:shield":11,"minecraft:iron_sword":127,"minecraft:nether_wart":17,"minecraft:purple_shulker_box":2,"minecraft:player_head":8,"minecraft:iron_chestplate":1,"minecraft:mutton":4,"minecraft:nether_bricks":28,"minecraft:carrot":308,"minecraft:tuff":46,"minecraft:axolotl_bucket":143,"minecraft:milk_bucket":3,"minecraft:obsidian":235,"minecraft:honey_bottle":2,"minecraft:glass":69,"minecraft:lantern":5,"minecraft:spruce_wood":1,"minecraft:dark_oak_wood":2,"minecraft:crimson_roots":1,"minecraft:hopper_minecart":1,"minecraft:stone_bricks":1,"minecraft:item_frame":28,"minecraft:deepslate_diamond_ore":2,"minecraft:magma_block":3,"minecraft:scaffolding":2,"minecraft:hay_block":1,"minecraft:written_book":43,"minecraft:mangrove_roots":3,"minecraft:beetroot_seeds":10,"minecraft:gold_block":5,"minecraft:dark_oak_sapling":6,"minecraft:chiseled_polished_blackstone":29,"minecraft:dark_oak_stairs":43,"minecraft:diamond_boots":7,"minecraft:wither_skeleton_skull":16,"minecraft:stone_pickaxe":76,"minecraft:dark_oak_sign":2,"minecraft:oak_planks":402,"minecraft:ender_pearl":87,"minecraft:sandstone":16,"minecraft:diamond_axe":349,"minecraft:blue_bed":1,"minecraft:white_wool":158,"minecraft:netherite_leggings":3,"minecraft:mushroom_stew":3,"minecraft:yellow_concrete":2,"minecraft:crossbow":150,"minecraft:sponge":7,"minecraft:note_block":1,"minecraft:dripstone_block":52,"minecraft:shears":138,"minecraft:end_stone":100,"minecraft:black_concrete":121,"minecraft:firework_rocket":1330,"minecraft:dark_oak_log":48,"minecraft:bread":136,"minecraft:melon_slice":1,"minecraft:string":2,"minecraft:deepslate":129,"minecraft:gravel":36,"minecraft:pufferfish_bucket":6,"minecraft:andesite":3,"minecraft:cooked_rabbit":40,"minecraft:tropical_fish_bucket":29,"minecraft:bone_meal":84,"minecraft:experience_bottle":6,"minecraft:cobweb":102,"minecraft:azalea":1,"minecraft:oak_fence":2,"minecraft:trident":43,"minecraft:netherite_sword":2234,"minecraft:flint_and_steel":75,"minecraft:tropical_fish":1,"minecraft:redstone":2,"minecraft:dried_kelp":1,"minecraft:spruce_planks":337,"minecraft:ender_chest":3,"minecraft:sculk":42,"minecraft:cooked_chicken":1,"minecraft:oak_door":3,"minecraft:dirt":492,"minecraft:spyglass":6,"minecraft:hopper":2,"minecraft:spruce_stairs":4,"minecraft:diamond_helmet":7,"minecraft:shulker_box":303,"minecraft:bee_nest":1,"minecraft:salmon_bucket":6,"minecraft:granite":14,"minecraft:wooden_axe":2,"minecraft:iron_hoe":25,"minecraft:dark_oak_planks":536,"minecraft:light_gray_stained_glass":2,"minecraft:oak_stairs":18,"minecraft:polished_blackstone_brick_stairs":3,"minecraft:iron_boots":1,"minecraft:crimson_planks":16,"minecraft:light_gray_wool":2,"minecraft:golden_carrot":691,"minecraft:soul_soil":9,"minecraft:netherite_pickaxe":3709,"minecraft:cooked_beef":162,"minecraft:enchanted_golden_apple":2,"minecraft:pumpkin":2,"minecraft:beetroot_soup":1,"minecraft:cooked_mutton":17,"minecraft:quartz_bricks":11,"minecraft:snow_block":51,"minecraft:glass_bottle":60,"minecraft:baked_potato":300,"minecraft:blue_wool":1,"minecraft:copper_block":156,"minecraft:birch_boat":89,"minecraft:spruce_sign":22,"minecraft:beacon":2,"minecraft:green_bed":2,"minecraft:stripped_dark_oak_log":9,"minecraft:spider_eye":1,"minecraft:painting":26,"minecraft:dark_oak_door":3,"minecraft:apple":1,"minecraft:cracked_polished_blackstone_bricks":27,"minecraft:chicken":1,"minecraft:netherite_axe":330,"minecraft:map":14,"minecraft:stone_axe":87,"minecraft:fishing_rod":11,"minecraft:end_crystal":4,"minecraft:bucket":992,"minecraft:pumpkin_pie":86,"minecraft:sea_pickle":28,"minecraft:sculk_catalyst":13,"minecraft:splash_potion":4,"minecraft:soul_torch":1},"minecraft:broken":{"minecraft:shears":1,"minecraft:bow":1,"minecraft:iron_axe":3,"minecraft:iron_pickaxe":1,"minecraft:golden_shovel":1,"minecraft:stone_pickaxe":1},"minecraft:mined":{"minecraft:dark_oak_planks":148,"minecraft:white_bed":4,"minecraft:carved_pumpkin":2,"minecraft:obsidian":166,"minecraft:granite":39,"minecraft:chiseled_polished_blackstone":73,"minecraft:acacia_log":15,"minecraft:purpur_slab":1,"minecraft:blue_wool":1,"minecraft:hopper":1,"minecraft:crimson_fungus":2,"minecraft:oak_wall_sign":8,"minecraft:nether_wart":14,"minecraft:spawner":4,"minecraft:polished_blackstone_bricks":101,"minecraft:weeping_vines_plant":3,"minecraft:tall_seagrass":2,"minecraft:magma_block":53,"minecraft:barrel":13,"minecraft:cobbled_deepslate":57,"minecraft:sticky_piston":3,"minecraft:fire":347,"minecraft:moss_carpet":5,"minecraft:sculk_shrieker":46,"minecraft:cave_vines":4,"minecraft:oak_sign":1,"minecraft:oak_stairs":3,"minecraft:spruce_wood":1,"minecraft:iron_block":9,"minecraft:player_head":3,"minecraft:tripwire":3,"minecraft:soul_wall_torch":1,"minecraft:kelp_plant":2,"minecraft:player_wall_head":7,"minecraft:crimson_nylium":105,"minecraft:soul_fire":12,"minecraft:powder_snow":3,"minecraft:torch":12,"minecraft:note_block":1,"minecraft:melon":1,"minecraft:spruce_wall_sign":11,"minecraft:glass":7,"minecraft:smooth_quartz_slab":2,"minecraft:sugar_cane":217,"minecraft:damaged_anvil":1,"minecraft:spruce_sign":1,"minecraft:chain":1,"minecraft:repeater":1,"minecraft:black_concrete_powder":4,"minecraft:mud":46,"minecraft:light_gray_stained_glass":2,"minecraft:wheat":153,"minecraft:copper_block":156,"minecraft:grass":40,"minecraft:dark_oak_sapling":1,"minecraft:smooth_quartz":1,"minecraft:mangrove_log":2,"minecraft:red_mushroom_block":45,"minecraft:deepslate":1277,"minecraft:deepslate_tiles":1,"minecraft:mossy_cobblestone":5,"minecraft:dark_oak_log":161,"minecraft:sea_lantern":1,"minecraft:end_stone":100,"minecraft:shulker_box":302,"minecraft:nether_bricks":34,"minecraft:dark_oak_fence":18,"minecraft:crimson_roots":5,"minecraft:redstone_wire":4,"minecraft:moss_block":85,"minecraft:kelp":2,"minecraft:snow":20,"minecraft:andesite":67,"minecraft:potatoes":109,"minecraft:rail":1,"minecraft:vine":1,"minecraft:warped_stem":3,"minecraft:smooth_quartz_stairs":1,"minecraft:bone_block":47,"minecraft:white_wool":5,"minecraft:ender_chest":3,"minecraft:smithing_table":2,"minecraft:soul_sand":8,"minecraft:stone_brick_slab":2,"minecraft:observer":2,"minecraft:dandelion":3,"minecraft:cornflower":4,"minecraft:emerald_ore":2,"minecraft:sponge":1,"minecraft:tall_grass":26,"minecraft:copper_ore":180,"minecraft:deepslate_gold_ore":680,"minecraft:diorite":59,"minecraft:warped_wart_block":4,"minecraft:red_terracotta":1,"minecraft:dark_oak_wall_sign":5,"minecraft:spruce_log":535,"minecraft:birch_leaves":1,"minecraft:mangrove_leaves":5,"minecraft:mycelium":47,"minecraft:gravel":330,"minecraft:sunflower":2,"minecraft:dripstone_block":57,"minecraft:cobweb":220,"minecraft:stone_bricks":1,"minecraft:gold_ore":42,"minecraft:deepslate_emerald_ore":2,"minecraft:fern":2,"minecraft:spruce_planks":91,"minecraft:oak_sapling":4,"minecraft:farmland":1,"minecraft:sculk_vein":6,"minecraft:spruce_trapdoor":1,"minecraft:cave_vines_plant":1,"minecraft:grass_block":296,"minecraft:cracked_polished_blackstone_bricks":89,"minecraft:soul_soil":9,"minecraft:gilded_blackstone":1,"minecraft:raw_iron_block":5,"minecraft:sculk_catalyst":18,"minecraft:iron_ore":502,"minecraft:target":4,"minecraft:anvil":1,"minecraft:dark_oak_stairs":11,"minecraft:iron_bars":6,"minecraft:birch_wall_sign":1,"minecraft:azalea":1,"minecraft:spruce_slab":2,"minecraft:deepslate_redstone_ore":22,"minecraft:quartz_block":5,"minecraft:blackstone":340,"minecraft:soul_lantern":14,"minecraft:clay":4,"minecraft:beacon":2,"minecraft:chest":2,"minecraft:mushroom_stem":11,"minecraft:nether_quartz_ore":434,"minecraft:cobblestone":18,"minecraft:slime_block":3,"minecraft:prismarine":5,"minecraft:oak_planks":14,"minecraft:wall_torch":8,"minecraft:seagrass":2,"minecraft:warped_nylium":12,"minecraft:dark_oak_slab":24,"minecraft:nether_wart_block":4,"minecraft:birch_log":6,"minecraft:blue_ice":1,"minecraft:orange_tulip":1,"minecraft:light_gray_wool":1,"minecraft:purpur_block":1,"minecraft:oak_log":450,"minecraft:beetroots":9,"minecraft:sand":743,"minecraft:dirt":414,"minecraft:wither_skeleton_skull":12,"minecraft:netherrack":11425,"minecraft:dispenser":1,"minecraft:ancient_debris":45,"minecraft:oak_leaves":47,"minecraft:nether_gold_ore":51,"minecraft:diamond_ore":5,"minecraft:crying_obsidian":5,"minecraft:tuff":126,"minecraft:quartz_stairs":1,"minecraft:dark_oak_leaves":4,"minecraft:deepslate_diamond_ore":196,"minecraft:mangrove_roots":4,"minecraft:glow_lichen":2,"minecraft:weeping_vines":1,"minecraft:white_stained_glass":1,"minecraft:brown_mushroom_block":45,"minecraft:spruce_leaves":129,"minecraft:sandstone":22,"minecraft:crimson_stem":12,"minecraft:large_fern":3,"minecraft:hay_block":23,"minecraft:spore_blossom":7,"minecraft:deepslate_brick_slab":2,"minecraft:furnace":1,"minecraft:carrots":259,"minecraft:nether_sprouts":1,"minecraft:light_gray_shulker_box":29,"minecraft:black_concrete":562,"minecraft:dark_oak_fence_gate":3,"minecraft:stripped_spruce_log":1,"minecraft:gold_block":234,"minecraft:nether_brick_fence":12,"minecraft:deepslate_iron_ore":916,"minecraft:shroomlight":3,"minecraft:lantern":1,"minecraft:packed_ice":2738,"minecraft:wet_sponge":6,"minecraft:chorus_plant":1,"minecraft:stone":1242,"minecraft:redstone_wall_torch":2,"minecraft:scaffolding":2,"minecraft:acacia_leaves":8,"minecraft:magenta_stained_glass":57,"minecraft:snow_block":57,"minecraft:stripped_dark_oak_log":4,"minecraft:basalt":321,"minecraft:crafting_table":8,"minecraft:honey_block":2,"minecraft:gray_stained_glass":2,"minecraft:sculk_sensor":9,"minecraft:lectern":1,"minecraft:deepslate_coal_ore":2,"minecraft:quartz_bricks":11,"minecraft:lapis_ore":9,"minecraft:lily_pad":1,"minecraft:polished_blackstone_brick_stairs":6,"minecraft:sculk":188,"minecraft:spruce_stairs":1,"minecraft:sea_pickle":1,"minecraft:sweet_berry_bush":9,"minecraft:ice":30,"minecraft:bee_nest":1,"minecraft:coal_ore":592,"minecraft:end_rod":2,"minecraft:yellow_concrete":2,"minecraft:purple_shulker_box":2},"minecraft:killed_by":{"minecraft:piglin_brute":1,"minecraft:zombie":2,"minecraft:warden":2,"minecraft:wither":1,"minecraft:creeper":2,"minecraft:drowned":3,"minecraft:silverfish":1,"minecraft:player":6,"minecraft:spider":1,"minecraft:iron_golem":4},"minecraft:custom":{"minecraft:interact_with_crafting_table":450,"minecraft:open_barrel":1300,"minecraft:eat_cake_slice":1,"minecraft:leave_game":145,"minecraft:time_since_death":1945904,"minecraft:damage_blocked_by_shield":1195,"minecraft:play_time":11091327,"minecraft:deaths":31,"minecraft:jump":149036,"minecraft:enchant_item":27,"minecraft:interact_with_furnace":1007,"minecraft:traded_with_villager":12,"minecraft:sleep_in_bed":37,"minecraft:damage_dealt":405907,"minecraft:interact_with_smoker":13,"minecraft:inspect_dispenser":15,"minecraft:horse_one_cm":1330,"minecraft:interact_with_smithing_table":26,"minecraft:inspect_dropper":12,"minecraft:interact_with_anvil":91,"minecraft:inspect_hopper":27,"minecraft:damage_dealt_absorbed":87,"minecraft:target_hit":102,"minecraft:sneak_time":432178,"minecraft:interact_with_lectern":69,"minecraft:interact_with_blast_furnace":10,"minecraft:total_world_time":11091327,"minecraft:tune_noteblock":27,"minecraft:time_since_rest":927372,"minecraft:swim_one_cm":7651550,"minecraft:fly_one_cm":38046884,"minecraft:open_chest":8279,"minecraft:fish_caught":1,"minecraft:fall_one_cm":3288050,"minecraft:animals_bred":378,"minecraft:open_shulker_box":1593,"minecraft:damage_resisted":1747,"minecraft:sprint_one_cm":19465788,"minecraft:drop":1803,"minecraft:play_noteblock":21,"minecraft:talked_to_villager":36,"minecraft:interact_with_brewingstand":212,"minecraft:walk_on_water_one_cm":753042,"minecraft:interact_with_loom":6,"minecraft:open_enderchest":253,"minecraft:interact_with_beacon":1,"minecraft:player_kills":5,"minecraft:crouch_one_cm":1667517,"minecraft:mob_kills":38643,"minecraft:climb_one_cm":790130,"minecraft:walk_one_cm":12478028,"minecraft:raid_win":1,"minecraft:walk_under_water_one_cm":2766796,"minecraft:boat_one_cm":6051440,"minecraft:raid_trigger":1,"minecraft:interact_with_grindstone":12,"minecraft:damage_taken":86479,"minecraft:damage_absorbed":743,"minecraft:minecart_one_cm":704,"minecraft:aviate_one_cm":168245336},"minecraft:crafted":{"minecraft:black_dye":16,"minecraft:blaze_powder":22,"minecraft:dark_oak_wood":3,"minecraft:birch_boat":1,"minecraft:slime_block":1,"minecraft:bookshelf":1,"minecraft:cooked_mutton":1,"minecraft:shulker_box":21,"minecraft:glass":548,"minecraft:diamond_helmet":3,"minecraft:diamond_leggings":2,"minecraft:netherite_boots":1,"minecraft:beacon":1,"minecraft:tipped_arrow":192,"minecraft:gray_stained_glass":8,"minecraft:glass_bottle":150,"minecraft:target":1,"minecraft:emerald":8,"minecraft:diamond_axe":1,"minecraft:green_bed":2,"minecraft:spruce_door":3,"minecraft:smithing_table":1,"minecraft:clock":1,"minecraft:copper_ingot":1403,"minecraft:hay_block":1,"minecraft:painting":3,"minecraft:lectern":1,"minecraft:compass":17,"minecraft:iron_pickaxe":2,"minecraft:iron_block":387,"minecraft:gold_ingot":2279,"minecraft:light_gray_dye":2,"minecraft:netherite_ingot":20,"minecraft:golden_carrot":648,"minecraft:rabbit_stew":1,"minecraft:iron_nugget":36,"minecraft:player_head":3,"minecraft:bone_meal":756,"minecraft:lantern":5,"minecraft:diamond":369,"minecraft:netherite_axe":1,"minecraft:dark_oak_fence":18,"minecraft:spruce_stairs":4,"minecraft:black_concrete_powder":384,"minecraft:ladder":27,"minecraft:spruce_slab":96,"minecraft:stone_pickaxe":1,"minecraft:diamond_boots":2,"minecraft:spruce_boat":5,"minecraft:redstone_block":15,"minecraft:dark_oak_planks":822,"minecraft:lead":2,"minecraft:wheat":182,"minecraft:crossbow":11,"minecraft:netherite_pickaxe":1,"minecraft:dried_kelp":1,"minecraft:blue_bed":1,"minecraft:dark_oak_button":2,"minecraft:white_stained_glass":8,"minecraft:enchanted_book":1,"minecraft:golden_apple":49,"minecraft:fermented_spider_eye":10,"minecraft:oak_stairs":16,"minecraft:writable_book":3,"minecraft:iron_shovel":2,"minecraft:iron_leggings":1,"minecraft:white_bed":286,"minecraft:note_block":1,"minecraft:oak_planks":1108,"minecraft:barrel":70,"minecraft:cooked_chicken":1,"minecraft:stone":256,"minecraft:snow":6,"minecraft:suspicious_stew":1,"minecraft:warped_planks":12,"minecraft:cake":1,"minecraft:dark_oak_door":3,"minecraft:hopper":2,"minecraft:bow":3,"minecraft:iron_boots":1,"minecraft:chest":47,"minecraft:copper_block":155,"minecraft:rail":16,"minecraft:ender_eye":15,"minecraft:oak_fence":3,"minecraft:sea_lantern":64,"minecraft:item_frame":17,"minecraft:arrow":4,"minecraft:map":14,"minecraft:crafting_table":25,"minecraft:spruce_planks":1756,"minecraft:wooden_pickaxe":1,"minecraft:baked_potato":268,"minecraft:iron_helmet":1,"minecraft:gold_block":224,"minecraft:hopper_minecart":1,"minecraft:birch_planks":24,"minecraft:dispenser":1,"minecraft:tnt":6,"minecraft:spruce_trapdoor":4,"minecraft:dark_oak_slab":150,"minecraft:iron_chestplate":1,"minecraft:book":16,"minecraft:paper":450,"minecraft:diamond_pickaxe":5,"minecraft:emerald_block":17,"minecraft:shield":2,"minecraft:stick":746,"minecraft:iron_ingot":3548,"minecraft:snow_block":3,"minecraft:dark_oak_fence_gate":5,"minecraft:sponge":4,"minecraft:beetroot_soup":1,"minecraft:shears":9,"minecraft:oak_door":3,"minecraft:cookie":8,"minecraft:redstone":45,"minecraft:raw_iron":45,"minecraft:tripwire_hook":12,"minecraft:fishing_rod":2,"minecraft:netherite_sword":2,"minecraft:leather_boots":2,"minecraft:light_gray_stained_glass":8,"minecraft:spruce_button":1,"minecraft:furnace":9,"minecraft:dark_oak_trapdoor":18,"minecraft:gray_dye":2,"minecraft:mushroom_stew":1,"minecraft:diamond_block":80,"minecraft:flint_and_steel":4,"minecraft:netherite_chestplate":2,"minecraft:iron_axe":8,"minecraft:iron_hoe":1,"minecraft:slime_ball":9,"minecraft:netherite_scrap":77,"minecraft:minecart":1,"minecraft:observer":1,"minecraft:sugar":46,"minecraft:crimson_planks":48,"minecraft:diamond_sword":3,"minecraft:spruce_sign":18,"minecraft:dark_oak_stairs":36,"minecraft:iron_sword":1,"minecraft:bowl":4,"minecraft:cooked_salmon":1,"minecraft:golden_shovel":1,"minecraft:mangrove_planks":20,"minecraft:bucket":229,"minecraft:bread":92,"minecraft:air":0,"minecraft:blue_dye":1,"minecraft:oak_boat":3,"minecraft:white_wool":8,"minecraft:gold_nugget":5301,"minecraft:white_dye":3,"minecraft:anvil":5,"minecraft:pumpkin_pie":1,"minecraft:acacia_planks":24,"minecraft:torch":148,"minecraft:end_crystal":15,"minecraft:lapis_lazuli":18,"minecraft:lapis_block":20,"minecraft:diamond_chestplate":2,"minecraft:firework_rocket":885}},"DataVersion":3120}