{"stats":{"minecraft:crafted":{"minecraft:oak_sign":15,"minecraft:chain":1,"minecraft:shulker_box":16,"minecraft:diamond_helmet":1,"minecraft:light_blue_concrete_powder":8,"minecraft:stone_pressure_plate":11,"minecraft:iron_door":6,"minecraft:black_wool":60,"minecraft:smithing_table":3,"minecraft:sticky_piston":32,"minecraft:stone_slab":18,"minecraft:iron_pickaxe":1,"minecraft:netherite_ingot":10,"minecraft:polished_blackstone_bricks":4,"minecraft:jungle_sign":6,"minecraft:spruce_fence":3,"minecraft:stone_stairs":13,"minecraft:spruce_stairs":8,"minecraft:black_concrete_powder":8,"minecraft:red_shulker_box":1,"minecraft:spruce_boat":2,"minecraft:leather_helmet":1,"minecraft:red_carpet":720,"minecraft:birch_trapdoor":12,"minecraft:armor_stand":18,"minecraft:cobblestone_slab":18,"minecraft:barrel":5,"minecraft:quartz_bricks":36,"minecraft:packed_mud":4,"minecraft:warped_planks":12,"minecraft:brown_carpet":3,"minecraft:stone_brick_slab":78,"minecraft:bow":1,"minecraft:comparator":10,"minecraft:chest":117,"minecraft:netherite_helmet":1,"minecraft:jungle_stairs":4,"minecraft:stone_bricks":244,"minecraft:cauldron":1,"minecraft:iron_helmet":1,"minecraft:white_stained_glass_pane":16,"minecraft:tnt":38,"minecraft:spruce_trapdoor":60,"minecraft:stick":383,"minecraft:iron_ingot":64,"minecraft:fishing_rod":2,"minecraft:netherite_sword":1,"minecraft:leather_boots":8,"minecraft:furnace":20,"minecraft:mud_bricks":4,"minecraft:raw_copper_block":1,"minecraft:smooth_quartz_stairs":84,"minecraft:oak_trapdoor":2,"minecraft:flint_and_steel":2,"minecraft:netherite_chestplate":1,"minecraft:cobblestone_wall":52,"minecraft:smooth_quartz_slab":96,"minecraft:honey_block":28,"minecraft:iron_trapdoor":1,"minecraft:iron_sword":2,"minecraft:jungle_planks":80,"minecraft:netherite_shovel":1,"minecraft:black_carpet":1902,"minecraft:stonecutter":1,"minecraft:anvil":1,"minecraft:torch":56,"minecraft:orange_bed":1,"minecraft:magenta_carpet":33,"minecraft:diamond_chestplate":1,"minecraft:smooth_stone":85,"minecraft:orange_carpet":24,"minecraft:loom":1,"minecraft:lever":7,"minecraft:red_concrete_powder":96,"minecraft:quartz_block":203,"minecraft:glass":221,"minecraft:repeater":31,"minecraft:diamond_leggings":1,"minecraft:netherite_boots":1,"minecraft:polished_blackstone":4,"minecraft:glass_bottle":3,"minecraft:target":2,"minecraft:smooth_quartz":203,"minecraft:hay_block":32,"minecraft:campfire":12,"minecraft:brown_banner":3,"minecraft:compass":2,"minecraft:iron_block":3,"minecraft:gold_ingot":41,"minecraft:smooth_stone_slab":24,"minecraft:leather_leggings":8,"minecraft:player_head":142,"minecraft:bone_meal":3389,"minecraft:white_carpet":21,"minecraft:diamond":216,"minecraft:netherite_axe":1,"minecraft:dark_oak_fence":6,"minecraft:detector_rail":36,"minecraft:ladder":42,"minecraft:spruce_slab":24,"minecraft:diamond_boots":1,"minecraft:redstone_block":17,"minecraft:dark_oak_planks":348,"minecraft:golden_helmet":1,"minecraft:wheat":888,"minecraft:netherite_pickaxe":2,"minecraft:white_stained_glass":88,"minecraft:jungle_slab":30,"minecraft:iron_leggings":1,"minecraft:white_bed":1,"minecraft:music_disc_5":1,"minecraft:oak_planks":588,"minecraft:cobblestone_stairs":8,"minecraft:dark_oak_door":3,"minecraft:hopper":2,"minecraft:iron_boots":1,"minecraft:honeycomb_block":1,"minecraft:smoker":2,"minecraft:item_frame":2,"minecraft:map":2,"minecraft:crafting_table":32,"minecraft:spruce_planks":1064,"minecraft:baked_potato":2,"minecraft:brewing_stand":5,"minecraft:birch_planks":164,"minecraft:diamond_pickaxe":1,"minecraft:dark_oak_slab":6,"minecraft:iron_chestplate":1,"minecraft:paper":81,"minecraft:charcoal":12,"minecraft:shield":5,"minecraft:netherite_hoe":1,"minecraft:leather_chestplate":8,"minecraft:shears":3,"minecraft:crimson_hyphae":651,"minecraft:cookie":1960,"minecraft:redstone":252,"minecraft:stone_button":14,"minecraft:dark_oak_trapdoor":36,"minecraft:diamond_block":22,"minecraft:yellow_shulker_box":1,"minecraft:netherite_leggings":1,"minecraft:netherite_scrap":41,"minecraft:minecart":2,"minecraft:crimson_planks":52,"minecraft:diamond_sword":1,"minecraft:dark_oak_stairs":4,"minecraft:spruce_sign":21,"minecraft:bucket":2,"minecraft:air":0,"minecraft:oak_boat":3,"minecraft:lapis_block":1},"minecraft:mined":{"minecraft:blue_carpet":5,"minecraft:red_shulker_box":2,"minecraft:white_bed":1,"minecraft:red_nether_bricks":1,"minecraft:light_blue_carpet":30,"minecraft:granite":1743,"minecraft:deepslate_tile_wall":2,"minecraft:brown_wool":5,"minecraft:oak_wall_sign":8,"minecraft:spawner":7,"minecraft:polished_blackstone_bricks":1,"minecraft:magma_block":61,"minecraft:dark_oak_trapdoor":2,"minecraft:barrel":3,"minecraft:cobbled_deepslate":24,"minecraft:fire":51,"minecraft:deepslate_lapis_ore":12,"minecraft:spruce_pressure_plate":1,"minecraft:spruce_wood":1,"minecraft:white_banner":1,"minecraft:player_head":4,"minecraft:tripwire":30,"minecraft:jungle_button":1,"minecraft:magenta_carpet":11,"minecraft:kelp_plant":42,"minecraft:crimson_nylium":1843,"minecraft:powder_snow":17,"minecraft:torch":17,"minecraft:note_block":1,"minecraft:oxidized_copper":1,"minecraft:spruce_wall_sign":19,"minecraft:smooth_quartz_slab":6,"minecraft:sugar_cane":6,"minecraft:amethyst_block":15,"minecraft:chain":7,"minecraft:repeater":10,"minecraft:mud":4,"minecraft:tinted_glass":8,"minecraft:grass":85,"minecraft:smooth_quartz":19,"minecraft:smooth_basalt":6,"minecraft:stripped_crimson_stem":3,"minecraft:deepslate":6576,"minecraft:deepslate_tiles":1,"minecraft:dark_oak_log":5,"minecraft:end_stone":4,"minecraft:dark_oak_fence":5,"minecraft:spruce_fence":4,"minecraft:redstone_wire":38,"minecraft:red_mushroom":3,"minecraft:brown_banner":2,"minecraft:cartography_table":1,"minecraft:horn_coral":1,"minecraft:redstone_ore":2,"minecraft:acacia_trapdoor":2,"minecraft:andesite":3336,"minecraft:cobblestone_slab":1,"minecraft:vine":52,"minecraft:rail":3,"minecraft:brain_coral_wall_fan":1,"minecraft:bone_block":58,"minecraft:ender_chest":82,"minecraft:oak_slab":1,"minecraft:redstone_block":26,"minecraft:soul_sand":105,"minecraft:warped_roots":11,"minecraft:campfire":9,"minecraft:tall_grass":154,"minecraft:copper_ore":160,"minecraft:deepslate_gold_ore":27,"minecraft:green_stained_glass_pane":2,"minecraft:diorite":1765,"minecraft:orange_carpet":1,"minecraft:warped_wart_block":375,"minecraft:red_terracotta":2,"minecraft:coarse_dirt":754,"minecraft:cobblestone_wall":43,"minecraft:purple_concrete":310,"minecraft:sunflower":1,"minecraft:gravel":7463,"minecraft:cobweb":19,"minecraft:birch_sign":5,"minecraft:polished_blackstone":40,"minecraft:stone_bricks":324,"minecraft:chipped_anvil":4,"minecraft:gold_ore":30,"minecraft:fern":10,"minecraft:stone_pressure_plate":1,"minecraft:oak_sapling":1,"minecraft:orange_wool":4,"minecraft:spruce_trapdoor":3,"minecraft:budding_amethyst":2,"minecraft:white_concrete":1,"minecraft:polished_diorite":24,"minecraft:polished_blackstone_brick_slab":1,"minecraft:sculk_catalyst":1,"minecraft:iron_bars":6,"minecraft:granite_stairs":3,"minecraft:spruce_slab":9,"minecraft:deepslate_redstone_ore":32,"minecraft:quartz_block":4,"minecraft:magenta_wall_banner":1,"minecraft:jungle_stairs":1,"minecraft:beacon":1,"minecraft:nether_quartz_ore":844,"minecraft:oak_planks":9,"minecraft:wall_torch":2,"minecraft:stone_stairs":5,"minecraft:light_weighted_pressure_plate":2,"minecraft:warped_nylium":553,"minecraft:powered_rail":1,"minecraft:dark_oak_slab":2,"minecraft:tnt":36,"minecraft:smooth_stone_slab":3,"minecraft:oak_log":266,"minecraft:dirt":7693,"minecraft:dispenser":7,"minecraft:ancient_debris":41,"minecraft:crying_obsidian":1,"minecraft:yellow_wall_banner":1,"minecraft:pink_carpet":8,"minecraft:quartz_stairs":25,"minecraft:dark_oak_leaves":1,"minecraft:lever":1,"minecraft:ladder":5,"minecraft:stone_button":26,"minecraft:tube_coral_wall_fan":2,"minecraft:brown_mushroom_block":2615,"minecraft:spruce_leaves":2,"minecraft:crimson_stem":903,"minecraft:dead_horn_coral_wall_fan":17,"minecraft:hay_block":76,"minecraft:nether_sprouts":10,"minecraft:detector_rail":1,"minecraft:gold_block":6,"minecraft:shroomlight":133,"minecraft:deepslate_iron_ore":44,"minecraft:scaffolding":1,"minecraft:basalt":1195,"minecraft:honey_block":174,"minecraft:lime_carpet":7,"minecraft:stone_slab":4,"minecraft:quartz_bricks":117,"minecraft:red_concrete":97,"minecraft:sea_pickle":2,"minecraft:black_wall_banner":1,"minecraft:bee_nest":1,"minecraft:black_wool":47,"minecraft:cocoa":142,"minecraft:jungle_wall_sign":1,"minecraft:dark_oak_planks":57,"minecraft:light_blue_concrete":1,"minecraft:obsidian":238,"minecraft:yellow_carpet":1,"minecraft:jungle_log":29,"minecraft:horn_coral_fan":9,"minecraft:deepslate_bricks":1,"minecraft:deepslate_tile_stairs":6,"minecraft:lime_stained_glass":1,"minecraft:bubble_coral_block":4,"minecraft:hopper":6,"minecraft:crimson_fungus":11,"minecraft:tall_seagrass":4,"minecraft:weeping_vines_plant":116,"minecraft:sticky_piston":46,"minecraft:moss_carpet":13,"minecraft:lime_stained_glass_pane":2,"minecraft:sculk_shrieker":7,"minecraft:oak_sign":13,"minecraft:cave_vines":5,"minecraft:dirt_path":10,"minecraft:quartz_slab":1,"minecraft:blue_orchid":1,"minecraft:iron_block":334,"minecraft:piston_head":11,"minecraft:brown_mushroom":41,"minecraft:player_wall_head":5,"minecraft:amethyst_cluster":1,"minecraft:blue_stained_glass":2,"minecraft:glass":17,"minecraft:cyan_bed":1,"minecraft:damaged_anvil":1,"minecraft:spruce_sign":6,"minecraft:wheat":211,"minecraft:warped_fungus":2,"minecraft:loom":1,"minecraft:red_mushroom_block":2585,"minecraft:stonecutter":5,"minecraft:yellow_stained_glass":1,"minecraft:piston":15,"minecraft:yellow_terracotta":12,"minecraft:shulker_box":257,"minecraft:cobbled_deepslate_slab":2,"minecraft:crimson_roots":142,"minecraft:kelp":30,"minecraft:moss_block":23,"minecraft:horn_coral_wall_fan":35,"minecraft:diamond_block":7,"minecraft:potatoes":2,"minecraft:warped_stem":48,"minecraft:smooth_quartz_stairs":16,"minecraft:bamboo":69,"minecraft:white_wool":97,"minecraft:smithing_table":1,"minecraft:gray_concrete":4,"minecraft:comparator":1,"minecraft:brown_carpet":3,"minecraft:stone_brick_slab":17,"minecraft:observer":93,"minecraft:jungle_sign":2,"minecraft:cobbled_deepslate_wall":2,"minecraft:spruce_button":1,"minecraft:emerald_ore":1,"minecraft:dropper":3,"minecraft:white_carpet":7,"minecraft:spruce_log":1,"minecraft:birch_leaves":37,"minecraft:quartz_pillar":2,"minecraft:mycelium":748,"minecraft:dripstone_block":2,"minecraft:infested_stone":37,"minecraft:spruce_planks":11,"minecraft:jungle_slab":11,"minecraft:sculk_vein":112,"minecraft:cobblestone_stairs":12,"minecraft:cave_vines_plant":1,"minecraft:stripped_crimson_hyphae":1,"minecraft:grass_block":4899,"minecraft:soul_soil":135,"minecraft:smooth_stone":4,"minecraft:iron_ore":52,"minecraft:black_carpet":16,"minecraft:anvil":10,"minecraft:dark_oak_stairs":7,"minecraft:purple_carpet":62,"minecraft:birch_wall_sign":3,"minecraft:azalea_leaves":4,"minecraft:cyan_terracotta":2,"minecraft:blackstone":448,"minecraft:twisting_vines_plant":8,"minecraft:melon_stem":2,"minecraft:clay":1013,"minecraft:calcite":24,"minecraft:chest":65,"minecraft:mushroom_stem":599,"minecraft:cobblestone":895,"minecraft:slime_block":1,"minecraft:grindstone":3,"minecraft:iron_door":6,"minecraft:deepslate_copper_ore":4,"minecraft:seagrass":2,"minecraft:dark_oak_door":5,"minecraft:nether_wart_block":4719,"minecraft:lapis_block":1,"minecraft:birch_log":30,"minecraft:yellow_wool":1,"minecraft:birch_trapdoor":2,"minecraft:brown_wall_banner":1,"minecraft:light_gray_wool":1,"minecraft:sand":701,"minecraft:crimson_planks":1,"minecraft:netherrack":21844,"minecraft:magenta_wool":4,"minecraft:oak_leaves":113,"minecraft:nether_gold_ore":32,"minecraft:diamond_ore":2,"minecraft:tuff":442,"minecraft:red_carpet":31,"minecraft:deepslate_diamond_ore":329,"minecraft:weeping_vines":40,"minecraft:white_stained_glass":3,"minecraft:mangrove_propagule":1,"minecraft:sandstone":1,"minecraft:rooted_dirt":46,"minecraft:large_fern":9,"minecraft:deepslate_brick_slab":1,"minecraft:spruce_sapling":1,"minecraft:furnace":8,"minecraft:black_concrete":20,"minecraft:bell":9,"minecraft:packed_ice":17,"minecraft:stone":29225,"minecraft:yellow_shulker_box":3,"minecraft:birch_pressure_plate":1,"minecraft:redstone_wall_torch":21,"minecraft:podzol":509,"minecraft:light_blue_shulker_box":1,"minecraft:flowering_azalea":2,"minecraft:red_wool":20,"minecraft:crafting_table":15,"minecraft:cyan_stained_glass_pane":6,"minecraft:sculk_sensor":1,"minecraft:lectern":3,"minecraft:lapis_ore":21,"minecraft:sculk":78,"minecraft:blue_bed":19,"minecraft:spruce_stairs":3,"minecraft:gray_wool":24,"minecraft:lime_bed":32,"minecraft:polished_blackstone_stairs":3,"minecraft:redstone_torch":7,"minecraft:sweet_berry_bush":6,"minecraft:yellow_bed":1,"minecraft:coal_ore":330,"minecraft:end_rod":2,"minecraft:bubble_coral_wall_fan":2,"minecraft:gray_carpet":5,"minecraft:polished_andesite":2,"minecraft:crimson_hyphae":30},"minecraft:killed_by":{"minecraft:player":4},"minecraft:killed":{"minecraft:cod":1,"minecraft:tropical_fish":1,"minecraft:iron_golem":2,"minecraft:pillager":16,"minecraft:zombie":75,"minecraft:evoker":2,"minecraft:endermite":10,"minecraft:vindicator":12,"minecraft:warden":1,"minecraft:ravager":1,"minecraft:zombified_piglin":2,"minecraft:witch":5,"minecraft:spider":43,"minecraft:bee":1,"minecraft:axolotl":1,"minecraft:silverfish":18,"minecraft:piglin":8,"minecraft:zombie_villager":1,"minecraft:sheep":9,"minecraft:trader_llama":4,"minecraft:mooshroom":140,"minecraft:ghast":6,"minecraft:vex":1,"minecraft:slime":59,"minecraft:drowned":8,"minecraft:hoglin":14,"minecraft:squid":7,"minecraft:wither_skeleton":2,"minecraft:villager":2,"minecraft:cave_spider":3,"minecraft:skeleton":74,"minecraft:chicken":23,"minecraft:cat":2,"minecraft:magma_cube":36,"minecraft:glow_squid":1,"minecraft:cow":12,"minecraft:wandering_trader":2,"minecraft:enderman":5190,"minecraft:pig":2,"minecraft:creeper":15,"minecraft:blaze":3,"minecraft:phantom":25,"minecraft:bat":2},"minecraft:custom":{"minecraft:interact_with_crafting_table":263,"minecraft:damage_blocked_by_shield":10955,"minecraft:play_time":6727784,"minecraft:deaths":7,"minecraft:jump":101918,"minecraft:play_record":1,"minecraft:interact_with_smoker":5,"minecraft:inspect_dispenser":59,"minecraft:horse_one_cm":37314,"minecraft:inspect_dropper":135,"minecraft:interact_with_anvil":60,"minecraft:inspect_hopper":56,"minecraft:tune_noteblock":15,"minecraft:time_since_rest":139606,"minecraft:swim_one_cm":1141858,"minecraft:open_chest":2096,"minecraft:open_shulker_box":1524,"minecraft:damage_resisted":58,"minecraft:play_noteblock":16,"minecraft:talked_to_villager":31,"minecraft:interact_with_brewingstand":11,"minecraft:interact_with_beacon":4,"minecraft:fill_cauldron":1,"minecraft:raid_win":1,"minecraft:boat_one_cm":1313932,"minecraft:damage_taken":89657,"minecraft:aviate_one_cm":142046756,"minecraft:open_barrel":793,"minecraft:bell_ring":89,"minecraft:leave_game":200,"minecraft:time_since_death":1059336,"minecraft:enchant_item":5,"minecraft:interact_with_furnace":203,"minecraft:traded_with_villager":23,"minecraft:sleep_in_bed":90,"minecraft:damage_dealt":104816,"minecraft:interact_with_smithing_table":18,"minecraft:damage_dealt_absorbed":80,"minecraft:target_hit":120,"minecraft:sneak_time":422861,"minecraft:interact_with_lectern":78,"minecraft:total_world_time":6727784,"minecraft:interact_with_stonecutter":12,"minecraft:fly_one_cm":22854552,"minecraft:fish_caught":39,"minecraft:fall_one_cm":3592158,"minecraft:animals_bred":457,"minecraft:sprint_one_cm":11905351,"minecraft:drop":1949,"minecraft:walk_on_water_one_cm":405176,"minecraft:interact_with_loom":5,"minecraft:open_enderchest":942,"minecraft:crouch_one_cm":2187460,"minecraft:mob_kills":5877,"minecraft:climb_one_cm":235007,"minecraft:walk_one_cm":14107330,"minecraft:walk_under_water_one_cm":672047,"minecraft:raid_trigger":1,"minecraft:interact_with_grindstone":4,"minecraft:damage_absorbed":224,"minecraft:minecart_one_cm":188441,"minecraft:pig_one_cm":428},"minecraft:picked_up":{"minecraft:stone_slab":5,"minecraft:smithing_table":1,"minecraft:lead":4,"minecraft:string":120,"minecraft:pufferfish":4,"minecraft:shroomlight":15,"minecraft:diamond_leggings":18,"minecraft:diamond_ore":1,"minecraft:spruce_pressure_plate":1,"minecraft:polished_blackstone_brick_slab":1,"minecraft:polished_blackstone_stairs":3,"minecraft:cyan_stained_glass_pane":6,"minecraft:brown_carpet":3,"minecraft:yellow_banner":1,"minecraft:lime_carpet":8,"minecraft:horn_coral_fan":42,"minecraft:end_rod":2,"minecraft:blaze_rod":5,"minecraft:iron_bars":17,"minecraft:cooked_beef":997,"minecraft:water_bucket":4,"minecraft:dark_oak_boat":1,"minecraft:brown_wool":5,"minecraft:flint":20,"minecraft:lantern":4,"minecraft:purple_carpet":73,"minecraft:stonecutter":6,"minecraft:brown_mushroom_block":2264,"minecraft:polished_andesite":1,"minecraft:deepslate":3584,"minecraft:lever":7,"minecraft:granite":736,"minecraft:spruce_button":5,"minecraft:rooted_dirt":91,"minecraft:crimson_roots":57,"minecraft:diamond_pickaxe":7,"minecraft:mud":4,"minecraft:bee_nest":1,"minecraft:clay_ball":4,"minecraft:leather_leggings":8,"minecraft:cornflower":1,"minecraft:elytra":28,"minecraft:flint_and_steel":1,"minecraft:white_stained_glass":2,"minecraft:white_carpet":3,"minecraft:netherite_sword":4,"minecraft:spruce_slab":16,"minecraft:minecart":31,"minecraft:piston":26,"minecraft:copper_ore":44,"minecraft:stone":8904,"minecraft:netherite_pickaxe":9,"minecraft:cyan_shulker_box":2,"minecraft:jungle_sign":5,"minecraft:diamond_chestplate":16,"minecraft:hay_block":83,"minecraft:yellow_terracotta":45,"minecraft:totem_of_undying":34,"minecraft:polished_blackstone":38,"minecraft:bone_block":120,"minecraft:rail":3,"minecraft:emerald_ore":1,"minecraft:lime_bed":32,"minecraft:birch_leaves":36,"minecraft:yellow_shulker_box":3,"minecraft:mud_bricks":3,"minecraft:sculk_vein":68,"minecraft:paper":69,"minecraft:apple":3,"minecraft:warped_stem":48,"minecraft:yellow_stained_glass":1,"minecraft:iron_ore":12,"minecraft:dark_oak_stairs":6,"minecraft:smooth_basalt":3,"minecraft:milk_bucket":1,"minecraft:sweet_berries":131,"minecraft:red_wool":141,"minecraft:crying_obsidian":1,"minecraft:leather_helmet":1,"minecraft:diamond_shovel":20,"minecraft:coal_ore":96,"minecraft:slime_ball":126,"minecraft:deepslate_redstone_ore":22,"minecraft:birch_sign":10,"minecraft:baked_potato":7,"minecraft:smooth_quartz_slab":7,"minecraft:hopper":7,"minecraft:black_carpet":19,"minecraft:light_blue_concrete":1,"minecraft:ender_chest":94,"minecraft:yellow_wool":1,"minecraft:lapis_block":1,"minecraft:deepslate_lapis_ore":5,"minecraft:smooth_stone":126,"minecraft:comparator":1,"minecraft:light_weighted_pressure_plate":2,"minecraft:cobblestone_slab":5,"minecraft:iron_pickaxe":1,"minecraft:smooth_quartz":202,"minecraft:smooth_quartz_stairs":17,"minecraft:deepslate_iron_ore":27,"minecraft:birch_trapdoor":2,"minecraft:spruce_stairs":10,"minecraft:netherite_shovel":3,"minecraft:diorite":1312,"minecraft:goat_horn":1,"minecraft:andesite_wall":10,"minecraft:rotten_flesh":67,"minecraft:mangrove_roots":10,"minecraft:deepslate_brick_stairs":1,"minecraft:obsidian":483,"minecraft:cobblestone":3986,"minecraft:leather_chestplate":6,"minecraft:repeater":15,"minecraft:andesite":1703,"minecraft:orange_carpet":1,"minecraft:beacon":1,"minecraft:potato":12,"minecraft:dirt":4692,"minecraft:name_tag":2,"minecraft:glass":76,"minecraft:bone":47,"minecraft:bow":10,"minecraft:wheat_seeds":1676,"minecraft:grindstone":3,"minecraft:netherite_axe":4,"minecraft:bamboo":622,"minecraft:light_blue_shulker_box":1,"minecraft:grass_block":4166,"minecraft:diamond_block":11,"minecraft:jungle_slab":13,"minecraft:yellow_carpet":16,"minecraft:slime_block":1,"minecraft:netherite_helmet":4,"minecraft:crossbow":4,"minecraft:bone_meal":210,"minecraft:golden_apple":6,"minecraft:spruce_sign":31,"minecraft:emerald":25,"minecraft:netherrack":5705,"minecraft:oak_leaves":107,"minecraft:splash_potion":1,"minecraft:ladder":6,"minecraft:packed_ice":242,"minecraft:brown_mushroom":195,"minecraft:chain":7,"minecraft:shield":3,"minecraft:moss_carpet":20,"minecraft:blue_orchid":3,"minecraft:mycelium":670,"minecraft:magenta_wool":4,"minecraft:blackstone":6,"minecraft:end_stone":4,"minecraft:note_block":1,"minecraft:polished_blackstone_bricks":1,"minecraft:cookie":163,"minecraft:stone_pressure_plate":1,"minecraft:red_shulker_box":1,"minecraft:weeping_vines":25,"minecraft:nether_bricks":3,"minecraft:black_banner":1,"minecraft:netherite_boots":5,"minecraft:dark_oak_button":6,"minecraft:basalt":11,"minecraft:golden_carrot":173,"minecraft:magenta_banner":1,"minecraft:leather":350,"minecraft:granite_stairs":3,"minecraft:cobblestone_wall":128,"minecraft:gunpowder":17,"minecraft:cooked_mutton":25,"minecraft:red_carpet":52,"minecraft:gray_carpet":15,"minecraft:acacia_trapdoor":2,"minecraft:spruce_wood":1,"minecraft:iron_ingot":46,"minecraft:cooked_chicken":2,"minecraft:sculk_catalyst":1,"minecraft:warped_fungus":7,"minecraft:nether_quartz_ore":66,"minecraft:stone_brick_slab":45,"minecraft:quartz":983,"minecraft:dandelion":1,"minecraft:lava_bucket":1,"minecraft:amethyst_shard":6,"minecraft:light_blue_concrete_powder":14,"minecraft:sculk_sensor":1,"minecraft:damaged_anvil":1,"minecraft:netherite_hoe":3,"minecraft:sunflower":1,"minecraft:anvil":11,"minecraft:magenta_carpet":12,"minecraft:diamond_sword":4,"minecraft:birch_button":141,"minecraft:golden_shovel":1,"minecraft:polished_deepslate_wall":2,"minecraft:amethyst_block":9,"minecraft:dark_oak_trapdoor":3,"minecraft:soul_soil":67,"minecraft:red_nether_bricks":1,"minecraft:cobbled_deepslate":1200,"minecraft:spruce_planks":147,"minecraft:acacia_sign":4,"minecraft:written_book":21,"minecraft:azalea_leaves":4,"minecraft:enchanted_golden_apple":3,"minecraft:dark_oak_door":8,"minecraft:pink_carpet":8,"minecraft:deepslate_tile_stairs":6,"minecraft:tropical_fish":1,"minecraft:iron_block":338,"minecraft:cyan_terracotta":2,"minecraft:netherite_chestplate":3,"minecraft:birch_log":25,"minecraft:magma_block":37,"minecraft:oxidized_copper":1,"minecraft:iron_door":7,"minecraft:jungle_log":88,"minecraft:map":29,"minecraft:netherite_leggings":5,"minecraft:gray_concrete":38,"minecraft:twisting_vines":23,"minecraft:chipped_anvil":14,"minecraft:glowstone_dust":6,"minecraft:moss_block":7,"minecraft:warped_wart_block":375,"minecraft:dropper":3,"minecraft:ink_sac":6,"minecraft:loom":1,"minecraft:barrel":3,"minecraft:dark_oak_log":129,"minecraft:red_terracotta":2,"minecraft:quartz_bricks":120,"minecraft:dispenser":7,"minecraft:writable_book":31,"minecraft:deepslate_gold_ore":17,"minecraft:blue_ice":238,"minecraft:dark_oak_fence":10,"minecraft:music_disc_5":1,"minecraft:spruce_leaves":2,"minecraft:lime_stained_glass_pane":2,"minecraft:crafting_table":16,"minecraft:coarse_dirt":606,"minecraft:bubble_coral_fan":3,"minecraft:netherite_scrap":1,"minecraft:cartography_table":1,"minecraft:music_disc_otherside":2,"minecraft:deepslate_diamond_ore":95,"minecraft:beef":6,"minecraft:quartz_stairs":25,"minecraft:chest":84,"minecraft:egg":6,"minecraft:spruce_fence":4,"minecraft:redstone":172,"minecraft:mushroom_stem":495,"minecraft:blue_carpet":6,"minecraft:tnt":31,"minecraft:cooked_cod":1,"minecraft:tube_coral_fan":1,"minecraft:diamond_boots":18,"minecraft:shears":22,"minecraft:deepslate_bricks":2,"minecraft:gold_ingot":8,"minecraft:glow_berries":29,"minecraft:white_wool":591,"minecraft:lapis_ore":5,"minecraft:red_mushroom_block":1704,"minecraft:red_mushroom":281,"minecraft:filled_map":188,"minecraft:jungle_button":5,"minecraft:oak_log":260,"minecraft:ancient_debris":41,"minecraft:blue_bed":21,"minecraft:white_banner":9,"minecraft:birch_pressure_plate":1,"minecraft:stone_bricks":214,"minecraft:kelp":349,"minecraft:glass_bottle":2,"minecraft:flowering_azalea":2,"minecraft:dark_oak_slab":6,"minecraft:sculk":41,"minecraft:spyglass":1,"minecraft:gravel":513,"minecraft:spruce_sapling":1,"minecraft:spruce_log":37,"minecraft:firework_rocket":530,"minecraft:polished_diorite":24,"minecraft:light_blue_carpet":46,"minecraft:diamond_axe":5,"minecraft:redstone_ore":2,"minecraft:gray_wool":182,"minecraft:warped_roots":25,"minecraft:crimson_nylium":1522,"minecraft:warped_nylium":467,"minecraft:melon_seeds":2,"minecraft:brown_banner":3,"minecraft:mangrove_propagule":2,"minecraft:ender_pearl":3497,"minecraft:wheat":1186,"minecraft:redstone_block":58,"minecraft:green_stained_glass_pane":2,"minecraft:dead_horn_coral_fan":14,"minecraft:potion":6,"minecraft:crimson_planks":1,"minecraft:raw_copper":533,"minecraft:smooth_stone_slab":7,"minecraft:sticky_piston":46,"minecraft:armor_stand":128,"minecraft:oak_sign":30,"minecraft:sea_pickle":16,"minecraft:deepslate_tiles":1,"minecraft:dark_oak_leaves":1,"minecraft:redstone_torch":45,"minecraft:calcite":21,"minecraft:deepslate_tile_wall":2,"minecraft:furnace":8,"minecraft:iron_boots":1,"minecraft:stick":141,"minecraft:deepslate_brick_wall":2,"minecraft:torch":98,"minecraft:porkchop":10,"minecraft:pointed_dripstone":4,"minecraft:blue_stained_glass":2,"minecraft:quartz_block":4,"minecraft:nether_gold_ore":1,"minecraft:cod":7,"minecraft:nautilus_shell":1,"minecraft:crimson_hyphae":30,"minecraft:magma_cream":26,"minecraft:tuff":378,"minecraft:horn_coral":1,"minecraft:lapis_lazuli":133,"minecraft:leather_boots":7,"minecraft:cobbled_deepslate_wall":2,"minecraft:raw_gold":66,"minecraft:deepslate_brick_slab":12,"minecraft:cobbled_deepslate_slab":46,"minecraft:bell":23,"minecraft:light_blue_dye":63,"minecraft:powered_rail":5,"minecraft:oak_planks":16,"minecraft:ghast_tear":5,"minecraft:cooked_porkchop":146,"minecraft:sand":604,"minecraft:jungle_planks":4,"minecraft:cyan_bed":1,"minecraft:shulker_box":257,"minecraft:orange_wool":4,"minecraft:clay":199,"minecraft:black_concrete":39,"minecraft:diamond":624,"minecraft:spruce_boat":40,"minecraft:white_concrete":1,"minecraft:oak_sapling":83,"minecraft:bubble_coral_block":6,"minecraft:cocoa_beans":440,"minecraft:fishing_rod":3,"minecraft:charcoal":2,"minecraft:gold_block":5,"minecraft:stone_stairs":5,"minecraft:item_frame":133,"minecraft:quartz_slab":1,"minecraft:detector_rail":28,"minecraft:oak_boat":16,"minecraft:player_head":85,"minecraft:observer":93,"minecraft:light_gray_wool":510,"minecraft:lectern":3,"minecraft:tinted_glass":8,"minecraft:sugar_cane":938,"minecraft:phantom_membrane":8,"minecraft:spruce_trapdoor":5,"minecraft:orange_dye":17,"minecraft:raw_iron":89,"minecraft:stripped_crimson_hyphae":1,"minecraft:copper_ingot":1,"minecraft:quartz_pillar":2,"minecraft:stone_button":850,"minecraft:dark_oak_planks":120,"minecraft:arrow":100,"minecraft:jungle_stairs":1,"minecraft:saddle":2,"minecraft:lime_stained_glass":1,"minecraft:glow_ink_sac":3,"minecraft:crimson_stem":883,"minecraft:salmon":3,"minecraft:nether_wart_block":3508,"minecraft:cobblestone_stairs":12,"minecraft:deepslate_tile_slab":614,"minecraft:podzol":353,"minecraft:soul_sand":62,"minecraft:purple_concrete":310,"minecraft:book":1,"minecraft:scaffolding":98,"minecraft:oak_slab":2,"minecraft:dripstone_block":1,"minecraft:brain_coral_fan":1,"minecraft:white_bed":1,"minecraft:spider_eye":50,"minecraft:campfire":8,"minecraft:honey_block":174,"minecraft:black_wool":348,"minecraft:red_concrete":161,"minecraft:coal":225},"minecraft:dropped":{"minecraft:iron_sword":1,"minecraft:porkchop":10,"minecraft:lapis_lazuli":86,"minecraft:glass_bottle":6,"minecraft:diamond":52,"minecraft:crafting_table":3,"minecraft:weeping_vines":23,"minecraft:glow_berries":5,"minecraft:warped_roots":3,"minecraft:brown_banner":1,"minecraft:red_mushroom":16,"minecraft:emerald":1,"minecraft:gray_concrete":36,"minecraft:dark_oak_trapdoor":1,"minecraft:netherite_boots":2,"minecraft:writable_book":5,"minecraft:bubble_coral_block":3,"minecraft:sand":63,"minecraft:dark_oak_planks":8,"minecraft:fishing_rod":1,"minecraft:white_wool":254,"minecraft:dark_oak_door":3,"minecraft:goat_horn":1,"minecraft:lever":1,"minecraft:cooked_chicken":2,"minecraft:cobbled_deepslate":677,"minecraft:wheat":25,"minecraft:obsidian":94,"minecraft:music_disc_5":1,"minecraft:rotten_flesh":67,"minecraft:oak_planks":25,"minecraft:pink_carpet":7,"minecraft:glowstone_dust":6,"minecraft:quartz_bricks":3,"minecraft:golden_shovel":1,"minecraft:red_mushroom_block":147,"minecraft:coal_ore":13,"minecraft:jungle_log":5,"minecraft:leather_boots":1,"minecraft:leather_leggings":1,"minecraft:glass":1,"minecraft:beef":6,"minecraft:podzol":9,"minecraft:wheat_seeds":585,"minecraft:deepslate_redstone_ore":18,"minecraft:smooth_quartz_stairs":2,"minecraft:cobbled_deepslate_wall":2,"minecraft:deepslate_tile_slab":173,"minecraft:golden_apple":1,"minecraft:acacia_sign":4,"minecraft:gray_wool":79,"minecraft:ink_sac":6,"minecraft:potion":4,"minecraft:white_banner":4,"minecraft:smooth_stone":61,"minecraft:blue_carpet":5,"minecraft:stone_brick_slab":1,"minecraft:soul_soil":67,"minecraft:player_head":25,"minecraft:clay_ball":4,"minecraft:iron_boots":2,"minecraft:name_tag":1,"minecraft:cobbled_deepslate_slab":32,"minecraft:oak_sign":6,"minecraft:shears":20,"minecraft:diamond_sword":3,"minecraft:spruce_boat":2,"minecraft:sea_pickle":8,"minecraft:spruce_trapdoor":4,"minecraft:spruce_planks":159,"minecraft:diamond_pickaxe":3,"minecraft:light_blue_carpet":13,"minecraft:stone_pressure_plate":3,"minecraft:stone_bricks":110,"minecraft:bamboo":202,"minecraft:bow":6,"minecraft:magma_block":20,"minecraft:soul_sand":55,"minecraft:moss_block":4,"minecraft:oak_log":56,"minecraft:ender_pearl":3561,"minecraft:leather":235,"minecraft:jungle_planks":15,"minecraft:red_wool":75,"minecraft:cod":4,"minecraft:cobblestone_stairs":1,"minecraft:packed_ice":123,"minecraft:jungle_sign":1,"minecraft:black_concrete":22,"minecraft:gold_ingot":11,"minecraft:spyglass":1,"minecraft:pointed_dripstone":4,"minecraft:cyan_shulker_box":1,"minecraft:cooked_mutton":7,"minecraft:mycelium":378,"minecraft:mushroom_stem":60,"minecraft:dropper":1,"minecraft:iron_ore":2,"minecraft:birch_button":43,"minecraft:iron_bars":12,"minecraft:scaffolding":63,"minecraft:splash_potion":2,"minecraft:purple_carpet":9,"minecraft:golden_helmet":1,"minecraft:netherite_axe":1,"minecraft:mangrove_propagule":1,"minecraft:andesite_wall":10,"minecraft:amethyst_block":6,"minecraft:spruce_stairs":14,"minecraft:iron_block":1,"minecraft:milk_bucket":1,"minecraft:repeater":5,"minecraft:nether_wart_block":9,"minecraft:yellow_shulker_box":1,"minecraft:polished_blackstone_brick_slab":1,"minecraft:kelp":262,"minecraft:sweet_berries":70,"minecraft:totem_of_undying":21,"minecraft:shulker_box":1,"minecraft:netherite_leggings":1,"minecraft:deepslate_bricks":2,"minecraft:copper_ore":2,"minecraft:mud_bricks":3,"minecraft:andesite":705,"minecraft:oak_sapling":22,"minecraft:birch_sign":3,"minecraft:magma_cream":14,"minecraft:nautilus_shell":1,"minecraft:amethyst_cluster":52,"minecraft:clay":199,"minecraft:cooked_beef":68,"minecraft:crossbow":4,"minecraft:cookie":161,"minecraft:rooted_dirt":46,"minecraft:dark_oak_button":3,"minecraft:bubble_coral_fan":2,"minecraft:elytra":19,"minecraft:leather_helmet":1,"minecraft:red_carpet":28,"minecraft:item_frame":1,"minecraft:dirt":974,"minecraft:stone_button":403,"minecraft:chain":2,"minecraft:bone_meal":200,"minecraft:bone_block":30,"minecraft:phantom_membrane":8,"minecraft:iron_pickaxe":2,"minecraft:bone":42,"minecraft:brain_coral_fan":1,"minecraft:sugar_cane":814,"minecraft:deepslate_brick_slab":6,"minecraft:salmon":3,"minecraft:charcoal":2,"minecraft:jungle_stairs":3,"minecraft:hopper":2,"minecraft:ladder":4,"minecraft:spruce_slab":8,"minecraft:crying_obsidian":1,"minecraft:ghast_tear":5,"minecraft:crimson_planks":12,"minecraft:enchanted_book":1,"minecraft:iron_ingot":6,"minecraft:netherite_pickaxe":5,"minecraft:deepslate_brick_wall":1,"minecraft:netherite_helmet":1,"minecraft:iron_helmet":1,"minecraft:yellow_terracotta":36,"minecraft:cobblestone":692,"minecraft:apple":1,"minecraft:granite":103,"minecraft:spruce_button":1,"minecraft:coal":22,"minecraft:polished_andesite":1,"minecraft:pufferfish":3,"minecraft:jungle_slab":9,"minecraft:golden_carrot":99,"minecraft:lime_carpet":7,"minecraft:paper":45,"minecraft:string":60,"minecraft:spruce_sapling":1,"minecraft:furnace":4,"minecraft:moss_carpet":2,"minecraft:redstone_ore":2,"minecraft:cobblestone_wall":85,"minecraft:smooth_stone_slab":2,"minecraft:deepslate":1734,"minecraft:spruce_fence":3,"minecraft:light_blue_dye":63,"minecraft:potato":8,"minecraft:cobblestone_slab":8,"minecraft:hay_block":7,"minecraft:shroomlight":2,"minecraft:stone":1466,"minecraft:spider_eye":50,"minecraft:brown_carpet":3,"minecraft:black_wool":209,"minecraft:crimson_nylium":23,"minecraft:spruce_sign":11,"minecraft:brown_mushroom":134,"minecraft:birch_planks":4,"minecraft:diamond_axe":4,"minecraft:baked_potato":7,"minecraft:lantern":1,"minecraft:flint":20,"minecraft:spruce_leaves":2,"minecraft:deepslate_tile_stairs":3,"minecraft:deepslate_gold_ore":11,"minecraft:orange_carpet":18,"minecraft:jungle_button":4,"minecraft:crimson_roots":57,"minecraft:cooked_cod":1,"minecraft:polished_blackstone_bricks":4,"minecraft:brown_mushroom_block":357,"minecraft:armor_stand":105,"minecraft:gravel":509,"minecraft:mangrove_roots":4,"minecraft:diamond_shovel":18,"minecraft:gunpowder":17,"minecraft:melon_seeds":2,"minecraft:chest":29,"minecraft:basalt":4,"minecraft:arrow":17,"minecraft:powered_rail":8,"minecraft:quartz":140,"minecraft:written_book":7,"minecraft:oak_leaves":48,"minecraft:netherrack":3183,"minecraft:firework_rocket":88,"minecraft:oak_slab":1,"minecraft:magenta_carpet":3,"minecraft:deepslate_iron_ore":18,"minecraft:diamond_leggings":16,"minecraft:sculk_vein":2,"minecraft:spectral_arrow":1,"minecraft:copper_ingot":1,"minecraft:light_blue_concrete_powder":14,"minecraft:grass_block":171,"minecraft:stick":140,"minecraft:deepslate_brick_stairs":1,"minecraft:nether_gold_ore":1,"minecraft:diorite":345,"minecraft:torch":67,"minecraft:smooth_quartz":2,"minecraft:map":29,"minecraft:iron_leggings":1,"minecraft:bucket":1,"minecraft:lapis_block":1,"minecraft:smooth_basalt":2,"minecraft:redstone":10,"minecraft:warped_nylium":9,"minecraft:coarse_dirt":53,"minecraft:raw_copper":206,"minecraft:tuff":201,"minecraft:raw_iron":15,"minecraft:light_gray_wool":359,"minecraft:red_terracotta":1,"minecraft:filled_map":47,"minecraft:shield":1,"minecraft:diamond_chestplate":14,"minecraft:iron_chestplate":1,"minecraft:blue_ice":127,"minecraft:oak_boat":2,"minecraft:diamond_boots":15,"minecraft:slime_ball":30,"minecraft:stripped_crimson_hyphae":1,"minecraft:raw_gold":3,"minecraft:nether_quartz_ore":4,"minecraft:calcite":4,"minecraft:white_stained_glass":1},"minecraft:broken":{"minecraft:fishing_rod":1,"minecraft:shield":3,"minecraft:iron_sword":1},"minecraft:used":{"minecraft:moss_block":1,"minecraft:writable_book":26,"minecraft:smooth_quartz_slab":95,"minecraft:dispenser":13,"minecraft:black_carpet":1921,"minecraft:stone":9430,"minecraft:quartz_stairs":103,"minecraft:soul_sand":7,"minecraft:cocoa_beans":171,"minecraft:weeping_vines":1,"minecraft:spruce_boat":39,"minecraft:packed_ice":1,"minecraft:lava_bucket":36,"minecraft:quartz_pillar":2,"minecraft:red_wool":46,"minecraft:quartz_block":6,"minecraft:netherite_hoe":5764,"minecraft:dark_oak_leaves":1,"minecraft:dark_oak_slab":4,"minecraft:netherite_boots":1,"minecraft:bow":919,"minecraft:oak_sapling":1,"minecraft:deepslate_brick_wall":1,"minecraft:damaged_anvil":1,"minecraft:blackstone":1,"minecraft:clay":1,"minecraft:golden_apple":4,"minecraft:glow_berries":16,"minecraft:gray_concrete":2,"minecraft:deepslate_iron_ore":1,"minecraft:nether_wart_block":3257,"minecraft:diamond_sword":321,"minecraft:smithing_table":4,"minecraft:oak_boat":18,"minecraft:oak_trapdoor":2,"minecraft:armor_stand":26,"minecraft:tinted_glass":8,"minecraft:torch":65,"minecraft:brewing_stand":3,"minecraft:nether_quartz_ore":62,"minecraft:cod_bucket":1,"minecraft:golden_shovel":1,"minecraft:chipped_anvil":14,"minecraft:iron_block":335,"minecraft:light_weighted_pressure_plate":2,"minecraft:polished_deepslate_wall":2,"minecraft:jungle_log":17,"minecraft:barrel":7,"minecraft:bamboo":28,"minecraft:tadpole_bucket":2,"minecraft:basalt":7,"minecraft:podzol":50,"minecraft:horn_coral_fan":19,"minecraft:wheat_seeds":1424,"minecraft:light_blue_shulker_box":1,"minecraft:cauldron":1,"minecraft:glow_ink_sac":3,"minecraft:diamond_block":8,"minecraft:rail":5,"minecraft:campfire":20,"minecraft:white_bed":2,"minecraft:spruce_log":19,"minecraft:mushroom_stem":31,"minecraft:amethyst_cluster":4,"minecraft:diamond_pickaxe":33306,"minecraft:diamond_shovel":4960,"minecraft:spruce_pressure_plate":1,"minecraft:spruce_trapdoor":22,"minecraft:pink_bed":1,"minecraft:potion":8,"minecraft:azalea_leaves":4,"minecraft:cooked_porkchop":18,"minecraft:dandelion":1,"minecraft:obsidian":304,"minecraft:spruce_wood":1,"minecraft:lantern":2,"minecraft:warped_nylium":302,"minecraft:item_frame":107,"minecraft:deepslate_diamond_ore":95,"minecraft:birch_button":11,"minecraft:birch_trapdoor":8,"minecraft:horn_coral":1,"minecraft:written_book":402,"minecraft:mangrove_roots":6,"minecraft:jungle_button":1,"minecraft:gold_block":1,"minecraft:end_rod":2,"minecraft:diamond_boots":2,"minecraft:dropper":52,"minecraft:gray_carpet":15,"minecraft:oak_planks":1,"minecraft:diamond_axe":2,"minecraft:white_wool":152,"minecraft:netherite_leggings":3,"minecraft:crossbow":2,"minecraft:end_stone":4,"minecraft:sticky_piston":49,"minecraft:lever":13,"minecraft:dark_oak_log":6,"minecraft:brown_wool":77,"minecraft:iron_door":13,"minecraft:deepslate":246,"minecraft:light_blue_concrete_powder":1,"minecraft:pufferfish_bucket":4,"minecraft:dead_horn_coral_fan":12,"minecraft:chain":1,"minecraft:smooth_stone_slab":7,"minecraft:coarse_dirt":384,"minecraft:bone_meal":38,"minecraft:netherite_sword":2032,"minecraft:flint_and_steel":80,"minecraft:redstone":233,"minecraft:ender_chest":87,"minecraft:dirt":1361,"minecraft:bee_nest":1,"minecraft:spruce_fence":2,"minecraft:lime_stained_glass":1,"minecraft:deepslate_tile_stairs":3,"minecraft:netherite_pickaxe":41842,"minecraft:minecart":31,"minecraft:cooked_beef":894,"minecraft:quartz_bricks":27,"minecraft:cobblestone_stairs":20,"minecraft:baked_potato":3,"minecraft:red_nether_bricks":1,"minecraft:brown_mushroom":56,"minecraft:spruce_sign":37,"minecraft:warped_roots":3,"minecraft:red_mushroom":254,"minecraft:magenta_carpet":34,"minecraft:warped_planks":4,"minecraft:piston":27,"minecraft:black_wool":99,"minecraft:detector_rail":28,"minecraft:jungle_stairs":2,"minecraft:stone_slab":9,"minecraft:yellow_wool":1,"minecraft:magenta_banner":1,"minecraft:cyan_stained_glass_pane":6,"minecraft:lapis_block":1,"minecraft:gray_wool":83,"minecraft:sculk_catalyst":3,"minecraft:spruce_slab":8,"minecraft:elytra":6,"minecraft:ladder":44,"minecraft:chest":97,"minecraft:blue_stained_glass":2,"minecraft:jungle_slab":34,"minecraft:orange_wool":255,"minecraft:honey_block":174,"minecraft:netherite_shovel":19280,"minecraft:grass_block":4014,"minecraft:sweet_berries":74,"minecraft:furnace":17,"minecraft:egg":230,"minecraft:potato":4,"minecraft:light_blue_carpet":28,"minecraft:diorite":28,"minecraft:powered_rail":1,"minecraft:oak_leaves":2,"minecraft:smooth_quartz_stairs":99,"minecraft:dark_oak_trapdoor":36,"minecraft:sand":21,"minecraft:netherite_helmet":1,"minecraft:black_concrete_powder":1,"minecraft:deepslate_tiles":1,"minecraft:stone_button":37,"minecraft:lectern":3,"minecraft:red_terracotta":13,"minecraft:diamond_ore":1,"minecraft:dark_oak_fence":12,"minecraft:white_stained_glass":43,"minecraft:iron_bars":5,"minecraft:red_concrete":14,"minecraft:mycelium":131,"minecraft:netherrack":2789,"minecraft:orange_bed":1,"minecraft:target":2,"minecraft:warped_wart_block":91,"minecraft:anvil":19,"minecraft:twisting_vines":5,"minecraft:crimson_hyphae":681,"minecraft:stone_stairs":18,"minecraft:red_shulker_box":1,"minecraft:flowering_azalea":2,"minecraft:slime_block":1,"minecraft:spruce_button":1,"minecraft:smooth_quartz":47,"minecraft:totem_of_undying":9,"minecraft:smooth_basalt":1,"minecraft:magenta_wool":29,"minecraft:iron_trapdoor":1,"minecraft:cobbled_deepslate":436,"minecraft:observer":93,"minecraft:crimson_stem":2,"minecraft:water_bucket":217,"minecraft:yellow_banner":1,"minecraft:yellow_shulker_box":2,"minecraft:bubble_coral_fan":1,"minecraft:cartography_table":1,"minecraft:red_mushroom_block":128,"minecraft:orange_carpet":7,"minecraft:comparator":11,"minecraft:oak_slab":1,"minecraft:tnt":33,"minecraft:crafting_table":44,"minecraft:birch_sign":5,"minecraft:deepslate_tile_wall":2,"minecraft:cornflower":1,"minecraft:sunflower":1,"minecraft:iron_pickaxe":63,"minecraft:crimson_nylium":1405,"minecraft:cobblestone":6218,"minecraft:red_concrete_powder":96,"minecraft:kelp":87,"minecraft:sculk_vein":2,"minecraft:brown_mushroom_block":407,"minecraft:diamond_hoe":24,"minecraft:oak_sign":24,"minecraft:shield":128,"minecraft:iron_sword":328,"minecraft:bell":25,"minecraft:player_head":30,"minecraft:sculk_sensor":5,"minecraft:birch_pressure_plate":1,"minecraft:deepslate_tile_slab":1,"minecraft:tuff":36,"minecraft:axolotl_bucket":5,"minecraft:milk_bucket":4,"minecraft:glass":84,"minecraft:cyan_terracotta":2,"minecraft:coal_ore":1,"minecraft:stone_bricks":241,"minecraft:red_carpet":72,"minecraft:repeater":33,"minecraft:magma_block":17,"minecraft:brown_carpet":3,"minecraft:warped_fungus":7,"minecraft:scaffolding":102,"minecraft:polished_blackstone_stairs":3,"minecraft:dark_oak_stairs":10,"minecraft:ender_pearl":123,"minecraft:redstone_block":27,"minecraft:blue_bed":20,"minecraft:yellow_terracotta":9,"minecraft:loom":1,"minecraft:black_banner":1,"minecraft:dripstone_block":1,"minecraft:note_block":5,"minecraft:black_bed":1,"minecraft:shears":135,"minecraft:redstone_torch":63,"minecraft:black_concrete":17,"minecraft:firework_rocket":4682,"minecraft:cyan_bed":1,"minecraft:string":152,"minecraft:gravel":18,"minecraft:jungle_sign":6,"minecraft:grindstone":2,"minecraft:andesite":13,"minecraft:white_concrete":1,"minecraft:air":4,"minecraft:cobweb":11,"minecraft:experience_bottle":5,"minecraft:music_disc_otherside":1,"minecraft:spruce_planks":37,"minecraft:white_carpet":10,"minecraft:hopper":5,"minecraft:spruce_stairs":4,"minecraft:cobblestone_wall":49,"minecraft:shulker_box":270,"minecraft:pink_carpet":1,"minecraft:granite":19,"minecraft:stone_brick_slab":89,"minecraft:dark_oak_planks":172,"minecraft:yellow_stained_glass":1,"minecraft:crimson_planks":5,"minecraft:light_gray_wool":27,"minecraft:golden_carrot":384,"minecraft:white_stained_glass_pane":2,"minecraft:stone_pressure_plate":3,"minecraft:cooked_mutton":82,"minecraft:iron_ore":9,"minecraft:amethyst_block":3,"minecraft:glass_bottle":121,"minecraft:beacon":3,"minecraft:stonecutter":5,"minecraft:cobblestone_slab":15,"minecraft:lime_bed":32,"minecraft:brown_banner":4,"minecraft:smoker":2,"minecraft:dark_oak_door":8,"minecraft:map":2,"minecraft:netherite_axe":7544,"minecraft:fishing_rod":890,"minecraft:white_banner":5,"minecraft:bucket":266,"minecraft:purple_carpet":44,"minecraft:smooth_stone":1,"minecraft:splash_potion":1}},"DataVersion":3120}