{"stats":{"minecraft:mined":{"minecraft:dark_oak_planks":28,"minecraft:white_bed":16,"minecraft:light_blue_concrete":32,"minecraft:obsidian":86,"minecraft:granite":53,"minecraft:exposed_cut_copper_stairs":1,"minecraft:hopper":22,"minecraft:oak_wall_sign":17,"minecraft:nether_wart":6,"minecraft:spawner":2,"minecraft:weeping_vines_plant":1,"minecraft:tall_seagrass":17,"minecraft:magma_block":44,"minecraft:cobbled_deepslate":1,"minecraft:fire":669,"minecraft:barrel":15,"minecraft:pumpkin":41,"minecraft:moss_carpet":44,"minecraft:deepslate_lapis_ore":38,"minecraft:enchanting_table":2,"minecraft:cave_vines":11,"minecraft:oak_sign":1,"minecraft:water_cauldron":4,"minecraft:dirt_path":64,"minecraft:oak_stairs":8,"minecraft:green_carpet":2,"minecraft:player_head":1,"minecraft:brown_mushroom":57,"minecraft:kelp_plant":57,"minecraft:crimson_nylium":14,"minecraft:powder_snow":18,"minecraft:torch":52,"minecraft:melon":3062,"minecraft:glass":1,"minecraft:sugar_cane":305,"minecraft:damaged_anvil":2,"minecraft:wheat":19,"minecraft:lilac":3,"minecraft:grass":371,"minecraft:oak_fence_gate":2,"minecraft:piston":4,"minecraft:deepslate":966,"minecraft:mossy_cobblestone":47,"minecraft:dark_oak_log":3,"minecraft:nether_bricks":11,"minecraft:crimson_roots":6,"minecraft:redstone_wire":5,"minecraft:moss_block":554,"minecraft:cartography_table":1,"minecraft:kelp":6,"minecraft:light_blue_concrete_powder":142,"minecraft:snow":1,"minecraft:andesite":319,"minecraft:big_dripleaf_stem":26,"minecraft:potatoes":759,"minecraft:vine":24,"minecraft:rail":599,"minecraft:ender_chest":12,"minecraft:smithing_table":2,"minecraft:oak_slab":53,"minecraft:glass_pane":105,"minecraft:hanging_roots":12,"minecraft:soul_sand":33,"minecraft:stone_brick_slab":1,"minecraft:dandelion":40,"minecraft:spruce_button":1,"minecraft:emerald_ore":1,"minecraft:warped_roots":2,"minecraft:campfire":1,"minecraft:tall_grass":109,"minecraft:copper_ore":53,"minecraft:deepslate_gold_ore":287,"minecraft:diorite":59,"minecraft:big_dripleaf":30,"minecraft:white_carpet":6,"minecraft:spruce_log":700,"minecraft:birch_leaves":1,"minecraft:mycelium":531,"minecraft:sunflower":79,"minecraft:gravel":961,"minecraft:cobweb":66,"minecraft:stone_bricks":84,"minecraft:gold_ore":8,"minecraft:spruce_planks":5,"minecraft:cobblestone_stairs":2,"minecraft:cave_vines_plant":1,"minecraft:spruce_trapdoor":126,"minecraft:grass_block":3817,"minecraft:composter":39,"minecraft:raw_iron_block":3,"minecraft:glowstone":33,"minecraft:iron_ore":274,"minecraft:anvil":3,"minecraft:azure_bluet":3,"minecraft:flowering_azalea_leaves":1,"minecraft:azalea_leaves":1,"minecraft:azalea":54,"minecraft:spruce_slab":2,"minecraft:deepslate_redstone_ore":241,"minecraft:blackstone":246,"minecraft:melon_stem":2,"minecraft:clay":181,"minecraft:chest":47,"minecraft:nether_quartz_ore":418,"minecraft:cobblestone":312,"minecraft:grindstone":2,"minecraft:oak_planks":97,"minecraft:wall_torch":104,"minecraft:seagrass":19,"minecraft:warped_nylium":9,"minecraft:powered_rail":9,"minecraft:nether_wart_block":1,"minecraft:smooth_stone_slab":4,"minecraft:oak_log":3548,"minecraft:beetroots":1,"minecraft:sand":1152,"minecraft:dirt":1578,"minecraft:netherrack":8839,"minecraft:ancient_debris":26,"minecraft:oak_leaves":511,"minecraft:emerald_block":1,"minecraft:nether_gold_ore":16,"minecraft:diamond_ore":12,"minecraft:red_carpet":12,"minecraft:tuff":144,"minecraft:deepslate_diamond_ore":94,"minecraft:oak_door":1,"minecraft:glow_lichen":2,"minecraft:ladder":6,"minecraft:spruce_leaves":39,"minecraft:sandstone":1,"minecraft:rooted_dirt":224,"minecraft:large_fern":3,"minecraft:hay_block":183,"minecraft:spore_blossom":3,"minecraft:oak_trapdoor":9,"minecraft:furnace":10,"minecraft:carrots":20,"minecraft:gold_block":1,"minecraft:bell":8,"minecraft:bookshelf":80,"minecraft:deepslate_iron_ore":348,"minecraft:lantern":5,"minecraft:stripped_oak_log":42,"minecraft:stone":7562,"minecraft:redstone_wall_torch":9,"minecraft:flowering_azalea":40,"minecraft:cut_copper_stairs":1,"minecraft:snow_block":18,"minecraft:basalt":593,"minecraft:crafting_table":23,"minecraft:oak_fence":10,"minecraft:lectern":353,"minecraft:deepslate_coal_ore":21,"minecraft:lapis_ore":10,"minecraft:spruce_stairs":10,"minecraft:birch_planks":3,"minecraft:redstone_torch":4,"minecraft:sweet_berry_bush":11,"minecraft:yellow_bed":7,"minecraft:coal_ore":859,"minecraft:flower_pot":2,"minecraft:small_dripleaf":21},"minecraft:broken":{"minecraft:shears":1,"minecraft:iron_sword":2,"minecraft:stone_sword":6,"minecraft:stone_hoe":1,"minecraft:shield":1,"minecraft:iron_axe":1,"minecraft:iron_pickaxe":5,"minecraft:stone_pickaxe":2,"minecraft:stone_axe":3},"minecraft:used":{"minecraft:moss_block":1,"minecraft:writable_book":12,"minecraft:dispenser":3,"minecraft:spruce_slab":16,"minecraft:ladder":75,"minecraft:chest":329,"minecraft:stone":890,"minecraft:soul_sand":9,"minecraft:grass_block":3104,"minecraft:copper_ore":2,"minecraft:stone_brick_stairs":4,"minecraft:bow":133,"minecraft:sweet_berries":11,"minecraft:oak_sapling":1,"minecraft:furnace":45,"minecraft:egg":1,"minecraft:potato":833,"minecraft:diorite":16,"minecraft:damaged_anvil":2,"minecraft:spruce_door":12,"minecraft:powered_rail":17,"minecraft:wooden_pickaxe":3,"minecraft:composter":49,"minecraft:clay":98,"minecraft:oak_leaves":128,"minecraft:sand":16,"minecraft:lectern":366,"minecraft:diamond_sword":398,"minecraft:smithing_table":2,"minecraft:oak_boat":41,"minecraft:oak_trapdoor":45,"minecraft:enchanting_table":3,"minecraft:stone_sword":1397,"minecraft:mycelium":447,"minecraft:netherrack":1609,"minecraft:torch":506,"minecraft:brewing_stand":2,"minecraft:anvil":6,"minecraft:oak_fence_gate":6,"minecraft:rooted_dirt":1,"minecraft:iron_axe":261,"minecraft:barrel":15,"minecraft:melon_seeds":1406,"minecraft:cobbled_deepslate":146,"minecraft:water_bucket":341,"minecraft:rail":748,"minecraft:crafting_table":35,"minecraft:oak_slab":215,"minecraft:white_bed":71,"minecraft:spruce_log":3,"minecraft:oak_log":1477,"minecraft:diamond_pickaxe":9769,"minecraft:diamond_shovel":8361,"minecraft:oak_button":1,"minecraft:iron_pickaxe":1433,"minecraft:spruce_trapdoor":574,"minecraft:cobblestone":1303,"minecraft:glass_pane":575,"minecraft:kelp":125,"minecraft:dandelion":18,"minecraft:jukebox":1,"minecraft:moss_carpet":1,"minecraft:melon":3,"minecraft:oak_sign":97,"minecraft:diamond_hoe":1504,"minecraft:shield":61,"minecraft:iron_sword":501,"minecraft:bell":1,"minecraft:player_head":2,"minecraft:nether_bricks":2,"minecraft:tuff":89,"minecraft:obsidian":60,"minecraft:milk_bucket":2,"minecraft:glass":3,"minecraft:coal_ore":9,"minecraft:lantern":21,"minecraft:stone_bricks":1260,"minecraft:item_frame":151,"minecraft:repeater":4,"minecraft:red_carpet":33,"minecraft:magma_block":2,"minecraft:written_book":1,"minecraft:wither_skeleton_skull":3,"minecraft:stone_pickaxe":354,"minecraft:oak_planks":129,"minecraft:ender_pearl":1,"minecraft:sandstone":1,"minecraft:diamond_axe":8469,"minecraft:sugar_cane":67,"minecraft:light_blue_concrete":2,"minecraft:crossbow":1,"minecraft:shears":281,"minecraft:redstone_torch":20,"minecraft:lever":2,"minecraft:bread":153,"minecraft:string":3,"minecraft:gravel":14,"minecraft:light_blue_concrete_powder":638,"minecraft:grindstone":3,"minecraft:andesite":48,"minecraft:chest_minecart":2,"minecraft:smooth_stone_slab":59,"minecraft:netherite_sword":883,"minecraft:oak_fence":70,"minecraft:trident":208,"minecraft:flint_and_steel":3,"minecraft:stone_shovel":204,"minecraft:redstone":26,"minecraft:spruce_planks":4,"minecraft:ender_chest":13,"minecraft:stone_hoe":368,"minecraft:cut_copper_stairs":2,"minecraft:oak_door":1,"minecraft:dirt":975,"minecraft:white_carpet":9,"minecraft:hopper":76,"minecraft:spruce_stairs":36,"minecraft:oak_wood":10,"minecraft:granite":27,"minecraft:stone_brick_slab":4,"minecraft:bookshelf":204,"minecraft:oak_stairs":29,"minecraft:emerald_block":165,"minecraft:netherite_pickaxe":12965,"minecraft:minecart":38,"minecraft:cooked_beef":343,"minecraft:glass_bottle":12,"minecraft:brown_mushroom":1,"minecraft:beacon":1,"minecraft:stonecutter":1,"minecraft:music_disc_cat":1,"minecraft:piston":4,"minecraft:flower_pot":6,"minecraft:apple":1,"minecraft:stone_axe":278,"minecraft:bucket":343,"minecraft:yellow_bed":7,"minecraft:splash_potion":7,"minecraft:smooth_stone":16},"minecraft:crafted":{"minecraft:ender_chest":1,"minecraft:smooth_stone":92,"minecraft:oak_sign":90,"minecraft:blaze_powder":4,"minecraft:lever":1,"minecraft:diamond_shovel":2,"minecraft:nether_brick":9,"minecraft:bookshelf":198,"minecraft:glass":223,"minecraft:diamond_helmet":3,"minecraft:repeater":4,"minecraft:diamond_leggings":1,"minecraft:netherite_boots":1,"minecraft:beacon":1,"minecraft:melon_seeds":1727,"minecraft:light_blue_concrete_powder":1232,"minecraft:flower_pot":10,"minecraft:glass_bottle":12,"minecraft:emerald":2358,"minecraft:diamond_axe":6,"minecraft:chest_minecart":2,"minecraft:spruce_door":12,"minecraft:smithing_table":1,"minecraft:copper_ingot":5,"minecraft:oak_wood":12,"minecraft:stone_brick_stairs":4,"minecraft:lectern":13,"minecraft:stone_slab":6,"minecraft:iron_pickaxe":4,"minecraft:iron_block":9,"minecraft:gold_ingot":466,"minecraft:netherite_ingot":6,"minecraft:composter":11,"minecraft:stone_shovel":3,"minecraft:smooth_stone_slab":60,"minecraft:jukebox":1,"minecraft:iron_nugget":9,"minecraft:diamond_hoe":1,"minecraft:cut_copper_stairs":4,"minecraft:bone_meal":2201,"minecraft:white_carpet":3,"minecraft:lantern":108,"minecraft:spruce_stairs":52,"minecraft:ladder":147,"minecraft:spruce_slab":42,"minecraft:stone_pickaxe":3,"minecraft:diamond_boots":2,"minecraft:redstone_block":44,"minecraft:dark_oak_planks":12,"minecraft:golden_helmet":1,"minecraft:wheat":1477,"minecraft:netherite_pickaxe":1,"minecraft:enchanting_table":1,"minecraft:leather_helmet":1,"minecraft:red_carpet":30,"minecraft:enchanted_book":84,"minecraft:oak_fence_gate":4,"minecraft:golden_apple":48,"minecraft:fermented_spider_eye":4,"minecraft:oak_stairs":32,"minecraft:writable_book":9,"minecraft:iron_leggings":1,"minecraft:white_bed":64,"minecraft:brick":128,"minecraft:grindstone":1,"minecraft:oak_planks":6212,"minecraft:barrel":14,"minecraft:stone":3,"minecraft:hopper":64,"minecraft:stone_brick_slab":6,"minecraft:bow":7,"minecraft:iron_boots":1,"minecraft:chest":379,"minecraft:netherite_helmet":1,"minecraft:oak_button":61,"minecraft:copper_block":28,"minecraft:rail":336,"minecraft:oak_fence":111,"minecraft:stone_hoe":5,"minecraft:ender_eye":1,"minecraft:stone_bricks":1456,"minecraft:oak_slab":438,"minecraft:item_frame":256,"minecraft:crafting_table":16,"minecraft:spruce_planks":2708,"minecraft:wooden_pickaxe":2,"minecraft:brewing_stand":2,"minecraft:dispenser":3,"minecraft:apple":256,"minecraft:spruce_trapdoor":826,"minecraft:book":107,"minecraft:iron_chestplate":1,"minecraft:paper":417,"minecraft:diamond_pickaxe":4,"minecraft:emerald_block":172,"minecraft:shield":1,"minecraft:stick":2752,"minecraft:light_blue_dye":256,"minecraft:iron_ingot":771,"minecraft:stone_sword":16,"minecraft:redstone_torch":27,"minecraft:shears":3,"minecraft:oak_door":3,"minecraft:wooden_sword":1,"minecraft:raw_iron":27,"minecraft:netherite_sword":1,"minecraft:furnace":59,"minecraft:piston":1,"minecraft:glass_pane":752,"minecraft:oak_trapdoor":90,"minecraft:flint_and_steel":1,"minecraft:netherite_chestplate":1,"minecraft:netherite_leggings":1,"minecraft:iron_axe":2,"minecraft:netherite_scrap":26,"minecraft:minecart":27,"minecraft:cooked_beef":1164,"minecraft:sugar":4,"minecraft:diamond_sword":7,"minecraft:powered_rail":24,"minecraft:iron_sword":2,"minecraft:bucket":3,"minecraft:stone_axe":3,"minecraft:air":0,"minecraft:bread":92,"minecraft:blue_dye":128,"minecraft:oak_boat":4,"minecraft:white_dye":192,"minecraft:stonecutter":1,"minecraft:anvil":3,"minecraft:pumpkin_pie":176,"minecraft:torch":368,"minecraft:diamond_chestplate":1},"minecraft:dropped":{"minecraft:clay":13,"minecraft:porkchop":5,"minecraft:cooked_beef":2,"minecraft:crafting_table":1,"minecraft:warped_roots":4,"minecraft:rooted_dirt":20,"minecraft:rail":6,"minecraft:leather_helmet":5,"minecraft:red_carpet":7,"minecraft:dirt":54,"minecraft:gold_nugget":123,"minecraft:wooden_sword":1,"minecraft:sunflower":1,"minecraft:sand":40,"minecraft:dark_oak_planks":19,"minecraft:fishing_rod":1,"minecraft:bone":162,"minecraft:oak_door":3,"minecraft:lever":1,"minecraft:iron_nugget":10,"minecraft:golden_chestplate":13,"minecraft:cobbled_deepslate":5,"minecraft:nether_brick":1,"minecraft:netherite_sword":1,"minecraft:rotten_flesh":42,"minecraft:oak_planks":73,"minecraft:glowstone_dust":1,"minecraft:white_bed":41,"minecraft:salmon":1,"minecraft:coal_ore":4,"minecraft:charcoal":2,"minecraft:hopper":1,"minecraft:leather_boots":10,"minecraft:leather_leggings":11,"minecraft:glass":2,"minecraft:enchanted_book":1,"minecraft:golden_boots":18,"minecraft:netherite_pickaxe":1,"minecraft:birch_leaves":1,"minecraft:wheat_seeds":139,"minecraft:feather":1,"minecraft:cobblestone":226,"minecraft:book":33,"minecraft:apple":18,"minecraft:granite":5,"minecraft:spruce_button":1,"minecraft:chainmail_helmet":2,"minecraft:coal":13,"minecraft:oxeye_daisy":2,"minecraft:ink_sac":1,"minecraft:diamond_helmet":1,"minecraft:oak_stairs":2,"minecraft:chainmail_leggings":4,"minecraft:paper":19,"minecraft:string":16,"minecraft:spruce_sapling":2,"minecraft:snow_block":5,"minecraft:moss_carpet":1,"minecraft:soul_soil":1,"minecraft:stone_sword":18,"minecraft:stone_shovel":2,"minecraft:chicken":1,"minecraft:clay_ball":44,"minecraft:iron_boots":3,"minecraft:nether_bricks":1,"minecraft:oak_sign":3,"minecraft:shears":1,"minecraft:potato":591,"minecraft:hay_block":18,"minecraft:stone":1,"minecraft:redstone_torch":3,"minecraft:bow":197,"minecraft:bell":2,"minecraft:soul_sand":5,"minecraft:brown_mushroom":44,"minecraft:birch_planks":3,"minecraft:flint":1,"minecraft:cobblestone_stairs":1,"minecraft:dark_oak_log":3,"minecraft:cornflower":1,"minecraft:mutton":1,"minecraft:crimson_roots":4,"minecraft:gravel":106,"minecraft:diamond_shovel":1,"minecraft:mycelium":1,"minecraft:chainmail_chestplate":5,"minecraft:leather_chestplate":15,"minecraft:trident":1,"minecraft:oak_wood":1,"minecraft:beetroot_seeds":1,"minecraft:melon_seeds":1,"minecraft:chest":19,"minecraft:chainmail_boots":4,"minecraft:arrow":16,"minecraft:written_book":1,"minecraft:oak_leaves":19,"minecraft:netherrack":2875,"minecraft:water_bucket":1,"minecraft:stone_hoe":3,"minecraft:oak_slab":25,"minecraft:golden_helmet":14,"minecraft:lilac":2,"minecraft:poisonous_potato":13,"minecraft:copper_ingot":2,"minecraft:tropical_fish":2,"minecraft:grass_block":35,"minecraft:stick":27,"minecraft:diorite":18,"minecraft:torch":14,"minecraft:iron_leggings":1,"minecraft:green_carpet":2,"minecraft:iron_axe":2,"minecraft:dandelion":4,"minecraft:kelp":35,"minecraft:sweet_berries":1,"minecraft:oak_trapdoor":4,"minecraft:ender_chest":6,"minecraft:blaze_rod":3,"minecraft:raw_copper":70,"minecraft:tuff":2,"minecraft:raw_iron":23,"minecraft:copper_ore":1,"minecraft:filled_map":2,"minecraft:iron_chestplate":1,"minecraft:andesite":15,"minecraft:oak_sapling":22,"minecraft:golden_leggings":13,"minecraft:oak_boat":2,"minecraft:golden_sword":2,"minecraft:spruce_log":64,"minecraft:stone_pickaxe":1,"minecraft:wooden_pickaxe":1,"minecraft:brick":1},"minecraft:custom":{"minecraft:interact_with_crafting_table":312,"minecraft:open_barrel":168,"minecraft:bell_ring":15,"minecraft:leave_game":48,"minecraft:time_since_death":3084044,"minecraft:damage_blocked_by_shield":2991,"minecraft:play_time":3084044,"minecraft:jump":53163,"minecraft:enchant_item":72,"minecraft:interact_with_furnace":378,"minecraft:play_record":1,"minecraft:traded_with_villager":2762,"minecraft:sleep_in_bed":29,"minecraft:damage_dealt":137634,"minecraft:interact_with_smoker":1,"minecraft:inspect_dispenser":9,"minecraft:interact_with_smithing_table":3,"minecraft:interact_with_anvil":53,"minecraft:inspect_hopper":7,"minecraft:sneak_time":75952,"minecraft:interact_with_lectern":5,"minecraft:total_world_time":3084044,"minecraft:interact_with_stonecutter":5,"minecraft:time_since_rest":383756,"minecraft:swim_one_cm":1947956,"minecraft:fly_one_cm":12780218,"minecraft:open_chest":2813,"minecraft:fall_one_cm":1669756,"minecraft:animals_bred":692,"minecraft:sprint_one_cm":7688762,"minecraft:drop":738,"minecraft:talked_to_villager":1041,"minecraft:interact_with_brewingstand":37,"minecraft:walk_on_water_one_cm":349985,"minecraft:open_enderchest":43,"minecraft:interact_with_beacon":1,"minecraft:crouch_one_cm":310436,"minecraft:mob_kills":3591,"minecraft:climb_one_cm":72727,"minecraft:walk_one_cm":7344440,"minecraft:walk_under_water_one_cm":1313169,"minecraft:boat_one_cm":2894686,"minecraft:interact_with_grindstone":45,"minecraft:damage_taken":15025,"minecraft:minecart_one_cm":3502,"minecraft:pig_one_cm":370},"minecraft:killed":{"minecraft:cave_spider":4,"minecraft:skeleton":2662,"minecraft:guardian":2,"minecraft:chicken":3,"minecraft:magma_cube":34,"minecraft:elder_guardian":1,"minecraft:salmon":12,"minecraft:iron_golem":1,"minecraft:pillager":1,"minecraft:zombie":54,"minecraft:glow_squid":4,"minecraft:cow":470,"minecraft:enderman":6,"minecraft:zombified_piglin":5,"minecraft:spider":10,"minecraft:wither":1,"minecraft:turtle":1,"minecraft:piglin_brute":1,"minecraft:piglin":13,"minecraft:pig":1,"minecraft:zombie_villager":1,"minecraft:creeper":35,"minecraft:mooshroom":1,"minecraft:ghast":3,"minecraft:blaze":75,"minecraft:phantom":19,"minecraft:drowned":63,"minecraft:bat":2,"minecraft:hoglin":2,"minecraft:squid":27,"minecraft:wither_skeleton":57,"minecraft:villager":3},"minecraft:picked_up":{"minecraft:chainmail_boots":6,"minecraft:flower_pot":2,"minecraft:anvil":3,"minecraft:smithing_table":1,"minecraft:diamond_sword":1,"minecraft:oak_stairs":9,"minecraft:enchanted_book":50,"minecraft:golden_sword":1,"minecraft:music_disc_cat":1,"minecraft:string":85,"minecraft:soul_soil":1,"minecraft:cooked_salmon":1,"minecraft:gold_nugget":140,"minecraft:cobbled_deepslate":867,"minecraft:spruce_planks":4,"minecraft:written_book":1,"minecraft:melon_slice":1687,"minecraft:golden_helmet":14,"minecraft:composter":38,"minecraft:big_dripleaf":124,"minecraft:cut_copper_stairs":1,"minecraft:golden_chestplate":13,"minecraft:cauldron":3,"minecraft:stone_sword":12,"minecraft:tropical_fish":2,"minecraft:bookshelf":27,"minecraft:blaze_rod":115,"minecraft:magma_block":31,"minecraft:feather":7,"minecraft:cooked_beef":2,"minecraft:flint":3,"minecraft:lantern":7,"minecraft:hanging_roots":5,"minecraft:exposed_cut_copper_stairs":1,"minecraft:diamond_helmet":1,"minecraft:glowstone_dust":130,"minecraft:moss_block":507,"minecraft:ink_sac":41,"minecraft:dark_oak_log":3,"minecraft:barrel":15,"minecraft:lever":2,"minecraft:granite":47,"minecraft:spruce_button":1,"minecraft:chainmail_helmet":3,"minecraft:rooted_dirt":213,"minecraft:crimson_roots":6,"minecraft:diamond_pickaxe":1,"minecraft:crafting_table":23,"minecraft:nether_wart":15,"minecraft:clay_ball":172,"minecraft:leather_leggings":11,"minecraft:cornflower":1,"minecraft:netherite_scrap":2,"minecraft:white_carpet":6,"minecraft:glass_pane":102,"minecraft:netherite_sword":1,"minecraft:beef":1453,"minecraft:spruce_slab":3,"minecraft:poppy":1,"minecraft:iron_nugget":1,"minecraft:minecart":14,"minecraft:chest":40,"minecraft:piston":4,"minecraft:egg":1,"minecraft:copper_ore":3,"minecraft:sandstone":1,"minecraft:stone":4420,"minecraft:oak_door":3,"minecraft:carrot":18,"minecraft:redstone":1083,"minecraft:netherite_pickaxe":1,"minecraft:beetroot_seeds":1,"minecraft:hay_block":183,"minecraft:gold_ingot":1,"minecraft:glow_berries":43,"minecraft:mutton":1,"minecraft:white_wool":364,"minecraft:rail":565,"minecraft:oxeye_daisy":2,"minecraft:stripped_oak_log":42,"minecraft:birch_leaves":1,"minecraft:filled_map":1,"minecraft:oak_log":3469,"minecraft:ancient_debris":26,"minecraft:golden_boots":19,"minecraft:apple":20,"minecraft:stone_bricks":84,"minecraft:kelp":308,"minecraft:spore_blossom":3,"minecraft:oak_fence_gate":2,"minecraft:flowering_azalea":41,"minecraft:sweet_berries":25,"minecraft:gravel":878,"minecraft:spruce_sapling":2,"minecraft:spruce_log":727,"minecraft:leather_helmet":4,"minecraft:diamond_shovel":1,"minecraft:coal_ore":13,"minecraft:slime_ball":1,"minecraft:warped_roots":4,"minecraft:melon_seeds":4,"minecraft:hopper":24,"minecraft:ender_pearl":11,"minecraft:wheat":24,"minecraft:light_blue_concrete":20,"minecraft:ender_chest":18,"minecraft:nether_brick":1,"minecraft:raw_copper":372,"minecraft:smooth_stone_slab":4,"minecraft:oak_sign":27,"minecraft:smooth_stone":12,"minecraft:bucket":1,"minecraft:redstone_torch":16,"minecraft:azalea":62,"minecraft:iron_boots":2,"minecraft:furnace":8,"minecraft:stick":72,"minecraft:oak_fence":10,"minecraft:torch":192,"minecraft:spruce_stairs":10,"minecraft:snow_block":5,"minecraft:porkchop":7,"minecraft:diorite":71,"minecraft:vine":19,"minecraft:rotten_flesh":115,"minecraft:obsidian":86,"minecraft:cobblestone":3460,"minecraft:nautilus_shell":3,"minecraft:enchanting_table":2,"minecraft:leather_chestplate":15,"minecraft:lilac":2,"minecraft:magma_cream":23,"minecraft:andesite":335,"minecraft:golden_leggings":13,"minecraft:potato":3804,"minecraft:tuff":137,"minecraft:wither_skeleton_skull":3,"minecraft:lapis_lazuli":576,"minecraft:dirt":1469,"minecraft:leather_boots":10,"minecraft:glass":1,"minecraft:bone":3983,"minecraft:bow":201,"minecraft:wheat_seeds":226,"minecraft:small_dripleaf":14,"minecraft:raw_gold":528,"minecraft:bell":8,"minecraft:grindstone":2,"minecraft:powered_rail":10,"minecraft:oak_planks":146,"minecraft:music_disc_13":2,"minecraft:poisonous_potato":15,"minecraft:sand":1130,"minecraft:melon":2727,"minecraft:grass_block":3327,"minecraft:mossy_cobblestone":47,"minecraft:clay":113,"minecraft:diamond":235,"minecraft:bone_meal":1,"minecraft:emerald":4,"minecraft:oak_sapling":80,"minecraft:netherrack":5531,"minecraft:oak_leaves":275,"minecraft:nether_star":1,"minecraft:charcoal":2,"minecraft:azure_bluet":35,"minecraft:chicken":9,"minecraft:ladder":4,"minecraft:brown_mushroom":88,"minecraft:wooden_pickaxe":1,"minecraft:gold_block":1,"minecraft:brick":1,"minecraft:oak_trapdoor":13,"minecraft:moss_carpet":128,"minecraft:iron_axe":1,"minecraft:wooden_sword":1,"minecraft:item_frame":55,"minecraft:mycelium":457,"minecraft:blackstone":214,"minecraft:oak_boat":39,"minecraft:player_head":19,"minecraft:lectern":353,"minecraft:sugar_cane":501,"minecraft:spruce_trapdoor":114,"minecraft:phantom_membrane":24,"minecraft:raw_iron":1218,"minecraft:copper_ingot":67,"minecraft:trident":2,"minecraft:dark_oak_planks":19,"minecraft:arrow":3727,"minecraft:pumpkin_pie":2,"minecraft:nether_bricks":11,"minecraft:saddle":1,"minecraft:basalt":576,"minecraft:glow_ink_sac":19,"minecraft:salmon":8,"minecraft:leather":874,"minecraft:birch_planks":3,"minecraft:chainmail_chestplate":6,"minecraft:yellow_bed":7,"minecraft:nether_wart_block":1,"minecraft:gunpowder":75,"minecraft:cobblestone_stairs":1,"minecraft:red_carpet":12,"minecraft:iron_ingot":22,"minecraft:soul_sand":38,"minecraft:book":172,"minecraft:oak_slab":50,"minecraft:emerald_block":1,"minecraft:pumpkin":43,"minecraft:stone_brick_slab":1,"minecraft:quartz":711,"minecraft:dandelion":75,"minecraft:raw_iron_block":3,"minecraft:white_bed":57,"minecraft:spruce_door":1,"minecraft:green_carpet":2,"minecraft:spider_eye":12,"minecraft:light_blue_concrete_powder":134,"minecraft:chainmail_leggings":5,"minecraft:damaged_anvil":2,"minecraft:coal":1897,"minecraft:sunflower":65}},"DataVersion":3120}