{"stats":{"minecraft:dropped":{"minecraft:gold_ore":1,"minecraft:soul_sand":2,"minecraft:baked_potato":29,"minecraft:glass_bottle":2,"minecraft:diamond":44,"minecraft:cooked_porkchop":1,"minecraft:rail":13,"minecraft:leather_helmet":1,"minecraft:emerald":50,"minecraft:flint":4,"minecraft:cobblestone_stairs":1,"minecraft:dirt":62,"minecraft:dark_oak_log":2,"minecraft:bubble_coral_block":22,"minecraft:gold_nugget":1,"minecraft:sugar":5,"minecraft:iron_pickaxe":1,"minecraft:fishing_rod":1,"minecraft:white_wool":1,"minecraft:gold_ingot":1,"minecraft:bone":63,"minecraft:gravel":43,"minecraft:blackstone":8,"minecraft:cobbled_deepslate":140,"minecraft:wheat":9,"minecraft:obsidian":8,"minecraft:rotten_flesh":93,"minecraft:oak_planks":90,"minecraft:blaze_powder":2,"minecraft:carrot":1,"minecraft:gunpowder":11,"minecraft:coal_ore":1,"minecraft:beetroot_seeds":3,"minecraft:azalea":4,"minecraft:basalt":1,"minecraft:arrow":12,"minecraft:beef":2,"minecraft:quartz":130,"minecraft:netherrack":651,"minecraft:egg":1,"minecraft:iron_ingot":49,"minecraft:enchanted_book":1,"minecraft:netherite_pickaxe":2,"minecraft:wheat_seeds":2,"minecraft:deepslate_redstone_ore":7,"minecraft:deepslate_iron_ore":3,"minecraft:poisonous_potato":1,"minecraft:feather":1,"minecraft:lead":5,"minecraft:oak_fence":1,"minecraft:book":2,"minecraft:cobblestone":9,"minecraft:stick":34,"minecraft:gray_wool":1,"minecraft:diorite":5,"minecraft:ink_sac":5,"minecraft:torch":39,"minecraft:brown_terracotta":2,"minecraft:flowering_azalea":2,"minecraft:iron_axe":1,"minecraft:string":16,"minecraft:lily_pad":1,"minecraft:music_disc_cat":3,"minecraft:moss_carpet":1,"minecraft:netherite_hoe":1,"minecraft:player_head":2,"minecraft:bowl":2,"minecraft:light_gray_terracotta":1,"minecraft:deepslate":88,"minecraft:tuff":3,"minecraft:raw_iron":228,"minecraft:chicken":1,"minecraft:clay_ball":8,"minecraft:iron_hoe":1,"minecraft:stone_slab":5,"minecraft:totem_of_undying":1,"minecraft:deepslate_lapis_ore":1,"minecraft:pumpkin_seeds":2,"minecraft:lily_of_the_valley":1,"minecraft:potato":1,"minecraft:spruce_boat":1,"minecraft:stone":204,"minecraft:shield":1,"minecraft:sea_pickle":4,"minecraft:orange_terracotta":8,"minecraft:andesite":6,"minecraft:oak_boat":3,"minecraft:oak_sapling":1,"minecraft:spider_eye":9,"minecraft:diamond_boots":1,"minecraft:bow":3,"minecraft:wooden_pickaxe":2,"minecraft:raw_gold":213,"minecraft:magma_block":7},"minecraft:broken":{"minecraft:stone_pickaxe":1,"minecraft:diamond_shovel":2,"minecraft:iron_sword":1,"minecraft:iron_pickaxe":3},"minecraft:used":{"minecraft:moss_carpet":1,"minecraft:polished_deepslate":119,"minecraft:oak_sign":8,"minecraft:chest":19,"minecraft:stone":21,"minecraft:iron_sword":250,"minecraft:player_head":3,"minecraft:rotten_flesh":24,"minecraft:soul_sand":4,"minecraft:lily_of_the_valley":1,"minecraft:tuff":42,"minecraft:spruce_boat":1,"minecraft:lantern":3,"minecraft:bow":32,"minecraft:hay_block":2,"minecraft:sweet_berries":35,"minecraft:oak_sapling":7,"minecraft:furnace":13,"minecraft:cooked_cod":1,"minecraft:gray_bed":2,"minecraft:potato":8,"minecraft:spruce_door":4,"minecraft:stone_pickaxe":135,"minecraft:oak_planks":29,"minecraft:cactus":1,"minecraft:blackstone":6,"minecraft:wooden_pickaxe":8,"minecraft:sugar_cane":55,"minecraft:golden_apple":4,"minecraft:cookie":4,"minecraft:white_wool":1,"minecraft:glow_berries":2,"minecraft:sand":2621,"minecraft:mushroom_stew":1,"minecraft:crossbow":1,"minecraft:black_bed":14,"minecraft:shears":143,"minecraft:bread":7,"minecraft:red_terracotta":3,"minecraft:deepslate":138,"minecraft:diamond_sword":392,"minecraft:wooden_sword":2,"minecraft:grindstone":1,"minecraft:smithing_table":1,"minecraft:cooked_rabbit":10,"minecraft:oak_boat":30,"minecraft:oak_fence":97,"minecraft:trident":55,"minecraft:netherite_sword":144,"minecraft:stone_sword":115,"minecraft:spruce_planks":3,"minecraft:cooked_salmon":7,"minecraft:cooked_chicken":6,"minecraft:netherrack":3011,"minecraft:torch":527,"minecraft:dirt":2440,"minecraft:spyglass":4,"minecraft:nether_quartz_ore":34,"minecraft:granite":17,"minecraft:oak_fence_gate":1,"minecraft:iron_hoe":100,"minecraft:dark_oak_planks":11,"minecraft:bookshelf":3,"minecraft:iron_axe":250,"minecraft:iron_boots":1,"minecraft:smooth_basalt":5,"minecraft:netherite_pickaxe":10773,"minecraft:cooked_beef":74,"minecraft:cobbled_deepslate":89,"minecraft:light_gray_bed":5,"minecraft:iron_leggings":1,"minecraft:wheat_seeds":209,"minecraft:cooked_mutton":11,"minecraft:water_bucket":4,"minecraft:baked_potato":115,"minecraft:white_dye":1,"minecraft:glow_ink_sac":1,"minecraft:terracotta":14,"minecraft:music_disc_cat":1,"minecraft:crafting_table":16,"minecraft:white_bed":8,"minecraft:yellow_dye":1,"minecraft:diamond_pickaxe":4336,"minecraft:oxeye_daisy":1,"minecraft:diamond_shovel":6518,"minecraft:iron_pickaxe":961,"minecraft:spruce_sapling":1,"minecraft:stone_axe":44,"minecraft:fishing_rod":6,"minecraft:cobblestone":258,"minecraft:cooked_porkchop":18,"minecraft:bucket":5},"minecraft:picked_up":{"minecraft:wheat":107,"minecraft:lead":6,"minecraft:enchanted_book":4,"minecraft:polished_deepslate":3,"minecraft:music_disc_cat":4,"minecraft:string":27,"minecraft:soul_soil":3,"minecraft:deepslate_lapis_ore":1,"minecraft:oak_sign":3,"minecraft:sea_pickle":4,"minecraft:gold_nugget":143,"minecraft:cobbled_deepslate":1000,"minecraft:calcite":14,"minecraft:azalea":4,"minecraft:iron_pickaxe":4,"minecraft:deepslate_iron_ore":3,"minecraft:furnace":11,"minecraft:stick":40,"minecraft:brown_terracotta":4,"minecraft:oak_fence":98,"minecraft:torch":158,"minecraft:acacia_log":10,"minecraft:porkchop":19,"minecraft:diorite":5,"minecraft:nether_gold_ore":34,"minecraft:stone_sword":1,"minecraft:cactus":1,"minecraft:rotten_flesh":136,"minecraft:blaze_rod":1,"minecraft:obsidian":18,"minecraft:cod":1,"minecraft:cobblestone":237,"minecraft:magma_block":8,"minecraft:leather_chestplate":1,"minecraft:feather":9,"minecraft:andesite":7,"minecraft:potato":48,"minecraft:tuff":164,"minecraft:flint":35,"minecraft:dirt":2579,"minecraft:lapis_lazuli":39,"minecraft:bone":408,"minecraft:bow":26,"minecraft:wheat_seeds":517,"minecraft:raw_gold":450,"minecraft:oak_planks":78,"minecraft:ghast_tear":1,"minecraft:poisonous_potato":2,"minecraft:sand":3316,"minecraft:ink_sac":15,"minecraft:lily_of_the_valley":3,"minecraft:red_terracotta":4,"minecraft:dark_oak_log":42,"minecraft:light_gray_terracotta":1,"minecraft:sugar":5,"minecraft:diamond":137,"minecraft:deepslate":489,"minecraft:spruce_boat":1,"minecraft:crossbow":1,"minecraft:granite":17,"minecraft:emerald":65,"minecraft:oak_sapling":21,"minecraft:bubble_coral_block":22,"minecraft:netherrack":5586,"minecraft:diamond_pickaxe":1,"minecraft:crafting_table":11,"minecraft:azure_bluet":4,"minecraft:chicken":8,"minecraft:clay_ball":8,"minecraft:leather_leggings":1,"minecraft:wooden_pickaxe":1,"minecraft:cooked_rabbit":28,"minecraft:gold_block":1,"minecraft:shield":1,"minecraft:cornflower":1,"minecraft:moss_carpet":6,"minecraft:blackstone":72,"minecraft:beef":73,"minecraft:oak_boat":28,"minecraft:player_head":5,"minecraft:poppy":6,"minecraft:light_gray_wool":38,"minecraft:sugar_cane":89,"minecraft:chest":3,"minecraft:phantom_membrane":7,"minecraft:diamond_hoe":1,"minecraft:egg":1,"minecraft:raw_iron":524,"minecraft:stone":225,"minecraft:bowl":1,"minecraft:flowering_azalea_leaves":3,"minecraft:cookie":8,"minecraft:trident":1,"minecraft:carrot":1,"minecraft:redstone":55,"minecraft:netherite_pickaxe":2,"minecraft:dark_oak_planks":9,"minecraft:arrow":375,"minecraft:diamond_boots":1,"minecraft:totem_of_undying":3,"minecraft:glow_berries":2,"minecraft:mutton":9,"minecraft:white_wool":31,"minecraft:rail":13,"minecraft:oxeye_daisy":3,"minecraft:basalt":99,"minecraft:glow_ink_sac":1,"minecraft:salmon":7,"minecraft:leather":19,"minecraft:lily_pad":2,"minecraft:oak_log":117,"minecraft:chainmail_chestplate":1,"minecraft:ancient_debris":17,"minecraft:golden_boots":1,"minecraft:gunpowder":34,"minecraft:cobblestone_stairs":1,"minecraft:orange_terracotta":8,"minecraft:apple":4,"minecraft:iron_ingot":1,"minecraft:glass_bottle":2,"minecraft:soul_sand":18,"minecraft:flowering_azalea":2,"minecraft:book":114,"minecraft:smooth_basalt":9,"minecraft:nether_quartz_ore":49,"minecraft:sweet_berries":35,"minecraft:quartz":536,"minecraft:dandelion":7,"minecraft:spyglass":1,"minecraft:raw_iron_block":4,"minecraft:gravel":152,"minecraft:spruce_log":9,"minecraft:gold_ore":1,"minecraft:spruce_door":1,"minecraft:spider_eye":23,"minecraft:leather_helmet":2,"minecraft:coal_ore":1,"minecraft:slime_ball":8,"minecraft:deepslate_redstone_ore":7,"minecraft:gray_wool":7,"minecraft:terracotta":21,"minecraft:black_wool":173,"minecraft:coal":197},"minecraft:crafted":{"minecraft:grindstone":1,"minecraft:oak_planks":516,"minecraft:oak_sign":9,"minecraft:blaze_powder":2,"minecraft:cooked_chicken":6,"minecraft:stone":16,"minecraft:diamond_shovel":3,"minecraft:bookshelf":11,"minecraft:cooked_mutton":9,"minecraft:diamond_helmet":1,"minecraft:diamond_leggings":1,"minecraft:bow":1,"minecraft:iron_boots":1,"minecraft:chest":18,"minecraft:oak_fence":42,"minecraft:gray_bed":2,"minecraft:cooked_porkchop":19,"minecraft:crafting_table":5,"minecraft:spruce_planks":36,"minecraft:wooden_pickaxe":1,"minecraft:baked_potato":138,"minecraft:iron_helmet":1,"minecraft:spruce_door":3,"minecraft:smithing_table":1,"minecraft:copper_ingot":2,"minecraft:light_gray_bed":5,"minecraft:iron_chestplate":1,"minecraft:book":26,"minecraft:paper":81,"minecraft:diamond_pickaxe":3,"minecraft:yellow_dye":8,"minecraft:stick":192,"minecraft:stone_slab":6,"minecraft:netherite_hoe":1,"minecraft:iron_ingot":471,"minecraft:iron_pickaxe":2,"minecraft:stone_sword":1,"minecraft:gold_ingot":170,"minecraft:black_bed":14,"minecraft:netherite_ingot":4,"minecraft:shears":4,"minecraft:wooden_sword":1,"minecraft:raw_iron":36,"minecraft:fishing_rod":2,"minecraft:netherite_sword":1,"minecraft:iron_nugget":63,"minecraft:furnace":2,"minecraft:bone_meal":72,"minecraft:lantern":3,"minecraft:polished_deepslate":228,"minecraft:iron_axe":1,"minecraft:iron_hoe":2,"minecraft:stone_pickaxe":1,"minecraft:diamond_boots":1,"minecraft:netherite_scrap":17,"minecraft:dark_oak_planks":88,"minecraft:wheat":18,"minecraft:cooked_beef":72,"minecraft:red_dye":6,"minecraft:cooked_cod":1,"minecraft:netherite_pickaxe":1,"minecraft:diamond_sword":1,"minecraft:iron_sword":1,"minecraft:cooked_salmon":7,"minecraft:bucket":1,"minecraft:stone_axe":1,"minecraft:air":0,"minecraft:blue_dye":1,"minecraft:oak_fence_gate":1,"minecraft:oak_boat":7,"minecraft:golden_apple":1,"minecraft:white_dye":1,"minecraft:raw_gold":243,"minecraft:iron_leggings":1,"minecraft:white_bed":8,"minecraft:torch":384,"minecraft:diamond_chestplate":1},"minecraft:mined":{"minecraft:dark_oak_planks":4,"minecraft:fire_coral_wall_fan":2,"minecraft:obsidian":18,"minecraft:cave_vines_plant":1,"minecraft:granite":17,"minecraft:acacia_log":10,"minecraft:grass_block":2433,"minecraft:soul_soil":6,"minecraft:bubble_coral_block":25,"minecraft:oak_wall_sign":3,"minecraft:oxeye_daisy":2,"minecraft:tall_seagrass":45,"minecraft:magma_block":8,"minecraft:raw_iron_block":4,"minecraft:fire":296,"minecraft:iron_ore":70,"minecraft:cobbled_deepslate":12,"minecraft:deepslate_lapis_ore":2,"minecraft:azure_bluet":4,"minecraft:cave_vines":1,"minecraft:flowering_azalea_leaves":1,"minecraft:azalea_leaves":1,"minecraft:deepslate_redstone_ore":17,"minecraft:blackstone":86,"minecraft:soul_fire":18,"minecraft:orange_terracotta":8,"minecraft:powder_snow":4,"minecraft:clay":31,"minecraft:torch":26,"minecraft:light_gray_terracotta":2,"minecraft:calcite":17,"minecraft:poppy":6,"minecraft:chest":3,"minecraft:dead_bush":15,"minecraft:nether_quartz_ore":492,"minecraft:cobblestone":55,"minecraft:sugar_cane":54,"minecraft:oak_planks":6,"minecraft:wall_torch":20,"minecraft:amethyst_block":6,"minecraft:seagrass":29,"minecraft:white_terracotta":2,"minecraft:wheat":113,"minecraft:light_gray_wool":25,"minecraft:grass":1201,"minecraft:oak_log":117,"minecraft:sand":3407,"minecraft:dirt":218,"minecraft:smooth_basalt":12,"minecraft:ancient_debris":16,"minecraft:netherrack":11968,"minecraft:oak_leaves":30,"minecraft:deepslate":2009,"minecraft:nether_gold_ore":52,"minecraft:tuff":197,"minecraft:deepslate_diamond_ore":57,"minecraft:dark_oak_log":43,"minecraft:glow_lichen":1,"minecraft:tube_coral_wall_fan":4,"minecraft:spruce_leaves":5,"minecraft:moss_block":1,"minecraft:horn_coral_wall_fan":1,"minecraft:sandstone":1,"minecraft:large_fern":1,"minecraft:furnace":11,"minecraft:andesite":1,"minecraft:gold_block":1,"minecraft:polished_deepslate":3,"minecraft:bookshelf":40,"minecraft:potatoes":8,"minecraft:deepslate_iron_ore":176,"minecraft:brain_coral_wall_fan":1,"minecraft:stone":388,"minecraft:white_wool":2,"minecraft:soul_sand":32,"minecraft:basalt":131,"minecraft:dandelion":7,"minecraft:oak_fence":3,"minecraft:crafting_table":11,"minecraft:cornflower":1,"minecraft:tall_grass":126,"minecraft:lapis_ore":4,"minecraft:deepslate_gold_ore":126,"minecraft:diorite":6,"minecraft:coarse_dirt":1,"minecraft:gray_wool":1,"minecraft:red_terracotta":4,"minecraft:bubble_coral":2,"minecraft:sea_pickle":1,"minecraft:sweet_berry_bush":3,"minecraft:spruce_log":9,"minecraft:birch_leaves":2,"minecraft:black_wool":116,"minecraft:coal_ore":124,"minecraft:bubble_coral_wall_fan":4,"minecraft:gravel":402,"minecraft:brown_terracotta":4,"minecraft:terracotta":22,"minecraft:gold_ore":30},"minecraft:killed":{"minecraft:cave_spider":3,"minecraft:zombified_piglin":1,"minecraft:witch":2,"minecraft:spider":17,"minecraft:skeleton":186,"minecraft:chicken":8,"minecraft:magma_cube":3,"minecraft:piglin":4,"minecraft:pig":9,"minecraft:zombie_villager":1,"minecraft:salmon":7,"minecraft:creeper":16,"minecraft:sheep":5,"minecraft:zombie":67,"minecraft:ghast":1,"minecraft:blaze":5,"minecraft:cow":13,"minecraft:vex":9,"minecraft:evoker":1,"minecraft:vindicator":7,"minecraft:slime":5,"minecraft:phantom":13,"minecraft:drowned":1,"minecraft:squid":3,"minecraft:wither_skeleton":9},"minecraft:custom":{"minecraft:animals_bred":73,"minecraft:interact_with_crafting_table":96,"minecraft:leave_game":17,"minecraft:time_since_death":783581,"minecraft:sprint_one_cm":3227727,"minecraft:drop":197,"minecraft:play_time":783581,"minecraft:jump":24595,"minecraft:walk_on_water_one_cm":265497,"minecraft:enchant_item":6,"minecraft:interact_with_furnace":284,"minecraft:play_record":1,"minecraft:sleep_in_bed":4,"minecraft:open_enderchest":75,"minecraft:damage_dealt":45223,"minecraft:crouch_one_cm":160790,"minecraft:interact_with_smoker":13,"minecraft:horse_one_cm":604,"minecraft:interact_with_smithing_table":10,"minecraft:mob_kills":398,"minecraft:interact_with_anvil":5,"minecraft:climb_one_cm":9927,"minecraft:walk_one_cm":2664943,"minecraft:sneak_time":30388,"minecraft:walk_under_water_one_cm":669590,"minecraft:boat_one_cm":890341,"minecraft:total_world_time":783581,"minecraft:interact_with_grindstone":2,"minecraft:time_since_rest":216660,"minecraft:damage_taken":10330,"minecraft:damage_absorbed":160,"minecraft:swim_one_cm":923270,"minecraft:fly_one_cm":5825571,"minecraft:open_chest":1073,"minecraft:fish_caught":1,"minecraft:fall_one_cm":719423}},"DataVersion":2865}