{"stats":{"minecraft:killed_by":{"minecraft:vex":1,"minecraft:creeper":1,"minecraft:player":5,"minecraft:enderman":1,"minecraft:iron_golem":1},"minecraft:broken":{"minecraft:shears":4,"minecraft:iron_leggings":2,"minecraft:fishing_rod":4,"minecraft:leather_helmet":1,"minecraft:stone_hoe":4,"minecraft:iron_pickaxe":5,"minecraft:netherite_pickaxe":1,"minecraft:stone_pickaxe":4,"minecraft:stone_axe":5,"minecraft:stone_shovel":4,"minecraft:iron_boots":1,"minecraft:iron_chestplate":1,"minecraft:iron_axe":6,"minecraft:golden_helmet":2,"minecraft:flint_and_steel":3},"minecraft:crafted":{"minecraft:black_dye":77,"minecraft:yellow_wool":64,"minecraft:oak_sign":27,"minecraft:polished_deepslate_wall":66,"minecraft:melon":5496,"minecraft:blaze_powder":254,"minecraft:birch_boat":22,"minecraft:chain":12,"minecraft:diamond_shovel":1,"minecraft:nether_brick":256,"minecraft:shulker_box":173,"minecraft:stone_pressure_plate":108,"minecraft:iron_door":24,"minecraft:dried_kelp_block":587,"minecraft:lime_concrete_powder":256,"minecraft:name_tag":72,"minecraft:white_shulker_box":1,"minecraft:redstone_lamp":72,"minecraft:end_rod":84,"minecraft:polished_andesite_stairs":52,"minecraft:jungle_boat":1,"minecraft:chest_minecart":102,"minecraft:smithing_table":17,"minecraft:sticky_piston":78,"minecraft:fletching_table":2,"minecraft:green_stained_glass":72,"minecraft:polished_deepslate_slab":162,"minecraft:painting":2,"minecraft:cartography_table":5,"minecraft:stone_brick_stairs":48,"minecraft:lectern":54,"minecraft:stone_slab":454,"minecraft:iron_pickaxe":13,"minecraft:sandstone":1,"minecraft:netherite_ingot":15,"minecraft:composter":42,"minecraft:jungle_sign":6,"minecraft:golden_carrot":3657,"minecraft:jukebox":2,"minecraft:orange_shulker_box":1,"minecraft:iron_nugget":8727,"minecraft:crimson_trapdoor":2,"minecraft:diamond_hoe":4,"minecraft:red_banner":8,"minecraft:jack_o_lantern":130,"minecraft:blue_shulker_box":1,"minecraft:spruce_fence":177,"minecraft:moss_carpet":3,"minecraft:stone_stairs":20,"minecraft:lantern":132,"minecraft:spruce_stairs":108,"minecraft:polished_diorite":28,"minecraft:red_shulker_box":2,"minecraft:stone_pickaxe":6,"minecraft:quartz_slab":12,"minecraft:spruce_boat":2,"minecraft:lead":16,"minecraft:cut_copper_slab":6,"minecraft:enchanting_table":1,"minecraft:crimson_slab":162,"minecraft:acacia_trapdoor":32,"minecraft:dark_oak_button":6,"minecraft:red_carpet":12,"minecraft:deepslate_tiles":1864,"minecraft:enchanted_book":30,"minecraft:orange_dye":33,"minecraft:light_blue_carpet":9,"minecraft:oak_fence_gate":22,"minecraft:soul_lantern":11,"minecraft:fermented_spider_eye":57,"minecraft:birch_trapdoor":86,"minecraft:writable_book":115,"minecraft:iron_shovel":1,"minecraft:armor_stand":10,"minecraft:note_block":154,"minecraft:grindstone":136,"minecraft:cobblestone_slab":882,"minecraft:barrel":21,"minecraft:crimson_sign":6,"minecraft:cooked_chicken":50,"minecraft:lightning_rod":14,"minecraft:stone":156,"minecraft:heavy_weighted_pressure_plate":2,"minecraft:quartz_pillar":168,"minecraft:warped_planks":1032,"minecraft:brown_carpet":9,"minecraft:polished_blackstone_button":3,"minecraft:stone_brick_slab":84,"minecraft:orange_stained_glass_pane":128,"minecraft:bow":37,"minecraft:comparator":70,"minecraft:polished_basalt":532,"minecraft:chest":1134,"minecraft:netherite_helmet":1,"minecraft:yellow_terracotta":28,"minecraft:copper_block":127,"minecraft:cod_bucket":22,"minecraft:rail":608,"minecraft:blue_concrete_powder":128,"minecraft:bricks":330,"minecraft:birch_button":34,"minecraft:ender_eye":97,"minecraft:stone_bricks":1000,"minecraft:oak_fence":3,"minecraft:golden_boots":1,"minecraft:dropper":105,"minecraft:arrow":128,"minecraft:cauldron":1,"minecraft:iron_helmet":2,"minecraft:brown_dye":1,"minecraft:red_wool":135,"minecraft:dispenser":23,"minecraft:apple":216,"minecraft:tnt":1133,"minecraft:spruce_trapdoor":138,"minecraft:stick":8985,"minecraft:iron_ingot":7611,"minecraft:dark_oak_fence_gate":4,"minecraft:deepslate_bricks":4200,"minecraft:deepslate_tile_slab":18,"minecraft:nether_brick_slab":36,"minecraft:stone_brick_wall":12,"minecraft:fishing_rod":36,"minecraft:tripwire_hook":4,"minecraft:beehive":11,"minecraft:netherite_sword":1,"minecraft:leather_boots":16,"minecraft:spruce_button":2,"minecraft:furnace":126,"minecraft:blast_furnace":18,"minecraft:piston":295,"minecraft:crimson_button":2,"minecraft:polished_andesite_slab":90,"minecraft:oak_trapdoor":216,"minecraft:flint_and_steel":9,"minecraft:scaffolding":892,"minecraft:polished_granite_stairs":4,"minecraft:cobblestone_wall":390,"minecraft:brown_shulker_box":1,"minecraft:honey_block":227,"minecraft:birch_sign":66,"minecraft:iron_trapdoor":59,"minecraft:diorite_wall":18,"minecraft:iron_sword":5,"minecraft:black_banner":5,"minecraft:cooked_salmon":88,"minecraft:jungle_planks":432,"minecraft:white_dye":129,"minecraft:netherite_shovel":1,"minecraft:black_carpet":3,"minecraft:stonecutter":11,"minecraft:anvil":22,"minecraft:torch":2910,"minecraft:ender_chest":1,"minecraft:smooth_stone":385,"minecraft:dark_oak_pressure_plate":7,"minecraft:birch_slab":210,"minecraft:slime_block":481,"minecraft:loom":15,"minecraft:lever":174,"minecraft:bookshelf":222,"minecraft:iron_bars":272,"minecraft:deepslate_brick_stairs":156,"minecraft:quartz_block":204,"minecraft:glass":2006,"minecraft:repeater":248,"minecraft:netherite_boots":1,"minecraft:melon_seeds":38,"minecraft:birch_fence_gate":10,"minecraft:polished_blackstone":84,"minecraft:gray_bed":1,"minecraft:flower_pot":11,"minecraft:glass_bottle":666,"minecraft:target":72,"minecraft:deepslate":455,"minecraft:wooden_shovel":96,"minecraft:emerald":10718,"minecraft:diamond_axe":8,"minecraft:spruce_door":12,"minecraft:cobbled_deepslate_wall":810,"minecraft:copper_ingot":629,"minecraft:oak_wood":24,"minecraft:hay_block":88,"minecraft:campfire":71,"minecraft:compass":12,"minecraft:iron_block":134,"minecraft:gold_ingot":401,"minecraft:light_gray_dye":2,"minecraft:fire_charge":192,"minecraft:spruce_fence_gate":1,"minecraft:birch_stairs":12,"minecraft:packed_ice":5,"minecraft:stone_shovel":344,"minecraft:smooth_stone_slab":414,"minecraft:leather_leggings":10,"minecraft:polished_deepslate_stairs":40,"minecraft:player_head":100,"minecraft:cut_copper_stairs":12,"minecraft:mossy_cobblestone_stairs":4,"minecraft:bone_meal":32377,"minecraft:pink_dye":4,"minecraft:white_carpet":63,"minecraft:orange_wool":63,"minecraft:warped_trapdoor":20,"minecraft:diamond":621,"minecraft:dark_oak_fence":21,"minecraft:detector_rail":42,"minecraft:deepslate_brick_wall":12,"minecraft:ladder":522,"minecraft:spruce_slab":156,"minecraft:cobbled_deepslate_stairs":68,"minecraft:deepslate_tile_wall":72,"minecraft:redstone_block":238,"minecraft:jungle_fence":3,"minecraft:dark_oak_planks":7980,"minecraft:golden_helmet":2,"minecraft:coal_block":14,"minecraft:firework_star":347,"minecraft:daylight_detector":8,"minecraft:crossbow":50,"minecraft:netherite_pickaxe":4,"minecraft:dried_kelp":1581,"minecraft:deepslate_brick_slab":336,"minecraft:sandstone_slab":12,"minecraft:polished_granite":36,"minecraft:glowstone":34,"minecraft:green_stained_glass_pane":168,"minecraft:jungle_slab":12,"minecraft:golden_apple":40,"minecraft:gray_shulker_box":2,"minecraft:crimson_fence":48,"minecraft:deepslate_tile_stairs":228,"minecraft:iron_leggings":7,"minecraft:white_bed":115,"minecraft:brick":1828,"minecraft:oak_planks":4172,"minecraft:dark_oak_boat":21,"minecraft:pink_shulker_box":1,"minecraft:purple_glazed_terracotta":3,"minecraft:cobblestone_stairs":132,"minecraft:green_dye":136,"minecraft:dark_oak_door":42,"minecraft:hopper":586,"minecraft:iron_boots":8,"minecraft:written_book":178,"minecraft:cyan_terracotta":16,"minecraft:mossy_cobblestone_slab":18,"minecraft:chiseled_stone_bricks":304,"minecraft:stone_hoe":22,"minecraft:honeycomb_block":7,"minecraft:raw_iron_block":8,"minecraft:smoker":3,"minecraft:quartz_stairs":16,"minecraft:oak_slab":6,"minecraft:item_frame":73,"minecraft:crafting_table":89,"minecraft:spruce_planks":1740,"minecraft:wooden_pickaxe":1,"minecraft:hopper_minecart":42,"minecraft:crimson_pressure_plate":2,"minecraft:brewing_stand":2,"minecraft:birch_planks":5512,"minecraft:pumpkin_seeds":40,"minecraft:dark_oak_slab":402,"minecraft:iron_chestplate":3,"minecraft:book":10,"minecraft:paper":1902,"minecraft:charcoal":61,"minecraft:diamond_pickaxe":23,"minecraft:emerald_block":300,"minecraft:shield":4,"minecraft:birch_fence":30,"minecraft:warped_slab":108,"minecraft:leather_chestplate":10,"minecraft:snow_block":3,"minecraft:green_shulker_box":2,"minecraft:gray_carpet":9,"minecraft:redstone_torch":995,"minecraft:shears":29,"minecraft:sandstone_stairs":12,"minecraft:polished_andesite":460,"minecraft:coarse_dirt":292,"minecraft:wooden_sword":1,"minecraft:cobbled_deepslate_slab":426,"minecraft:cookie":108,"minecraft:redstone":2504,"minecraft:raw_iron":108,"minecraft:popped_chorus_fruit":167,"minecraft:stone_button":55,"minecraft:dark_oak_trapdoor":184,"minecraft:jungle_trapdoor":14,"minecraft:gray_dye":2,"minecraft:dark_oak_sign":69,"minecraft:diamond_block":104,"minecraft:glass_pane":432,"minecraft:blue_ice":64,"minecraft:netherite_leggings":1,"minecraft:polished_deepslate":5100,"minecraft:green_concrete_powder":256,"minecraft:iron_axe":12,"minecraft:slime_ball":36,"minecraft:lime_dye":64,"minecraft:netherite_scrap":52,"minecraft:observer":571,"minecraft:minecart":151,"minecraft:cooked_beef":4,"minecraft:sugar":44,"minecraft:red_dye":78,"minecraft:cooked_cod":340,"minecraft:crimson_planks":2324,"minecraft:diamond_sword":1,"minecraft:spruce_sign":15,"minecraft:dark_oak_stairs":112,"minecraft:powered_rail":102,"minecraft:activator_rail":36,"minecraft:bell":384,"minecraft:bowl":4,"minecraft:nether_bricks":42,"minecraft:bucket":56,"minecraft:stone_axe":73,"minecraft:amethyst_block":37,"minecraft:bread":1385,"minecraft:air":0,"minecraft:blue_dye":33,"minecraft:cut_copper":32,"minecraft:oak_boat":6,"minecraft:white_wool":1,"minecraft:pumpkin_pie":244,"minecraft:acacia_planks":104,"minecraft:end_crystal":77,"minecraft:blackstone_slab":130,"minecraft:firework_rocket":1527},"minecraft:custom":{"minecraft:interact_with_crafting_table":2812,"minecraft:damage_blocked_by_shield":5615,"minecraft:play_time":34279251,"minecraft:deaths":20,"minecraft:jump":448613,"minecraft:play_record":15,"minecraft:interact_with_smoker":159,"minecraft:inspect_dispenser":680,"minecraft:horse_one_cm":2174161,"minecraft:inspect_dropper":1989,"minecraft:interact_with_anvil":311,"minecraft:inspect_hopper":3689,"minecraft:tune_noteblock":567135,"minecraft:time_since_rest":35995,"minecraft:swim_one_cm":1745681,"minecraft:open_chest":25595,"minecraft:open_shulker_box":14595,"minecraft:damage_resisted":1264,"minecraft:play_noteblock":109,"minecraft:talked_to_villager":3910,"minecraft:interact_with_brewingstand":361,"minecraft:interact_with_beacon":15,"minecraft:fill_cauldron":2,"minecraft:raid_win":11,"minecraft:boat_one_cm":13376350,"minecraft:damage_taken":167012,"minecraft:aviate_one_cm":376608945,"minecraft:open_barrel":2092,"minecraft:bell_ring":17,"minecraft:eat_cake_slice":7,"minecraft:leave_game":672,"minecraft:time_since_death":1586221,"minecraft:enchant_item":30,"minecraft:interact_with_furnace":1229,"minecraft:traded_with_villager":13499,"minecraft:sleep_in_bed":316,"minecraft:damage_dealt":362270,"minecraft:use_cauldron":1,"minecraft:interact_with_smithing_table":45,"minecraft:damage_dealt_absorbed":120,"minecraft:target_hit":423,"minecraft:sneak_time":2001333,"minecraft:interact_with_lectern":148,"minecraft:interact_with_blast_furnace":183,"minecraft:total_world_time":34279251,"minecraft:interact_with_stonecutter":18,"minecraft:fly_one_cm":96703272,"minecraft:fish_caught":3609,"minecraft:fall_one_cm":10707648,"minecraft:animals_bred":75,"minecraft:sprint_one_cm":107223598,"minecraft:drop":3081,"minecraft:walk_on_water_one_cm":1928847,"minecraft:interact_with_loom":31,"minecraft:open_enderchest":3441,"minecraft:player_kills":9,"minecraft:crouch_one_cm":9625159,"minecraft:mob_kills":11147,"minecraft:climb_one_cm":8245180,"minecraft:walk_one_cm":50156314,"minecraft:walk_under_water_one_cm":1773898,"minecraft:raid_trigger":56,"minecraft:pot_flower":11,"minecraft:interact_with_grindstone":37,"minecraft:damage_absorbed":215,"minecraft:minecart_one_cm":98009,"minecraft:pig_one_cm":2622},"minecraft:killed":{"minecraft:cod":1,"minecraft:skeleton_horse":1,"minecraft:tropical_fish":1,"minecraft:salmon":9,"minecraft:iron_golem":9,"minecraft:ender_dragon":2,"minecraft:pillager":700,"minecraft:zombie":395,"minecraft:evoker":74,"minecraft:endermite":20,"minecraft:vindicator":388,"minecraft:husk":6,"minecraft:rabbit":1,"minecraft:zombified_piglin":5,"minecraft:witch":113,"minecraft:spider":110,"minecraft:axolotl":10,"minecraft:silverfish":2,"minecraft:piglin":37,"minecraft:zombie_villager":6,"minecraft:sheep":4,"minecraft:trader_llama":3,"minecraft:mooshroom":32,"minecraft:ghast":9,"minecraft:slime":146,"minecraft:drowned":15,"minecraft:hoglin":5,"minecraft:squid":84,"minecraft:villager":1,"minecraft:shulker":62,"minecraft:skeleton":257,"minecraft:chicken":319,"minecraft:cat":2,"minecraft:magma_cube":92,"minecraft:glow_squid":2,"minecraft:cow":10,"minecraft:wandering_trader":2,"minecraft:enderman":7540,"minecraft:wolf":1,"minecraft:pig":2,"minecraft:creeper":213,"minecraft:phantom":189,"minecraft:bat":6},"minecraft:used":{"minecraft:moss_block":291,"minecraft:jack_o_lantern":148,"minecraft:writable_book":278,"minecraft:polished_granite_stairs":1,"minecraft:smooth_quartz_slab":12,"minecraft:dispenser":81,"minecraft:poppy":84,"minecraft:black_carpet":3,"minecraft:stone":4915,"minecraft:quartz_stairs":44,"minecraft:rotten_flesh":20,"minecraft:soul_sand":105,"minecraft:cut_copper":10,"minecraft:deepslate_brick_slab":502,"minecraft:azure_bluet":2,"minecraft:snowball":21,"minecraft:spruce_boat":6,"minecraft:packed_ice":720,"minecraft:lava_bucket":70,"minecraft:quartz_pillar":127,"minecraft:music_disc_pigstep":5,"minecraft:red_wool":198,"minecraft:quartz_block":192,"minecraft:dark_oak_leaves":15,"minecraft:dark_oak_slab":112,"minecraft:diorite_wall":12,"minecraft:netherite_boots":1,"minecraft:bow":4721,"minecraft:cooked_cod":251,"minecraft:oak_sapling":22,"minecraft:green_stained_glass_pane":182,"minecraft:deepslate_brick_wall":7,"minecraft:mossy_stone_bricks":1,"minecraft:damaged_anvil":2,"minecraft:chorus_fruit":23,"minecraft:prismarine":5,"minecraft:blackstone":375,"minecraft:cactus":148,"minecraft:wooden_pickaxe":13,"minecraft:composter":73,"minecraft:jungle_boat":167,"minecraft:glow_berries":37,"minecraft:blast_furnace":18,"minecraft:gray_concrete":4,"minecraft:deepslate_brick_stairs":176,"minecraft:birch_fence":14,"minecraft:birch_slab":11,"minecraft:deepslate_iron_ore":3,"minecraft:flowering_azalea_leaves":119,"minecraft:diamond_sword":4199,"minecraft:smithing_table":15,"minecraft:birch_log":178,"minecraft:oak_boat":53,"minecraft:oak_trapdoor":224,"minecraft:enchanting_table":4,"minecraft:carved_pumpkin":1,"minecraft:armor_stand":21,"minecraft:cooked_salmon":86,"minecraft:torch":3002,"minecraft:brewing_stand":8,"minecraft:nether_quartz_ore":188,"minecraft:cod_bucket":13,"minecraft:oak_fence_gate":7,"minecraft:mossy_cobblestone_stairs":6,"minecraft:sea_lantern":8,"minecraft:chipped_anvil":7,"minecraft:iron_block":68,"minecraft:polished_deepslate_wall":61,"minecraft:jungle_log":30,"minecraft:barrel":54,"minecraft:bamboo":35,"minecraft:basalt":358,"minecraft:lime_concrete":237,"minecraft:podzol":12,"minecraft:acacia_planks":14,"minecraft:dead_bubble_coral_fan":8,"minecraft:horn_coral_fan":1,"minecraft:deepslate_emerald_ore":1,"minecraft:calcite":6,"minecraft:wheat_seeds":1944,"minecraft:warped_stem":36,"minecraft:birch_planks":375,"minecraft:blue_concrete_powder":128,"minecraft:cauldron":2,"minecraft:glow_ink_sac":38,"minecraft:spruce_fence_gate":1,"minecraft:deepslate_bricks":2266,"minecraft:polished_deepslate_slab":202,"minecraft:rail":731,"minecraft:crimson_trapdoor":4,"minecraft:sculk_shrieker":7,"minecraft:campfire":45,"minecraft:white_bed":120,"minecraft:spruce_log":94,"minecraft:mushroom_stem":99,"minecraft:amethyst_cluster":1,"minecraft:diamond_pickaxe":62910,"minecraft:warped_trapdoor":9,"minecraft:diamond_shovel":3540,"minecraft:acacia_sign":4,"minecraft:oak_button":3,"minecraft:suspicious_stew":1,"minecraft:spruce_trapdoor":162,"minecraft:potion":33,"minecraft:azalea_leaves":716,"minecraft:cooked_porkchop":128,"minecraft:stripped_oak_log":4,"minecraft:dandelion":23,"minecraft:green_stained_glass":32,"minecraft:moss_carpet":231,"minecraft:polished_deepslate":1118,"minecraft:melon":10,"minecraft:polished_basalt":276,"minecraft:nether_wart":276,"minecraft:grass":1,"minecraft:spruce_leaves":4,"minecraft:mutton":2,"minecraft:jungle_planks":290,"minecraft:beehive":9,"minecraft:obsidian":596,"minecraft:honey_bottle":2,"minecraft:crimson_button":2,"minecraft:bricks":342,"minecraft:lantern":87,"minecraft:blue_orchid":1,"minecraft:warped_nylium":16,"minecraft:mossy_cobblestone_slab":22,"minecraft:item_frame":89,"minecraft:deepslate_diamond_ore":348,"minecraft:birch_button":24,"minecraft:birch_trapdoor":18,"minecraft:written_book":395,"minecraft:blue_shulker_box":603,"minecraft:dark_oak_sapling":488,"minecraft:end_rod":25,"minecraft:dropper":292,"minecraft:stone_pickaxe":760,"minecraft:gray_carpet":5,"minecraft:jungle_fence":4,"minecraft:oak_planks":199,"minecraft:sandstone":167,"minecraft:diamond_axe":14014,"minecraft:sugar_cane":130,"minecraft:white_wool":9,"minecraft:light_blue_concrete":9,"minecraft:mushroom_stew":4,"minecraft:light_blue_wool":2,"minecraft:crossbow":36,"minecraft:lingering_potion":3,"minecraft:end_stone":439,"minecraft:deepslate_lapis_ore":7,"minecraft:sticky_piston":385,"minecraft:dead_fire_coral_fan":2,"minecraft:lever":184,"minecraft:daylight_detector":4,"minecraft:dark_oak_log":1375,"minecraft:bread":231,"minecraft:brown_wool":4,"minecraft:iron_door":38,"minecraft:deepslate":461,"minecraft:chain":11,"minecraft:smooth_stone_slab":253,"minecraft:coarse_dirt":119,"minecraft:bone_meal":182,"minecraft:netherite_sword":6024,"minecraft:rose_bush":8,"minecraft:crimson_fence":9,"minecraft:flint_and_steel":315,"minecraft:redstone":2573,"minecraft:dried_kelp":833,"minecraft:ender_chest":379,"minecraft:brown_shulker_box":52,"minecraft:deepslate_gold_ore":135,"minecraft:stone_hoe":699,"minecraft:cooked_chicken":95,"minecraft:dirt":5219,"minecraft:prismarine_bricks":1,"minecraft:bee_nest":2,"minecraft:spruce_fence":132,"minecraft:soul_soil":28,"minecraft:dark_oak_pressure_plate":8,"minecraft:deepslate_tile_stairs":351,"minecraft:minecart":115,"minecraft:netherite_pickaxe":171470,"minecraft:cooked_beef":66,"minecraft:turtle_egg":4,"minecraft:orange_stained_glass_pane":85,"minecraft:pumpkin":169,"minecraft:cobbled_deepslate_wall":750,"minecraft:quartz_bricks":6,"minecraft:cobblestone_stairs":52,"minecraft:snow_block":3,"minecraft:baked_potato":65,"minecraft:birch_boat":88,"minecraft:brown_mushroom":11,"minecraft:spruce_sign":16,"minecraft:warped_roots":3,"minecraft:music_disc_cat":1,"minecraft:red_mushroom":2,"minecraft:warped_planks":214,"minecraft:piston":717,"minecraft:flower_pot":12,"minecraft:black_wool":1,"minecraft:detector_rail":115,"minecraft:stone_slab":90,"minecraft:yellow_wool":81,"minecraft:stone_axe":753,"minecraft:end_crystal":13,"minecraft:cobbled_deepslate_slab":293,"minecraft:pink_shulker_box":79,"minecraft:pumpkin_pie":350,"minecraft:wither_rose":31,"minecraft:birch_stairs":4,"minecraft:spruce_slab":337,"minecraft:dead_horn_coral_block":1,"minecraft:elytra":19,"minecraft:polished_blackstone":189,"minecraft:ladder":399,"minecraft:chest":506,"minecraft:white_shulker_box":21,"minecraft:jungle_slab":34,"minecraft:orange_wool":138,"minecraft:stripped_spruce_log":6,"minecraft:honey_block":407,"minecraft:netherite_shovel":26498,"minecraft:grass_block":377,"minecraft:birch_sapling":13,"minecraft:polished_andesite_stairs":136,"minecraft:orange_shulker_box":12,"minecraft:copper_ore":136,"minecraft:dark_oak_button":4,"minecraft:pink_wool":1,"minecraft:stone_brick_stairs":57,"minecraft:dark_oak_boat":145,"minecraft:sweet_berries":1603,"minecraft:furnace":52,"minecraft:egg":2960,"minecraft:potato":109,"minecraft:dragon_head":3,"minecraft:dead_brain_coral_fan":42,"minecraft:light_blue_carpet":21,"minecraft:end_stone_bricks":5,"minecraft:diorite":104,"minecraft:spruce_door":35,"minecraft:stripped_birch_log":15,"minecraft:cut_copper_slab":5,"minecraft:acacia_trapdoor":37,"minecraft:powered_rail":211,"minecraft:lime_concrete_powder":64,"minecraft:purpur_pillar":38,"minecraft:oak_leaves":34,"minecraft:smooth_quartz_stairs":1,"minecraft:cookie":68,"minecraft:dark_oak_trapdoor":164,"minecraft:sand":224,"minecraft:blue_ice":4,"minecraft:pumpkin_seeds":47,"minecraft:lightning_rod":16,"minecraft:deepslate_tiles":5396,"minecraft:crying_obsidian":1,"minecraft:verdant_froglight":70,"minecraft:stone_button":36,"minecraft:spore_blossom":3,"minecraft:lectern":254,"minecraft:polished_granite":10,"minecraft:polished_andesite_slab":73,"minecraft:wooden_sword":5,"minecraft:white_stained_glass":2,"minecraft:dark_oak_fence":6,"minecraft:green_concrete_powder":60,"minecraft:ice":6,"minecraft:iron_bars":194,"minecraft:acacia_log":8,"minecraft:brain_coral_fan":36,"minecraft:mycelium":747,"minecraft:netherrack":13065,"minecraft:orange_bed":4,"minecraft:light_gray_shulker_box":2,"minecraft:target":146,"minecraft:warped_wart_block":56,"minecraft:anvil":27,"minecraft:ancient_debris":168,"minecraft:wheat":8,"minecraft:stone_stairs":18,"minecraft:nether_brick_slab":42,"minecraft:glow_lichen":2,"minecraft:jungle_trapdoor":13,"minecraft:blue_concrete":56,"minecraft:polished_diorite":33,"minecraft:shroomlight":34,"minecraft:red_shulker_box":457,"minecraft:flowering_azalea":4,"minecraft:iron_axe":1914,"minecraft:rooted_dirt":40,"minecraft:slime_block":1521,"minecraft:spruce_button":1,"minecraft:smooth_quartz":151,"minecraft:totem_of_undying":10,"minecraft:melon_seeds":38,"minecraft:tripwire_hook":24,"minecraft:glowstone":1,"minecraft:purple_concrete":1,"minecraft:iron_trapdoor":55,"minecraft:crimson_pressure_plate":3,"minecraft:orange_terracotta":153,"minecraft:cobbled_deepslate":4462,"minecraft:observer":1348,"minecraft:crimson_stem":58,"minecraft:water_bucket":1992,"minecraft:sandstone_stairs":70,"minecraft:cartography_table":4,"minecraft:bubble_coral_fan":14,"minecraft:red_mushroom_block":444,"minecraft:fletching_table":3,"minecraft:salmon":10,"minecraft:pink_concrete":1,"minecraft:mossy_cobblestone":34,"minecraft:vine":12,"minecraft:comparator":343,"minecraft:tnt":1269,"minecraft:oak_slab":2,"minecraft:crafting_table":207,"minecraft:birch_sign":78,"minecraft:cod":15,"minecraft:dark_oak_fence_gate":8,"minecraft:cake":1,"minecraft:deepslate_tile_wall":38,"minecraft:oak_log":408,"minecraft:stripped_jungle_log":28,"minecraft:iron_pickaxe":1899,"minecraft:crimson_nylium":12,"minecraft:crimson_sign":13,"minecraft:chiseled_stone_bricks":45,"minecraft:cobblestone":6121,"minecraft:sandstone_slab":2,"minecraft:glass_pane":143,"minecraft:brown_mushroom_block":302,"minecraft:jukebox":9,"minecraft:kelp":88,"minecraft:candle":4,"minecraft:iron_shovel":228,"minecraft:diamond_hoe":7229,"minecraft:oak_sign":24,"minecraft:shield":143,"minecraft:white_terracotta":3,"minecraft:iron_sword":473,"minecraft:bell":210,"minecraft:player_head":121,"minecraft:sculk_sensor":2,"minecraft:iron_chestplate":1,"minecraft:nether_bricks":7,"minecraft:deepslate_tile_slab":16,"minecraft:tuff":317,"minecraft:axolotl_bucket":8,"minecraft:milk_bucket":2,"minecraft:polished_deepslate_stairs":10,"minecraft:glass":966,"minecraft:coal_ore":213,"minecraft:quartz_slab":22,"minecraft:hopper_minecart":42,"minecraft:stone_bricks":894,"minecraft:repeater":863,"minecraft:red_carpet":12,"minecraft:redstone_lamp":108,"minecraft:magma_block":444,"minecraft:brown_carpet":10,"minecraft:hay_block":49,"minecraft:scaffolding":967,"minecraft:gray_bed":1,"minecraft:fire_coral_fan":20,"minecraft:dark_oak_stairs":122,"minecraft:birch_leaves":11,"minecraft:dark_oak_sign":51,"minecraft:ender_pearl":701,"minecraft:redstone_block":414,"minecraft:blue_bed":2,"minecraft:large_amethyst_bud":1,"minecraft:brain_coral":1,"minecraft:yellow_terracotta":1,"minecraft:loom":7,"minecraft:black_banner":21,"minecraft:deepslate_redstone_ore":302,"minecraft:note_block":130,"minecraft:stone_brick_wall":24,"minecraft:shears":1807,"minecraft:cobbled_deepslate_stairs":43,"minecraft:redstone_torch":797,"minecraft:green_concrete":36,"minecraft:heavy_weighted_pressure_plate":3,"minecraft:firework_rocket":15876,"minecraft:birch_fence_gate":4,"minecraft:gray_shulker_box":78,"minecraft:melon_slice":74,"minecraft:string":62,"minecraft:gravel":544,"minecraft:golden_helmet":1,"minecraft:blackstone_slab":50,"minecraft:jungle_sign":7,"minecraft:grindstone":121,"minecraft:andesite":54,"minecraft:chest_minecart":102,"minecraft:white_concrete":22,"minecraft:experience_bottle":73,"minecraft:cobweb":16,"minecraft:oak_fence":5,"minecraft:azalea":23,"minecraft:purpur_block":9,"minecraft:trident":1738,"minecraft:music_disc_otherside":9,"minecraft:stone_shovel":880,"minecraft:spruce_planks":154,"minecraft:sculk":64,"minecraft:cut_copper_stairs":12,"minecraft:spyglass":1,"minecraft:white_carpet":20,"minecraft:hopper":1341,"minecraft:spruce_stairs":271,"minecraft:cobblestone_wall":252,"minecraft:shulker_box":1777,"minecraft:oak_wood":13,"minecraft:granite":83,"minecraft:stone_brick_slab":47,"minecraft:dark_oak_planks":1707,"minecraft:bookshelf":138,"minecraft:red_tulip":2,"minecraft:crimson_planks":75,"minecraft:golden_carrot":3313,"minecraft:emerald_block":522,"minecraft:cyan_banner":1,"minecraft:horn_coral_block":1,"minecraft:stone_pressure_plate":90,"minecraft:cooked_mutton":1,"minecraft:acacia_boat":4,"minecraft:amethyst_block":4,"minecraft:glass_bottle":141,"minecraft:polished_andesite":369,"minecraft:blue_wool":1,"minecraft:copper_block":23,"minecraft:beacon":5,"minecraft:white_dye":13,"minecraft:stonecutter":10,"minecraft:cobblestone_slab":703,"minecraft:stripped_dark_oak_log":92,"minecraft:painting":13,"minecraft:dark_oak_door":34,"minecraft:smoker":10,"minecraft:nether_gold_ore":16,"minecraft:apple":24,"minecraft:activator_rail":40,"minecraft:fishing_rod":10492,"minecraft:green_shulker_box":17,"minecraft:red_banner":8,"minecraft:bucket":2101,"minecraft:polished_blackstone_button":3,"minecraft:splash_potion":34,"minecraft:smooth_stone":66,"minecraft:soul_torch":1},"minecraft:mined":{"minecraft:dragon_wall_head":3,"minecraft:white_bed":25,"minecraft:red_shulker_box":457,"minecraft:fire_coral_wall_fan":24,"minecraft:light_blue_carpet":12,"minecraft:granite":1403,"minecraft:acacia_log":2,"minecraft:deepslate_tile_wall":9,"minecraft:brown_wool":4,"minecraft:blue_wool":1,"minecraft:green_concrete":96,"minecraft:oak_wall_sign":2,"minecraft:nether_wart":216,"minecraft:magma_block":1280,"minecraft:mossy_cobblestone_stairs":3,"minecraft:dark_oak_trapdoor":47,"minecraft:barrel":38,"minecraft:cobbled_deepslate":2038,"minecraft:fire":1227,"minecraft:deepslate_lapis_ore":146,"minecraft:fletching_table":1,"minecraft:white_shulker_box":21,"minecraft:player_head":98,"minecraft:tripwire":46,"minecraft:orange_bed":3,"minecraft:jungle_trapdoor":8,"minecraft:sandstone_slab":2,"minecraft:kelp_plant":310,"minecraft:deepslate_brick_wall":1,"minecraft:smoker":8,"minecraft:crimson_nylium":161,"minecraft:deepslate_tile_slab":7,"minecraft:powder_snow":6,"minecraft:torch":322,"minecraft:note_block":72,"minecraft:melon":28,"minecraft:nether_brick_slab":6,"minecraft:spruce_wall_sign":4,"minecraft:smooth_quartz_slab":15,"minecraft:lime_shulker_box":1,"minecraft:sugar_cane":695,"minecraft:bricks":32,"minecraft:amethyst_block":180,"minecraft:birch_sapling":7,"minecraft:white_terracotta":3,"minecraft:chain":2,"minecraft:repeater":588,"minecraft:verdant_froglight":34,"minecraft:jukebox":7,"minecraft:wither_rose":1,"minecraft:grass":3217,"minecraft:dark_oak_sapling":40,"minecraft:birch_button":1,"minecraft:smooth_quartz":150,"minecraft:smooth_basalt":163,"minecraft:acacia_sign":2,"minecraft:stripped_crimson_stem":1,"minecraft:deepslate":18226,"minecraft:deepslate_tiles":2547,"minecraft:light_blue_wool":3,"minecraft:mossy_cobblestone":128,"minecraft:dark_oak_log":3430,"minecraft:sea_lantern":8,"minecraft:end_stone":1146,"minecraft:birch_fence_gate":3,"minecraft:dark_oak_fence":3,"minecraft:spruce_fence":83,"minecraft:redstone_wire":1612,"minecraft:red_mushroom":2,"minecraft:redstone_ore":29,"minecraft:acacia_trapdoor":12,"minecraft:pink_concrete":1,"minecraft:andesite":1802,"minecraft:cobblestone_slab":458,"minecraft:vine":102,"minecraft:rail":207,"minecraft:brain_coral_wall_fan":48,"minecraft:bone_block":104,"minecraft:ender_chest":365,"minecraft:birch_stairs":1,"minecraft:oak_slab":1,"minecraft:redstone_block":377,"minecraft:glass_pane":62,"minecraft:soul_sand":465,"minecraft:dandelion":67,"minecraft:warped_roots":41,"minecraft:campfire":36,"minecraft:brain_coral_fan":2,"minecraft:lightning_rod":2,"minecraft:purpur_pillar":42,"minecraft:tall_grass":673,"minecraft:copper_ore":418,"minecraft:deepslate_gold_ore":461,"minecraft:green_stained_glass_pane":110,"minecraft:diorite":1442,"minecraft:warped_wart_block":87,"minecraft:cut_copper_slab":1,"minecraft:coarse_dirt":45,"minecraft:cobblestone_wall":199,"minecraft:dark_oak_wall_sign":17,"minecraft:purple_concrete":1,"minecraft:gravel":6605,"minecraft:cobweb":8,"minecraft:birch_sign":20,"minecraft:polished_blackstone":126,"minecraft:stone_bricks":527,"minecraft:gold_ore":16,"minecraft:chipped_anvil":8,"minecraft:iron_trapdoor":20,"minecraft:fern":29,"minecraft:stone_pressure_plate":59,"minecraft:oak_sapling":2,"minecraft:farmland":116,"minecraft:orange_wool":111,"minecraft:brewing_stand":6,"minecraft:spruce_trapdoor":93,"minecraft:budding_amethyst":7,"minecraft:white_concrete":30,"minecraft:polished_diorite":27,"minecraft:composter":45,"minecraft:sculk_catalyst":16,"minecraft:mossy_cobblestone_slab":8,"minecraft:turtle_egg":3,"minecraft:dragon_head":1,"minecraft:green_stained_glass":12,"minecraft:red_tulip":1,"minecraft:pointed_dripstone":6,"minecraft:flowering_azalea_leaves":245,"minecraft:iron_bars":45,"minecraft:azalea":297,"minecraft:spruce_slab":248,"minecraft:deepslate_redstone_ore":1073,"minecraft:brown_shulker_box":51,"minecraft:quartz_block":170,"minecraft:exposed_copper":1,"minecraft:orange_terracotta":94,"minecraft:purpur_stairs":3,"minecraft:beacon":4,"minecraft:nether_quartz_ore":3442,"minecraft:oak_planks":155,"minecraft:wall_torch":175,"minecraft:cauldron":1,"minecraft:stone_stairs":8,"minecraft:warped_nylium":423,"minecraft:powered_rail":106,"minecraft:dark_oak_slab":69,"minecraft:warped_planks":55,"minecraft:blue_ice":5,"minecraft:tnt":124,"minecraft:smooth_stone_slab":216,"minecraft:oak_log":1167,"minecraft:dirt":12031,"minecraft:dispenser":48,"minecraft:ancient_debris":361,"minecraft:daylight_detector":1,"minecraft:crying_obsidian":1,"minecraft:quartz_stairs":29,"minecraft:dark_oak_leaves":3131,"minecraft:glow_lichen":5,"minecraft:lever":46,"minecraft:ladder":74,"minecraft:tube_coral_wall_fan":22,"minecraft:stone_button":17,"minecraft:brown_mushroom_block":1009,"minecraft:birch_slab":7,"minecraft:spruce_leaves":418,"minecraft:crimson_stem":36,"minecraft:hay_block":36,"minecraft:heavy_weighted_pressure_plate":1,"minecraft:nether_sprouts":9,"minecraft:polished_basalt":162,"minecraft:orange_stained_glass_pane":38,"minecraft:light_gray_shulker_box":3,"minecraft:detector_rail":40,"minecraft:gold_block":1,"minecraft:bookshelf":112,"minecraft:shroomlight":32,"minecraft:deepslate_iron_ore":352,"minecraft:stripped_oak_log":16,"minecraft:scaffolding":242,"minecraft:snow_block":10,"minecraft:stripped_dark_oak_log":183,"minecraft:basalt":5141,"minecraft:polished_granite":6,"minecraft:oak_fence":7,"minecraft:honey_block":277,"minecraft:stone_slab":32,"minecraft:quartz_bricks":6,"minecraft:deepslate_coal_ore":2,"minecraft:crimson_pressure_plate":3,"minecraft:red_concrete":4,"minecraft:prismarine_bricks":1,"minecraft:birch_planks":109,"minecraft:bubble_coral":1,"minecraft:black_wall_banner":6,"minecraft:ice":62,"minecraft:bee_nest":2,"minecraft:black_wool":2,"minecraft:dead_brain_coral_wall_fan":24,"minecraft:flower_pot":2,"minecraft:dead_bubble_coral_wall_fan":8,"minecraft:mossy_stone_bricks":1,"minecraft:jungle_wall_sign":1,"minecraft:dark_oak_planks":998,"minecraft:light_blue_concrete":9,"minecraft:jungle_leaves":94,"minecraft:carved_pumpkin":132,"minecraft:obsidian":2866,"minecraft:crimson_trapdoor":4,"minecraft:stone_brick_wall":12,"minecraft:jungle_log":127,"minecraft:deepslate_bricks":931,"minecraft:purpur_slab":2,"minecraft:deepslate_tile_stairs":34,"minecraft:hopper":858,"minecraft:crimson_fungus":4,"minecraft:chiseled_stone_bricks":19,"minecraft:weeping_vines_plant":4,"minecraft:tall_seagrass":19,"minecraft:sticky_piston":329,"minecraft:dead_fire_coral_wall_fan":5,"minecraft:pumpkin":43,"minecraft:moss_carpet":423,"minecraft:enchanting_table":3,"minecraft:sculk_shrieker":28,"minecraft:cave_vines":12,"minecraft:oak_sign":13,"minecraft:polished_deepslate_slab":129,"minecraft:dirt_path":488,"minecraft:quartz_slab":14,"minecraft:deepslate_brick_stairs":104,"minecraft:iron_block":24,"minecraft:piston_head":41,"minecraft:brown_mushroom":166,"minecraft:red_bed":1,"minecraft:player_wall_head":15,"minecraft:soul_fire":4,"minecraft:amethyst_cluster":22,"minecraft:blast_furnace":7,"minecraft:polished_andesite_stairs":85,"minecraft:dead_brain_coral_fan":24,"minecraft:glass":218,"minecraft:damaged_anvil":2,"minecraft:spruce_sign":1,"minecraft:wheat":1760,"minecraft:pumpkin_stem":9,"minecraft:lime_concrete":251,"minecraft:warped_fungus":7,"minecraft:stone_brick_stairs":39,"minecraft:copper_block":14,"minecraft:loom":3,"minecraft:blue_shulker_box":603,"minecraft:red_mushroom_block":1679,"minecraft:stonecutter":7,"minecraft:piston":467,"minecraft:yellow_terracotta":1,"minecraft:pink_shulker_box":79,"minecraft:jack_o_lantern":20,"minecraft:stripped_birch_log":77,"minecraft:shulker_box":1642,"minecraft:nether_bricks":3,"minecraft:cobbled_deepslate_slab":97,"minecraft:jungle_planks":161,"minecraft:crimson_roots":14,"minecraft:orange_shulker_box":12,"minecraft:crimson_button":2,"minecraft:horn_coral_wall_fan":16,"minecraft:kelp":80,"minecraft:moss_block":1061,"minecraft:pink_wool":2,"minecraft:snow":5,"minecraft:potatoes":64,"minecraft:warped_stem":62,"minecraft:smooth_quartz_stairs":1,"minecraft:bamboo_sapling":6,"minecraft:warped_trapdoor":2,"minecraft:bamboo":76,"minecraft:cut_copper":5,"minecraft:white_wool":9,"minecraft:brain_coral":3,"minecraft:smithing_table":8,"minecraft:gray_concrete":25,"minecraft:comparator":239,"minecraft:brown_carpet":1,"minecraft:stone_brick_slab":15,"minecraft:observer":993,"minecraft:jungle_sign":4,"minecraft:cobbled_deepslate_wall":572,"minecraft:spruce_button":1,"minecraft:dropper":203,"minecraft:white_carpet":5,"minecraft:spruce_log":352,"minecraft:birch_leaves":940,"minecraft:jungle_fence":2,"minecraft:quartz_pillar":94,"minecraft:red_wall_banner":1,"minecraft:dark_oak_sign":2,"minecraft:mycelium":3664,"minecraft:dripstone_block":30,"minecraft:acacia_planks":13,"minecraft:deepslate_emerald_ore":1,"minecraft:large_amethyst_bud":2,"minecraft:spruce_planks":133,"minecraft:cobbled_deepslate_stairs":17,"minecraft:jungle_slab":35,"minecraft:cobblestone_stairs":28,"minecraft:sculk_vein":118,"minecraft:cave_vines_plant":19,"minecraft:grass_block":3133,"minecraft:blue_concrete":184,"minecraft:soul_soil":127,"minecraft:sandstone_stairs":66,"minecraft:smooth_stone":23,"minecraft:raw_iron_block":4,"minecraft:glowstone":13,"minecraft:iron_ore":274,"minecraft:target":126,"minecraft:anvil":7,"minecraft:dark_oak_stairs":60,"minecraft:azure_bluet":1,"minecraft:birch_wall_sign":32,"minecraft:azalea_leaves":1125,"minecraft:end_stone_bricks":17,"minecraft:blackstone":2056,"minecraft:polished_deepslate_stairs":3,"minecraft:twisting_vines_plant":1,"minecraft:melon_stem":16,"minecraft:clay":435,"minecraft:dead_fire_coral_fan":1,"minecraft:calcite":244,"minecraft:poppy":133,"minecraft:chest":195,"minecraft:mushroom_stem":315,"minecraft:cobblestone":3426,"minecraft:slime_block":1230,"minecraft:grindstone":63,"minecraft:prismarine":5,"minecraft:iron_door":31,"minecraft:deepslate_copper_ore":10,"minecraft:seagrass":6,"minecraft:dark_oak_door":11,"minecraft:nether_wart_block":158,"minecraft:yellow_wool":64,"minecraft:birch_log":1551,"minecraft:birch_trapdoor":1,"minecraft:activator_rail":11,"minecraft:purpur_block":25,"minecraft:diorite_wall":5,"minecraft:sand":4410,"minecraft:crimson_planks":34,"minecraft:tripwire_hook":14,"minecraft:netherrack":89127,"minecraft:polished_deepslate_wall":41,"minecraft:oak_leaves":2092,"minecraft:horn_coral_block":2,"minecraft:redstone_lamp":63,"minecraft:emerald_block":358,"minecraft:nether_gold_ore":787,"minecraft:tuff":3549,"minecraft:red_carpet":2,"minecraft:deepslate_diamond_ore":785,"minecraft:gray_shulker_box":78,"minecraft:gray_stained_glass_pane":7,"minecraft:dark_oak_pressure_plate":5,"minecraft:weeping_vines":4,"minecraft:white_stained_glass":2,"minecraft:polished_andesite_slab":20,"minecraft:sandstone":251,"minecraft:rooted_dirt":244,"minecraft:large_fern":1,"minecraft:deepslate_brick_slab":251,"minecraft:spore_blossom":3,"minecraft:oak_trapdoor":14,"minecraft:furnace":43,"minecraft:dark_oak_fence_gate":4,"minecraft:stripped_spruce_log":21,"minecraft:bell":46,"minecraft:polished_deepslate":615,"minecraft:lantern":12,"minecraft:stripped_jungle_log":36,"minecraft:packed_ice":555,"minecraft:chorus_plant":44,"minecraft:stone":68715,"minecraft:redstone_wall_torch":179,"minecraft:podzol":164,"minecraft:flowering_azalea":136,"minecraft:red_wool":86,"minecraft:cut_copper_stairs":4,"minecraft:soul_torch":2,"minecraft:spruce_door":14,"minecraft:crafting_table":148,"minecraft:blackstone_slab":19,"minecraft:oak_wood":10,"minecraft:rose_bush":10,"minecraft:sculk_sensor":154,"minecraft:lectern":214,"minecraft:lapis_ore":61,"minecraft:lily_pad":3,"minecraft:sculk":748,"minecraft:blue_bed":2,"minecraft:spruce_stairs":218,"minecraft:cactus":15,"minecraft:green_shulker_box":17,"minecraft:beehive":3,"minecraft:redstone_torch":235,"minecraft:sweet_berry_bush":121,"minecraft:coal_ore":1774,"minecraft:end_rod":5,"minecraft:bubble_coral_wall_fan":16,"minecraft:crimson_wall_sign":5,"minecraft:polished_andesite":265,"minecraft:acacia_wall_sign":1,"minecraft:birch_fence":8},"minecraft:picked_up":{"minecraft:suspicious_stew":1,"minecraft:lead":140,"minecraft:smithing_table":9,"minecraft:stone_slab":112,"minecraft:enchanted_book":11,"minecraft:blue_concrete":180,"minecraft:music_disc_cat":1,"minecraft:polished_deepslate":588,"minecraft:string":239,"minecraft:dark_oak_pressure_plate":5,"minecraft:pufferfish":75,"minecraft:shroomlight":56,"minecraft:sculk_shrieker":25,"minecraft:diamond_leggings":4,"minecraft:dead_bubble_coral_fan":8,"minecraft:horn_coral_block":1,"minecraft:bubble_coral":2,"minecraft:crimson_sign":7,"minecraft:jukebox":7,"minecraft:purpur_pillar":42,"minecraft:acacia_log":2,"minecraft:cut_copper_stairs":4,"minecraft:lightning_rod":2,"minecraft:end_crystal":12,"minecraft:gray_shulker_box":78,"minecraft:golden_chestplate":2,"minecraft:cauldron":1,"minecraft:brown_carpet":1,"minecraft:orange_bed":3,"minecraft:stone_sword":1,"minecraft:lime_carpet":2,"minecraft:horn_coral_fan":16,"minecraft:honey_bottle":31,"minecraft:polished_basalt":253,"minecraft:carved_pumpkin":132,"minecraft:red_tulip":3,"minecraft:glowstone":2,"minecraft:bookshelf":28,"minecraft:end_rod":5,"minecraft:white_terracotta":3,"minecraft:blaze_rod":5,"minecraft:iron_bars":44,"minecraft:snowball":37,"minecraft:feather":560,"minecraft:cooked_beef":672,"minecraft:water_bucket":19,"minecraft:brown_wool":6,"minecraft:dark_oak_boat":157,"minecraft:copper_block":14,"minecraft:flint":780,"minecraft:lantern":32,"minecraft:purple_carpet":4,"minecraft:large_amethyst_bud":1,"minecraft:stonecutter":7,"minecraft:dark_oak_sign":46,"minecraft:diamond_helmet":5,"minecraft:honeycomb":123,"minecraft:glow_lichen":4,"minecraft:stripped_crimson_stem":1,"minecraft:birch_fence_gate":3,"minecraft:stripped_spruce_log":21,"minecraft:brown_mushroom_block":927,"minecraft:dead_fire_coral_fan":6,"minecraft:polished_andesite":236,"minecraft:deepslate":6144,"minecraft:lever":79,"minecraft:granite":1386,"minecraft:spruce_button":1,"minecraft:golden_horse_armor":1,"minecraft:rooted_dirt":241,"minecraft:deepslate_coal_ore":1,"minecraft:jack_o_lantern":20,"minecraft:crimson_roots":59,"minecraft:diamond_pickaxe":23,"minecraft:bee_nest":4,"minecraft:clay_ball":2274,"minecraft:leather_leggings":5,"minecraft:redstone_lamp":66,"minecraft:dragon_head":4,"minecraft:purpur_block":27,"minecraft:heavy_weighted_pressure_plate":1,"minecraft:elytra":23,"minecraft:flint_and_steel":13,"minecraft:white_stained_glass":2,"minecraft:white_carpet":10,"minecraft:iron_shovel":2,"minecraft:glass_pane":70,"minecraft:netherite_sword":28,"minecraft:jungle_sapling":9,"minecraft:poppy":207,"minecraft:spruce_slab":273,"minecraft:minecart":123,"minecraft:birch_sapling":232,"minecraft:piston":515,"minecraft:diamond_hoe":5,"minecraft:copper_ore":313,"minecraft:lime_shulker_box":1,"minecraft:stone":19333,"minecraft:white_dye":11,"minecraft:netherite_pickaxe":62,"minecraft:jungle_sign":8,"minecraft:stone_shovel":63,"minecraft:diamond_chestplate":7,"minecraft:purpur_slab":1,"minecraft:hay_block":36,"minecraft:yellow_terracotta":1,"minecraft:totem_of_undying":19,"minecraft:polished_blackstone":132,"minecraft:mutton":7,"minecraft:bone_block":357,"minecraft:rail":310,"minecraft:birch_leaves":126,"minecraft:clock":1,"minecraft:tripwire_hook":28,"minecraft:blackstone_slab":23,"minecraft:jungle_fence":2,"minecraft:lily_pad":61,"minecraft:sculk_vein":146,"minecraft:paper":371,"minecraft:apple":138,"minecraft:warped_stem":63,"minecraft:spore_blossom":3,"minecraft:stone_pickaxe":2,"minecraft:iron_ore":35,"minecraft:dark_oak_stairs":73,"minecraft:polished_andesite_stairs":85,"minecraft:smooth_basalt":169,"minecraft:milk_bucket":1,"minecraft:sweet_berries":2113,"minecraft:lime_concrete":251,"minecraft:red_wool":85,"minecraft:crying_obsidian":1,"minecraft:leather_helmet":4,"minecraft:oak_wood":10,"minecraft:diamond_shovel":7,"minecraft:coal_ore":445,"minecraft:slime_ball":173,"minecraft:deepslate_redstone_ore":551,"minecraft:painting":12,"minecraft:birch_sign":91,"minecraft:baked_potato":74,"minecraft:smooth_quartz_slab":22,"minecraft:hopper":873,"minecraft:light_blue_concrete":8,"minecraft:ender_chest":367,"minecraft:yellow_wool":63,"minecraft:stone_brick_stairs":42,"minecraft:deepslate_lapis_ore":92,"minecraft:smooth_stone":16,"minecraft:comparator":258,"minecraft:bucket":14,"minecraft:white_tulip":30,"minecraft:red_dye":88,"minecraft:rose_bush":10,"minecraft:cobblestone_slab":572,"minecraft:iron_pickaxe":1,"minecraft:ender_eye":2,"minecraft:azalea":324,"minecraft:wooden_shovel":33,"minecraft:smooth_quartz":155,"minecraft:smooth_quartz_stairs":1,"minecraft:deepslate_iron_ore":24,"minecraft:blue_wool":1,"minecraft:birch_trapdoor":1,"minecraft:polished_deepslate_stairs":3,"minecraft:spruce_stairs":256,"minecraft:crimson_button":2,"minecraft:netherite_shovel":13,"minecraft:diorite":1504,"minecraft:vine":82,"minecraft:rotten_flesh":770,"minecraft:brown_shulker_box":51,"minecraft:chorus_flower":10,"minecraft:deepslate_brick_stairs":103,"minecraft:obsidian":2779,"minecraft:blaze_powder":12,"minecraft:cobblestone":22814,"minecraft:enchanting_table":3,"minecraft:leather_chestplate":6,"minecraft:repeater":638,"minecraft:andesite":2079,"minecraft:golden_leggings":7,"minecraft:beacon":4,"minecraft:potato":309,"minecraft:prismarine_bricks":1,"minecraft:stripped_birch_log":99,"minecraft:dirt":14114,"minecraft:name_tag":5,"minecraft:glass":287,"minecraft:bone":359,"minecraft:acacia_planks":11,"minecraft:bow":46,"minecraft:orange_tulip":95,"minecraft:wheat_seeds":6452,"minecraft:grindstone":66,"minecraft:netherite_axe":1,"minecraft:mossy_stone_bricks":1,"minecraft:fletching_table":1,"minecraft:bamboo":876,"minecraft:prismarine":5,"minecraft:diorite_wall":5,"minecraft:melon":188,"minecraft:grass_block":887,"minecraft:diamond_block":39,"minecraft:jungle_slab":35,"minecraft:mossy_cobblestone":184,"minecraft:jungle_leaves":9,"minecraft:sugar":43,"minecraft:slime_block":1324,"minecraft:netherite_helmet":7,"minecraft:crossbow":31,"minecraft:bone_meal":375,"minecraft:grass":6,"minecraft:spruce_sign":14,"minecraft:emerald":828,"minecraft:chorus_fruit":477,"minecraft:netherrack":50155,"minecraft:oak_leaves":180,"minecraft:azure_bluet":2,"minecraft:splash_potion":1,"minecraft:ladder":155,"minecraft:brown_mushroom":351,"minecraft:packed_ice":590,"minecraft:stone_brick_wall":10,"minecraft:pink_wool":2,"minecraft:chain":2,"minecraft:shield":5,"minecraft:brick":1,"minecraft:moss_carpet":658,"minecraft:oak_trapdoor":13,"minecraft:mycelium":2977,"minecraft:birch_fence":10,"minecraft:blackstone":2091,"minecraft:end_stone":1471,"minecraft:flowering_azalea_leaves":268,"minecraft:note_block":82,"minecraft:cookie":8,"minecraft:music_disc_11":1,"minecraft:trident":11,"minecraft:stone_pressure_plate":82,"minecraft:weeping_vines":15,"minecraft:red_shulker_box":457,"minecraft:pumpkin_pie":27,"minecraft:nether_bricks":6,"minecraft:black_banner":16,"minecraft:netherite_boots":10,"minecraft:purple_dye":1,"minecraft:jungle_boat":170,"minecraft:dark_oak_button":4,"minecraft:basalt":3544,"minecraft:golden_carrot":1026,"minecraft:leather":265,"minecraft:ice":62,"minecraft:crimson_fungus":28,"minecraft:gunpowder":1310,"minecraft:cobbled_deepslate_stairs":20,"minecraft:cobblestone_wall":398,"minecraft:orange_terracotta":94,"minecraft:cooked_mutton":4,"minecraft:red_carpet":4,"minecraft:gray_carpet":4,"minecraft:acacia_trapdoor":10,"minecraft:deepslate_emerald_ore":1,"minecraft:iron_ingot":238,"minecraft:cooked_chicken":137,"minecraft:polished_andesite_slab":21,"minecraft:verdant_froglight":34,"minecraft:sculk_catalyst":16,"minecraft:warped_fungus":16,"minecraft:nether_quartz_ore":2500,"minecraft:emerald_block":358,"minecraft:stone_brick_slab":33,"minecraft:quartz":1596,"minecraft:dandelion":90,"minecraft:amethyst_shard":245,"minecraft:red_banner":3,"minecraft:green_stained_glass":11,"minecraft:soul_torch":2,"minecraft:nether_brick_slab":6,"minecraft:spruce_door":39,"minecraft:pumpkin_seeds":761,"minecraft:sculk_sensor":148,"minecraft:white_concrete_powder":21,"minecraft:mossy_cobblestone_stairs":3,"minecraft:damaged_anvil":2,"minecraft:sunflower":4,"minecraft:seagrass":26,"minecraft:iron_chestplate":4,"minecraft:chainmail_boots":2,"minecraft:flower_pot":2,"minecraft:anvil":9,"minecraft:diamond_sword":47,"minecraft:wither_rose":1,"minecraft:birch_button":4,"minecraft:brewing_stand":5,"minecraft:polished_deepslate_wall":46,"minecraft:amethyst_block":186,"minecraft:dark_oak_trapdoor":58,"minecraft:soul_soil":92,"minecraft:gold_nugget":806,"minecraft:cobbled_deepslate":73471,"minecraft:spruce_planks":166,"minecraft:acacia_sign":6,"minecraft:written_book":62,"minecraft:azalea_leaves":1125,"minecraft:melon_slice":441,"minecraft:dark_oak_door":30,"minecraft:golden_helmet":1,"minecraft:beehive":5,"minecraft:crimson_pressure_plate":3,"minecraft:composter":45,"minecraft:pink_carpet":8,"minecraft:warped_planks":38,"minecraft:deepslate_tile_stairs":34,"minecraft:black_dye":40,"minecraft:gray_stained_glass_pane":7,"minecraft:light_blue_wool":114,"minecraft:tropical_fish":19,"minecraft:iron_block":171,"minecraft:netherite_chestplate":2,"minecraft:birch_log":1621,"minecraft:mossy_cobblestone_slab":12,"minecraft:magma_block":1098,"minecraft:birch_slab":11,"minecraft:iron_door":38,"minecraft:jungle_log":255,"minecraft:smoker":8,"minecraft:netherite_leggings":9,"minecraft:gray_concrete":25,"minecraft:twisting_vines":6,"minecraft:chipped_anvil":8,"minecraft:glowstone_dust":58,"minecraft:moss_block":1260,"minecraft:warped_wart_block":420,"minecraft:dropper":212,"minecraft:ink_sac":342,"minecraft:loom":3,"minecraft:dark_oak_log":3550,"minecraft:barrel":40,"minecraft:quartz_bricks":6,"minecraft:dispenser":80,"minecraft:green_concrete":94,"minecraft:writable_book":7,"minecraft:deepslate_gold_ore":204,"minecraft:blue_ice":8,"minecraft:bread":238,"minecraft:dark_oak_fence":11,"minecraft:bricks":32,"minecraft:spruce_leaves":18,"minecraft:crafting_table":172,"minecraft:coarse_dirt":174,"minecraft:sandstone_slab":2,"minecraft:bubble_coral_fan":18,"minecraft:nether_wart":637,"minecraft:orange_stained_glass_pane":28,"minecraft:crimson_trapdoor":4,"minecraft:dead_horn_coral_block":1,"minecraft:jungle_trapdoor":9,"minecraft:snow":5,"minecraft:compass":2,"minecraft:deepslate_diamond_ore":351,"minecraft:music_disc_otherside":9,"minecraft:beef":473,"minecraft:iron_nugget":6372,"minecraft:quartz_stairs":28,"minecraft:chest":248,"minecraft:egg":2195,"minecraft:sandstone":326,"minecraft:polished_deepslate_slab":147,"minecraft:amethyst_cluster":1,"minecraft:spruce_fence":103,"minecraft:carrot":6,"minecraft:redstone":7038,"minecraft:mushroom_stem":284,"minecraft:prismarine_crystals":5,"minecraft:blue_carpet":2,"minecraft:tnt":122,"minecraft:cooked_cod":103,"minecraft:beetroot_seeds":34,"minecraft:peony":31,"minecraft:tube_coral_fan":26,"minecraft:diamond_boots":3,"minecraft:shears":17,"minecraft:deepslate_bricks":925,"minecraft:cut_copper":5,"minecraft:sandstone_stairs":68,"minecraft:gold_ingot":4,"minecraft:white_shulker_box":21,"minecraft:glow_berries":52,"minecraft:white_wool":490,"minecraft:crimson_slab":2,"minecraft:stripped_oak_log":142,"minecraft:lapis_ore":7,"minecraft:red_mushroom_block":1701,"minecraft:red_mushroom":140,"minecraft:filled_map":16,"minecraft:oak_log":1239,"minecraft:ancient_debris":379,"minecraft:golden_boots":5,"minecraft:blue_bed":2,"minecraft:white_banner":55,"minecraft:stone_bricks":534,"minecraft:kelp":1343,"minecraft:cobweb":16,"minecraft:glass_bottle":441,"minecraft:iron_sword":3,"minecraft:flowering_azalea":145,"minecraft:dark_oak_slab":132,"minecraft:daylight_detector":1,"minecraft:sculk":620,"minecraft:spyglass":3,"minecraft:gravel":6426,"minecraft:birch_stairs":1,"minecraft:spruce_sapling":110,"minecraft:spruce_log":381,"minecraft:sea_lantern":7,"minecraft:firework_rocket":1989,"minecraft:stone_axe":15,"minecraft:polished_diorite":31,"minecraft:light_blue_carpet":13,"minecraft:diamond_axe":25,"minecraft:gray_wool":10,"minecraft:warped_roots":127,"minecraft:crimson_nylium":151,"minecraft:melon_seeds":31,"minecraft:warped_nylium":170,"minecraft:stripped_dark_oak_log":182,"minecraft:pink_dye":3,"minecraft:ender_pearl":2339,"minecraft:shulker_shell":241,"minecraft:wheat":1765,"minecraft:exposed_copper":1,"minecraft:redstone_block":400,"minecraft:iron_trapdoor":20,"minecraft:light_gray_shulker_box":3,"minecraft:green_stained_glass_pane":110,"minecraft:potion":28,"minecraft:turtle_egg":3,"minecraft:nether_brick":2,"minecraft:crimson_planks":82,"minecraft:cod_bucket":13,"minecraft:raw_copper":1756,"minecraft:smooth_stone_slab":216,"minecraft:iron_leggings":4,"minecraft:sticky_piston":370,"minecraft:armor_stand":13,"minecraft:pink_shulker_box":80,"minecraft:oak_sign":29,"minecraft:activator_rail":12,"minecraft:deepslate_tiles":2613,"minecraft:dark_oak_leaves":254,"minecraft:redstone_torch":546,"minecraft:calcite":242,"minecraft:deepslate_tile_wall":10,"minecraft:iron_boots":1,"minecraft:furnace":55,"minecraft:stick":869,"minecraft:orange_shulker_box":12,"minecraft:deepslate_brick_wall":1,"minecraft:oak_fence":37,"minecraft:torch":1198,"minecraft:porkchop":4,"minecraft:dried_kelp":159,"minecraft:target":142,"minecraft:dead_brain_coral_fan":48,"minecraft:music_disc_pigstep":5,"minecraft:pointed_dripstone":9,"minecraft:quartz_block":194,"minecraft:nether_gold_ore":589,"minecraft:cactus":52,"minecraft:fire_coral_fan":35,"minecraft:cod":269,"minecraft:magma_cream":40,"minecraft:tuff":11413,"minecraft:light_gray_dye":2,"minecraft:warped_trapdoor":2,"minecraft:acacia_boat":3,"minecraft:green_shulker_box":17,"minecraft:lapis_lazuli":1400,"minecraft:polished_granite":6,"minecraft:leather_boots":12,"minecraft:cobbled_deepslate_wall":763,"minecraft:bell":128,"minecraft:deepslate_brick_slab":295,"minecraft:raw_gold":541,"minecraft:cobbled_deepslate_slab":355,"minecraft:powered_rail":134,"minecraft:oak_planks":235,"minecraft:stone_hoe":4,"minecraft:brain_coral":5,"minecraft:ghast_tear":3,"minecraft:pink_concrete":1,"minecraft:cooked_porkchop":4,"minecraft:sand":4560,"minecraft:axolotl_bucket":1,"minecraft:poisonous_potato":12,"minecraft:jungle_planks":161,"minecraft:shulker_box":1690,"minecraft:orange_wool":109,"minecraft:clay":11,"minecraft:diamond":1466,"minecraft:spruce_boat":10,"minecraft:white_concrete":177,"minecraft:oak_sapling":339,"minecraft:end_stone_bricks":14,"minecraft:fishing_rod":7,"minecraft:charcoal":113,"minecraft:chicken":334,"minecraft:wooden_pickaxe":1,"minecraft:stone_stairs":8,"minecraft:iron_axe":8,"minecraft:wooden_sword":1,"minecraft:quartz_slab":15,"minecraft:item_frame":34,"minecraft:detector_rail":99,"minecraft:oak_boat":52,"minecraft:player_head":204,"minecraft:observer":1100,"minecraft:light_gray_wool":3,"minecraft:lectern":215,"minecraft:blue_shulker_box":603,"minecraft:sugar_cane":1120,"minecraft:phantom_membrane":106,"minecraft:spruce_trapdoor":123,"minecraft:dark_oak_sapling":514,"minecraft:raw_iron":708,"minecraft:copper_ingot":19,"minecraft:bowl":14,"minecraft:quartz_pillar":94,"minecraft:stone_button":29,"minecraft:dark_oak_planks":1262,"minecraft:arrow":726,"minecraft:crimson_stem":107,"minecraft:glow_ink_sac":18,"minecraft:salmon":96,"minecraft:birch_planks":385,"minecraft:mushroom_stew":1,"minecraft:nether_wart_block":153,"minecraft:cobblestone_stairs":28,"minecraft:deepslate_tile_slab":8,"minecraft:wooden_hoe":2,"minecraft:cut_copper_slab":1,"minecraft:podzol":290,"minecraft:soul_sand":535,"minecraft:purple_concrete":1,"minecraft:green_dye":6,"minecraft:book":277,"minecraft:oak_slab":1,"minecraft:scaffolding":853,"minecraft:birch_boat":99,"minecraft:red_concrete_powder":112,"minecraft:pumpkin":370,"minecraft:chiseled_stone_bricks":18,"minecraft:dripstone_block":22,"minecraft:raw_iron_block":4,"minecraft:brain_coral_fan":89,"minecraft:blast_furnace":11,"minecraft:white_bed":20,"minecraft:dark_oak_fence_gate":4,"minecraft:spider_eye":170,"minecraft:stripped_jungle_log":35,"minecraft:cyan_banner":1,"minecraft:dried_kelp_block":16,"minecraft:campfire":75,"minecraft:honey_block":289,"minecraft:iron_helmet":5,"minecraft:black_wool":2,"minecraft:red_concrete":4,"minecraft:coal":2098},"minecraft:dropped":{"minecraft:lapis_lazuli":5,"minecraft:chorus_fruit":20,"minecraft:glass_bottle":37,"minecraft:diamond":599,"minecraft:crafting_table":5,"minecraft:cooked_porkchop":1,"minecraft:weeping_vines":67,"minecraft:glow_berries":2,"minecraft:warped_roots":433,"minecraft:emerald":40,"minecraft:dark_oak_trapdoor":1,"minecraft:netherite_boots":1,"minecraft:writable_book":14,"minecraft:gold_nugget":48,"minecraft:sand":273,"minecraft:dark_oak_planks":100,"minecraft:fishing_rod":1,"minecraft:white_wool":1,"minecraft:stone_axe":36,"minecraft:diamond_block":78,"minecraft:ancient_debris":2,"minecraft:lever":13,"minecraft:iron_nugget":93,"minecraft:cooked_chicken":4,"minecraft:cobbled_deepslate":4194,"minecraft:netherite_sword":18,"minecraft:wheat":63,"minecraft:obsidian":124,"minecraft:rotten_flesh":182,"minecraft:pink_carpet":4,"minecraft:oak_planks":77,"minecraft:azure_bluet":32,"minecraft:warped_planks":2,"minecraft:azalea_leaves":184,"minecraft:coal_ore":3,"minecraft:quartz_block":15,"minecraft:leather_boots":1,"minecraft:beef":322,"minecraft:glass":48,"minecraft:warped_wart_block":513,"minecraft:stone_brick_stairs":4,"minecraft:golden_boots":2,"minecraft:black_dye":8,"minecraft:wheat_seeds":122,"minecraft:deepslate_redstone_ore":128,"minecraft:cobbled_deepslate_wall":30,"minecraft:book":3,"minecraft:mushroom_stew":1,"minecraft:warped_trapdoor":5,"minecraft:dark_oak_leaves":8,"minecraft:lapis_ore":3,"minecraft:potion":4,"minecraft:stripped_birch_log":15,"minecraft:white_banner":12,"minecraft:pumpkin":3,"minecraft:smooth_stone":2,"minecraft:blue_carpet":1,"minecraft:stone_brick_slab":4,"minecraft:soul_soil":11,"minecraft:player_head":9,"minecraft:sticky_piston":10,"minecraft:stone_shovel":7,"minecraft:clay_ball":4,"minecraft:iron_boots":1,"minecraft:name_tag":7,"minecraft:cobbled_deepslate_slab":68,"minecraft:oak_sign":4,"minecraft:shears":3,"minecraft:diamond_sword":34,"minecraft:spruce_boat":1,"minecraft:spruce_trapdoor":3,"minecraft:spruce_planks":17,"minecraft:diamond_pickaxe":15,"minecraft:light_blue_carpet":2,"minecraft:pink_shulker_box":1,"minecraft:redstone_torch":7,"minecraft:stone_bricks":81,"minecraft:bamboo":177,"minecraft:sandstone":1,"minecraft:bow":10,"minecraft:soul_sand":108,"minecraft:moss_block":33,"minecraft:warped_fungus":4,"minecraft:oak_log":49,"minecraft:ender_pearl":190,"minecraft:leather":137,"minecraft:honeycomb":2,"minecraft:birch_slab":1,"minecraft:cod":93,"minecraft:redstone_lamp":6,"minecraft:dark_oak_log":53,"minecraft:axolotl_bucket":1,"minecraft:purpur_block":9,"minecraft:spyglass":1,"minecraft:mycelium":157,"minecraft:mushroom_stem":5,"minecraft:leather_chestplate":1,"minecraft:trident":3,"minecraft:dropper":3,"minecraft:iron_ore":2,"minecraft:birch_button":2,"minecraft:scaffolding":61,"minecraft:splash_potion":3,"minecraft:purple_carpet":2,"minecraft:stone_hoe":1,"minecraft:bread":962,"minecraft:tropical_fish":7,"minecraft:iron_block":5,"minecraft:nether_wart_block":6,"minecraft:melon_slice":8,"minecraft:iron_door":4,"minecraft:polished_deepslate":7,"minecraft:polished_diorite":4,"minecraft:kelp":30,"minecraft:sweet_berries":67,"minecraft:totem_of_undying":18,"minecraft:shulker_box":19,"minecraft:netherite_leggings":1,"minecraft:flint_and_steel":2,"minecraft:copper_ore":15,"minecraft:deepslate_bricks":5,"minecraft:andesite":356,"minecraft:oak_sapling":3,"minecraft:birch_sign":20,"minecraft:spruce_log":7,"minecraft:wooden_pickaxe":2,"minecraft:magma_cream":10,"minecraft:crimson_stem":76,"minecraft:piston":1,"minecraft:cooked_beef":424,"minecraft:sandstone_stairs":2,"minecraft:crossbow":5,"minecraft:cookie":21,"minecraft:elytra":4,"minecraft:rail":1,"minecraft:melon":2,"minecraft:dirt":437,"minecraft:stone_button":1,"minecraft:wooden_sword":2,"minecraft:bone_block":10,"minecraft:bone_meal":1,"minecraft:phantom_membrane":25,"minecraft:sugar":2,"minecraft:iron_pickaxe":1,"minecraft:dark_oak_boat":6,"minecraft:end_crystal":10,"minecraft:bone":97,"minecraft:sugar_cane":3,"minecraft:detector_rail":4,"minecraft:netherite_shovel":2,"minecraft:end_stone":822,"minecraft:salmon":32,"minecraft:deepslate_tiles":44,"minecraft:hopper":1,"minecraft:cod_bucket":1,"minecraft:ladder":2,"minecraft:end_stone_bricks":4,"minecraft:egg":518,"minecraft:enchanted_book":9,"minecraft:crimson_planks":12,"minecraft:iron_ingot":89,"minecraft:netherite_pickaxe":34,"minecraft:birch_leaves":1,"minecraft:cobbled_deepslate_stairs":1,"minecraft:deepslate_diamond_ore":3,"minecraft:netherite_helmet":1,"minecraft:feather":98,"minecraft:purpur_slab":1,"minecraft:cobblestone":1935,"minecraft:apple":3,"minecraft:granite":246,"minecraft:stripped_jungle_log":1,"minecraft:coal":22,"minecraft:polished_andesite":5,"minecraft:oxeye_daisy":32,"minecraft:golden_carrot":512,"minecraft:lime_carpet":1,"minecraft:diamond_helmet":3,"minecraft:dried_kelp":65,"minecraft:paper":18,"minecraft:string":30,"minecraft:pink_tulip":32,"minecraft:purpur_pillar":4,"minecraft:furnace":1,"minecraft:moss_carpet":43,"minecraft:soul_torch":2,"minecraft:cobblestone_wall":108,"minecraft:stone_sword":1,"minecraft:dark_oak_sign":1,"minecraft:deepslate":679,"minecraft:smooth_stone_slab":6,"minecraft:bowl":3,"minecraft:diamond_hoe":1,"minecraft:polished_deepslate_slab":8,"minecraft:slime_block":50,"minecraft:pumpkin_seeds":4,"minecraft:target":20,"minecraft:cobblestone_slab":23,"minecraft:stone":1847,"minecraft:wooden_shovel":4,"minecraft:spider_eye":36,"minecraft:birch_boat":6,"minecraft:blue_orchid":15,"minecraft:bell":5,"minecraft:brown_mushroom":8,"minecraft:birch_planks":227,"minecraft:diamond_axe":12,"minecraft:baked_potato":3,"minecraft:lime_shulker_box":1,"minecraft:lantern":4,"minecraft:deepslate_tile_wall":1,"minecraft:flint":119,"minecraft:netherite_scrap":4,"minecraft:cornflower":32,"minecraft:crimson_roots":68,"minecraft:cooked_cod":97,"minecraft:pumpkin_pie":75,"minecraft:amethyst_shard":1,"minecraft:birch_log":34,"minecraft:gravel":2292,"minecraft:white_tulip":32,"minecraft:blackstone":336,"minecraft:diamond_shovel":3,"minecraft:poppy":34,"minecraft:chiseled_stone_bricks":2,"minecraft:shulker_shell":103,"minecraft:gunpowder":198,"minecraft:chest":31,"minecraft:arrow":56,"minecraft:basalt":711,"minecraft:gray_shulker_box":1,"minecraft:quartz":6,"minecraft:written_book":9,"minecraft:oak_leaves":3,"minecraft:netherrack":15698,"minecraft:firework_rocket":468,"minecraft:water_bucket":2,"minecraft:red_concrete_powder":128,"minecraft:deepslate_iron_ore":5,"minecraft:diamond_leggings":2,"minecraft:poisonous_potato":19,"minecraft:lead":9,"minecraft:observer":22,"minecraft:grass_block":41,"minecraft:stick":205,"minecraft:deepslate_brick_stairs":1,"minecraft:diorite":209,"minecraft:nether_gold_ore":5,"minecraft:torch":214,"minecraft:iron_axe":5,"minecraft:bucket":2,"minecraft:redstone":114,"minecraft:ender_chest":5,"minecraft:nether_wart":64,"minecraft:blaze_rod":1,"minecraft:tuff":3621,"minecraft:raw_iron":32,"minecraft:filled_map":5,"minecraft:shield":1,"minecraft:diamond_chestplate":3,"minecraft:oak_boat":1,"minecraft:diamond_boots":1,"minecraft:slime_ball":50,"minecraft:stone_pickaxe":1,"minecraft:raw_gold":31,"minecraft:nether_quartz_ore":7}},"DataVersion":3120}