{"stats":{"minecraft:dropped":{"minecraft:rotten_flesh":5},"minecraft:mined":{"minecraft:white_bed":1,"minecraft:deepslate_diamond_ore":10,"minecraft:crafting_table":4,"minecraft:granite":10,"minecraft:grass_block":2,"minecraft:cobblestone":1,"minecraft:deepslate_gold_ore":5,"minecraft:diorite":2,"minecraft:furnace":2,"minecraft:carrots":7,"minecraft:birch_log":5,"minecraft:iron_ore":20,"minecraft:wheat":50,"minecraft:sweet_berry_bush":6,"minecraft:andesite":8,"minecraft:moss_carpet":1,"minecraft:mycelium":1,"minecraft:potatoes":29,"minecraft:coal_ore":48,"minecraft:deepslate_iron_ore":20,"minecraft:gravel":7,"minecraft:dirt":11,"minecraft:birch_sign":1,"minecraft:stone":116,"minecraft:deepslate":66},"minecraft:used":{"minecraft:wheat_seeds":50,"minecraft:moss_carpet":1,"minecraft:stone_sword":67,"minecraft:stone_pickaxe":200,"minecraft:baked_potato":40,"minecraft:spruce_planks":3,"minecraft:chest":1,"minecraft:wooden_pickaxe":21,"minecraft:iron_sword":1,"minecraft:player_head":1,"minecraft:dirt":10,"minecraft:crafting_table":3,"minecraft:birch_sign":2,"minecraft:carrot":7,"minecraft:white_bed":1,"minecraft:spruce_boat":1,"minecraft:bread":8,"minecraft:iron_pickaxe":108,"minecraft:diamond_chestplate":1,"minecraft:stone_axe":14,"minecraft:cobblestone":18,"minecraft:beef":2,"minecraft:sweet_berries":103,"minecraft:furnace":2,"minecraft:potato":29,"minecraft:cobbled_deepslate":36},"minecraft:killed":{"minecraft:skeleton":2,"minecraft:zombie":5,"minecraft:mooshroom":5},"minecraft:crafted":{"minecraft:crafting_table":1,"minecraft:wooden_pickaxe":1,"minecraft:baked_potato":71,"minecraft:iron_sword":1,"minecraft:furnace":1,"minecraft:birch_planks":28,"minecraft:stone_axe":2,"minecraft:bread":8,"minecraft:air":0,"minecraft:stick":44,"minecraft:iron_ingot":19,"minecraft:iron_pickaxe":1,"minecraft:stone_pickaxe":2,"minecraft:stone_sword":2,"minecraft:iron_leggings":1,"minecraft:spruce_boat":1,"minecraft:birch_sign":3,"minecraft:diamond_chestplate":1},"minecraft:custom":{"minecraft:interact_with_smithing_table":1,"minecraft:interact_with_furnace":35,"minecraft:mob_kills":12,"minecraft:interact_with_crafting_table":21,"minecraft:open_barrel":38,"minecraft:bell_ring":7,"minecraft:leave_game":3,"minecraft:time_since_death":3176,"minecraft:sleep_in_bed":4,"minecraft:climb_one_cm":1889,"minecraft:time_since_rest":3196,"minecraft:sprint_one_cm":256551,"minecraft:open_enderchest":3,"minecraft:damage_taken":4920,"minecraft:walk_one_cm":249086,"minecraft:drop":5,"minecraft:damage_dealt":2873,"minecraft:swim_one_cm":7294,"minecraft:fly_one_cm":371278,"minecraft:open_chest":45,"minecraft:crouch_one_cm":27176,"minecraft:play_time":143101,"minecraft:deaths":8,"minecraft:sneak_time":11771,"minecraft:walk_under_water_one_cm":31517,"minecraft:boat_one_cm":414907,"minecraft:jump":1887,"minecraft:interact_with_blast_furnace":11,"minecraft:walk_on_water_one_cm":10729,"minecraft:interact_with_smoker":3,"minecraft:total_world_time":143101,"minecraft:fall_one_cm":72213},"minecraft:killed_by":{"minecraft:player":3,"minecraft:skeleton":1,"minecraft:drowned":1},"minecraft:picked_up":{"minecraft:birch_log":13,"minecraft:iron_chestplate":1,"minecraft:crafting_table":7,"minecraft:wheat":45,"minecraft:andesite":6,"minecraft:leather":4,"minecraft:wooden_pickaxe":3,"minecraft:potato":78,"minecraft:birch_planks":4,"minecraft:flint":3,"minecraft:tuff":1,"minecraft:dirt":55,"minecraft:moss_carpet":1,"minecraft:iron_leggings":1,"minecraft:bone":1,"minecraft:wheat_seeds":182,"minecraft:cobbled_deepslate":101,"minecraft:raw_gold":5,"minecraft:iron_ingot":1,"minecraft:spruce_planks":28,"minecraft:beef":11,"minecraft:stone_pickaxe":4,"minecraft:oak_boat":1,"minecraft:player_head":2,"minecraft:iron_pickaxe":1,"minecraft:phantom_membrane":1,"minecraft:furnace":3,"minecraft:stick":3,"minecraft:raw_iron":42,"minecraft:sweet_berries":189,"minecraft:poisonous_potato":1,"minecraft:gravel":15,"minecraft:white_bed":1,"minecraft:diorite":2,"minecraft:carrot":67,"minecraft:stone_sword":5,"minecraft:arrow":3,"minecraft:rotten_flesh":17,"minecraft:diamond":10,"minecraft:stone_axe":5,"minecraft:granite":9,"minecraft:birch_sign":5,"minecraft:bread":2,"minecraft:baked_potato":346,"minecraft:coal":125,"minecraft:cobblestone":139}},"DataVersion":2865}