{"stats":{"minecraft:mined":{"minecraft:dirt":8},"minecraft:custom":{"minecraft:time_since_rest":1822,"minecraft:open_chest":1,"minecraft:crouch_one_cm":461,"minecraft:play_time":34447,"minecraft:sprint_one_cm":84300,"minecraft:deaths":2,"minecraft:damage_taken":800,"minecraft:walk_one_cm":73735,"minecraft:sneak_time":285,"minecraft:walk_under_water_one_cm":9810,"minecraft:boat_one_cm":131718,"minecraft:interact_with_lectern":1,"minecraft:jump":665,"minecraft:leave_game":2,"minecraft:time_since_death":1802,"minecraft:walk_on_water_one_cm":8122,"minecraft:climb_one_cm":3788,"minecraft:total_world_time":34447,"minecraft:swim_one_cm":51021,"minecraft:fall_one_cm":18416,"minecraft:fly_one_cm":136612},"minecraft:used":{"minecraft:water_bucket":5,"minecraft:dirt":12,"minecraft:dark_oak_boat":1,"minecraft:sweet_berries":19,"minecraft:dark_oak_sign":1,"minecraft:bucket":5},"minecraft:picked_up":{"minecraft:water_bucket":1,"minecraft:sweet_berries":121,"minecraft:stone_bricks":18,"minecraft:dark_oak_boat":1,"minecraft:stone_brick_slab":2,"minecraft:iron_bars":18,"minecraft:dirt":38}},"DataVersion":2975}