{"stats":{"minecraft:mined":{"minecraft:seagrass":1,"minecraft:dark_oak_leaves":147,"minecraft:birch_log":4,"minecraft:sweet_berry_bush":3,"minecraft:dark_oak_log":40,"minecraft:crafting_table":2,"minecraft:grass":2,"minecraft:coal_ore":5,"minecraft:oak_log":5,"minecraft:tall_grass":1,"minecraft:bamboo":5,"minecraft:stone":14,"minecraft:sugar_cane":4},"minecraft:used":{"minecraft:wooden_axe":1,"minecraft:wooden_pickaxe":19,"minecraft:bamboo":1,"minecraft:stone_axe":60,"minecraft:crafting_table":2,"minecraft:sweet_berries":34,"minecraft:oak_boat":7},"minecraft:custom":{"minecraft:time_since_rest":27306,"minecraft:sprint_one_cm":60164,"minecraft:damage_taken":330,"minecraft:walk_one_cm":32723,"minecraft:mob_kills":4,"minecraft:damage_dealt":626,"minecraft:swim_one_cm":316,"minecraft:interact_with_crafting_table":4,"minecraft:fly_one_cm":68090,"minecraft:crouch_one_cm":60,"minecraft:play_time":27306,"minecraft:sneak_time":23,"minecraft:walk_under_water_one_cm":1172,"minecraft:boat_one_cm":462090,"minecraft:jump":272,"minecraft:leave_game":1,"minecraft:time_since_death":27306,"minecraft:walk_on_water_one_cm":2793,"minecraft:climb_one_cm":87,"minecraft:total_world_time":27306,"minecraft:fall_one_cm":8863},"minecraft:crafted":{"minecraft:oak_boat":1,"minecraft:oak_planks":20,"minecraft:crafting_table":1,"minecraft:stick":12,"minecraft:wooden_pickaxe":1,"minecraft:stone_pickaxe":1,"minecraft:wooden_axe":1,"minecraft:birch_planks":16,"minecraft:stone_axe":1},"minecraft:killed":{"minecraft:sheep":3,"minecraft:zombie":1},"minecraft:picked_up":{"minecraft:birch_log":4,"minecraft:dark_oak_sapling":8,"minecraft:stick":4,"minecraft:crafting_table":2,"minecraft:sweet_berries":98,"minecraft:oak_log":5,"minecraft:dark_oak_log":40,"minecraft:rotten_flesh":3,"minecraft:wheat_seeds":1,"minecraft:gray_wool":1,"minecraft:oak_boat":6,"minecraft:light_gray_wool":2,"minecraft:bamboo":65,"minecraft:sugar_cane":8,"minecraft:birch_sapling":1,"minecraft:mutton":4,"minecraft:coal":5,"minecraft:cobblestone":14}},"DataVersion":2865}