{"stats":{"minecraft:broken":{"minecraft:golden_boots":1,"minecraft:wooden_shovel":4,"minecraft:shears":3,"minecraft:iron_sword":1,"minecraft:stone_sword":1,"minecraft:stone_hoe":1,"minecraft:wooden_pickaxe":1,"minecraft:shield":1,"minecraft:iron_axe":2,"minecraft:iron_pickaxe":4,"minecraft:wooden_hoe":1,"minecraft:iron_shovel":3,"minecraft:leather_leggings":1,"minecraft:golden_leggings":2,"minecraft:stone_pickaxe":1,"minecraft:stone_axe":5,"minecraft:wooden_axe":3,"minecraft:stone_shovel":9,"minecraft:leather_boots":1},"minecraft:dropped":{"minecraft:iron_sword":3,"minecraft:glow_ink_sac":38,"minecraft:diamond":242,"minecraft:cooked_beef":132,"minecraft:glass_bottle":2,"minecraft:warped_roots":15,"minecraft:saddle":1,"minecraft:elytra":6,"minecraft:item_frame":2,"minecraft:dirt":18,"minecraft:birch_fence":1,"minecraft:yellow_dye":1,"minecraft:writable_book":3,"minecraft:sand":356,"minecraft:sunflower":1,"minecraft:gold_nugget":3,"minecraft:phantom_membrane":1,"minecraft:bone_meal":172,"minecraft:iron_pickaxe":2,"minecraft:dark_oak_boat":1,"minecraft:dark_oak_planks":1,"minecraft:white_wool":14,"minecraft:bone":12,"minecraft:sugar_cane":64,"minecraft:golden_chestplate":3,"minecraft:cooked_chicken":489,"minecraft:pink_bed":1,"minecraft:wheat":134,"minecraft:netherite_sword":2,"minecraft:birch_sapling":6,"minecraft:obsidian":8,"minecraft:rotten_flesh":35,"minecraft:end_stone":129,"minecraft:golden_shovel":1,"minecraft:honey_block":3,"minecraft:cod_bucket":1,"minecraft:leather_boots":1,"minecraft:warped_wart_block":7,"minecraft:crying_obsidian":5,"minecraft:lectern":2,"minecraft:egg":98,"minecraft:enchanted_book":1,"minecraft:golden_boots":1,"minecraft:iron_ingot":2,"minecraft:feather":75,"minecraft:book":2,"minecraft:iron_helmet":1,"minecraft:cobblestone":322,"minecraft:apple":3,"minecraft:granite":70,"minecraft:coal_block":1,"minecraft:chainmail_helmet":1,"minecraft:golden_apple":17,"minecraft:turtle_egg":2,"minecraft:diamond_helmet":3,"minecraft:potion":1,"minecraft:iron_shovel":1,"minecraft:chainmail_leggings":1,"minecraft:string":3,"minecraft:spruce_sapling":4,"minecraft:player_head":31,"minecraft:chicken":17,"minecraft:iron_boots":1,"minecraft:name_tag":4,"minecraft:white_shulker_box":1,"minecraft:orange_wool":1,"minecraft:nether_bricks":2,"minecraft:shears":4,"minecraft:pumpkin_seeds":14,"minecraft:diamond_sword":4,"minecraft:light_blue_dye":1,"minecraft:cyan_wool":2,"minecraft:shroomlight":6,"minecraft:potato":474,"minecraft:spruce_planks":2,"minecraft:diamond_pickaxe":4,"minecraft:bamboo":49,"minecraft:spider_eye":70,"minecraft:bow":4,"minecraft:bell":48,"minecraft:acacia_boat":1,"minecraft:warped_stem":2,"minecraft:birch_planks":124,"minecraft:soul_sand":1,"minecraft:diamond_axe":3,"minecraft:warped_fungus":2,"minecraft:oak_log":39,"minecraft:ender_pearl":1,"minecraft:dark_oak_sapling":1,"minecraft:honeycomb":33,"minecraft:creeper_banner_pattern":1,"minecraft:dark_oak_log":1054,"minecraft:mutton":1,"minecraft:crimson_roots":1,"minecraft:light_blue_banner":1,"minecraft:blackstone":6,"minecraft:twisting_vines":31,"minecraft:diamond_shovel":2,"minecraft:beehive":1,"minecraft:cooked_mutton":683,"minecraft:carrot":79,"minecraft:sandstone_wall":2,"minecraft:trident":2,"minecraft:gunpowder":7,"minecraft:chest":7,"minecraft:chainmail_boots":1,"minecraft:bee_nest":2,"minecraft:birch_button":2,"minecraft:arrow":2,"minecraft:basalt":268,"minecraft:scaffolding":27,"minecraft:written_book":1,"minecraft:netherrack":753,"minecraft:firework_rocket":232,"minecraft:bread":1,"minecraft:water_bucket":3,"minecraft:golden_helmet":2,"minecraft:diamond_leggings":2,"minecraft:poisonous_potato":1,"minecraft:netherite_axe":1,"minecraft:lead":3,"minecraft:acacia_log":26,"minecraft:acacia_trapdoor":28,"minecraft:iron_block":23,"minecraft:stick":37,"minecraft:diorite":1,"minecraft:torch":48,"minecraft:brown_wool":56,"minecraft:iron_leggings":3,"minecraft:iron_axe":1,"minecraft:bucket":1,"minecraft:music_disc_cat":1,"minecraft:sweet_berries":21,"minecraft:raw_copper":12,"minecraft:blaze_rod":257,"minecraft:raw_iron":16,"minecraft:wither_skeleton_skull":4,"minecraft:totem_of_undying":2,"minecraft:shulker_box":11,"minecraft:shield":5,"minecraft:diamond_chestplate":3,"minecraft:iron_chestplate":2,"minecraft:oak_sapling":1,"minecraft:golden_sword":1,"minecraft:birch_sign":13,"minecraft:diamond_boots":2,"minecraft:spruce_log":34,"minecraft:magma_cream":2,"minecraft:light_blue_bed":1,"minecraft:light_blue_shulker_box":1},"minecraft:mined":{"minecraft:dark_oak_planks":172,"minecraft:dragon_wall_head":2,"minecraft:red_shulker_box":48,"minecraft:white_bed":2,"minecraft:jungle_leaves":455,"minecraft:cyan_shulker_box":2,"minecraft:carved_pumpkin":6,"minecraft:obsidian":26,"minecraft:light_blue_carpet":4,"minecraft:granite":32,"minecraft:acacia_log":719,"minecraft:brown_wool":10,"minecraft:jungle_log":4356,"minecraft:deepslate_bricks":1,"minecraft:blue_wool":8,"minecraft:oxeye_daisy":26,"minecraft:hopper":2,"minecraft:crimson_fungus":2,"minecraft:oak_wall_sign":9,"minecraft:nether_wart":17,"minecraft:chorus_flower":6,"minecraft:tall_seagrass":44,"minecraft:magma_block":1,"minecraft:dark_oak_trapdoor":22,"minecraft:fire":4,"minecraft:sticky_piston":21,"minecraft:barrel":1,"minecraft:cobbled_deepslate":7,"minecraft:cyan_wall_banner":1,"minecraft:pumpkin":98,"minecraft:deepslate_lapis_ore":41,"minecraft:enchanting_table":1,"minecraft:twisting_vines":54,"minecraft:cave_vines":148,"minecraft:oak_sign":7,"minecraft:dirt_path":4,"minecraft:oak_stairs":3,"minecraft:quartz_slab":42,"minecraft:pink_tulip":35,"minecraft:white_shulker_box":23,"minecraft:blue_orchid":1,"minecraft:white_banner":6,"minecraft:player_head":17,"minecraft:blue_wall_banner":2,"minecraft:brown_mushroom":19,"minecraft:kelp_plant":72,"minecraft:player_wall_head":70,"minecraft:crimson_nylium":2,"minecraft:powder_snow":4,"minecraft:torch":432,"minecraft:melon":78,"minecraft:glass":435,"minecraft:lime_shulker_box":11,"minecraft:sugar_cane":798,"minecraft:birch_sapling":38,"minecraft:white_terracotta":1,"minecraft:cyan_wool":10,"minecraft:repeater":5,"minecraft:purple_banner":3,"minecraft:wheat":6966,"minecraft:pumpkin_stem":10,"minecraft:birch_door":2,"minecraft:warped_fungus":1,"minecraft:copper_block":1,"minecraft:grass":1927,"minecraft:oak_fence_gate":2,"minecraft:dark_oak_sapling":82,"minecraft:birch_button":5,"minecraft:red_mushroom_block":90,"minecraft:deepslate":271,"minecraft:deepslate_tiles":39,"minecraft:pink_shulker_box":18,"minecraft:light_blue_wool":329,"minecraft:dark_oak_log":11760,"minecraft:jack_o_lantern":2,"minecraft:sea_lantern":53,"minecraft:shulker_box":77,"minecraft:end_stone":609,"minecraft:orange_banner":5,"minecraft:birch_fence_gate":86,"minecraft:nether_bricks":2,"minecraft:dark_oak_fence":345,"minecraft:allium":10,"minecraft:crimson_roots":1,"minecraft:orange_shulker_box":28,"minecraft:redstone_wire":10,"minecraft:lime_wool":8,"minecraft:cartography_table":1,"minecraft:brown_banner":3,"minecraft:red_mushroom":1,"minecraft:kelp":29,"minecraft:moss_block":28,"minecraft:pink_wool":9,"minecraft:redstone_ore":9,"minecraft:acacia_trapdoor":162,"minecraft:jungle_sapling":72,"minecraft:andesite":20,"minecraft:potatoes":8684,"minecraft:rail":225,"minecraft:vine":5,"minecraft:warped_stem":1,"minecraft:bamboo_sapling":50,"minecraft:bamboo":357,"minecraft:white_wool":410,"minecraft:green_wool":8,"minecraft:ender_chest":3,"minecraft:birch_stairs":10,"minecraft:glass_pane":1,"minecraft:soul_sand":3,"minecraft:lily_of_the_valley":5,"minecraft:stone_brick_slab":3,"minecraft:dandelion":640,"minecraft:cornflower":42,"minecraft:warped_roots":1,"minecraft:campfire":73,"minecraft:lightning_rod":26,"minecraft:tall_grass":371,"minecraft:copper_ore":35,"minecraft:deepslate_gold_ore":76,"minecraft:diorite":18,"minecraft:orange_carpet":8,"minecraft:warped_wart_block":4,"minecraft:purple_wool":17,"minecraft:light_blue_bed":7,"minecraft:cobblestone_wall":6,"minecraft:pink_wall_banner":5,"minecraft:white_carpet":2,"minecraft:spruce_log":2450,"minecraft:birch_leaves":980,"minecraft:red_wall_banner":2,"minecraft:dark_oak_sign":1,"minecraft:mycelium":1407,"minecraft:sunflower":8,"minecraft:gravel":32,"minecraft:birch_sign":25,"minecraft:orange_wall_banner":2,"minecraft:gold_ore":10,"minecraft:fern":27,"minecraft:spruce_planks":70,"minecraft:oak_sapling":14,"minecraft:farmland":2,"minecraft:jungle_slab":1,"minecraft:magenta_banner":3,"minecraft:cobblestone_stairs":2,"minecraft:orange_wool":8,"minecraft:cave_vines_plant":95,"minecraft:lime_banner":4,"minecraft:grass_block":1247,"minecraft:soul_soil":4,"minecraft:composter":3,"minecraft:green_wall_banner":1,"minecraft:smooth_stone":26,"minecraft:raw_iron_block":2,"minecraft:iron_ore":149,"minecraft:turtle_egg":81,"minecraft:azure_bluet":87,"minecraft:dark_oak_stairs":26,"minecraft:skeleton_wall_skull":1,"minecraft:pointed_dripstone":2,"minecraft:birch_wall_sign":130,"minecraft:spruce_slab":1,"minecraft:blue_banner":4,"minecraft:deepslate_redstone_ore":62,"minecraft:brown_shulker_box":108,"minecraft:quartz_block":9,"minecraft:jungle_door":2,"minecraft:blackstone":121,"minecraft:magenta_wall_banner":2,"minecraft:twisting_vines_plant":65,"minecraft:melon_stem":13,"minecraft:yellow_banner":5,"minecraft:poppy":385,"minecraft:chest":141,"minecraft:mushroom_stem":31,"minecraft:nether_quartz_ore":215,"minecraft:honeycomb_block":180,"minecraft:cobblestone":48,"minecraft:slime_block":8,"minecraft:prismarine":1,"minecraft:oak_planks":89,"minecraft:light_blue_banner":6,"minecraft:wall_torch":65,"minecraft:seagrass":36,"minecraft:warped_nylium":1,"minecraft:acacia_sapling":15,"minecraft:powered_rail":20,"minecraft:dark_oak_slab":21,"minecraft:green_banner":5,"minecraft:yellow_wool":96,"minecraft:birch_log":2404,"minecraft:birch_trapdoor":114,"minecraft:activator_rail":1,"minecraft:brown_wall_banner":3,"minecraft:light_gray_wool":8,"minecraft:orange_tulip":4,"minecraft:purpur_block":4,"minecraft:oak_log":2424,"minecraft:beetroots":1608,"minecraft:sand":3828,"minecraft:dirt":4188,"minecraft:pink_banner":4,"minecraft:dispenser":1,"minecraft:netherrack":2177,"minecraft:oak_leaves":1169,"minecraft:magenta_wool":8,"minecraft:nether_gold_ore":46,"minecraft:crying_obsidian":4,"minecraft:tuff":101,"minecraft:yellow_wall_banner":2,"minecraft:dark_oak_leaves":1401,"minecraft:deepslate_diamond_ore":3,"minecraft:oak_door":2,"minecraft:ladder":36,"minecraft:glow_lichen":2,"minecraft:lever":33,"minecraft:dark_oak_pressure_plate":1,"minecraft:stone_button":2,"minecraft:black_banner":4,"minecraft:cyan_banner":4,"minecraft:brown_mushroom_block":180,"minecraft:birch_slab":49,"minecraft:spruce_leaves":1063,"minecraft:sandstone":266,"minecraft:hay_block":4,"minecraft:spore_blossom":1,"minecraft:light_blue_wall_banner":6,"minecraft:furnace":10,"minecraft:spruce_sapling":37,"minecraft:carrots":2356,"minecraft:dark_oak_fence_gate":18,"minecraft:peony":1,"minecraft:gold_block":2,"minecraft:bell":2,"minecraft:polished_deepslate":1,"minecraft:bookshelf":46,"minecraft:lime_wall_banner":2,"minecraft:deepslate_iron_ore":235,"minecraft:shroomlight":1,"minecraft:chorus_plant":8,"minecraft:stone":437,"minecraft:white_tulip":2,"minecraft:yellow_shulker_box":8,"minecraft:redstone_wall_torch":1,"minecraft:birch_pressure_plate":4,"minecraft:scaffolding":1232,"minecraft:acacia_leaves":83,"minecraft:light_blue_shulker_box":14,"minecraft:flowering_azalea":27,"minecraft:red_wool":9,"minecraft:magenta_stained_glass":2,"minecraft:basalt":593,"minecraft:red_banner":6,"minecraft:oak_fence":78,"minecraft:crafting_table":9,"minecraft:purple_wall_banner":3,"minecraft:honey_block":148,"minecraft:rose_bush":9,"minecraft:lectern":2,"minecraft:lapis_ore":10,"minecraft:gray_wool":9,"minecraft:birch_planks":135,"minecraft:cactus":435,"minecraft:beehive":53,"minecraft:sweet_berry_bush":131,"minecraft:black_wall_banner":8,"minecraft:white_wall_banner":5,"minecraft:bee_nest":69,"minecraft:black_wool":9,"minecraft:coal_ore":457,"minecraft:cocoa":354,"minecraft:end_rod":4,"minecraft:birch_fence":787},"minecraft:picked_up":{"minecraft:wooden_axe":2,"minecraft:birch_door":7,"minecraft:seagrass":89,"minecraft:iron_chestplate":6,"minecraft:chainmail_boots":4,"minecraft:prismarine_shard":4,"minecraft:creeper_head":1,"minecraft:lead":801,"minecraft:diamond_sword":6,"minecraft:oak_stairs":6,"minecraft:golden_shovel":1,"minecraft:enchanted_book":1,"minecraft:birch_button":10,"minecraft:golden_sword":1,"minecraft:polished_deepslate":1,"minecraft:music_disc_cat":1,"minecraft:dark_oak_pressure_plate":2,"minecraft:string":132,"minecraft:dark_oak_trapdoor":22,"minecraft:soul_soil":4,"minecraft:cooked_salmon":6,"minecraft:shroomlight":12,"minecraft:beetroot":1546,"minecraft:diamond_leggings":3,"minecraft:gold_nugget":238,"minecraft:cobbled_deepslate":353,"minecraft:spruce_planks":74,"minecraft:written_book":1,"minecraft:melon_slice":334,"minecraft:coal_block":1,"minecraft:golden_helmet":5,"minecraft:beehive":58,"minecraft:composter":4,"minecraft:acacia_log":720,"minecraft:lightning_rod":27,"minecraft:honeycomb_block":180,"minecraft:golden_chestplate":9,"minecraft:yellow_banner":7,"minecraft:stone_sword":1,"minecraft:honey_bottle":2,"minecraft:light_blue_wool":1846,"minecraft:tropical_fish":3,"minecraft:carved_pumpkin":6,"minecraft:blue_dye":1,"minecraft:end_rod":4,"minecraft:white_terracotta":1,"minecraft:iron_bars":11,"minecraft:birch_log":2674,"minecraft:cooked_beef":980,"minecraft:feather":3231,"minecraft:birch_slab":48,"minecraft:water_bucket":7,"minecraft:jungle_log":4357,"minecraft:acacia_leaves":2,"minecraft:brown_wool":235,"minecraft:dark_oak_boat":24,"minecraft:copper_block":1,"minecraft:powder_snow_bucket":1,"minecraft:flint":11,"minecraft:twisting_vines":200,"minecraft:dark_oak_sign":1,"minecraft:diamond_helmet":4,"minecraft:rabbit":1,"minecraft:glowstone_dust":5,"minecraft:moss_block":155,"minecraft:honeycomb":2351,"minecraft:warped_wart_block":12,"minecraft:birch_fence_gate":111,"minecraft:ink_sac":85,"minecraft:brown_mushroom_block":296,"minecraft:dark_oak_log":12408,"minecraft:barrel":1,"minecraft:dispenser":1,"minecraft:lever":51,"minecraft:writable_book":2,"minecraft:granite":114,"minecraft:chainmail_helmet":2,"minecraft:bread":1,"minecraft:blue_banner":6,"minecraft:jack_o_lantern":2,"minecraft:dark_oak_fence":330,"minecraft:crimson_roots":4,"minecraft:diamond_pickaxe":8,"minecraft:spruce_leaves":323,"minecraft:crafting_table":9,"minecraft:bee_nest":73,"minecraft:purple_wool":210,"minecraft:nether_wart":43,"minecraft:leather_leggings":1,"minecraft:orange_banner":9,"minecraft:dragon_head":3,"minecraft:purpur_block":3,"minecraft:cornflower":43,"minecraft:elytra":6,"minecraft:flint_and_steel":1,"minecraft:white_carpet":3,"minecraft:iron_shovel":2,"minecraft:cartography_table":1,"minecraft:netherite_sword":2,"minecraft:beef":645,"minecraft:cyan_wool":131,"minecraft:jungle_sapling":740,"minecraft:poppy":390,"minecraft:minecart":57,"minecraft:birch_sapling":725,"minecraft:quartz_stairs":1,"minecraft:chest":148,"minecraft:egg":5710,"minecraft:lime_shulker_box":11,"minecraft:sandstone":264,"minecraft:stone":19,"minecraft:oak_door":6,"minecraft:white_dye":2,"minecraft:cake":3,"minecraft:cyan_shulker_box":2,"minecraft:carrot":8718,"minecraft:redstone":364,"minecraft:mushroom_stem":46,"minecraft:netherite_pickaxe":1,"minecraft:prismarine_crystals":5,"minecraft:stone_shovel":1,"minecraft:diamond_chestplate":4,"minecraft:cooked_cod":2,"minecraft:beetroot_seeds":4312,"minecraft:peony":1,"minecraft:deepslate_bricks":1,"minecraft:shears":4,"minecraft:diamond_boots":4,"minecraft:hay_block":4,"minecraft:gold_ingot":127,"minecraft:totem_of_undying":9,"minecraft:white_shulker_box":24,"minecraft:glow_berries":1374,"minecraft:mutton":1267,"minecraft:rail":299,"minecraft:white_wool":1643,"minecraft:oxeye_daisy":28,"minecraft:birch_leaves":1,"minecraft:yellow_shulker_box":8,"minecraft:yellow_dye":1,"minecraft:red_mushroom_block":90,"minecraft:red_mushroom":4,"minecraft:filled_map":7,"minecraft:oak_log":2495,"minecraft:golden_boots":9,"minecraft:white_banner":14,"minecraft:birch_pressure_plate":4,"minecraft:light_blue_banner":15,"minecraft:apple":229,"minecraft:kelp":416,"minecraft:warped_stem":8,"minecraft:spore_blossom":2,"minecraft:oak_fence_gate":3,"minecraft:stone_pickaxe":1,"minecraft:glass_bottle":65,"minecraft:iron_sword":10,"minecraft:flowering_azalea":92,"minecraft:dark_oak_stairs":26,"minecraft:dark_oak_slab":21,"minecraft:milk_bucket":1,"minecraft:sweet_berries":1092,"minecraft:red_wool":155,"minecraft:gravel":40,"minecraft:birch_stairs":24,"minecraft:spruce_sapling":931,"minecraft:spruce_log":2548,"minecraft:crying_obsidian":5,"minecraft:sea_lantern":51,"minecraft:firework_rocket":672,"minecraft:diamond_shovel":4,"minecraft:slime_ball":3,"minecraft:stone_axe":1,"minecraft:light_blue_carpet":4,"minecraft:diamond_axe":4,"minecraft:painting":2,"minecraft:birch_sign":218,"minecraft:gray_wool":204,"minecraft:warped_roots":32,"minecraft:baked_potato":59,"minecraft:brown_banner":8,"minecraft:melon_seeds":14,"minecraft:warped_nylium":1,"minecraft:hopper":2,"minecraft:ender_pearl":38,"minecraft:shulker_shell":32,"minecraft:wheat":7859,"minecraft:ender_chest":5,"minecraft:yellow_wool":235,"minecraft:potion":2,"minecraft:turtle_egg":114,"minecraft:cod_bucket":1,"minecraft:raw_copper":148,"minecraft:iron_leggings":9,"minecraft:sticky_piston":21,"minecraft:purple_banner":6,"minecraft:pink_shulker_box":18,"minecraft:oak_sign":27,"minecraft:activator_rail":1,"minecraft:deepslate_tiles":39,"minecraft:smooth_stone":26,"minecraft:bucket":3,"minecraft:dark_oak_leaves":863,"minecraft:white_tulip":2,"minecraft:rose_bush":12,"minecraft:calcite":2,"minecraft:iron_pickaxe":6,"minecraft:iron_boots":5,"minecraft:furnace":10,"minecraft:blue_wool":145,"minecraft:stick":3769,"minecraft:orange_shulker_box":28,"minecraft:jungle_door":2,"minecraft:birch_trapdoor":114,"minecraft:oak_fence":140,"minecraft:torch":950,"minecraft:porkchop":53,"minecraft:pointed_dripstone":2,"minecraft:diorite":20,"minecraft:green_banner":6,"minecraft:quartz_block":9,"minecraft:cactus":715,"minecraft:rotten_flesh":646,"minecraft:brown_shulker_box":108,"minecraft:green_wool":139,"minecraft:chorus_flower":6,"minecraft:obsidian":57,"minecraft:cod":22,"minecraft:cobblestone":1115,"minecraft:nautilus_shell":3,"minecraft:enchanting_table":1,"minecraft:leather_chestplate":7,"minecraft:magma_cream":25,"minecraft:repeater":5,"minecraft:andesite":20,"minecraft:orange_carpet":8,"minecraft:golden_leggings":6,"minecraft:beacon":1,"minecraft:potato":30912,"minecraft:tuff":93,"minecraft:wither_skeleton_skull":9,"minecraft:acacia_boat":19,"minecraft:lapis_lazuli":417,"minecraft:dirt":6547,"minecraft:name_tag":14,"minecraft:leather_boots":7,"minecraft:glass":406,"minecraft:bone":329,"minecraft:bow":41,"minecraft:orange_tulip":4,"minecraft:wheat_seeds":19151,"minecraft:pink_banner":11,"minecraft:raw_gold":100,"minecraft:bell":26,"minecraft:netherite_axe":1,"minecraft:bamboo":2966,"minecraft:powered_rail":89,"minecraft:oak_planks":183,"minecraft:prismarine":1,"minecraft:stone_hoe":2,"minecraft:ghast_tear":2,"minecraft:cooked_porkchop":42,"minecraft:poisonous_potato":152,"minecraft:axolotl_bucket":1,"minecraft:oak_pressure_plate":1,"minecraft:sand":3829,"minecraft:light_blue_shulker_box":15,"minecraft:melon":4,"minecraft:grass_block":374,"minecraft:lily_of_the_valley":5,"minecraft:jungle_slab":2,"minecraft:shulker_box":66,"minecraft:orange_wool":147,"minecraft:jungle_leaves":3,"minecraft:spruce_boat":1,"minecraft:diamond":327,"minecraft:slime_block":8,"minecraft:bone_meal":202,"minecraft:spruce_sign":2,"minecraft:emerald":129,"minecraft:oak_sapling":1049,"minecraft:netherrack":1500,"minecraft:chorus_fruit":71,"minecraft:oak_leaves":4,"minecraft:nether_star":1,"minecraft:charcoal":5,"minecraft:fishing_rod":7,"minecraft:cocoa_beans":1394,"minecraft:allium":14,"minecraft:azure_bluet":90,"minecraft:chicken":2628,"minecraft:ladder":49,"minecraft:brown_mushroom":46,"minecraft:pink_wool":141,"minecraft:gold_block":2,"minecraft:shield":11,"minecraft:iron_axe":7,"minecraft:birch_fence":856,"minecraft:quartz_slab":42,"minecraft:item_frame":17,"minecraft:mycelium":594,"minecraft:magenta_wool":111,"minecraft:blackstone":88,"minecraft:creeper_banner_pattern":1,"minecraft:blue_orchid":1,"minecraft:oak_boat":5,"minecraft:player_head":339,"minecraft:light_gray_wool":177,"minecraft:lectern":3,"minecraft:sugar_cane":1364,"minecraft:phantom_membrane":103,"minecraft:dark_oak_sapling":1469,"minecraft:lime_wool":155,"minecraft:raw_iron":429,"minecraft:end_stone":778,"minecraft:copper_ingot":11,"minecraft:bowl":2,"minecraft:stone_button":4,"minecraft:trident":3,"minecraft:light_blue_bed":7,"minecraft:dark_oak_planks":173,"minecraft:arrow":321,"minecraft:red_shulker_box":48,"minecraft:nether_bricks":2,"minecraft:pink_tulip":36,"minecraft:saddle":3,"minecraft:black_banner":14,"minecraft:skeleton_skull":3,"minecraft:basalt":436,"minecraft:golden_carrot":5,"minecraft:glow_ink_sac":91,"minecraft:magenta_banner":5,"minecraft:salmon":6,"minecraft:leather":829,"minecraft:music_disc_stal":1,"minecraft:carrot_on_a_stick":1,"minecraft:birch_planks":277,"minecraft:crimson_fungus":5,"minecraft:gunpowder":328,"minecraft:cobblestone_wall":6,"minecraft:cobblestone_stairs":2,"minecraft:wooden_hoe":1,"minecraft:cooked_mutton":1672,"minecraft:acacia_trapdoor":197,"minecraft:rabbit_hide":1,"minecraft:iron_ingot":102,"minecraft:cooked_chicken":671,"minecraft:acacia_sapling":273,"minecraft:soul_sand":7,"minecraft:book":351,"minecraft:scaffolding":2873,"minecraft:warped_fungus":6,"minecraft:birch_boat":146,"minecraft:pumpkin":97,"minecraft:stone_brick_slab":3,"minecraft:quartz":223,"minecraft:dandelion":644,"minecraft:raw_iron_block":2,"minecraft:red_banner":10,"minecraft:white_bed":2,"minecraft:dark_oak_fence_gate":18,"minecraft:spider_eye":65,"minecraft:cyan_banner":5,"minecraft:pumpkin_seeds":50,"minecraft:lime_banner":6,"minecraft:lime_dye":56,"minecraft:campfire":87,"minecraft:honey_block":436,"minecraft:chainmail_leggings":4,"minecraft:iron_helmet":5,"minecraft:black_wool":217,"minecraft:coal":514,"minecraft:sunflower":13},"minecraft:used":{"minecraft:jack_o_lantern":6,"minecraft:writable_book":44,"minecraft:dispenser":1,"minecraft:ladder":129,"minecraft:poppy":216,"minecraft:stone":7,"minecraft:white_shulker_box":22,"minecraft:warped_sign":1,"minecraft:chest":268,"minecraft:green_banner":7,"minecraft:quartz_stairs":1,"minecraft:rotten_flesh":3,"minecraft:cocoa_beans":473,"minecraft:lily_of_the_valley":5,"minecraft:soul_sand":7,"minecraft:jungle_slab":2,"minecraft:allium":12,"minecraft:orange_wool":15,"minecraft:acacia_sapling":100,"minecraft:azure_bluet":73,"minecraft:spruce_boat":2,"minecraft:jungle_sapling":602,"minecraft:honey_block":275,"minecraft:honeycomb":2,"minecraft:lava_bucket":12,"minecraft:lime_banner":7,"minecraft:red_wool":12,"minecraft:grass_block":346,"minecraft:birch_sapling":418,"minecraft:orange_shulker_box":29,"minecraft:quartz_block":110,"minecraft:dark_oak_leaves":892,"minecraft:dark_oak_slab":26,"minecraft:pink_wool":12,"minecraft:blue_banner":7,"minecraft:music_disc_stal":1,"minecraft:bow":592,"minecraft:dark_oak_boat":34,"minecraft:sweet_berries":283,"minecraft:oak_sapling":353,"minecraft:furnace":23,"minecraft:cooked_cod":1,"minecraft:dragon_head":2,"minecraft:egg":4621,"minecraft:potato":9058,"minecraft:seagrass":3,"minecraft:light_blue_carpet":85,"minecraft:diorite":1,"minecraft:spruce_door":1,"minecraft:acacia_trapdoor":283,"minecraft:chorus_fruit":2,"minecraft:powered_rail":219,"minecraft:prismarine":1,"minecraft:blackstone":216,"minecraft:orange_tulip":4,"minecraft:cactus":71,"minecraft:wooden_pickaxe":59,"minecraft:composter":4,"minecraft:oak_leaves":2,"minecraft:cookie":3,"minecraft:golden_apple":1,"minecraft:glow_berries":1099,"minecraft:dark_oak_trapdoor":26,"minecraft:sand":745,"minecraft:acacia_leaves":2,"minecraft:cyan_dye":1,"minecraft:pumpkin_seeds":19,"minecraft:lightning_rod":33,"minecraft:birch_fence":2427,"minecraft:deepslate_tiles":71,"minecraft:crying_obsidian":49,"minecraft:birch_slab":52,"minecraft:stone_button":4,"minecraft:spore_blossom":2,"minecraft:lectern":4,"minecraft:oak_pressure_plate":1,"minecraft:diamond_sword":1808,"minecraft:wooden_sword":7,"minecraft:dark_oak_fence":1515,"minecraft:birch_log":69,"minecraft:poisonous_potato":1,"minecraft:oak_boat":5,"minecraft:purple_wool":20,"minecraft:enchanting_table":2,"minecraft:stone_sword":135,"minecraft:acacia_log":3,"minecraft:mycelium":310,"minecraft:sandstone_wall":4,"minecraft:netherrack":297,"minecraft:torch":2339,"minecraft:brewing_stand":1,"minecraft:anvil":3,"minecraft:chorus_flower":3,"minecraft:light_blue_dye":11,"minecraft:nether_quartz_ore":32,"minecraft:twisting_vines":36,"minecraft:cod_bucket":10,"minecraft:golden_shovel":2,"minecraft:oak_fence_gate":5,"minecraft:red_shulker_box":48,"minecraft:flowering_azalea":150,"minecraft:sea_lantern":144,"minecraft:cyan_shulker_box":2,"minecraft:iron_axe":1736,"minecraft:slime_block":12,"minecraft:jungle_log":292,"minecraft:lime_dye":2,"minecraft:totem_of_undying":4,"minecraft:melon_seeds":17,"minecraft:barrel":1,"minecraft:bamboo":518,"minecraft:basalt":44,"minecraft:magenta_wool":11,"minecraft:cobbled_deepslate":8,"minecraft:magenta_dye":1,"minecraft:wheat_seeds":7499,"minecraft:yellow_banner":8,"minecraft:water_bucket":324,"minecraft:light_blue_shulker_box":14,"minecraft:birch_planks":966,"minecraft:yellow_shulker_box":8,"minecraft:lead":25,"minecraft:lime_wool":11,"minecraft:cartography_table":1,"minecraft:glow_ink_sac":58,"minecraft:deepslate_bricks":1,"minecraft:brown_dye":2,"minecraft:orange_carpet":8,"minecraft:rail":318,"minecraft:crafting_table":19,"minecraft:birch_sign":314,"minecraft:white_bed":4,"minecraft:campfire":137,"minecraft:dark_oak_fence_gate":51,"minecraft:lime_shulker_box":11,"minecraft:cake":19,"minecraft:spruce_log":165,"minecraft:mushroom_stem":1,"minecraft:yellow_dye":7,"minecraft:diamond_pickaxe":5053,"minecraft:cornflower":27,"minecraft:oxeye_daisy":8,"minecraft:diamond_shovel":5585,"minecraft:sunflower":11,"minecraft:iron_pickaxe":1530,"minecraft:suspicious_stew":1,"minecraft:spruce_sapling":373,"minecraft:cobblestone":129,"minecraft:potion":3,"minecraft:orange_banner":8,"minecraft:kelp":1,"minecraft:dandelion":384,"minecraft:light_blue_banner":29,"minecraft:light_gray_dye":2,"minecraft:iron_shovel":2798,"minecraft:polished_deepslate":1,"minecraft:diamond_hoe":511,"minecraft:oak_sign":37,"minecraft:shield":157,"minecraft:white_terracotta":1,"minecraft:iron_sword":899,"minecraft:nether_wart":17,"minecraft:bell":3,"minecraft:player_head":147,"minecraft:spruce_leaves":265,"minecraft:birch_pressure_plate":15,"minecraft:carrot":2448,"minecraft:tuff":9,"minecraft:beehive":111,"minecraft:cyan_wool":13,"minecraft:axolotl_bucket":4,"minecraft:milk_bucket":3,"minecraft:obsidian":14,"minecraft:honey_bottle":24,"minecraft:glass":2338,"minecraft:quartz_slab":42,"minecraft:blue_orchid":3,"minecraft:green_wool":11,"minecraft:light_blue_bed":9,"minecraft:item_frame":14,"minecraft:birch_button":5,"minecraft:birch_trapdoor":183,"minecraft:repeater":7,"minecraft:honeycomb_block":472,"minecraft:hay_block":26,"minecraft:written_book":3,"minecraft:scaffolding":2913,"minecraft:beetroot_seeds":1609,"minecraft:gold_block":53,"minecraft:skeleton_skull":2,"minecraft:dark_oak_sapling":1142,"minecraft:dark_oak_stairs":50,"minecraft:wither_skeleton_skull":2,"minecraft:stone_pickaxe":131,"minecraft:oak_planks":203,"minecraft:ender_pearl":7,"minecraft:sandstone":158,"minecraft:diamond_axe":25442,"minecraft:sugar_cane":121,"minecraft:white_wool":1471,"minecraft:loom":2,"minecraft:mushroom_stew":1,"minecraft:light_blue_wool":1485,"minecraft:black_banner":15,"minecraft:crossbow":42,"minecraft:black_bed":1,"minecraft:shears":2663,"minecraft:end_stone":632,"minecraft:redstone_torch":1,"minecraft:sticky_piston":27,"minecraft:lever":66,"minecraft:dark_oak_log":951,"minecraft:firework_rocket":1905,"minecraft:brown_wool":13,"minecraft:birch_fence_gate":136,"minecraft:bread":43,"minecraft:gravel":2,"minecraft:grindstone":1,"minecraft:andesite":2,"minecraft:bone_meal":172,"minecraft:experience_bottle":8,"minecraft:trident":195,"minecraft:jungle_leaves":2,"minecraft:oak_fence":164,"minecraft:netherite_sword":1131,"minecraft:rose_bush":9,"minecraft:white_tulip":31,"minecraft:flint_and_steel":4,"minecraft:redstone":19,"minecraft:stone_shovel":1178,"minecraft:dried_kelp":88,"minecraft:spruce_planks":72,"minecraft:ender_chest":10,"minecraft:brown_shulker_box":109,"minecraft:wooden_shovel":237,"minecraft:stone_hoe":131,"minecraft:cooked_chicken":520,"minecraft:spyglass":215,"minecraft:oak_door":3,"minecraft:dirt":6162,"minecraft:white_carpet":3,"minecraft:hopper":7,"minecraft:cobblestone_wall":2,"minecraft:shulker_box":59,"minecraft:bee_nest":63,"minecraft:pink_dye":3,"minecraft:salmon_bucket":5,"minecraft:granite":1,"minecraft:wooden_axe":165,"minecraft:birch_door":11,"minecraft:purple_banner":7,"minecraft:iron_hoe":7,"minecraft:dark_oak_planks":832,"minecraft:bookshelf":82,"minecraft:oak_stairs":16,"minecraft:light_gray_wool":11,"minecraft:golden_carrot":4,"minecraft:dark_oak_pressure_plate":4,"minecraft:black_dye":1,"minecraft:minecart":65,"minecraft:cyan_banner":6,"minecraft:cooked_beef":895,"minecraft:red_dye":5,"minecraft:turtle_egg":5,"minecraft:powder_snow_bucket":2,"minecraft:pumpkin":29,"minecraft:brown_bed":1,"minecraft:pink_tulip":66,"minecraft:acacia_boat":23,"minecraft:cooked_mutton":907,"minecraft:amethyst_block":7,"minecraft:cobblestone_stairs":2,"minecraft:glass_bottle":4630,"minecraft:baked_potato":39,"minecraft:blue_wool":11,"minecraft:pink_banner":13,"minecraft:copper_block":2,"minecraft:birch_boat":148,"minecraft:white_dye":8,"minecraft:music_disc_cat":1,"minecraft:brown_banner":12,"minecraft:painting":2,"minecraft:apple":9,"minecraft:wooden_hoe":60,"minecraft:black_wool":12,"minecraft:activator_rail":2,"minecraft:map":1,"minecraft:yellow_wool":103,"minecraft:stone_axe":655,"minecraft:magenta_banner":6,"minecraft:fishing_rod":9,"minecraft:white_banner":16,"minecraft:pink_shulker_box":19,"minecraft:jungle_door":4,"minecraft:red_banner":9,"minecraft:bucket":362,"minecraft:pumpkin_pie":1,"minecraft:yellow_bed":1,"minecraft:splash_potion":11,"minecraft:gray_wool":12,"minecraft:birch_stairs":108,"minecraft:orange_dye":6,"minecraft:moss_block":264,"minecraft:smooth_stone":116,"minecraft:peony":11},"minecraft:custom":{"minecraft:interact_with_crafting_table":1196,"minecraft:open_barrel":495,"minecraft:bell_ring":1,"minecraft:eat_cake_slice":105,"minecraft:leave_game":185,"minecraft:time_since_death":17563613,"minecraft:damage_blocked_by_shield":7540,"minecraft:play_time":21891789,"minecraft:deaths":8,"minecraft:jump":242672,"minecraft:enchant_item":42,"minecraft:interact_with_furnace":1695,"minecraft:play_record":2,"minecraft:traded_with_villager":18,"minecraft:interact_with_cartography_table":14,"minecraft:sleep_in_bed":444,"minecraft:damage_dealt":268437,"minecraft:inspect_dispenser":1,"minecraft:horse_one_cm":5902182,"minecraft:inspect_dropper":27,"minecraft:interact_with_anvil":73,"minecraft:inspect_hopper":49,"minecraft:damage_dealt_absorbed":5,"minecraft:sneak_time":458996,"minecraft:interact_with_lectern":90,"minecraft:total_world_time":21891789,"minecraft:time_since_rest":62460,"minecraft:swim_one_cm":3027232,"minecraft:fly_one_cm":61800659,"minecraft:open_chest":14257,"minecraft:fish_caught":1,"minecraft:fall_one_cm":6093003,"minecraft:animals_bred":4747,"minecraft:open_shulker_box":1166,"minecraft:sprint_one_cm":67932511,"minecraft:drop":1178,"minecraft:talked_to_villager":31,"minecraft:interact_with_brewingstand":9,"minecraft:walk_on_water_one_cm":1205918,"minecraft:interact_with_loom":123,"minecraft:open_enderchest":1512,"minecraft:player_kills":1,"minecraft:crouch_one_cm":1311228,"minecraft:mob_kills":2946,"minecraft:interact_with_campfire":1,"minecraft:climb_one_cm":3335875,"minecraft:walk_one_cm":49635178,"minecraft:walk_under_water_one_cm":1838204,"minecraft:boat_one_cm":7715650,"minecraft:interact_with_grindstone":34,"minecraft:damage_taken":52622,"minecraft:damage_absorbed":157,"minecraft:minecart_one_cm":3700021,"minecraft:pig_one_cm":88043,"minecraft:aviate_one_cm":76743408},"minecraft:killed_by":{"minecraft:magma_cube":1,"minecraft:zombified_piglin":1,"minecraft:creeper":1,"minecraft:enderman":1},"minecraft:killed":{"minecraft:cod":15,"minecraft:shulker":8,"minecraft:skeleton":76,"minecraft:guardian":2,"minecraft:chicken":980,"minecraft:skeleton_horse":8,"minecraft:magma_cube":107,"minecraft:salmon":9,"minecraft:ender_dragon":1,"minecraft:zombie":98,"minecraft:glow_squid":13,"minecraft:cow":313,"minecraft:enderman":23,"minecraft:zombified_piglin":1,"minecraft:witch":3,"minecraft:spider":37,"minecraft:wither":1,"minecraft:wolf":3,"minecraft:pig":17,"minecraft:zombie_villager":4,"minecraft:creeper":140,"minecraft:sheep":613,"minecraft:ghast":4,"minecraft:mooshroom":1,"minecraft:slime":1,"minecraft:phantom":106,"minecraft:panda":150,"minecraft:drowned":55,"minecraft:bat":1,"minecraft:squid":23},"minecraft:crafted":{"minecraft:green_banner":1,"minecraft:black_dye":18,"minecraft:smooth_stone":192,"minecraft:oak_sign":21,"minecraft:dark_oak_pressure_plate":3,"minecraft:orange_carpet":6,"minecraft:melon":1,"minecraft:pink_bed":1,"minecraft:blaze_powder":2,"minecraft:oak_pressure_plate":2,"minecraft:birch_boat":2,"minecraft:birch_slab":54,"minecraft:slime_block":5,"minecraft:loom":2,"minecraft:lever":25,"minecraft:diamond_shovel":2,"minecraft:bookshelf":93,"minecraft:shulker_box":19,"minecraft:cooked_mutton":1152,"minecraft:glass":2607,"minecraft:quartz_block":55,"minecraft:repeater":2,"minecraft:diamond_helmet":1,"minecraft:diamond_leggings":1,"minecraft:melon_seeds":19,"minecraft:birch_fence_gate":60,"minecraft:birch_door":9,"minecraft:cyan_banner":1,"minecraft:magenta_dye":7,"minecraft:name_tag":7,"minecraft:white_shulker_box":1,"minecraft:gray_bed":1,"minecraft:glass_bottle":90,"minecraft:deepslate":8,"minecraft:wooden_shovel":4,"minecraft:lime_banner":1,"minecraft:smithing_table":1,"minecraft:brown_bed":1,"minecraft:copper_ingot":120,"minecraft:purple_banner":2,"minecraft:sticky_piston":6,"minecraft:hay_block":51,"minecraft:campfire":143,"minecraft:painting":10,"minecraft:cartography_table":1,"minecraft:brown_banner":7,"minecraft:lime_shulker_box":1,"minecraft:lectern":3,"minecraft:wooden_hoe":1,"minecraft:stone_slab":6,"minecraft:compass":1,"minecraft:iron_pickaxe":8,"minecraft:iron_block":34,"minecraft:light_blue_bed":5,"minecraft:gold_ingot":372,"minecraft:light_gray_dye":11,"minecraft:composter":1,"minecraft:birch_stairs":100,"minecraft:golden_carrot":92,"minecraft:stone_shovel":9,"minecraft:orange_shulker_box":1,"minecraft:player_head":32,"minecraft:diamond_hoe":1,"minecraft:red_banner":2,"minecraft:jack_o_lantern":4,"minecraft:yellow_bed":1,"minecraft:bone_meal":1425,"minecraft:pink_dye":14,"minecraft:white_carpet":24,"minecraft:dark_oak_fence":1203,"minecraft:ladder":87,"minecraft:blue_banner":1,"minecraft:red_shulker_box":2,"minecraft:stone_pickaxe":1,"minecraft:diamond_boots":1,"minecraft:quartz_slab":42,"minecraft:spruce_boat":1,"minecraft:dark_oak_planks":3444,"minecraft:lead":18,"minecraft:wheat":9,"minecraft:coal_block":14,"minecraft:crossbow":1,"minecraft:skull_banner_pattern":1,"minecraft:enchanting_table":1,"minecraft:dried_kelp":88,"minecraft:acacia_trapdoor":114,"minecraft:deepslate_tiles":36,"minecraft:orange_dye":8,"minecraft:light_blue_carpet":93,"minecraft:oak_fence_gate":3,"minecraft:sandstone_wall":6,"minecraft:golden_apple":14,"minecraft:wooden_axe":2,"minecraft:cyan_shulker_box":1,"minecraft:oak_stairs":16,"minecraft:birch_trapdoor":76,"minecraft:writable_book":30,"minecraft:iron_shovel":5,"minecraft:iron_leggings":2,"minecraft:white_bed":4,"minecraft:grindstone":1,"minecraft:oak_planks":1480,"minecraft:barrel":16,"minecraft:magenta_banner":1,"minecraft:dark_oak_boat":12,"minecraft:leather_horse_armor":4,"minecraft:cooked_chicken":2545,"minecraft:pink_shulker_box":1,"minecraft:lightning_rod":8,"minecraft:stone":213,"minecraft:light_blue_banner":18,"minecraft:flower_banner_pattern":1,"minecraft:suspicious_stew":1,"minecraft:green_dye":24,"minecraft:cake":45,"minecraft:hopper":5,"minecraft:bow":2,"minecraft:iron_boots":2,"minecraft:chest":150,"minecraft:copper_block":11,"minecraft:rail":96,"minecraft:yellow_banner":1,"minecraft:birch_button":3,"minecraft:stone_hoe":1,"minecraft:oak_fence":153,"minecraft:honeycomb_block":304,"minecraft:white_banner":17,"minecraft:item_frame":6,"minecraft:oak_slab":6,"minecraft:map":1,"minecraft:crafting_table":16,"minecraft:spruce_planks":276,"minecraft:baked_potato":1758,"minecraft:wooden_pickaxe":1,"minecraft:iron_helmet":2,"minecraft:brown_dye":28,"minecraft:birch_pressure_plate":11,"minecraft:gold_block":13,"minecraft:birch_planks":5032,"minecraft:brewing_stand":1,"minecraft:pumpkin_seeds":8,"minecraft:creeper_banner_pattern":1,"minecraft:dispenser":1,"minecraft:spruce_trapdoor":2,"minecraft:diamond_pickaxe":1,"minecraft:dark_oak_slab":6,"minecraft:book":234,"minecraft:iron_chestplate":2,"minecraft:paper":981,"minecraft:charcoal":3704,"minecraft:yellow_dye":18,"minecraft:purple_dye":12,"minecraft:shield":4,"minecraft:stick":2338,"minecraft:birch_fence":1698,"minecraft:light_blue_dye":36,"minecraft:iron_ingot":475,"minecraft:light_blue_shulker_box":1,"minecraft:stone_sword":1,"minecraft:black_bed":1,"minecraft:redstone_torch":12,"minecraft:dark_oak_fence_gate":33,"minecraft:deepslate_bricks":36,"minecraft:shears":5,"minecraft:oak_door":3,"minecraft:wooden_sword":1,"minecraft:cookie":8,"minecraft:raw_iron":18,"minecraft:fishing_rod":3,"minecraft:tripwire_hook":2,"minecraft:beehive":68,"minecraft:furnace":17,"minecraft:stone_button":1,"minecraft:piston":6,"minecraft:dark_oak_trapdoor":8,"minecraft:gray_dye":2,"minecraft:diamond_block":3,"minecraft:flint_and_steel":1,"minecraft:scaffolding":114,"minecraft:yellow_shulker_box":1,"minecraft:polished_deepslate":36,"minecraft:iron_axe":6,"minecraft:iron_hoe":1,"minecraft:slime_ball":9,"minecraft:lime_dye":14,"minecraft:brown_shulker_box":1,"minecraft:honey_block":1154,"minecraft:orange_banner":2,"minecraft:birch_sign":117,"minecraft:minecart":8,"minecraft:cooked_beef":594,"minecraft:sugar":129,"minecraft:red_dye":29,"minecraft:bone_block":34,"minecraft:cooked_cod":1,"minecraft:diamond_sword":1,"minecraft:cyan_dye":8,"minecraft:dark_oak_stairs":36,"minecraft:powered_rail":150,"minecraft:activator_rail":6,"minecraft:yellow_carpet":6,"minecraft:iron_sword":5,"minecraft:black_banner":6,"minecraft:golden_shovel":1,"minecraft:bucket":10,"minecraft:stone_axe":6,"minecraft:acacia_boat":7,"minecraft:bread":46,"minecraft:air":0,"minecraft:jungle_planks":168,"minecraft:blue_dye":40,"minecraft:oak_boat":1,"minecraft:jungle_door":3,"minecraft:gold_nugget":747,"minecraft:white_dye":176,"minecraft:black_carpet":3,"minecraft:anvil":4,"minecraft:pink_banner":6,"minecraft:pumpkin_pie":1,"minecraft:acacia_planks":392,"minecraft:torch":1824,"minecraft:carrot_on_a_stick":2,"minecraft:diamond_chestplate":1,"minecraft:firework_rocket":822}},"DataVersion":2975}