{"stats":{"minecraft:broken":{"minecraft:shears":1,"minecraft:diamond_pickaxe":2,"minecraft:golden_sword":2,"minecraft:netherite_hoe":1,"minecraft:golden_pickaxe":1},"minecraft:dropped":{"minecraft:iron_sword":2,"minecraft:porkchop":80,"minecraft:lapis_lazuli":295,"minecraft:glow_ink_sac":25,"minecraft:glass_bottle":14,"minecraft:diamond":208,"minecraft:crafting_table":7,"minecraft:cooked_porkchop":909,"minecraft:weeping_vines":57,"minecraft:glow_berries":4,"minecraft:warped_roots":134,"minecraft:cracked_stone_bricks":21,"minecraft:red_mushroom":9,"minecraft:gold_block":4,"minecraft:emerald":1619,"minecraft:birch_fence":2,"minecraft:netherite_boots":3,"minecraft:writable_book":2,"minecraft:gold_nugget":2376,"minecraft:sand":77,"minecraft:purple_wool":10,"minecraft:dark_oak_planks":1,"minecraft:fishing_rod":4,"minecraft:white_wool":64,"minecraft:compass":1,"minecraft:goat_horn":1,"minecraft:diamond_block":170,"minecraft:lever":13,"minecraft:iron_nugget":276,"minecraft:cooked_chicken":4,"minecraft:cobbled_deepslate":1849,"minecraft:tinted_glass":2,"minecraft:wheat":3,"minecraft:netherite_sword":4,"minecraft:obsidian":214,"minecraft:grindstone":1,"minecraft:rotten_flesh":2705,"minecraft:oak_planks":259,"minecraft:glowstone_dust":577,"minecraft:quartz_bricks":2,"minecraft:golden_shovel":1,"minecraft:nether_brick_fence":13,"minecraft:azure_bluet":73,"minecraft:sea_lantern":5,"minecraft:coal_ore":243,"minecraft:quartz_block":68,"minecraft:jungle_log":672,"minecraft:leather_boots":4,"minecraft:leather_leggings":3,"minecraft:beef":5,"minecraft:glass":127,"minecraft:warped_wart_block":31,"minecraft:stone_brick_stairs":8,"minecraft:golden_boots":1,"minecraft:wheat_seeds":1223,"minecraft:deepslate_redstone_ore":13,"minecraft:dripstone_block":86,"minecraft:netherite_chestplate":4,"minecraft:deepslate_tile_slab":21,"minecraft:golden_apple":69,"minecraft:coal_block":49,"minecraft:turtle_egg":12,"minecraft:gray_wool":7,"minecraft:ink_sac":6,"minecraft:lapis_ore":3,"minecraft:potion":89,"minecraft:pumpkin":200,"minecraft:white_banner":1011,"minecraft:red_dye":1,"minecraft:jungle_boat":2,"minecraft:smooth_stone":11,"minecraft:smooth_sandstone":25,"minecraft:stone_brick_slab":60,"minecraft:snow_block":32,"minecraft:soul_soil":4,"minecraft:netherite_hoe":2,"minecraft:player_head":726,"minecraft:sticky_piston":9,"minecraft:clay_ball":4,"minecraft:iron_boots":6,"minecraft:cobbled_deepslate_slab":4,"minecraft:white_terracotta":1,"minecraft:shears":1,"minecraft:oak_sign":14,"minecraft:polished_deepslate_stairs":3,"minecraft:deepslate_lapis_ore":3,"minecraft:diamond_sword":12,"minecraft:cyan_wool":10,"minecraft:spruce_boat":6,"minecraft:spruce_trapdoor":4,"minecraft:spruce_planks":397,"minecraft:diamond_pickaxe":13,"minecraft:redstone_torch":22,"minecraft:stone_pressure_plate":1,"minecraft:stone_bricks":216,"minecraft:barrel":6,"minecraft:bamboo":6,"minecraft:sandstone":1,"minecraft:bow":29,"minecraft:magma_block":1483,"minecraft:soul_sand":406,"minecraft:moss_block":1144,"minecraft:warped_fungus":16,"minecraft:oak_log":174,"minecraft:ender_pearl":35,"minecraft:nether_star":2,"minecraft:leather":78,"minecraft:red_wool":11,"minecraft:jungle_planks":546,"minecraft:cod":1,"minecraft:redstone_lamp":2,"minecraft:packed_ice":20,"minecraft:ice":12,"minecraft:mutton":11,"minecraft:snowball":363,"minecraft:jungle_sign":6,"minecraft:gold_ingot":1846,"minecraft:spyglass":1,"minecraft:twisting_vines":5,"minecraft:pointed_dripstone":73,"minecraft:cooked_mutton":1,"minecraft:mycelium":130,"minecraft:leather_chestplate":2,"minecraft:trident":20,"minecraft:stone_brick_wall":2,"minecraft:iron_ore":96,"minecraft:birch_button":4,"minecraft:iron_bars":9,"minecraft:white_concrete_powder":66,"minecraft:magenta_wool":9,"minecraft:splash_potion":4,"minecraft:bread":509,"minecraft:lilac":1,"minecraft:netherite_axe":4,"minecraft:andesite_wall":3,"minecraft:amethyst_block":13,"minecraft:tropical_fish":1,"minecraft:spruce_stairs":6,"minecraft:iron_block":27,"minecraft:milk_bucket":15,"minecraft:repeater":52,"minecraft:light_blue_wool":4,"minecraft:nether_wart_block":2,"minecraft:melon_slice":10,"minecraft:white_concrete":236,"minecraft:light_gray_shulker_box":1,"minecraft:light_gray_stained_glass":2,"minecraft:fire_charge":99,"minecraft:granite_slab":2,"minecraft:polished_andesite_stairs":1,"minecraft:cactus":4,"minecraft:redstone_block":648,"minecraft:polished_deepslate":5,"minecraft:polished_diorite":32,"minecraft:kelp":41,"minecraft:sweet_berries":33,"minecraft:oak_trapdoor":13,"minecraft:totem_of_undying":27,"minecraft:shulker_box":37,"minecraft:netherite_leggings":3,"minecraft:flint_and_steel":3,"minecraft:deepslate_bricks":52,"minecraft:copper_ore":308,"minecraft:andesite":1430,"minecraft:golden_leggings":2,"minecraft:oak_sapling":1051,"minecraft:birch_sign":17,"minecraft:gray_concrete_powder":1,"minecraft:spruce_log":1037,"minecraft:wooden_pickaxe":1,"minecraft:medium_amethyst_bud":1,"minecraft:brick":1,"minecraft:piston":19,"minecraft:cooked_beef":67,"minecraft:crossbow":376,"minecraft:saddle":91,"minecraft:elytra":12,"minecraft:rail":49,"minecraft:leather_helmet":2,"minecraft:item_frame":8,"minecraft:melon":12,"minecraft:dirt":4537,"minecraft:red_shulker_box":2,"minecraft:stone_button":4,"minecraft:chain":5,"minecraft:bone_block":463,"minecraft:bone_meal":168,"minecraft:phantom_membrane":17,"minecraft:sugar":598,"minecraft:iron_pickaxe":1,"minecraft:end_crystal":11,"minecraft:bone":4508,"minecraft:green_wool":9,"minecraft:note_block":7,"minecraft:emerald_block":95,"minecraft:sugar_cane":22,"minecraft:detector_rail":1,"minecraft:golden_chestplate":3,"minecraft:nether_brick":169,"minecraft:birch_sapling":695,"minecraft:blue_wool":33,"minecraft:enchanted_golden_apple":1,"minecraft:end_stone":104,"minecraft:blaze_powder":1,"minecraft:jungle_trapdoor":5,"minecraft:white_bed":1,"minecraft:dark_oak_fence_gate":204,"minecraft:acacia_button":1,"minecraft:chiseled_deepslate":2,"minecraft:deepslate_tiles":22,"minecraft:brick_stairs":4,"minecraft:deepslate_copper_ore":5,"minecraft:charcoal":1,"minecraft:honey_block":137,"minecraft:hopper":3,"minecraft:ladder":622,"minecraft:spruce_slab":14,"minecraft:white_dye":65,"minecraft:end_stone_bricks":3,"minecraft:crying_obsidian":58,"minecraft:ghast_tear":11,"minecraft:lectern":3,"minecraft:egg":15,"minecraft:enchanted_book":16,"minecraft:crimson_planks":24,"minecraft:iron_ingot":45,"minecraft:netherite_pickaxe":14,"minecraft:cyan_stained_glass":24,"minecraft:tnt":1,"minecraft:deepslate_diamond_ore":1,"minecraft:netherite_helmet":4,"minecraft:oak_fence":36,"minecraft:cobblestone":8993,"minecraft:iron_helmet":2,"minecraft:apple":215,"minecraft:granite":1490,"minecraft:spruce_button":17,"minecraft:spruce_door":6,"minecraft:purple_dye":1,"minecraft:coal":685,"minecraft:polished_andesite":6,"minecraft:jungle_slab":4,"minecraft:warped_slab":2,"minecraft:golden_carrot":410,"minecraft:sponge":1,"minecraft:rabbit":4,"minecraft:lime_carpet":2,"minecraft:diamond_helmet":9,"minecraft:paper":321,"minecraft:iron_shovel":2,"minecraft:string":307,"minecraft:spruce_sapling":4604,"minecraft:purpur_pillar":1,"minecraft:furnace":2,"minecraft:moss_carpet":670,"minecraft:netherite_ingot":7,"minecraft:cobblestone_wall":6,"minecraft:stone_sword":62,"minecraft:dark_oak_sign":1,"minecraft:deepslate":2658,"minecraft:bowl":1,"minecraft:smooth_stone_slab":4,"minecraft:diamond_hoe":1,"minecraft:chicken":1,"minecraft:slime_block":136,"minecraft:stone_slab":29,"minecraft:orange_wool":9,"minecraft:nether_bricks":265,"minecraft:spruce_fence":23,"minecraft:cobblestone_slab":656,"minecraft:shroomlight":6,"minecraft:stone":9901,"minecraft:carved_pumpkin":3,"minecraft:warped_button":4,"minecraft:spider_eye":677,"minecraft:birch_boat":1,"minecraft:bell":1,"minecraft:black_wool":8,"minecraft:quartz_slab":370,"minecraft:spruce_sign":9,"minecraft:crimson_nylium":6,"minecraft:warped_stem":102,"minecraft:brown_mushroom":20,"minecraft:birch_planks":35,"minecraft:diamond_axe":6,"minecraft:lantern":2,"minecraft:flint":338,"minecraft:deepslate_tile_stairs":14,"minecraft:deepslate_gold_ore":9,"minecraft:netherite_scrap":1,"minecraft:crimson_roots":796,"minecraft:cooked_cod":1,"minecraft:amethyst_shard":8,"minecraft:birch_log":151,"minecraft:armor_stand":1,"minecraft:gravel":1897,"minecraft:crimson_fungus":105,"minecraft:blackstone":285,"minecraft:yellow_wool":8,"minecraft:lime_wool":8,"minecraft:diamond_shovel":4,"minecraft:prismarine":18,"minecraft:brown_shulker_box":2,"minecraft:chiseled_stone_bricks":128,"minecraft:shulker_shell":144,"minecraft:poppy":80,"minecraft:rabbit_hide":1,"minecraft:oak_fence_gate":1,"minecraft:gunpowder":418,"minecraft:birch_trapdoor":2,"minecraft:azalea":4,"minecraft:chest":43,"minecraft:basalt":211,"minecraft:arrow":600,"minecraft:powered_rail":1,"minecraft:prismarine_bricks":24,"minecraft:quartz":1663,"minecraft:written_book":7,"minecraft:netherrack":10308,"minecraft:firework_rocket":959,"minecraft:water_bucket":7,"minecraft:oak_slab":9,"minecraft:deepslate_iron_ore":35,"minecraft:mossy_cobblestone":17,"minecraft:minecart":36,"minecraft:diamond_leggings":8,"minecraft:poisonous_potato":11,"minecraft:lead":2,"minecraft:spectral_arrow":234,"minecraft:observer":1,"minecraft:copper_ingot":579,"minecraft:grass_block":11,"minecraft:stick":6424,"minecraft:blue_dye":1,"minecraft:diorite":1557,"minecraft:nether_gold_ore":25,"minecraft:brewing_stand":11,"minecraft:torch":268,"minecraft:brown_wool":9,"minecraft:smooth_quartz_slab":4,"minecraft:flowering_azalea":7,"minecraft:iron_axe":308,"minecraft:bucket":23,"minecraft:dandelion":18,"minecraft:smooth_basalt":13,"minecraft:redstone":1758,"minecraft:nether_brick_slab":111,"minecraft:anvil":2,"minecraft:warped_nylium":109,"minecraft:ender_chest":5,"minecraft:coarse_dirt":1,"minecraft:blaze_rod":767,"minecraft:nether_wart":45,"minecraft:raw_copper":1038,"minecraft:tuff":719,"minecraft:raw_iron":103,"minecraft:brown_glazed_terracotta":35,"minecraft:wither_skeleton_skull":122,"minecraft:light_gray_wool":9,"minecraft:iron_hoe":1,"minecraft:cyan_stained_glass_pane":592,"minecraft:filled_map":38,"minecraft:snow":66,"minecraft:shield":3,"minecraft:diamond_chestplate":7,"minecraft:mossy_stone_bricks":5,"minecraft:purple_bed":1,"minecraft:pink_wool":9,"minecraft:blue_ice":172,"minecraft:oak_boat":13,"minecraft:golden_sword":604,"minecraft:diamond_boots":10,"minecraft:slime_ball":31,"minecraft:beacon":130,"minecraft:purple_shulker_box":1,"minecraft:raw_gold":10,"minecraft:nether_quartz_ore":60,"minecraft:calcite":12},"minecraft:custom":{"minecraft:interact_with_crafting_table":1594,"minecraft:damage_blocked_by_shield":400,"minecraft:play_time":32214528,"minecraft:deaths":32,"minecraft:jump":355640,"minecraft:play_record":67,"minecraft:interact_with_cartography_table":2,"minecraft:interact_with_smoker":6,"minecraft:inspect_dispenser":233,"minecraft:horse_one_cm":153386,"minecraft:inspect_dropper":625,"minecraft:interact_with_anvil":557,"minecraft:inspect_hopper":1290,"minecraft:tune_noteblock":1293,"minecraft:time_since_rest":225291,"minecraft:swim_one_cm":2868010,"minecraft:open_chest":16368,"minecraft:open_shulker_box":5871,"minecraft:clean_armor":3,"minecraft:damage_resisted":3228,"minecraft:play_noteblock":498,"minecraft:talked_to_villager":2918,"minecraft:interact_with_brewingstand":107,"minecraft:interact_with_beacon":13,"minecraft:fill_cauldron":1,"minecraft:raid_win":25,"minecraft:boat_one_cm":28946338,"minecraft:damage_taken":207058,"minecraft:aviate_one_cm":313267002,"minecraft:open_barrel":5586,"minecraft:bell_ring":262,"minecraft:eat_cake_slice":5,"minecraft:leave_game":421,"minecraft:time_since_death":2450780,"minecraft:enchant_item":168,"minecraft:interact_with_furnace":716,"minecraft:traded_with_villager":20644,"minecraft:sleep_in_bed":186,"minecraft:damage_dealt":2636276,"minecraft:use_cauldron":4,"minecraft:interact_with_smithing_table":14,"minecraft:damage_dealt_absorbed":88,"minecraft:target_hit":83,"minecraft:sneak_time":1240707,"minecraft:interact_with_lectern":90,"minecraft:interact_with_blast_furnace":2,"minecraft:total_world_time":32214528,"minecraft:interact_with_stonecutter":11,"minecraft:fly_one_cm":91653081,"minecraft:fish_caught":1,"minecraft:fall_one_cm":11372163,"minecraft:animals_bred":48,"minecraft:sprint_one_cm":62909917,"minecraft:drop":7124,"minecraft:walk_on_water_one_cm":2452913,"minecraft:interact_with_loom":5,"minecraft:open_enderchest":1247,"minecraft:player_kills":8,"minecraft:crouch_one_cm":5288701,"minecraft:mob_kills":101599,"minecraft:climb_one_cm":1851486,"minecraft:walk_one_cm":27729875,"minecraft:strider_one_cm":214839,"minecraft:walk_under_water_one_cm":7294462,"minecraft:raid_trigger":240,"minecraft:pot_flower":6,"minecraft:interact_with_grindstone":105,"minecraft:damage_absorbed":4786,"minecraft:minecart_one_cm":337067,"minecraft:pig_one_cm":442},"minecraft:picked_up":{"minecraft:stone_slab":102,"minecraft:smithing_table":2,"minecraft:lead":7,"minecraft:enchanted_book":31,"minecraft:purple_shulker_box":17,"minecraft:music_disc_cat":11,"minecraft:polished_deepslate":21,"minecraft:string":882,"minecraft:orange_glazed_terracotta":65,"minecraft:shroomlight":7,"minecraft:sculk_shrieker":1,"minecraft:diamond_leggings":20,"minecraft:warped_slab":6,"minecraft:diamond_ore":5,"minecraft:jukebox":5,"minecraft:cyan_stained_glass":296,"minecraft:purpur_pillar":2,"minecraft:lightning_rod":1,"minecraft:warped_button":127,"minecraft:end_crystal":11,"minecraft:gray_shulker_box":23,"minecraft:golden_chestplate":3,"minecraft:cyan_stained_glass_pane":115,"minecraft:stone_sword":53,"minecraft:lime_carpet":2,"minecraft:blue_glazed_terracotta":1,"minecraft:red_tulip":3,"minecraft:carved_pumpkin":43,"minecraft:glowstone":110,"minecraft:end_rod":6,"minecraft:white_terracotta":9,"minecraft:blaze_rod":2645,"minecraft:iron_bars":29,"minecraft:snowball":2240,"minecraft:sponge":32,"minecraft:feather":6,"minecraft:cooked_beef":326,"minecraft:medium_amethyst_bud":18,"minecraft:water_bucket":17,"minecraft:brown_wool":18,"minecraft:copper_block":1,"minecraft:flint":528,"minecraft:lantern":28,"minecraft:gray_concrete_powder":26,"minecraft:purple_carpet":5,"minecraft:large_amethyst_bud":4,"minecraft:stonecutter":10,"minecraft:dark_oak_sign":12,"minecraft:diamond_helmet":19,"minecraft:rabbit":4,"minecraft:netherite_block":17,"minecraft:polished_andesite":28,"minecraft:deepslate":9108,"minecraft:lever":48,"minecraft:granite":3426,"minecraft:spruce_button":7,"minecraft:deepslate_coal_ore":58,"minecraft:rooted_dirt":105,"minecraft:crimson_roots":938,"minecraft:diamond_pickaxe":15,"minecraft:bee_nest":1,"minecraft:clay_ball":172,"minecraft:leather_leggings":3,"minecraft:redstone_lamp":9,"minecraft:purpur_block":5,"minecraft:cornflower":1,"minecraft:elytra":16,"minecraft:flint_and_steel":1,"minecraft:white_carpet":9,"minecraft:glass_pane":8,"minecraft:netherite_sword":23,"minecraft:stripped_warped_stem":1,"minecraft:jungle_sapling":567,"minecraft:poppy":257,"minecraft:spruce_slab":94,"minecraft:minecart":56,"minecraft:birch_sapling":691,"minecraft:piston":106,"minecraft:diamond_hoe":5,"minecraft:copper_ore":832,"minecraft:stone":40082,"minecraft:raw_gold_block":1,"minecraft:fire_charge":147,"minecraft:white_dye":2,"minecraft:netherite_pickaxe":50,"minecraft:cyan_shulker_box":1,"minecraft:jungle_sign":7,"minecraft:diamond_chestplate":16,"minecraft:purpur_slab":2,"minecraft:totem_of_undying":100,"minecraft:mutton":20,"minecraft:bone_block":597,"minecraft:rail":497,"minecraft:emerald_ore":8,"minecraft:yellow_shulker_box":14,"minecraft:tripwire_hook":1,"minecraft:jungle_fence":1,"minecraft:paper":232,"minecraft:apple":218,"minecraft:light_gray_glazed_terracotta":2,"minecraft:warped_stem":918,"minecraft:spore_blossom":7,"minecraft:oak_fence_gate":7,"minecraft:iron_ore":406,"minecraft:polished_andesite_stairs":8,"minecraft:smooth_basalt":437,"minecraft:milk_bucket":6,"minecraft:light_gray_stained_glass":2,"minecraft:sweet_berries":288,"minecraft:red_wool":19,"minecraft:crying_obsidian":273,"minecraft:leather_helmet":2,"minecraft:oak_wood":1,"minecraft:diamond_shovel":14,"minecraft:coal_ore":725,"minecraft:slime_ball":485,"minecraft:deepslate_redstone_ore":1067,"minecraft:birch_sign":34,"minecraft:baked_potato":38,"minecraft:smooth_quartz_slab":20,"minecraft:hopper":196,"minecraft:ender_chest":198,"minecraft:nether_brick_fence":33,"minecraft:yellow_wool":17,"minecraft:stone_brick_stairs":130,"minecraft:deepslate_lapis_ore":63,"minecraft:bucket":16,"minecraft:red_sand":1423,"minecraft:smooth_stone":298,"minecraft:comparator":103,"minecraft:red_dye":2,"minecraft:white_tulip":6,"minecraft:cobblestone_slab":1947,"minecraft:ender_eye":10,"minecraft:azalea":75,"minecraft:smooth_quartz":6,"minecraft:deepslate_iron_ore":430,"minecraft:blue_wool":15,"minecraft:birch_trapdoor":5,"minecraft:polished_deepslate_stairs":19,"minecraft:spruce_stairs":53,"minecraft:netherite_shovel":14,"minecraft:diorite":3669,"minecraft:goat_horn":1,"minecraft:andesite_wall":10,"minecraft:rotten_flesh":2673,"minecraft:brown_shulker_box":108,"minecraft:deepslate_copper_ore":42,"minecraft:obsidian":5687,"minecraft:cobblestone":26767,"minecraft:leather_chestplate":1,"minecraft:lilac":1,"minecraft:repeater":242,"minecraft:warped_fungus_on_a_stick":3,"minecraft:andesite":7287,"minecraft:golden_leggings":1,"minecraft:beacon":72,"minecraft:potato":122,"minecraft:prismarine_bricks":40,"minecraft:dirt":15996,"minecraft:name_tag":11,"minecraft:glass":156,"minecraft:bone":4868,"minecraft:bow":41,"minecraft:orange_tulip":3,"minecraft:wheat_seeds":3001,"minecraft:grindstone":3,"minecraft:netherite_axe":19,"minecraft:mossy_stone_bricks":53,"minecraft:bamboo":690,"minecraft:prismarine":24,"minecraft:light_blue_shulker_box":1,"minecraft:melon":3,"minecraft:grass_block":71,"minecraft:diamond_block":284,"minecraft:spectral_arrow":1475,"minecraft:jungle_slab":31,"minecraft:mossy_cobblestone":204,"minecraft:sugar":60,"minecraft:slime_block":173,"minecraft:netherite_helmet":18,"minecraft:crossbow":23,"minecraft:bone_meal":294,"minecraft:golden_apple":106,"minecraft:spruce_sign":38,"minecraft:emerald":2443,"minecraft:netherrack":17298,"minecraft:oak_leaves":307,"minecraft:azure_bluet":376,"minecraft:splash_potion":20,"minecraft:ladder":216,"minecraft:brown_mushroom":340,"minecraft:packed_ice":10295,"minecraft:pink_wool":18,"minecraft:stone_brick_wall":11,"minecraft:chain":2,"minecraft:shield":8,"minecraft:oak_trapdoor":20,"minecraft:moss_carpet":833,"minecraft:mycelium":119,"minecraft:birch_fence":2,"minecraft:magenta_wool":18,"minecraft:blackstone":1526,"minecraft:lime_wool":17,"minecraft:end_stone":184,"minecraft:note_block":16,"minecraft:trident":36,"minecraft:stone_pressure_plate":12,"minecraft:weeping_vines":78,"minecraft:red_shulker_box":102,"minecraft:nether_bricks":3854,"minecraft:brick_stairs":8,"minecraft:netherite_boots":17,"minecraft:jungle_boat":66,"minecraft:basalt":549,"minecraft:golden_carrot":511,"minecraft:leather":460,"minecraft:ice":13,"minecraft:crimson_fungus":128,"minecraft:gunpowder":217,"minecraft:cobbled_deepslate_stairs":9,"minecraft:yellow_bed":2,"minecraft:cobblestone_wall":184,"minecraft:cooked_mutton":1,"minecraft:red_carpet":191,"minecraft:gray_carpet":5,"minecraft:rabbit_hide":1,"minecraft:iron_ingot":114,"minecraft:cooked_chicken":4,"minecraft:polished_andesite_slab":5,"minecraft:nether_quartz_ore":1429,"minecraft:warped_fungus":19,"minecraft:emerald_block":830,"minecraft:stone_brick_slab":108,"minecraft:quartz":11116,"minecraft:dandelion":18,"minecraft:amethyst_shard":20,"minecraft:green_stained_glass":6,"minecraft:nether_brick_slab":133,"minecraft:spruce_door":18,"minecraft:pumpkin_seeds":13,"minecraft:sculk_sensor":10,"minecraft:white_concrete_powder":3839,"minecraft:damaged_anvil":4,"minecraft:netherite_hoe":3,"minecraft:iron_chestplate":1,"minecraft:anvil":11,"minecraft:diamond_sword":22,"minecraft:wither_rose":2,"minecraft:birch_button":1,"minecraft:brewing_stand":19,"minecraft:golden_sword":597,"minecraft:amethyst_block":279,"minecraft:soul_soil":229,"minecraft:blue_stained_glass_pane":18,"minecraft:gold_nugget":6985,"minecraft:cobbled_deepslate":7486,"minecraft:black_glazed_terracotta":1,"minecraft:spruce_planks":566,"minecraft:acacia_sign":1,"minecraft:written_book":13,"minecraft:enchanted_golden_apple":1,"minecraft:melon_slice":171,"minecraft:coal_block":98,"minecraft:composter":19,"minecraft:pink_carpet":4,"minecraft:warped_planks":203,"minecraft:deepslate_tile_stairs":107,"minecraft:rabbit_foot":2,"minecraft:black_dye":1,"minecraft:light_blue_wool":148,"minecraft:tropical_fish":1,"minecraft:iron_block":404,"minecraft:netherite_chestplate":16,"minecraft:birch_log":332,"minecraft:magma_block":6114,"minecraft:iron_door":7,"minecraft:birch_slab":1,"minecraft:jungle_log":916,"minecraft:map":3,"minecraft:netherite_leggings":17,"minecraft:gray_concrete":6,"minecraft:twisting_vines":15,"minecraft:chipped_anvil":5,"minecraft:glowstone_dust":866,"minecraft:moss_block":2317,"minecraft:gray_glazed_terracotta":6,"minecraft:warped_wart_block":138,"minecraft:dropper":29,"minecraft:ink_sac":152,"minecraft:dark_oak_log":15,"minecraft:barrel":23,"minecraft:quartz_bricks":33,"minecraft:white_candle":23,"minecraft:dispenser":9,"minecraft:writable_book":2,"minecraft:deepslate_gold_ore":165,"minecraft:blue_ice":474,"minecraft:bread":156,"minecraft:dark_oak_fence":25,"minecraft:bricks":158,"minecraft:spruce_leaves":2,"minecraft:crafting_table":67,"minecraft:purple_wool":19,"minecraft:nether_wart":332,"minecraft:crimson_trapdoor":3,"minecraft:jungle_trapdoor":30,"minecraft:snow":67,"minecraft:netherite_scrap":4,"minecraft:cracked_stone_bricks":33,"minecraft:respawn_anchor":4,"minecraft:deepslate_diamond_ore":570,"minecraft:music_disc_otherside":60,"minecraft:beef":100,"minecraft:cyan_wool":19,"minecraft:iron_nugget":678,"minecraft:quartz_stairs":5,"minecraft:chest":196,"minecraft:egg":22,"minecraft:sandstone":1,"minecraft:oak_door":4,"minecraft:amethyst_cluster":30,"minecraft:spruce_fence":30,"minecraft:redstone":10581,"minecraft:tnt":8,"minecraft:cooked_cod":1,"minecraft:peony":1,"minecraft:diamond_boots":18,"minecraft:shears":6,"minecraft:deepslate_bricks":632,"minecraft:warped_sign":1,"minecraft:gold_ingot":555,"minecraft:white_shulker_box":2,"minecraft:glow_berries":6,"minecraft:white_wool":254,"minecraft:stripped_oak_log":1,"minecraft:lapis_ore":35,"minecraft:red_mushroom_block":2,"minecraft:red_mushroom":31,"minecraft:filled_map":32,"minecraft:oak_log":1555,"minecraft:jungle_button":15,"minecraft:ancient_debris":118,"minecraft:golden_boots":1,"minecraft:white_banner":87,"minecraft:stone_bricks":1379,"minecraft:kelp":131,"minecraft:cobweb":1,"minecraft:glass_bottle":5,"minecraft:flowering_azalea":71,"minecraft:sculk":1,"minecraft:spyglass":1,"minecraft:gravel":3955,"minecraft:birch_stairs":3,"minecraft:small_amethyst_bud":24,"minecraft:spruce_sapling":5519,"minecraft:spruce_log":1471,"minecraft:sea_lantern":8,"minecraft:firework_rocket":1018,"minecraft:purple_bed":12,"minecraft:polished_diorite":3,"minecraft:diamond_axe":16,"minecraft:redstone_ore":37,"minecraft:gray_wool":116,"minecraft:warped_roots":138,"minecraft:melon_seeds":6,"minecraft:warped_nylium":441,"minecraft:crimson_nylium":13,"minecraft:ender_pearl":401,"minecraft:shulker_shell":201,"minecraft:chiseled_deepslate":2,"minecraft:wheat":807,"minecraft:redstone_block":363,"minecraft:light_gray_shulker_box":112,"minecraft:turtle_egg":1,"minecraft:potion":56,"minecraft:nether_brick":476,"minecraft:crimson_planks":9,"minecraft:raw_copper":3104,"minecraft:smooth_stone_slab":65,"minecraft:iron_leggings":1,"minecraft:sticky_piston":158,"minecraft:armor_stand":3,"minecraft:netherite_ingot":1,"minecraft:zombie_head":1,"minecraft:oak_sign":57,"minecraft:activator_rail":8,"minecraft:deepslate_tiles":265,"minecraft:black_shulker_box":36,"minecraft:redstone_torch":100,"minecraft:calcite":346,"minecraft:iron_boots":12,"minecraft:furnace":10,"minecraft:stick":6098,"minecraft:orange_shulker_box":43,"minecraft:oak_fence":2,"minecraft:torch":198,"minecraft:snow_block":27,"minecraft:porkchop":97,"minecraft:target":3,"minecraft:pointed_dripstone":113,"minecraft:quartz_block":248,"minecraft:nether_gold_ore":51,"minecraft:cactus":497,"minecraft:green_wool":18,"minecraft:cod":1,"minecraft:magma_cream":48,"minecraft:chiseled_quartz_block":2,"minecraft:tuff":5002,"minecraft:wither_skeleton_skull":94,"minecraft:green_shulker_box":1,"minecraft:lapis_lazuli":2029,"minecraft:leather_boots":4,"minecraft:bell":4,"minecraft:cobbled_deepslate_wall":12,"minecraft:deepslate_brick_slab":1,"minecraft:raw_gold":591,"minecraft:cobbled_deepslate_slab":3,"minecraft:powered_rail":255,"minecraft:oak_planks":302,"minecraft:ghast_tear":21,"minecraft:cooked_porkchop":594,"minecraft:music_disc_13":4,"minecraft:sand":10633,"minecraft:poisonous_potato":2,"minecraft:jungle_planks":689,"minecraft:shulker_box":176,"minecraft:orange_wool":18,"minecraft:dark_prismarine":5,"minecraft:spruce_fence_gate":3,"minecraft:diamond":2258,"minecraft:spruce_boat":120,"minecraft:white_concrete":1413,"minecraft:oak_sapling":1730,"minecraft:nether_star":166,"minecraft:end_stone_bricks":3,"minecraft:cocoa_beans":122,"minecraft:fishing_rod":3,"minecraft:charcoal":2,"minecraft:chicken":4,"minecraft:gold_block":449,"minecraft:stone_stairs":5,"minecraft:iron_axe":15,"minecraft:item_frame":37,"minecraft:quartz_slab":744,"minecraft:candle":29,"minecraft:detector_rail":7,"minecraft:oak_boat":113,"minecraft:player_head":382,"minecraft:observer":203,"minecraft:blue_shulker_box":2,"minecraft:light_gray_wool":18,"minecraft:lectern":103,"minecraft:tinted_glass":2,"minecraft:sugar_cane":1378,"minecraft:phantom_membrane":39,"minecraft:spruce_trapdoor":72,"minecraft:raw_iron":1847,"minecraft:copper_ingot":2794,"minecraft:bowl":4,"minecraft:gray_dye":56,"minecraft:quartz_pillar":118,"minecraft:stone_button":72,"minecraft:magenta_shulker_box":15,"minecraft:dark_oak_planks":2,"minecraft:arrow":883,"minecraft:jungle_stairs":4,"minecraft:saddle":23,"minecraft:wet_sponge":47,"minecraft:crimson_stem":32,"minecraft:glow_ink_sac":163,"minecraft:salmon":2,"minecraft:birch_planks":74,"minecraft:yellow_glazed_terracotta":3,"minecraft:nether_wart_block":2,"minecraft:cobblestone_stairs":10,"minecraft:deepslate_tile_slab":99,"minecraft:smooth_sandstone":37,"minecraft:soul_sand":1439,"minecraft:book":186,"minecraft:oak_slab":54,"minecraft:scaffolding":8,"minecraft:birch_boat":19,"minecraft:pumpkin":285,"minecraft:chiseled_stone_bricks":74,"minecraft:raw_iron_block":1,"minecraft:dripstone_block":240,"minecraft:blast_furnace":6,"minecraft:white_bed":17,"minecraft:gold_ore":17,"minecraft:dark_oak_fence_gate":26,"minecraft:spider_eye":111,"minecraft:stripped_jungle_log":21,"minecraft:cyan_banner":1,"minecraft:music_disc_mall":7,"minecraft:honey_block":242,"minecraft:iron_helmet":6,"minecraft:black_wool":18,"minecraft:coal":2383},"minecraft:crafted":{"minecraft:black_dye":46,"minecraft:oak_sign":51,"minecraft:melon":513,"minecraft:blaze_powder":1150,"minecraft:birch_boat":1,"minecraft:chain":40,"minecraft:blue_stained_glass_pane":1792,"minecraft:diamond_shovel":10,"minecraft:shulker_box":208,"minecraft:diamond_helmet":4,"minecraft:beacon":147,"minecraft:stone_pressure_plate":13,"minecraft:iron_door":3,"minecraft:white_shulker_box":3,"minecraft:turtle_helmet":2,"minecraft:blue_stained_glass":680,"minecraft:redstone_lamp":35,"minecraft:end_rod":4,"minecraft:polished_andesite_stairs":204,"minecraft:jungle_boat":4,"minecraft:glow_item_frame":1,"minecraft:raw_gold_block":6,"minecraft:smithing_table":2,"minecraft:sticky_piston":212,"minecraft:green_stained_glass":8,"minecraft:polished_deepslate_slab":6,"minecraft:cartography_table":1,"minecraft:stone_brick_stairs":416,"minecraft:stone_slab":1152,"minecraft:iron_pickaxe":1,"minecraft:netherite_ingot":24,"minecraft:composter":15,"minecraft:jungle_sign":12,"minecraft:golden_carrot":2679,"minecraft:jukebox":1,"minecraft:orange_shulker_box":13,"minecraft:iron_nugget":522,"minecraft:diamond_hoe":6,"minecraft:blue_shulker_box":2,"minecraft:spruce_fence":87,"minecraft:stone_stairs":8,"minecraft:lantern":186,"minecraft:spruce_stairs":336,"minecraft:light_gray_shulker_box":28,"minecraft:polished_diorite":32,"minecraft:red_shulker_box":15,"minecraft:stone_pickaxe":1,"minecraft:quartz_slab":6390,"minecraft:spruce_boat":13,"minecraft:leather_helmet":5,"minecraft:deepslate_tiles":1140,"minecraft:enchanted_book":177,"minecraft:orange_dye":12,"minecraft:oak_fence_gate":79,"minecraft:red_stained_glass":8,"minecraft:fermented_spider_eye":53,"minecraft:birch_trapdoor":10,"minecraft:iron_shovel":2,"minecraft:note_block":1729,"minecraft:cobblestone_slab":10456,"minecraft:barrel":26,"minecraft:lightning_rod":576,"minecraft:stone":96,"minecraft:snow":774,"minecraft:quartz_pillar":32,"minecraft:warped_planks":3600,"minecraft:cake":21,"minecraft:stone_brick_slab":144,"minecraft:bow":1747,"minecraft:comparator":19,"minecraft:chest":3197,"minecraft:oak_button":48,"minecraft:yellow_terracotta":7,"minecraft:copper_block":11,"minecraft:rail":336,"minecraft:bricks":40,"minecraft:ender_eye":399,"minecraft:stone_bricks":3576,"minecraft:oak_fence":69,"minecraft:white_banner":2,"minecraft:dropper":1757,"minecraft:iron_helmet":1,"minecraft:brown_dye":70,"minecraft:red_wool":1,"minecraft:dispenser":1731,"minecraft:apple":192,"minecraft:tnt":16,"minecraft:spruce_trapdoor":848,"minecraft:yellow_dye":20,"minecraft:purple_dye":2,"minecraft:netherite_block":3,"minecraft:gray_terracotta":12,"minecraft:stick":10824,"minecraft:iron_ingot":5243,"minecraft:light_blue_shulker_box":2,"minecraft:dark_oak_fence_gate":382,"minecraft:deepslate_bricks":1780,"minecraft:blue_terracotta":12,"minecraft:deepslate_tile_slab":276,"minecraft:nether_brick_slab":4980,"minecraft:stone_brick_wall":12,"minecraft:fishing_rod":1,"minecraft:leather_boots":6,"minecraft:spruce_button":27,"minecraft:furnace":11,"minecraft:piston":2145,"minecraft:mushroom_stew":13,"minecraft:polished_andesite_slab":108,"minecraft:raw_copper_block":118,"minecraft:oak_trapdoor":1974,"minecraft:flint_and_steel":5,"minecraft:cobblestone_wall":402,"minecraft:brown_shulker_box":70,"minecraft:honey_block":41,"minecraft:birch_sign":27,"minecraft:purple_stained_glass":8,"minecraft:purple_shulker_box":3,"minecraft:iron_sword":2,"minecraft:golden_shovel":1,"minecraft:jungle_planks":3584,"minecraft:white_dye":82,"minecraft:stonecutter":8,"minecraft:anvil":47,"minecraft:diorite_slab":6,"minecraft:torch":1056,"minecraft:granite_slab":6,"minecraft:diamond_chestplate":4,"minecraft:ender_chest":350,"minecraft:jungle_button":58,"minecraft:smooth_stone":64,"minecraft:birch_slab":96,"minecraft:slime_block":294,"minecraft:lever":37,"minecraft:bookshelf":46,"minecraft:cooked_mutton":2,"minecraft:iron_bars":32,"minecraft:magenta_shulker_box":2,"minecraft:quartz_block":3643,"minecraft:glass":6268,"minecraft:light_blue_terracotta":12,"minecraft:repeater":291,"minecraft:diamond_leggings":1,"minecraft:cyan_stained_glass_pane":7520,"minecraft:netherite_boots":1,"minecraft:birch_fence_gate":1,"minecraft:chiseled_quartz_block":5,"minecraft:magenta_dye":64,"minecraft:glass_bottle":15,"minecraft:target":1,"minecraft:emerald":40567,"minecraft:diamond_axe":6,"minecraft:spruce_door":15,"minecraft:copper_ingot":298,"minecraft:oak_wood":3,"minecraft:hay_block":1,"minecraft:campfire":1,"minecraft:lime_shulker_box":1,"minecraft:chiseled_deepslate":1,"minecraft:compass":176,"minecraft:iron_block":140,"minecraft:gold_ingot":7720,"minecraft:light_gray_dye":66,"minecraft:spruce_fence_gate":24,"minecraft:smooth_stone_slab":1970,"minecraft:leather_leggings":5,"minecraft:polished_deepslate_stairs":184,"minecraft:player_head":27,"minecraft:pufferfish_bucket":4,"minecraft:bone_meal":102917,"minecraft:cyan_stained_glass":3192,"minecraft:pink_dye":130,"minecraft:andesite_wall":12,"minecraft:white_carpet":15,"minecraft:diamond":1467,"minecraft:detector_rail":6,"minecraft:ladder":504,"minecraft:spruce_slab":576,"minecraft:ender_pearl":232,"minecraft:diamond_boots":4,"minecraft:cobbled_deepslate_stairs":160,"minecraft:redstone_block":1733,"minecraft:dark_oak_planks":1688,"minecraft:dripstone_block":160,"minecraft:coal_block":1230,"minecraft:cyan_glazed_terracotta":7,"minecraft:netherite_pickaxe":2,"minecraft:gray_concrete_powder":64,"minecraft:polished_granite":72,"minecraft:glowstone":897,"minecraft:jungle_slab":24,"minecraft:golden_apple":142,"minecraft:gray_shulker_box":13,"minecraft:cyan_shulker_box":1,"minecraft:oak_stairs":8,"minecraft:deepslate_tile_stairs":324,"minecraft:iron_leggings":1,"minecraft:white_bed":45,"minecraft:music_disc_5":1,"minecraft:light_gray_glazed_terracotta":13,"minecraft:brick":1040,"minecraft:oak_planks":14985,"minecraft:pink_shulker_box":1,"minecraft:cobblestone_stairs":40,"minecraft:green_dye":156,"minecraft:hopper":621,"minecraft:iron_boots":1,"minecraft:chiseled_stone_bricks":444,"minecraft:raw_iron_block":1,"minecraft:quartz_stairs":56,"minecraft:oak_slab":132,"minecraft:item_frame":69,"minecraft:map":67,"minecraft:crafting_table":88,"minecraft:spruce_planks":46784,"minecraft:wooden_pickaxe":1,"minecraft:baked_potato":1,"minecraft:gold_block":535,"minecraft:hopper_minecart":9,"minecraft:brewing_stand":61,"minecraft:birch_planks":1320,"minecraft:black_shulker_box":10,"minecraft:dark_oak_slab":66,"minecraft:iron_chestplate":1,"minecraft:book":30,"minecraft:paper":2730,"minecraft:diamond_pickaxe":24,"minecraft:emerald_block":3114,"minecraft:shield":4,"minecraft:warped_slab":198,"minecraft:light_blue_dye":64,"minecraft:netherite_hoe":1,"minecraft:stone_sword":5,"minecraft:snow_block":444,"minecraft:green_shulker_box":1,"minecraft:gray_carpet":3,"minecraft:redstone_torch":2171,"minecraft:shears":6,"minecraft:polished_andesite":1468,"minecraft:purple_wool":1,"minecraft:cobbled_deepslate_slab":72,"minecraft:redstone":31806,"minecraft:raw_iron":18,"minecraft:coal":189,"minecraft:stone_button":22,"minecraft:jungle_trapdoor":528,"minecraft:gray_dye":22,"minecraft:dark_oak_sign":3,"minecraft:diamond_block":678,"minecraft:blue_ice":1294,"minecraft:yellow_shulker_box":13,"minecraft:polished_deepslate":2576,"minecraft:black_terracotta":7,"minecraft:iron_axe":2,"minecraft:spruce_wood":3,"minecraft:iron_hoe":2,"minecraft:slime_ball":1458,"minecraft:warped_button":3120,"minecraft:netherite_scrap":57,"minecraft:observer":2101,"minecraft:minecart":20,"minecraft:cooked_beef":29,"minecraft:sugar":193,"minecraft:red_dye":142,"minecraft:crimson_planks":116,"minecraft:bone_block":6086,"minecraft:diamond_sword":15,"minecraft:cyan_dye":428,"minecraft:spruce_sign":39,"minecraft:powered_rail":264,"minecraft:bell":38,"minecraft:bowl":4,"minecraft:bucket":53,"minecraft:bread":436,"minecraft:air":0,"minecraft:blue_dye":473,"minecraft:oak_boat":5,"minecraft:lapis_lazuli":909,"minecraft:lapis_block":94,"minecraft:firework_rocket":8963},"minecraft:used":{"minecraft:moss_block":173,"minecraft:writable_book":28,"minecraft:chiseled_deepslate":11,"minecraft:smooth_quartz_slab":14,"minecraft:dispenser":27,"minecraft:poppy":4,"minecraft:stone":14887,"minecraft:quartz_stairs":26,"minecraft:rotten_flesh":7,"minecraft:soul_sand":979,"minecraft:cocoa_beans":46,"minecraft:deepslate_brick_slab":1,"minecraft:snowball":9,"minecraft:azure_bluet":3,"minecraft:spruce_boat":124,"minecraft:jungle_sapling":521,"minecraft:packed_ice":429,"minecraft:lava_bucket":37,"minecraft:quartz_pillar":38,"minecraft:red_wool":9,"minecraft:deepslate_copper_ore":31,"minecraft:quartz_block":703,"minecraft:netherite_hoe":2031,"minecraft:netherite_boots":1,"minecraft:bow":1368,"minecraft:yellow_glazed_terracotta":27,"minecraft:oak_sapling":608,"minecraft:mossy_stone_bricks":35,"minecraft:damaged_anvil":4,"minecraft:chorus_fruit":4,"minecraft:prismarine":6,"minecraft:blackstone":10,"minecraft:cactus":191,"minecraft:wooden_pickaxe":3,"minecraft:black_glazed_terracotta":25,"minecraft:composter":21,"minecraft:jungle_boat":65,"minecraft:golden_apple":109,"minecraft:glow_berries":26,"minecraft:cyan_dye":1,"minecraft:chiseled_quartz_block":7,"minecraft:gray_concrete":6,"minecraft:birch_slab":1,"minecraft:deepslate_iron_ore":350,"minecraft:diamond_sword":4259,"minecraft:coal_block":32,"minecraft:smithing_table":3,"minecraft:birch_log":6,"minecraft:poisonous_potato":6,"minecraft:oak_boat":95,"minecraft:compass":1,"minecraft:purple_wool":10,"minecraft:diorite_slab":1,"minecraft:oak_trapdoor":1962,"minecraft:carved_pumpkin":27,"minecraft:armor_stand":1,"minecraft:torch":345,"minecraft:brewing_stand":34,"minecraft:nether_quartz_ore":1303,"minecraft:light_gray_glazed_terracotta":26,"minecraft:golden_shovel":1,"minecraft:oak_fence_gate":52,"minecraft:sea_lantern":40,"minecraft:chipped_anvil":4,"minecraft:iron_block":165,"minecraft:jungle_log":217,"minecraft:barrel":45,"minecraft:bamboo":7,"minecraft:diamond_chestplate":2,"minecraft:basalt":93,"minecraft:calcite":18,"minecraft:wheat_seeds":1004,"minecraft:light_blue_shulker_box":3,"minecraft:birch_planks":45,"minecraft:glow_ink_sac":54,"minecraft:spruce_fence_gate":13,"minecraft:leather_boots":1,"minecraft:deepslate_bricks":633,"minecraft:diamond_block":140,"minecraft:rail":673,"minecraft:sculk_shrieker":1,"minecraft:campfire":1,"minecraft:white_bed":57,"minecraft:spruce_log":405,"minecraft:blue_stained_glass_pane":1196,"minecraft:diamond_pickaxe":24144,"minecraft:diamond_shovel":5929,"minecraft:acacia_sign":1,"minecraft:oak_button":37,"minecraft:spruce_trapdoor":775,"minecraft:spruce_sapling":2652,"minecraft:potion":10,"minecraft:purple_bed":6,"minecraft:porkchop":4,"minecraft:cooked_porkchop":452,"minecraft:stripped_oak_log":1,"minecraft:diamond_leggings":2,"minecraft:green_stained_glass":7,"minecraft:moss_carpet":2599,"minecraft:red_sand":623,"minecraft:polished_deepslate":507,"minecraft:melon":5,"minecraft:bone_block":974,"minecraft:nether_wart":296,"minecraft:orange_glazed_terracotta":18,"minecraft:jungle_planks":312,"minecraft:music_disc_13":2,"minecraft:obsidian":4000,"minecraft:honey_bottle":2,"minecraft:spruce_wood":3,"minecraft:lantern":36,"minecraft:green_wool":9,"minecraft:warped_nylium":317,"minecraft:raw_gold_block":6,"minecraft:item_frame":91,"minecraft:deepslate_diamond_ore":566,"minecraft:golden_sword":4,"minecraft:birch_button":7,"minecraft:birch_trapdoor":11,"minecraft:written_book":29,"minecraft:jungle_button":36,"minecraft:blue_shulker_box":3,"minecraft:gold_block":864,"minecraft:ink_sac":2,"minecraft:end_rod":3,"minecraft:diamond_boots":2,"minecraft:dropper":113,"minecraft:wither_skeleton_skull":454,"minecraft:stone_pickaxe":48,"minecraft:gray_carpet":6,"minecraft:jungle_fence":1,"minecraft:oak_planks":204,"minecraft:diamond_axe":1948,"minecraft:sugar_cane":328,"minecraft:white_wool":110,"minecraft:mushroom_stew":13,"minecraft:light_blue_wool":133,"minecraft:crossbow":1,"minecraft:deepslate_lapis_ore":48,"minecraft:end_stone":38,"minecraft:sticky_piston":234,"minecraft:lever":57,"minecraft:bread":145,"minecraft:brown_wool":9,"minecraft:warped_slab":106,"minecraft:iron_door":8,"minecraft:deepslate":2980,"minecraft:chain":7,"minecraft:smooth_stone_slab":1761,"minecraft:netherite_sword":33647,"minecraft:flint_and_steel":11,"minecraft:white_tulip":5,"minecraft:redstone":1990,"minecraft:ender_chest":182,"minecraft:brown_shulker_box":129,"minecraft:deepslate_gold_ore":148,"minecraft:dirt":5769,"minecraft:prismarine_bricks":16,"minecraft:bee_nest":1,"minecraft:spruce_fence":99,"minecraft:iron_hoe":368,"minecraft:oak_stairs":7,"minecraft:smooth_sandstone":4,"minecraft:soul_soil":108,"minecraft:deepslate_tile_stairs":283,"minecraft:minecart":25,"minecraft:netherite_pickaxe":265432,"minecraft:cooked_beef":143,"minecraft:pumpkin":172,"minecraft:powder_snow_bucket":42,"minecraft:enchanted_golden_apple":1,"minecraft:cobbled_deepslate_wall":12,"minecraft:quartz_bricks":39,"minecraft:cobblestone_stairs":33,"minecraft:snow_block":95,"minecraft:baked_potato":39,"minecraft:birch_boat":19,"minecraft:brown_mushroom":22,"minecraft:spruce_sign":38,"minecraft:music_disc_cat":13,"minecraft:brown_glazed_terracotta":13,"minecraft:cyan_stained_glass":2,"minecraft:netherite_block":14,"minecraft:piston":492,"minecraft:black_wool":9,"minecraft:chicken":1,"minecraft:lapis_ore":20,"minecraft:detector_rail":2,"minecraft:jungle_stairs":4,"minecraft:stone_slab":1260,"minecraft:yellow_wool":9,"minecraft:stone_axe":1,"minecraft:cobbled_deepslate_slab":23,"minecraft:cyan_stained_glass_pane":5398,"minecraft:pink_shulker_box":1,"minecraft:pumpkin_pie":47,"minecraft:gray_wool":155,"minecraft:spruce_slab":514,"minecraft:elytra":3,"minecraft:ladder":25,"minecraft:chest":513,"minecraft:white_shulker_box":6,"minecraft:blue_stained_glass":1,"minecraft:jungle_slab":3,"minecraft:orange_wool":9,"minecraft:honey_block":124,"minecraft:honeycomb":1,"minecraft:netherite_shovel":42546,"minecraft:grass_block":412,"minecraft:birch_sapling":525,"minecraft:orange_shulker_box":46,"minecraft:polished_andesite_stairs":196,"minecraft:copper_ore":76,"minecraft:wet_sponge":29,"minecraft:pink_wool":9,"minecraft:stone_brick_stairs":239,"minecraft:sweet_berries":169,"minecraft:furnace":14,"minecraft:egg":5,"minecraft:potato":13,"minecraft:magenta_shulker_box":16,"minecraft:diorite":614,"minecraft:spruce_door":24,"minecraft:warped_fungus_on_a_stick":146,"minecraft:red_stained_glass":1,"minecraft:powered_rail":266,"minecraft:orange_tulip":3,"minecraft:oak_leaves":1012,"minecraft:respawn_anchor":2,"minecraft:blue_dye":22,"minecraft:sand":144,"minecraft:blue_ice":383,"minecraft:pumpkin_seeds":23,"minecraft:lightning_rod":1,"minecraft:deepslate_tiles":330,"minecraft:crying_obsidian":7,"minecraft:stone_button":243,"minecraft:spore_blossom":1,"minecraft:lectern":104,"minecraft:diamond_ore":5,"minecraft:polished_andesite_slab":85,"minecraft:fire_charge":4,"minecraft:ice":1,"minecraft:iron_bars":18,"minecraft:brain_coral_fan":1,"minecraft:mycelium":6,"minecraft:netherrack":6246,"minecraft:green_glazed_terracotta":12,"minecraft:light_gray_shulker_box":120,"minecraft:warped_wart_block":1,"minecraft:anvil":46,"minecraft:target":3,"minecraft:stone_stairs":13,"minecraft:nether_brick_slab":4999,"minecraft:jungle_trapdoor":553,"minecraft:polished_diorite":3,"minecraft:red_shulker_box":110,"minecraft:flowering_azalea":4,"minecraft:cyan_shulker_box":2,"minecraft:iron_axe":242,"minecraft:slime_block":139,"minecraft:spruce_button":14,"minecraft:smooth_quartz":6,"minecraft:totem_of_undying":46,"minecraft:melon_seeds":16,"minecraft:smooth_basalt":71,"minecraft:glowstone":2,"minecraft:magenta_wool":9,"minecraft:gray_glazed_terracotta":30,"minecraft:observer":503,"minecraft:cobbled_deepslate":1115,"minecraft:pointed_dripstone":1,"minecraft:crimson_stem":2,"minecraft:water_bucket":4532,"minecraft:yellow_shulker_box":19,"minecraft:lime_wool":9,"minecraft:cartography_table":1,"minecraft:red_mushroom_block":2,"minecraft:cracked_stone_bricks":10,"minecraft:salmon":1,"minecraft:mossy_cobblestone":13,"minecraft:comparator":136,"minecraft:tnt":22,"minecraft:oak_slab":175,"minecraft:crafting_table":99,"minecraft:birch_sign":34,"minecraft:dark_oak_fence_gate":204,"minecraft:lime_shulker_box":1,"minecraft:cake":16,"minecraft:oak_log":123,"minecraft:dark_prismarine":5,"minecraft:ender_eye":33,"minecraft:iron_pickaxe":242,"minecraft:crimson_nylium":3,"minecraft:chiseled_stone_bricks":8,"minecraft:cobblestone":10421,"minecraft:jukebox":5,"minecraft:light_gray_dye":1,"minecraft:iron_shovel":497,"minecraft:diamond_hoe":373,"minecraft:oak_sign":81,"minecraft:white_concrete_powder":7415,"minecraft:shield":10,"minecraft:white_terracotta":1,"minecraft:iron_sword":258,"minecraft:purple_shulker_box":17,"minecraft:bell":5,"minecraft:player_head":36,"minecraft:sculk_sensor":1,"minecraft:nether_bricks":2670,"minecraft:deepslate_tile_slab":247,"minecraft:tuff":1034,"minecraft:cyan_wool":9,"minecraft:axolotl_bucket":6,"minecraft:milk_bucket":25,"minecraft:polished_deepslate_stairs":124,"minecraft:glass":1659,"minecraft:coal_ore":353,"minecraft:quartz_slab":6221,"minecraft:gray_concrete_powder":64,"minecraft:hopper_minecart":9,"minecraft:stone_bricks":2893,"minecraft:repeater":413,"minecraft:redstone_lamp":41,"minecraft:magma_block":2589,"minecraft:hay_block":3,"minecraft:scaffolding":8,"minecraft:dark_oak_sign":10,"minecraft:ender_pearl":85,"minecraft:redstone_block":226,"minecraft:deepslate_redstone_ore":1056,"minecraft:sponge":26,"minecraft:note_block":25,"minecraft:dripstone_block":55,"minecraft:stone_brick_wall":17,"minecraft:cobbled_deepslate_stairs":85,"minecraft:shears":286,"minecraft:redstone_torch":128,"minecraft:firework_rocket":9480,"minecraft:birch_fence_gate":1,"minecraft:music_disc_mall":5,"minecraft:gray_shulker_box":28,"minecraft:melon_slice":198,"minecraft:string":45,"minecraft:gravel":528,"minecraft:granite_slab":4,"minecraft:jungle_sign":9,"minecraft:grindstone":1,"minecraft:andesite":1347,"minecraft:deepslate_coal_ore":21,"minecraft:white_concrete":6345,"minecraft:warped_button":3135,"minecraft:golden_pickaxe":32,"minecraft:cobweb":1,"minecraft:azalea":3,"minecraft:oak_fence":38,"minecraft:trident":2368,"minecraft:purpur_block":3,"minecraft:music_disc_otherside":47,"minecraft:redstone_ore":23,"minecraft:spruce_planks":3069,"minecraft:spyglass":144,"minecraft:white_carpet":21,"minecraft:hopper":564,"minecraft:spruce_stairs":308,"minecraft:cobblestone_wall":191,"minecraft:diamond_helmet":2,"minecraft:shulker_box":190,"minecraft:oak_wood":1,"minecraft:salmon_bucket":1,"minecraft:pink_carpet":4,"minecraft:granite":657,"minecraft:andesite_wall":11,"minecraft:stone_brick_slab":86,"minecraft:red_tulip":1,"minecraft:bookshelf":34,"minecraft:crimson_planks":2,"minecraft:light_gray_wool":9,"minecraft:golden_carrot":2999,"minecraft:emerald_block":416,"minecraft:cyan_banner":1,"minecraft:stone_pressure_plate":16,"minecraft:red_dye":30,"minecraft:cooked_mutton":2,"minecraft:iron_ore":150,"minecraft:amethyst_block":56,"minecraft:glass_bottle":36,"minecraft:polished_andesite":731,"minecraft:netherite_chestplate":2,"minecraft:blue_wool":10,"minecraft:copper_block":12,"minecraft:black_shulker_box":44,"minecraft:white_dye":1,"minecraft:beacon":11,"minecraft:stonecutter":18,"minecraft:cobblestone_slab":10617,"minecraft:glow_item_frame":1,"minecraft:nether_gold_ore":1,"minecraft:purple_stained_glass":2,"minecraft:apple":2,"minecraft:activator_rail":3,"minecraft:map":1,"minecraft:netherite_axe":4228,"minecraft:green_shulker_box":2,"minecraft:fishing_rod":2,"minecraft:bucket":4625,"minecraft:yellow_bed":2,"minecraft:purple_carpet":5,"minecraft:smooth_stone":109,"minecraft:splash_potion":13},"minecraft:killed":{"minecraft:guardian":2,"minecraft:skeleton_horse":39,"minecraft:iron_golem":4,"minecraft:pillager":6624,"minecraft:goat":6,"minecraft:donkey":3,"minecraft:zombie":304,"minecraft:evoker":1133,"minecraft:vindicator":5240,"minecraft:snow_golem":1,"minecraft:husk":2,"minecraft:rabbit":4,"minecraft:ravager":3,"minecraft:polar_bear":1,"minecraft:zombified_piglin":49470,"minecraft:witch":1661,"minecraft:spider":67,"minecraft:wither":130,"minecraft:bee":1,"minecraft:axolotl":10,"minecraft:silverfish":13,"minecraft:piglin_brute":1,"minecraft:piglin":125,"minecraft:zombie_villager":7,"minecraft:sheep":29,"minecraft:trader_llama":17,"minecraft:mooshroom":3,"minecraft:ghast":31,"minecraft:vex":1,"minecraft:slime":211,"minecraft:drowned":3,"minecraft:hoglin":32,"minecraft:squid":46,"minecraft:wither_skeleton":14223,"minecraft:villager":1,"minecraft:cave_spider":6,"minecraft:shulker":123,"minecraft:skeleton":3828,"minecraft:fox":25,"minecraft:chicken":17,"minecraft:cat":3,"minecraft:magma_cube":105,"minecraft:glow_squid":42,"minecraft:cow":53,"minecraft:horse":3,"minecraft:wandering_trader":4,"minecraft:enderman":62,"minecraft:wolf":5,"minecraft:pig":12,"minecraft:strider":8,"minecraft:creeper":134,"minecraft:blaze":13179,"minecraft:phantom":53,"minecraft:panda":8,"minecraft:bat":4},"minecraft:killed_by":{"minecraft:zombie":1,"minecraft:ghast":1,"minecraft:skeleton":1,"minecraft:vex":1,"minecraft:slime":1,"minecraft:creeper":1,"minecraft:player":5,"minecraft:iron_golem":1},"minecraft:mined":{"minecraft:dragon_wall_head":1,"minecraft:red_shulker_box":100,"minecraft:white_bed":1,"minecraft:granite":6973,"minecraft:brown_wool":18,"minecraft:blue_wool":18,"minecraft:oak_wall_sign":29,"minecraft:nether_wart":116,"minecraft:spawner":23,"minecraft:magma_block":1716,"minecraft:cobbled_deepslate":177,"minecraft:barrel":18,"minecraft:fire":347,"minecraft:deepslate_lapis_ore":182,"minecraft:twisting_vines":1,"minecraft:white_shulker_box":2,"minecraft:white_banner":1,"minecraft:player_head":9,"minecraft:tripwire":26,"minecraft:jungle_trapdoor":35,"minecraft:kelp_plant":101,"minecraft:crimson_nylium":50,"minecraft:deepslate_tile_slab":53,"minecraft:powder_snow":54,"minecraft:torch":33,"minecraft:note_block":14,"minecraft:melon":4,"minecraft:dead_bush":14,"minecraft:nether_brick_slab":74,"minecraft:spruce_wall_sign":15,"minecraft:smooth_quartz_slab":19,"minecraft:white_candle":12,"minecraft:sugar_cane":701,"minecraft:bricks":158,"minecraft:amethyst_block":362,"minecraft:white_terracotta":11,"minecraft:chain":4,"minecraft:repeater":106,"minecraft:jukebox":5,"minecraft:yellow_glazed_terracotta":3,"minecraft:grass":1555,"minecraft:birch_button":5,"minecraft:smooth_quartz":4,"minecraft:smooth_basalt":538,"minecraft:acacia_sign":1,"minecraft:deepslate":27901,"minecraft:deepslate_tiles":166,"minecraft:dark_prismarine":5,"minecraft:light_blue_wool":114,"minecraft:mossy_cobblestone":91,"minecraft:cyan_stained_glass":11,"minecraft:sea_lantern":5,"minecraft:end_stone":188,"minecraft:spruce_fence":24,"minecraft:redstone_wire":522,"minecraft:red_mushroom":16,"minecraft:white_concrete_powder":14,"minecraft:redstone_ore":71,"minecraft:andesite":11230,"minecraft:rail":377,"minecraft:cobblestone_slab":653,"minecraft:respawn_anchor":2,"minecraft:bone_block":50,"minecraft:green_wool":18,"minecraft:ender_chest":161,"minecraft:oak_slab":49,"minecraft:redstone_block":216,"minecraft:glass_pane":8,"minecraft:soul_sand":1036,"minecraft:dandelion":1,"minecraft:cornflower":1,"minecraft:warped_roots":39,"minecraft:campfire":1,"minecraft:lightning_rod":1,"minecraft:tall_grass":176,"minecraft:purpur_pillar":2,"minecraft:copper_ore":2225,"minecraft:deepslate_gold_ore":447,"minecraft:diorite":7426,"minecraft:warped_wart_block":298,"minecraft:purple_wool":19,"minecraft:cobblestone_wall":99,"minecraft:dark_oak_wall_sign":4,"minecraft:gravel":5670,"minecraft:cobweb":78,"minecraft:stone_bricks":1212,"minecraft:chipped_anvil":5,"minecraft:gold_ore":32,"minecraft:fern":9,"minecraft:stone_pressure_plate":5,"minecraft:farmland":20,"minecraft:orange_wool":18,"minecraft:brewing_stand":9,"minecraft:spruce_trapdoor":45,"minecraft:budding_amethyst":14,"minecraft:white_concrete":3987,"minecraft:polished_diorite":3,"minecraft:composter":11,"minecraft:green_stained_glass":6,"minecraft:pointed_dripstone":57,"minecraft:red_tulip":3,"minecraft:iron_bars":16,"minecraft:azalea":5,"minecraft:spruce_slab":66,"minecraft:netherite_block":15,"minecraft:deepslate_redstone_ore":2489,"minecraft:brown_shulker_box":105,"minecraft:quartz_block":185,"minecraft:medium_amethyst_bud":29,"minecraft:purpur_stairs":3,"minecraft:jungle_stairs":4,"minecraft:beacon":7,"minecraft:wither_skeleton_wall_skull":7,"minecraft:nether_quartz_ore":5693,"minecraft:oak_planks":229,"minecraft:wall_torch":17,"minecraft:stone_stairs":6,"minecraft:warped_nylium":889,"minecraft:powered_rail":64,"minecraft:blue_ice":320,"minecraft:tnt":3,"minecraft:smooth_stone_slab":47,"minecraft:oak_log":1462,"minecraft:dirt":17530,"minecraft:dispenser":8,"minecraft:ancient_debris":117,"minecraft:crying_obsidian":78,"minecraft:pink_carpet":5,"minecraft:quartz_stairs":5,"minecraft:gray_glazed_terracotta":6,"minecraft:lever":33,"minecraft:glow_lichen":4,"minecraft:ladder":3,"minecraft:stone_button":11,"minecraft:brown_mushroom_block":45,"minecraft:birch_slab":1,"minecraft:spruce_leaves":136,"minecraft:crimson_stem":34,"minecraft:raw_gold_block":2,"minecraft:nether_sprouts":20,"minecraft:light_gray_shulker_box":108,"minecraft:detector_rail":1,"minecraft:peony":1,"minecraft:gold_block":447,"minecraft:nether_brick_fence":34,"minecraft:bookshelf":36,"minecraft:shroomlight":10,"minecraft:deepslate_iron_ore":913,"minecraft:stripped_oak_log":1,"minecraft:wet_sponge":42,"minecraft:orange_glazed_terracotta":1,"minecraft:magenta_stained_glass":1,"minecraft:snow_block":632,"minecraft:basalt":633,"minecraft:oak_fence":2,"minecraft:honey_block":61,"minecraft:lime_carpet":3,"minecraft:stone_slab":80,"minecraft:quartz_bricks":25,"minecraft:deepslate_coal_ore":76,"minecraft:prismarine_bricks":39,"minecraft:birch_planks":25,"minecraft:ice":37,"minecraft:bee_nest":1,"minecraft:black_wool":18,"minecraft:cocoa":42,"minecraft:purple_shulker_box":16,"minecraft:cracked_stone_bricks":32,"minecraft:mossy_stone_bricks":47,"minecraft:jungle_wall_sign":2,"minecraft:dark_oak_planks":1,"minecraft:stripped_warped_stem":1,"minecraft:obsidian":17856,"minecraft:carved_pumpkin":43,"minecraft:red_sand":1565,"minecraft:crimson_trapdoor":23,"minecraft:stone_brick_wall":7,"minecraft:jungle_log":208,"minecraft:deepslate_bricks":339,"minecraft:coal_block":3,"minecraft:deepslate_tile_stairs":96,"minecraft:purpur_slab":4,"minecraft:crimson_fungus":139,"minecraft:hopper":139,"minecraft:chiseled_stone_bricks":10,"minecraft:weeping_vines_plant":118,"minecraft:tall_seagrass":65,"minecraft:sticky_piston":96,"minecraft:cyan_wall_banner":1,"minecraft:pumpkin":142,"minecraft:moss_carpet":106,"minecraft:sculk_shrieker":2,"minecraft:cave_vines":4,"minecraft:oak_sign":10,"minecraft:dirt_path":10,"minecraft:small_amethyst_bud":39,"minecraft:quartz_slab":312,"minecraft:iron_block":272,"minecraft:piston_head":3,"minecraft:brown_mushroom":189,"minecraft:player_wall_head":9,"minecraft:amethyst_cluster":37,"minecraft:soul_fire":6,"minecraft:polished_andesite_stairs":13,"minecraft:glass":163,"minecraft:damaged_anvil":3,"minecraft:spruce_sign":7,"minecraft:cyan_wool":18,"minecraft:wheat":901,"minecraft:lilac":1,"minecraft:pumpkin_stem":1,"minecraft:warped_fungus":15,"minecraft:stone_brick_stairs":82,"minecraft:copper_block":5,"minecraft:oak_fence_gate":7,"minecraft:blue_shulker_box":2,"minecraft:red_mushroom_block":48,"minecraft:stonecutter":10,"minecraft:piston":99,"minecraft:infested_deepslate":10,"minecraft:light_gray_stained_glass_pane":1,"minecraft:blue_stained_glass_pane":18,"minecraft:shulker_box":167,"minecraft:nether_bricks":4449,"minecraft:cobbled_deepslate_slab":3,"minecraft:jungle_planks":236,"minecraft:crimson_roots":1102,"minecraft:orange_shulker_box":44,"minecraft:lime_wool":18,"minecraft:kelp":113,"minecraft:moss_block":171,"minecraft:pink_wool":18,"minecraft:jungle_sapling":3,"minecraft:snow":138,"minecraft:diamond_block":87,"minecraft:potatoes":35,"minecraft:warped_stem":885,"minecraft:bamboo":67,"minecraft:white_wool":65,"minecraft:cake":2,"minecraft:smithing_table":2,"minecraft:light_gray_carpet":1,"minecraft:gray_concrete":6,"minecraft:comparator":67,"minecraft:stone_brick_slab":83,"minecraft:observer":125,"minecraft:jungle_sign":2,"minecraft:smooth_sandstone":36,"minecraft:cobbled_deepslate_wall":13,"minecraft:spruce_button":3,"minecraft:emerald_ore":10,"minecraft:sponge":29,"minecraft:dropper":27,"minecraft:cracked_deepslate_bricks":1,"minecraft:big_dripleaf":1,"minecraft:purple_bed":11,"minecraft:white_carpet":9,"minecraft:spruce_log":973,"minecraft:birch_leaves":7,"minecraft:quartz_pillar":118,"minecraft:dark_oak_sign":1,"minecraft:mycelium":2777,"minecraft:dripstone_block":326,"minecraft:spruce_fence_gate":3,"minecraft:black_shulker_box":42,"minecraft:large_amethyst_bud":10,"minecraft:spruce_planks":357,"minecraft:cobbled_deepslate_stairs":10,"minecraft:jungle_slab":3,"minecraft:sculk_vein":4,"minecraft:cobblestone_stairs":17,"minecraft:cave_vines_plant":50,"minecraft:grass_block":6240,"minecraft:soul_soil":303,"minecraft:warped_sign":1,"minecraft:smooth_stone":103,"minecraft:raw_iron_block":1,"minecraft:glowstone":241,"minecraft:iron_ore":951,"minecraft:target":4,"minecraft:anvil":3,"minecraft:azure_bluet":629,"minecraft:purple_carpet":7,"minecraft:warped_button":35,"minecraft:birch_wall_sign":15,"minecraft:end_stone_bricks":3,"minecraft:blackstone":577,"minecraft:twisting_vines_plant":3,"minecraft:polished_deepslate_stairs":19,"minecraft:chiseled_quartz_block":2,"minecraft:clay":185,"minecraft:calcite":490,"minecraft:poppy":448,"minecraft:chest":200,"minecraft:mushroom_stem":11,"minecraft:cobblestone":2130,"minecraft:slime_block":65,"minecraft:grindstone":3,"minecraft:prismarine":9,"minecraft:iron_door":7,"minecraft:deepslate_copper_ore":75,"minecraft:magenta_shulker_box":15,"minecraft:seagrass":9,"minecraft:light_gray_glazed_terracotta":2,"minecraft:nether_wart_block":1,"minecraft:birch_log":297,"minecraft:yellow_wool":18,"minecraft:birch_trapdoor":3,"minecraft:activator_rail":1,"minecraft:light_gray_wool":18,"minecraft:orange_tulip":3,"minecraft:purpur_block":11,"minecraft:sand":11764,"minecraft:crimson_planks":17,"minecraft:wither_skeleton_skull":5,"minecraft:netherrack":23377,"minecraft:magenta_wool":18,"minecraft:oak_leaves":400,"minecraft:redstone_lamp":7,"minecraft:emerald_block":264,"minecraft:nether_gold_ore":93,"minecraft:red_carpet":1,"minecraft:diamond_ore":10,"minecraft:tuff":5228,"minecraft:candle":15,"minecraft:deepslate_diamond_ore":1318,"minecraft:oak_door":4,"minecraft:gray_shulker_box":23,"minecraft:brick_stairs":4,"minecraft:weeping_vines":61,"minecraft:polished_andesite_slab":5,"minecraft:sandstone":1,"minecraft:rooted_dirt":107,"minecraft:large_fern":9,"minecraft:spore_blossom":7,"minecraft:deepslate_brick_slab":1,"minecraft:oak_trapdoor":21,"minecraft:furnace":9,"minecraft:black_glazed_terracotta":1,"minecraft:dark_oak_fence_gate":26,"minecraft:chiseled_deepslate":1,"minecraft:bell":3,"minecraft:polished_deepslate":22,"minecraft:lantern":20,"minecraft:stripped_jungle_log":11,"minecraft:packed_ice":9635,"minecraft:white_tulip":6,"minecraft:stone":137199,"minecraft:yellow_shulker_box":15,"minecraft:redstone_wall_torch":14,"minecraft:podzol":1065,"minecraft:flowering_azalea":4,"minecraft:light_blue_shulker_box":1,"minecraft:red_wool":19,"minecraft:infested_stone_bricks":7,"minecraft:spruce_door":13,"minecraft:crafting_table":65,"minecraft:cyan_stained_glass_pane":67,"minecraft:oak_wood":1,"minecraft:rose_bush":1,"minecraft:sculk_sensor":17,"minecraft:lectern":102,"minecraft:andesite_wall":4,"minecraft:lapis_ore":117,"minecraft:sculk":105,"minecraft:spruce_stairs":56,"minecraft:gray_wool":21,"minecraft:cactus":145,"minecraft:gray_concrete_powder":4,"minecraft:green_shulker_box":1,"minecraft:redstone_torch":26,"minecraft:sweet_berry_bush":117,"minecraft:yellow_bed":2,"minecraft:coal_ore":2293,"minecraft:end_rod":7,"minecraft:gray_carpet":4,"minecraft:polished_andesite":32,"minecraft:warped_slab":5}},"DataVersion":3120}