{"stats":{"minecraft:mined":{"minecraft:dragon_wall_head":1,"minecraft:white_bed":1,"minecraft:fire_coral_wall_fan":6,"minecraft:jungle_leaves":4,"minecraft:obsidian":134,"minecraft:carved_pumpkin":1,"minecraft:granite":42,"minecraft:acacia_log":10,"minecraft:stone_brick_wall":1,"minecraft:brown_wool":9,"minecraft:jungle_log":2,"minecraft:oak_pressure_plate":2,"minecraft:blue_wool":9,"minecraft:hopper":9,"minecraft:nether_wart":44,"minecraft:chiseled_stone_bricks":2,"minecraft:spawner":7,"minecraft:polished_blackstone_bricks":2,"minecraft:tall_seagrass":9,"minecraft:magma_block":51,"minecraft:fire":92,"minecraft:cobbled_deepslate":15,"minecraft:moss_carpet":3,"minecraft:pumpkin":1,"minecraft:deepslate_lapis_ore":50,"minecraft:nether_brick_stairs":1,"minecraft:enchanting_table":2,"minecraft:water_cauldron":4,"minecraft:dirt_path":3,"minecraft:jungle_trapdoor":2,"minecraft:brown_mushroom":28,"minecraft:kelp_plant":25,"minecraft:player_wall_head":1,"minecraft:crimson_nylium":14,"minecraft:deepslate_tile_slab":13,"minecraft:powder_snow":63,"minecraft:torch":50,"minecraft:blast_furnace":1,"minecraft:dead_bush":1,"minecraft:spruce_wall_sign":3,"minecraft:glass":34,"minecraft:sugar_cane":366,"minecraft:spruce_sign":1,"minecraft:cyan_wool":9,"minecraft:repeater":1,"minecraft:wheat":803,"minecraft:jukebox":4,"minecraft:pumpkin_stem":3,"minecraft:warped_fungus":2,"minecraft:stone_brick_stairs":7,"minecraft:copper_block":1,"minecraft:grass":66,"minecraft:dark_oak_sapling":1,"minecraft:red_mushroom_block":3,"minecraft:piston":5,"minecraft:deepslate":2715,"minecraft:infested_deepslate":8,"minecraft:light_blue_wool":9,"minecraft:mossy_cobblestone":53,"minecraft:sea_lantern":67,"minecraft:nether_bricks":201,"minecraft:crimson_roots":2,"minecraft:redstone_wire":5,"minecraft:lime_wool":12,"minecraft:kelp":8,"minecraft:moss_block":21,"minecraft:red_mushroom":22,"minecraft:pink_wool":9,"minecraft:redstone_ore":7,"minecraft:andesite":24,"minecraft:big_dripleaf_stem":1,"minecraft:rail":150,"minecraft:cobblestone_slab":67,"minecraft:warped_stem":6,"minecraft:bone_block":4,"minecraft:white_wool":10,"minecraft:green_wool":9,"minecraft:ender_chest":12,"minecraft:smithing_table":1,"minecraft:oak_slab":5,"minecraft:gray_concrete":54,"minecraft:hanging_roots":1,"minecraft:comparator":1,"minecraft:soul_sand":19,"minecraft:stone_brick_slab":4,"minecraft:observer":8,"minecraft:dandelion":30,"minecraft:cornflower":13,"minecraft:emerald_ore":8,"minecraft:campfire":1,"minecraft:lightning_rod":2,"minecraft:copper_ore":6,"minecraft:tall_grass":4,"minecraft:deepslate_gold_ore":129,"minecraft:diorite":25,"minecraft:big_dripleaf":1,"minecraft:warped_wart_block":2,"minecraft:purple_wool":9,"minecraft:red_terracotta":2,"minecraft:spruce_log":475,"minecraft:birch_leaves":1,"minecraft:mycelium":75,"minecraft:gravel":184,"minecraft:dripstone_block":31,"minecraft:cobweb":71,"minecraft:stone_bricks":19,"minecraft:gold_ore":1,"minecraft:chipped_anvil":7,"minecraft:fern":1,"minecraft:spruce_planks":73,"minecraft:oak_sapling":1,"minecraft:cobblestone_stairs":5,"minecraft:orange_wool":9,"minecraft:brewing_stand":1,"minecraft:budding_amethyst":1,"minecraft:grass_block":83,"minecraft:cracked_polished_blackstone_bricks":4,"minecraft:white_concrete":21,"minecraft:glowstone":5,"minecraft:iron_ore":140,"minecraft:anvil":3,"minecraft:azure_bluet":8,"minecraft:pointed_dripstone":13,"minecraft:end_stone_bricks":1,"minecraft:deepslate_redstone_ore":272,"minecraft:blackstone":557,"minecraft:purpur_stairs":1,"minecraft:poppy":24,"minecraft:beacon":1,"minecraft:chest":15,"minecraft:nether_quartz_ore":494,"minecraft:cobblestone":459,"minecraft:slime_block":4,"minecraft:prismarine":21,"minecraft:oak_planks":4,"minecraft:wall_torch":10,"minecraft:warped_nylium":6,"minecraft:dark_oak_slab":1,"minecraft:nether_wart_block":1,"minecraft:yellow_wool":9,"minecraft:birch_log":103,"minecraft:light_gray_wool":9,"minecraft:oak_log":310,"minecraft:sand":53,"minecraft:dirt":136,"minecraft:dispenser":1,"minecraft:ancient_debris":31,"minecraft:netherrack":21837,"minecraft:oak_leaves":92,"minecraft:magenta_wool":9,"minecraft:nether_gold_ore":114,"minecraft:crying_obsidian":2,"minecraft:diamond_ore":5,"minecraft:tuff":119,"minecraft:oak_door":2,"minecraft:dark_oak_leaves":17,"minecraft:deepslate_diamond_ore":80,"minecraft:glow_lichen":1,"minecraft:lever":2,"minecraft:stone_button":1,"minecraft:spruce_leaves":37,"minecraft:rooted_dirt":39,"minecraft:crimson_stem":8,"minecraft:hay_block":34,"minecraft:spore_blossom":6,"minecraft:oak_trapdoor":17,"minecraft:furnace":8,"minecraft:carrots":50,"minecraft:peony":8,"minecraft:gold_block":32,"minecraft:nether_brick_fence":1,"minecraft:deepslate_iron_ore":88,"minecraft:packed_ice":11,"minecraft:stone":2784,"minecraft:scaffolding":8,"minecraft:acacia_leaves":4,"minecraft:flowering_azalea":5,"minecraft:red_wool":9,"minecraft:magenta_stained_glass":1,"minecraft:infested_stone_bricks":1,"minecraft:snow_block":7,"minecraft:basalt":483,"minecraft:spruce_door":2,"minecraft:crafting_table":25,"minecraft:honey_block":1,"minecraft:andesite_slab":1,"minecraft:stone_slab":1,"minecraft:deepslate_coal_ore":9,"minecraft:lapis_ore":7,"minecraft:birch_planks":4,"minecraft:gray_wool":9,"minecraft:cactus":13,"minecraft:sweet_berry_bush":6,"minecraft:ice":1,"minecraft:bee_nest":10,"minecraft:black_wool":9,"minecraft:coal_ore":116,"minecraft:cocoa":5,"minecraft:cracked_stone_bricks":1,"minecraft:terracotta":6,"minecraft:mossy_stone_bricks":1},"minecraft:broken":{"minecraft:shears":1,"minecraft:diamond_pickaxe":1,"minecraft:shield":1,"minecraft:iron_axe":2,"minecraft:iron_pickaxe":1,"minecraft:golden_shovel":1,"minecraft:flint_and_steel":1},"minecraft:used":{"minecraft:music_disc_far":4,"minecraft:writable_book":18,"minecraft:dispenser":28,"minecraft:ladder":2,"minecraft:chest":52,"minecraft:stone":134,"minecraft:rotten_flesh":12,"minecraft:soul_sand":6,"minecraft:cocoa_beans":5,"minecraft:orange_wool":9,"minecraft:acacia_sapling":1,"minecraft:snowball":16,"minecraft:azure_bluet":8,"minecraft:spruce_boat":103,"minecraft:honeycomb":1,"minecraft:honey_block":1,"minecraft:lava_bucket":6,"minecraft:red_wool":9,"minecraft:grass_block":1,"minecraft:birch_sapling":6,"minecraft:pink_wool":9,"minecraft:stone_brick_stairs":89,"minecraft:netherite_boots":1,"minecraft:bow":472,"minecraft:dark_oak_boat":1,"minecraft:sweet_berries":114,"minecraft:furnace":11,"minecraft:oak_sapling":7,"minecraft:egg":59,"minecraft:diorite":7,"minecraft:spruce_door":2,"minecraft:chorus_fruit":8,"minecraft:acacia_trapdoor":12,"minecraft:prismarine":88,"minecraft:blackstone":22,"minecraft:cactus":2,"minecraft:wooden_pickaxe":44,"minecraft:jungle_boat":5,"minecraft:golden_apple":7,"minecraft:respawn_anchor":1,"minecraft:glow_berries":22,"minecraft:sand":139,"minecraft:blast_furnace":2,"minecraft:gray_concrete":132,"minecraft:lightning_rod":3,"minecraft:deepslate_iron_ore":1,"minecraft:red_terracotta":1,"minecraft:oak_pressure_plate":2,"minecraft:diamond_sword":2021,"minecraft:fire_charge":2,"minecraft:smithing_table":1,"minecraft:oak_boat":7,"minecraft:purple_wool":9,"minecraft:oak_trapdoor":18,"minecraft:enchanting_table":2,"minecraft:carved_pumpkin":1,"minecraft:netherrack":1785,"minecraft:torch":103,"minecraft:brewing_stand":6,"minecraft:anvil":8,"minecraft:target":1,"minecraft:nether_quartz_ore":22,"minecraft:jungle_trapdoor":4,"minecraft:golden_shovel":65,"minecraft:nether_brick_stairs":1,"minecraft:sea_lantern":93,"minecraft:chipped_anvil":7,"minecraft:iron_block":4,"minecraft:iron_axe":433,"minecraft:slime_block":8,"minecraft:totem_of_undying":6,"minecraft:diamond_chestplate":1,"minecraft:glowstone":5,"minecraft:basalt":43,"minecraft:magenta_wool":9,"minecraft:cobbled_deepslate":323,"minecraft:observer":35,"minecraft:pointed_dripstone":17,"minecraft:wheat_seeds":787,"minecraft:water_bucket":346,"minecraft:lime_wool":24,"minecraft:glow_ink_sac":2,"minecraft:leather_boots":1,"minecraft:rail":107,"minecraft:comparator":3,"minecraft:crafting_table":35,"minecraft:oak_slab":4,"minecraft:white_bed":2,"minecraft:campfire":1,"minecraft:cake":1,"minecraft:spruce_log":9,"minecraft:yellow_dye":1,"minecraft:diamond_pickaxe":16680,"minecraft:iron_pickaxe":250,"minecraft:spruce_trapdoor":1,"minecraft:chiseled_stone_bricks":1,"minecraft:cobblestone":1860,"minecraft:potion":5,"minecraft:cooked_porkchop":43,"minecraft:porkchop":1,"minecraft:kelp":15,"minecraft:jukebox":5,"minecraft:moss_carpet":2,"minecraft:iron_shovel":1,"minecraft:oak_sign":4,"minecraft:bone_block":4,"minecraft:shield":184,"minecraft:iron_sword":180,"minecraft:nether_wart":4,"minecraft:player_head":3,"minecraft:iron_chestplate":2,"minecraft:nether_bricks":109,"minecraft:carrot":55,"minecraft:deepslate_tile_slab":13,"minecraft:music_disc_11":3,"minecraft:tuff":3,"minecraft:music_disc_13":1,"minecraft:cyan_wool":9,"minecraft:axolotl_bucket":3,"minecraft:obsidian":127,"minecraft:milk_bucket":1,"minecraft:glass":245,"minecraft:coal_ore":3,"minecraft:green_wool":22,"minecraft:stone_bricks":40,"minecraft:item_frame":3,"minecraft:deepslate_diamond_ore":3,"minecraft:repeater":3,"minecraft:magma_block":5,"minecraft:scaffolding":23,"minecraft:gray_bed":1,"minecraft:gold_block":35,"minecraft:dark_oak_sapling":1,"minecraft:golden_boots":1,"minecraft:dropper":1,"minecraft:wither_skeleton_skull":3,"minecraft:stone_pickaxe":71,"minecraft:oak_planks":18,"minecraft:ender_pearl":21,"minecraft:sugar_cane":158,"minecraft:diamond_axe":991,"minecraft:blue_bed":1,"minecraft:white_wool":12,"minecraft:mushroom_stew":6,"minecraft:light_blue_wool":9,"minecraft:deepslate_redstone_ore":110,"minecraft:crossbow":325,"minecraft:stone_brick_wall":1,"minecraft:note_block":1,"minecraft:dripstone_block":20,"minecraft:deepslate_lapis_ore":9,"minecraft:shears":139,"minecraft:redstone_torch":6,"minecraft:lever":2,"minecraft:firework_rocket":211,"minecraft:bread":327,"minecraft:brown_wool":9,"minecraft:gravel":4,"minecraft:pufferfish_bucket":1,"minecraft:grindstone":1,"minecraft:andesite":2,"minecraft:tropical_fish_bucket":6,"minecraft:white_concrete":85,"minecraft:bone_meal":68,"minecraft:experience_bottle":1,"minecraft:netherite_sword":3626,"minecraft:trident":446,"minecraft:flint_and_steel":78,"minecraft:redstone":10,"minecraft:spruce_planks":431,"minecraft:ender_chest":13,"minecraft:deepslate_gold_ore":4,"minecraft:cooked_chicken":5,"minecraft:oak_door":3,"minecraft:spyglass":8,"minecraft:dirt":108,"minecraft:hopper":29,"minecraft:prismarine_bricks":90,"minecraft:bee_nest":5,"minecraft:golden_chestplate":2,"minecraft:pink_dye":1,"minecraft:granite":13,"minecraft:iron_hoe":37,"minecraft:stone_brick_slab":64,"minecraft:wooden_axe":16,"minecraft:iron_boots":1,"minecraft:light_gray_wool":9,"minecraft:golden_carrot":448,"minecraft:minecart":3,"minecraft:netherite_pickaxe":14810,"minecraft:cooked_beef":16,"minecraft:pumpkin":1,"minecraft:iron_leggings":1,"minecraft:cooked_mutton":1,"minecraft:cobblestone_stairs":5,"minecraft:snow_block":3,"minecraft:glass_bottle":19,"minecraft:baked_potato":48,"minecraft:blue_wool":9,"minecraft:copper_block":1,"minecraft:andesite_slab":1,"minecraft:birch_boat":8,"minecraft:spruce_sign":1,"minecraft:beacon":1,"minecraft:cobblestone_slab":792,"minecraft:music_disc_cat":10,"minecraft:piston":5,"minecraft:black_wool":9,"minecraft:map":1,"minecraft:netherite_axe":33,"minecraft:yellow_wool":9,"minecraft:stone_axe":7,"minecraft:fishing_rod":4,"minecraft:end_crystal":4,"minecraft:bucket":397,"minecraft:pumpkin_pie":1,"minecraft:gray_wool":9,"minecraft:splash_potion":8},"minecraft:crafted":{"minecraft:ender_chest":1,"minecraft:black_dye":18,"minecraft:yellow_wool":9,"minecraft:smooth_stone":3,"minecraft:oak_sign":6,"minecraft:blaze_powder":12,"minecraft:slime_block":1,"minecraft:lever":3,"minecraft:gray_wool":9,"minecraft:shulker_box":2,"minecraft:glass":74,"minecraft:diamond_helmet":1,"minecraft:repeater":22,"minecraft:diamond_leggings":1,"minecraft:netherite_boots":1,"minecraft:black_wool":9,"minecraft:magenta_dye":9,"minecraft:gray_bed":1,"minecraft:glass_bottle":15,"minecraft:target":1,"minecraft:emerald":35,"minecraft:cooked_porkchop":1,"minecraft:diamond_axe":3,"minecraft:jungle_boat":1,"minecraft:copper_ingot":3,"minecraft:hay_block":31,"minecraft:campfire":1,"minecraft:stone_slab":6,"minecraft:iron_pickaxe":2,"minecraft:iron_block":22,"minecraft:gold_ingot":2985,"minecraft:light_gray_dye":11,"minecraft:netherite_ingot":8,"minecraft:cyan_wool":9,"minecraft:golden_carrot":765,"minecraft:magenta_wool":9,"minecraft:jukebox":1,"minecraft:light_gray_wool":9,"minecraft:bone_meal":913,"minecraft:pink_dye":24,"minecraft:orange_wool":9,"minecraft:netherite_axe":1,"minecraft:diamond":54,"minecraft:ladder":3,"minecraft:stone_pickaxe":2,"minecraft:diamond_boots":1,"minecraft:spruce_boat":1,"minecraft:redstone_block":105,"minecraft:wheat":477,"minecraft:crossbow":1,"minecraft:netherite_pickaxe":2,"minecraft:acacia_trapdoor":12,"minecraft:light_blue_wool":9,"minecraft:orange_dye":10,"minecraft:fermented_spider_eye":5,"minecraft:wooden_axe":2,"minecraft:iron_leggings":2,"minecraft:white_bed":1,"minecraft:note_block":1,"minecraft:lime_wool":15,"minecraft:grindstone":1,"minecraft:oak_planks":204,"minecraft:cobblestone_slab":1220,"minecraft:cooked_chicken":4,"minecraft:lightning_rod":1,"minecraft:cobblestone_stairs":8,"minecraft:stone":14,"minecraft:warped_planks":24,"minecraft:green_dye":34,"minecraft:hopper":26,"minecraft:bow":30,"minecraft:comparator":3,"minecraft:chest":62,"minecraft:netherite_helmet":1,"minecraft:rail":64,"minecraft:ender_eye":5,"minecraft:golden_sword":7,"minecraft:respawn_anchor":1,"minecraft:golden_boots":1,"minecraft:dropper":1,"minecraft:item_frame":1,"minecraft:crafting_table":11,"minecraft:spruce_planks":616,"minecraft:iron_helmet":1,"minecraft:wooden_pickaxe":2,"minecraft:baked_potato":44,"minecraft:brown_dye":10,"minecraft:red_wool":9,"minecraft:gold_block":321,"minecraft:brewing_stand":6,"minecraft:birch_planks":256,"minecraft:dispenser":32,"minecraft:spruce_trapdoor":2,"minecraft:book":151,"minecraft:iron_chestplate":2,"minecraft:paper":468,"minecraft:pink_wool":9,"minecraft:diamond_pickaxe":4,"minecraft:yellow_dye":30,"minecraft:purple_dye":10,"minecraft:shield":3,"minecraft:stick":180,"minecraft:light_blue_dye":10,"minecraft:iron_ingot":473,"minecraft:stone_sword":2,"minecraft:snow_block":3,"minecraft:redstone_torch":59,"minecraft:sponge":1,"minecraft:shears":4,"minecraft:purple_wool":9,"minecraft:oak_door":3,"minecraft:redstone":333,"minecraft:tripwire_hook":2,"minecraft:fishing_rod":1,"minecraft:netherite_sword":1,"minecraft:leather_boots":1,"minecraft:furnace":2,"minecraft:blast_furnace":1,"minecraft:piston":2,"minecraft:gray_dye":10,"minecraft:mushroom_stew":6,"minecraft:diamond_block":2,"minecraft:oak_trapdoor":2,"minecraft:flint_and_steel":3,"minecraft:netherite_chestplate":1,"minecraft:netherite_leggings":1,"minecraft:iron_axe":3,"minecraft:iron_hoe":1,"minecraft:lime_dye":16,"minecraft:netherite_scrap":32,"minecraft:minecart":1,"minecraft:observer":32,"minecraft:glistering_melon_slice":7,"minecraft:sugar":6,"minecraft:red_dye":35,"minecraft:bone_block":86,"minecraft:crimson_planks":32,"minecraft:diamond_sword":2,"minecraft:cyan_dye":10,"minecraft:iron_sword":1,"minecraft:bowl":4,"minecraft:golden_shovel":3,"minecraft:bucket":36,"minecraft:stone_axe":2,"minecraft:air":0,"minecraft:bread":293,"minecraft:jungle_planks":48,"minecraft:blue_dye":36,"minecraft:oak_boat":2,"minecraft:white_wool":1,"minecraft:gold_nugget":6221,"minecraft:white_dye":26,"minecraft:brown_wool":9,"minecraft:blue_wool":9,"minecraft:anvil":6,"minecraft:green_wool":15,"minecraft:acacia_planks":40,"minecraft:torch":68,"minecraft:end_crystal":4,"minecraft:lapis_lazuli":243,"minecraft:diamond_chestplate":1,"minecraft:firework_rocket":159},"minecraft:dropped":{"minecraft:glow_ink_sac":11,"minecraft:glass_bottle":3,"minecraft:diamond":11,"minecraft:crossbow":1,"minecraft:cracked_stone_bricks":1,"minecraft:purpur_stairs":1,"minecraft:rail":58,"minecraft:leather_helmet":2,"minecraft:gold_block":2,"minecraft:dirt":12,"minecraft:gold_nugget":4319,"minecraft:bone_meal":2,"minecraft:bone_block":2,"minecraft:phantom_membrane":4,"minecraft:fishing_rod":1,"minecraft:bone":120,"minecraft:oak_door":2,"minecraft:stone_axe":2,"minecraft:sugar_cane":21,"minecraft:lever":1,"minecraft:golden_chestplate":2,"minecraft:cobbled_deepslate":389,"minecraft:wheat":1,"minecraft:birch_sapling":3,"minecraft:obsidian":12,"minecraft:rotten_flesh":2173,"minecraft:oak_planks":2,"minecraft:glowstone_dust":2,"minecraft:warped_sign":3,"minecraft:blaze_powder":1,"minecraft:golden_shovel":1,"minecraft:warped_planks":20,"minecraft:ladder":6,"minecraft:warped_wart_block":2,"minecraft:crying_obsidian":2,"minecraft:crimson_planks":20,"minecraft:enchanted_book":27,"minecraft:golden_boots":4,"minecraft:iron_ingot":232,"minecraft:netherite_pickaxe":1,"minecraft:wheat_seeds":88,"minecraft:dripstone_block":2,"minecraft:cobblestone":176,"minecraft:granite":9,"minecraft:coal":76,"minecraft:golden_carrot":196,"minecraft:ink_sac":9,"minecraft:wooden_axe":2,"minecraft:potion":7,"minecraft:brown_terracotta":2,"minecraft:golden_hoe":1,"minecraft:chainmail_leggings":2,"minecraft:string":9,"minecraft:stone_sword":5,"minecraft:nether_bricks":27,"minecraft:pumpkin_seeds":13,"minecraft:cobblestone_slab":6,"minecraft:stone":3,"minecraft:spruce_planks":12,"minecraft:diamond_pickaxe":1,"minecraft:spider_eye":3,"minecraft:stone_bricks":14,"minecraft:bamboo":2,"minecraft:bow":7,"minecraft:magma_block":1,"minecraft:moss_block":15,"minecraft:brown_mushroom":2,"minecraft:diamond_axe":1,"minecraft:warped_fungus":2,"minecraft:baked_potato":1,"minecraft:leather":21,"minecraft:flint":1,"minecraft:netherite_scrap":1,"minecraft:dispenser":1,"minecraft:crimson_roots":1,"minecraft:gold_ingot":339,"minecraft:gravel":139,"minecraft:blackstone":35,"minecraft:prismarine":1,"minecraft:mycelium":5,"minecraft:chainmail_chestplate":1,"minecraft:poppy":7,"minecraft:rabbit_hide":2,"minecraft:trident":11,"minecraft:gunpowder":3,"minecraft:melon_seeds":6,"minecraft:chainmail_boots":2,"minecraft:basalt":64,"minecraft:arrow":74,"minecraft:written_book":1,"minecraft:netherrack":636,"minecraft:water_bucket":10,"minecraft:bread":16,"minecraft:golden_helmet":1,"minecraft:minecart":2,"minecraft:prismarine_shard":2,"minecraft:spectral_arrow":3,"minecraft:observer":1,"minecraft:copper_ingot":1,"minecraft:grass_block":18,"minecraft:stick":68,"minecraft:milk_bucket":1,"minecraft:diorite":4,"minecraft:torch":1,"minecraft:repeater":20,"minecraft:fire_charge":1,"minecraft:bucket":1,"minecraft:redstone":82,"minecraft:sweet_berries":5,"minecraft:anvil":66,"minecraft:kelp":17,"minecraft:oak_trapdoor":2,"minecraft:nether_wart":1,"minecraft:blaze_rod":65,"minecraft:tuff":19,"minecraft:comparator":1,"minecraft:filled_map":3,"minecraft:iron_chestplate":2,"minecraft:andesite":13,"minecraft:mossy_stone_bricks":4,"minecraft:oak_sapling":4,"minecraft:oak_boat":2,"minecraft:golden_sword":230,"minecraft:diamond_boots":1,"minecraft:stone_pickaxe":2,"minecraft:wooden_pickaxe":2,"minecraft:magma_cream":2,"minecraft:brick":8},"minecraft:custom":{"minecraft:interact_with_crafting_table":290,"minecraft:open_barrel":290,"minecraft:bell_ring":2,"minecraft:eat_cake_slice":21,"minecraft:leave_game":54,"minecraft:time_since_death":547211,"minecraft:damage_blocked_by_shield":10960,"minecraft:play_time":4109756,"minecraft:deaths":8,"minecraft:jump":93389,"minecraft:enchant_item":184,"minecraft:interact_with_furnace":137,"minecraft:play_record":18,"minecraft:traded_with_villager":35,"minecraft:sleep_in_bed":11,"minecraft:damage_dealt":415972,"minecraft:inspect_dispenser":60,"minecraft:interact_with_smithing_table":4,"minecraft:inspect_dropper":6,"minecraft:interact_with_anvil":61,"minecraft:inspect_hopper":90,"minecraft:target_hit":66,"minecraft:sneak_time":117281,"minecraft:interact_with_lectern":17,"minecraft:interact_with_blast_furnace":53,"minecraft:total_world_time":4109756,"minecraft:tune_noteblock":2,"minecraft:interact_with_stonecutter":1,"minecraft:time_since_rest":547233,"minecraft:swim_one_cm":2793952,"minecraft:fly_one_cm":24559779,"minecraft:open_chest":4031,"minecraft:fish_caught":1,"minecraft:fall_one_cm":3025837,"minecraft:open_shulker_box":23,"minecraft:damage_resisted":8,"minecraft:sprint_one_cm":12771364,"minecraft:drop":1115,"minecraft:talked_to_villager":14,"minecraft:interact_with_brewingstand":63,"minecraft:walk_on_water_one_cm":472362,"minecraft:open_enderchest":134,"minecraft:interact_with_beacon":2,"minecraft:player_kills":5,"minecraft:crouch_one_cm":424994,"minecraft:mob_kills":8699,"minecraft:climb_one_cm":438546,"minecraft:walk_one_cm":7354180,"minecraft:walk_under_water_one_cm":710368,"minecraft:boat_one_cm":6686966,"minecraft:interact_with_grindstone":1,"minecraft:damage_taken":35134,"minecraft:damage_absorbed":280,"minecraft:minecart_one_cm":4772,"minecraft:aviate_one_cm":11138361},"minecraft:killed_by":{"minecraft:cave_spider":1,"minecraft:blaze":1},"minecraft:killed":{"minecraft:cave_spider":16,"minecraft:shulker":36,"minecraft:skeleton":306,"minecraft:chicken":5,"minecraft:magma_cube":61,"minecraft:elder_guardian":1,"minecraft:iron_golem":1,"minecraft:ender_dragon":1,"minecraft:pillager":5,"minecraft:zombie":114,"minecraft:glow_squid":4,"minecraft:cow":5,"minecraft:endermite":2,"minecraft:rabbit":3,"minecraft:enderman":16,"minecraft:witch":4,"minecraft:zombified_piglin":7451,"minecraft:spider":20,"minecraft:wither":1,"minecraft:axolotl":1,"minecraft:silverfish":7,"minecraft:turtle":2,"minecraft:piglin_brute":2,"minecraft:piglin":34,"minecraft:pig":13,"minecraft:zombie_villager":3,"minecraft:creeper":22,"minecraft:sheep":2,"minecraft:mooshroom":1,"minecraft:stray":1,"minecraft:ghast":31,"minecraft:blaze":153,"minecraft:slime":20,"minecraft:phantom":54,"minecraft:panda":1,"minecraft:drowned":84,"minecraft:bat":1,"minecraft:hoglin":1,"minecraft:squid":5,"minecraft:wither_skeleton":77},"minecraft:picked_up":{"minecraft:seagrass":2,"minecraft:iron_chestplate":5,"minecraft:chainmail_boots":2,"minecraft:anvil":68,"minecraft:prismarine_shard":2,"minecraft:smithing_table":1,"minecraft:diamond_sword":2,"minecraft:enchanted_book":17,"minecraft:golden_shovel":6,"minecraft:brewing_stand":1,"minecraft:golden_sword":267,"minecraft:music_disc_cat":10,"minecraft:string":167,"minecraft:diamond_leggings":3,"minecraft:gold_nugget":7013,"minecraft:cobbled_deepslate":2317,"minecraft:spruce_planks":102,"minecraft:enchanted_golden_apple":1,"minecraft:diamond_ore":5,"minecraft:golden_helmet":1,"minecraft:jukebox":4,"minecraft:big_dripleaf":16,"minecraft:acacia_log":10,"minecraft:lightning_rod":2,"minecraft:warped_planks":10,"minecraft:golden_chestplate":4,"minecraft:cauldron":4,"minecraft:stone_sword":8,"minecraft:light_blue_wool":7,"minecraft:polished_basalt":24,"minecraft:carved_pumpkin":1,"minecraft:blaze_rod":180,"minecraft:snowball":37,"minecraft:birch_log":103,"minecraft:magma_block":9,"minecraft:feather":22,"minecraft:cooked_beef":35,"minecraft:water_bucket":34,"minecraft:jungle_log":2,"minecraft:brown_wool":4,"minecraft:dark_oak_boat":1,"minecraft:copper_block":1,"minecraft:flint":22,"minecraft:gray_concrete":182,"minecraft:twisting_vines":3,"minecraft:chipped_anvil":7,"minecraft:diamond_helmet":3,"minecraft:glowstone_dust":17,"minecraft:moss_block":72,"minecraft:honeycomb":3,"minecraft:warped_wart_block":2,"minecraft:ink_sac":37,"minecraft:red_terracotta":1,"minecraft:dispenser":37,"minecraft:deepslate":43,"minecraft:lever":2,"minecraft:deepslate_gold_ore":4,"minecraft:granite":86,"minecraft:golden_horse_armor":3,"minecraft:bread":27,"minecraft:rooted_dirt":39,"minecraft:deepslate_coal_ore":18,"minecraft:crimson_roots":1,"minecraft:diamond_pickaxe":3,"minecraft:crafting_table":28,"minecraft:bee_nest":14,"minecraft:purple_wool":9,"minecraft:nether_wart":63,"minecraft:dragon_head":3,"minecraft:cornflower":23,"minecraft:jungle_trapdoor":4,"minecraft:elytra":1,"minecraft:flint_and_steel":3,"minecraft:netherite_scrap":1,"minecraft:iron_shovel":2,"minecraft:cracked_stone_bricks":1,"minecraft:netherite_sword":1,"minecraft:deepslate_diamond_ore":3,"minecraft:cyan_wool":12,"minecraft:iron_nugget":79,"minecraft:poppy":30,"minecraft:minecart":6,"minecraft:birch_sapling":31,"minecraft:chest":24,"minecraft:piston":5,"minecraft:egg":6,"minecraft:stone":304,"minecraft:oak_door":4,"minecraft:fire_charge":12,"minecraft:carrot":188,"minecraft:redstone":1154,"minecraft:netherite_pickaxe":4,"minecraft:prismarine_crystals":3,"minecraft:stone_shovel":1,"minecraft:diamond_chestplate":3,"minecraft:cooked_cod":8,"minecraft:peony":6,"minecraft:shears":2,"minecraft:diamond_boots":4,"minecraft:hay_block":86,"minecraft:warped_sign":3,"minecraft:gold_ingot":347,"minecraft:totem_of_undying":2,"minecraft:glow_berries":20,"minecraft:white_wool":324,"minecraft:bone_block":6,"minecraft:rail":161,"minecraft:emerald_ore":1,"minecraft:lapis_ore":3,"minecraft:red_mushroom":49,"minecraft:filled_map":2,"minecraft:purpur_stairs":1,"minecraft:oak_log":309,"minecraft:ancient_debris":50,"minecraft:golden_boots":7,"minecraft:blue_bed":1,"minecraft:apple":9,"minecraft:stone_bricks":67,"minecraft:kelp":56,"minecraft:warped_stem":6,"minecraft:spore_blossom":12,"minecraft:music_disc_far":6,"minecraft:stone_pickaxe":1,"minecraft:iron_ore":1,"minecraft:iron_sword":1,"minecraft:flowering_azalea":24,"minecraft:milk_bucket":1,"minecraft:sweet_berries":121,"minecraft:red_wool":7,"minecraft:gravel":348,"minecraft:spruce_sapling":30,"minecraft:spruce_log":555,"minecraft:crying_obsidian":38,"minecraft:sea_lantern":66,"minecraft:leather_helmet":1,"minecraft:firework_rocket":382,"minecraft:coal_ore":2,"minecraft:slime_ball":32,"minecraft:stone_axe":1,"minecraft:redstone_ore":7,"minecraft:diamond_axe":2,"minecraft:deepslate_redstone_ore":110,"minecraft:birch_sign":3,"minecraft:gray_wool":11,"minecraft:baked_potato":11,"minecraft:melon_seeds":5,"minecraft:pink_dye":2,"minecraft:hopper":9,"minecraft:ender_pearl":68,"minecraft:shulker_shell":45,"minecraft:wheat":820,"minecraft:ender_chest":14,"minecraft:yellow_wool":4,"minecraft:potion":18,"minecraft:nether_brick":53,"minecraft:stone_brick_stairs":6,"minecraft:crimson_planks":16,"minecraft:raw_copper":30,"minecraft:deepslate_lapis_ore":22,"minecraft:smooth_stone_slab":1,"minecraft:iron_leggings":2,"minecraft:oak_sign":4,"minecraft:comparator":1,"minecraft:bucket":54,"minecraft:redstone_torch":13,"minecraft:cobblestone_slab":175,"minecraft:iron_pickaxe":6,"minecraft:deepslate_iron_ore":1,"minecraft:iron_boots":2,"minecraft:furnace":12,"minecraft:blue_wool":9,"minecraft:stick":162,"minecraft:brown_terracotta":2,"minecraft:torch":122,"minecraft:porkchop":2,"minecraft:pointed_dripstone":21,"minecraft:diorite":12,"minecraft:cactus":30,"minecraft:rotten_flesh":2505,"minecraft:green_wool":7,"minecraft:fire_coral_fan":6,"minecraft:obsidian":163,"minecraft:cobblestone":4888,"minecraft:nautilus_shell":3,"minecraft:enchanting_table":2,"minecraft:leather_chestplate":1,"minecraft:magma_cream":29,"minecraft:repeater":1,"minecraft:andesite":23,"minecraft:beacon":1,"minecraft:potato":4,"minecraft:tuff":106,"minecraft:wither_skeleton_skull":3,"minecraft:lapis_lazuli":490,"minecraft:dirt":267,"minecraft:name_tag":8,"minecraft:leather_boots":1,"minecraft:glass":160,"minecraft:bone":572,"minecraft:bow":34,"minecraft:wheat_seeds":2389,"minecraft:raw_gold":191,"minecraft:mossy_stone_bricks":4,"minecraft:bamboo":2,"minecraft:prismarine":21,"minecraft:oak_planks":126,"minecraft:ghast_tear":2,"minecraft:cooked_porkchop":76,"minecraft:music_disc_13":2,"minecraft:oak_pressure_plate":2,"minecraft:sand":100,"minecraft:nether_brick_stairs":1,"minecraft:grass_block":26,"minecraft:spectral_arrow":83,"minecraft:orange_wool":3,"minecraft:mossy_cobblestone":52,"minecraft:diamond":231,"minecraft:slime_block":4,"minecraft:spruce_boat":106,"minecraft:crossbow":2,"minecraft:grass":1,"minecraft:bone_meal":7,"minecraft:golden_apple":42,"minecraft:white_concrete":85,"minecraft:spruce_sign":2,"minecraft:emerald":17,"minecraft:oak_sapling":68,"minecraft:netherrack":4268,"minecraft:chorus_fruit":10,"minecraft:andesite_slab":1,"minecraft:nether_star":1,"minecraft:fishing_rod":2,"minecraft:cocoa_beans":15,"minecraft:azure_bluet":19,"minecraft:splash_potion":5,"minecraft:chicken":4,"minecraft:ladder":5,"minecraft:pink_wool":9,"minecraft:brown_mushroom":30,"minecraft:packed_ice":1,"minecraft:wooden_pickaxe":1,"minecraft:stone_brick_wall":1,"minecraft:gold_block":46,"minecraft:brick":8,"minecraft:shield":5,"minecraft:oak_trapdoor":19,"minecraft:moss_carpet":20,"minecraft:iron_axe":4,"minecraft:item_frame":4,"minecraft:mycelium":9,"minecraft:magenta_wool":7,"minecraft:blackstone":406,"minecraft:oak_boat":12,"minecraft:player_head":112,"minecraft:observer":44,"minecraft:light_gray_wool":9,"minecraft:lectern":2,"minecraft:sugar_cane":599,"minecraft:spruce_trapdoor":1,"minecraft:phantom_membrane":15,"minecraft:lime_wool":9,"minecraft:dark_oak_sapling":2,"minecraft:raw_iron":353,"minecraft:end_stone":1,"minecraft:copper_ingot":1,"minecraft:bowl":15,"minecraft:stone_button":16,"minecraft:music_disc_11":7,"minecraft:trident":12,"minecraft:arrow":513,"minecraft:pumpkin_pie":9,"minecraft:golden_hoe":1,"minecraft:nether_bricks":428,"minecraft:saddle":7,"minecraft:wet_sponge":1,"minecraft:jungle_boat":4,"minecraft:basalt":479,"minecraft:golden_carrot":226,"minecraft:glow_ink_sac":62,"minecraft:crimson_stem":8,"minecraft:salmon":1,"minecraft:leather":39,"minecraft:birch_planks":2,"minecraft:mushroom_stew":6,"minecraft:chainmail_chestplate":2,"minecraft:gunpowder":165,"minecraft:cobblestone_stairs":13,"minecraft:deepslate_tile_slab":13,"minecraft:cooked_mutton":1,"minecraft:rabbit_hide":2,"minecraft:iron_ingot":221,"minecraft:cooked_chicken":1,"minecraft:acacia_sapling":8,"minecraft:soul_sand":47,"minecraft:scaffolding":22,"minecraft:oak_slab":4,"minecraft:warped_fungus":2,"minecraft:nether_quartz_ore":22,"minecraft:birch_boat":9,"minecraft:pumpkin":3,"minecraft:chiseled_stone_bricks":1,"minecraft:stone_brick_slab":4,"minecraft:quartz":236,"minecraft:dandelion":30,"minecraft:dripstone_block":23,"minecraft:blast_furnace":1,"minecraft:white_bed":1,"minecraft:spruce_door":2,"minecraft:spider_eye":30,"minecraft:pumpkin_seeds":10,"minecraft:campfire":1,"minecraft:honey_block":1,"minecraft:chainmail_leggings":4,"minecraft:iron_helmet":2,"minecraft:black_wool":9,"minecraft:coal":388,"minecraft:wooden_axe":1}},"DataVersion":3120}