{"stats":{"minecraft:broken":{"minecraft:diamond_pickaxe":1,"minecraft:iron_pickaxe":3},"minecraft:mined":{"minecraft:large_amethyst_bud":1,"minecraft:white_bed":2,"minecraft:obsidian":26,"minecraft:granite":23,"minecraft:budding_amethyst":12,"minecraft:grass_block":4,"minecraft:oak_wall_sign":2,"minecraft:nether_wart":21,"minecraft:spawner":6,"minecraft:raw_iron_block":1,"minecraft:cobbled_deepslate":16,"minecraft:barrel":1,"minecraft:iron_ore":6,"minecraft:fire":32,"minecraft:deepslate_lapis_ore":74,"minecraft:enchanting_table":1,"minecraft:small_amethyst_bud":2,"minecraft:azalea":1,"minecraft:player_head":2,"minecraft:deepslate_redstone_ore":418,"minecraft:blackstone":12,"minecraft:amethyst_cluster":5,"minecraft:smoker":4,"minecraft:medium_amethyst_bud":4,"minecraft:soul_fire":14,"minecraft:clay":52,"minecraft:calcite":13,"minecraft:melon":4,"minecraft:chest":1,"minecraft:nether_quartz_ore":15,"minecraft:cobblestone":6,"minecraft:sugar_cane":30,"minecraft:oak_planks":1,"minecraft:iron_door":3,"minecraft:spruce_sign":1,"minecraft:amethyst_block":77,"minecraft:wheat":9,"minecraft:grass":7,"minecraft:oak_log":17,"minecraft:dirt":17,"minecraft:smooth_basalt":10,"minecraft:netherrack":387,"minecraft:oak_leaves":2,"minecraft:deepslate":6295,"minecraft:nether_gold_ore":56,"minecraft:tuff":563,"minecraft:dark_oak_leaves":1,"minecraft:deepslate_diamond_ore":257,"minecraft:nether_bricks":87,"minecraft:spruce_leaves":10,"minecraft:moss_block":14,"minecraft:furnace":2,"minecraft:carrots":1,"minecraft:nether_sprouts":1,"minecraft:andesite":17,"minecraft:potatoes":10,"minecraft:deepslate_iron_ore":76,"minecraft:lantern":1,"minecraft:packed_ice":60,"minecraft:stone":101,"minecraft:white_wool":2,"minecraft:ender_chest":7,"minecraft:flowering_azalea":2,"minecraft:basalt":40,"minecraft:spruce_door":1,"minecraft:crafting_table":8,"minecraft:warped_roots":1,"minecraft:tall_grass":6,"minecraft:deepslate_gold_ore":485,"minecraft:diorite":20,"minecraft:ice":1,"minecraft:spruce_log":25,"minecraft:coal_ore":36,"minecraft:gravel":65,"minecraft:small_dripleaf":2,"minecraft:fern":1},"minecraft:used":{"minecraft:writable_book":8,"minecraft:elytra":1,"minecraft:oak_sign":2,"minecraft:shield":72,"minecraft:nether_wart":32,"minecraft:warped_sign":1,"minecraft:player_head":4,"minecraft:carrot":11,"minecraft:tuff":47,"minecraft:axolotl_bucket":8,"minecraft:milk_bucket":1,"minecraft:spruce_boat":53,"minecraft:packed_ice":46,"minecraft:lantern":1,"minecraft:deepslate_diamond_ore":78,"minecraft:snow":41,"minecraft:bow":65,"minecraft:sweet_berries":10,"minecraft:furnace":4,"minecraft:potato":12,"minecraft:diorite":3,"minecraft:spruce_door":5,"minecraft:oak_planks":19,"minecraft:stone_pickaxe":11,"minecraft:blackstone":12,"minecraft:ender_pearl":4,"minecraft:wooden_pickaxe":3,"minecraft:diamond_axe":349,"minecraft:jungle_boat":3,"minecraft:golden_apple":3,"minecraft:glow_berries":1,"minecraft:golden_hoe":20,"minecraft:mushroom_stew":36,"minecraft:deepslate_redstone_ore":8,"minecraft:deepslate_lapis_ore":22,"minecraft:firework_rocket":56,"minecraft:deepslate_iron_ore":36,"minecraft:bread":2,"minecraft:iron_door":3,"minecraft:deepslate":364,"minecraft:gravel":6,"minecraft:diamond_sword":4,"minecraft:cooked_rabbit":1,"minecraft:andesite":4,"minecraft:oak_boat":3,"minecraft:azalea":1,"minecraft:trident":32,"minecraft:netherite_sword":29,"minecraft:enchanting_table":1,"minecraft:armor_stand":1,"minecraft:ender_chest":8,"minecraft:deepslate_gold_ore":142,"minecraft:cooked_chicken":3,"minecraft:netherrack":93,"minecraft:torch":1,"minecraft:dirt":22,"minecraft:spyglass":33,"minecraft:anvil":2,"minecraft:golden_shovel":1,"minecraft:granite":10,"minecraft:iron_axe":220,"minecraft:barrel":1,"minecraft:basalt":37,"minecraft:golden_carrot":128,"minecraft:netherite_pickaxe":5,"minecraft:red_dye":1,"minecraft:cobbled_deepslate":410,"minecraft:wheat_seeds":17,"minecraft:cooked_mutton":2,"minecraft:water_bucket":391,"minecraft:glass_bottle":1,"minecraft:spruce_sign":1,"minecraft:glow_ink_sac":1,"minecraft:music_disc_cat":3,"minecraft:crafting_table":12,"minecraft:white_bed":2,"minecraft:smoker":5,"minecraft:diamond_pickaxe":8517,"minecraft:iron_pickaxe":751,"minecraft:spruce_sapling":1,"minecraft:golden_leggings":1,"minecraft:stone_axe":18,"minecraft:fishing_rod":21,"minecraft:cobblestone":22,"minecraft:cooked_porkchop":16,"minecraft:bucket":399,"minecraft:jukebox":1},"minecraft:custom":{"minecraft:interact_with_crafting_table":58,"minecraft:open_barrel":132,"minecraft:open_shulker_box":3,"minecraft:leave_game":20,"minecraft:time_since_death":667074,"minecraft:damage_resisted":13,"minecraft:sprint_one_cm":2960385,"minecraft:damage_blocked_by_shield":4315,"minecraft:drop":195,"minecraft:play_noteblock":29,"minecraft:play_time":911568,"minecraft:deaths":1,"minecraft:jump":20272,"minecraft:interact_with_brewingstand":5,"minecraft:walk_on_water_one_cm":149888,"minecraft:enchant_item":10,"minecraft:interact_with_furnace":142,"minecraft:play_record":3,"minecraft:interact_with_loom":1,"minecraft:sleep_in_bed":6,"minecraft:open_enderchest":106,"minecraft:damage_dealt":38697,"minecraft:player_kills":2,"minecraft:crouch_one_cm":62476,"minecraft:interact_with_smoker":40,"minecraft:inspect_dispenser":1,"minecraft:horse_one_cm":492,"minecraft:interact_with_smithing_table":1,"minecraft:mob_kills":452,"minecraft:interact_with_anvil":17,"minecraft:inspect_hopper":1,"minecraft:climb_one_cm":64513,"minecraft:walk_one_cm":1704260,"minecraft:sneak_time":26547,"minecraft:walk_under_water_one_cm":79639,"minecraft:boat_one_cm":2108424,"minecraft:interact_with_lectern":20,"minecraft:interact_with_blast_furnace":109,"minecraft:total_world_time":911568,"minecraft:time_since_rest":203690,"minecraft:damage_taken":8887,"minecraft:damage_absorbed":79,"minecraft:swim_one_cm":442816,"minecraft:fly_one_cm":4154182,"minecraft:open_chest":465,"minecraft:pig_one_cm":1489,"minecraft:aviate_one_cm":1859275,"minecraft:fish_caught":1,"minecraft:fall_one_cm":460484},"minecraft:crafted":{"minecraft:smooth_stone":6,"minecraft:oak_planks":60,"minecraft:cooked_chicken":2,"minecraft:cooked_mutton":2,"minecraft:diamond_helmet":1,"minecraft:diamond_leggings":1,"minecraft:iron_boots":1,"minecraft:netherite_boots":1,"minecraft:netherite_helmet":1,"minecraft:cooked_rabbit":1,"minecraft:smoker":1,"minecraft:cooked_porkchop":13,"minecraft:diamond_axe":1,"minecraft:crafting_table":4,"minecraft:spruce_planks":168,"minecraft:wooden_pickaxe":1,"minecraft:iron_helmet":1,"minecraft:spruce_door":3,"minecraft:gold_block":62,"minecraft:iron_chestplate":1,"minecraft:book":11,"minecraft:diamond_pickaxe":3,"minecraft:shield":2,"minecraft:stick":24,"minecraft:iron_ingot":131,"minecraft:iron_pickaxe":3,"minecraft:iron_block":16,"minecraft:gold_ingot":585,"minecraft:smooth_stone_slab":6,"minecraft:netherite_sword":1,"minecraft:jukebox":1,"minecraft:furnace":3,"minecraft:mushroom_stew":24,"minecraft:diamond_block":19,"minecraft:netherite_chestplate":1,"minecraft:diamond":135,"minecraft:netherite_leggings":1,"minecraft:iron_axe":3,"minecraft:stone_pickaxe":1,"minecraft:diamond_boots":1,"minecraft:spruce_boat":2,"minecraft:netherite_scrap":2,"minecraft:lead":2,"minecraft:netherite_pickaxe":2,"minecraft:bowl":24,"minecraft:stone_axe":1,"minecraft:bread":3,"minecraft:air":0,"minecraft:oak_boat":1,"minecraft:iron_leggings":1,"minecraft:armor_stand":1,"minecraft:anvil":2,"minecraft:lapis_block":58,"minecraft:diamond_chestplate":1},"minecraft:killed":{"minecraft:cave_spider":9,"minecraft:zombified_piglin":1,"minecraft:witch":1,"minecraft:spider":17,"minecraft:skeleton":62,"minecraft:chicken":3,"minecraft:cat":1,"minecraft:piglin":2,"minecraft:pig":7,"minecraft:creeper":21,"minecraft:sheep":2,"minecraft:zombie":45,"minecraft:mooshroom":7,"minecraft:glow_squid":2,"minecraft:blaze":14,"minecraft:slime":1,"minecraft:phantom":3,"minecraft:drowned":3,"minecraft:rabbit":1,"minecraft:bat":1,"minecraft:squid":1,"minecraft:wither_skeleton":3,"minecraft:enderman":3},"minecraft:picked_up":{"minecraft:iron_chestplate":1,"minecraft:wheat":9,"minecraft:chainmail_boots":2,"minecraft:ender_chest":7,"minecraft:lead":2,"minecraft:diamond_sword":3,"minecraft:enchanted_book":4,"minecraft:golden_sword":1,"minecraft:amethyst_block":56,"minecraft:music_disc_cat":2,"minecraft:string":76,"minecraft:deepslate_lapis_ore":22,"minecraft:iron_leggings":1,"minecraft:pufferfish":1,"minecraft:oak_sign":2,"minecraft:diamond_leggings":2,"minecraft:gold_nugget":240,"minecraft:cobbled_deepslate":1982,"minecraft:azalea":2,"minecraft:iron_pickaxe":2,"minecraft:melon_slice":26,"minecraft:deepslate_iron_ore":36,"minecraft:furnace":2,"minecraft:iron_boots":1,"minecraft:stick":81,"minecraft:big_dripleaf":3,"minecraft:torch":1,"minecraft:spruce_stairs":1,"minecraft:porkchop":16,"minecraft:diorite":13,"minecraft:golden_chestplate":1,"minecraft:rotten_flesh":41,"minecraft:blaze_rod":7,"minecraft:obsidian":26,"minecraft:snowball":1,"minecraft:cobblestone":137,"minecraft:nautilus_shell":2,"minecraft:enchanting_table":1,"minecraft:feather":2,"minecraft:cooked_beef":28,"minecraft:iron_door":3,"minecraft:water_bucket":3,"minecraft:andesite":13,"minecraft:golden_leggings":2,"minecraft:smoker":4,"minecraft:potato":36,"minecraft:tuff":349,"minecraft:flint":4,"minecraft:netherite_leggings":1,"minecraft:lapis_lazuli":555,"minecraft:dirt":27,"minecraft:lantern":1,"minecraft:bone":72,"minecraft:bow":9,"minecraft:wheat_seeds":25,"minecraft:raw_gold":608,"minecraft:rabbit":1,"minecraft:diamond_helmet":2,"minecraft:moss_block":12,"minecraft:oak_planks":1,"minecraft:cooked_porkchop":3,"minecraft:jungle_planks":4,"minecraft:ink_sac":25,"minecraft:grass_block":1,"minecraft:barrel":1,"minecraft:deepslate":2805,"minecraft:diamond":330,"minecraft:spruce_boat":55,"minecraft:netherite_helmet":1,"minecraft:deepslate_gold_ore":142,"minecraft:granite":13,"minecraft:spruce_sign":2,"minecraft:golden_horse_armor":1,"minecraft:bread":50,"minecraft:netherrack":336,"minecraft:diamond_pickaxe":3,"minecraft:crafting_table":8,"minecraft:chicken":3,"minecraft:nether_wart":85,"minecraft:clay_ball":166,"minecraft:leather_leggings":2,"minecraft:brown_mushroom":1,"minecraft:packed_ice":48,"minecraft:shield":1,"minecraft:moss_carpet":2,"minecraft:elytra":1,"minecraft:snow":41,"minecraft:iron_shovel":1,"minecraft:blackstone":12,"minecraft:deepslate_diamond_ore":75,"minecraft:oak_boat":4,"minecraft:player_head":8,"minecraft:sugar_cane":62,"minecraft:chest":1,"minecraft:phantom_membrane":2,"minecraft:raw_iron":108,"minecraft:stone":15,"minecraft:copper_ingot":1,"minecraft:trident":1,"minecraft:carrot":4,"minecraft:redstone":1061,"minecraft:iron_horse_armor":1,"minecraft:jungle_sign":1,"minecraft:cooked_cod":55,"minecraft:arrow":80,"minecraft:diamond_chestplate":2,"minecraft:nether_bricks":63,"minecraft:diamond_boots":2,"minecraft:saddle":1,"minecraft:totem_of_undying":8,"minecraft:mutton":2,"minecraft:white_wool":3,"minecraft:jungle_boat":3,"minecraft:basalt":40,"minecraft:golden_carrot":66,"minecraft:glow_ink_sac":4,"minecraft:leather":17,"minecraft:oak_log":15,"minecraft:ancient_debris":2,"minecraft:golden_boots":1,"minecraft:gunpowder":16,"minecraft:white_banner":1,"minecraft:iron_ingot":10,"minecraft:cooked_chicken":1,"minecraft:glass_bottle":1,"minecraft:flowering_azalea":2,"minecraft:iron_sword":1,"minecraft:book":7,"minecraft:pumpkin":1,"minecraft:sweet_berries":12,"minecraft:quartz":24,"minecraft:spyglass":2,"minecraft:gravel":74,"minecraft:amethyst_shard":36,"minecraft:spruce_sapling":5,"minecraft:white_bed":2,"minecraft:spruce_log":25,"minecraft:spider_eye":6,"minecraft:spruce_door":4,"minecraft:diamond_shovel":1,"minecraft:firework_rocket":84,"minecraft:slime_ball":2,"minecraft:chainmail_leggings":1,"minecraft:iron_helmet":1,"minecraft:diamond_axe":2,"minecraft:deepslate_redstone_ore":8,"minecraft:coal":69,"minecraft:ender_pearl":4},"minecraft:dropped":{"minecraft:iron_sword":1,"minecraft:moss_block":4,"minecraft:diamond_axe":1,"minecraft:lapis_lazuli":8,"minecraft:diamond":15,"minecraft:iron_horse_armor":1,"minecraft:saddle":1,"minecraft:rail":1,"minecraft:flint":1,"minecraft:dirt":4,"minecraft:gold_nugget":4,"minecraft:iron_pickaxe":2,"minecraft:gravel":4,"minecraft:cobbled_deepslate":1117,"minecraft:golden_chestplate":1,"minecraft:rotten_flesh":25,"minecraft:diamond_shovel":1,"minecraft:chainmail_boots":1,"minecraft:leather_leggings":2,"minecraft:written_book":2,"minecraft:golden_boots":1,"minecraft:golden_horse_armor":1,"minecraft:diamond_leggings":1,"minecraft:iron_helmet":2,"minecraft:lead":1,"minecraft:amethyst_block":1,"minecraft:granite":1,"minecraft:golden_apple":1,"minecraft:stick":3,"minecraft:pufferfish":1,"minecraft:diorite":10,"minecraft:golden_carrot":52,"minecraft:ink_sac":3,"minecraft:diamond_helmet":1,"minecraft:iron_leggings":2,"minecraft:flowering_azalea":2,"minecraft:iron_axe":1,"minecraft:iron_shovel":1,"minecraft:string":3,"minecraft:redstone":955,"minecraft:moss_carpet":2,"minecraft:sweet_berries":2,"minecraft:player_head":5,"minecraft:deepslate":2114,"minecraft:tuff":267,"minecraft:clay_ball":100,"minecraft:iron_boots":2,"minecraft:totem_of_undying":8,"minecraft:diamond_sword":2,"minecraft:big_dripleaf":3,"minecraft:spruce_boat":1,"minecraft:diamond_chestplate":1,"minecraft:spruce_planks":57,"minecraft:diamond_pickaxe":1,"minecraft:iron_chestplate":2,"minecraft:andesite":2,"minecraft:golden_leggings":1,"minecraft:golden_sword":1,"minecraft:spider_eye":2,"minecraft:diamond_boots":1,"minecraft:bow":3}},"DataVersion":2865}