{"stats":{"minecraft:used":{"minecraft:moss_block":8,"minecraft:moss_carpet":2,"minecraft:writable_book":11,"minecraft:iron_shovel":273,"minecraft:dispenser":3,"minecraft:ladder":37,"minecraft:oak_sign":8,"minecraft:chest":136,"minecraft:stone":85,"minecraft:player_head":10,"minecraft:rotten_flesh":9,"minecraft:iron_chestplate":1,"minecraft:nether_bricks":26,"minecraft:deepslate_tile_slab":117,"minecraft:tuff":127,"minecraft:axolotl_bucket":1,"minecraft:obsidian":20,"minecraft:polished_deepslate_stairs":7,"minecraft:spruce_boat":35,"minecraft:glass":2,"minecraft:honey_block":1,"minecraft:coal_ore":2,"minecraft:grass_block":9,"minecraft:copper_ore":2,"minecraft:deepslate_diamond_ore":43,"minecraft:bow":371,"minecraft:dark_oak_boat":1,"minecraft:written_book":2,"minecraft:sweet_berries":120,"minecraft:oak_sapling":3,"minecraft:furnace":1,"minecraft:egg":70,"minecraft:diorite":13,"minecraft:diamond_boots":1,"minecraft:chorus_fruit":2,"minecraft:stone_pickaxe":393,"minecraft:oak_planks":2,"minecraft:polished_diorite_slab":196,"minecraft:ender_pearl":2,"minecraft:wooden_pickaxe":3,"minecraft:diamond_axe":208,"minecraft:sugar_cane":1,"minecraft:jungle_boat":11,"minecraft:white_wool":2,"minecraft:sand":1,"minecraft:netherite_leggings":1,"minecraft:deepslate_redstone_ore":4,"minecraft:end_stone":780,"minecraft:deepslate_lapis_ore":3,"minecraft:firework_rocket":232,"minecraft:deepslate_iron_ore":5,"minecraft:bread":34,"minecraft:stone_button":1,"minecraft:deepslate":57,"minecraft:gravel":24,"minecraft:diamond_sword":46,"minecraft:grindstone":1,"minecraft:smithing_table":1,"minecraft:birch_log":18,"minecraft:andesite":6,"minecraft:oak_boat":14,"minecraft:coarse_dirt":1,"minecraft:bone_meal":5,"minecraft:oak_fence":87,"minecraft:oak_trapdoor":4,"minecraft:netherite_sword":389,"minecraft:enchanting_table":1,"minecraft:crimson_fence":1,"minecraft:flint_and_steel":2,"minecraft:stone_shovel":84,"minecraft:redstone":1,"minecraft:ender_chest":13,"minecraft:stone_hoe":10,"minecraft:cooked_chicken":30,"minecraft:netherrack":216,"minecraft:oak_door":3,"minecraft:torch":152,"minecraft:dirt":350,"minecraft:anvil":3,"minecraft:white_carpet":5,"minecraft:hopper":4,"minecraft:diamond_helmet":1,"minecraft:pink_dye":1,"minecraft:granite":3,"minecraft:oak_fence_gate":4,"minecraft:dark_oak_planks":7,"minecraft:bookshelf":16,"minecraft:iron_axe":55,"minecraft:slime_block":1,"minecraft:iron_boots":1,"minecraft:bamboo":1,"minecraft:basalt":29,"minecraft:netherite_pickaxe":1587,"minecraft:cooked_beef":58,"minecraft:cobbled_deepslate":331,"minecraft:observer":2,"minecraft:wheat_seeds":160,"minecraft:cooked_mutton":14,"minecraft:acacia_boat":1,"minecraft:water_bucket":45,"minecraft:baked_potato":27,"minecraft:birch_boat":2,"minecraft:spruce_sign":26,"minecraft:stonecutter":1,"minecraft:cobblestone_slab":6,"minecraft:crafting_table":9,"minecraft:birch_sign":1,"minecraft:oak_log":106,"minecraft:netherite_block":2,"minecraft:diamond_pickaxe":4273,"minecraft:apple":4,"minecraft:diamond_shovel":4,"minecraft:chicken":1,"minecraft:oak_button":2,"minecraft:iron_pickaxe":698,"minecraft:netherite_axe":413,"minecraft:spruce_sapling":17,"minecraft:stone_axe":52,"minecraft:pink_bed":1,"minecraft:cobblestone":104,"minecraft:cobbled_deepslate_slab":6,"minecraft:cooked_porkchop":14,"minecraft:bucket":53,"minecraft:glass_pane":3,"minecraft:kelp":1,"minecraft:diamond_leggings":2},"minecraft:picked_up":{"minecraft:shulker_shell":4,"minecraft:iron_chestplate":1,"minecraft:wheat":147,"minecraft:ender_chest":11,"minecraft:anvil":2,"minecraft:enchanted_book":56,"minecraft:golden_sword":21,"minecraft:amethyst_block":4,"minecraft:string":10,"minecraft:raw_copper":398,"minecraft:deepslate_lapis_ore":3,"minecraft:iron_leggings":1,"minecraft:diamond_leggings":5,"minecraft:gold_nugget":439,"minecraft:cobbled_deepslate":1579,"minecraft:crimson_fence":1,"minecraft:bucket":6,"minecraft:white_tulip":1,"minecraft:written_book":3,"minecraft:rose_bush":2,"minecraft:cobblestone_slab":1,"minecraft:calcite":4,"minecraft:iron_pickaxe":1,"minecraft:deepslate_iron_ore":5,"minecraft:iron_boots":1,"minecraft:stick":96,"minecraft:oak_fence":33,"minecraft:torch":95,"minecraft:porkchop":10,"minecraft:diorite":161,"minecraft:nether_gold_ore":2,"minecraft:rotten_flesh":389,"minecraft:red_tulip":4,"minecraft:netherite_chestplate":1,"minecraft:blaze_rod":12,"minecraft:obsidian":24,"minecraft:cobblestone":1278,"minecraft:birch_log":28,"minecraft:magma_block":40,"minecraft:polished_diorite_slab":9,"minecraft:feather":94,"minecraft:cooked_beef":63,"minecraft:water_bucket":4,"minecraft:andesite":38,"minecraft:brown_wool":3,"minecraft:flint":3,"minecraft:tuff":226,"minecraft:netherite_leggings":1,"minecraft:lapis_lazuli":1269,"minecraft:dirt":425,"minecraft:bone":26,"minecraft:bow":8,"minecraft:orange_tulip":8,"minecraft:wheat_seeds":406,"minecraft:raw_gold":124,"minecraft:netherite_axe":4,"minecraft:diamond_helmet":4,"minecraft:bamboo":13,"minecraft:moss_block":1,"minecraft:oak_planks":12,"minecraft:stone_hoe":1,"minecraft:cooked_porkchop":10,"minecraft:sand":1,"minecraft:ink_sac":45,"minecraft:grass_block":9,"minecraft:dark_oak_log":4,"minecraft:netherite_block":2,"minecraft:clay":3,"minecraft:netherite_helmet":1,"minecraft:diamond":593,"minecraft:deepslate":325,"minecraft:spruce_boat":39,"minecraft:slime_block":1,"minecraft:writable_book":1,"minecraft:granite":55,"minecraft:spruce_sign":111,"minecraft:bread":12,"minecraft:oak_sapling":107,"minecraft:chorus_fruit":87,"minecraft:netherrack":3034,"minecraft:diamond_pickaxe":1,"minecraft:charcoal":37,"minecraft:coarse_dirt":1,"minecraft:crafting_table":2,"minecraft:allium":4,"minecraft:azure_bluet":9,"minecraft:chicken":36,"minecraft:ladder":3,"minecraft:leather_leggings":4,"minecraft:wooden_pickaxe":1,"minecraft:pink_wool":1,"minecraft:gold_block":3,"minecraft:elytra":2,"minecraft:moss_carpet":2,"minecraft:iron_axe":1,"minecraft:flint_and_steel":1,"minecraft:white_carpet":1,"minecraft:mycelium":10,"minecraft:blackstone":104,"minecraft:netherite_sword":4,"minecraft:deepslate_diamond_ore":43,"minecraft:beef":4,"minecraft:oak_boat":14,"minecraft:player_head":15,"minecraft:observer":1,"minecraft:poppy":4,"minecraft:sugar_cane":75,"minecraft:chest":11,"minecraft:birch_sapling":7,"minecraft:copper_ore":2,"minecraft:phantom_membrane":14,"minecraft:egg":67,"minecraft:raw_iron":424,"minecraft:end_stone":826,"minecraft:stone":88,"minecraft:oak_door":9,"minecraft:copper_ingot":11,"minecraft:redstone":348,"minecraft:netherite_pickaxe":7,"minecraft:arrow":39,"minecraft:diamond_chestplate":5,"minecraft:stone_shovel":3,"minecraft:peony":5,"minecraft:nether_bricks":26,"minecraft:diamond_boots":4,"minecraft:gold_ingot":27,"minecraft:mutton":9,"minecraft:white_wool":7,"minecraft:oxeye_daisy":1,"minecraft:netherite_boots":1,"minecraft:jungle_boat":9,"minecraft:basalt":808,"minecraft:glow_ink_sac":2,"minecraft:leather":6,"minecraft:red_mushroom_block":6,"minecraft:filled_map":1,"minecraft:oak_log":259,"minecraft:chainmail_chestplate":1,"minecraft:ancient_debris":12,"minecraft:gunpowder":6,"minecraft:deepslate_tile_slab":5,"minecraft:paper":7,"minecraft:cooked_mutton":10,"minecraft:apple":9,"minecraft:kelp":10,"minecraft:oak_fence_gate":2,"minecraft:iron_ingot":153,"minecraft:stone_pickaxe":1,"minecraft:cooked_chicken":31,"minecraft:book":3,"minecraft:smooth_basalt":2,"minecraft:sweet_berries":114,"minecraft:quartz":11,"minecraft:gravel":46,"minecraft:spruce_sapling":27,"minecraft:spruce_log":293,"minecraft:spider_eye":8,"minecraft:firework_rocket":408,"minecraft:diamond_shovel":2,"minecraft:coal_ore":2,"minecraft:slime_ball":36,"minecraft:stone_axe":2,"minecraft:honey_block":1,"minecraft:iron_helmet":1,"minecraft:deepslate_redstone_ore":4,"minecraft:gray_wool":2,"minecraft:oak_button":1,"minecraft:baked_potato":95,"minecraft:coal":135,"minecraft:hopper":1,"minecraft:ender_pearl":491},"minecraft:killed_by":{"minecraft:zombie":1,"minecraft:enderman":1,"minecraft:panda":1,"minecraft:skeleton":1},"minecraft:broken":{"minecraft:iron_shovel":1,"minecraft:stone_pickaxe":3,"minecraft:iron_pickaxe":2},"minecraft:mined":{"minecraft:obsidian":24,"minecraft:granite":98,"minecraft:grass_block":256,"minecraft:hopper":1,"minecraft:oxeye_daisy":1,"minecraft:tall_seagrass":1,"minecraft:magma_block":8,"minecraft:fire":6,"minecraft:iron_ore":138,"minecraft:cobbled_deepslate":28,"minecraft:moss_carpet":2,"minecraft:deepslate_lapis_ore":54,"minecraft:azure_bluet":17,"minecraft:red_tulip":10,"minecraft:netherite_block":2,"minecraft:deepslate_redstone_ore":53,"minecraft:blackstone":52,"minecraft:player_wall_head":1,"minecraft:deepslate_tile_slab":5,"minecraft:clay":3,"minecraft:torch":14,"minecraft:calcite":4,"minecraft:poppy":4,"minecraft:chest":10,"minecraft:spruce_wall_sign":3,"minecraft:polished_diorite_slab":7,"minecraft:nether_quartz_ore":5,"minecraft:cobblestone":7,"minecraft:slime_block":1,"minecraft:sugar_cane":1,"minecraft:oak_planks":1,"minecraft:wall_torch":3,"minecraft:spruce_sign":12,"minecraft:amethyst_block":4,"minecraft:deepslate_copper_ore":1,"minecraft:wheat":157,"minecraft:birch_log":28,"minecraft:orange_tulip":8,"minecraft:grass":59,"minecraft:oak_log":253,"minecraft:oak_fence_gate":2,"minecraft:sand":1,"minecraft:dirt":88,"minecraft:smooth_basalt":2,"minecraft:ancient_debris":12,"minecraft:netherrack":1289,"minecraft:oak_leaves":76,"minecraft:deepslate":1805,"minecraft:nether_gold_ore":3,"minecraft:diamond_ore":27,"minecraft:tuff":226,"minecraft:deepslate_diamond_ore":286,"minecraft:oak_door":3,"minecraft:dark_oak_log":4,"minecraft:end_stone":833,"minecraft:nether_bricks":38,"minecraft:ladder":3,"minecraft:allium":8,"minecraft:spruce_leaves":31,"minecraft:moss_block":1,"minecraft:redstone_ore":2,"minecraft:andesite":51,"minecraft:peony":7,"minecraft:bookshelf":1,"minecraft:cobblestone_slab":2,"minecraft:deepslate_iron_ore":109,"minecraft:chorus_plant":3,"minecraft:bamboo":1,"minecraft:white_tulip":1,"minecraft:stone":950,"minecraft:ender_chest":10,"minecraft:glass_pane":3,"minecraft:basalt":298,"minecraft:observer":1,"minecraft:oak_fence":33,"minecraft:crafting_table":2,"minecraft:honey_block":1,"minecraft:rose_bush":3,"minecraft:tall_grass":16,"minecraft:copper_ore":54,"minecraft:lapis_ore":31,"minecraft:deepslate_gold_ore":58,"minecraft:diorite":223,"minecraft:coarse_dirt":1,"minecraft:sweet_berry_bush":13,"minecraft:spruce_log":293,"minecraft:birch_leaves":3,"minecraft:coal_ore":117,"minecraft:gravel":58,"minecraft:oak_button":1},"minecraft:custom":{"minecraft:animals_bred":62,"minecraft:interact_with_crafting_table":126,"minecraft:open_barrel":167,"minecraft:open_shulker_box":50,"minecraft:eat_cake_slice":1,"minecraft:leave_game":44,"minecraft:time_since_death":37376,"minecraft:sprint_one_cm":3564093,"minecraft:drop":226,"minecraft:talked_to_villager":1,"minecraft:play_time":1315861,"minecraft:deaths":9,"minecraft:jump":21316,"minecraft:walk_on_water_one_cm":81779,"minecraft:enchant_item":6,"minecraft:interact_with_furnace":117,"minecraft:sleep_in_bed":10,"minecraft:open_enderchest":82,"minecraft:damage_dealt":40218,"minecraft:player_kills":1,"minecraft:crouch_one_cm":182921,"minecraft:interact_with_smoker":2,"minecraft:inspect_dispenser":4,"minecraft:horse_one_cm":272,"minecraft:interact_with_smithing_table":9,"minecraft:inspect_dropper":2,"minecraft:mob_kills":7609,"minecraft:interact_with_anvil":47,"minecraft:inspect_hopper":3,"minecraft:climb_one_cm":242884,"minecraft:walk_one_cm":905044,"minecraft:sneak_time":49425,"minecraft:walk_under_water_one_cm":117217,"minecraft:boat_one_cm":3621965,"minecraft:interact_with_lectern":47,"minecraft:total_world_time":1315861,"minecraft:interact_with_grindstone":3,"minecraft:interact_with_stonecutter":6,"minecraft:time_since_rest":37396,"minecraft:damage_taken":7689,"minecraft:swim_one_cm":628509,"minecraft:fly_one_cm":5427536,"minecraft:open_chest":1167,"minecraft:pig_one_cm":422,"minecraft:aviate_one_cm":7759600,"minecraft:fall_one_cm":576070},"minecraft:crafted":{"minecraft:black_dye":1,"minecraft:grindstone":1,"minecraft:oak_planks":644,"minecraft:cobblestone_slab":6,"minecraft:oak_sign":9,"minecraft:dark_oak_boat":1,"minecraft:pink_bed":1,"minecraft:blaze_powder":24,"minecraft:birch_boat":2,"minecraft:cooked_chicken":13,"minecraft:stone":7,"minecraft:diamond_shovel":1,"minecraft:cooked_mutton":9,"minecraft:glass":2,"minecraft:hopper":4,"minecraft:diamond_helmet":1,"minecraft:diamond_leggings":1,"minecraft:bow":3,"minecraft:iron_boots":1,"minecraft:netherite_boots":1,"minecraft:chest":137,"minecraft:oak_button":2,"minecraft:stone_hoe":1,"minecraft:ender_eye":24,"minecraft:oak_fence":72,"minecraft:polished_diorite_slab":192,"minecraft:cooked_porkchop":7,"minecraft:crafting_table":7,"minecraft:spruce_planks":924,"minecraft:wooden_pickaxe":1,"minecraft:iron_helmet":1,"minecraft:smithing_table":1,"minecraft:copper_ingot":71,"minecraft:gold_block":3,"minecraft:birch_planks":40,"minecraft:dispenser":3,"minecraft:pink_wool":2,"minecraft:iron_chestplate":1,"minecraft:book":1,"minecraft:paper":3,"minecraft:diamond_pickaxe":1,"minecraft:charcoal":3,"minecraft:stick":220,"minecraft:stone_slab":6,"minecraft:iron_ingot":186,"minecraft:iron_pickaxe":3,"minecraft:iron_block":11,"minecraft:gold_ingot":77,"minecraft:light_gray_dye":1,"minecraft:netherite_ingot":11,"minecraft:shears":1,"minecraft:oak_door":3,"minecraft:cobbled_deepslate_slab":6,"minecraft:stone_shovel":1,"minecraft:netherite_sword":1,"minecraft:iron_nugget":18,"minecraft:polished_deepslate_stairs":8,"minecraft:furnace":1,"minecraft:stone_button":1,"minecraft:bone_meal":48,"minecraft:pink_dye":4,"minecraft:white_carpet":6,"minecraft:oak_trapdoor":4,"minecraft:flint_and_steel":1,"minecraft:netherite_chestplate":1,"minecraft:netherite_axe":1,"minecraft:polished_deepslate":16,"minecraft:iron_axe":1,"minecraft:ladder":39,"minecraft:stone_pickaxe":3,"minecraft:diamond_boots":2,"minecraft:netherite_scrap":44,"minecraft:dark_oak_planks":16,"minecraft:observer":1,"minecraft:cooked_beef":4,"minecraft:red_dye":2,"minecraft:netherite_pickaxe":2,"minecraft:diamond_sword":1,"minecraft:spruce_sign":66,"minecraft:enchanting_table":1,"minecraft:bucket":6,"minecraft:stone_axe":1,"minecraft:bread":30,"minecraft:air":0,"minecraft:oak_boat":3,"minecraft:white_dye":2,"minecraft:writable_book":1,"minecraft:iron_shovel":2,"minecraft:iron_leggings":1,"minecraft:stonecutter":1,"minecraft:anvil":3,"minecraft:torch":200,"minecraft:diamond_chestplate":2},"minecraft:dropped":{"minecraft:birch_planks":3,"minecraft:diamond":72,"minecraft:ender_pearl":334,"minecraft:orange_tulip":8,"minecraft:dirt":5,"minecraft:netherite_boots":1,"minecraft:gold_nugget":186,"minecraft:white_wool":1,"minecraft:gold_ingot":2,"minecraft:bone":2,"minecraft:gravel":3,"minecraft:cooked_chicken":3,"minecraft:cobbled_deepslate":5,"minecraft:netherite_sword":1,"minecraft:rotten_flesh":499,"minecraft:oak_planks":9,"minecraft:cooked_mutton":1,"minecraft:mycelium":10,"minecraft:red_mushroom_block":6,"minecraft:gunpowder":2,"minecraft:charcoal":3,"minecraft:chest":1,"minecraft:leather_leggings":1,"minecraft:basalt":250,"minecraft:netherrack":1088,"minecraft:iron_ingot":7,"minecraft:enchanted_book":24,"minecraft:stone_hoe":1,"minecraft:netherite_pickaxe":2,"minecraft:diamond_leggings":2,"minecraft:netherite_helmet":1,"minecraft:netherite_axe":1,"minecraft:netherite_chestplate":1,"minecraft:feather":24,"minecraft:cobblestone":1,"minecraft:amethyst_block":4,"minecraft:granite":20,"minecraft:gray_wool":2,"minecraft:rose_bush":2,"minecraft:diamond_helmet":1,"minecraft:iron_axe":1,"minecraft:paper":4,"minecraft:string":3,"minecraft:smooth_basalt":2,"minecraft:kelp":9,"minecraft:sweet_berries":7,"minecraft:player_head":2,"minecraft:stone_shovel":1,"minecraft:oak_sign":1,"minecraft:netherite_leggings":1,"minecraft:spruce_boat":1,"minecraft:diamond_chestplate":2,"minecraft:peony":5,"minecraft:diamond_pickaxe":1,"minecraft:andesite":12,"minecraft:oak_boat":2,"minecraft:bamboo":10,"minecraft:golden_sword":20,"minecraft:spider_eye":7,"minecraft:diamond_boots":1,"minecraft:bow":1,"minecraft:calcite":4,"minecraft:magma_block":24},"minecraft:killed":{"minecraft:zombified_piglin":3,"minecraft:spider":7,"minecraft:shulker":10,"minecraft:skeleton":16,"minecraft:chicken":27,"minecraft:piglin":1,"minecraft:pig":7,"minecraft:zombie_villager":1,"minecraft:creeper":7,"minecraft:sheep":7,"minecraft:zombie":15,"minecraft:ghast":1,"minecraft:glow_squid":1,"minecraft:blaze":8,"minecraft:cow":10,"minecraft:slime":18,"minecraft:phantom":25,"minecraft:panda":1,"minecraft:hoglin":1,"minecraft:squid":1,"minecraft:enderman":1198}},"DataVersion":3120}