{"stats":{"minecraft:killed_by":{"minecraft:creeper":1,"minecraft:zombie":1,"minecraft:spider":1,"minecraft:enderman":1,"minecraft:skeleton":2},"minecraft:picked_up":{"minecraft:iron_chestplate":6,"minecraft:wheat":102,"minecraft:redstone_block":105,"minecraft:enchanted_book":3,"minecraft:amethyst_block":10,"minecraft:lapis_block":111,"minecraft:music_disc_cat":5,"minecraft:string":87,"minecraft:cooked_salmon":173,"minecraft:iron_leggings":6,"minecraft:oak_sign":10,"minecraft:cobbled_deepslate":644,"minecraft:spruce_planks":115,"minecraft:rose_bush":1,"minecraft:calcite":8,"minecraft:azalea":3,"minecraft:iron_pickaxe":8,"minecraft:iron_boots":6,"minecraft:furnace":20,"minecraft:golden_helmet":1,"minecraft:stick":124,"minecraft:torch":223,"minecraft:porkchop":1,"minecraft:diorite":11,"minecraft:rotten_flesh":192,"minecraft:cobblestone":915,"minecraft:nautilus_shell":2,"minecraft:leather_chestplate":1,"minecraft:lilac":12,"minecraft:water_bucket":3,"minecraft:andesite":5,"minecraft:potato":16,"minecraft:flint":4,"minecraft:tuff":7,"minecraft:dirt":727,"minecraft:lapis_lazuli":1544,"minecraft:lantern":3,"minecraft:name_tag":11,"minecraft:bone":360,"minecraft:bow":26,"minecraft:stonecutter":6,"minecraft:wheat_seeds":147,"minecraft:orange_tulip":1,"minecraft:raw_gold":198,"minecraft:moss_block":7,"minecraft:oak_planks":54,"minecraft:axolotl_bucket":5,"minecraft:sand":12,"minecraft:ink_sac":2,"minecraft:lily_of_the_valley":10,"minecraft:barrel":8,"minecraft:spruce_fence_gate":2,"minecraft:sugar":5,"minecraft:diamond":129,"minecraft:spruce_boat":8,"minecraft:granite":51,"minecraft:bone_meal":5,"minecraft:golden_apple":5,"minecraft:bread":4,"minecraft:golden_horse_armor":2,"minecraft:chainmail_helmet":1,"minecraft:oak_sapling":107,"minecraft:oak_leaves":95,"minecraft:diamond_pickaxe":2,"minecraft:charcoal":20,"minecraft:crafting_table":23,"minecraft:ladder":10,"minecraft:clay_ball":16,"minecraft:leather_leggings":4,"minecraft:shield":6,"minecraft:oak_trapdoor":4,"minecraft:moss_carpet":1,"minecraft:iron_axe":7,"minecraft:iron_shovel":6,"minecraft:detector_rail":1,"minecraft:oak_boat":1,"minecraft:player_head":50,"minecraft:spruce_slab":4,"minecraft:minecart":8,"minecraft:sugar_cane":18,"minecraft:chest":25,"minecraft:birch_sapling":4,"minecraft:phantom_membrane":5,"minecraft:egg":10,"minecraft:raw_iron":483,"minecraft:stone":29,"minecraft:oak_door":28,"minecraft:copper_ingot":5,"minecraft:trident":4,"minecraft:redstone":820,"minecraft:arrow":309,"minecraft:hay_block":1,"minecraft:gold_ingot":311,"minecraft:glow_berries":225,"minecraft:mutton":3,"minecraft:white_wool":10,"minecraft:rail":49,"minecraft:glow_ink_sac":8,"minecraft:salmon":165,"minecraft:oak_log":222,"minecraft:golden_boots":7,"minecraft:gunpowder":120,"minecraft:cobblestone_stairs":34,"minecraft:blue_bed":6,"minecraft:apple":11,"minecraft:stone_pickaxe":3,"minecraft:iron_ingot":382,"minecraft:smooth_basalt":14,"minecraft:pumpkin":10,"minecraft:sweet_berries":543,"minecraft:spyglass":3,"minecraft:gravel":42,"minecraft:amethyst_shard":32,"minecraft:spruce_sapling":172,"minecraft:spruce_log":796,"minecraft:spider_eye":4,"minecraft:leather_helmet":7,"minecraft:slime_ball":60,"minecraft:stone_axe":3,"minecraft:iron_helmet":6,"minecraft:melon_seeds":15,"minecraft:coal":540},"minecraft:mined":{"minecraft:spruce_planks":115,"minecraft:oak_sapling":3,"minecraft:cobblestone_stairs":34,"minecraft:budding_amethyst":1,"minecraft:cave_vines_plant":1,"minecraft:granite":18,"minecraft:grass_block":460,"minecraft:oak_wall_sign":2,"minecraft:tall_seagrass":4,"minecraft:iron_ore":251,"minecraft:barrel":8,"minecraft:cobbled_deepslate":26,"minecraft:pumpkin":2,"minecraft:deepslate_lapis_ore":65,"minecraft:cave_vines":2,"minecraft:azalea":2,"minecraft:deepslate_redstone_ore":81,"minecraft:amethyst_cluster":1,"minecraft:clay":4,"minecraft:torch":32,"minecraft:calcite":7,"minecraft:chest":19,"minecraft:cobblestone":275,"minecraft:sugar_cane":4,"minecraft:oak_planks":33,"minecraft:wall_torch":16,"minecraft:amethyst_block":9,"minecraft:seagrass":3,"minecraft:wheat":24,"minecraft:lilac":2,"minecraft:orange_tulip":1,"minecraft:grass":11,"minecraft:oak_log":179,"minecraft:sand":12,"minecraft:dirt":177,"minecraft:smooth_basalt":14,"minecraft:stonecutter":6,"minecraft:oak_leaves":185,"minecraft:deepslate":212,"minecraft:tuff":3,"minecraft:deepslate_diamond_ore":31,"minecraft:oak_door":20,"minecraft:ladder":8,"minecraft:spruce_leaves":145,"minecraft:moss_block":4,"minecraft:large_fern":4,"minecraft:hay_block":1,"minecraft:redstone_ore":28,"minecraft:oak_trapdoor":4,"minecraft:spruce_sapling":3,"minecraft:furnace":18,"minecraft:andesite":5,"minecraft:potatoes":1,"minecraft:deepslate_iron_ore":67,"minecraft:rail":1,"minecraft:lantern":1,"minecraft:stone":351,"minecraft:lily_of_the_valley":2,"minecraft:crafting_table":20,"minecraft:rose_bush":1,"minecraft:campfire":5,"minecraft:tall_grass":2,"minecraft:deepslate_coal_ore":12,"minecraft:lapis_ore":60,"minecraft:deepslate_gold_ore":123,"minecraft:diorite":9,"minecraft:blue_bed":5,"minecraft:sweet_berry_bush":38,"minecraft:spruce_log":793,"minecraft:birch_leaves":1,"minecraft:coal_ore":386,"minecraft:spruce_fence_gate":2,"minecraft:gold_ore":16,"minecraft:fern":2},"minecraft:killed":{"minecraft:cave_spider":8,"minecraft:witch":2,"minecraft:spider":13,"minecraft:skeleton":204,"minecraft:pig":1,"minecraft:zombie_villager":3,"minecraft:salmon":164,"minecraft:creeper":23,"minecraft:sheep":2,"minecraft:zombie":92,"minecraft:slime":19,"minecraft:phantom":2,"minecraft:drowned":14,"minecraft:squid":1},"minecraft:used":{"minecraft:moss_block":3,"minecraft:moss_carpet":1,"minecraft:iron_shovel":676,"minecraft:light_gray_stained_glass_pane":30,"minecraft:spruce_slab":2,"minecraft:ladder":16,"minecraft:oak_sign":3,"minecraft:chest":25,"minecraft:shield":225,"minecraft:stone":42,"minecraft:rotten_flesh":51,"minecraft:tuff":7,"minecraft:axolotl_bucket":23,"minecraft:spruce_boat":8,"minecraft:lantern":14,"minecraft:iron_helmet":1,"minecraft:bow":69,"minecraft:hay_block":2,"minecraft:sweet_berries":277,"minecraft:oak_sapling":39,"minecraft:furnace":22,"minecraft:potato":1,"minecraft:golden_boots":1,"minecraft:diorite":11,"minecraft:stone_pickaxe":131,"minecraft:oak_planks":5,"minecraft:orange_tulip":1,"minecraft:leather_chestplate":1,"minecraft:wooden_pickaxe":59,"minecraft:blue_bed":5,"minecraft:clay":4,"minecraft:oak_leaves":23,"minecraft:glow_berries":119,"minecraft:shears":95,"minecraft:bread":3,"minecraft:golden_helmet":1,"minecraft:grindstone":1,"minecraft:andesite":4,"minecraft:oak_boat":2,"minecraft:bone_meal":23,"minecraft:azalea":3,"minecraft:oak_trapdoor":45,"minecraft:rose_bush":1,"minecraft:stone_sword":131,"minecraft:armor_stand":1,"minecraft:spruce_planks":209,"minecraft:cooked_salmon":138,"minecraft:oak_door":25,"minecraft:torch":1310,"minecraft:dirt":586,"minecraft:spyglass":21,"minecraft:anvil":1,"minecraft:stone_stairs":7,"minecraft:granite":6,"minecraft:spruce_fence":18,"minecraft:wooden_axe":40,"minecraft:iron_axe":1964,"minecraft:barrel":12,"minecraft:smooth_basalt":14,"minecraft:cobbled_deepslate":56,"minecraft:iron_leggings":1,"minecraft:calcite":8,"minecraft:wheat_seeds":28,"minecraft:cooked_mutton":3,"minecraft:water_bucket":121,"minecraft:amethyst_block":10,"minecraft:cobblestone_stairs":167,"minecraft:stonecutter":7,"minecraft:cobblestone_slab":24,"minecraft:spruce_fence_gate":20,"minecraft:rail":13,"minecraft:crafting_table":21,"minecraft:campfire":42,"minecraft:spruce_log":550,"minecraft:oak_log":39,"minecraft:diamond_pickaxe":34,"minecraft:apple":3,"minecraft:iron_pickaxe":1901,"minecraft:detector_rail":1,"minecraft:stone_slab":14,"minecraft:spruce_trapdoor":10,"minecraft:spruce_sapling":33,"minecraft:stone_axe":79,"minecraft:cobblestone":343,"minecraft:cooked_porkchop":1,"minecraft:bucket":146},"minecraft:broken":{"minecraft:iron_shovel":2,"minecraft:stone_pickaxe":1,"minecraft:stone_axe":1,"minecraft:wooden_axe":1,"minecraft:wooden_pickaxe":1,"minecraft:shield":4,"minecraft:iron_axe":10,"minecraft:iron_pickaxe":7},"minecraft:custom":{"minecraft:interact_with_crafting_table":139,"minecraft:open_barrel":70,"minecraft:open_shulker_box":1,"minecraft:leave_game":8,"minecraft:time_since_death":24111,"minecraft:sprint_one_cm":3906592,"minecraft:damage_blocked_by_shield":12765,"minecraft:drop":26,"minecraft:talked_to_villager":7,"minecraft:play_time":1395118,"minecraft:deaths":9,"minecraft:jump":19046,"minecraft:walk_on_water_one_cm":324041,"minecraft:enchant_item":3,"minecraft:interact_with_furnace":295,"minecraft:sleep_in_bed":28,"minecraft:damage_dealt":44667,"minecraft:crouch_one_cm":136109,"minecraft:mob_kills":548,"minecraft:interact_with_anvil":2,"minecraft:interact_with_campfire":162,"minecraft:climb_one_cm":60773,"minecraft:walk_one_cm":1571832,"minecraft:sneak_time":54439,"minecraft:walk_under_water_one_cm":323613,"minecraft:boat_one_cm":454206,"minecraft:interact_with_lectern":2,"minecraft:total_world_time":1395118,"minecraft:interact_with_grindstone":2,"minecraft:interact_with_stonecutter":41,"minecraft:time_since_rest":58,"minecraft:damage_taken":12542,"minecraft:swim_one_cm":1482092,"minecraft:fly_one_cm":3156175,"minecraft:open_chest":436,"minecraft:fall_one_cm":435353},"minecraft:dropped":{"minecraft:glow_ink_sac":1,"minecraft:diamond":17,"minecraft:amethyst_shard":7,"minecraft:phantom_membrane":1,"minecraft:axolotl_bucket":1,"minecraft:sugar":1,"minecraft:iron_pickaxe":1,"minecraft:spyglass":1,"minecraft:cobbled_deepslate":16,"minecraft:melon_seeds":3,"minecraft:spruce_slab":2,"minecraft:egg":1,"minecraft:lilac":2,"minecraft:minecart":2,"minecraft:copper_ingot":1,"minecraft:torch":5,"minecraft:iron_axe":1,"minecraft:music_disc_cat":1,"minecraft:redstone_block":35,"minecraft:player_head":3,"minecraft:name_tag":3,"minecraft:andesite":1,"minecraft:bow":1},"minecraft:crafted":{"minecraft:black_dye":2,"minecraft:grindstone":1,"minecraft:smooth_stone":3,"minecraft:oak_planks":316,"minecraft:cobblestone_slab":4,"minecraft:oak_sign":3,"minecraft:barrel":4,"minecraft:stone":88,"minecraft:cobblestone_stairs":10,"minecraft:cooked_mutton":3,"minecraft:glass":12,"minecraft:bow":9,"minecraft:iron_boots":2,"minecraft:chest":3,"minecraft:cooked_porkchop":1,"minecraft:crafting_table":2,"minecraft:spruce_planks":360,"minecraft:wooden_pickaxe":1,"minecraft:iron_helmet":2,"minecraft:hay_block":1,"minecraft:campfire":42,"minecraft:spruce_trapdoor":10,"minecraft:iron_chestplate":2,"minecraft:diamond_pickaxe":1,"minecraft:charcoal":57,"minecraft:shield":5,"minecraft:stick":476,"minecraft:stone_slab":12,"minecraft:iron_ingot":335,"minecraft:iron_pickaxe":8,"minecraft:iron_block":3,"minecraft:gold_ingot":124,"minecraft:light_gray_dye":4,"minecraft:spruce_fence_gate":18,"minecraft:light_gray_stained_glass_pane":32,"minecraft:shears":1,"minecraft:oak_door":6,"minecraft:smooth_stone_slab":6,"minecraft:iron_nugget":90,"minecraft:spyglass":1,"minecraft:furnace":4,"minecraft:gray_dye":4,"minecraft:bone_meal":33,"minecraft:spruce_fence":18,"minecraft:oak_trapdoor":42,"minecraft:glass_pane":32,"minecraft:stone_stairs":4,"minecraft:lantern":11,"minecraft:iron_axe":11,"minecraft:ladder":6,"minecraft:spruce_slab":12,"minecraft:stone_pickaxe":1,"minecraft:spruce_boat":1,"minecraft:redstone_block":54,"minecraft:bucket":1,"minecraft:stone_axe":1,"minecraft:air":0,"minecraft:oak_boat":1,"minecraft:white_dye":4,"minecraft:wooden_axe":1,"minecraft:iron_shovel":3,"minecraft:iron_leggings":2,"minecraft:armor_stand":1,"minecraft:stonecutter":1,"minecraft:anvil":1,"minecraft:torch":1216,"minecraft:lapis_lazuli":27,"minecraft:clay":4,"minecraft:lapis_block":97}},"DataVersion":2975}