{"stats":{"minecraft:mined":{"minecraft:dragon_wall_head":1,"minecraft:blue_carpet":22,"minecraft:white_bed":2,"minecraft:red_shulker_box":52,"minecraft:cyan_shulker_box":13,"minecraft:red_nether_bricks":48,"minecraft:light_blue_carpet":7,"minecraft:granite":356,"minecraft:acacia_log":436,"minecraft:blue_wool":2,"minecraft:oak_wall_sign":3,"minecraft:nether_wart":549,"minecraft:polished_blackstone_bricks":5,"minecraft:magma_block":772,"minecraft:dark_oak_trapdoor":29,"minecraft:cobbled_deepslate":144,"minecraft:barrel":57,"minecraft:fire":963,"minecraft:deepslate_lapis_ore":39,"minecraft:fletching_table":2,"minecraft:nether_brick_stairs":3,"minecraft:spruce_pressure_plate":6,"minecraft:light_gray_concrete":168,"minecraft:green_carpet":1,"minecraft:pink_tulip":50,"minecraft:white_shulker_box":194,"minecraft:player_head":17,"minecraft:orange_bed":6,"minecraft:tripwire":46,"minecraft:cut_sandstone":1,"minecraft:magenta_carpet":28,"minecraft:blue_concrete_powder":2,"minecraft:kelp_plant":61,"minecraft:deepslate_brick_wall":16,"minecraft:smoker":3,"minecraft:crimson_nylium":409,"minecraft:torch":102,"minecraft:note_block":8,"minecraft:oxidized_copper":724,"minecraft:melon":5,"minecraft:white_stained_glass_pane":148,"minecraft:dead_bush":53,"minecraft:spruce_wall_sign":29,"minecraft:lime_shulker_box":29,"minecraft:sugar_cane":158,"minecraft:amethyst_block":6,"minecraft:white_terracotta":7,"minecraft:repeater":90,"minecraft:tinted_glass":1,"minecraft:jukebox":3,"minecraft:yellow_glazed_terracotta":2,"minecraft:wither_rose":2,"minecraft:grass":303,"minecraft:smooth_basalt":2,"minecraft:deepslate":25970,"minecraft:purple_glazed_terracotta":224,"minecraft:deepslate_tiles":213,"minecraft:light_blue_wool":9,"minecraft:mossy_cobblestone":44,"minecraft:orange_concrete_powder":4,"minecraft:dark_oak_log":490,"minecraft:sea_lantern":16,"minecraft:end_stone":3051,"minecraft:spruce_fence":4,"minecraft:redstone_wire":204,"minecraft:red_mushroom":8,"minecraft:cartography_table":25,"minecraft:white_concrete_powder":145,"minecraft:redstone_ore":16,"minecraft:light_blue_concrete_powder":1,"minecraft:pink_concrete":126,"minecraft:green_terracotta":1,"minecraft:andesite":4717,"minecraft:vine":39,"minecraft:cobblestone_slab":489,"minecraft:rail":140,"minecraft:pink_glazed_terracotta":9,"minecraft:green_wool":6,"minecraft:ender_chest":145,"minecraft:oak_slab":84,"minecraft:redstone_block":17,"minecraft:glass_pane":102,"minecraft:soul_sand":269,"minecraft:lily_of_the_valley":24,"minecraft:dandelion":19,"minecraft:cornflower":844,"minecraft:dead_tube_coral_wall_fan":1,"minecraft:warped_roots":1,"minecraft:tall_grass":30,"minecraft:copper_ore":200,"minecraft:deepslate_gold_ore":39,"minecraft:diorite":360,"minecraft:orange_carpet":3,"minecraft:warped_wart_block":1,"minecraft:purple_wool":16,"minecraft:black_stained_glass":102,"minecraft:red_terracotta":9,"minecraft:coarse_dirt":145,"minecraft:cobblestone_wall":1,"minecraft:dark_oak_wall_sign":3,"minecraft:red_sandstone_wall":1,"minecraft:dark_oak_button":3,"minecraft:gravel":15841,"minecraft:sunflower":1,"minecraft:brown_terracotta":19,"minecraft:birch_sign":1,"minecraft:oak_button":5,"minecraft:polished_blackstone":15,"minecraft:stone_bricks":826,"minecraft:chipped_anvil":1,"minecraft:gold_ore":12,"minecraft:iron_trapdoor":5,"minecraft:fern":5,"minecraft:stone_pressure_plate":6,"minecraft:oak_sapling":19,"minecraft:orange_stained_glass":2,"minecraft:spruce_trapdoor":141,"minecraft:white_concrete":107,"minecraft:polished_diorite":130,"minecraft:polished_blackstone_brick_slab":8,"minecraft:composter":22,"minecraft:gilded_blackstone":2,"minecraft:sculk_catalyst":1,"minecraft:red_tulip":5,"minecraft:pointed_dripstone":2,"minecraft:iron_bars":2,"minecraft:spruce_slab":168,"minecraft:deepslate_redstone_ore":279,"minecraft:brown_shulker_box":69,"minecraft:gray_terracotta":44,"minecraft:quartz_block":57,"minecraft:orange_terracotta":21,"minecraft:purpur_stairs":1,"minecraft:light_gray_terracotta":3,"minecraft:beacon":9,"minecraft:nether_quartz_ore":264,"minecraft:oak_planks":96,"minecraft:wall_torch":31,"minecraft:cauldron":1,"minecraft:light_blue_terracotta":6,"minecraft:fire_coral_fan":6,"minecraft:warped_nylium":234,"minecraft:blue_terracotta":35,"minecraft:powered_rail":131,"minecraft:dark_oak_slab":122,"minecraft:tnt":15,"minecraft:smooth_stone_slab":64,"minecraft:oak_log":1058,"minecraft:dirt":20717,"minecraft:dispenser":19,"minecraft:ancient_debris":44,"minecraft:crying_obsidian":1,"minecraft:pink_carpet":14,"minecraft:quartz_stairs":30,"minecraft:dark_oak_leaves":81,"minecraft:red_stained_glass":533,"minecraft:lever":18,"minecraft:ladder":27,"minecraft:purple_terracotta":2,"minecraft:tube_coral_wall_fan":12,"minecraft:stone_button":1,"minecraft:brown_mushroom_block":90,"minecraft:birch_slab":40,"minecraft:spruce_leaves":87,"minecraft:crimson_stem":186,"minecraft:light_gray_shulker_box":64,"minecraft:detector_rail":5,"minecraft:peony":60,"minecraft:gold_block":15,"minecraft:nether_brick_fence":40,"minecraft:bookshelf":6721,"minecraft:shroomlight":51,"minecraft:deepslate_iron_ore":61,"minecraft:stripped_oak_log":1,"minecraft:pink_terracotta":57,"minecraft:acacia_leaves":13,"minecraft:scaffolding":203,"minecraft:snow_block":235,"minecraft:basalt":4072,"minecraft:oak_fence":4,"minecraft:honey_block":59,"minecraft:stone_slab":531,"minecraft:red_concrete":51,"minecraft:prismarine_bricks":6,"minecraft:birch_planks":7,"minecraft:polished_blackstone_slab":8,"minecraft:ice":173,"minecraft:bee_nest":4,"minecraft:warped_hyphae":2,"minecraft:black_wool":48,"minecraft:cocoa":16,"minecraft:yellow_concrete":95,"minecraft:purple_shulker_box":71,"minecraft:dark_oak_planks":221,"minecraft:light_blue_concrete":182,"minecraft:jungle_leaves":1,"minecraft:carved_pumpkin":1,"minecraft:obsidian":731,"minecraft:red_sand":4094,"minecraft:stone_brick_wall":1306,"minecraft:yellow_carpet":3,"minecraft:jungle_log":50,"minecraft:deepslate_bricks":327,"minecraft:deepslate_tile_stairs":3,"minecraft:hopper":31,"minecraft:oxeye_daisy":5,"minecraft:chiseled_stone_bricks":493,"minecraft:light_blue_stained_glass":40,"minecraft:orange_concrete":2,"minecraft:weeping_vines_plant":12,"minecraft:tall_seagrass":20,"minecraft:sticky_piston":60,"minecraft:moss_carpet":72,"minecraft:sculk_shrieker":42,"minecraft:oak_sign":3,"minecraft:water_cauldron":5,"minecraft:dirt_path":6,"minecraft:quartz_slab":53,"minecraft:iron_block":580,"minecraft:blue_orchid":1,"minecraft:piston_head":6,"minecraft:brown_mushroom":63,"minecraft:red_bed":4,"minecraft:player_wall_head":7,"minecraft:soul_fire":3,"minecraft:polished_andesite_stairs":19,"minecraft:glass":160,"minecraft:spruce_sign":13,"minecraft:black_concrete_powder":19,"minecraft:wheat":214,"minecraft:lime_concrete":55,"minecraft:stone_brick_stairs":51,"minecraft:copper_block":14,"minecraft:prismarine_brick_stairs":1,"minecraft:oak_fence_gate":21,"minecraft:purple_concrete_powder":18,"minecraft:blue_shulker_box":99,"minecraft:red_mushroom_block":41,"minecraft:stonecutter":72,"minecraft:piston":217,"minecraft:yellow_terracotta":14,"minecraft:pink_shulker_box":41,"minecraft:shulker_box":420,"minecraft:nether_bricks":1794,"minecraft:cobbled_deepslate_slab":8,"minecraft:crimson_roots":3,"minecraft:orange_shulker_box":68,"minecraft:yellow_concrete_powder":4,"minecraft:lime_wool":14,"minecraft:moss_block":2,"minecraft:kelp":9,"minecraft:pink_wool":82,"minecraft:polished_blackstone_button":1,"minecraft:snow":1540,"minecraft:diamond_block":17,"minecraft:potatoes":1677,"minecraft:warped_stem":53,"minecraft:bamboo":48,"minecraft:white_wool":16,"minecraft:cake":3,"minecraft:smithing_table":9,"minecraft:light_gray_carpet":2,"minecraft:gray_concrete":47,"minecraft:comparator":35,"minecraft:stone_brick_slab":1166,"minecraft:pink_concrete_powder":23,"minecraft:observer":110,"minecraft:light_gray_concrete_powder":6,"minecraft:spruce_button":3,"minecraft:emerald_ore":2,"minecraft:dropper":29,"minecraft:cracked_deepslate_bricks":2,"minecraft:purple_bed":2,"minecraft:purple_stained_glass":12,"minecraft:white_carpet":30,"minecraft:spruce_log":4707,"minecraft:birch_leaves":10,"minecraft:quartz_pillar":2,"minecraft:mycelium":31,"minecraft:pink_stained_glass_pane":1,"minecraft:dripstone_block":2,"minecraft:black_shulker_box":34,"minecraft:spruce_planks":1319,"minecraft:sculk_vein":1,"minecraft:grass_block":9226,"minecraft:blue_concrete":2,"minecraft:soul_soil":2,"minecraft:smooth_stone":35,"minecraft:raw_iron_block":2,"minecraft:glowstone":58,"minecraft:iron_ore":82,"minecraft:potted_red_mushroom":1,"minecraft:black_carpet":29,"minecraft:anvil":12,"minecraft:dark_oak_stairs":6,"minecraft:purple_carpet":4,"minecraft:birch_wall_sign":1,"minecraft:cyan_terracotta":8,"minecraft:blackstone":666,"minecraft:polished_deepslate_stairs":2,"minecraft:clay":533,"minecraft:calcite":1,"minecraft:poppy":21,"minecraft:chest":81,"minecraft:mushroom_stem":20,"minecraft:cobblestone":270,"minecraft:slime_block":21,"minecraft:grindstone":8,"minecraft:deepslate_copper_ore":4,"minecraft:magenta_shulker_box":1,"minecraft:seagrass":31,"minecraft:nether_wart_block":955,"minecraft:lapis_block":3,"minecraft:birch_log":46,"minecraft:light_gray_wool":28,"minecraft:orange_tulip":14,"minecraft:cracked_deepslate_tiles":1,"minecraft:waxed_oxidized_copper":768,"minecraft:green_glazed_terracotta":3,"minecraft:sand":23391,"minecraft:wither_skeleton_skull":1,"minecraft:netherrack":47834,"minecraft:oak_leaves":2097,"minecraft:emerald_block":1,"minecraft:nether_gold_ore":277,"minecraft:diamond_ore":5,"minecraft:tuff":1949,"minecraft:red_carpet":5,"minecraft:deepslate_diamond_ore":144,"minecraft:oak_door":2,"minecraft:gray_shulker_box":81,"minecraft:black_banner":3,"minecraft:weeping_vines":6,"minecraft:light_blue_glazed_terracotta":2,"minecraft:white_stained_glass":1,"minecraft:sandstone":27,"minecraft:large_fern":2,"minecraft:deepslate_brick_slab":24,"minecraft:oak_trapdoor":2,"minecraft:furnace":15,"minecraft:carrots":21,"minecraft:red_concrete_powder":9,"minecraft:black_concrete":3447,"minecraft:stripped_spruce_log":17,"minecraft:bell":10,"minecraft:polished_deepslate":2,"minecraft:lantern":6,"minecraft:packed_ice":4381,"minecraft:white_tulip":29,"minecraft:stone":26998,"minecraft:yellow_shulker_box":60,"minecraft:redstone_wall_torch":24,"minecraft:podzol":793,"minecraft:flowering_azalea":1,"minecraft:light_blue_shulker_box":20,"minecraft:red_wool":23,"minecraft:soul_torch":1,"minecraft:spruce_door":1,"minecraft:crafting_table":77,"minecraft:blackstone_slab":7,"minecraft:lime_concrete_powder":1,"minecraft:rose_bush":6,"minecraft:sculk_sensor":11,"minecraft:lectern":1220,"minecraft:andesite_wall":4,"minecraft:lapis_ore":29,"minecraft:lily_pad":23,"minecraft:sculk":20,"minecraft:spruce_stairs":92,"minecraft:gray_wool":325,"minecraft:cactus":237,"minecraft:gray_concrete_powder":194,"minecraft:green_shulker_box":9,"minecraft:beehive":10,"minecraft:polished_blackstone_stairs":9,"minecraft:redstone_torch":30,"minecraft:sweet_berry_bush":10,"minecraft:coal_ore":403,"minecraft:end_rod":1,"minecraft:terracotta":29,"minecraft:polished_andesite":235,"minecraft:crimson_hyphae":3},"minecraft:broken":{"minecraft:shears":17,"minecraft:diamond_pickaxe":6,"minecraft:shield":3,"minecraft:stone_axe":1,"minecraft:golden_boots":1,"minecraft:flint_and_steel":1},"minecraft:used":{"minecraft:moss_block":44,"minecraft:writable_book":75,"minecraft:dispenser":40,"minecraft:poppy":16,"minecraft:black_carpet":1369,"minecraft:stone":2201,"minecraft:quartz_stairs":204,"minecraft:rotten_flesh":6,"minecraft:soul_sand":229,"minecraft:lily_of_the_valley":22,"minecraft:cocoa_beans":124,"minecraft:deepslate_brick_slab":316,"minecraft:snowball":19,"minecraft:polished_blackstone_slab":568,"minecraft:spruce_boat":411,"minecraft:packed_ice":1970,"minecraft:lava_bucket":8,"minecraft:quartz_pillar":2,"minecraft:music_disc_pigstep":14,"minecraft:red_wool":33,"minecraft:quartz_block":1040,"minecraft:netherite_hoe":1110,"minecraft:dark_oak_leaves":4,"minecraft:dark_oak_slab":243,"minecraft:diorite_wall":4,"minecraft:netherite_boots":2,"minecraft:bow":1776,"minecraft:yellow_glazed_terracotta":6,"minecraft:cooked_cod":67,"minecraft:deepslate_brick_wall":141,"minecraft:blackstone":38,"minecraft:cactus":233,"minecraft:wooden_pickaxe":6,"minecraft:composter":28,"minecraft:clay":553,"minecraft:blast_furnace":1,"minecraft:purple_terracotta":28,"minecraft:gray_concrete":4084,"minecraft:red_sandstone_wall":191,"minecraft:deepslate_brick_stairs":10,"minecraft:purple_concrete_powder":1731,"minecraft:birch_slab":39,"minecraft:nether_wart_block":27,"minecraft:diamond_sword":312,"minecraft:smithing_table":15,"minecraft:birch_log":2,"minecraft:oak_boat":41,"minecraft:purple_wool":82,"minecraft:diorite_slab":1,"minecraft:oak_trapdoor":6,"minecraft:polished_blackstone_brick_slab":5,"minecraft:orange_concrete":37,"minecraft:carved_pumpkin":1,"minecraft:armor_stand":2,"minecraft:light_gray_carpet":51,"minecraft:tinted_glass":1,"minecraft:music_disc_5":1,"minecraft:cooked_salmon":71,"minecraft:orange_stained_glass":164,"minecraft:torch":649,"minecraft:brewing_stand":13,"minecraft:nether_quartz_ore":144,"minecraft:yellow_carpet":5,"minecraft:golden_shovel":1,"minecraft:oak_fence_gate":24,"minecraft:sea_lantern":203,"minecraft:chipped_anvil":1,"minecraft:iron_block":2656,"minecraft:jungle_log":37,"minecraft:barrel":96,"minecraft:bamboo":96,"minecraft:basalt":5615,"minecraft:lime_concrete":565,"minecraft:magenta_terracotta":11,"minecraft:podzol":28,"minecraft:wheat_seeds":221,"minecraft:warped_stem":35,"minecraft:light_blue_shulker_box":22,"minecraft:birch_planks":21,"minecraft:blue_concrete_powder":1538,"minecraft:cauldron":9,"minecraft:spruce_fence_gate":2,"minecraft:deepslate_bricks":878,"minecraft:diamond_block":15,"minecraft:rail":453,"minecraft:red_bed":6,"minecraft:sculk_shrieker":1,"minecraft:white_bed":16,"minecraft:spruce_log":285,"minecraft:mushroom_stem":14,"minecraft:blue_stained_glass_pane":1265,"minecraft:diamond_pickaxe":48161,"minecraft:diamond_shovel":14842,"minecraft:oak_button":32,"minecraft:suspicious_stew":1,"minecraft:spruce_pressure_plate":6,"minecraft:spruce_trapdoor":2483,"minecraft:spruce_sapling":8,"minecraft:blue_carpet":1808,"minecraft:green_carpet":37,"minecraft:potion":10,"minecraft:purple_bed":5,"minecraft:cooked_porkchop":45,"minecraft:moss_carpet":1014,"minecraft:blue_terracotta":1555,"minecraft:red_sand":15,"minecraft:polished_deepslate":110,"minecraft:nether_wart":640,"minecraft:green_terracotta":21,"minecraft:pink_terracotta":79,"minecraft:beehive":30,"minecraft:obsidian":827,"minecraft:lantern":17,"minecraft:blue_orchid":1,"minecraft:green_wool":24,"minecraft:warped_nylium":92,"minecraft:item_frame":36,"minecraft:deepslate_diamond_ore":32,"minecraft:written_book":4,"minecraft:blue_shulker_box":101,"minecraft:gold_block":105,"minecraft:pink_concrete_powder":1633,"minecraft:tube_coral_fan":1,"minecraft:end_rod":784,"minecraft:dropper":98,"minecraft:wither_skeleton_skull":16,"minecraft:stone_pickaxe":91,"minecraft:gray_carpet":33,"minecraft:oak_planks":90,"minecraft:diamond_axe":1970,"minecraft:sugar_cane":163,"minecraft:white_wool":291,"minecraft:light_blue_concrete":3275,"minecraft:netherite_leggings":4,"minecraft:light_blue_wool":55,"minecraft:yellow_concrete":847,"minecraft:end_stone":1123,"minecraft:deepslate_lapis_ore":8,"minecraft:sticky_piston":229,"minecraft:black_terracotta":19,"minecraft:lever":142,"minecraft:dark_oak_log":9,"minecraft:bread":4,"minecraft:deepslate":640,"minecraft:light_blue_concrete_powder":1680,"minecraft:chain":1,"minecraft:smooth_stone_slab":5946,"minecraft:coarse_dirt":4,"minecraft:bone_meal":917,"minecraft:orange_concrete_powder":2308,"minecraft:netherite_sword":5542,"minecraft:rose_bush":2,"minecraft:white_tulip":10,"minecraft:flint_and_steel":117,"minecraft:redstone":712,"minecraft:ender_chest":164,"minecraft:brown_shulker_box":78,"minecraft:stone_hoe":63,"minecraft:dirt":7213,"minecraft:prismarine_bricks":133,"minecraft:bee_nest":4,"minecraft:golden_chestplate":1,"minecraft:spruce_fence":8,"minecraft:brown_terracotta":11,"minecraft:yellow_concrete_powder":2565,"minecraft:black_stained_glass":10666,"minecraft:minecart":96,"minecraft:netherite_pickaxe":95576,"minecraft:cooked_beef":30,"minecraft:pumpkin":1,"minecraft:cobbled_deepslate_wall":66,"minecraft:pink_glazed_terracotta":42,"minecraft:snow_block":3,"minecraft:baked_potato":64,"minecraft:red_nether_bricks":180,"minecraft:brown_mushroom":1,"minecraft:purple_glazed_terracotta":334,"minecraft:spruce_sign":206,"minecraft:magenta_bed":2,"minecraft:red_mushroom":1,"minecraft:spider_eye":1,"minecraft:magenta_carpet":1327,"minecraft:gray_terracotta":969,"minecraft:piston":487,"minecraft:flower_pot":4,"minecraft:black_wool":2004,"minecraft:detector_rail":16,"minecraft:stone_slab":1196,"minecraft:yellow_wool":38,"minecraft:stone_axe":174,"minecraft:end_crystal":1,"minecraft:cobbled_deepslate_slab":8,"minecraft:lapis_block":26,"minecraft:pink_shulker_box":45,"minecraft:wither_rose":2,"minecraft:gray_wool":339,"minecraft:sculk_catalyst":1,"minecraft:beetroot":1,"minecraft:peony":17,"minecraft:nether_brick_fence":32,"minecraft:spruce_slab":1208,"minecraft:polished_blackstone":614,"minecraft:elytra":3,"minecraft:ladder":3071,"minecraft:chest":447,"minecraft:white_shulker_box":204,"minecraft:blue_stained_glass":1,"minecraft:orange_wool":30,"minecraft:stripped_spruce_log":7,"minecraft:honey_block":65,"minecraft:honeycomb":770,"minecraft:netherite_shovel":61555,"minecraft:warped_hyphae":2,"minecraft:grass_block":1765,"minecraft:polished_andesite_stairs":1115,"minecraft:orange_shulker_box":70,"minecraft:dark_oak_button":3,"minecraft:pink_wool":219,"minecraft:stone_brick_stairs":1795,"minecraft:snow":503,"minecraft:dark_oak_boat":151,"minecraft:furnace":32,"minecraft:egg":12,"minecraft:potato":1821,"minecraft:seagrass":11,"minecraft:magenta_shulker_box":1,"minecraft:light_blue_carpet":208,"minecraft:diorite":25,"minecraft:spruce_door":4,"minecraft:red_stained_glass":13,"minecraft:acacia_trapdoor":126,"minecraft:powered_rail":347,"minecraft:orange_tulip":6,"minecraft:lime_concrete_powder":2049,"minecraft:oak_leaves":1845,"minecraft:cookie":2,"minecraft:dark_oak_trapdoor":77,"minecraft:sand":765,"minecraft:smooth_red_sandstone":36,"minecraft:black_concrete_powder":18387,"minecraft:deepslate_tiles":533,"minecraft:crying_obsidian":110,"minecraft:stone_button":529,"minecraft:lectern":1273,"minecraft:red_terracotta":1,"minecraft:fire_charge":2,"minecraft:green_concrete_powder":1,"minecraft:pink_stained_glass":2,"minecraft:ice":26,"minecraft:iron_bars":134,"minecraft:stone_sword":8,"minecraft:acacia_log":17,"minecraft:red_concrete":1209,"minecraft:mycelium":4,"minecraft:netherrack":3612,"minecraft:orange_bed":7,"minecraft:green_glazed_terracotta":7,"minecraft:light_gray_shulker_box":74,"minecraft:warped_wart_block":17,"minecraft:anvil":35,"minecraft:crimson_hyphae":13,"minecraft:blue_concrete":121,"minecraft:nether_brick_stairs":27,"minecraft:polished_diorite":3336,"minecraft:shroomlight":6,"minecraft:red_shulker_box":56,"minecraft:cyan_shulker_box":15,"minecraft:iron_axe":126,"minecraft:slime_block":53,"minecraft:spruce_button":18,"minecraft:smooth_quartz":3,"minecraft:pink_stained_glass_pane":26,"minecraft:tripwire_hook":54,"minecraft:glowstone":98,"minecraft:iron_trapdoor":541,"minecraft:beef":1,"minecraft:oxidized_copper":46,"minecraft:orange_terracotta":7,"minecraft:cobbled_deepslate":144,"minecraft:observer":583,"minecraft:pointed_dripstone":2,"minecraft:crimson_stem":13,"minecraft:water_bucket":797,"minecraft:light_blue_glazed_terracotta":6,"minecraft:yellow_shulker_box":63,"minecraft:lime_wool":82,"minecraft:cartography_table":25,"minecraft:fletching_table":4,"minecraft:polished_blackstone_bricks":3,"minecraft:salmon":4,"minecraft:pink_concrete":68,"minecraft:lime_terracotta":7,"minecraft:mossy_cobblestone":23,"minecraft:vine":14,"minecraft:orange_carpet":6,"minecraft:comparator":168,"minecraft:oak_slab":988,"minecraft:tnt":200,"minecraft:crafting_table":122,"minecraft:birch_sign":3,"minecraft:lime_shulker_box":31,"minecraft:cake":1,"minecraft:oak_log":86,"minecraft:cornflower":17,"minecraft:oxeye_daisy":1,"minecraft:sunflower":2,"minecraft:iron_pickaxe":247,"minecraft:crimson_nylium":6,"minecraft:chiseled_stone_bricks":797,"minecraft:cobblestone":380,"minecraft:red_concrete_powder":3593,"minecraft:glass_pane":825,"minecraft:brown_mushroom_block":10,"minecraft:kelp":246,"minecraft:jukebox":4,"minecraft:sculk_vein":2,"minecraft:oak_sign":43,"minecraft:white_concrete_powder":4215,"minecraft:shield":138,"minecraft:white_terracotta":71,"minecraft:iron_sword":147,"minecraft:purple_shulker_box":121,"minecraft:bell":17,"minecraft:player_head":36,"minecraft:sculk_sensor":1,"minecraft:nether_bricks":1688,"minecraft:prismarine_brick_stairs":1,"minecraft:carrot":28,"minecraft:tuff":98,"minecraft:axolotl_bucket":3,"minecraft:milk_bucket":1,"minecraft:glass":1674,"minecraft:cyan_terracotta":167,"minecraft:coal_ore":61,"minecraft:quartz_slab":95,"minecraft:gray_concrete_powder":13276,"minecraft:crimson_roots":1,"minecraft:hopper_minecart":19,"minecraft:stone_bricks":4549,"minecraft:repeater":298,"minecraft:red_carpet":28,"minecraft:redstone_lamp":9,"minecraft:magma_block":663,"minecraft:brown_carpet":2,"minecraft:scaffolding":1159,"minecraft:beetroot_seeds":2,"minecraft:fire_coral_fan":1,"minecraft:polished_blackstone_stairs":231,"minecraft:stripped_spruce_wood":5,"minecraft:golden_boots":1,"minecraft:dark_oak_stairs":38,"minecraft:dark_oak_sign":15,"minecraft:ender_pearl":156,"minecraft:redstone_block":276,"minecraft:blue_bed":3,"minecraft:yellow_terracotta":87,"minecraft:black_banner":3,"minecraft:light_gray_terracotta":1,"minecraft:deepslate_redstone_ore":143,"minecraft:note_block":108,"minecraft:stone_brick_wall":357,"minecraft:shears":2407,"minecraft:redstone_torch":148,"minecraft:black_concrete":6326,"minecraft:light_gray_concrete":2100,"minecraft:firework_rocket":3101,"minecraft:heavy_weighted_pressure_plate":11,"minecraft:gray_shulker_box":89,"minecraft:lime_carpet":2,"minecraft:melon_slice":3,"minecraft:string":353,"minecraft:gravel":495,"minecraft:blackstone_slab":1824,"minecraft:grindstone":16,"minecraft:andesite":78,"minecraft:air":5,"minecraft:white_concrete":2364,"minecraft:cobweb":1,"minecraft:jungle_leaves":1,"minecraft:trident":2368,"minecraft:music_disc_otherside":2,"minecraft:stone_shovel":233,"minecraft:light_blue_terracotta":61,"minecraft:spruce_planks":1207,"minecraft:oak_door":4,"minecraft:spyglass":120,"minecraft:white_carpet":1658,"minecraft:hopper":322,"minecraft:spruce_stairs":83,"minecraft:cobblestone_wall":2,"minecraft:shulker_box":462,"minecraft:pink_carpet":399,"minecraft:granite":56,"minecraft:light_blue_stained_glass":820,"minecraft:stone_brick_slab":9558,"minecraft:dark_oak_planks":203,"minecraft:bookshelf":6727,"minecraft:red_tulip":5,"minecraft:light_gray_wool":91,"minecraft:golden_carrot":2501,"minecraft:emerald_block":42,"minecraft:white_stained_glass_pane":42,"minecraft:stone_pressure_plate":10,"minecraft:cooked_mutton":1,"minecraft:amethyst_block":18,"minecraft:pink_tulip":50,"minecraft:glass_bottle":53,"minecraft:polished_andesite":3147,"minecraft:blue_wool":21,"minecraft:copper_block":1631,"minecraft:black_shulker_box":36,"minecraft:beacon":20,"minecraft:stonecutter":93,"minecraft:cobblestone_slab":603,"minecraft:terracotta":16,"minecraft:light_gray_concrete_powder":5126,"minecraft:painting":1,"minecraft:dark_oak_door":1,"minecraft:smoker":4,"minecraft:nether_gold_ore":25,"minecraft:purple_stained_glass":85,"minecraft:apple":3,"minecraft:cracked_polished_blackstone_bricks":2,"minecraft:map":7,"minecraft:netherite_axe":16623,"minecraft:green_shulker_box":13,"minecraft:fishing_rod":154,"minecraft:white_banner":3,"minecraft:bucket":831,"minecraft:yellow_bed":1,"minecraft:polished_blackstone_button":2,"minecraft:soul_torch":9,"minecraft:purple_carpet":36,"minecraft:smooth_stone":1963,"minecraft:splash_potion":59},"minecraft:crafted":{"minecraft:lime_stained_glass":1536,"minecraft:black_dye":5021,"minecraft:yellow_wool":2,"minecraft:oak_sign":33,"minecraft:melon":1,"minecraft:blaze_powder":44,"minecraft:chain":1,"minecraft:blue_stained_glass_pane":1280,"minecraft:diamond_shovel":34,"minecraft:shulker_box":137,"minecraft:diamond_helmet":21,"minecraft:beacon":5,"minecraft:light_blue_concrete_powder":1544,"minecraft:stone_pressure_plate":9,"minecraft:lime_concrete_powder":2048,"minecraft:name_tag":13,"minecraft:white_shulker_box":6,"minecraft:pink_stained_glass":1608,"minecraft:blue_stained_glass":2016,"minecraft:redstone_lamp":8,"minecraft:end_rod":1220,"minecraft:smithing_table":6,"minecraft:sticky_piston":164,"minecraft:fletching_table":2,"minecraft:red_nether_bricks":137,"minecraft:cartography_table":11,"minecraft:stone_brick_stairs":76,"minecraft:lectern":35,"minecraft:stone_slab":1176,"minecraft:iron_pickaxe":1,"minecraft:netherite_ingot":11,"minecraft:composter":17,"minecraft:nautilus_shell":5,"minecraft:golden_carrot":12522,"minecraft:magenta_wool":3,"minecraft:jukebox":1,"minecraft:orange_shulker_box":2,"minecraft:iron_nugget":18,"minecraft:diamond_hoe":7,"minecraft:blue_shulker_box":3,"minecraft:spruce_fence":18,"minecraft:moss_carpet":330,"minecraft:lantern":66,"minecraft:spruce_stairs":24,"minecraft:light_gray_shulker_box":9,"minecraft:polished_diorite":3776,"minecraft:black_concrete_powder":18944,"minecraft:red_shulker_box":4,"minecraft:stone_pickaxe":13,"minecraft:quartz_slab":12,"minecraft:spruce_boat":11,"minecraft:purple_carpet":27,"minecraft:lead":8,"minecraft:light_blue_glazed_terracotta":4,"minecraft:acacia_trapdoor":168,"minecraft:light_blue_wool":2,"minecraft:deepslate_tiles":80,"minecraft:enchanted_book":788,"minecraft:orange_dye":489,"minecraft:light_blue_carpet":204,"minecraft:oak_fence_gate":4,"minecraft:red_stained_glass":1632,"minecraft:fermented_spider_eye":11,"minecraft:writable_book":29,"minecraft:armor_stand":1,"minecraft:note_block":69,"minecraft:pink_terracotta":82,"minecraft:grindstone":8,"minecraft:cobblestone_slab":510,"minecraft:barrel":40,"minecraft:stone":11,"minecraft:red_sandstone":896,"minecraft:pink_carpet":630,"minecraft:heavy_weighted_pressure_plate":13,"minecraft:quartz_pillar":612,"minecraft:brown_carpet":3,"minecraft:cake":34,"minecraft:stone_brick_slab":6094,"minecraft:bow":35,"minecraft:comparator":91,"minecraft:chest":702,"minecraft:netherite_helmet":1,"minecraft:oak_button":14,"minecraft:yellow_terracotta":23,"minecraft:copper_block":816,"minecraft:rail":336,"minecraft:blue_concrete_powder":1536,"minecraft:ender_eye":5,"minecraft:stone_bricks":9856,"minecraft:golden_boots":1,"minecraft:magma_block":2,"minecraft:dropper":44,"minecraft:cauldron":1,"minecraft:lime_terracotta":2,"minecraft:iron_helmet":10,"minecraft:brown_dye":12,"minecraft:red_wool":6,"minecraft:yellow_stained_glass":1536,"minecraft:dispenser":23,"minecraft:green_glazed_terracotta":8,"minecraft:apple":688,"minecraft:tnt":205,"minecraft:spruce_trapdoor":2354,"minecraft:yellow_dye":762,"minecraft:purple_dye":396,"minecraft:pink_wool":7,"minecraft:gray_terracotta":82,"minecraft:stick":1964,"minecraft:iron_ingot":11731,"minecraft:light_blue_shulker_box":3,"minecraft:light_blue_stained_glass":1536,"minecraft:lime_carpet":3,"minecraft:cyan_carpet":159,"minecraft:deepslate_bricks":1064,"minecraft:blue_terracotta":526,"minecraft:oak_door":3,"minecraft:stone_brick_wall":222,"minecraft:fishing_rod":1,"minecraft:tripwire_hook":72,"minecraft:beehive":17,"minecraft:netherite_sword":1,"minecraft:spruce_button":14,"minecraft:furnace":21,"minecraft:blast_furnace":1,"minecraft:piston":280,"minecraft:oak_trapdoor":6,"minecraft:flint_and_steel":5,"minecraft:scaffolding":336,"minecraft:netherite_chestplate":1,"minecraft:white_concrete_powder":4096,"minecraft:orange_terracotta":2,"minecraft:cobblestone_wall":6,"minecraft:brown_shulker_box":9,"minecraft:stripped_spruce_wood":6,"minecraft:purple_stained_glass":1544,"minecraft:iron_trapdoor":1152,"minecraft:purple_shulker_box":46,"minecraft:iron_sword":22,"minecraft:cooked_salmon":71,"minecraft:golden_shovel":1,"minecraft:jungle_planks":32,"minecraft:white_dye":3298,"minecraft:netherite_shovel":1,"minecraft:black_carpet":1203,"minecraft:stonecutter":20,"minecraft:anvil":24,"minecraft:torch":520,"minecraft:orange_bed":1,"minecraft:magenta_carpet":861,"minecraft:diamond_chestplate":21,"minecraft:ender_chest":5,"minecraft:light_gray_concrete_powder":5120,"minecraft:smooth_stone":6,"minecraft:purple_bed":3,"minecraft:orange_carpet":3,"minecraft:orange_stained_glass":1544,"minecraft:slime_block":52,"minecraft:polished_blackstone_slab":96,"minecraft:lever":80,"minecraft:lime_glazed_terracotta":3,"minecraft:bookshelf":6765,"minecraft:red_sandstone_wall":38,"minecraft:iron_bars":160,"minecraft:red_concrete_powder":3584,"minecraft:deepslate_brick_stairs":12,"minecraft:quartz_block":5366,"minecraft:glass":39672,"minecraft:light_blue_terracotta":65,"minecraft:repeater":205,"minecraft:diamond_leggings":21,"minecraft:netherite_boots":1,"minecraft:polished_blackstone":1184,"minecraft:magenta_dye":2,"minecraft:flower_pot":4,"minecraft:glass_bottle":33,"minecraft:wooden_shovel":12,"minecraft:emerald":45128,"minecraft:smooth_quartz":8,"minecraft:cooked_porkchop":49,"minecraft:diamond_axe":37,"minecraft:spruce_door":6,"minecraft:cobbled_deepslate_wall":66,"minecraft:copper_ingot":184,"minecraft:lime_shulker_box":3,"minecraft:green_terracotta":34,"minecraft:compass":64,"minecraft:iron_block":5861,"minecraft:white_terracotta":16,"minecraft:gold_ingot":5713,"minecraft:light_gray_dye":653,"minecraft:spruce_fence_gate":2,"minecraft:yellow_concrete_powder":2568,"minecraft:stone_shovel":16,"minecraft:smooth_stone_slab":6,"minecraft:player_head":70,"minecraft:bone_meal":4322,"minecraft:pink_dye":539,"minecraft:white_carpet":606,"minecraft:orange_wool":6,"minecraft:diamond":90,"minecraft:netherite_axe":1,"minecraft:detector_rail":6,"minecraft:deepslate_brick_wall":150,"minecraft:yellow_glazed_terracotta":6,"minecraft:ladder":3204,"minecraft:spruce_slab":1872,"minecraft:diamond_boots":21,"minecraft:redstone_block":215,"minecraft:dark_oak_planks":1048,"minecraft:dripstone_block":96,"minecraft:firework_star":64,"minecraft:netherite_pickaxe":1,"minecraft:deepslate_brick_slab":372,"minecraft:red_bed":2,"minecraft:blue_bed":3,"minecraft:gray_concrete_powder":20992,"minecraft:polished_granite":216,"minecraft:glowstone":147,"minecraft:white_stained_glass":2560,"minecraft:golden_apple":193,"minecraft:gray_shulker_box":7,"minecraft:cyan_shulker_box":2,"minecraft:iron_leggings":1,"minecraft:white_bed":16,"minecraft:music_disc_5":2,"minecraft:blue_carpet":1590,"minecraft:brick":692,"minecraft:oak_planks":2600,"minecraft:dark_oak_boat":7,"minecraft:pink_shulker_box":4,"minecraft:spruce_pressure_plate":6,"minecraft:suspicious_stew":35,"minecraft:green_dye":225,"minecraft:dark_oak_door":3,"minecraft:hopper":220,"minecraft:iron_boots":1,"minecraft:cyan_terracotta":168,"minecraft:chiseled_stone_bricks":620,"minecraft:stone_hoe":11,"minecraft:smoker":2,"minecraft:smooth_red_sandstone":40,"minecraft:oak_slab":1056,"minecraft:item_frame":35,"minecraft:map":99,"minecraft:crafting_table":51,"minecraft:spruce_planks":14460,"minecraft:wooden_pickaxe":1,"minecraft:baked_potato":20,"minecraft:gold_block":526,"minecraft:hopper_minecart":19,"minecraft:brewing_stand":1,"minecraft:birch_planks":192,"minecraft:black_shulker_box":3,"minecraft:brown_glazed_terracotta":2,"minecraft:dark_oak_slab":168,"minecraft:iron_chestplate":1,"minecraft:book":3,"minecraft:paper":7407,"minecraft:diamond_pickaxe":63,"minecraft:emerald_block":1048,"minecraft:shield":3,"minecraft:light_blue_dye":402,"minecraft:netherite_hoe":1,"minecraft:stone_sword":2,"minecraft:green_shulker_box":4,"minecraft:gray_carpet":60,"minecraft:redstone_torch":790,"minecraft:light_gray_carpet":51,"minecraft:green_carpet":39,"minecraft:shears":77,"minecraft:crimson_hyphae":48,"minecraft:polished_andesite":4416,"minecraft:coarse_dirt":4864,"minecraft:cobbled_deepslate_slab":12,"minecraft:cookie":1008,"minecraft:redstone":1551,"minecraft:stone_button":526,"minecraft:dark_oak_trapdoor":20,"minecraft:gray_dye":2636,"minecraft:dark_oak_sign":12,"minecraft:diamond_block":110,"minecraft:glass_pane":10096,"minecraft:netherite_leggings":1,"minecraft:yellow_shulker_box":3,"minecraft:polished_deepslate":1188,"minecraft:black_terracotta":24,"minecraft:green_concrete_powder":8,"minecraft:iron_axe":51,"minecraft:iron_hoe":1,"minecraft:slime_ball":27,"minecraft:orange_concrete_powder":2304,"minecraft:lime_dye":458,"minecraft:pink_glazed_terracotta":102,"minecraft:netherite_scrap":45,"minecraft:observer":522,"minecraft:minecart":76,"minecraft:cooked_beef":7,"minecraft:sugar":6,"minecraft:red_dye":1209,"minecraft:cooked_cod":71,"minecraft:magenta_bed":1,"minecraft:diamond_sword":25,"minecraft:cyan_dye":30,"minecraft:spruce_sign":165,"minecraft:dark_oak_stairs":40,"minecraft:pink_concrete_powder":1640,"minecraft:powered_rail":300,"minecraft:yellow_carpet":3,"minecraft:bell":37,"minecraft:bucket":11,"minecraft:stone_axe":23,"minecraft:brown_terracotta":8,"minecraft:bread":877,"minecraft:air":0,"minecraft:black_stained_glass":11984,"minecraft:blue_dye":859,"minecraft:oak_boat":2,"minecraft:magenta_terracotta":2,"minecraft:white_wool":20,"minecraft:brown_wool":2,"minecraft:pink_stained_glass_pane":32,"minecraft:pumpkin_pie":864,"minecraft:acacia_planks":524,"minecraft:purple_concrete_powder":1536,"minecraft:blackstone_slab":1734,"minecraft:lapis_lazuli":72,"minecraft:lapis_block":15,"minecraft:firework_rocket":17220},"minecraft:dropped":{"minecraft:iron_sword":24,"minecraft:porkchop":2,"minecraft:glow_ink_sac":36,"minecraft:chorus_fruit":83,"minecraft:glass_bottle":68,"minecraft:diamond":120,"minecraft:crafting_table":3,"minecraft:lime_concrete_powder":1,"minecraft:cooked_porkchop":6,"minecraft:glow_berries":2,"minecraft:warped_roots":52,"minecraft:quartz_pillar":37,"minecraft:red_mushroom":2,"minecraft:emerald":836,"minecraft:netherite_boots":7,"minecraft:writable_book":4,"minecraft:gold_nugget":405,"minecraft:sand":139,"minecraft:fishing_rod":1,"minecraft:white_wool":47,"minecraft:stone_axe":20,"minecraft:diamond_block":34,"minecraft:ancient_debris":4,"minecraft:cobbled_deepslate":50,"minecraft:netherite_sword":13,"minecraft:wheat":54,"minecraft:obsidian":169,"minecraft:rotten_flesh":1481,"minecraft:pink_carpet":42,"minecraft:oak_planks":9,"minecraft:glowstone_dust":21,"minecraft:warped_sign":4,"minecraft:golden_shovel":1,"minecraft:nether_brick_fence":13,"minecraft:azure_bluet":7,"minecraft:echo_shard":24,"minecraft:sea_lantern":30,"minecraft:coal_ore":7,"minecraft:quartz_block":526,"minecraft:leather_boots":13,"minecraft:leather_leggings":8,"minecraft:red_nether_bricks":14,"minecraft:glass":1,"minecraft:beef":1,"minecraft:podzol":1,"minecraft:stone_brick_stairs":71,"minecraft:golden_boots":14,"minecraft:wheat_seeds":183,"minecraft:deepslate_redstone_ore":10,"minecraft:netherite_chestplate":7,"minecraft:book":36,"minecraft:red_stained_glass":96,"minecraft:golden_apple":7,"minecraft:lava_bucket":6,"minecraft:diamond_horse_armor":2,"minecraft:dark_oak_leaves":56,"minecraft:gray_wool":2,"minecraft:ink_sac":7,"minecraft:lodestone":1,"minecraft:cooked_salmon":24,"minecraft:potion":20,"minecraft:oak_stairs":1,"minecraft:white_banner":1,"minecraft:golden_hoe":1,"minecraft:red_dye":14,"minecraft:smooth_stone":5,"minecraft:chainmail_leggings":5,"minecraft:lily_pad":1,"minecraft:stone_brick_slab":67,"minecraft:snow_block":3,"minecraft:green_terracotta":2,"minecraft:player_head":65,"minecraft:stone_shovel":16,"minecraft:white_carpet":1,"minecraft:iron_boots":2,"minecraft:name_tag":1,"minecraft:cobbled_deepslate_slab":7,"minecraft:white_terracotta":3,"minecraft:white_shulker_box":2,"minecraft:shears":3,"minecraft:polished_deepslate_stairs":2,"minecraft:deepslate_lapis_ore":2,"minecraft:suspicious_stew":37,"minecraft:diamond_sword":9,"minecraft:spruce_boat":10,"minecraft:lime_glazed_terracotta":3,"minecraft:peony":1,"minecraft:spruce_trapdoor":70,"minecraft:spruce_planks":8,"minecraft:diamond_pickaxe":28,"minecraft:pink_shulker_box":3,"minecraft:stone_pressure_plate":3,"minecraft:stone_bricks":39,"minecraft:sandstone":28,"minecraft:bow":134,"minecraft:magma_block":189,"minecraft:terracotta":237,"minecraft:soul_sand":2,"minecraft:warped_fungus":8,"minecraft:ender_pearl":32,"minecraft:nether_star":2,"minecraft:lime_terracotta":2,"minecraft:leather":2,"minecraft:honeycomb":16,"minecraft:red_wool":65,"minecraft:polished_blackstone_brick_wall":2,"minecraft:black_banner":1,"minecraft:music_disc_13":1,"minecraft:packed_ice":43,"minecraft:ice":3,"minecraft:snowball":163,"minecraft:axolotl_bucket":15,"minecraft:black_concrete":166,"minecraft:pink_glazed_terracotta":64,"minecraft:gold_ingot":265,"minecraft:pink_terracotta":2,"minecraft:spyglass":2,"minecraft:pointed_dripstone":1,"minecraft:cooked_mutton":44,"minecraft:leather_chestplate":9,"minecraft:trident":27,"minecraft:stone_brick_wall":11,"minecraft:iron_bars":1,"minecraft:iron_ore":9,"minecraft:scaffolding":106,"minecraft:splash_potion":12,"minecraft:stone_hoe":11,"minecraft:bread":100,"minecraft:vine":1,"minecraft:golden_helmet":8,"minecraft:lilac":1,"minecraft:yellow_concrete":1,"minecraft:netherite_axe":7,"minecraft:tropical_fish":5,"minecraft:iron_block":347,"minecraft:milk_bucket":6,"minecraft:white_concrete":37,"minecraft:fire_charge":11,"minecraft:polished_blackstone_brick_slab":9,"minecraft:polished_basalt":39,"minecraft:orange_bed":2,"minecraft:cactus":5,"minecraft:redstone_block":2,"minecraft:kelp":1144,"minecraft:sweet_berries":19,"minecraft:light_gray_terracotta":3,"minecraft:lime_concrete":64,"minecraft:sculk_sensor":11,"minecraft:totem_of_undying":4,"minecraft:shulker_box":14,"minecraft:netherite_leggings":6,"minecraft:flint_and_steel":1,"minecraft:copper_ore":704,"minecraft:deepslate_bricks":12,"minecraft:gray_terracotta":2,"minecraft:andesite":43,"minecraft:golden_leggings":12,"minecraft:oak_sapling":28,"minecraft:birch_sign":2,"minecraft:spruce_log":76,"minecraft:wooden_pickaxe":1,"minecraft:magma_cream":45,"minecraft:light_blue_terracotta":2,"minecraft:magenta_terracotta":2,"minecraft:crimson_stem":1,"minecraft:clay":1,"minecraft:cooked_beef":52,"minecraft:orange_tulip":2,"minecraft:crossbow":2,"minecraft:red_sandstone_wall":30,"minecraft:elytra":17,"minecraft:leather_helmet":1,"minecraft:red_carpet":3,"minecraft:item_frame":2,"minecraft:dirt":910,"minecraft:red_shulker_box":2,"minecraft:melon":1,"minecraft:stone_button":1,"minecraft:cracked_deepslate_tiles":1,"minecraft:chain":1,"minecraft:bone_meal":46,"minecraft:phantom_membrane":92,"minecraft:sugar":3,"minecraft:iron_pickaxe":3,"minecraft:gray_dye":32,"minecraft:end_crystal":18,"minecraft:bone":213,"minecraft:pink_concrete":18,"minecraft:note_block":2,"minecraft:emerald_block":64,"minecraft:sugar_cane":4,"minecraft:golden_chestplate":8,"minecraft:nether_brick":28,"minecraft:pink_dye":41,"minecraft:blue_wool":5,"minecraft:deepslate_brick_slab":32,"minecraft:enchanted_golden_apple":4,"minecraft:netherite_shovel":6,"minecraft:deepslate_tiles":4,"minecraft:hopper":2,"minecraft:ladder":5,"minecraft:spruce_slab":130,"minecraft:ghast_tear":5,"minecraft:lectern":1,"minecraft:egg":3,"minecraft:enchanted_book":28,"minecraft:iron_ingot":457,"minecraft:netherite_pickaxe":13,"minecraft:polished_blackstone":2,"minecraft:deepslate_diamond_ore":9,"minecraft:netherite_helmet":7,"minecraft:feather":2,"minecraft:cobblestone":197,"minecraft:iron_helmet":16,"minecraft:apple":3,"minecraft:granite":57,"minecraft:spruce_button":1,"minecraft:spruce_door":1,"minecraft:chainmail_helmet":3,"minecraft:coal":13,"minecraft:polished_andesite":1,"minecraft:pufferfish":8,"minecraft:oxeye_daisy":3,"minecraft:golden_carrot":1388,"minecraft:yellow_glazed_terracotta":2,"minecraft:lime_carpet":2,"minecraft:diamond_helmet":7,"minecraft:brown_terracotta":9,"minecraft:paper":34,"minecraft:string":85,"minecraft:spruce_sapling":4,"minecraft:pink_tulip":1,"minecraft:soul_torch":4,"minecraft:stone_sword":29,"minecraft:dark_oak_sign":8,"minecraft:deepslate":3734,"minecraft:bowl":1,"minecraft:smooth_stone_slab":5,"minecraft:diamond_hoe":1,"minecraft:chicken":3,"minecraft:stone_slab":21,"minecraft:light_blue_concrete":98,"minecraft:nether_bricks":311,"minecraft:spruce_fence":2,"minecraft:purple_stained_glass":2,"minecraft:lily_of_the_valley":14,"minecraft:cobblestone_slab":20,"minecraft:potato":4445,"minecraft:stone":460,"minecraft:shroomlight":23,"minecraft:wooden_shovel":12,"minecraft:spider_eye":70,"minecraft:birch_boat":1,"minecraft:blue_orchid":1,"minecraft:bell":6,"minecraft:black_wool":79,"minecraft:quartz_slab":4,"minecraft:spruce_sign":11,"minecraft:brown_mushroom":35,"minecraft:birch_planks":227,"minecraft:diamond_axe":10,"minecraft:baked_potato":2,"minecraft:lantern":13,"minecraft:flint":3,"minecraft:spruce_leaves":1,"minecraft:deepslate_tile_stairs":11,"minecraft:deepslate_gold_ore":10,"minecraft:cornflower":19,"minecraft:crimson_roots":8,"minecraft:cooked_cod":4,"minecraft:gilded_blackstone":2,"minecraft:pumpkin_pie":4,"minecraft:polished_blackstone_bricks":6,"minecraft:black_stained_glass":1,"minecraft:gravel":102,"minecraft:white_tulip":13,"minecraft:lime_wool":4,"minecraft:fern":2,"minecraft:diamond_shovel":9,"minecraft:carrot":119,"minecraft:chainmail_chestplate":4,"minecraft:chiseled_stone_bricks":18,"minecraft:poppy":88,"minecraft:gunpowder":60,"minecraft:spruce_pressure_plate":6,"minecraft:glowstone":1,"minecraft:azalea":1,"minecraft:chainmail_boots":2,"minecraft:chest":2,"minecraft:arrow":673,"minecraft:basalt":57,"minecraft:quartz":29,"minecraft:written_book":10,"minecraft:oak_leaves":1,"minecraft:netherrack":2553,"minecraft:firework_rocket":1064,"minecraft:water_bucket":9,"minecraft:stripped_spruce_log":1,"minecraft:oak_slab":23,"minecraft:red_concrete_powder":2,"minecraft:deepslate_iron_ore":4,"minecraft:minecart":1,"minecraft:bookshelf":4,"minecraft:diamond_leggings":9,"minecraft:poisonous_potato":21,"minecraft:lead":7,"minecraft:light_blue_concrete_powder":6,"minecraft:copper_ingot":1,"minecraft:grass_block":734,"minecraft:stick":169,"minecraft:diorite":61,"minecraft:nether_gold_ore":2,"minecraft:torch":148,"minecraft:iron_leggings":2,"minecraft:wither_rose":19,"minecraft:iron_axe":52,"minecraft:bucket":12,"minecraft:music_disc_cat":3,"minecraft:dandelion":7,"minecraft:smooth_basalt":132,"minecraft:redstone":52,"minecraft:red_concrete":35,"minecraft:warped_nylium":2,"minecraft:ender_chest":5,"minecraft:coarse_dirt":1,"minecraft:nether_wart":256,"minecraft:blaze_rod":174,"minecraft:tuff":288,"minecraft:raw_iron":14,"minecraft:brown_glazed_terracotta":2,"minecraft:light_gray_wool":70,"minecraft:glass_pane":8,"minecraft:red_terracotta":8,"minecraft:filled_map":14,"minecraft:snow":33,"minecraft:shield":4,"minecraft:diamond_chestplate":5,"minecraft:orange_terracotta":17,"minecraft:iron_chestplate":2,"minecraft:quartz_stairs":25,"minecraft:oak_boat":2,"minecraft:golden_sword":1593,"minecraft:diamond_boots":9,"minecraft:slime_ball":40,"minecraft:beacon":1,"minecraft:purple_shulker_box":3,"minecraft:stone_pickaxe":12,"minecraft:nether_quartz_ore":2,"minecraft:cracked_deepslate_bricks":2,"minecraft:white_stained_glass":513,"minecraft:light_blue_shulker_box":1},"minecraft:custom":{"minecraft:interact_with_crafting_table":2450,"minecraft:damage_blocked_by_shield":9095,"minecraft:play_time":31073295,"minecraft:deaths":86,"minecraft:jump":288050,"minecraft:play_record":17,"minecraft:interact_with_cartography_table":1,"minecraft:interact_with_smoker":44,"minecraft:inspect_dispenser":81,"minecraft:horse_one_cm":71085,"minecraft:inspect_dropper":673,"minecraft:interact_with_anvil":287,"minecraft:inspect_hopper":813,"minecraft:tune_noteblock":1058,"minecraft:time_since_rest":5275,"minecraft:swim_one_cm":2738500,"minecraft:open_chest":12339,"minecraft:open_shulker_box":10149,"minecraft:damage_resisted":2083,"minecraft:play_noteblock":25,"minecraft:talked_to_villager":9420,"minecraft:interact_with_brewingstand":248,"minecraft:interact_with_beacon":32,"minecraft:raid_win":3,"minecraft:boat_one_cm":16360361,"minecraft:damage_taken":203725,"minecraft:aviate_one_cm":170197877,"minecraft:open_barrel":958,"minecraft:bell_ring":738,"minecraft:eat_cake_slice":4,"minecraft:leave_game":430,"minecraft:time_since_death":1886306,"minecraft:enchant_item":11,"minecraft:interact_with_furnace":746,"minecraft:traded_with_villager":68172,"minecraft:sleep_in_bed":369,"minecraft:damage_dealt":442699,"minecraft:use_cauldron":13,"minecraft:interact_with_smithing_table":9,"minecraft:damage_dealt_absorbed":40,"minecraft:sneak_time":2250485,"minecraft:interact_with_lectern":55,"minecraft:total_world_time":31073295,"minecraft:interact_with_stonecutter":126,"minecraft:fly_one_cm":63575509,"minecraft:fish_caught":126,"minecraft:fall_one_cm":8154293,"minecraft:animals_bred":172,"minecraft:sprint_one_cm":32281327,"minecraft:drop":4523,"minecraft:walk_on_water_one_cm":1370456,"minecraft:open_enderchest":2135,"minecraft:player_kills":59,"minecraft:crouch_one_cm":8785217,"minecraft:mob_kills":55029,"minecraft:climb_one_cm":4182015,"minecraft:walk_one_cm":51200908,"minecraft:walk_under_water_one_cm":6109182,"minecraft:interact_with_grindstone":37,"minecraft:minecart_one_cm":2570,"minecraft:pig_one_cm":193},"minecraft:killed_by":{"minecraft:zombie":2,"minecraft:warden":1,"minecraft:wither_skeleton":1,"minecraft:creeper":5,"minecraft:player":40,"minecraft:iron_golem":1},"minecraft:killed":{"minecraft:cod":2,"minecraft:skeleton_horse":3,"minecraft:tropical_fish":5,"minecraft:salmon":92,"minecraft:iron_golem":3,"minecraft:pillager":37,"minecraft:zombie":433,"minecraft:vindicator":17,"minecraft:warden":1,"minecraft:husk":26,"minecraft:ravager":4,"minecraft:polar_bear":1,"minecraft:zombified_piglin":351,"minecraft:witch":24,"minecraft:spider":125,"minecraft:wither":7,"minecraft:bee":1,"minecraft:piglin":19,"minecraft:zombie_villager":18,"minecraft:sheep":1,"minecraft:mooshroom":4,"minecraft:ghast":45,"minecraft:vex":5,"minecraft:slime":559,"minecraft:drowned":19,"minecraft:squid":21,"minecraft:wither_skeleton":313,"minecraft:villager":1,"minecraft:skeleton":711,"minecraft:chicken":9,"minecraft:magma_cube":516,"minecraft:glow_squid":2,"minecraft:cow":4,"minecraft:wandering_trader":7,"minecraft:enderman":131,"minecraft:pig":27,"minecraft:creeper":161,"minecraft:stray":1,"minecraft:blaze":607,"minecraft:phantom":120,"minecraft:bat":1},"minecraft:picked_up":{"minecraft:suspicious_stew":1,"minecraft:lead":45,"minecraft:smithing_table":9,"minecraft:stone_slab":528,"minecraft:enchanted_book":144,"minecraft:purple_shulker_box":80,"minecraft:blue_concrete":2,"minecraft:music_disc_cat":3,"minecraft:polished_deepslate":2,"minecraft:string":580,"minecraft:pufferfish":24,"minecraft:shroomlight":44,"minecraft:sculk_shrieker":42,"minecraft:diamond_leggings":8,"minecraft:hopper_minecart":2,"minecraft:diamond_ore":2,"minecraft:spruce_pressure_plate":6,"minecraft:polished_blackstone_brick_slab":13,"minecraft:polished_blackstone_stairs":9,"minecraft:jukebox":3,"minecraft:acacia_log":436,"minecraft:cauldron":6,"minecraft:end_crystal":28,"minecraft:gray_shulker_box":84,"minecraft:golden_chestplate":3,"minecraft:green_terracotta":1,"minecraft:pink_terracotta":76,"minecraft:orange_bed":10,"minecraft:stone_sword":32,"minecraft:lime_carpet":2,"minecraft:polished_basalt":39,"minecraft:carved_pumpkin":1,"minecraft:red_tulip":5,"minecraft:glowstone":38,"minecraft:bookshelf":13,"minecraft:end_rod":133,"minecraft:white_terracotta":10,"minecraft:blaze_rod":975,"minecraft:iron_bars":1,"minecraft:snowball":224,"minecraft:feather":29,"minecraft:cooked_beef":73,"minecraft:water_bucket":28,"minecraft:dark_oak_boat":146,"minecraft:copper_block":14,"minecraft:flint":23,"minecraft:purple_stained_glass":136,"minecraft:pink_concrete_powder":286,"minecraft:lantern":9,"minecraft:gray_concrete_powder":11306,"minecraft:purple_carpet":4,"minecraft:stonecutter":76,"minecraft:warped_hyphae":2,"minecraft:dark_oak_sign":11,"minecraft:diamond_helmet":6,"minecraft:honeycomb":72,"minecraft:chiseled_polished_blackstone":2,"minecraft:stripped_spruce_log":15,"minecraft:brown_mushroom_block":80,"minecraft:iron_hoe":1,"minecraft:polished_andesite":223,"minecraft:blue_terracotta":42,"minecraft:deepslate":15884,"minecraft:lever":41,"minecraft:granite":353,"minecraft:spruce_button":6,"minecraft:light_gray_carpet":2,"minecraft:crimson_roots":67,"minecraft:diamond_pickaxe":36,"minecraft:bee_nest":4,"minecraft:clay_ball":1092,"minecraft:leather_leggings":6,"minecraft:dragon_head":1,"minecraft:cornflower":863,"minecraft:elytra":49,"minecraft:flint_and_steel":18,"minecraft:white_stained_glass":1,"minecraft:white_carpet":153,"minecraft:iron_shovel":2,"minecraft:glass_pane":452,"minecraft:netherite_sword":50,"minecraft:jungle_sapling":2,"minecraft:poppy":228,"minecraft:spruce_slab":506,"minecraft:minecart":19,"minecraft:diamond_hoe":2,"minecraft:birch_sapling":9,"minecraft:piston":378,"minecraft:waxed_oxidized_copper":766,"minecraft:copper_ore":761,"minecraft:lime_shulker_box":29,"minecraft:black_stained_glass":284,"minecraft:stone":24608,"minecraft:music_disc_mellohi":1,"minecraft:fire_charge":11,"minecraft:white_dye":10,"minecraft:netherite_pickaxe":59,"minecraft:cyan_shulker_box":13,"minecraft:stone_shovel":3,"minecraft:diamond_chestplate":4,"minecraft:cracked_deepslate_bricks":2,"minecraft:yellow_terracotta":14,"minecraft:totem_of_undying":6,"minecraft:polished_blackstone":152,"minecraft:mutton":2,"minecraft:rail":211,"minecraft:emerald_ore":2,"minecraft:oxeye_daisy":7,"minecraft:birch_leaves":18,"minecraft:yellow_shulker_box":62,"minecraft:fern":2,"minecraft:blackstone_slab":143,"minecraft:purpur_stairs":1,"minecraft:lily_pad":26,"minecraft:sculk_vein":2,"minecraft:paper":288,"minecraft:apple":97,"minecraft:warped_stem":53,"minecraft:oak_fence_gate":20,"minecraft:stone_pickaxe":1,"minecraft:iron_ore":53,"minecraft:dark_oak_stairs":18,"minecraft:polished_andesite_stairs":19,"minecraft:smooth_basalt":154,"minecraft:milk_bucket":10,"minecraft:sweet_berries":50,"minecraft:green_glazed_terracotta":3,"minecraft:red_wool":28,"minecraft:lime_concrete":117,"minecraft:light_blue_stained_glass":74,"minecraft:crying_obsidian":11,"minecraft:diamond_shovel":15,"minecraft:coal_ore":167,"minecraft:slime_ball":1233,"minecraft:deepslate_redstone_ore":85,"minecraft:painting":1,"minecraft:birch_sign":6,"minecraft:polished_blackstone_brick_wall":2,"minecraft:lodestone":1,"minecraft:baked_potato":38,"minecraft:hopper":55,"minecraft:black_carpet":30,"minecraft:light_blue_concrete":1463,"minecraft:ender_chest":204,"minecraft:nether_brick_fence":51,"minecraft:gilded_blackstone":2,"minecraft:stone_brick_stairs":204,"minecraft:lapis_block":3,"minecraft:deepslate_lapis_ore":22,"minecraft:red_sand":3824,"minecraft:smooth_stone":43,"minecraft:comparator":47,"minecraft:bucket":49,"minecraft:white_tulip":65,"minecraft:red_dye":13,"minecraft:rose_bush":403,"minecraft:cobblestone_slab":380,"minecraft:azalea":2,"minecraft:wooden_shovel":24,"minecraft:iron_pickaxe":4,"minecraft:deepslate_iron_ore":39,"minecraft:blue_wool":1036,"minecraft:tipped_arrow":1,"minecraft:polished_deepslate_stairs":2,"minecraft:spruce_stairs":157,"minecraft:netherite_shovel":49,"minecraft:diorite":400,"minecraft:vine":21,"minecraft:andesite_wall":46,"minecraft:rotten_flesh":3551,"minecraft:brown_shulker_box":71,"minecraft:obsidian":1092,"minecraft:cobblestone":2661,"minecraft:leather_chestplate":10,"minecraft:lilac":1,"minecraft:repeater":116,"minecraft:dead_tube_coral_fan":1,"minecraft:andesite":4399,"minecraft:orange_carpet":3,"minecraft:golden_leggings":4,"minecraft:beacon":14,"minecraft:potato":6648,"minecraft:prismarine_bricks":6,"minecraft:dirt":20785,"minecraft:name_tag":4,"minecraft:glass":960,"minecraft:bone":2280,"minecraft:bow":143,"minecraft:orange_tulip":16,"minecraft:wheat_seeds":828,"minecraft:grindstone":8,"minecraft:netherite_axe":54,"minecraft:fletching_table":2,"minecraft:bamboo":580,"minecraft:red_sandstone_wall":1,"minecraft:light_blue_shulker_box":21,"minecraft:nether_brick_stairs":3,"minecraft:grass_block":9752,"minecraft:diamond_block":55,"minecraft:spectral_arrow":66,"minecraft:mossy_cobblestone":44,"minecraft:jungle_leaves":1,"minecraft:light_gray_terracotta":3,"minecraft:sugar":3,"minecraft:yellow_carpet":3,"minecraft:light_blue_terracotta":6,"minecraft:slime_block":100,"minecraft:netherite_helmet":17,"minecraft:cracked_polished_blackstone_bricks":2,"minecraft:crossbow":3,"minecraft:bone_meal":192,"minecraft:grass":1,"minecraft:golden_apple":11,"minecraft:spruce_sign":82,"minecraft:emerald":305,"minecraft:chorus_fruit":83,"minecraft:netherrack":7781,"minecraft:oak_leaves":1880,"minecraft:azure_bluet":7,"minecraft:splash_potion":6,"minecraft:ladder":779,"minecraft:brown_mushroom":154,"minecraft:packed_ice":4299,"minecraft:stone_brick_wall":1374,"minecraft:pink_wool":531,"minecraft:chain":1,"minecraft:shield":21,"minecraft:brick":1,"minecraft:orange_stained_glass":2,"minecraft:oak_trapdoor":3,"minecraft:moss_carpet":150,"minecraft:mycelium":15,"minecraft:blackstone":838,"minecraft:magenta_wool":281,"minecraft:blue_orchid":3,"minecraft:lime_wool":26,"minecraft:end_stone":3046,"minecraft:note_block":11,"minecraft:polished_blackstone_bricks":14,"minecraft:trident":79,"minecraft:stone_pressure_plate":4,"minecraft:purple_terracotta":2,"minecraft:blue_concrete_powder":1474,"minecraft:weeping_vines":57,"minecraft:red_shulker_box":55,"minecraft:pumpkin_pie":4,"minecraft:nether_bricks":2008,"minecraft:pink_tulip":61,"minecraft:black_banner":6,"minecraft:skeleton_skull":1,"minecraft:netherite_boots":57,"minecraft:basalt":4756,"minecraft:dark_oak_button":3,"minecraft:golden_carrot":2655,"minecraft:leather":84,"minecraft:ice":119,"minecraft:crimson_fungus":17,"minecraft:chainmail_chestplate":2,"minecraft:yellow_bed":2,"minecraft:gunpowder":407,"minecraft:cobblestone_wall":1,"minecraft:orange_terracotta":21,"minecraft:cooked_mutton":44,"minecraft:red_carpet":90,"minecraft:iron_ingot":584,"minecraft:sculk_catalyst":2,"minecraft:nether_quartz_ore":133,"minecraft:warped_fungus":9,"minecraft:emerald_block":53,"minecraft:stone_brick_slab":1385,"minecraft:quartz":904,"minecraft:dandelion":33,"minecraft:lava_bucket":5,"minecraft:soul_torch":15,"minecraft:spruce_door":6,"minecraft:light_blue_concrete_powder":1517,"minecraft:pumpkin_seeds":4,"minecraft:sculk_sensor":22,"minecraft:white_concrete_powder":3121,"minecraft:chainmail_leggings":3,"minecraft:terracotta":141,"minecraft:sunflower":394,"minecraft:seagrass":30,"minecraft:iron_chestplate":4,"minecraft:flower_pot":1,"minecraft:creeper_head":2,"minecraft:anvil":12,"minecraft:magenta_carpet":29,"minecraft:diamond_sword":13,"minecraft:oak_stairs":1,"minecraft:wither_rose":19,"minecraft:golden_shovel":1,"minecraft:brewing_stand":8,"minecraft:golden_sword":146,"minecraft:amethyst_block":7,"minecraft:dark_oak_trapdoor":62,"minecraft:cooked_salmon":52,"minecraft:red_nether_bricks":90,"minecraft:beetroot":1,"minecraft:orange_concrete_powder":2228,"minecraft:gold_nugget":4016,"minecraft:cobbled_deepslate":2164,"minecraft:spruce_planks":1404,"minecraft:written_book":7,"minecraft:enchanted_golden_apple":7,"minecraft:melon_slice":21,"minecraft:golden_helmet":3,"minecraft:beehive":10,"minecraft:composter":24,"minecraft:pink_carpet":100,"minecraft:deepslate_tile_stairs":11,"minecraft:light_blue_wool":88,"minecraft:tropical_fish":11,"minecraft:iron_block":671,"minecraft:cyan_terracotta":8,"minecraft:netherite_chestplate":35,"minecraft:birch_log":45,"minecraft:magma_block":1895,"minecraft:oxidized_copper":724,"minecraft:birch_slab":41,"minecraft:jungle_log":50,"minecraft:smoker":3,"minecraft:gray_concrete":37,"minecraft:netherite_leggings":59,"minecraft:map":6,"minecraft:disc_fragment_5":2,"minecraft:light_gray_concrete_powder":5050,"minecraft:chipped_anvil":1,"minecraft:gray_terracotta":43,"minecraft:glowstone_dust":155,"minecraft:moss_block":9,"minecraft:dropper":30,"minecraft:ink_sac":629,"minecraft:dark_oak_log":578,"minecraft:red_terracotta":9,"minecraft:barrel":61,"minecraft:dispenser":23,"minecraft:black_concrete_powder":15676,"minecraft:writable_book":4,"minecraft:deepslate_gold_ore":19,"minecraft:chainmail_helmet":3,"minecraft:bread":110,"minecraft:spruce_leaves":2,"minecraft:music_disc_5":1,"minecraft:crafting_table":104,"minecraft:coarse_dirt":134,"minecraft:purple_wool":109,"minecraft:nether_wart":1933,"minecraft:red_bed":4,"minecraft:snow":1520,"minecraft:netherite_scrap":1,"minecraft:cartography_table":30,"minecraft:deepslate_diamond_ore":98,"minecraft:music_disc_otherside":3,"minecraft:beef":13,"minecraft:cyan_wool":102,"minecraft:iron_nugget":42,"minecraft:quartz_stairs":31,"minecraft:chest":58,"minecraft:egg":30,"minecraft:sandstone":28,"minecraft:oak_door":2,"minecraft:spruce_fence":6,"minecraft:carrot":338,"minecraft:redstone":1774,"minecraft:mushroom_stem":7,"minecraft:blue_carpet":22,"minecraft:tnt":20,"minecraft:cooked_cod":25,"minecraft:beetroot_seeds":2,"minecraft:peony":180,"minecraft:tube_coral_fan":12,"minecraft:diamond_boots":7,"minecraft:shears":23,"minecraft:deepslate_bricks":383,"minecraft:warped_sign":4,"minecraft:gold_ingot":368,"minecraft:white_shulker_box":203,"minecraft:glow_berries":3,"minecraft:lime_concrete_powder":1970,"minecraft:white_wool":286,"minecraft:stripped_oak_log":1,"minecraft:lapis_ore":30,"minecraft:red_mushroom":31,"minecraft:filled_map":19,"minecraft:oak_log":1802,"minecraft:ancient_debris":49,"minecraft:golden_boots":12,"minecraft:white_banner":4,"minecraft:stone_bricks":955,"minecraft:kelp":1501,"minecraft:glass_bottle":29,"minecraft:iron_sword":8,"minecraft:prismarine_brick_stairs":1,"minecraft:white_stained_glass_pane":123,"minecraft:dark_oak_slab":125,"minecraft:sculk":2,"minecraft:yellow_concrete":95,"minecraft:spyglass":23,"minecraft:light_blue_glazed_terracotta":2,"minecraft:gravel":15412,"minecraft:spruce_sapling":115,"minecraft:spruce_log":6441,"minecraft:sea_lantern":40,"minecraft:firework_rocket":2881,"minecraft:red_stained_glass":557,"minecraft:purple_bed":2,"minecraft:stone_axe":1,"minecraft:purple_glazed_terracotta":573,"minecraft:polished_diorite":124,"minecraft:light_blue_carpet":7,"minecraft:diamond_axe":17,"minecraft:redstone_ore":16,"minecraft:gray_wool":462,"minecraft:warped_roots":52,"minecraft:oak_button":21,"minecraft:warped_nylium":212,"minecraft:crimson_nylium":303,"minecraft:pink_dye":6,"minecraft:ender_pearl":253,"minecraft:shulker_shell":41,"minecraft:wheat":367,"minecraft:redstone_block":283,"minecraft:iron_trapdoor":4,"minecraft:light_gray_shulker_box":66,"minecraft:potion":31,"minecraft:nether_brick":58,"minecraft:raw_copper":1337,"minecraft:smooth_stone_slab":83,"minecraft:iron_leggings":4,"minecraft:sticky_piston":64,"minecraft:armor_stand":1,"minecraft:zombie_head":1,"minecraft:pink_shulker_box":46,"minecraft:oak_sign":16,"minecraft:deepslate_tiles":293,"minecraft:black_shulker_box":34,"minecraft:dark_oak_leaves":60,"minecraft:redstone_torch":77,"minecraft:calcite":47,"minecraft:iron_boots":4,"minecraft:furnace":16,"minecraft:stick":980,"minecraft:orange_shulker_box":68,"minecraft:deepslate_brick_wall":15,"minecraft:brown_terracotta":19,"minecraft:oak_fence":4,"minecraft:torch":551,"minecraft:porkchop":52,"minecraft:snow_block":93,"minecraft:pointed_dripstone":3,"minecraft:music_disc_pigstep":14,"minecraft:yellow_concrete_powder":2420,"minecraft:blue_stained_glass":1,"minecraft:quartz_block":55,"minecraft:nether_gold_ore":94,"minecraft:cactus":740,"minecraft:green_wool":10,"minecraft:fire_coral_fan":6,"minecraft:cod":80,"minecraft:nautilus_shell":1,"minecraft:crimson_hyphae":3,"minecraft:magma_cream":310,"minecraft:tuff":1590,"minecraft:wither_skeleton_skull":17,"minecraft:green_shulker_box":9,"minecraft:lapis_lazuli":230,"minecraft:polished_granite":4,"minecraft:leather_boots":11,"minecraft:bell":24,"minecraft:raw_gold":31,"minecraft:deepslate_brick_slab":124,"minecraft:cobbled_deepslate_slab":5,"minecraft:powered_rail":220,"minecraft:oak_planks":103,"minecraft:stone_hoe":1,"minecraft:ghast_tear":16,"minecraft:pink_concrete":96,"minecraft:cooked_porkchop":2,"minecraft:music_disc_13":1,"minecraft:polished_blackstone_slab":11,"minecraft:pink_stained_glass_pane":1,"minecraft:axolotl_bucket":14,"minecraft:poisonous_potato":40,"minecraft:sand":23130,"minecraft:lily_of_the_valley":48,"minecraft:shulker_box":451,"minecraft:orange_wool":3,"minecraft:light_gray_concrete":166,"minecraft:spruce_boat":449,"minecraft:clay":278,"minecraft:diamond":421,"minecraft:black_concrete":3543,"minecraft:polished_blackstone_button":3,"minecraft:white_concrete":91,"minecraft:oak_sapling":168,"minecraft:nether_star":7,"minecraft:fishing_rod":4,"minecraft:cocoa_beans":173,"minecraft:chicken":11,"minecraft:wooden_pickaxe":2,"minecraft:gold_block":32,"minecraft:diamond_horse_armor":3,"minecraft:orange_concrete":2,"minecraft:iron_axe":2,"minecraft:quartz_slab":60,"minecraft:item_frame":3,"minecraft:detector_rail":7,"minecraft:oak_boat":47,"minecraft:player_head":289,"minecraft:observer":115,"minecraft:blue_shulker_box":99,"minecraft:light_gray_wool":264,"minecraft:lectern":1223,"minecraft:tinted_glass":1,"minecraft:sugar_cane":274,"minecraft:phantom_membrane":159,"minecraft:spruce_trapdoor":278,"minecraft:dark_oak_sapling":30,"minecraft:raw_iron":56,"minecraft:copper_ingot":2,"minecraft:bowl":4,"minecraft:quartz_pillar":3,"minecraft:stone_button":11,"minecraft:magenta_shulker_box":1,"minecraft:dark_oak_planks":235,"minecraft:arrow":3433,"minecraft:golden_hoe":1,"minecraft:pink_glazed_terracotta":9,"minecraft:saddle":3,"minecraft:cracked_deepslate_tiles":1,"minecraft:crimson_stem":191,"minecraft:glow_ink_sac":57,"minecraft:salmon":118,"minecraft:birch_planks":234,"minecraft:yellow_glazed_terracotta":2,"minecraft:nether_wart_block":969,"minecraft:podzol":754,"minecraft:soul_sand":425,"minecraft:acacia_sapling":110,"minecraft:green_dye":144,"minecraft:book":20241,"minecraft:oak_slab":124,"minecraft:scaffolding":1385,"minecraft:red_concrete_powder":3307,"minecraft:birch_boat":1,"minecraft:chiseled_stone_bricks":303,"minecraft:dripstone_block":2,"minecraft:raw_iron_block":1,"minecraft:white_bed":2,"minecraft:gold_ore":4,"minecraft:green_carpet":1,"minecraft:spider_eye":165,"minecraft:honey_block":61,"minecraft:iron_helmet":7,"minecraft:black_wool":302,"minecraft:red_concrete":54,"minecraft:coal":1138,"minecraft:purple_concrete_powder":1483}},"DataVersion":3120}