{"stats":{"minecraft:dropped":{"minecraft:rotten_flesh":2},"minecraft:killed":{"minecraft:zombie":2},"minecraft:custom":{"minecraft:time_since_rest":11343,"minecraft:interact_with_furnace":1,"minecraft:inspect_dropper":1,"minecraft:sprint_one_cm":176766,"minecraft:open_enderchest":5,"minecraft:damage_taken":806,"minecraft:walk_one_cm":183778,"minecraft:interact_with_anvil":1,"minecraft:mob_kills":2,"minecraft:drop":2,"minecraft:damage_dealt":394,"minecraft:swim_one_cm":3136,"minecraft:interact_with_crafting_table":3,"minecraft:tune_noteblock":26,"minecraft:fly_one_cm":248522,"minecraft:open_barrel":37,"minecraft:open_chest":149,"minecraft:interact_with_loom":1,"minecraft:crouch_one_cm":5491,"minecraft:play_time":81830,"minecraft:open_shulker_box":19,"minecraft:deaths":1,"minecraft:sneak_time":2493,"minecraft:walk_under_water_one_cm":6374,"minecraft:boat_one_cm":79768,"minecraft:interact_with_lectern":5,"minecraft:jump":1254,"minecraft:interact_with_brewingstand":4,"minecraft:leave_game":1,"minecraft:time_since_death":72596,"minecraft:walk_on_water_one_cm":1224,"minecraft:sleep_in_bed":2,"minecraft:total_world_time":81830,"minecraft:climb_one_cm":1750,"minecraft:fall_one_cm":27152},"minecraft:mined":{"minecraft:sweet_berry_bush":6,"minecraft:grass_block":3,"minecraft:oak_log":1,"minecraft:dirt":2,"minecraft:oak_planks":2},"minecraft:crafted":{"minecraft:cyan_bed":1,"minecraft:cyan_wool":3},"minecraft:picked_up":{"minecraft:sweet_berries":537,"minecraft:oak_log":1,"minecraft:dirt":5,"minecraft:rotten_flesh":2,"minecraft:diamond":32,"minecraft:oak_planks":5,"minecraft:white_wool":3},"minecraft:killed_by":{"minecraft:zombie":1},"minecraft:used":{"minecraft:oak_log":1,"minecraft:cyan_bed":1,"minecraft:oak_planks":2,"minecraft:iron_sword":3,"minecraft:chainmail_helmet":1,"minecraft:iron_boots":1,"minecraft:spruce_sign":1,"minecraft:dirt":5,"minecraft:sweet_berries":67,"minecraft:cooked_porkchop":3,"minecraft:chainmail_chestplate":1,"minecraft:chainmail_leggings":1}},"DataVersion":3105}