{"stats":{"minecraft:crafted":{"minecraft:oak_planks":8,"minecraft:diamond_sword":1,"minecraft:diamond_axe":1,"minecraft:oak_boat":1,"minecraft:diamond":36,"minecraft:diamond_pickaxe":1},"minecraft:mined":{"minecraft:deepslate_tiles":16,"minecraft:glass_pane":1,"minecraft:jungle_leaves":1,"minecraft:shulker_box":3,"minecraft:chest":29,"minecraft:mushroom_stem":3,"minecraft:oak_wall_sign":1,"minecraft:smooth_stone_slab":1,"minecraft:iron_bars":2,"minecraft:packed_ice":3,"minecraft:red_mushroom_block":2,"minecraft:stone_bricks":7,"minecraft:stone":5,"minecraft:ender_chest":3},"minecraft:killed":{"minecraft:cod":2,"minecraft:slime":12,"minecraft:creeper":2,"minecraft:phantom":4,"minecraft:zombie":3,"minecraft:glow_squid":2,"minecraft:enderman":2},"minecraft:custom":{"minecraft:inspect_dropper":3,"minecraft:interact_with_anvil":3,"minecraft:mob_kills":30,"minecraft:inspect_hopper":1,"minecraft:interact_with_crafting_table":6,"minecraft:interact_with_cartography_table":1,"minecraft:open_barrel":65,"minecraft:open_shulker_box":48,"minecraft:interact_with_stonecutter":1,"minecraft:leave_game":5,"minecraft:time_since_death":217242,"minecraft:sleep_in_bed":1,"minecraft:damage_resisted":40,"minecraft:climb_one_cm":9124,"minecraft:time_since_rest":172886,"minecraft:open_enderchest":28,"minecraft:sprint_one_cm":774543,"minecraft:damage_taken":3698,"minecraft:walk_one_cm":886836,"minecraft:drop":46,"minecraft:damage_dealt":1610,"minecraft:swim_one_cm":54674,"minecraft:fly_one_cm":681060,"minecraft:open_chest":198,"minecraft:crouch_one_cm":10855,"minecraft:play_time":217242,"minecraft:sneak_time":4173,"minecraft:walk_under_water_one_cm":96553,"minecraft:boat_one_cm":173381,"minecraft:interact_with_lectern":5,"minecraft:aviate_one_cm":3476440,"minecraft:jump":2770,"minecraft:interact_with_brewingstand":1,"minecraft:walk_on_water_one_cm":14337,"minecraft:total_world_time":217242,"minecraft:fall_one_cm":137829},"minecraft:picked_up":{"minecraft:netherite_boots":1,"minecraft:splash_potion":2,"minecraft:ender_chest":3,"minecraft:golden_carrot":78,"minecraft:glow_ink_sac":4,"minecraft:water_bucket":1,"minecraft:packed_ice":3,"minecraft:red_mushroom_block":1,"minecraft:gunpowder":2,"minecraft:netherite_leggings":1,"minecraft:dirt":1,"minecraft:elytra":3,"minecraft:smooth_stone_slab":1,"minecraft:bone":1,"minecraft:oak_sign":1,"minecraft:stone_bricks":6,"minecraft:kelp":10,"minecraft:bow":1,"minecraft:deepslate_tiles":17,"minecraft:netherite_sword":1,"minecraft:red_dye":70,"minecraft:player_head":1,"minecraft:written_book":1,"minecraft:chest":32,"minecraft:oak_planks":3,"minecraft:soul_sand":7,"minecraft:stone":2,"minecraft:netherite_shovel":1,"minecraft:grass_block":1,"minecraft:trident":1,"minecraft:mushroom_stem":2,"minecraft:netherite_pickaxe":2,"minecraft:shulker_box":4,"minecraft:leather_helmet":1,"minecraft:jungle_leaves":1,"minecraft:firework_rocket":27,"minecraft:arrow":41,"minecraft:purple_bed":1,"minecraft:rotten_flesh":15,"minecraft:slime_ball":3,"minecraft:diamond":32,"minecraft:spruce_boat":3,"minecraft:black_concrete":1,"minecraft:netherite_helmet":1,"minecraft:diamond_axe":1,"minecraft:chorus_fruit":3,"minecraft:iron_bars":2,"minecraft:cod":2,"minecraft:ender_pearl":24,"minecraft:cobblestone":3,"minecraft:diamond_pickaxe":1},"minecraft:dropped":{"minecraft:enchanted_book":2,"minecraft:water_bucket":1,"minecraft:netherite_pickaxe":2,"minecraft:diamond_axe":1,"minecraft:ender_pearl":18,"minecraft:diamond":10,"minecraft:bookshelf":16,"minecraft:netherite_sword":1,"minecraft:netherite_helmet":1,"minecraft:cobblestone":3,"minecraft:rotten_flesh":15,"minecraft:oak_planks":3,"minecraft:netherite_shovel":1,"minecraft:elytra":2,"minecraft:oak_sign":1,"minecraft:shulker_box":1,"minecraft:netherite_leggings":1,"minecraft:stick":11,"minecraft:spruce_boat":1,"minecraft:trident":1,"minecraft:golden_carrot":33,"minecraft:netherite_boots":1,"minecraft:chest":3,"minecraft:writable_book":1,"minecraft:red_dye":70,"minecraft:arrow":39,"minecraft:bow":1,"minecraft:written_book":1,"minecraft:splash_potion":2,"minecraft:firework_rocket":24,"minecraft:bone":1},"minecraft:used":{"minecraft:writable_book":2,"minecraft:jungle_leaves":1,"minecraft:diamond_boots":1,"minecraft:iron_bars":2,"minecraft:chorus_fruit":28,"minecraft:ender_pearl":5,"minecraft:chest":31,"minecraft:wooden_pickaxe":3,"minecraft:stone":5,"minecraft:ender_chest":3,"minecraft:red_mushroom_block":1,"minecraft:diamond_axe":54,"minecraft:diamond_helmet":1,"minecraft:shulker_box":2,"minecraft:cod":2,"minecraft:mushroom_stem":2,"minecraft:milk_bucket":1,"minecraft:deepslate_tiles":17,"minecraft:spruce_boat":2,"minecraft:packed_ice":3,"minecraft:diamond_pickaxe":43,"minecraft:black_concrete":1,"minecraft:firework_rocket":177,"minecraft:totem_of_undying":1,"minecraft:stone_bricks":6,"minecraft:diamond_chestplate":1,"minecraft:bow":26,"minecraft:golden_carrot":4,"minecraft:written_book":5,"minecraft:purple_bed":1,"minecraft:pumpkin_pie":85,"minecraft:smooth_stone_slab":1,"minecraft:diamond_leggings":1}},"DataVersion":3120}