{"stats":{"minecraft:broken":{"minecraft:golden_boots":1,"minecraft:shears":1,"minecraft:iron_boots":1,"minecraft:iron_chestplate":1,"minecraft:diamond_shovel":1,"minecraft:iron_sword":8,"minecraft:fishing_rod":1,"minecraft:wooden_pickaxe":1,"minecraft:iron_axe":3,"minecraft:iron_pickaxe":6,"minecraft:iron_helmet":1,"minecraft:golden_helmet":1,"minecraft:iron_shovel":2,"minecraft:golden_leggings":1,"minecraft:chainmail_chestplate":1,"minecraft:stone_axe":2,"minecraft:wooden_axe":1,"minecraft:leather_boots":1},"minecraft:killed_by":{"minecraft:zombie":2,"minecraft:zombified_piglin":2,"minecraft:creeper":7,"minecraft:piglin":2,"minecraft:player":8,"minecraft:enderman":1,"minecraft:skeleton":10},"minecraft:crafted":{"minecraft:lime_stained_glass":32,"minecraft:red_stained_glass_pane":80,"minecraft:black_dye":81,"minecraft:smooth_stone":20,"minecraft:jungle_fence_gate":2,"minecraft:dark_oak_pressure_plate":4,"minecraft:orange_stained_glass":24,"minecraft:pink_bed":2,"minecraft:birch_boat":1,"minecraft:chain":19,"minecraft:birch_slab":6,"minecraft:blue_stained_glass_pane":64,"minecraft:loom":1,"minecraft:polished_blackstone_slab":2,"minecraft:diamond_shovel":4,"minecraft:bookshelf":15,"minecraft:shulker_box":2,"minecraft:cooked_mutton":38,"minecraft:red_concrete_powder":568,"minecraft:glass":455,"minecraft:quartz_block":1182,"minecraft:diamond_helmet":1,"minecraft:diamond_leggings":1,"minecraft:netherite_boots":1,"minecraft:cyan_stained_glass_pane":64,"minecraft:polished_blackstone":596,"minecraft:chiseled_quartz_block":1,"minecraft:black_wool":6,"minecraft:magenta_dye":2,"minecraft:cooked_rabbit":7,"minecraft:flower_pot":8,"minecraft:blue_stained_glass":24,"minecraft:wooden_shovel":1,"minecraft:cooked_porkchop":73,"minecraft:diamond_axe":3,"minecraft:jungle_boat":8,"minecraft:jungle_pressure_plate":4,"minecraft:raw_gold_block":2,"minecraft:spruce_door":3,"minecraft:sticky_piston":8,"minecraft:green_stained_glass":24,"minecraft:campfire":3,"minecraft:painting":1,"minecraft:stone_slab":6,"minecraft:iron_pickaxe":8,"minecraft:iron_block":105,"minecraft:gold_ingot":989,"minecraft:light_gray_dye":51,"minecraft:netherite_ingot":1,"minecraft:jungle_sign":15,"minecraft:golden_carrot":1,"minecraft:stone_shovel":1,"minecraft:smooth_stone_slab":6,"minecraft:jukebox":1,"minecraft:iron_nugget":261,"minecraft:bone_meal":828,"minecraft:lime_stained_glass_pane":80,"minecraft:cyan_stained_glass":24,"minecraft:pink_dye":2,"minecraft:terracotta":142,"minecraft:lantern":20,"minecraft:diamond":477,"minecraft:dark_oak_fence":12,"minecraft:ladder":27,"minecraft:spruce_slab":84,"minecraft:stone_pickaxe":2,"minecraft:diamond_boots":2,"minecraft:quartz_slab":870,"minecraft:spruce_boat":1,"minecraft:redstone_block":331,"minecraft:jungle_fence":179,"minecraft:dark_oak_planks":294,"minecraft:golden_helmet":3,"minecraft:wheat":981,"minecraft:coal_block":35,"minecraft:purple_stained_glass_pane":64,"minecraft:enchanting_table":1,"minecraft:magenta_stained_glass":24,"minecraft:red_carpet":108,"minecraft:jungle_slab":414,"minecraft:green_stained_glass_pane":64,"minecraft:red_stained_glass":32,"minecraft:golden_apple":6,"minecraft:warped_sign":3,"minecraft:wooden_axe":1,"minecraft:black_stained_glass_pane":176,"minecraft:iron_shovel":3,"minecraft:iron_leggings":9,"minecraft:armor_stand":4,"minecraft:white_bed":11,"minecraft:brick":24,"minecraft:grindstone":1,"minecraft:oak_planks":172,"minecraft:barrel":127,"minecraft:dark_oak_boat":1,"minecraft:cooked_chicken":6,"minecraft:pink_shulker_box":1,"minecraft:stone":45,"minecraft:flower_banner_pattern":1,"minecraft:warped_planks":80,"minecraft:dark_oak_door":3,"minecraft:orange_stained_glass_pane":64,"minecraft:bow":11,"minecraft:iron_boots":5,"minecraft:mossy_cobblestone_slab":12,"minecraft:chest":33,"minecraft:polished_basalt":64,"minecraft:netherite_helmet":1,"minecraft:jungle_stairs":16,"minecraft:chiseled_stone_bricks":8,"minecraft:golden_boots":5,"minecraft:raw_iron_block":15,"minecraft:smoker":5,"minecraft:quartz_stairs":48,"minecraft:item_frame":15,"minecraft:oak_slab":36,"minecraft:crafting_table":17,"minecraft:spruce_planks":160,"minecraft:wooden_pickaxe":3,"minecraft:baked_potato":77,"minecraft:iron_helmet":7,"minecraft:red_wool":13,"minecraft:gold_block":91,"minecraft:birch_planks":60,"minecraft:white_stained_glass_pane":16,"minecraft:warped_door":3,"minecraft:tnt":7,"minecraft:spruce_trapdoor":16,"minecraft:dark_oak_slab":30,"minecraft:iron_chestplate":7,"minecraft:charcoal":155,"minecraft:diamond_pickaxe":8,"minecraft:shield":2,"minecraft:stick":668,"minecraft:warped_slab":6,"minecraft:iron_ingot":1270,"minecraft:light_gray_stained_glass_pane":64,"minecraft:shears":6,"minecraft:redstone":9,"minecraft:raw_iron":180,"minecraft:fishing_rod":6,"minecraft:leather_boots":2,"minecraft:light_gray_stained_glass":392,"minecraft:furnace":22,"minecraft:blast_furnace":6,"minecraft:piston":8,"minecraft:dark_oak_trapdoor":4,"minecraft:jungle_trapdoor":4,"minecraft:gray_dye":12,"minecraft:mushroom_stew":2,"minecraft:dark_oak_sign":6,"minecraft:magenta_stained_glass_pane":64,"minecraft:diamond_block":87,"minecraft:flint_and_steel":2,"minecraft:scaffolding":294,"minecraft:netherite_chestplate":1,"minecraft:netherite_leggings":1,"minecraft:white_concrete_powder":256,"minecraft:polished_deepslate":64,"minecraft:iron_axe":6,"minecraft:warped_button":1,"minecraft:netherite_scrap":5,"minecraft:glistering_melon_slice":3,"minecraft:cooked_beef":18,"minecraft:red_dye":86,"minecraft:cooked_cod":363,"minecraft:bone_block":69,"minecraft:light_blue_stained_glass_pane":160,"minecraft:diamond_sword":2,"minecraft:purple_stained_glass":24,"minecraft:spruce_sign":6,"minecraft:dark_oak_stairs":28,"minecraft:polished_blackstone_wall":1,"minecraft:iron_sword":10,"minecraft:bowl":166,"minecraft:black_banner":1,"minecraft:cooked_salmon":134,"minecraft:bucket":6,"minecraft:stone_axe":2,"minecraft:lodestone":1,"minecraft:bread":374,"minecraft:air":0,"minecraft:jungle_planks":2168,"minecraft:black_stained_glass":448,"minecraft:oak_boat":1,"minecraft:jungle_door":6,"minecraft:gold_nugget":45,"minecraft:white_dye":84,"minecraft:raw_gold":18,"minecraft:pink_stained_glass_pane":64,"minecraft:anvil":6,"minecraft:stonecutter":1,"minecraft:torch":126,"minecraft:blackstone_slab":4,"minecraft:lapis_lazuli":27,"minecraft:lapis_block":113,"minecraft:clay":422,"minecraft:diamond_chestplate":1},"minecraft:dropped":{"minecraft:iron_sword":1,"minecraft:oak_pressure_plate":1,"minecraft:cooked_beef":6,"minecraft:diamond":48,"minecraft:crafting_table":1,"minecraft:weeping_vines":2,"minecraft:glass_bottle":2,"minecraft:lime_stained_glass":2,"minecraft:cooked_porkchop":41,"minecraft:rooted_dirt":2,"minecraft:dirt":29,"minecraft:netherite_boots":2,"minecraft:jungle_sapling":1,"minecraft:writable_book":2,"minecraft:gold_nugget":66,"minecraft:sand":69,"minecraft:phantom_membrane":3,"minecraft:iron_pickaxe":1,"minecraft:dark_oak_planks":1,"minecraft:fishing_rod":5,"minecraft:white_wool":98,"minecraft:end_crystal":1,"minecraft:blue_bed":1,"minecraft:bone":56,"minecraft:ancient_debris":44,"minecraft:diamond_block":25,"minecraft:golden_chestplate":1,"minecraft:cobbled_deepslate":2313,"minecraft:nether_brick":8,"minecraft:netherite_sword":2,"minecraft:wheat":4,"minecraft:obsidian":1,"minecraft:rotten_flesh":54,"minecraft:oak_planks":59,"minecraft:white_bed":1,"minecraft:sea_lantern":1,"minecraft:quartz_block":129,"minecraft:jungle_log":243,"minecraft:leather_boots":1,"minecraft:egg":3,"minecraft:dead_tube_coral_block":1,"minecraft:iron_ingot":23,"minecraft:golden_boots":3,"minecraft:netherite_pickaxe":4,"minecraft:wheat_seeds":22,"minecraft:netherite_helmet":1,"minecraft:netherite_chestplate":2,"minecraft:feather":3,"minecraft:cobblestone":22,"minecraft:iron_helmet":1,"minecraft:spruce_door":2,"minecraft:mushroom_stew":15,"minecraft:golden_apple":1,"minecraft:lava_bucket":2,"minecraft:golden_carrot":69,"minecraft:ink_sac":2,"minecraft:cooked_salmon":1,"minecraft:potion":5,"minecraft:string":21,"minecraft:paper":2,"minecraft:lily_pad":1,"minecraft:moss_carpet":21,"minecraft:soul_soil":5,"minecraft:player_head":4,"minecraft:bowl":12,"minecraft:deepslate":1993,"minecraft:clay_ball":2382,"minecraft:diamond_sword":2,"minecraft:potato":1,"minecraft:spruce_boat":6,"minecraft:stone":5,"minecraft:diamond_pickaxe":8,"minecraft:bamboo":320,"minecraft:spider_eye":3,"minecraft:bow":3,"minecraft:magenta_dye":2,"minecraft:magma_block":8,"minecraft:quartz_slab":1,"minecraft:soul_sand":7,"minecraft:moss_block":38,"minecraft:birch_planks":24,"minecraft:baked_potato":4,"minecraft:ender_pearl":12,"minecraft:jungle_fence":1,"minecraft:leather":2,"minecraft:jungle_planks":142,"minecraft:cod":3,"minecraft:flint":136,"minecraft:crimson_roots":1,"minecraft:cooked_cod":9,"minecraft:axolotl_bucket":4,"minecraft:glistering_melon_slice":12,"minecraft:birch_log":1,"minecraft:gold_ingot":235,"minecraft:brown_mushroom_block":11,"minecraft:gravel":65,"minecraft:blackstone":63,"minecraft:diamond_shovel":2,"minecraft:rabbit_hide":1,"minecraft:trident":3,"minecraft:beetroot_seeds":5,"minecraft:bee_nest":3,"minecraft:basalt":486,"minecraft:arrow":33,"minecraft:quartz":8,"minecraft:written_book":2,"minecraft:oak_leaves":6,"minecraft:splash_potion":2,"minecraft:netherrack":2543,"minecraft:firework_rocket":64,"minecraft:water_bucket":1,"minecraft:bread":112,"minecraft:golden_helmet":2,"minecraft:observer":1,"minecraft:spectral_arrow":86,"minecraft:tropical_fish":14,"minecraft:stick":14,"minecraft:diorite":2,"minecraft:nether_wart_block":1,"minecraft:fire_charge":1,"minecraft:iron_leggings":2,"minecraft:redstone":64,"minecraft:warped_nylium":1,"minecraft:ender_chest":2,"minecraft:tuff":521,"minecraft:netherite_leggings":2,"minecraft:filled_map":24,"minecraft:shield":8,"minecraft:iron_chestplate":2,"minecraft:purple_bed":2,"minecraft:golden_leggings":2,"minecraft:oak_boat":2,"minecraft:golden_sword":1,"minecraft:clay":82},"minecraft:picked_up":{"minecraft:wooden_axe":1,"minecraft:iron_chestplate":22,"minecraft:flower_pot":19,"minecraft:prismarine_shard":13,"minecraft:lead":3,"minecraft:diamond_sword":50,"minecraft:oak_stairs":1,"minecraft:enchanted_book":33,"minecraft:golden_sword":6,"minecraft:string":121,"minecraft:amethyst_block":200,"minecraft:polished_deepslate":64,"minecraft:music_disc_cat":4,"minecraft:dark_oak_pressure_plate":1,"minecraft:dark_oak_trapdoor":8,"minecraft:soul_soil":5,"minecraft:cooked_salmon":151,"minecraft:pufferfish":134,"minecraft:blue_stained_glass_pane":14,"minecraft:gold_nugget":3699,"minecraft:cobbled_deepslate":6193,"minecraft:spruce_planks":32,"minecraft:written_book":2,"minecraft:warped_slab":4,"minecraft:azalea_leaves":36,"minecraft:melon_slice":121,"minecraft:coal_block":17,"minecraft:dark_oak_door":5,"minecraft:golden_helmet":9,"minecraft:polished_blackstone_brick_slab":2,"minecraft:beehive":1,"minecraft:jukebox":4,"minecraft:big_dripleaf":15,"minecraft:acacia_log":10,"minecraft:sandstone_wall":1,"minecraft:warped_planks":41,"minecraft:end_crystal":1,"minecraft:golden_chestplate":4,"minecraft:cyan_stained_glass_pane":24,"minecraft:rabbit_foot":6,"minecraft:black_dye":55,"minecraft:honey_bottle":3,"minecraft:tropical_fish":33,"minecraft:polished_basalt":7,"minecraft:blue_dye":32,"minecraft:iron_block":19,"minecraft:bookshelf":44,"minecraft:netherite_chestplate":6,"minecraft:blaze_rod":2,"minecraft:birch_log":21,"minecraft:magma_block":42,"minecraft:mossy_cobblestone_slab":8,"minecraft:feather":19,"minecraft:cooked_beef":6,"minecraft:water_bucket":26,"minecraft:jungle_log":2136,"minecraft:dark_oak_boat":4,"minecraft:smoker":4,"minecraft:flint":1456,"minecraft:netherite_leggings":6,"minecraft:map":1,"minecraft:lantern":37,"minecraft:chipped_anvil":1,"minecraft:large_amethyst_bud":4,"minecraft:stonecutter":1,"minecraft:dark_oak_sign":12,"minecraft:rabbit":8,"minecraft:glowstone_dust":6,"minecraft:moss_block":96,"minecraft:warped_wart_block":8,"minecraft:ink_sac":32,"minecraft:brown_mushroom_block":230,"minecraft:loom":2,"minecraft:dark_oak_log":562,"minecraft:barrel":117,"minecraft:deepslate":3561,"minecraft:writable_book":2,"minecraft:deepslate_gold_ore":288,"minecraft:blue_ice":1,"minecraft:granite":17,"minecraft:golden_horse_armor":4,"minecraft:bread":20,"minecraft:cyan_dye":32,"minecraft:rooted_dirt":13,"minecraft:dark_oak_fence":30,"minecraft:crimson_roots":2,"minecraft:diamond_pickaxe":80,"minecraft:lime_stained_glass_pane":35,"minecraft:crafting_table":61,"minecraft:bee_nest":10,"minecraft:sandstone_slab":7,"minecraft:clay_ball":4580,"minecraft:leather_leggings":4,"minecraft:orange_stained_glass_pane":21,"minecraft:jungle_trapdoor":1,"minecraft:elytra":21,"minecraft:flint_and_steel":4,"minecraft:snow":1,"minecraft:white_stained_glass":4,"minecraft:iron_shovel":5,"minecraft:cartography_table":6,"minecraft:netherite_sword":2,"minecraft:deepslate_diamond_ore":173,"minecraft:beef":32,"minecraft:jungle_sapling":24,"minecraft:iron_nugget":92,"minecraft:poppy":73,"minecraft:spruce_slab":3,"minecraft:quartz_stairs":166,"minecraft:chest":61,"minecraft:birch_sapling":3,"minecraft:piston":8,"minecraft:diamond_hoe":21,"minecraft:egg":13,"minecraft:black_stained_glass":639,"minecraft:sandstone":2,"minecraft:stone":171,"minecraft:music_disc_mellohi":2,"minecraft:amethyst_cluster":24,"minecraft:fire_charge":10,"minecraft:white_dye":98,"minecraft:jungle_fence_gate":1,"minecraft:carrot":1,"minecraft:mushroom_stem":29,"minecraft:redstone":3228,"minecraft:netherite_pickaxe":6,"minecraft:prismarine_crystals":44,"minecraft:jungle_sign":40,"minecraft:tnt":14,"minecraft:cooked_cod":849,"minecraft:beetroot_seeds":5,"minecraft:peony":19,"minecraft:shears":9,"minecraft:diamond_boots":21,"minecraft:hay_block":109,"minecraft:warped_sign":5,"minecraft:gold_ingot":193,"minecraft:totem_of_undying":3,"minecraft:polished_blackstone":74,"minecraft:glow_berries":29,"minecraft:mutton":43,"minecraft:white_wool":661,"minecraft:bone_block":11,"minecraft:oxeye_daisy":1,"minecraft:lime_bed":4,"minecraft:tripwire_hook":12,"minecraft:yellow_dye":32,"minecraft:red_mushroom_block":76,"minecraft:jungle_fence":54,"minecraft:red_mushroom":13,"minecraft:filled_map":35,"minecraft:oak_log":130,"minecraft:lily_pad":17,"minecraft:ancient_debris":49,"minecraft:golden_boots":3,"minecraft:blue_bed":3,"minecraft:paper":25,"minecraft:apple":5,"minecraft:kelp":1574,"minecraft:warped_stem":20,"minecraft:music_disc_far":6,"minecraft:cobweb":10,"minecraft:glass_bottle":13,"minecraft:iron_sword":9,"minecraft:flowering_azalea":13,"minecraft:dark_oak_stairs":13,"minecraft:dark_oak_slab":10,"minecraft:smooth_basalt":2,"minecraft:light_gray_stained_glass":63,"minecraft:sweet_berries":65,"minecraft:red_wool":5,"minecraft:spyglass":4,"minecraft:gravel":1601,"minecraft:spruce_sapling":57,"minecraft:spruce_log":79,"minecraft:crying_obsidian":25,"minecraft:sea_lantern":54,"minecraft:firework_rocket":2617,"minecraft:diamond_shovel":46,"minecraft:red_stained_glass":2,"minecraft:purple_bed":20,"minecraft:slime_ball":39,"minecraft:deepslate_redstone_ore":572,"minecraft:diamond_axe":51,"minecraft:painting":14,"minecraft:birch_sign":1,"minecraft:gray_wool":5,"minecraft:polished_blackstone_brick_wall":2,"minecraft:warped_roots":4,"minecraft:lodestone":1,"minecraft:baked_potato":72,"minecraft:warped_nylium":2,"minecraft:stripped_dark_oak_log":32,"minecraft:pink_dye":32,"minecraft:ender_pearl":42,"minecraft:music_disc_strad":2,"minecraft:wheat":205,"minecraft:redstone_block":2,"minecraft:ender_chest":27,"minecraft:green_stained_glass_pane":24,"minecraft:potion":18,"minecraft:turtle_egg":6,"minecraft:nether_brick":43,"minecraft:dead_tube_coral_block":2,"minecraft:deepslate_lapis_ore":122,"minecraft:smooth_stone_slab":7,"minecraft:armor_stand":8,"minecraft:iron_leggings":31,"minecraft:sticky_piston":3,"minecraft:netherite_ingot":4,"minecraft:pink_shulker_box":2,"minecraft:smooth_stone":1,"minecraft:bucket":24,"minecraft:dark_oak_leaves":1,"minecraft:rose_bush":43,"minecraft:cobblestone_slab":1,"minecraft:calcite":2,"minecraft:azalea":3,"minecraft:iron_pickaxe":7,"minecraft:deepslate_iron_ore":388,"minecraft:iron_boots":15,"minecraft:furnace":28,"minecraft:stick":501,"minecraft:jungle_door":18,"minecraft:oak_fence":6,"minecraft:torch":694,"minecraft:spruce_stairs":8,"minecraft:porkchop":70,"minecraft:music_disc_pigstep":1,"minecraft:diorite":28,"minecraft:vine":23,"minecraft:quartz_block":1900,"minecraft:cactus":1,"minecraft:rotten_flesh":251,"minecraft:music_disc_wait":2,"minecraft:obsidian":395,"minecraft:cod":374,"minecraft:cobblestone":1048,"minecraft:nautilus_shell":6,"minecraft:enchanting_table":1,"minecraft:leather_chestplate":2,"minecraft:jungle_pressure_plate":6,"minecraft:lilac":5,"minecraft:andesite":49,"minecraft:golden_leggings":15,"minecraft:chiseled_quartz_block":64,"minecraft:beacon":8,"minecraft:potato":2,"minecraft:magenta_dye":64,"minecraft:tuff":1078,"minecraft:light_gray_dye":55,"minecraft:prismarine_bricks":2,"minecraft:dirt":1084,"minecraft:lapis_lazuli":994,"minecraft:name_tag":8,"minecraft:leather_boots":16,"minecraft:glass":103,"minecraft:bone":294,"minecraft:bow":100,"minecraft:wheat_seeds":654,"minecraft:raw_gold":571,"minecraft:cobbled_deepslate_slab":1,"minecraft:light_blue_dye":32,"minecraft:purple_stained_glass_pane":17,"minecraft:bamboo":3341,"minecraft:oak_planks":28,"minecraft:axolotl_bucket":6,"minecraft:oak_pressure_plate":1,"minecraft:pink_stained_glass_pane":28,"minecraft:black_stained_glass_pane":45,"minecraft:jungle_planks":494,"minecraft:sand":2378,"minecraft:light_blue_shulker_box":1,"minecraft:grass_block":72,"minecraft:diamond_block":25,"minecraft:spectral_arrow":168,"minecraft:jungle_slab":45,"minecraft:shulker_box":13,"minecraft:mossy_cobblestone":97,"minecraft:jungle_leaves":62,"minecraft:clay":680,"minecraft:diamond":610,"minecraft:spruce_boat":13,"minecraft:netherite_helmet":5,"minecraft:yellow_stained_glass_pane":18,"minecraft:grass":2,"minecraft:bone_meal":168,"minecraft:golden_apple":15,"minecraft:white_concrete":97,"minecraft:spruce_sign":89,"minecraft:emerald":6,"minecraft:oak_sapling":9,"minecraft:netherrack":8720,"minecraft:oak_leaves":146,"minecraft:charcoal":243,"minecraft:fishing_rod":50,"minecraft:cocoa_beans":6,"minecraft:azure_bluet":2,"minecraft:splash_potion":15,"minecraft:chicken":11,"minecraft:ladder":22,"minecraft:brown_mushroom":31,"minecraft:packed_ice":56,"minecraft:wooden_pickaxe":1,"minecraft:gold_block":31,"minecraft:diamond_horse_armor":1,"minecraft:chain":21,"minecraft:brick":3,"minecraft:shield":8,"minecraft:moss_carpet":45,"minecraft:iron_axe":5,"minecraft:quartz_slab":1594,"minecraft:item_frame":143,"minecraft:mycelium":162,"minecraft:blackstone":877,"minecraft:oak_boat":4,"minecraft:player_head":33,"minecraft:observer":1,"minecraft:sugar_cane":42,"minecraft:spruce_trapdoor":33,"minecraft:phantom_membrane":16,"minecraft:raw_iron":1096,"minecraft:orange_dye":32,"minecraft:red_stained_glass_pane":90,"minecraft:bowl":126,"minecraft:flowering_azalea_leaves":34,"minecraft:gray_dye":32,"minecraft:quartz_pillar":51,"minecraft:music_disc_11":2,"minecraft:trident":4,"minecraft:light_gray_stained_glass_pane":45,"minecraft:brown_dye":32,"minecraft:iron_horse_armor":2,"minecraft:dark_oak_planks":92,"minecraft:weeping_vines":2,"minecraft:arrow":1189,"minecraft:light_blue_stained_glass_pane":27,"minecraft:jungle_stairs":15,"minecraft:pink_tulip":1,"minecraft:glistering_melon_slice":12,"minecraft:saddle":7,"minecraft:black_banner":2,"minecraft:lime_stained_glass":4,"minecraft:netherite_boots":6,"minecraft:jungle_boat":22,"minecraft:purple_dye":32,"minecraft:basalt":1236,"minecraft:golden_carrot":209,"minecraft:glow_ink_sac":108,"minecraft:salmon":152,"minecraft:leather":234,"minecraft:music_disc_stal":7,"minecraft:birch_planks":40,"minecraft:mushroom_stew":65,"minecraft:chainmail_chestplate":2,"minecraft:nether_wart_block":3,"minecraft:gunpowder":51,"minecraft:cooked_mutton":19,"minecraft:podzol":1,"minecraft:smooth_sandstone":43,"minecraft:red_carpet":86,"minecraft:gray_carpet":35,"minecraft:rabbit_hide":8,"minecraft:iron_ingot":121,"minecraft:cooked_chicken":18,"minecraft:soul_sand":70,"minecraft:green_dye":22,"minecraft:book":19,"minecraft:scaffolding":706,"minecraft:oak_slab":2,"minecraft:warped_fungus":1,"minecraft:nether_quartz_ore":1,"minecraft:red_concrete_powder":248,"minecraft:birch_boat":1,"minecraft:pumpkin":3,"minecraft:quartz":4035,"minecraft:dandelion":3,"minecraft:raw_iron_block":12,"minecraft:magenta_stained_glass_pane":14,"minecraft:lava_bucket":2,"minecraft:amethyst_shard":2,"minecraft:green_stained_glass":3,"minecraft:blast_furnace":5,"minecraft:white_bed":10,"minecraft:spider_eye":24,"minecraft:spruce_door":4,"minecraft:stripped_jungle_log":1,"minecraft:pumpkin_seeds":6,"minecraft:music_disc_mall":2,"minecraft:lime_dye":32,"minecraft:white_concrete_powder":282,"minecraft:campfire":3,"minecraft:honey_block":1,"minecraft:iron_helmet":31,"minecraft:terracotta":91,"minecraft:black_wool":1,"minecraft:red_concrete":669,"minecraft:coal":775},"minecraft:custom":{"minecraft:interact_with_crafting_table":707,"minecraft:open_barrel":2380,"minecraft:bell_ring":5,"minecraft:leave_game":80,"minecraft:time_since_death":14253,"minecraft:play_time":4952656,"minecraft:deaths":77,"minecraft:jump":83062,"minecraft:enchant_item":19,"minecraft:interact_with_furnace":480,"minecraft:play_record":18,"minecraft:interact_with_cartography_table":1,"minecraft:sleep_in_bed":33,"minecraft:damage_dealt":85856,"minecraft:interact_with_smoker":338,"minecraft:inspect_dispenser":1,"minecraft:horse_one_cm":37881,"minecraft:interact_with_smithing_table":2,"minecraft:inspect_dropper":16,"minecraft:interact_with_anvil":37,"minecraft:inspect_hopper":4,"minecraft:sneak_time":179498,"minecraft:interact_with_lectern":17,"minecraft:interact_with_blast_furnace":152,"minecraft:total_world_time":4952656,"minecraft:interact_with_stonecutter":13,"minecraft:time_since_rest":14273,"minecraft:swim_one_cm":1414817,"minecraft:fly_one_cm":17663730,"minecraft:open_chest":2089,"minecraft:fish_caught":600,"minecraft:fall_one_cm":1792639,"minecraft:animals_bred":23,"minecraft:open_shulker_box":218,"minecraft:damage_resisted":371,"minecraft:sprint_one_cm":14268836,"minecraft:drop":824,"minecraft:talked_to_villager":1,"minecraft:walk_on_water_one_cm":1219718,"minecraft:interact_with_loom":6,"minecraft:open_enderchest":477,"minecraft:interact_with_beacon":7,"minecraft:crouch_one_cm":665131,"minecraft:mob_kills":1922,"minecraft:climb_one_cm":2517181,"minecraft:walk_one_cm":12959625,"minecraft:walk_under_water_one_cm":2175938,"minecraft:boat_one_cm":3564221,"minecraft:pot_flower":1,"minecraft:interact_with_grindstone":10,"minecraft:damage_taken":80320,"minecraft:damage_absorbed":80,"minecraft:minecart_one_cm":1656,"minecraft:pig_one_cm":285,"minecraft:aviate_one_cm":17322044},"minecraft:killed":{"minecraft:cave_spider":4,"minecraft:skeleton":253,"minecraft:chicken":11,"minecraft:magma_cube":8,"minecraft:salmon":2,"minecraft:iron_golem":1,"minecraft:zombie":154,"minecraft:glow_squid":15,"minecraft:cow":13,"minecraft:husk":6,"minecraft:rabbit":18,"minecraft:enderman":3,"minecraft:zombified_piglin":8,"minecraft:witch":3,"minecraft:spider":41,"minecraft:axolotl":1,"minecraft:piglin":9,"minecraft:pig":6,"minecraft:zombie_villager":4,"minecraft:creeper":51,"minecraft:sheep":28,"minecraft:ghast":8,"minecraft:mooshroom":2,"minecraft:blaze":2,"minecraft:slime":37,"minecraft:phantom":3,"minecraft:drowned":8,"minecraft:bat":2,"minecraft:hoglin":23,"minecraft:squid":6},"minecraft:used":{"minecraft:moss_block":53,"minecraft:peony":6,"minecraft:music_disc_far":4,"minecraft:writable_book":5,"minecraft:spruce_slab":11,"minecraft:polished_blackstone":568,"minecraft:ladder":2,"minecraft:poppy":1,"minecraft:chest":89,"minecraft:stone":27,"minecraft:warped_sign":6,"minecraft:quartz_stairs":150,"minecraft:soul_sand":2,"minecraft:jungle_slab":47,"minecraft:azure_bluet":2,"minecraft:spruce_boat":4,"minecraft:packed_ice":2,"minecraft:honey_block":1,"minecraft:music_disc_pigstep":1,"minecraft:quartz_pillar":32,"minecraft:grass_block":64,"minecraft:black_stained_glass_pane":150,"minecraft:jungle_fence_gate":3,"minecraft:birch_sapling":2,"minecraft:quartz_block":1371,"minecraft:dark_oak_slab":10,"minecraft:music_disc_wait":1,"minecraft:music_disc_stal":6,"minecraft:red_stained_glass_pane":62,"minecraft:bow":513,"minecraft:snow":1,"minecraft:dark_oak_boat":2,"minecraft:sweet_berries":66,"minecraft:cooked_cod":333,"minecraft:furnace":37,"minecraft:potato":1,"minecraft:green_stained_glass_pane":63,"minecraft:diorite":5,"minecraft:spruce_door":3,"minecraft:blackstone":15,"minecraft:wooden_pickaxe":78,"minecraft:jungle_pressure_plate":8,"minecraft:clay":58,"minecraft:jungle_boat":21,"minecraft:golden_apple":2,"minecraft:glow_berries":32,"minecraft:dark_oak_trapdoor":10,"minecraft:sand":387,"minecraft:blast_furnace":9,"minecraft:cyan_dye":5,"minecraft:chiseled_quartz_block":44,"minecraft:crying_obsidian":4,"minecraft:deepslate_iron_ore":169,"minecraft:flowering_azalea_leaves":1,"minecraft:lilac":1,"minecraft:magenta_stained_glass_pane":62,"minecraft:diamond_sword":1140,"minecraft:dark_oak_fence":30,"minecraft:white_stained_glass":94,"minecraft:oak_boat":3,"minecraft:polished_blackstone_brick_slab":2,"minecraft:enchanting_table":1,"minecraft:acacia_log":2,"minecraft:armor_stand":12,"minecraft:red_concrete":634,"minecraft:mycelium":1,"minecraft:cooked_salmon":128,"minecraft:netherrack":3200,"minecraft:torch":96,"minecraft:anvil":6,"minecraft:light_blue_dye":1,"minecraft:nether_quartz_ore":1,"minecraft:jungle_trapdoor":5,"minecraft:music_disc_mellohi":1,"minecraft:flowering_azalea":9,"minecraft:sea_lantern":25,"minecraft:chipped_anvil":1,"minecraft:iron_axe":711,"minecraft:jungle_log":44,"minecraft:lime_dye":1,"minecraft:totem_of_undying":1,"minecraft:pink_stained_glass_pane":59,"minecraft:barrel":140,"minecraft:bamboo":13,"minecraft:basalt":70,"minecraft:beef":9,"minecraft:podzol":1,"minecraft:cobbled_deepslate":588,"minecraft:magenta_dye":3,"minecraft:calcite":1,"minecraft:wheat_seeds":279,"minecraft:water_bucket":310,"minecraft:light_blue_shulker_box":1,"minecraft:cartography_table":3,"minecraft:red_mushroom_block":66,"minecraft:glow_ink_sac":51,"minecraft:vine":21,"minecraft:crafting_table":66,"minecraft:green_dye":16,"minecraft:birch_sign":1,"minecraft:white_bed":12,"minecraft:campfire":6,"minecraft:spruce_log":25,"minecraft:mushroom_stem":4,"minecraft:amethyst_cluster":15,"minecraft:blue_stained_glass_pane":65,"minecraft:yellow_dye":3,"minecraft:diamond_pickaxe":36313,"minecraft:diamond_shovel":14322,"minecraft:iron_pickaxe":1592,"minecraft:spruce_trapdoor":4,"minecraft:spruce_sapling":1,"minecraft:pink_bed":2,"minecraft:cobblestone":344,"minecraft:potion":18,"minecraft:purple_bed":10,"minecraft:red_concrete_powder":576,"minecraft:cooked_porkchop":26,"minecraft:sandstone_slab":7,"minecraft:kelp":324,"minecraft:dandelion":2,"minecraft:jukebox":3,"minecraft:light_blue_stained_glass_pane":62,"minecraft:moss_carpet":1,"minecraft:iron_shovel":505,"minecraft:light_gray_stained_glass_pane":13,"minecraft:bone_block":1,"minecraft:diamond_hoe":2832,"minecraft:white_concrete_powder":240,"minecraft:polished_basalt":22,"minecraft:iron_sword":1310,"minecraft:player_head":16,"minecraft:iron_chestplate":1,"minecraft:mutton":2,"minecraft:jungle_planks":93,"minecraft:music_disc_11":1,"minecraft:tuff":30,"minecraft:beehive":1,"minecraft:axolotl_bucket":10,"minecraft:milk_bucket":2,"minecraft:obsidian":75,"minecraft:honey_bottle":8,"minecraft:big_dripleaf":10,"minecraft:quartz_slab":2851,"minecraft:lantern":25,"minecraft:mossy_cobblestone_slab":20,"minecraft:item_frame":61,"minecraft:deepslate_diamond_ore":113,"minecraft:red_carpet":146,"minecraft:magma_block":14,"minecraft:scaffolding":492,"minecraft:written_book":2,"minecraft:gold_block":25,"minecraft:dark_oak_stairs":35,"minecraft:stone_pickaxe":54,"minecraft:dark_oak_sign":8,"minecraft:jungle_fence":180,"minecraft:oak_planks":1,"minecraft:ender_pearl":4,"minecraft:diamond_axe":2329,"minecraft:blue_bed":2,"minecraft:large_amethyst_bud":4,"minecraft:white_wool":7,"minecraft:golden_hoe":15,"minecraft:loom":2,"minecraft:lime_stained_glass_pane":62,"minecraft:mushroom_stew":215,"minecraft:black_banner":2,"minecraft:deepslate_redstone_ore":220,"minecraft:shears":227,"minecraft:deepslate_lapis_ore":32,"minecraft:sticky_piston":11,"minecraft:firework_rocket":579,"minecraft:dark_oak_log":174,"minecraft:music_disc_mall":1,"minecraft:bread":119,"minecraft:melon_slice":69,"minecraft:deepslate":243,"minecraft:gravel":28,"minecraft:jungle_sign":28,"minecraft:grindstone":1,"minecraft:chain":9,"minecraft:andesite":15,"minecraft:cooked_rabbit":7,"minecraft:smooth_stone_slab":4,"minecraft:white_concrete":3,"minecraft:bone_meal":52,"minecraft:trident":7,"minecraft:jungle_leaves":25,"minecraft:rose_bush":22,"minecraft:music_disc_otherside":1,"minecraft:flint_and_steel":2,"minecraft:tropical_fish":4,"minecraft:redstone":2,"minecraft:stone_shovel":120,"minecraft:spruce_planks":10,"minecraft:ender_chest":13,"minecraft:deepslate_gold_ore":91,"minecraft:wooden_shovel":1,"minecraft:cooked_chicken":16,"minecraft:spyglass":2,"minecraft:dirt":395,"minecraft:shulker_box":12,"minecraft:warped_door":2,"minecraft:bee_nest":9,"minecraft:pink_dye":1,"minecraft:granite":14,"minecraft:wooden_axe":46,"minecraft:purple_stained_glass_pane":64,"minecraft:iron_hoe":2,"minecraft:dark_oak_planks":193,"minecraft:light_gray_stained_glass":392,"minecraft:bookshelf":44,"minecraft:smooth_sandstone":40,"minecraft:golden_carrot":76,"minecraft:black_stained_glass":158,"minecraft:dark_oak_pressure_plate":5,"minecraft:netherite_pickaxe":99,"minecraft:cooked_beef":18,"minecraft:red_dye":17,"minecraft:orange_stained_glass_pane":60,"minecraft:iron_leggings":1,"minecraft:cooked_mutton":41,"minecraft:amethyst_block":26,"minecraft:glass_bottle":14,"minecraft:baked_potato":66,"minecraft:birch_boat":2,"minecraft:spruce_sign":82,"minecraft:white_dye":2,"minecraft:stonecutter":1,"minecraft:beacon":12,"minecraft:music_disc_cat":2,"minecraft:stripped_dark_oak_log":26,"minecraft:lime_bed":4,"minecraft:yellow_stained_glass_pane":61,"minecraft:painting":15,"minecraft:dark_oak_door":7,"minecraft:smoker":8,"minecraft:flower_pot":3,"minecraft:piston":8,"minecraft:chicken":2,"minecraft:map":1,"minecraft:jungle_stairs":26,"minecraft:purple_dye":1,"minecraft:stone_axe":145,"minecraft:fishing_rod":790,"minecraft:cobbled_deepslate_slab":1,"minecraft:cyan_stained_glass_pane":63,"minecraft:jungle_door":16,"minecraft:pink_shulker_box":2,"minecraft:bucket":322,"minecraft:gray_wool":1,"minecraft:splash_potion":1,"minecraft:orange_dye":3},"minecraft:mined":{"minecraft:dark_oak_planks":84,"minecraft:white_bed":8,"minecraft:jungle_leaves":178,"minecraft:obsidian":39,"minecraft:granite":30,"minecraft:acacia_log":11,"minecraft:jungle_log":1040,"minecraft:oak_pressure_plate":1,"minecraft:tube_coral_block":1,"minecraft:oxeye_daisy":1,"minecraft:red_stained_glass_pane":5,"minecraft:weeping_vines_plant":1,"minecraft:tall_seagrass":10,"minecraft:magma_block":249,"minecraft:dark_oak_trapdoor":8,"minecraft:barrel":42,"minecraft:cobbled_deepslate":75,"minecraft:fire":1211,"minecraft:moss_carpet":2,"minecraft:pumpkin":3,"minecraft:deepslate_lapis_ore":152,"minecraft:lime_stained_glass_pane":2,"minecraft:cave_vines":50,"minecraft:dirt_path":3,"minecraft:oak_stairs":1,"minecraft:quartz_slab":1252,"minecraft:jungle_trapdoor":1,"minecraft:sandstone_slab":7,"minecraft:brown_mushroom":29,"minecraft:kelp_plant":26,"minecraft:player_wall_head":6,"minecraft:smoker":4,"minecraft:crimson_nylium":6,"minecraft:soul_fire":2,"minecraft:amethyst_cluster":24,"minecraft:torch":12,"minecraft:blast_furnace":5,"minecraft:melon":36,"minecraft:spruce_wall_sign":43,"minecraft:sugar_cane":11,"minecraft:amethyst_block":200,"minecraft:chain":2,"minecraft:light_gray_stained_glass":46,"minecraft:wheat":199,"minecraft:lilac":3,"minecraft:jukebox":3,"minecraft:warped_fungus":1,"minecraft:grass":513,"minecraft:loom":2,"minecraft:sandstone_wall":2,"minecraft:smooth_basalt":2,"minecraft:red_mushroom_block":78,"minecraft:stonecutter":1,"minecraft:piston":8,"minecraft:deepslate":15182,"minecraft:light_blue_stained_glass_pane":3,"minecraft:pink_shulker_box":2,"minecraft:light_gray_stained_glass_pane":13,"minecraft:blue_stained_glass_pane":5,"minecraft:mossy_cobblestone":87,"minecraft:dark_oak_log":351,"minecraft:sea_lantern":7,"minecraft:shulker_box":11,"minecraft:nether_bricks":12,"minecraft:dark_oak_fence":28,"minecraft:cobbled_deepslate_slab":1,"minecraft:jungle_planks":43,"minecraft:crimson_roots":2,"minecraft:cartography_table":4,"minecraft:moss_block":66,"minecraft:kelp":12,"minecraft:white_concrete_powder":143,"minecraft:magenta_stained_glass_pane":4,"minecraft:black_stained_glass_pane":38,"minecraft:andesite":58,"minecraft:diamond_block":1,"minecraft:warped_wall_sign":1,"minecraft:cobblestone_slab":1,"minecraft:vine":121,"minecraft:warped_stem":20,"minecraft:bamboo_sapling":4,"minecraft:bamboo":908,"minecraft:bone_block":1,"minecraft:white_wool":7,"minecraft:ender_chest":7,"minecraft:soul_sand":2,"minecraft:dandelion":1,"minecraft:polished_blackstone_brick_wall":1,"minecraft:smooth_sandstone":43,"minecraft:warped_roots":4,"minecraft:campfire":3,"minecraft:tall_grass":25,"minecraft:deepslate_gold_ore":450,"minecraft:green_stained_glass_pane":3,"minecraft:diorite":59,"minecraft:big_dripleaf":5,"minecraft:warped_wart_block":10,"minecraft:black_stained_glass":137,"minecraft:purple_bed":11,"minecraft:dark_oak_wall_sign":7,"minecraft:spruce_log":44,"minecraft:birch_leaves":1,"minecraft:jungle_fence":42,"minecraft:quartz_pillar":32,"minecraft:mycelium":407,"minecraft:pink_stained_glass_pane":2,"minecraft:gravel":2977,"minecraft:cobweb":23,"minecraft:polished_blackstone":59,"minecraft:gold_ore":15,"minecraft:chipped_anvil":1,"minecraft:fern":134,"minecraft:large_amethyst_bud":4,"minecraft:spruce_planks":29,"minecraft:jungle_slab":10,"minecraft:potted_cactus":1,"minecraft:spruce_trapdoor":2,"minecraft:cave_vines_plant":17,"minecraft:grass_block":217,"minecraft:white_concrete":100,"minecraft:purple_stained_glass_pane":4,"minecraft:soul_soil":7,"minecraft:polished_blackstone_brick_slab":4,"minecraft:warped_sign":2,"minecraft:raw_iron_block":5,"minecraft:mossy_cobblestone_slab":7,"minecraft:glowstone":2,"minecraft:iron_ore":107,"minecraft:dark_oak_stairs":13,"minecraft:flowering_azalea_leaves":34,"minecraft:birch_wall_sign":1,"minecraft:jungle_pressure_plate":4,"minecraft:azalea_leaves":46,"minecraft:azalea":3,"minecraft:spruce_slab":3,"minecraft:deepslate_redstone_ore":963,"minecraft:jungle_door":13,"minecraft:quartz_block":562,"minecraft:blackstone":726,"minecraft:chiseled_quartz_block":40,"minecraft:clay":6713,"minecraft:jungle_stairs":15,"minecraft:calcite":2,"minecraft:poppy":45,"minecraft:beacon":8,"minecraft:chest":61,"minecraft:mushroom_stem":7,"minecraft:nether_quartz_ore":2737,"minecraft:cobblestone":276,"minecraft:oak_planks":18,"minecraft:wall_torch":18,"minecraft:seagrass":4,"minecraft:warped_nylium":16,"minecraft:dark_oak_slab":9,"minecraft:dark_oak_door":5,"minecraft:nether_wart_block":3,"minecraft:birch_log":21,"minecraft:smooth_stone_slab":4,"minecraft:yellow_stained_glass_pane":2,"minecraft:oak_log":99,"minecraft:sand":1717,"minecraft:dirt":544,"minecraft:ancient_debris":5,"minecraft:netherrack":8273,"minecraft:oak_leaves":224,"minecraft:nether_gold_ore":606,"minecraft:tuff":1500,"minecraft:red_carpet":52,"minecraft:quartz_stairs":103,"minecraft:dark_oak_leaves":1,"minecraft:deepslate_diamond_ore":434,"minecraft:dark_oak_pressure_plate":1,"minecraft:ladder":1,"minecraft:weeping_vines":1,"minecraft:white_stained_glass":4,"minecraft:brown_mushroom_block":14,"minecraft:sandstone":2,"minecraft:rooted_dirt":38,"minecraft:large_fern":2,"minecraft:hay_block":109,"minecraft:spore_blossom":1,"minecraft:spruce_sapling":1,"minecraft:furnace":28,"minecraft:red_concrete_powder":8,"minecraft:polished_basalt":7,"minecraft:nether_sprouts":1,"minecraft:orange_stained_glass_pane":2,"minecraft:peony":9,"minecraft:gold_block":4,"minecraft:bookshelf":29,"minecraft:deepslate_iron_ore":813,"minecraft:lantern":5,"minecraft:stripped_jungle_log":1,"minecraft:packed_ice":2,"minecraft:stone":492,"minecraft:jungle_fence_gate":1,"minecraft:podzol":14,"minecraft:scaffolding":162,"minecraft:acacia_leaves":2,"minecraft:flowering_azalea":13,"minecraft:stripped_dark_oak_log":29,"minecraft:basalt":578,"minecraft:spruce_door":1,"minecraft:oak_fence":3,"minecraft:crafting_table":55,"minecraft:cyan_stained_glass_pane":3,"minecraft:honey_block":1,"minecraft:rose_bush":40,"minecraft:lapis_ore":2,"minecraft:lily_pad":8,"minecraft:red_concrete":669,"minecraft:blue_bed":3,"minecraft:spruce_stairs":12,"minecraft:lime_bed":4,"minecraft:sweet_berry_bush":1,"minecraft:black_wall_banner":2,"minecraft:bee_nest":7,"minecraft:coal_ore":313,"minecraft:cocoa":4,"minecraft:bubble_coral_wall_fan":1,"minecraft:flower_pot":2,"minecraft:terracotta":1,"minecraft:small_dripleaf":3,"minecraft:jungle_wall_sign":21}},"DataVersion":2975}