{"stats":{"minecraft:killed_by":{"minecraft:creeper":2,"minecraft:piglin":3,"minecraft:iron_golem":1,"minecraft:hoglin":1},"minecraft:custom":{"minecraft:interact_with_crafting_table":436,"minecraft:open_barrel":199,"minecraft:leave_game":116,"minecraft:time_since_death":1011939,"minecraft:damage_blocked_by_shield":745,"minecraft:play_time":5394365,"minecraft:deaths":14,"minecraft:jump":62893,"minecraft:interact_with_furnace":669,"minecraft:play_record":5,"minecraft:traded_with_villager":1549,"minecraft:sleep_in_bed":18,"minecraft:damage_dealt":241993,"minecraft:inspect_dispenser":29,"minecraft:interact_with_smithing_table":13,"minecraft:inspect_dropper":77,"minecraft:interact_with_anvil":60,"minecraft:inspect_hopper":149,"minecraft:sneak_time":326458,"minecraft:interact_with_lectern":8,"minecraft:total_world_time":5394365,"minecraft:tune_noteblock":11,"minecraft:interact_with_stonecutter":1,"minecraft:time_since_rest":1011961,"minecraft:swim_one_cm":354900,"minecraft:fly_one_cm":10874809,"minecraft:open_chest":4695,"minecraft:fall_one_cm":1481825,"minecraft:open_shulker_box":1073,"minecraft:damage_resisted":104,"minecraft:sprint_one_cm":12966887,"minecraft:drop":1326,"minecraft:talked_to_villager":273,"minecraft:walk_on_water_one_cm":288471,"minecraft:open_enderchest":341,"minecraft:interact_with_beacon":2,"minecraft:player_kills":1,"minecraft:crouch_one_cm":1162441,"minecraft:mob_kills":4679,"minecraft:climb_one_cm":391119,"minecraft:walk_one_cm":11207859,"minecraft:walk_under_water_one_cm":645806,"minecraft:boat_one_cm":2822063,"minecraft:interact_with_grindstone":3,"minecraft:damage_taken":39452,"minecraft:damage_absorbed":87,"minecraft:aviate_one_cm":18773451},"minecraft:picked_up":{"minecraft:anvil":1,"minecraft:stone_slab":536,"minecraft:diamond_sword":9,"minecraft:enchanted_book":3,"minecraft:birch_button":75,"minecraft:golden_sword":55,"minecraft:amethyst_block":1,"minecraft:string":50,"minecraft:diamond_leggings":7,"minecraft:gold_nugget":1413,"minecraft:cobbled_deepslate":2025,"minecraft:spruce_planks":682,"minecraft:warped_slab":10,"minecraft:diamond_ore":1,"minecraft:golden_helmet":1,"minecraft:cyan_stained_glass":545,"minecraft:warped_planks":73,"minecraft:cyan_stained_glass_pane":199,"minecraft:blue_glazed_terracotta":2,"minecraft:polished_basalt":7,"minecraft:iron_block":2,"minecraft:white_terracotta":7,"minecraft:netherite_chestplate":5,"minecraft:blaze_rod":50,"minecraft:birch_log":159,"minecraft:magma_block":5190,"minecraft:feather":2,"minecraft:iron_door":1,"minecraft:brown_wool":1,"minecraft:flint":65,"minecraft:netherite_leggings":3,"minecraft:gray_concrete":2,"minecraft:gray_concrete_powder":1,"minecraft:twisting_vines":2,"minecraft:diamond_helmet":8,"minecraft:warped_wart_block":92,"minecraft:dropper":3,"minecraft:netherite_block":12,"minecraft:dispenser":1,"minecraft:deepslate":1318,"minecraft:lever":32,"minecraft:writable_book":2,"minecraft:blue_ice":1921,"minecraft:granite":1009,"minecraft:spruce_button":1,"minecraft:bread":69,"minecraft:crimson_roots":3,"minecraft:diamond_pickaxe":12,"minecraft:spruce_leaves":197,"minecraft:crafting_table":14,"minecraft:clay_ball":20,"minecraft:redstone_lamp":21,"minecraft:crimson_trapdoor":23,"minecraft:jungle_trapdoor":5,"minecraft:elytra":1,"minecraft:flint_and_steel":1,"minecraft:iron_shovel":2,"minecraft:cracked_stone_bricks":1,"minecraft:netherite_sword":2,"minecraft:deepslate_diamond_ore":2,"minecraft:music_disc_otherside":5,"minecraft:poppy":8,"minecraft:minecart":21,"minecraft:egg":16,"minecraft:birch_sapling":10,"minecraft:chest":295,"minecraft:piston":64,"minecraft:diamond_hoe":2,"minecraft:copper_ore":968,"minecraft:stone":9076,"minecraft:spruce_fence":14,"minecraft:carrot":1,"minecraft:redstone":410,"minecraft:netherite_pickaxe":4,"minecraft:tnt":1,"minecraft:diamond_chestplate":7,"minecraft:peony":1,"minecraft:diamond_boots":7,"minecraft:gold_ingot":9,"minecraft:mutton":2,"minecraft:bone_block":23,"minecraft:rail":83,"minecraft:white_wool":13,"minecraft:lapis_ore":5,"minecraft:birch_leaves":7,"minecraft:blackstone_slab":1,"minecraft:oak_log":266,"minecraft:ancient_debris":70,"minecraft:golden_boots":1,"minecraft:stone_bricks":7,"minecraft:apple":5,"minecraft:kelp":226,"minecraft:light_gray_glazed_terracotta":1,"minecraft:warped_stem":130,"minecraft:oak_fence_gate":32,"minecraft:iron_ore":15,"minecraft:glass_bottle":4,"minecraft:sweet_berries":183,"minecraft:green_glazed_terracotta":1,"minecraft:gravel":363,"minecraft:spruce_sapling":83,"minecraft:spruce_log":1155,"minecraft:crying_obsidian":10,"minecraft:diamond_shovel":3,"minecraft:firework_rocket":460,"minecraft:purple_bed":1,"minecraft:coal_ore":118,"minecraft:slime_ball":200,"minecraft:purple_glazed_terracotta":1,"minecraft:diamond_axe":6,"minecraft:deepslate_redstone_ore":1,"minecraft:birch_sign":1,"minecraft:warped_roots":3,"minecraft:baked_potato":3,"minecraft:warped_nylium":13,"minecraft:crimson_nylium":1,"minecraft:hopper":11,"minecraft:ender_pearl":5,"minecraft:shulker_shell":892,"minecraft:chiseled_deepslate":335,"minecraft:wheat":62,"minecraft:redstone_block":18,"minecraft:ender_chest":6,"minecraft:nether_brick_fence":13,"minecraft:light_gray_shulker_box":4,"minecraft:crimson_planks":368,"minecraft:raw_copper":6619,"minecraft:sticky_piston":160,"minecraft:armor_stand":6,"minecraft:iron_leggings":1,"minecraft:activator_rail":14,"minecraft:deepslate_tiles":3,"minecraft:smooth_stone":1,"minecraft:comparator":2,"minecraft:bucket":6,"minecraft:redstone_torch":21,"minecraft:cobblestone_slab":388,"minecraft:calcite":10,"minecraft:smooth_quartz":5,"minecraft:deepslate_iron_ore":2,"minecraft:iron_boots":1,"minecraft:stick":418,"minecraft:birch_trapdoor":1,"minecraft:torch":83,"minecraft:spruce_stairs":52,"minecraft:porkchop":4,"minecraft:netherite_shovel":1,"minecraft:dead_brain_coral_fan":1,"minecraft:pointed_dripstone":51,"minecraft:diorite":1417,"minecraft:quartz_block":10,"minecraft:nether_gold_ore":9,"minecraft:cactus":3,"minecraft:rotten_flesh":245,"minecraft:obsidian":555,"minecraft:cobblestone":6949,"minecraft:repeater":62,"minecraft:magma_cream":20,"minecraft:andesite":1366,"minecraft:golden_leggings":1,"minecraft:chiseled_quartz_block":2,"minecraft:beacon":64,"minecraft:tuff":197,"minecraft:lapis_lazuli":133,"minecraft:dirt":1850,"minecraft:glass":233,"minecraft:bone":101,"minecraft:bow":5,"minecraft:wheat_seeds":190,"minecraft:raw_gold":13,"minecraft:grindstone":1,"minecraft:netherite_axe":3,"minecraft:bamboo":5,"minecraft:powered_rail":69,"minecraft:oak_planks":459,"minecraft:ghast_tear":2,"minecraft:cooked_porkchop":141,"minecraft:sand":284,"minecraft:jungle_planks":1,"minecraft:grass_block":9,"minecraft:diamond_block":19,"minecraft:shulker_box":10,"minecraft:mossy_cobblestone":4,"minecraft:spruce_fence_gate":14,"minecraft:sugar":3,"minecraft:spruce_boat":5,"minecraft:slime_block":470,"minecraft:diamond":147,"minecraft:netherite_helmet":3,"minecraft:golden_apple":2,"minecraft:white_concrete":1001,"minecraft:spruce_sign":11,"minecraft:emerald":8,"minecraft:oak_sapling":30,"minecraft:netherrack":15417,"minecraft:nether_star":1,"minecraft:oak_leaves":1756,"minecraft:chicken":14,"minecraft:ladder":75,"minecraft:packed_ice":7805,"minecraft:brown_mushroom":2,"minecraft:gold_block":9,"minecraft:oak_trapdoor":5,"minecraft:moss_carpet":854,"minecraft:stone_stairs":5,"minecraft:quartz_slab":47,"minecraft:blackstone":180,"minecraft:detector_rail":2,"minecraft:oak_boat":18,"minecraft:player_head":15,"minecraft:observer":178,"minecraft:light_gray_wool":1,"minecraft:sugar_cane":2,"minecraft:spruce_trapdoor":13,"minecraft:phantom_membrane":45,"minecraft:raw_iron":851,"minecraft:copper_ingot":11,"minecraft:brown_glazed_terracotta":35,"minecraft:quartz_pillar":13,"minecraft:stone_button":91,"minecraft:trident":3,"minecraft:weeping_vines":9,"minecraft:arrow":77,"minecraft:red_shulker_box":1,"minecraft:nether_bricks":3083,"minecraft:netherite_boots":3,"minecraft:basalt":302,"minecraft:golden_carrot":212,"minecraft:glow_ink_sac":16,"minecraft:crimson_stem":87,"minecraft:birch_planks":288,"minecraft:yellow_glazed_terracotta":1,"minecraft:cobblestone_wall":25,"minecraft:nether_wart_block":28,"minecraft:gunpowder":57,"minecraft:cobblestone_stairs":1,"minecraft:iron_ingot":32,"minecraft:soul_sand":100,"minecraft:oak_slab":9,"minecraft:scaffolding":83,"minecraft:warped_fungus":4,"minecraft:nether_quartz_ore":5,"minecraft:birch_boat":4,"minecraft:pumpkin":11,"minecraft:stone_brick_slab":1,"minecraft:quartz":822,"minecraft:dripstone_block":77,"minecraft:amethyst_shard":312,"minecraft:white_bed":5,"minecraft:nether_brick_slab":1,"minecraft:gold_ore":6,"minecraft:spider_eye":30,"minecraft:spruce_door":1,"minecraft:music_disc_mall":1,"minecraft:white_concrete_powder":7460,"minecraft:honey_block":424,"minecraft:netherite_hoe":1,"minecraft:black_wool":5,"minecraft:coal":309},"minecraft:crafted":{"minecraft:ender_chest":2,"minecraft:smooth_stone":9,"minecraft:orange_carpet":3,"minecraft:melon":8,"minecraft:blaze_powder":2,"minecraft:birch_boat":1,"minecraft:chain":25,"minecraft:slime_block":116,"minecraft:lever":15,"minecraft:diamond_shovel":1,"minecraft:shulker_box":326,"minecraft:quartz_block":72,"minecraft:glass":3792,"minecraft:diamond_helmet":3,"minecraft:repeater":31,"minecraft:diamond_leggings":2,"minecraft:cyan_stained_glass_pane":240,"minecraft:netherite_boots":2,"minecraft:stone_pressure_plate":1,"minecraft:redstone_lamp":4,"minecraft:target":1,"minecraft:wooden_shovel":4,"minecraft:emerald":1615,"minecraft:smooth_quartz":36,"minecraft:cooked_porkchop":5,"minecraft:diamond_axe":3,"minecraft:spruce_door":3,"minecraft:smithing_table":1,"minecraft:copper_ingot":2225,"minecraft:sticky_piston":85,"minecraft:hay_block":3,"minecraft:stone_slab":1272,"minecraft:iron_pickaxe":3,"minecraft:iron_block":211,"minecraft:gold_ingot":99,"minecraft:netherite_ingot":18,"minecraft:golden_carrot":195,"minecraft:smooth_stone_slab":12,"minecraft:iron_nugget":81,"minecraft:crimson_trapdoor":42,"minecraft:experience_bottle":24,"minecraft:diamond_hoe":1,"minecraft:crimson_fence_gate":4,"minecraft:bone_meal":273,"minecraft:cyan_stained_glass":2120,"minecraft:spruce_fence":27,"minecraft:orange_wool":3,"minecraft:stone_stairs":32,"minecraft:lantern":3,"minecraft:diamond":9,"minecraft:netherite_axe":1,"minecraft:detector_rail":6,"minecraft:yellow_glazed_terracotta":36,"minecraft:ladder":180,"minecraft:spruce_slab":6,"minecraft:ender_pearl":2,"minecraft:stone_pickaxe":1,"minecraft:diamond_boots":2,"minecraft:redstone_block":14,"minecraft:wheat":18,"minecraft:cyan_glazed_terracotta":12,"minecraft:netherite_pickaxe":2,"minecraft:enchanted_book":1,"minecraft:orange_dye":3,"minecraft:oak_fence_gate":59,"minecraft:black_glazed_terracotta":36,"minecraft:birch_trapdoor":10,"minecraft:crimson_fence":3,"minecraft:iron_leggings":5,"minecraft:armor_stand":9,"minecraft:white_bed":16,"minecraft:note_block":3,"minecraft:light_gray_glazed_terracotta":24,"minecraft:nether_brick_stairs":208,"minecraft:brick":32,"minecraft:oak_planks":1644,"minecraft:cobblestone_slab":3366,"minecraft:barrel":1,"minecraft:purple_glazed_terracotta":12,"minecraft:lightning_rod":1558,"minecraft:stone":3,"minecraft:green_dye":155,"minecraft:warped_planks":416,"minecraft:hopper":70,"minecraft:bow":4,"minecraft:iron_boots":5,"minecraft:raw_copper":288,"minecraft:comparator":4,"minecraft:chest":489,"minecraft:netherite_helmet":2,"minecraft:rail":32,"minecraft:ender_eye":2,"minecraft:dropper":4,"minecraft:oak_slab":12,"minecraft:cauldron":1,"minecraft:crafting_table":12,"minecraft:spruce_planks":5592,"minecraft:wooden_pickaxe":1,"minecraft:iron_helmet":4,"minecraft:gold_block":2,"minecraft:birch_planks":388,"minecraft:brown_glazed_terracotta":60,"minecraft:dispenser":3,"minecraft:green_glazed_terracotta":24,"minecraft:tnt":1,"minecraft:spruce_trapdoor":8,"minecraft:iron_chestplate":4,"minecraft:diamond_pickaxe":5,"minecraft:emerald_block":122,"minecraft:purple_dye":2,"minecraft:shield":1,"minecraft:netherite_block":1,"minecraft:stick":1008,"minecraft:warped_slab":318,"minecraft:netherite_hoe":1,"minecraft:iron_ingot":957,"minecraft:redstone_torch":141,"minecraft:shears":10,"minecraft:orange_glazed_terracotta":84,"minecraft:gray_glazed_terracotta":24,"minecraft:redstone":495,"minecraft:coal":99,"minecraft:netherite_sword":2,"minecraft:popped_chorus_fruit":1,"minecraft:furnace":10,"minecraft:stone_button":1742,"minecraft:piston":63,"minecraft:jungle_trapdoor":2,"minecraft:flint_and_steel":3,"minecraft:scaffolding":252,"minecraft:netherite_chestplate":2,"minecraft:blue_ice":856,"minecraft:netherite_leggings":2,"minecraft:iron_hoe":1,"minecraft:slime_ball":90,"minecraft:cobblestone_wall":216,"minecraft:warped_button":93,"minecraft:honey_block":1,"minecraft:netherite_scrap":69,"minecraft:birch_sign":21,"minecraft:blue_glazed_terracotta":48,"minecraft:observer":32,"minecraft:minecart":15,"minecraft:red_dye":1,"minecraft:crimson_planks":332,"minecraft:diamond_sword":3,"minecraft:cyan_dye":248,"minecraft:purple_stained_glass":16,"minecraft:iron_trapdoor":3,"minecraft:activator_rail":6,"minecraft:iron_sword":3,"minecraft:bucket":15,"minecraft:bread":43,"minecraft:air":0,"minecraft:blue_dye":125,"minecraft:oak_boat":3,"minecraft:white_wool":5,"minecraft:anvil":3,"minecraft:torch":12,"minecraft:lapis_lazuli":108,"minecraft:diamond_chestplate":2,"minecraft:firework_rocket":21},"minecraft:mined":{"minecraft:red_shulker_box":1,"minecraft:obsidian":179,"minecraft:granite":1119,"minecraft:crimson_trapdoor":22,"minecraft:hopper":7,"minecraft:weeping_vines_plant":5,"minecraft:tall_seagrass":3,"minecraft:magma_block":4778,"minecraft:fire":263,"minecraft:sticky_piston":163,"minecraft:cobbled_deepslate":250,"minecraft:pumpkin":7,"minecraft:moss_carpet":882,"minecraft:deepslate_lapis_ore":3,"minecraft:dirt_path":3,"minecraft:quartz_slab":27,"minecraft:small_amethyst_bud":1,"minecraft:iron_block":2,"minecraft:tripwire":1,"minecraft:jungle_trapdoor":1,"minecraft:brown_mushroom":1,"minecraft:kelp_plant":15,"minecraft:amethyst_cluster":41,"minecraft:crimson_nylium":31,"minecraft:soul_fire":7,"minecraft:powder_snow":8,"minecraft:torch":1,"minecraft:nether_brick_slab":1,"minecraft:dead_brain_coral_fan":1,"minecraft:spruce_wall_sign":4,"minecraft:glass":182,"minecraft:sugar_cane":1,"minecraft:amethyst_block":14,"minecraft:white_terracotta":6,"minecraft:repeater":14,"minecraft:wheat":64,"minecraft:warped_fungus":5,"minecraft:yellow_glazed_terracotta":2,"minecraft:grass":32,"minecraft:oak_fence_gate":33,"minecraft:birch_button":91,"minecraft:smooth_quartz":5,"minecraft:smooth_basalt":17,"minecraft:piston":64,"minecraft:deepslate":4190,"minecraft:infested_deepslate":2,"minecraft:purple_glazed_terracotta":1,"minecraft:deepslate_tiles":3,"minecraft:mossy_cobblestone":4,"minecraft:cyan_stained_glass":237,"minecraft:shulker_box":9,"minecraft:nether_bricks":3170,"minecraft:spruce_fence":12,"minecraft:jungle_planks":1,"minecraft:crimson_roots":2,"minecraft:redstone_wire":40,"minecraft:kelp":5,"minecraft:moss_block":79,"minecraft:red_mushroom":2,"minecraft:white_concrete_powder":2,"minecraft:redstone_ore":8,"minecraft:andesite":2133,"minecraft:diamond_block":1,"minecraft:cobblestone_slab":382,"minecraft:rail":38,"minecraft:warped_stem":127,"minecraft:bone_block":14,"minecraft:ender_chest":7,"minecraft:oak_slab":9,"minecraft:redstone_block":19,"minecraft:comparator":3,"minecraft:soul_sand":103,"minecraft:stone_brick_slab":1,"minecraft:observer":178,"minecraft:spruce_button":1,"minecraft:emerald_ore":1,"minecraft:dropper":9,"minecraft:warped_roots":2,"minecraft:copper_ore":1847,"minecraft:tall_grass":12,"minecraft:deepslate_gold_ore":11,"minecraft:diorite":1878,"minecraft:big_dripleaf":1,"minecraft:warped_wart_block":68,"minecraft:cobblestone_wall":25,"minecraft:spruce_log":1185,"minecraft:birch_leaves":66,"minecraft:quartz_pillar":13,"minecraft:dripstone_block":48,"minecraft:gravel":430,"minecraft:spruce_fence_gate":2,"minecraft:stone_bricks":13,"minecraft:gold_ore":14,"minecraft:infested_stone":4,"minecraft:fern":7,"minecraft:large_amethyst_bud":1,"minecraft:spruce_planks":207,"minecraft:spruce_trapdoor":11,"minecraft:grass_block":487,"minecraft:white_concrete":7340,"minecraft:smooth_stone":1,"minecraft:iron_ore":308,"minecraft:anvil":1,"minecraft:pointed_dripstone":16,"minecraft:iron_bars":4,"minecraft:birch_wall_sign":2,"minecraft:spruce_slab":1,"minecraft:netherite_block":12,"minecraft:deepslate_redstone_ore":16,"minecraft:quartz_block":10,"minecraft:blackstone":360,"minecraft:twisting_vines_plant":1,"minecraft:medium_amethyst_bud":1,"minecraft:chiseled_quartz_block":2,"minecraft:clay":14,"minecraft:calcite":23,"minecraft:poppy":1,"minecraft:chest":36,"minecraft:nether_quartz_ore":657,"minecraft:cobblestone":1462,"minecraft:slime_block":347,"minecraft:oak_planks":267,"minecraft:iron_door":1,"minecraft:wall_torch":1,"minecraft:deepslate_copper_ore":6,"minecraft:seagrass":4,"minecraft:stone_stairs":3,"minecraft:warped_nylium":31,"minecraft:light_gray_glazed_terracotta":1,"minecraft:powered_rail":48,"minecraft:warped_planks":17,"minecraft:nether_wart_block":29,"minecraft:birch_trapdoor":1,"minecraft:birch_log":81,"minecraft:blue_ice":463,"minecraft:tnt":1,"minecraft:oak_log":184,"minecraft:green_glazed_terracotta":2,"minecraft:sand":298,"minecraft:dirt":1041,"minecraft:crimson_planks":344,"minecraft:ancient_debris":69,"minecraft:raw_copper_block":1,"minecraft:dispenser":1,"minecraft:netherrack":27316,"minecraft:oak_leaves":1945,"minecraft:redstone_lamp":20,"minecraft:emerald_block":1,"minecraft:nether_gold_ore":177,"minecraft:diamond_ore":12,"minecraft:crying_obsidian":9,"minecraft:tuff":338,"minecraft:deepslate_diamond_ore":77,"minecraft:lever":12,"minecraft:ladder":1,"minecraft:stone_button":40,"minecraft:weeping_vines":1,"minecraft:spruce_leaves":405,"minecraft:crimson_stem":87,"minecraft:large_fern":10,"minecraft:oak_trapdoor":1,"minecraft:polished_basalt":7,"minecraft:light_gray_shulker_box":4,"minecraft:chiseled_deepslate":346,"minecraft:detector_rail":1,"minecraft:peony":2,"minecraft:gold_block":12,"minecraft:nether_brick_fence":18,"minecraft:deepslate_iron_ore":118,"minecraft:packed_ice":10932,"minecraft:blue_glazed_terracotta":3,"minecraft:stone":36156,"minecraft:redstone_wall_torch":6,"minecraft:podzol":2,"minecraft:scaffolding":1,"minecraft:basalt":305,"minecraft:crafting_table":13,"minecraft:cyan_stained_glass_pane":19,"minecraft:honey_block":296,"minecraft:blackstone_slab":1,"minecraft:stone_slab":184,"minecraft:lapis_ore":12,"minecraft:spruce_stairs":52,"minecraft:birch_planks":248,"minecraft:redstone_torch":11,"minecraft:sweet_berry_bush":98,"minecraft:coal_ore":436,"minecraft:cracked_stone_bricks":3,"minecraft:mossy_stone_bricks":3,"minecraft:warped_slab":7},"minecraft:broken":{"minecraft:wooden_shovel":3,"minecraft:shears":8,"minecraft:diamond_pickaxe":3,"minecraft:wooden_pickaxe":1,"minecraft:iron_pickaxe":2,"minecraft:stone_pickaxe":1},"minecraft:dropped":{"minecraft:iron_sword":1,"minecraft:lapis_lazuli":107,"minecraft:glass_bottle":9,"minecraft:diamond":19,"minecraft:crafting_table":2,"minecraft:weeping_vines":5,"minecraft:warped_roots":3,"minecraft:rail":20,"minecraft:emerald":1,"minecraft:gold_block":5,"minecraft:melon":1,"minecraft:dirt":1457,"minecraft:gray_concrete":2,"minecraft:stone_button":132,"minecraft:netherite_boots":2,"minecraft:writable_book":2,"minecraft:gold_nugget":699,"minecraft:bone_block":18,"minecraft:bone_meal":150,"minecraft:sand":5,"minecraft:phantom_membrane":4,"minecraft:iron_pickaxe":1,"minecraft:bone":73,"minecraft:emerald_block":48,"minecraft:diamond_block":6,"minecraft:sugar_cane":2,"minecraft:lever":2,"minecraft:detector_rail":1,"minecraft:cobbled_deepslate":318,"minecraft:wheat":39,"minecraft:netherite_sword":1,"minecraft:birch_sapling":3,"minecraft:obsidian":255,"minecraft:rotten_flesh":197,"minecraft:oak_planks":2,"minecraft:nether_brick_fence":2,"minecraft:warped_planks":65,"minecraft:coal_ore":104,"minecraft:honey_block":102,"minecraft:hopper":54,"minecraft:warped_wart_block":72,"minecraft:ghast_tear":1,"minecraft:enchanted_book":8,"minecraft:egg":16,"minecraft:iron_ingot":7,"minecraft:netherite_pickaxe":2,"minecraft:birch_leaves":7,"minecraft:cyan_stained_glass":328,"minecraft:wheat_seeds":71,"minecraft:deepslate_redstone_ore":1,"minecraft:tnt":1,"minecraft:dripstone_block":75,"minecraft:netherite_helmet":2,"minecraft:netherite_chestplate":3,"minecraft:iron_helmet":2,"minecraft:cobblestone":3188,"minecraft:apple":1,"minecraft:crimson_fence_gate":2,"minecraft:granite":703,"minecraft:coal":200,"minecraft:golden_carrot":3,"minecraft:lapis_ore":5,"minecraft:diamond_helmet":1,"minecraft:pumpkin":7,"minecraft:iron_shovel":2,"minecraft:string":33,"minecraft:spruce_sapling":47,"minecraft:moss_carpet":1,"minecraft:player_head":8,"minecraft:cobblestone_wall":59,"minecraft:smooth_stone_slab":3,"minecraft:deepslate":792,"minecraft:sticky_piston":33,"minecraft:diamond_hoe":2,"minecraft:chicken":13,"minecraft:stone_slab":374,"minecraft:iron_boots":1,"minecraft:slime_block":96,"minecraft:white_terracotta":7,"minecraft:nether_bricks":158,"minecraft:diamond_sword":3,"minecraft:cobblestone_slab":56,"minecraft:stone":6632,"minecraft:peony":1,"minecraft:spruce_planks":1,"minecraft:diamond_pickaxe":7,"minecraft:redstone_torch":16,"minecraft:stone_bricks":2,"minecraft:bamboo":5,"minecraft:spider_eye":27,"minecraft:bow":3,"minecraft:magma_block":114,"minecraft:quartz_slab":2,"minecraft:spruce_sign":1,"minecraft:gold_ore":6,"minecraft:crimson_nylium":1,"minecraft:warped_stem":1,"minecraft:brown_mushroom":2,"minecraft:birch_planks":47,"minecraft:diamond_axe":1,"minecraft:warped_fungus":1,"minecraft:oak_log":10,"minecraft:baked_potato":2,"minecraft:nether_star":1,"minecraft:jungle_planks":25,"minecraft:flint":49,"minecraft:spruce_leaves":5,"minecraft:crimson_trapdoor":15,"minecraft:packed_ice":2,"minecraft:mutton":2,"minecraft:crimson_roots":1,"minecraft:gold_ingot":4,"minecraft:armor_stand":5,"minecraft:gravel":288,"minecraft:blackstone":152,"minecraft:twisting_vines":2,"minecraft:music_disc_otherside":1,"minecraft:pointed_dripstone":51,"minecraft:diamond_shovel":1,"minecraft:carrot":1,"minecraft:shulker_shell":56,"minecraft:trident":2,"minecraft:gunpowder":50,"minecraft:chest":43,"minecraft:arrow":46,"minecraft:basalt":92,"minecraft:powered_rail":16,"minecraft:iron_ore":15,"minecraft:quartz":583,"minecraft:scaffolding":135,"minecraft:oak_leaves":177,"minecraft:netherrack":10111,"minecraft:firework_rocket":1,"minecraft:water_bucket":1,"minecraft:bread":5,"minecraft:golden_helmet":1,"minecraft:deepslate_iron_ore":1,"minecraft:mossy_cobblestone":4,"minecraft:minecart":1,"minecraft:netherite_axe":2,"minecraft:observer":65,"minecraft:amethyst_block":1,"minecraft:activator_rail":10,"minecraft:grass_block":5,"minecraft:stick":62,"minecraft:iron_block":36,"minecraft:diorite":819,"minecraft:nether_gold_ore":1,"minecraft:torch":1,"minecraft:repeater":16,"minecraft:nether_wart_block":8,"minecraft:white_concrete":719,"minecraft:iron_leggings":1,"minecraft:cactus":3,"minecraft:bucket":6,"minecraft:redstone_block":5,"minecraft:redstone":65,"minecraft:nether_brick_slab":1,"minecraft:sweet_berries":33,"minecraft:kelp":28,"minecraft:warped_nylium":5,"minecraft:oak_trapdoor":1,"minecraft:blaze_rod":34,"minecraft:raw_copper":400,"minecraft:tuff":89,"minecraft:raw_iron":29,"minecraft:iron_hoe":1,"minecraft:comparator":17,"minecraft:cyan_stained_glass_pane":2,"minecraft:flint_and_steel":3,"minecraft:netherite_leggings":2,"minecraft:copper_ore":171,"minecraft:diamond_chestplate":1,"minecraft:iron_chestplate":1,"minecraft:andesite":680,"minecraft:oak_boat":2,"minecraft:oak_sapling":4,"minecraft:golden_sword":48,"minecraft:birch_sign":5,"minecraft:gray_concrete_powder":1,"minecraft:slime_ball":2,"minecraft:spruce_log":48,"minecraft:beacon":64,"minecraft:raw_gold":7,"minecraft:nether_quartz_ore":5,"minecraft:magma_cream":3,"minecraft:calcite":1},"minecraft:killed":{"minecraft:shulker":17,"minecraft:skeleton":65,"minecraft:chicken":1,"minecraft:magma_cube":59,"minecraft:iron_golem":4,"minecraft:zombie":108,"minecraft:glow_squid":3,"minecraft:enderman":4,"minecraft:zombified_piglin":4095,"minecraft:witch":1,"minecraft:spider":31,"minecraft:silverfish":11,"minecraft:piglin":8,"minecraft:zombie_villager":1,"minecraft:creeper":33,"minecraft:sheep":1,"minecraft:ghast":6,"minecraft:blaze":41,"minecraft:slime":128,"minecraft:phantom":22,"minecraft:drowned":2,"minecraft:bat":2,"minecraft:hoglin":2,"minecraft:wither_skeleton":8},"minecraft:used":{"minecraft:writable_book":4,"minecraft:chiseled_deepslate":448,"minecraft:dispenser":3,"minecraft:spruce_slab":3,"minecraft:ladder":137,"minecraft:chest":112,"minecraft:stone":2547,"minecraft:soul_sand":224,"minecraft:spruce_boat":6,"minecraft:packed_ice":511,"minecraft:honey_block":406,"minecraft:lava_bucket":1,"minecraft:quartz_pillar":13,"minecraft:grass_block":4,"minecraft:quartz_block":79,"minecraft:copper_ore":810,"minecraft:netherite_hoe":110,"minecraft:bow":101,"minecraft:sweet_berries":142,"minecraft:furnace":10,"minecraft:yellow_glazed_terracotta":14,"minecraft:oak_sapling":2,"minecraft:dead_brain_coral_fan":1,"minecraft:diorite":275,"minecraft:spruce_door":3,"minecraft:blackstone":7,"minecraft:powered_rail":95,"minecraft:cactus":2,"minecraft:wooden_pickaxe":59,"minecraft:black_glazed_terracotta":12,"minecraft:oak_leaves":150,"minecraft:golden_apple":2,"minecraft:sand":3,"minecraft:blue_ice":3406,"minecraft:chiseled_quartz_block":2,"minecraft:crimson_fence_gate":2,"minecraft:deepslate_tiles":3,"minecraft:crying_obsidian":3,"minecraft:deepslate_iron_ore":6,"minecraft:stone_button":558,"minecraft:nether_wart_block":18,"minecraft:diamond_sword":329,"minecraft:smithing_table":1,"minecraft:oak_boat":16,"minecraft:oak_trapdoor":4,"minecraft:brain_coral_fan":1,"minecraft:armor_stand":10,"minecraft:netherrack":2757,"minecraft:green_glazed_terracotta":14,"minecraft:light_gray_shulker_box":4,"minecraft:torch":17,"minecraft:warped_wart_block":1,"minecraft:anvil":4,"minecraft:target":1,"minecraft:nether_quartz_ore":9,"minecraft:stone_stairs":13,"minecraft:light_gray_glazed_terracotta":1,"minecraft:jungle_trapdoor":3,"minecraft:nether_brick_stairs":18,"minecraft:oak_fence_gate":84,"minecraft:red_shulker_box":1,"minecraft:iron_block":165,"minecraft:slime_block":616,"minecraft:spruce_button":2,"minecraft:smooth_quartz":5,"minecraft:barrel":1,"minecraft:basalt":210,"minecraft:iron_trapdoor":3,"minecraft:cobbled_deepslate":1760,"minecraft:observer":289,"minecraft:crimson_stem":4,"minecraft:calcite":9,"minecraft:wheat_seeds":98,"minecraft:water_bucket":153,"minecraft:birch_planks":288,"minecraft:cauldron":1,"minecraft:spruce_fence_gate":2,"minecraft:gold_ore":2,"minecraft:cracked_stone_bricks":1,"minecraft:mossy_cobblestone":39,"minecraft:diamond_block":9,"minecraft:orange_carpet":3,"minecraft:rail":56,"minecraft:comparator":41,"minecraft:cyan_glazed_terracotta":11,"minecraft:tnt":2,"minecraft:oak_slab":9,"minecraft:crafting_table":19,"minecraft:crimson_trapdoor":81,"minecraft:birch_sign":17,"minecraft:spruce_log":21,"minecraft:oak_log":14,"minecraft:diamond_pickaxe":61405,"minecraft:diamond_shovel":983,"minecraft:iron_pickaxe":708,"minecraft:spruce_trapdoor":10,"minecraft:cobblestone":2234,"minecraft:purple_bed":3,"minecraft:porkchop":4,"minecraft:cooked_porkchop":174,"minecraft:kelp":155,"minecraft:moss_carpet":1687,"minecraft:bone_block":5,"minecraft:diamond_hoe":22,"minecraft:polished_basalt":7,"minecraft:white_concrete_powder":7220,"minecraft:shield":19,"minecraft:iron_sword":19,"minecraft:spruce_leaves":126,"minecraft:orange_glazed_terracotta":12,"minecraft:jungle_planks":1,"minecraft:nether_bricks":516,"minecraft:tuff":232,"minecraft:milk_bucket":2,"minecraft:obsidian":2354,"minecraft:glass":989,"minecraft:coal_ore":22,"minecraft:lantern":8,"minecraft:quartz_slab":399,"minecraft:warped_nylium":1,"minecraft:stone_bricks":4,"minecraft:birch_trapdoor":10,"minecraft:repeater":81,"minecraft:redstone_lamp":21,"minecraft:magma_block":2290,"minecraft:warped_fungus":3,"minecraft:scaffolding":199,"minecraft:gold_block":4,"minecraft:dropper":12,"minecraft:stone_pickaxe":138,"minecraft:oak_planks":438,"minecraft:ender_pearl":7,"minecraft:redstone_block":53,"minecraft:diamond_axe":890,"minecraft:note_block":3,"minecraft:dripstone_block":2,"minecraft:shears":1904,"minecraft:redstone_torch":66,"minecraft:sticky_piston":270,"minecraft:blue_glazed_terracotta":50,"minecraft:lever":30,"minecraft:firework_rocket":547,"minecraft:string":1,"minecraft:music_disc_mall":1,"minecraft:bread":101,"minecraft:warped_slab":219,"minecraft:iron_door":1,"minecraft:deepslate":1218,"minecraft:gravel":208,"minecraft:blackstone_slab":1,"minecraft:andesite":369,"minecraft:chain":2,"minecraft:white_concrete":5521,"minecraft:warped_button":67,"minecraft:experience_bottle":24,"minecraft:trident":10,"minecraft:netherite_sword":3102,"minecraft:crimson_fence":3,"minecraft:music_disc_otherside":4,"minecraft:flint_and_steel":23,"minecraft:redstone":341,"minecraft:spruce_planks":2360,"minecraft:ender_chest":8,"minecraft:deepslate_gold_ore":4,"minecraft:wooden_shovel":177,"minecraft:cooked_chicken":14,"minecraft:dirt":581,"minecraft:hopper":92,"minecraft:spruce_stairs":108,"minecraft:cobblestone_wall":127,"minecraft:shulker_box":22,"minecraft:granite":136,"minecraft:spruce_fence":14,"minecraft:iron_hoe":34,"minecraft:stone_brick_slab":1,"minecraft:crimson_planks":450,"minecraft:golden_carrot":387,"minecraft:minecart":16,"minecraft:netherite_pickaxe":47806,"minecraft:pumpkin":2,"minecraft:cooked_mutton":37,"minecraft:iron_ore":64,"minecraft:birch_boat":4,"minecraft:purple_glazed_terracotta":7,"minecraft:spruce_sign":11,"minecraft:beacon":1,"minecraft:cobblestone_slab":3573,"minecraft:brown_glazed_terracotta":13,"minecraft:warped_planks":61,"minecraft:cyan_stained_glass":1766,"minecraft:netherite_block":17,"minecraft:piston":142,"minecraft:apple":8,"minecraft:activator_rail":5,"minecraft:chicken":1,"minecraft:netherite_axe":2593,"minecraft:detector_rail":3,"minecraft:stone_slab":1033,"minecraft:cyan_stained_glass_pane":744,"minecraft:bucket":156,"minecraft:smooth_stone":2}},"DataVersion":2975}