{"stats":{"minecraft:killed_by":{"minecraft:creeper":3,"minecraft:player":1,"minecraft:skeleton":1},"minecraft:dropped":{"minecraft:porkchop":28,"minecraft:lapis_lazuli":3,"minecraft:oak_pressure_plate":6,"minecraft:cooked_beef":8,"minecraft:glow_ink_sac":12,"minecraft:glass_bottle":1,"minecraft:diamond":1,"minecraft:crafting_table":7,"minecraft:warped_roots":3,"minecraft:saddle":1,"minecraft:item_frame":1,"minecraft:emerald":2,"minecraft:dirt":1041,"minecraft:stone_button":5,"minecraft:writable_book":3,"minecraft:sunflower":2,"minecraft:gold_nugget":10,"minecraft:wooden_sword":2,"minecraft:phantom_membrane":10,"minecraft:bone_meal":16,"minecraft:iron_pickaxe":3,"minecraft:white_wool":3,"minecraft:fishing_rod":2,"minecraft:bone":47,"minecraft:oak_door":8,"minecraft:stone_axe":1,"minecraft:sugar_cane":2,"minecraft:lever":3,"minecraft:iron_nugget":39,"minecraft:cooked_chicken":1,"minecraft:golden_chestplate":4,"minecraft:cobbled_deepslate":325,"minecraft:pink_dye":1,"minecraft:wheat":23,"minecraft:obsidian":28,"minecraft:rotten_flesh":271,"minecraft:oak_planks":98,"minecraft:nether_brick_fence":2,"minecraft:azure_bluet":64,"minecraft:coal_ore":1,"minecraft:hopper":1,"minecraft:leather_boots":5,"minecraft:glass":39,"minecraft:beef":112,"minecraft:stone_brick_stairs":7,"minecraft:egg":131,"minecraft:enchanted_book":1,"minecraft:iron_ingot":4,"minecraft:golden_boots":1,"minecraft:wheat_seeds":224,"minecraft:deepslate_brick_wall":14,"minecraft:feather":3,"minecraft:book":10,"minecraft:cobblestone":707,"minecraft:prismarine_crystals":6,"minecraft:apple":19,"minecraft:granite":11,"minecraft:spruce_door":3,"minecraft:chainmail_helmet":4,"minecraft:coal":17,"minecraft:coal_block":9,"minecraft:golden_apple":1,"minecraft:pufferfish":51,"minecraft:golden_carrot":3,"minecraft:ink_sac":28,"minecraft:rose_bush":43,"minecraft:potion":1,"minecraft:white_banner":2,"minecraft:iron_shovel":2,"minecraft:paper":2,"minecraft:string":75,"minecraft:lily_pad":15,"minecraft:spruce_sapling":3,"minecraft:snow_block":39,"minecraft:furnace":2,"minecraft:soul_soil":6,"minecraft:player_head":16,"minecraft:bowl":4,"minecraft:chicken":23,"minecraft:clay_ball":12,"minecraft:oak_sign":15,"minecraft:diamond_sword":4,"minecraft:hay_block":1,"minecraft:potato":8,"minecraft:cobblestone_slab":26,"minecraft:shroomlight":1,"minecraft:stone":206,"minecraft:spruce_planks":2,"minecraft:diamond_pickaxe":2,"minecraft:redstone_torch":9,"minecraft:stone_bricks":365,"minecraft:barrel":12,"minecraft:spider_eye":80,"minecraft:sandstone":20,"minecraft:bow":2,"minecraft:brown_mushroom":25,"minecraft:soul_sand":22,"minecraft:birch_planks":1,"minecraft:warped_fungus":28,"minecraft:oak_log":155,"minecraft:golden_pickaxe":1,"minecraft:lantern":4,"minecraft:leather":16,"minecraft:cobblestone_stairs":45,"minecraft:flint":42,"minecraft:cracked_polished_blackstone_bricks":5,"minecraft:cornflower":1,"minecraft:mutton":9,"minecraft:crimson_roots":1,"minecraft:snowball":769,"minecraft:jungle_sign":1,"minecraft:birch_log":1,"minecraft:gold_ingot":4,"minecraft:gravel":37,"minecraft:twisting_vines":6,"minecraft:diamond_shovel":2,"minecraft:poppy":2,"minecraft:gunpowder":47,"minecraft:spruce_pressure_plate":1,"minecraft:chest":3,"minecraft:chainmail_boots":2,"minecraft:iron_ore":4,"minecraft:basalt":30,"minecraft:iron_bars":12,"minecraft:arrow":49,"minecraft:quartz":8,"minecraft:written_book":2,"minecraft:netherrack":114,"minecraft:firework_rocket":24,"minecraft:stone_hoe":5,"minecraft:oak_slab":76,"minecraft:golden_helmet":1,"minecraft:mossy_cobblestone":2,"minecraft:bookshelf":3,"minecraft:poisonous_potato":16,"minecraft:lead":1,"minecraft:copper_ingot":36,"minecraft:tropical_fish":1,"minecraft:grass_block":3,"minecraft:stick":352,"minecraft:blue_dye":4,"minecraft:diorite":32,"minecraft:torch":30,"minecraft:iron_door":4,"minecraft:iron_axe":2,"minecraft:tripwire_hook":3,"minecraft:bucket":6,"minecraft:dandelion":42,"minecraft:sweet_berries":14,"minecraft:kelp":42,"minecraft:oak_trapdoor":4,"minecraft:tuff":64,"minecraft:raw_iron":11,"minecraft:light_gray_wool":1,"minecraft:smoker":1,"minecraft:deepslate_bricks":6,"minecraft:filled_map":1,"minecraft:shield":2,"minecraft:oak_button":1,"minecraft:andesite":73,"minecraft:golden_leggings":6,"minecraft:oak_boat":3,"minecraft:oak_sapling":14,"minecraft:birch_sign":10,"minecraft:spruce_log":4,"minecraft:stone_pickaxe":1,"minecraft:wooden_pickaxe":1,"minecraft:brick":4},"minecraft:crafted":{"minecraft:ender_chest":5,"minecraft:smooth_stone":68,"minecraft:oak_sign":129,"minecraft:orange_carpet":12,"minecraft:melon":1,"minecraft:blaze_powder":8,"minecraft:oak_pressure_plate":5,"minecraft:birch_boat":1,"minecraft:birch_slab":6,"minecraft:loom":1,"minecraft:lever":10,"minecraft:diamond_shovel":10,"minecraft:bookshelf":68,"minecraft:cooked_mutton":6,"minecraft:shulker_box":12,"minecraft:iron_bars":16,"minecraft:deepslate_brick_stairs":56,"minecraft:quartz_block":20,"minecraft:glass":93,"minecraft:diamond_helmet":4,"minecraft:repeater":4,"minecraft:diamond_leggings":3,"minecraft:iron_door":18,"minecraft:birch_door":3,"minecraft:white_shulker_box":2,"minecraft:flower_pot":3,"minecraft:glass_bottle":3,"minecraft:redstone_lamp":3,"minecraft:cooked_porkchop":26,"minecraft:diamond_axe":4,"minecraft:spruce_door":3,"minecraft:copper_ingot":26,"minecraft:sticky_piston":5,"minecraft:hay_block":381,"minecraft:stone_brick_stairs":80,"minecraft:lectern":2,"minecraft:stone_slab":12,"minecraft:iron_pickaxe":20,"minecraft:iron_block":94,"minecraft:gold_ingot":182,"minecraft:composter":1,"minecraft:iron_nugget":426,"minecraft:player_head":21,"minecraft:bone_meal":27,"minecraft:blue_shulker_box":2,"minecraft:pink_dye":6,"minecraft:white_carpet":12,"minecraft:lantern":47,"minecraft:diamond":126,"minecraft:deepslate_brick_wall":88,"minecraft:ladder":252,"minecraft:spruce_slab":6,"minecraft:red_shulker_box":1,"minecraft:stone_pickaxe":4,"minecraft:diamond_boots":4,"minecraft:quartz_slab":18,"minecraft:redstone_block":115,"minecraft:golden_helmet":2,"minecraft:wheat":1521,"minecraft:coal_block":25,"minecraft:enchanting_table":1,"minecraft:deepslate_brick_slab":570,"minecraft:glowstone":3,"minecraft:oak_fence_gate":7,"minecraft:warped_fungus_on_a_stick":3,"minecraft:oak_stairs":244,"minecraft:writable_book":265,"minecraft:iron_shovel":3,"minecraft:iron_leggings":2,"minecraft:white_bed":4,"minecraft:note_block":1,"minecraft:brick":56,"minecraft:grindstone":1,"minecraft:oak_planks":9450,"minecraft:cobblestone_slab":468,"minecraft:barrel":204,"minecraft:cooked_chicken":268,"minecraft:pink_shulker_box":1,"minecraft:stone":153,"minecraft:cobblestone_stairs":292,"minecraft:heavy_weighted_pressure_plate":1,"minecraft:spruce_pressure_plate":2,"minecraft:cake":42,"minecraft:hopper":12,"minecraft:stone_brick_slab":30,"minecraft:bow":5,"minecraft:iron_boots":2,"minecraft:written_book":9,"minecraft:comparator":3,"minecraft:chest":47,"minecraft:oak_button":2,"minecraft:birch_button":6,"minecraft:stone_hoe":11,"minecraft:ender_eye":5,"minecraft:stone_bricks":5508,"minecraft:oak_fence":114,"minecraft:raw_iron_block":39,"minecraft:smoker":4,"minecraft:white_banner":1,"minecraft:oak_slab":1086,"minecraft:item_frame":82,"minecraft:cauldron":1,"minecraft:crafting_table":52,"minecraft:spruce_planks":156,"minecraft:wooden_pickaxe":2,"minecraft:baked_potato":181,"minecraft:iron_helmet":2,"minecraft:red_wool":1,"minecraft:gold_block":18,"minecraft:birch_planks":385,"minecraft:dispenser":4,"minecraft:yellow_dye":1,"minecraft:iron_chestplate":2,"minecraft:book":528,"minecraft:paper":1572,"minecraft:diamond_pickaxe":6,"minecraft:charcoal":48,"minecraft:emerald_block":1,"minecraft:pink_wool":1,"minecraft:shield":2,"minecraft:birch_fence":18,"minecraft:stick":1804,"minecraft:light_blue_dye":2,"minecraft:iron_ingot":892,"minecraft:stone_sword":1,"minecraft:snow_block":3717,"minecraft:redstone_torch":43,"minecraft:deepslate_bricks":440,"minecraft:wooden_sword":1,"minecraft:oak_door":21,"minecraft:cobbled_deepslate_slab":12,"minecraft:redstone":117,"minecraft:raw_iron":351,"minecraft:coal":9,"minecraft:fishing_rod":3,"minecraft:furnace":12,"minecraft:stone_button":6,"minecraft:blast_furnace":1,"minecraft:piston":37,"minecraft:mushroom_stew":6,"minecraft:oak_trapdoor":10,"minecraft:diamond_block":22,"minecraft:glass_pane":80,"minecraft:flint_and_steel":5,"minecraft:yellow_shulker_box":1,"minecraft:polished_deepslate":444,"minecraft:iron_axe":4,"minecraft:iron_hoe":3,"minecraft:birch_sign":21,"minecraft:observer":32,"minecraft:magma_cream":1,"minecraft:cooked_beef":458,"minecraft:sugar":84,"minecraft:red_dye":6,"minecraft:cooked_cod":143,"minecraft:diamond_sword":4,"minecraft:spruce_sign":12,"minecraft:yellow_carpet":6,"minecraft:iron_sword":5,"minecraft:bowl":4,"minecraft:cooked_salmon":92,"minecraft:golden_shovel":4,"minecraft:bucket":12,"minecraft:stone_axe":2,"minecraft:bread":89,"minecraft:air":0,"minecraft:blue_dye":6,"minecraft:oak_boat":27,"minecraft:white_wool":16,"minecraft:gold_nugget":63,"minecraft:white_dye":6,"minecraft:blue_wool":1,"minecraft:stonecutter":1,"minecraft:anvil":3,"minecraft:torch":1652,"minecraft:lapis_lazuli":553,"minecraft:lapis_block":117,"minecraft:diamond_chestplate":2,"minecraft:firework_rocket":3},"minecraft:custom":{"minecraft:interact_with_crafting_table":791,"minecraft:open_barrel":4124,"minecraft:eat_cake_slice":10,"minecraft:leave_game":63,"minecraft:time_since_death":3256229,"minecraft:damage_blocked_by_shield":2350,"minecraft:play_time":5524080,"minecraft:deaths":6,"minecraft:jump":55981,"minecraft:enchant_item":35,"minecraft:interact_with_furnace":191,"minecraft:traded_with_villager":14,"minecraft:interact_with_cartography_table":2,"minecraft:sleep_in_bed":62,"minecraft:damage_dealt":179101,"minecraft:interact_with_smoker":197,"minecraft:inspect_dispenser":7,"minecraft:interact_with_smithing_table":2,"minecraft:inspect_dropper":7,"minecraft:interact_with_anvil":64,"minecraft:inspect_hopper":39,"minecraft:sneak_time":255163,"minecraft:interact_with_lectern":112,"minecraft:interact_with_blast_furnace":132,"minecraft:total_world_time":5524080,"minecraft:tune_noteblock":1,"minecraft:interact_with_stonecutter":10,"minecraft:time_since_rest":61874,"minecraft:swim_one_cm":1747993,"minecraft:fly_one_cm":6719923,"minecraft:open_chest":2063,"minecraft:fish_caught":815,"minecraft:fall_one_cm":808050,"minecraft:animals_bred":1200,"minecraft:open_shulker_box":428,"minecraft:sprint_one_cm":11823555,"minecraft:drop":812,"minecraft:play_noteblock":1,"minecraft:talked_to_villager":50,"minecraft:interact_with_brewingstand":33,"minecraft:walk_on_water_one_cm":1200633,"minecraft:interact_with_loom":17,"minecraft:open_enderchest":313,"minecraft:crouch_one_cm":1085496,"minecraft:mob_kills":2026,"minecraft:fill_cauldron":1,"minecraft:climb_one_cm":934215,"minecraft:walk_one_cm":21477678,"minecraft:strider_one_cm":3853997,"minecraft:walk_under_water_one_cm":1172894,"minecraft:boat_one_cm":7719467,"minecraft:pot_flower":3,"minecraft:interact_with_grindstone":39,"minecraft:damage_taken":21597,"minecraft:aviate_one_cm":24420589},"minecraft:picked_up":{"minecraft:seagrass":2,"minecraft:birch_door":1,"minecraft:iron_chestplate":4,"minecraft:chainmail_boots":2,"minecraft:suspicious_stew":1,"minecraft:anvil":6,"minecraft:lead":2,"minecraft:diamond_sword":7,"minecraft:oak_stairs":122,"minecraft:enchanted_book":21,"minecraft:brewing_stand":4,"minecraft:amethyst_block":51,"minecraft:string":259,"minecraft:soul_soil":9,"minecraft:cooked_salmon":6,"minecraft:pufferfish":176,"minecraft:shroomlight":1,"minecraft:gold_nugget":25,"minecraft:cobbled_deepslate":10621,"minecraft:spruce_planks":42,"minecraft:written_book":1,"minecraft:melon_slice":45,"minecraft:coal_block":19,"minecraft:golden_helmet":2,"minecraft:spruce_pressure_plate":1,"minecraft:composter":1,"minecraft:golden_chestplate":4,"minecraft:stone_sword":2,"minecraft:tropical_fish":20,"minecraft:blue_dye":2,"minecraft:iron_block":5,"minecraft:bookshelf":22,"minecraft:blaze_rod":7,"minecraft:iron_bars":2,"minecraft:snowball":15306,"minecraft:birch_log":107,"minecraft:magma_block":7,"minecraft:feather":721,"minecraft:cooked_beef":73,"minecraft:iron_door":6,"minecraft:water_bucket":2,"minecraft:smoker":4,"minecraft:flint":75,"minecraft:lantern":17,"minecraft:twisting_vines":12,"minecraft:stonecutter":1,"minecraft:glowstone_dust":57,"minecraft:moss_block":2,"minecraft:ink_sac":886,"minecraft:loom":1,"minecraft:barrel":89,"minecraft:iron_hoe":1,"minecraft:deepslate":15,"minecraft:lever":12,"minecraft:writable_book":3,"minecraft:granite":152,"minecraft:bread":2,"minecraft:chainmail_helmet":4,"minecraft:crimson_roots":1,"minecraft:diamond_pickaxe":6,"minecraft:crafting_table":67,"minecraft:nether_wart":251,"minecraft:clay_ball":68,"minecraft:redstone_lamp":1,"minecraft:golden_pickaxe":2,"minecraft:cornflower":2,"minecraft:flint_and_steel":2,"minecraft:white_carpet":1,"minecraft:iron_shovel":1,"minecraft:deepslate_diamond_ore":26,"minecraft:beef":2241,"minecraft:iron_nugget":126,"minecraft:poppy":18,"minecraft:chest":15,"minecraft:piston":10,"minecraft:egg":457,"minecraft:sandstone":20,"minecraft:stone":5963,"minecraft:oak_door":6,"minecraft:carrot":1,"minecraft:redstone":1654,"minecraft:prismarine_crystals":8,"minecraft:jungle_sign":2,"minecraft:cooked_cod":75,"minecraft:beetroot_seeds":2,"minecraft:peony":1,"minecraft:deepslate_bricks":549,"minecraft:hay_block":67,"minecraft:gold_ingot":1,"minecraft:white_shulker_box":42,"minecraft:mutton":24,"minecraft:emerald_ore":5,"minecraft:white_wool":13,"minecraft:bone_block":6,"minecraft:oxeye_daisy":1,"minecraft:stripped_oak_log":2,"minecraft:yellow_shulker_box":8,"minecraft:tripwire_hook":5,"minecraft:red_mushroom":14,"minecraft:filled_map":1,"minecraft:oak_log":3848,"minecraft:lily_pad":19,"minecraft:golden_boots":1,"minecraft:white_banner":7,"minecraft:apple":106,"minecraft:stone_bricks":731,"minecraft:kelp":72,"minecraft:spore_blossom":1,"minecraft:stone_pickaxe":2,"minecraft:oak_fence_gate":8,"minecraft:iron_ore":19,"minecraft:glass_bottle":2,"minecraft:iron_sword":6,"minecraft:sweet_berries":100,"minecraft:gravel":744,"minecraft:spruce_sapling":5,"minecraft:spruce_log":47,"minecraft:diamond_shovel":6,"minecraft:coal_ore":8,"minecraft:slime_ball":18,"minecraft:stone_axe":1,"minecraft:diamond_axe":1,"minecraft:birch_sign":24,"minecraft:warped_roots":3,"minecraft:oak_button":1,"minecraft:baked_potato":109,"minecraft:hopper":15,"minecraft:ender_pearl":20,"minecraft:wheat":4003,"minecraft:ender_chest":5,"minecraft:nether_brick_fence":2,"minecraft:potion":3,"minecraft:stone_brick_stairs":27,"minecraft:lapis_block":121,"minecraft:raw_copper":188,"minecraft:iron_leggings":5,"minecraft:pink_shulker_box":9,"minecraft:oak_sign":43,"minecraft:bucket":7,"minecraft:rose_bush":43,"minecraft:redstone_torch":24,"minecraft:cobblestone_slab":146,"minecraft:iron_pickaxe":8,"minecraft:iron_boots":4,"minecraft:furnace":10,"minecraft:blue_wool":4,"minecraft:stick":1067,"minecraft:deepslate_brick_wall":17,"minecraft:oak_fence":95,"minecraft:torch":948,"minecraft:porkchop":65,"minecraft:snow_block":942,"minecraft:diorite":211,"minecraft:quartz_block":4,"minecraft:cactus":9,"minecraft:rotten_flesh":710,"minecraft:deepslate_brick_stairs":13,"minecraft:obsidian":253,"minecraft:cod":664,"minecraft:cobblestone":8575,"minecraft:nautilus_shell":7,"minecraft:enchanting_table":1,"minecraft:leather_chestplate":2,"minecraft:repeater":2,"minecraft:warped_fungus_on_a_stick":1,"minecraft:andesite":285,"minecraft:orange_carpet":2,"minecraft:golden_leggings":11,"minecraft:potato":2900,"minecraft:tuff":1058,"minecraft:dirt":3780,"minecraft:lapis_lazuli":847,"minecraft:name_tag":22,"minecraft:leather_boots":8,"minecraft:glass":46,"minecraft:bone":151,"minecraft:bow":36,"minecraft:wheat_seeds":10816,"minecraft:raw_gold":185,"minecraft:deepslate_brick_slab":292,"minecraft:cobbled_deepslate_slab":5,"minecraft:grindstone":1,"minecraft:oak_planks":517,"minecraft:stone_hoe":1,"minecraft:sand":16913,"minecraft:poisonous_potato":25,"minecraft:oak_pressure_plate":5,"minecraft:grass_block":6,"minecraft:lily_of_the_valley":1,"minecraft:diamond_block":8,"minecraft:mossy_cobblestone":2,"minecraft:shulker_box":76,"minecraft:orange_wool":2,"minecraft:sugar":1,"minecraft:diamond":241,"minecraft:cracked_polished_blackstone_bricks":5,"minecraft:bone_meal":59,"minecraft:golden_apple":1,"minecraft:spruce_sign":7,"minecraft:emerald":48,"minecraft:oak_sapling":1034,"minecraft:netherrack":668,"minecraft:oak_leaves":6,"minecraft:fishing_rod":17,"minecraft:azure_bluet":192,"minecraft:chicken":435,"minecraft:ladder":5,"minecraft:packed_ice":30,"minecraft:brown_mushroom":105,"minecraft:wooden_pickaxe":1,"minecraft:pink_wool":2,"minecraft:gold_block":6,"minecraft:shield":6,"minecraft:oak_trapdoor":12,"minecraft:iron_axe":4,"minecraft:wooden_sword":2,"minecraft:item_frame":30,"minecraft:birch_fence":9,"minecraft:blackstone":29,"minecraft:oak_boat":92,"minecraft:player_head":51,"minecraft:observer":12,"minecraft:light_gray_wool":2,"minecraft:lectern":2,"minecraft:blue_shulker_box":53,"minecraft:sugar_cane":2391,"minecraft:phantom_membrane":55,"minecraft:raw_iron":1243,"minecraft:copper_ingot":37,"minecraft:bowl":6,"minecraft:note_block":2,"minecraft:stone_button":9,"minecraft:arrow":237,"minecraft:saddle":21,"minecraft:basalt":78,"minecraft:golden_carrot":3,"minecraft:glow_ink_sac":27,"minecraft:salmon":219,"minecraft:leather":2516,"minecraft:birch_planks":17,"minecraft:yellow_bed":2,"minecraft:gunpowder":157,"minecraft:cobblestone_stairs":37,"minecraft:deepslate_tile_slab":3,"minecraft:gray_carpet":2,"minecraft:iron_ingot":40,"minecraft:soul_sand":98,"minecraft:book":268,"minecraft:oak_slab":207,"minecraft:warped_fungus":46,"minecraft:emerald_block":2,"minecraft:birch_boat":10,"minecraft:stone_brick_slab":1,"minecraft:quartz":404,"minecraft:dandelion":43,"minecraft:lava_bucket":1,"minecraft:amethyst_shard":12,"minecraft:blast_furnace":5,"minecraft:white_bed":1,"minecraft:spider_eye":156,"minecraft:spruce_door":12,"minecraft:iron_helmet":3,"minecraft:damaged_anvil":2,"minecraft:coal":1326,"minecraft:sunflower":2},"minecraft:mined":{"minecraft:white_bed":1,"minecraft:obsidian":237,"minecraft:granite":154,"minecraft:oak_pressure_plate":2,"minecraft:deepslate_bricks":290,"minecraft:blue_wool":4,"minecraft:oxeye_daisy":1,"minecraft:hopper":14,"minecraft:oak_wall_sign":14,"minecraft:nether_wart":93,"minecraft:chiseled_stone_bricks":1,"minecraft:polished_blackstone_bricks":2,"minecraft:tall_seagrass":7,"minecraft:magma_block":18,"minecraft:cobbled_deepslate":68,"minecraft:barrel":87,"minecraft:fire":8,"minecraft:deepslate_lapis_ore":41,"minecraft:enchanting_table":1,"minecraft:oak_sign":3,"minecraft:dirt_path":37,"minecraft:oak_stairs":125,"minecraft:small_amethyst_bud":1,"minecraft:spruce_pressure_plate":1,"minecraft:deepslate_brick_stairs":8,"minecraft:white_shulker_box":42,"minecraft:iron_block":5,"minecraft:player_head":1,"minecraft:tripwire":5,"minecraft:brown_mushroom":41,"minecraft:kelp_plant":19,"minecraft:smoker":4,"minecraft:deepslate_brick_wall":13,"minecraft:crimson_nylium":8,"minecraft:soul_fire":2,"minecraft:amethyst_cluster":1,"minecraft:deepslate_tile_slab":3,"minecraft:powder_snow":32,"minecraft:torch":184,"minecraft:note_block":1,"minecraft:blast_furnace":4,"minecraft:melon":9,"minecraft:dead_bush":2,"minecraft:spruce_wall_sign":5,"minecraft:sugar_cane":1329,"minecraft:damaged_anvil":2,"minecraft:amethyst_block":51,"minecraft:repeater":2,"minecraft:wheat":50,"minecraft:birch_door":1,"minecraft:warped_fungus":18,"minecraft:stone_brick_stairs":24,"minecraft:grass":320,"minecraft:oak_fence_gate":8,"minecraft:loom":1,"minecraft:smooth_basalt":2,"minecraft:blue_shulker_box":53,"minecraft:red_mushroom_block":90,"minecraft:stonecutter":1,"minecraft:piston":10,"minecraft:deepslate":11282,"minecraft:infested_deepslate":1,"minecraft:pink_shulker_box":9,"minecraft:mossy_cobblestone":1,"minecraft:sea_lantern":1,"minecraft:shulker_box":75,"minecraft:nether_bricks":14,"minecraft:cobbled_deepslate_slab":5,"minecraft:redstone_wire":64,"minecraft:moss_block":2,"minecraft:kelp":10,"minecraft:pink_wool":2,"minecraft:redstone_ore":11,"minecraft:snow":1165,"minecraft:andesite":252,"minecraft:diamond_block":8,"minecraft:potatoes":638,"minecraft:cobblestone_slab":117,"minecraft:white_wool":3,"minecraft:ender_chest":5,"minecraft:oak_slab":69,"minecraft:glass_pane":1,"minecraft:soul_sand":70,"minecraft:lily_of_the_valley":1,"minecraft:stone_brick_slab":1,"minecraft:observer":12,"minecraft:dandelion":1,"minecraft:cornflower":1,"minecraft:emerald_ore":14,"minecraft:warped_roots":3,"minecraft:copper_ore":36,"minecraft:tall_grass":19,"minecraft:deepslate_gold_ore":93,"minecraft:diorite":206,"minecraft:orange_carpet":2,"minecraft:white_carpet":1,"minecraft:spruce_log":40,"minecraft:birch_leaves":4,"minecraft:mycelium":1195,"minecraft:sunflower":3,"minecraft:gravel":684,"minecraft:oak_button":1,"minecraft:birch_sign":1,"minecraft:stone_bricks":457,"minecraft:gold_ore":16,"minecraft:fern":6,"minecraft:spruce_planks":39,"minecraft:oak_sapling":66,"minecraft:farmland":79,"minecraft:cobblestone_stairs":30,"minecraft:orange_wool":2,"minecraft:brewing_stand":4,"minecraft:budding_amethyst":2,"minecraft:grass_block":838,"minecraft:cracked_polished_blackstone_bricks":5,"minecraft:soul_soil":15,"minecraft:composter":2,"minecraft:glowstone":19,"minecraft:iron_ore":494,"minecraft:anvil":6,"minecraft:azure_bluet":1,"minecraft:iron_bars":2,"minecraft:birch_wall_sign":8,"minecraft:deepslate_redstone_ore":268,"minecraft:quartz_block":4,"minecraft:blackstone":22,"minecraft:twisting_vines_plant":3,"minecraft:clay":18,"minecraft:poppy":5,"minecraft:chest":22,"minecraft:mushroom_stem":22,"minecraft:nether_quartz_ore":159,"minecraft:cobblestone":345,"minecraft:grindstone":1,"minecraft:oak_planks":398,"minecraft:iron_door":6,"minecraft:wall_torch":421,"minecraft:seagrass":2,"minecraft:warped_nylium":15,"minecraft:lapis_block":36,"minecraft:birch_log":106,"minecraft:oak_log":3389,"minecraft:sand":18421,"minecraft:dirt":1683,"minecraft:netherrack":812,"minecraft:oak_leaves":2108,"minecraft:emerald_block":2,"minecraft:redstone_lamp":1,"minecraft:nether_gold_ore":9,"minecraft:tuff":1071,"minecraft:deepslate_diamond_ore":130,"minecraft:lever":10,"minecraft:glow_lichen":2,"minecraft:ladder":6,"minecraft:stone_button":2,"minecraft:brown_mushroom_block":135,"minecraft:spruce_leaves":19,"minecraft:large_fern":1,"minecraft:hay_block":67,"minecraft:spore_blossom":1,"minecraft:deepslate_brick_slab":139,"minecraft:oak_trapdoor":11,"minecraft:furnace":8,"minecraft:peony":1,"minecraft:gold_block":6,"minecraft:nether_brick_fence":2,"minecraft:bookshelf":30,"minecraft:shroomlight":1,"minecraft:deepslate_iron_ore":134,"minecraft:lantern":8,"minecraft:stripped_oak_log":2,"minecraft:packed_ice":32,"minecraft:stone":13560,"minecraft:yellow_shulker_box":8,"minecraft:redstone_wall_torch":7,"minecraft:snow_block":5242,"minecraft:basalt":69,"minecraft:spruce_door":10,"minecraft:oak_fence":90,"minecraft:crafting_table":61,"minecraft:lectern":2,"minecraft:lapis_ore":41,"minecraft:birch_planks":14,"minecraft:redstone_torch":5,"minecraft:sweet_berry_bush":38,"minecraft:ice":11,"minecraft:white_wall_banner":3,"minecraft:yellow_bed":2,"minecraft:coal_ore":750,"minecraft:birch_fence":9},"minecraft:used":{"minecraft:writable_book":58,"minecraft:dispenser":4,"minecraft:ladder":187,"minecraft:elytra":1,"minecraft:chest":35,"minecraft:stone":180,"minecraft:white_shulker_box":42,"minecraft:soul_sand":24,"minecraft:orange_wool":6,"minecraft:deepslate_brick_slab":587,"minecraft:packed_ice":26,"minecraft:lava_bucket":8,"minecraft:quartz_block":9,"minecraft:pink_wool":2,"minecraft:stone_brick_stairs":77,"minecraft:bow":1225,"minecraft:sweet_berries":13,"minecraft:furnace":13,"minecraft:oak_sapling":642,"minecraft:cooked_cod":69,"minecraft:egg":38,"minecraft:potato":808,"minecraft:deepslate_brick_wall":59,"minecraft:emerald_ore":5,"minecraft:diorite":6,"minecraft:damaged_anvil":1,"minecraft:warped_fungus_on_a_stick":427,"minecraft:spruce_door":11,"minecraft:wooden_pickaxe":17,"minecraft:composter":3,"minecraft:sand":8979,"minecraft:blast_furnace":5,"minecraft:deepslate_brick_stairs":50,"minecraft:birch_fence":27,"minecraft:stone_button":10,"minecraft:lectern":3,"minecraft:oak_pressure_plate":4,"minecraft:diamond_sword":1874,"minecraft:wooden_sword":17,"minecraft:oak_boat":91,"minecraft:oak_trapdoor":17,"minecraft:iron_bars":6,"minecraft:enchanting_table":2,"minecraft:stone_sword":45,"minecraft:cooked_salmon":55,"minecraft:netherrack":279,"minecraft:torch":2278,"minecraft:brewing_stand":4,"minecraft:anvil":8,"minecraft:twisting_vines":3,"minecraft:yellow_carpet":1,"minecraft:oak_fence_gate":15,"minecraft:iron_block":5,"minecraft:iron_axe":679,"minecraft:barrel":268,"minecraft:basalt":10,"minecraft:cobbled_deepslate":634,"minecraft:observer":44,"minecraft:wheat_seeds":5030,"minecraft:water_bucket":187,"minecraft:birch_planks":202,"minecraft:yellow_shulker_box":8,"minecraft:cauldron":1,"minecraft:deepslate_bricks":1871,"minecraft:diamond_block":8,"minecraft:orange_carpet":5,"minecraft:oak_slab":490,"minecraft:crafting_table":102,"minecraft:birch_sign":31,"minecraft:white_bed":5,"minecraft:cake":18,"minecraft:oak_log":246,"minecraft:diamond_pickaxe":28507,"minecraft:diamond_shovel":29606,"minecraft:oak_button":2,"minecraft:iron_pickaxe":3217,"minecraft:spruce_pressure_plate":2,"minecraft:cobblestone":2044,"minecraft:potion":1,"minecraft:cooked_porkchop":16,"minecraft:glass_pane":63,"minecraft:diamond_leggings":1,"minecraft:iron_shovel":410,"minecraft:oak_sign":76,"minecraft:shield":46,"minecraft:iron_sword":686,"minecraft:nether_wart":93,"minecraft:player_head":3,"minecraft:carrot":6,"minecraft:deepslate_tile_slab":3,"minecraft:tuff":69,"minecraft:milk_bucket":4,"minecraft:obsidian":145,"minecraft:glass":16,"minecraft:coal_ore":5,"minecraft:quartz_slab":16,"minecraft:lantern":43,"minecraft:stone_bricks":5458,"minecraft:item_frame":101,"minecraft:birch_button":2,"minecraft:deepslate_diamond_ore":26,"minecraft:repeater":6,"minecraft:redstone_lamp":1,"minecraft:hay_block":8,"minecraft:written_book":5,"minecraft:blue_shulker_box":53,"minecraft:gold_block":5,"minecraft:diamond_boots":1,"minecraft:stone_pickaxe":286,"minecraft:gray_carpet":2,"minecraft:oak_planks":4999,"minecraft:diamond_axe":3985,"minecraft:sugar_cane":215,"minecraft:white_wool":11,"minecraft:loom":2,"minecraft:mushroom_stew":6,"minecraft:note_block":1,"minecraft:redstone_torch":32,"minecraft:sticky_piston":5,"minecraft:lever":18,"minecraft:firework_rocket":469,"minecraft:melon_slice":1,"minecraft:string":13,"minecraft:bread":34,"minecraft:heavy_weighted_pressure_plate":1,"minecraft:iron_door":15,"minecraft:gravel":6,"minecraft:jungle_sign":1,"minecraft:grindstone":2,"minecraft:oak_fence":178,"minecraft:flint_and_steel":11,"minecraft:redstone":223,"minecraft:spruce_planks":47,"minecraft:ender_chest":9,"minecraft:stone_hoe":414,"minecraft:cooked_chicken":23,"minecraft:oak_door":9,"minecraft:dirt":1467,"minecraft:white_carpet":10,"minecraft:hopper":23,"minecraft:diamond_helmet":1,"minecraft:shulker_box":76,"minecraft:birch_door":2,"minecraft:iron_hoe":156,"minecraft:stone_brick_slab":28,"minecraft:bookshelf":83,"minecraft:oak_stairs":304,"minecraft:iron_boots":1,"minecraft:golden_carrot":2,"minecraft:emerald_block":2,"minecraft:cooked_beef":311,"minecraft:cooked_mutton":4,"minecraft:iron_ore":13,"minecraft:cobblestone_stairs":272,"minecraft:snow_block":436,"minecraft:glass_bottle":3,"minecraft:baked_potato":99,"minecraft:blue_wool":4,"minecraft:birch_boat":11,"minecraft:spruce_sign":9,"minecraft:stonecutter":2,"minecraft:cobblestone_slab":553,"minecraft:smoker":7,"minecraft:piston":42,"minecraft:flower_pot":3,"minecraft:apple":26,"minecraft:stone_slab":3,"minecraft:stone_axe":144,"minecraft:fishing_rod":1058,"minecraft:cobbled_deepslate_slab":13,"minecraft:white_banner":3,"minecraft:lapis_block":36,"minecraft:bucket":200,"minecraft:pink_shulker_box":9,"minecraft:yellow_bed":2,"minecraft:smooth_stone":2},"minecraft:broken":{"minecraft:stone_hoe":1,"minecraft:iron_axe":1,"minecraft:iron_pickaxe":3,"minecraft:iron_helmet":1,"minecraft:stone_pickaxe":1},"minecraft:killed":{"minecraft:skeleton":128,"minecraft:chicken":176,"minecraft:magma_cube":9,"minecraft:salmon":13,"minecraft:pillager":9,"minecraft:zombie":349,"minecraft:glow_squid":4,"minecraft:cow":625,"minecraft:husk":6,"minecraft:enderman":6,"minecraft:zombified_piglin":1,"minecraft:witch":7,"minecraft:spider":123,"minecraft:silverfish":1,"minecraft:turtle":2,"minecraft:pig":17,"minecraft:zombie_villager":5,"minecraft:strider":5,"minecraft:creeper":110,"minecraft:sheep":8,"minecraft:ghast":5,"minecraft:stray":3,"minecraft:blaze":13,"minecraft:slime":31,"minecraft:phantom":128,"minecraft:drowned":51,"minecraft:bat":1,"minecraft:hoglin":1,"minecraft:squid":180,"minecraft:wither_skeleton":1}},"DataVersion":3105}