{"stats":{"minecraft:used":{"minecraft:writable_book":3,"minecraft:ladder":151,"minecraft:elytra":1,"minecraft:chest":42,"minecraft:stone":2,"minecraft:white_shulker_box":23,"minecraft:blue_stained_glass":498,"minecraft:spruce_boat":30,"minecraft:red_wool":29,"minecraft:grass_block":1004,"minecraft:quartz_block":27,"minecraft:wet_sponge":122,"minecraft:stone_brick_stairs":30,"minecraft:bow":8,"minecraft:dark_oak_boat":32,"minecraft:sweet_berries":21,"minecraft:oak_sapling":55,"minecraft:furnace":2,"minecraft:cooked_cod":36,"minecraft:egg":18,"minecraft:potato":19,"minecraft:diorite":159,"minecraft:chorus_fruit":1,"minecraft:powered_rail":41,"minecraft:prismarine":46,"minecraft:wooden_pickaxe":18,"minecraft:jungle_boat":9,"minecraft:sand":23193,"minecraft:diamond_sword":1315,"minecraft:fire_charge":2,"minecraft:wooden_sword":24,"minecraft:smithing_table":1,"minecraft:oak_boat":52,"minecraft:oak_trapdoor":691,"minecraft:red_concrete":79,"minecraft:cooked_salmon":5,"minecraft:netherrack":967,"minecraft:torch":2454,"minecraft:light_gray_shulker_box":15,"minecraft:ancient_debris":1,"minecraft:nether_quartz_ore":201,"minecraft:golden_shovel":1,"minecraft:jungle_trapdoor":2,"minecraft:oak_fence_gate":2,"minecraft:red_shulker_box":50,"minecraft:iron_axe":703,"minecraft:barrel":9,"minecraft:cobbled_deepslate":3504,"minecraft:observer":32,"minecraft:wheat_seeds":29,"minecraft:water_bucket":393,"minecraft:glow_ink_sac":3,"minecraft:salmon":2,"minecraft:rail":5,"minecraft:comparator":4,"minecraft:tnt":142,"minecraft:crafting_table":12,"minecraft:birch_sign":2,"minecraft:white_bed":4,"minecraft:cake":1,"minecraft:dark_prismarine":1,"minecraft:diamond_pickaxe":11376,"minecraft:diamond_shovel":18828,"minecraft:iron_pickaxe":4557,"minecraft:suspicious_stew":1,"minecraft:cobblestone":3525,"minecraft:purple_bed":2,"minecraft:red_concrete_powder":406,"minecraft:porkchop":2,"minecraft:cooked_porkchop":140,"minecraft:kelp":195,"minecraft:iron_shovel":1468,"minecraft:bone_block":4,"minecraft:diamond_hoe":15,"minecraft:oak_sign":4,"minecraft:white_concrete_powder":343,"minecraft:iron_sword":854,"minecraft:bell":1,"minecraft:player_head":15,"minecraft:iron_chestplate":4,"minecraft:carrot":12,"minecraft:tuff":208,"minecraft:axolotl_bucket":1,"minecraft:milk_bucket":14,"minecraft:glass":116,"minecraft:coal_ore":17,"minecraft:iron_helmet":4,"minecraft:hopper_minecart":4,"minecraft:stone_bricks":193,"minecraft:item_frame":9,"minecraft:golden_sword":127,"minecraft:magma_block":8,"minecraft:warped_fungus":1,"minecraft:diamond_boots":1,"minecraft:stone_pickaxe":376,"minecraft:oak_planks":28,"minecraft:ender_pearl":16,"minecraft:sandstone":1,"minecraft:redstone_block":3,"minecraft:sugar_cane":73,"minecraft:diamond_axe":560,"minecraft:blue_bed":1,"minecraft:white_wool":39,"minecraft:sponge":634,"minecraft:cobbled_deepslate_stairs":133,"minecraft:redstone_torch":3,"minecraft:lever":2,"minecraft:firework_rocket":779,"minecraft:bread":26,"minecraft:gravel":44,"minecraft:jungle_sign":4,"minecraft:andesite":36,"minecraft:white_concrete":262,"minecraft:bone_meal":46,"minecraft:oak_fence":68,"minecraft:flint_and_steel":95,"minecraft:redstone":33,"minecraft:dried_kelp":42,"minecraft:ender_chest":1,"minecraft:cooked_chicken":102,"minecraft:oak_door":24,"minecraft:dirt":9614,"minecraft:white_carpet":96,"minecraft:hopper":10,"minecraft:prismarine_bricks":7,"minecraft:shulker_box":80,"minecraft:granite":92,"minecraft:stone_brick_slab":8,"minecraft:wooden_axe":25,"minecraft:iron_boots":3,"minecraft:light_gray_wool":1,"minecraft:golden_carrot":41,"minecraft:soul_soil":2,"minecraft:cooked_beef":48,"minecraft:cooked_mutton":77,"minecraft:iron_ore":8,"minecraft:baked_potato":352,"minecraft:spruce_sign":1,"minecraft:white_dye":1,"minecraft:stonecutter":1,"minecraft:cobblestone_slab":64,"minecraft:piston":31,"minecraft:apple":3,"minecraft:golden_leggings":1,"minecraft:fishing_rod":36,"minecraft:cobbled_deepslate_slab":80,"minecraft:bucket":393},"minecraft:picked_up":{"minecraft:iron_chestplate":23,"minecraft:chainmail_boots":1,"minecraft:prismarine_shard":36,"minecraft:diamond_sword":4,"minecraft:lead":1,"minecraft:oak_stairs":47,"minecraft:golden_shovel":1,"minecraft:enchanted_book":1,"minecraft:brewing_stand":2,"minecraft:golden_sword":6,"minecraft:amethyst_block":2,"minecraft:string":36,"minecraft:soul_soil":73,"minecraft:cooked_salmon":4,"minecraft:pufferfish":1,"minecraft:gold_nugget":176,"minecraft:cobbled_deepslate":6071,"minecraft:spruce_planks":1,"minecraft:coal_block":35,"minecraft:golden_helmet":3,"minecraft:purpur_pillar":4,"minecraft:blue_dye":256,"minecraft:end_rod":4,"minecraft:netherite_chestplate":1,"minecraft:blaze_rod":48,"minecraft:sponge":463,"minecraft:birch_log":19,"minecraft:magma_block":10,"minecraft:feather":26,"minecraft:cooked_beef":53,"minecraft:water_bucket":18,"minecraft:jungle_log":41,"minecraft:dark_oak_boat":31,"minecraft:flint":29,"minecraft:netherite_leggings":1,"minecraft:lantern":11,"minecraft:stonecutter":2,"minecraft:moss_block":1,"minecraft:ink_sac":126,"minecraft:dark_oak_log":30,"minecraft:lever":2,"minecraft:granite":417,"minecraft:bread":1,"minecraft:diamond_pickaxe":21,"minecraft:crafting_table":6,"minecraft:leather_leggings":2,"minecraft:dragon_head":1,"minecraft:purpur_block":10,"minecraft:cornflower":3,"minecraft:jungle_trapdoor":18,"minecraft:elytra":8,"minecraft:netherite_scrap":3,"minecraft:white_carpet":40,"minecraft:iron_shovel":3,"minecraft:netherite_sword":2,"minecraft:beef":32,"minecraft:poppy":53,"minecraft:chest":57,"minecraft:birch_sapling":12,"minecraft:piston":1,"minecraft:diamond_hoe":9,"minecraft:egg":20,"minecraft:sandstone":5,"minecraft:stone":48,"minecraft:oak_door":35,"minecraft:redstone":220,"minecraft:netherite_pickaxe":2,"minecraft:prismarine_crystals":8,"minecraft:blue_carpet":1,"minecraft:jungle_sign":2,"minecraft:tnt":15,"minecraft:diamond_chestplate":1,"minecraft:cooked_cod":43,"minecraft:shears":2,"minecraft:diamond_boots":8,"minecraft:gold_ingot":4,"minecraft:white_shulker_box":22,"minecraft:mutton":70,"minecraft:bone_block":141,"minecraft:white_wool":74,"minecraft:rail":1,"minecraft:oxeye_daisy":11,"minecraft:stripped_oak_log":1,"minecraft:red_mushroom":15,"minecraft:purpur_stairs":1,"minecraft:ancient_debris":21,"minecraft:oak_log":513,"minecraft:lily_pad":1,"minecraft:golden_boots":3,"minecraft:blue_bed":1,"minecraft:paper":71,"minecraft:stone_bricks":120,"minecraft:apple":11,"minecraft:kelp":3361,"minecraft:oak_fence_gate":2,"minecraft:iron_ore":8,"minecraft:iron_sword":14,"minecraft:milk_bucket":3,"minecraft:smooth_basalt":2,"minecraft:sweet_berries":25,"minecraft:red_wool":8,"minecraft:gravel":362,"minecraft:spruce_sapling":1,"minecraft:spruce_log":7,"minecraft:leather_helmet":1,"minecraft:firework_rocket":556,"minecraft:diamond_shovel":7,"minecraft:purple_bed":2,"minecraft:coal_ore":17,"minecraft:slime_ball":40,"minecraft:diamond_axe":3,"minecraft:birch_sign":2,"minecraft:baked_potato":144,"minecraft:hopper":5,"minecraft:ender_pearl":348,"minecraft:shulker_shell":38,"minecraft:wheat":3,"minecraft:redstone_block":16,"minecraft:ender_chest":39,"minecraft:light_gray_shulker_box":14,"minecraft:yellow_wool":3,"minecraft:potion":1,"minecraft:stone_brick_stairs":19,"minecraft:raw_copper":75,"minecraft:iron_leggings":12,"minecraft:oak_sign":2,"minecraft:comparator":1,"minecraft:bucket":5,"minecraft:white_tulip":1,"minecraft:redstone_torch":1,"minecraft:cobblestone_slab":20,"minecraft:iron_pickaxe":6,"minecraft:iron_boots":6,"minecraft:furnace":2,"minecraft:stick":147,"minecraft:oak_fence":56,"minecraft:torch":1351,"minecraft:porkchop":2,"minecraft:netherite_shovel":1,"minecraft:diorite":345,"minecraft:blue_stained_glass":3,"minecraft:quartz_block":27,"minecraft:rotten_flesh":133,"minecraft:obsidian":14,"minecraft:cod":26,"minecraft:cobblestone":4860,"minecraft:nautilus_shell":1,"minecraft:magma_cream":24,"minecraft:andesite":188,"minecraft:golden_leggings":5,"minecraft:potato":102,"minecraft:tuff":298,"minecraft:prismarine_bricks":10,"minecraft:wither_skeleton_skull":1,"minecraft:dirt":9324,"minecraft:lapis_lazuli":277,"minecraft:leather_boots":1,"minecraft:glass":5,"minecraft:bone":143,"minecraft:bow":15,"minecraft:wheat_seeds":379,"minecraft:raw_gold":45,"minecraft:cobbled_deepslate_slab":6,"minecraft:bell":1,"minecraft:netherite_axe":1,"minecraft:bamboo":158,"minecraft:powered_rail":2,"minecraft:prismarine":50,"minecraft:oak_planks":69,"minecraft:ghast_tear":1,"minecraft:cooked_porkchop":6,"minecraft:axolotl_bucket":1,"minecraft:poisonous_potato":1,"minecraft:sand":41540,"minecraft:jungle_planks":1,"minecraft:grass_block":1,"minecraft:diamond_block":27,"minecraft:shulker_box":78,"minecraft:mossy_cobblestone":7,"minecraft:dark_prismarine":3,"minecraft:diamond":133,"minecraft:spruce_boat":32,"minecraft:netherite_helmet":1,"minecraft:bone_meal":41,"minecraft:white_concrete":434,"minecraft:oak_sapling":101,"minecraft:netherrack":3225,"minecraft:chorus_fruit":1,"minecraft:fishing_rod":3,"minecraft:azure_bluet":7,"minecraft:chicken":21,"minecraft:ladder":183,"minecraft:brown_mushroom":45,"minecraft:chain":1,"minecraft:oak_trapdoor":462,"minecraft:iron_axe":4,"minecraft:item_frame":1,"minecraft:magenta_wool":108,"minecraft:blackstone":46,"minecraft:oak_boat":49,"minecraft:player_head":30,"minecraft:observer":2,"minecraft:light_gray_wool":1,"minecraft:sugar_cane":2020,"minecraft:phantom_membrane":60,"minecraft:raw_iron":206,"minecraft:end_stone":8,"minecraft:copper_ingot":1,"minecraft:trident":2,"minecraft:iron_horse_armor":1,"minecraft:dark_oak_planks":6,"minecraft:arrow":178,"minecraft:red_shulker_box":50,"minecraft:saddle":1,"minecraft:wet_sponge":773,"minecraft:netherite_boots":1,"minecraft:jungle_boat":10,"minecraft:basalt":51,"minecraft:golden_carrot":75,"minecraft:glow_ink_sac":3,"minecraft:salmon":12,"minecraft:leather":28,"minecraft:cobbled_deepslate_stairs":3,"minecraft:gunpowder":637,"minecraft:cooked_mutton":95,"minecraft:red_carpet":2,"minecraft:iron_ingot":5,"minecraft:cooked_chicken":43,"minecraft:soul_sand":71,"minecraft:oak_slab":10,"minecraft:warped_fungus":7,"minecraft:nether_quartz_ore":322,"minecraft:red_concrete_powder":6,"minecraft:birch_boat":1,"minecraft:stone_brick_slab":2,"minecraft:quartz":1398,"minecraft:dandelion":17,"minecraft:white_bed":3,"minecraft:spider_eye":20,"minecraft:white_concrete_powder":3,"minecraft:iron_helmet":17,"minecraft:red_concrete":540,"minecraft:coal":690},"minecraft:killed_by":{"minecraft:guardian":6,"minecraft:player":8,"minecraft:skeleton":2},"minecraft:broken":{"minecraft:iron_boots":1,"minecraft:golden_sword":2,"minecraft:diamond_shovel":3,"minecraft:diamond_pickaxe":4,"minecraft:iron_sword":3,"minecraft:iron_axe":2,"minecraft:iron_pickaxe":17,"minecraft:iron_helmet":1,"minecraft:golden_helmet":1,"minecraft:iron_shovel":5,"minecraft:golden_leggings":1,"minecraft:stone_pickaxe":2,"minecraft:flint_and_steel":1},"minecraft:mined":{"minecraft:dark_oak_planks":6,"minecraft:dragon_wall_head":2,"minecraft:blue_carpet":1,"minecraft:red_shulker_box":49,"minecraft:white_bed":3,"minecraft:obsidian":6,"minecraft:granite":404,"minecraft:yellow_carpet":4,"minecraft:hopper":3,"minecraft:oak_wall_sign":1,"minecraft:oxeye_daisy":3,"minecraft:tall_seagrass":278,"minecraft:magma_block":14,"minecraft:cobbled_deepslate":691,"minecraft:fire":65,"minecraft:deepslate_lapis_ore":24,"minecraft:oak_sign":1,"minecraft:dirt_path":9,"minecraft:oak_stairs":41,"minecraft:white_shulker_box":22,"minecraft:player_head":2,"minecraft:jungle_trapdoor":16,"minecraft:brown_mushroom":6,"minecraft:kelp_plant":430,"minecraft:player_wall_head":1,"minecraft:soul_fire":11,"minecraft:blue_stained_glass":3,"minecraft:torch":819,"minecraft:glass":8,"minecraft:sugar_cane":1097,"minecraft:amethyst_block":2,"minecraft:chain":1,"minecraft:wheat":3,"minecraft:pumpkin_stem":1,"minecraft:warped_fungus":7,"minecraft:stone_brick_stairs":1,"minecraft:grass":518,"minecraft:oak_fence_gate":2,"minecraft:smooth_basalt":2,"minecraft:red_mushroom_block":32,"minecraft:stonecutter":1,"minecraft:piston":1,"minecraft:deepslate":4202,"minecraft:mossy_cobblestone":12,"minecraft:shulker_box":77,"minecraft:end_stone":8,"minecraft:cobbled_deepslate_slab":3,"minecraft:moss_block":1,"minecraft:kelp":546,"minecraft:white_concrete_powder":3,"minecraft:andesite":188,"minecraft:diamond_block":1,"minecraft:potatoes":18,"minecraft:cobblestone_slab":17,"minecraft:rail":1,"minecraft:bamboo":19,"minecraft:bone_block":142,"minecraft:white_wool":16,"minecraft:ender_chest":1,"minecraft:oak_slab":13,"minecraft:glass_pane":5,"minecraft:comparator":1,"minecraft:soul_sand":27,"minecraft:stone_brick_slab":1,"minecraft:observer":2,"minecraft:sponge":99,"minecraft:purpur_pillar":4,"minecraft:tall_grass":79,"minecraft:copper_ore":17,"minecraft:deepslate_gold_ore":30,"minecraft:diorite":348,"minecraft:purple_bed":2,"minecraft:white_carpet":41,"minecraft:spruce_log":7,"minecraft:birch_leaves":8,"minecraft:mycelium":393,"minecraft:gravel":180,"minecraft:birch_sign":1,"minecraft:stone_bricks":56,"minecraft:gold_ore":15,"minecraft:fern":8,"minecraft:oak_sapling":1,"minecraft:cobbled_deepslate_stairs":3,"minecraft:brewing_stand":2,"minecraft:grass_block":5403,"minecraft:white_concrete":449,"minecraft:soul_soil":33,"minecraft:frosted_ice":4,"minecraft:iron_ore":137,"minecraft:azure_bluet":2,"minecraft:pointed_dripstone":3,"minecraft:deepslate_redstone_ore":47,"minecraft:quartz_block":27,"minecraft:blackstone":8,"minecraft:purpur_stairs":1,"minecraft:poppy":52,"minecraft:chest":16,"minecraft:mushroom_stem":12,"minecraft:nether_quartz_ore":892,"minecraft:cobblestone":878,"minecraft:prismarine":68,"minecraft:oak_planks":47,"minecraft:wall_torch":50,"minecraft:deepslate_copper_ore":6,"minecraft:seagrass":56,"minecraft:warped_nylium":2,"minecraft:powered_rail":2,"minecraft:yellow_wool":3,"minecraft:birch_log":19,"minecraft:light_gray_wool":1,"minecraft:tnt":15,"minecraft:purpur_block":7,"minecraft:oak_log":509,"minecraft:sand":12407,"minecraft:dirt":3272,"minecraft:netherrack":1825,"minecraft:ancient_debris":20,"minecraft:oak_leaves":282,"minecraft:diamond_ore":8,"minecraft:tuff":298,"minecraft:deepslate_diamond_ore":40,"minecraft:oak_door":14,"minecraft:lever":2,"minecraft:ladder":121,"minecraft:brown_mushroom_block":107,"minecraft:spruce_leaves":11,"minecraft:sandstone":8,"minecraft:large_fern":6,"minecraft:oak_trapdoor":442,"minecraft:furnace":2,"minecraft:red_concrete_powder":6,"minecraft:light_gray_shulker_box":14,"minecraft:bell":1,"minecraft:deepslate_iron_ore":57,"minecraft:lantern":13,"minecraft:stripped_oak_log":1,"minecraft:packed_ice":16,"minecraft:wet_sponge":707,"minecraft:stone":3587,"minecraft:redstone_wall_torch":1,"minecraft:podzol":2,"minecraft:red_wool":5,"minecraft:magenta_stained_glass":1,"minecraft:basalt":46,"minecraft:oak_fence":58,"minecraft:crafting_table":8,"minecraft:lapis_ore":19,"minecraft:red_concrete":476,"minecraft:blue_bed":1,"minecraft:prismarine_bricks":11,"minecraft:ice":51,"minecraft:coal_ore":489,"minecraft:end_rod":4,"minecraft:jungle_wall_sign":1},"minecraft:crafted":{"minecraft:lever":8,"minecraft:diamond_shovel":8,"minecraft:cooked_mutton":91,"minecraft:shulker_box":8,"minecraft:red_concrete_powder":400,"minecraft:quartz_block":294,"minecraft:glass":872,"minecraft:netherite_boots":1,"minecraft:white_shulker_box":1,"minecraft:blue_stained_glass":1624,"minecraft:smithing_table":1,"minecraft:stone_brick_stairs":40,"minecraft:golden_leggings":1,"minecraft:iron_pickaxe":19,"minecraft:gold_ingot":95,"minecraft:sandstone":1,"minecraft:light_gray_dye":2,"minecraft:netherite_ingot":4,"minecraft:jungle_sign":3,"minecraft:diamond_hoe":1,"minecraft:bone_meal":45,"minecraft:white_carpet":81,"minecraft:diamond":81,"minecraft:light_gray_shulker_box":1,"minecraft:ladder":138,"minecraft:red_shulker_box":1,"minecraft:stone_pickaxe":3,"minecraft:cobbled_deepslate_stairs":280,"minecraft:spruce_boat":2,"minecraft:redstone_block":23,"minecraft:dried_kelp":214,"minecraft:jungle_slab":84,"minecraft:wooden_axe":1,"minecraft:iron_shovel":8,"minecraft:iron_leggings":1,"minecraft:white_bed":1,"minecraft:oak_planks":2204,"minecraft:cobblestone_slab":54,"minecraft:barrel":9,"minecraft:dark_oak_boat":1,"minecraft:cooked_chicken":94,"minecraft:stone":288,"minecraft:hopper":11,"minecraft:stone_brick_slab":6,"minecraft:iron_boots":1,"minecraft:comparator":8,"minecraft:chest":51,"minecraft:netherite_helmet":1,"minecraft:rail":48,"minecraft:stone_bricks":200,"minecraft:oak_fence":21,"minecraft:golden_boots":2,"minecraft:item_frame":12,"minecraft:crafting_table":7,"minecraft:spruce_planks":28,"minecraft:wooden_pickaxe":2,"minecraft:baked_potato":240,"minecraft:iron_helmet":1,"minecraft:hopper_minecart":4,"minecraft:birch_planks":76,"minecraft:tnt":578,"minecraft:iron_chestplate":1,"minecraft:paper":3840,"minecraft:diamond_pickaxe":5,"minecraft:stick":920,"minecraft:iron_ingot":178,"minecraft:redstone_torch":34,"minecraft:sponge":524,"minecraft:shears":1,"minecraft:cobbled_deepslate_slab":126,"minecraft:wooden_sword":1,"minecraft:oak_door":45,"minecraft:redstone":135,"minecraft:piston":30,"minecraft:jungle_trapdoor":16,"minecraft:oak_trapdoor":368,"minecraft:flint_and_steel":1,"minecraft:netherite_chestplate":1,"minecraft:netherite_leggings":1,"minecraft:white_concrete_powder":808,"minecraft:iron_axe":3,"minecraft:netherite_scrap":16,"minecraft:observer":32,"minecraft:minecart":3,"minecraft:cooked_beef":10,"minecraft:red_dye":51,"minecraft:diamond_sword":1,"minecraft:spruce_sign":3,"minecraft:powered_rail":42,"minecraft:iron_sword":4,"minecraft:bucket":4,"minecraft:air":0,"minecraft:bread":32,"minecraft:jungle_planks":164,"minecraft:oak_boat":7,"minecraft:white_dye":107,"minecraft:torch":1512,"minecraft:firework_rocket":11525},"minecraft:custom":{"minecraft:interact_with_crafting_table":372,"minecraft:open_barrel":341,"minecraft:bell_ring":38,"minecraft:eat_cake_slice":19,"minecraft:leave_game":142,"minecraft:time_since_death":4221984,"minecraft:play_time":7108410,"minecraft:deaths":22,"minecraft:jump":54439,"minecraft:interact_with_furnace":963,"minecraft:sleep_in_bed":57,"minecraft:damage_dealt":105492,"minecraft:horse_one_cm":53485,"minecraft:interact_with_smithing_table":4,"minecraft:interact_with_anvil":3,"minecraft:inspect_hopper":200,"minecraft:sneak_time":364037,"minecraft:interact_with_lectern":8,"minecraft:interact_with_blast_furnace":1,"minecraft:total_world_time":7108410,"minecraft:interact_with_stonecutter":1,"minecraft:time_since_rest":16176,"minecraft:swim_one_cm":4049059,"minecraft:fly_one_cm":15528573,"minecraft:open_chest":3349,"minecraft:fish_caught":24,"minecraft:fall_one_cm":1242668,"minecraft:animals_bred":45,"minecraft:open_shulker_box":720,"minecraft:damage_resisted":17,"minecraft:sprint_one_cm":13372165,"minecraft:drop":571,"minecraft:talked_to_villager":3,"minecraft:interact_with_brewingstand":1,"minecraft:walk_on_water_one_cm":988521,"minecraft:open_enderchest":33,"minecraft:player_kills":2,"minecraft:crouch_one_cm":1238782,"minecraft:mob_kills":2769,"minecraft:climb_one_cm":410758,"minecraft:walk_one_cm":9206299,"minecraft:walk_under_water_one_cm":3242474,"minecraft:boat_one_cm":9892545,"minecraft:damage_taken":33393,"minecraft:aviate_one_cm":29623821},"minecraft:dropped":{"minecraft:iron_sword":3,"minecraft:cooked_beef":18,"minecraft:diamond":94,"minecraft:cooked_porkchop":160,"minecraft:elytra":5,"minecraft:red_mushroom":1,"minecraft:item_frame":1,"minecraft:dirt":133,"minecraft:bone_meal":32,"minecraft:phantom_membrane":3,"minecraft:sand":2231,"minecraft:iron_pickaxe":3,"minecraft:dark_oak_planks":1,"minecraft:fishing_rod":2,"minecraft:bone":5,"minecraft:oak_door":16,"minecraft:sugar_cane":6,"minecraft:ancient_debris":1,"minecraft:cooked_chicken":11,"minecraft:golden_chestplate":1,"minecraft:cobbled_deepslate":581,"minecraft:netherite_sword":1,"minecraft:rotten_flesh":65,"minecraft:oak_planks":66,"minecraft:golden_shovel":1,"minecraft:azure_bluet":6,"minecraft:jungle_trapdoor":32,"minecraft:salmon":1,"minecraft:hopper":2,"minecraft:ladder":40,"minecraft:beef":12,"minecraft:crying_obsidian":4,"minecraft:stone_brick_stairs":18,"minecraft:iron_ingot":1,"minecraft:enchanted_book":4,"minecraft:golden_boots":1,"minecraft:wheat_seeds":181,"minecraft:cobblestone":254,"minecraft:iron_helmet":4,"minecraft:apple":1,"minecraft:granite":15,"minecraft:coal":14,"minecraft:golden_apple":1,"minecraft:oxeye_daisy":10,"minecraft:jungle_slab":66,"minecraft:golden_carrot":5,"minecraft:ink_sac":39,"minecraft:sponge":100,"minecraft:cooked_salmon":3,"minecraft:string":12,"minecraft:purpur_pillar":1,"minecraft:player_head":2,"minecraft:bowl":1,"minecraft:diamond_hoe":1,"minecraft:diamond_sword":3,"minecraft:cobblestone_slab":8,"minecraft:stone":64,"minecraft:diamond_pickaxe":7,"minecraft:spider_eye":5,"minecraft:light_gray_dye":1,"minecraft:bow":3,"minecraft:magma_block":1,"minecraft:brown_mushroom":2,"minecraft:diamond_axe":2,"minecraft:baked_potato":102,"minecraft:ender_pearl":280,"minecraft:jungle_planks":5,"minecraft:red_wool":128,"minecraft:cornflower":3,"minecraft:jungle_sign":1,"minecraft:wet_sponge":2,"minecraft:gravel":9,"minecraft:white_tulip":1,"minecraft:purpur_block":3,"minecraft:blackstone":1,"minecraft:diamond_shovel":2,"minecraft:cooked_mutton":20,"minecraft:poppy":1,"minecraft:gunpowder":129,"minecraft:chest":10,"minecraft:arrow":22,"minecraft:quartz":12,"minecraft:netherrack":1289,"minecraft:firework_rocket":1087,"minecraft:water_bucket":3,"minecraft:bread":5,"minecraft:golden_helmet":1,"minecraft:prismarine_shard":6,"minecraft:stick":13,"minecraft:diorite":31,"minecraft:torch":29,"minecraft:white_concrete":172,"minecraft:iron_leggings":4,"minecraft:stonecutter":1,"minecraft:bucket":3,"minecraft:dandelion":4,"minecraft:redstone_block":21,"minecraft:red_concrete":454,"minecraft:kelp":1657,"minecraft:sweet_berries":4,"minecraft:oak_trapdoor":139,"minecraft:ender_chest":1,"minecraft:iron_chestplate":2,"minecraft:andesite":7,"minecraft:oak_boat":2,"minecraft:oak_sapling":1,"minecraft:golden_sword":6,"minecraft:diamond_boots":1,"minecraft:slime_ball":12},"minecraft:killed":{"minecraft:cave_spider":1,"minecraft:cod":3,"minecraft:shulker":20,"minecraft:skeleton":67,"minecraft:guardian":14,"minecraft:chicken":32,"minecraft:magma_cube":17,"minecraft:elder_guardian":1,"minecraft:salmon":7,"minecraft:zombie":70,"minecraft:cow":21,"minecraft:enderman":417,"minecraft:zombified_piglin":7,"minecraft:spider":17,"minecraft:silverfish":1,"minecraft:piglin":3,"minecraft:pig":1,"minecraft:zombie_villager":1,"minecraft:creeper":1831,"minecraft:sheep":41,"minecraft:ghast":1,"minecraft:blaze":12,"minecraft:slime":53,"minecraft:phantom":31,"minecraft:drowned":21,"minecraft:hoglin":1,"minecraft:squid":6,"minecraft:wither_skeleton":8}},"DataVersion":3120}