{"stats":{"minecraft:picked_up":{"minecraft:birch_door":38,"minecraft:seagrass":12,"minecraft:iron_chestplate":5,"minecraft:chainmail_boots":1,"minecraft:flower_pot":15,"minecraft:anvil":6,"minecraft:red_sandstone_stairs":2,"minecraft:lead":10,"minecraft:smithing_table":1,"minecraft:stone_slab":6,"minecraft:diamond_sword":5,"minecraft:oak_stairs":3,"minecraft:wither_rose":15,"minecraft:enchanted_book":3,"minecraft:brewing_stand":1,"minecraft:golden_sword":66,"minecraft:amethyst_block":44,"minecraft:polished_deepslate":156,"minecraft:dark_oak_trapdoor":3,"minecraft:string":258,"minecraft:soul_soil":46,"minecraft:cooked_salmon":16,"minecraft:pufferfish":7,"minecraft:shroomlight":104,"minecraft:diamond_leggings":4,"minecraft:gold_nugget":1020,"minecraft:cobbled_deepslate":20607,"minecraft:spruce_planks":517,"minecraft:acacia_sign":31,"minecraft:written_book":2,"minecraft:warped_slab":23,"minecraft:azalea_leaves":3593,"minecraft:melon_slice":52,"minecraft:dark_oak_door":1,"minecraft:golden_helmet":3,"minecraft:big_dripleaf":34,"minecraft:green_bed":2,"minecraft:acacia_log":464,"minecraft:purpur_pillar":1,"minecraft:sandstone_wall":12,"minecraft:warped_planks":5,"minecraft:deepslate_tile_stairs":30,"minecraft:black_dye":17,"minecraft:stone_sword":4,"minecraft:light_blue_wool":1,"minecraft:tropical_fish":5,"minecraft:polished_basalt":1,"minecraft:red_tulip":1,"minecraft:glowstone":218,"minecraft:bookshelf":46,"minecraft:end_rod":17,"minecraft:netherite_chestplate":1,"minecraft:birch_log":31,"minecraft:magma_block":13,"minecraft:cooked_beef":173,"minecraft:feather":5,"minecraft:water_bucket":9,"minecraft:jungle_log":2809,"minecraft:acacia_leaves":2,"minecraft:dark_oak_boat":1,"minecraft:jungle_wood":36,"minecraft:flint":40,"minecraft:netherite_leggings":1,"minecraft:lantern":28,"minecraft:twisting_vines":2,"minecraft:hanging_roots":7,"minecraft:chipped_anvil":1,"minecraft:stonecutter":6,"minecraft:diamond_helmet":3,"minecraft:rabbit":1,"minecraft:glowstone_dust":1,"minecraft:moss_block":1217,"minecraft:glow_lichen":10,"minecraft:warped_wart_block":462,"minecraft:ink_sac":239,"minecraft:brown_mushroom_block":1308,"minecraft:acacia_stairs":10,"minecraft:dark_oak_log":284,"minecraft:red_terracotta":27,"minecraft:barrel":35,"minecraft:quartz_bricks":10,"minecraft:polished_andesite":84,"minecraft:deepslate":252,"minecraft:deepslate_gold_ore":6,"minecraft:writable_book":12,"minecraft:polished_granite_slab":7,"minecraft:granite":483,"minecraft:blue_banner":3,"minecraft:rooted_dirt":45,"minecraft:crimson_roots":17,"minecraft:diamond_pickaxe":11,"minecraft:crafting_table":42,"minecraft:sandstone_slab":67,"minecraft:nether_wart":10,"minecraft:clay_ball":702,"minecraft:leather_leggings":2,"minecraft:dragon_head":2,"minecraft:purpur_block":6,"minecraft:jungle_trapdoor":11,"minecraft:elytra":3,"minecraft:acacia_door":1,"minecraft:flint_and_steel":3,"minecraft:iron_shovel":5,"minecraft:glass_pane":134,"minecraft:netherite_sword":1,"minecraft:deepslate_diamond_ore":2,"minecraft:beef":16,"minecraft:cyan_wool":84,"minecraft:jungle_sapling":95,"minecraft:poppy":74,"minecraft:spruce_slab":230,"minecraft:quartz_stairs":33,"minecraft:chest":295,"minecraft:birch_sapling":4,"minecraft:egg":11,"minecraft:black_stained_glass":55,"minecraft:sandstone":3580,"minecraft:stone":4607,"minecraft:oak_door":12,"minecraft:spruce_fence":24,"minecraft:white_dye":2,"minecraft:carrot":179,"minecraft:mushroom_stem":400,"minecraft:redstone":481,"minecraft:netherite_pickaxe":5,"minecraft:jungle_sign":8,"minecraft:stone_shovel":3,"minecraft:diamond_chestplate":3,"minecraft:cooked_cod":11,"minecraft:beetroot_seeds":6,"minecraft:peony":1,"minecraft:deepslate_bricks":76,"minecraft:shears":2,"minecraft:diamond_boots":5,"minecraft:sandstone_stairs":159,"minecraft:yellow_terracotta":24,"minecraft:gold_ingot":24,"minecraft:totem_of_undying":1,"minecraft:polished_blackstone":6,"minecraft:glow_berries":55,"minecraft:mutton":2,"minecraft:rail":4,"minecraft:white_wool":200,"minecraft:oxeye_daisy":4,"minecraft:red_mushroom_block":2379,"minecraft:jungle_fence":5,"minecraft:red_mushroom":1,"minecraft:acacia_wood":14,"minecraft:filled_map":63,"minecraft:purpur_stairs":2,"minecraft:oak_log":842,"minecraft:lily_pad":1,"minecraft:ancient_debris":19,"minecraft:golden_boots":2,"minecraft:paper":17,"minecraft:stone_bricks":623,"minecraft:apple":42,"minecraft:kelp":237,"minecraft:warped_stem":347,"minecraft:spore_blossom":7,"minecraft:stone_pickaxe":6,"minecraft:iron_ore":120,"minecraft:iron_sword":1,"minecraft:flowering_azalea":41,"minecraft:dark_oak_stairs":4,"minecraft:smooth_basalt":171,"minecraft:dark_oak_slab":206,"minecraft:sweet_berries":242,"minecraft:gravel":1026,"minecraft:crimson_stairs":3,"minecraft:spruce_sapling":141,"minecraft:spruce_log":1848,"minecraft:crying_obsidian":4,"minecraft:firework_rocket":144,"minecraft:diamond_shovel":5,"minecraft:coal_ore":308,"minecraft:slime_ball":12,"minecraft:stone_axe":6,"minecraft:polished_diorite":13,"minecraft:diamond_axe":8,"minecraft:birch_sign":13,"minecraft:warped_roots":4,"minecraft:baked_potato":13,"minecraft:brown_banner":6,"minecraft:melon_seeds":4,"minecraft:warped_nylium":23,"minecraft:stripped_dark_oak_log":33,"minecraft:crimson_nylium":33,"minecraft:smooth_quartz_slab":85,"minecraft:hopper":6,"minecraft:ender_pearl":693,"minecraft:shulker_shell":10,"minecraft:wheat":359,"minecraft:black_carpet":6,"minecraft:ender_chest":18,"minecraft:brain_coral_block":1,"minecraft:stone_brick_stairs":27,"minecraft:raw_copper":78,"minecraft:deepslate_lapis_ore":5,"minecraft:smooth_stone_slab":11,"minecraft:iron_leggings":4,"minecraft:netherite_ingot":1,"minecraft:oak_sign":177,"minecraft:deepslate_tiles":226,"minecraft:red_sand":2297,"minecraft:smooth_stone":3,"minecraft:bucket":2,"minecraft:dark_oak_leaves":1,"minecraft:red_dye":1,"minecraft:cobblestone_slab":11,"minecraft:calcite":198,"minecraft:azalea":124,"minecraft:smooth_quartz":117,"minecraft:iron_pickaxe":6,"minecraft:deepslate_iron_ore":126,"minecraft:furnace":12,"minecraft:stick":1090,"minecraft:jungle_door":1,"minecraft:deepslate_brick_wall":5,"minecraft:birch_trapdoor":1,"minecraft:brown_terracotta":6,"minecraft:oak_fence":1,"minecraft:torch":913,"minecraft:spruce_stairs":51,"minecraft:porkchop":6,"minecraft:netherite_shovel":2,"minecraft:diorite":278,"minecraft:vine":266,"minecraft:quartz_block":62,"minecraft:nether_gold_ore":9,"minecraft:cactus":10,"minecraft:rotten_flesh":894,"minecraft:deepslate_copper_ore":2,"minecraft:chorus_flower":6,"minecraft:obsidian":191,"minecraft:cod":24,"minecraft:cobblestone":3400,"minecraft:nautilus_shell":1,"minecraft:enchanting_table":2,"minecraft:magma_cream":12,"minecraft:andesite":910,"minecraft:golden_leggings":3,"minecraft:potato":177,"minecraft:tuff":1694,"minecraft:smooth_sandstone_stairs":20,"minecraft:lapis_lazuli":350,"minecraft:dirt":8268,"minecraft:cut_sandstone_slab":72,"minecraft:polished_granite":124,"minecraft:name_tag":17,"minecraft:leather_boots":3,"minecraft:glass":66,"minecraft:bone":218,"minecraft:acacia_planks":170,"minecraft:bow":16,"minecraft:wheat_seeds":1534,"minecraft:small_dripleaf":11,"minecraft:deepslate_brick_slab":37,"minecraft:raw_gold":508,"minecraft:cobbled_deepslate_slab":2,"minecraft:grindstone":2,"minecraft:netherite_axe":1,"minecraft:mossy_stone_bricks":18,"minecraft:bamboo":425,"minecraft:prismarine":2,"minecraft:oak_planks":218,"minecraft:stone_hoe":2,"minecraft:mossy_stone_brick_stairs":1,"minecraft:cooked_porkchop":3,"minecraft:red_sandstone_wall":3,"minecraft:music_disc_13":2,"minecraft:axolotl_bucket":7,"minecraft:poisonous_potato":1,"minecraft:jungle_planks":147,"minecraft:sand":7064,"minecraft:melon":32,"minecraft:grass_block":878,"minecraft:diamond_block":1,"minecraft:jungle_slab":1227,"minecraft:shulker_box":122,"minecraft:mossy_cobblestone":54,"minecraft:dark_prismarine":9,"minecraft:jungle_leaves":891,"minecraft:light_gray_terracotta":5,"minecraft:spruce_fence_gate":22,"minecraft:sugar":25,"minecraft:clay":72,"minecraft:diamond":647,"minecraft:spruce_boat":81,"minecraft:netherite_helmet":2,"minecraft:grass":14,"minecraft:bone_meal":88,"minecraft:golden_apple":1,"minecraft:white_concrete":426,"minecraft:spruce_sign":17,"minecraft:chiseled_red_sandstone":9,"minecraft:oak_sapling":220,"minecraft:netherrack":6509,"minecraft:chorus_fruit":65,"minecraft:oak_leaves":2083,"minecraft:andesite_slab":3,"minecraft:end_stone_bricks":2,"minecraft:fishing_rod":2,"minecraft:cocoa_beans":26,"minecraft:azure_bluet":21,"minecraft:splash_potion":1,"minecraft:chicken":1,"minecraft:brown_mushroom":344,"minecraft:packed_ice":44,"minecraft:stone_brick_wall":30,"minecraft:chain":12,"minecraft:brick":30,"minecraft:shield":5,"minecraft:oak_trapdoor":1,"minecraft:moss_carpet":347,"minecraft:iron_axe":1,"minecraft:wooden_sword":2,"minecraft:quartz_slab":20,"minecraft:item_frame":29,"minecraft:mycelium":6476,"minecraft:blackstone":960,"minecraft:andesite_stairs":1,"minecraft:oak_boat":27,"minecraft:player_head":229,"minecraft:lectern":1,"minecraft:tinted_glass":4,"minecraft:sugar_cane":474,"minecraft:spruce_trapdoor":1,"minecraft:phantom_membrane":10,"minecraft:dark_oak_sapling":24,"minecraft:raw_iron":1495,"minecraft:end_stone":795,"minecraft:copper_ingot":5,"minecraft:bowl":11,"minecraft:flowering_azalea_leaves":1196,"minecraft:quartz_pillar":47,"minecraft:stone_button":66,"minecraft:iron_horse_armor":2,"minecraft:dark_oak_planks":106,"minecraft:smooth_sandstone_slab":7,"minecraft:arrow":195,"minecraft:jungle_stairs":29,"minecraft:pink_tulip":1,"minecraft:saddle":1,"minecraft:netherite_boots":1,"minecraft:jungle_boat":4,"minecraft:crimson_stem":9,"minecraft:basalt":2290,"minecraft:golden_carrot":32,"minecraft:glow_ink_sac":65,"minecraft:salmon":18,"minecraft:leather":73,"minecraft:cut_sandstone":247,"minecraft:music_disc_stal":1,"minecraft:birch_planks":3,"minecraft:mushroom_stew":3,"minecraft:crimson_fungus":10,"minecraft:chainmail_chestplate":1,"minecraft:nether_wart_block":18,"minecraft:gunpowder":60,"minecraft:cobblestone_stairs":41,"minecraft:orange_terracotta":27,"minecraft:smooth_sandstone":273,"minecraft:red_sandstone":4,"minecraft:acacia_trapdoor":8,"minecraft:iron_ingot":546,"minecraft:soul_sand":7,"minecraft:acacia_sapling":89,"minecraft:book":4,"minecraft:scaffolding":893,"minecraft:oak_slab":7,"minecraft:warped_fungus":24,"minecraft:nether_quartz_ore":747,"minecraft:birch_boat":7,"minecraft:pumpkin":21,"minecraft:stone_brick_slab":637,"minecraft:quartz":1416,"minecraft:dandelion":17,"minecraft:amethyst_shard":272,"minecraft:white_bed":15,"minecraft:dark_oak_fence_gate":2,"minecraft:spider_eye":51,"minecraft:mossy_stone_brick_slab":25,"minecraft:spruce_door":4,"minecraft:cut_red_sandstone":5,"minecraft:cyan_banner":2,"minecraft:pumpkin_seeds":6,"minecraft:dried_kelp_block":17,"minecraft:white_concrete_powder":10,"minecraft:campfire":1,"minecraft:iron_helmet":6,"minecraft:terracotta":37,"minecraft:netherite_hoe":1,"minecraft:damaged_anvil":1,"minecraft:acacia_slab":189,"minecraft:black_wool":14,"minecraft:coal":1333},"minecraft:dropped":{"minecraft:porkchop":3,"minecraft:cooked_beef":1,"minecraft:lapis_lazuli":9,"minecraft:glow_ink_sac":10,"minecraft:diamond":9,"minecraft:warped_roots":1,"minecraft:rooted_dirt":3,"minecraft:purpur_stairs":2,"minecraft:dirt":34,"minecraft:grass":3,"minecraft:sand":3,"minecraft:gold_nugget":224,"minecraft:phantom_membrane":3,"minecraft:white_wool":6,"minecraft:bone":8,"minecraft:sugar_cane":4,"minecraft:stone_axe":1,"minecraft:cobbled_deepslate":6,"minecraft:tinted_glass":4,"minecraft:wheat":1,"minecraft:deepslate_brick_slab":29,"minecraft:rotten_flesh":473,"minecraft:red_mushroom_block":120,"minecraft:deepslate_tiles":4,"minecraft:leather_boots":3,"minecraft:leather_leggings":2,"minecraft:beef":8,"minecraft:warped_wart_block":1,"minecraft:stone_brick_stairs":1,"minecraft:golden_boots":1,"minecraft:netherite_pickaxe":1,"minecraft:wheat_seeds":72,"minecraft:cobblestone":9,"minecraft:iron_helmet":2,"minecraft:apple":3,"minecraft:coal":5,"minecraft:mushroom_stew":1,"minecraft:pufferfish":1,"minecraft:acacia_sign":1,"minecraft:jungle_slab":1,"minecraft:ink_sac":1,"minecraft:golden_carrot":3,"minecraft:cooked_salmon":5,"minecraft:string":4,"minecraft:smooth_sandstone":5,"minecraft:player_head":1,"minecraft:stone_sword":1,"minecraft:deepslate":10,"minecraft:stone_shovel":1,"minecraft:clay_ball":10,"minecraft:oak_sign":7,"minecraft:spruce_boat":1,"minecraft:spruce_planks":2,"minecraft:diamond_pickaxe":2,"minecraft:stone_bricks":1,"minecraft:spider_eye":3,"minecraft:sandstone":1,"minecraft:bow":10,"minecraft:magma_block":1,"minecraft:brown_mushroom":193,"minecraft:moss_block":4,"minecraft:dark_oak_stairs":4,"minecraft:diamond_axe":3,"minecraft:ender_pearl":583,"minecraft:jungle_planks":128,"minecraft:flint":3,"minecraft:dark_oak_log":1,"minecraft:crimson_roots":5,"minecraft:axolotl_bucket":1,"minecraft:acacia_door":1,"minecraft:brown_mushroom_block":29,"minecraft:gold_ingot":3,"minecraft:gravel":14,"minecraft:purpur_block":2,"minecraft:blackstone":64,"minecraft:smooth_sandstone_stairs":1,"minecraft:diamond_shovel":1,"minecraft:carrot":4,"minecraft:mycelium":128,"minecraft:chainmail_chestplate":1,"minecraft:mushroom_stem":13,"minecraft:melon_seeds":4,"minecraft:acacia_slab":3,"minecraft:arrow":8,"minecraft:quartz":3,"minecraft:written_book":3,"minecraft:oak_leaves":3,"minecraft:netherrack":3,"minecraft:firework_rocket":28,"minecraft:vine":1,"minecraft:golden_helmet":3,"minecraft:spectral_arrow":2,"minecraft:copper_ingot":2,"minecraft:tropical_fish":5,"minecraft:acacia_trapdoor":2,"minecraft:stick":4,"minecraft:torch":14,"minecraft:iron_leggings":1,"minecraft:jungle_leaves":13,"minecraft:bucket":1,"minecraft:sweet_berries":19,"minecraft:raw_copper":50,"minecraft:tuff":9,"minecraft:raw_iron":7,"minecraft:iron_chestplate":1,"minecraft:andesite":6,"minecraft:golden_leggings":3,"minecraft:oak_sapling":6,"minecraft:golden_sword":57,"minecraft:birch_sign":1,"minecraft:stone_pickaxe":1},"minecraft:crafted":{"minecraft:black_dye":214,"minecraft:smooth_stone":6,"minecraft:oak_sign":108,"minecraft:cut_sandstone":368,"minecraft:birch_boat":1,"minecraft:chain":117,"minecraft:diamond_shovel":1,"minecraft:bookshelf":1,"minecraft:shulker_box":15,"minecraft:glass":153,"minecraft:quartz_block":431,"minecraft:diamond_helmet":1,"minecraft:diamond_leggings":1,"minecraft:birch_door":9,"minecraft:dried_kelp_block":18,"minecraft:flower_pot":54,"minecraft:deepslate":64,"minecraft:smooth_quartz":232,"minecraft:diamond_axe":1,"minecraft:jungle_boat":1,"minecraft:acacia_slab":1476,"minecraft:green_bed":106,"minecraft:smithing_table":2,"minecraft:mossy_cobblestone":130,"minecraft:copper_ingot":28,"minecraft:campfire":1,"minecraft:cartography_table":1,"minecraft:smooth_basalt":53,"minecraft:lectern":3,"minecraft:stone_slab":8,"minecraft:compass":17,"minecraft:iron_pickaxe":6,"minecraft:iron_block":21,"minecraft:gold_ingot":389,"minecraft:sandstone":331,"minecraft:netherite_ingot":5,"minecraft:spruce_fence_gate":67,"minecraft:polished_blackstone_bricks":1,"minecraft:dark_prismarine":192,"minecraft:jungle_sign":39,"minecraft:stone_shovel":1,"minecraft:smooth_stone_slab":12,"minecraft:player_head":261,"minecraft:iron_nugget":1683,"minecraft:spyglass":1,"minecraft:diamond_hoe":1,"minecraft:soul_torch":176,"minecraft:acacia_fence_gate":8,"minecraft:bone_meal":315,"minecraft:spruce_fence":210,"minecraft:terracotta":4,"minecraft:lantern":168,"minecraft:diamond":9,"minecraft:spruce_stairs":52,"minecraft:ladder":6,"minecraft:spruce_slab":432,"minecraft:stone_pickaxe":3,"minecraft:diamond_boots":1,"minecraft:spruce_boat":2,"minecraft:jungle_fence":24,"minecraft:dark_oak_planks":696,"minecraft:netherite_pickaxe":3,"minecraft:enchanting_table":1,"minecraft:dried_kelp":162,"minecraft:cyan_bed":64,"minecraft:crimson_slab":6,"minecraft:acacia_trapdoor":2,"minecraft:polished_granite":320,"minecraft:acacia_stairs":80,"minecraft:jungle_slab":3708,"minecraft:crimson_stairs":4,"minecraft:sandstone_wall":12,"minecraft:soul_lantern":15,"minecraft:acacia_sign":57,"minecraft:warped_sign":33,"minecraft:oak_stairs":44,"minecraft:writable_book":3,"minecraft:iron_shovel":8,"minecraft:iron_leggings":1,"minecraft:armor_stand":1,"minecraft:white_bed":1,"minecraft:brick":164,"minecraft:grindstone":1,"minecraft:oak_planks":1384,"minecraft:cobblestone_slab":2,"minecraft:barrel":45,"minecraft:polished_granite_slab":12,"minecraft:cooked_chicken":1,"minecraft:mossy_stone_brick_slab":60,"minecraft:red_sandstone":343,"minecraft:stone":653,"minecraft:warped_planks":720,"minecraft:green_dye":1,"minecraft:dark_oak_door":3,"minecraft:stone_brick_slab":132,"minecraft:chest":240,"minecraft:jungle_stairs":92,"minecraft:stone_hoe":1,"minecraft:stone_bricks":144,"minecraft:oak_fence":192,"minecraft:golden_boots":1,"minecraft:smoker":1,"minecraft:quartz_stairs":2,"minecraft:item_frame":29,"minecraft:oak_slab":30,"minecraft:map":15,"minecraft:crafting_table":39,"minecraft:spruce_planks":2112,"minecraft:wooden_pickaxe":1,"minecraft:iron_helmet":1,"minecraft:birch_planks":48,"minecraft:tnt":1,"minecraft:dark_oak_slab":204,"minecraft:book":3,"minecraft:iron_chestplate":1,"minecraft:paper":138,"minecraft:diamond_pickaxe":3,"minecraft:yellow_dye":1,"minecraft:shield":3,"minecraft:stick":918,"minecraft:warped_slab":120,"minecraft:iron_ingot":1120,"minecraft:stone_sword":1,"minecraft:dark_oak_fence_gate":14,"minecraft:shears":10,"minecraft:polished_andesite":272,"minecraft:cobbled_deepslate_slab":12,"minecraft:wooden_sword":1,"minecraft:oak_door":9,"minecraft:fishing_rod":1,"minecraft:mossy_stone_bricks":114,"minecraft:furnace":15,"minecraft:stone_button":64,"minecraft:dark_oak_trapdoor":6,"minecraft:jungle_trapdoor":90,"minecraft:smooth_quartz_stairs":2,"minecraft:glass_pane":224,"minecraft:scaffolding":108,"minecraft:white_concrete_powder":384,"minecraft:iron_axe":5,"minecraft:smooth_quartz_slab":32,"minecraft:netherite_scrap":20,"minecraft:birch_sign":3,"minecraft:cooked_beef":5,"minecraft:crimson_planks":64,"minecraft:diamond_sword":2,"minecraft:jungle_wood":75,"minecraft:spruce_sign":45,"minecraft:smooth_sandstone":544,"minecraft:bowl":4,"minecraft:bucket":17,"minecraft:stone_axe":2,"minecraft:bread":98,"minecraft:air":0,"minecraft:jungle_planks":4580,"minecraft:oak_boat":2,"minecraft:jungle_door":3,"minecraft:smooth_sandstone_slab":4,"minecraft:white_wool":3,"minecraft:white_dye":81,"minecraft:anvil":7,"minecraft:stonecutter":2,"minecraft:acacia_planks":1552,"minecraft:cut_red_sandstone":40,"minecraft:torch":552,"minecraft:granite_slab":6,"minecraft:clay":98,"minecraft:diamond_chestplate":1},"minecraft:killed":{"minecraft:cave_spider":6,"minecraft:cod":4,"minecraft:shulker":8,"minecraft:pufferfish":2,"minecraft:skeleton":112,"minecraft:chicken":1,"minecraft:skeleton_horse":31,"minecraft:magma_cube":25,"minecraft:salmon":10,"minecraft:pillager":1,"minecraft:zombie":235,"minecraft:glow_squid":12,"minecraft:cow":3,"minecraft:husk":3,"minecraft:rabbit":1,"minecraft:wandering_trader":2,"minecraft:enderman":829,"minecraft:zombified_piglin":3,"minecraft:witch":3,"minecraft:spider":60,"minecraft:turtle":1,"minecraft:piglin":1,"minecraft:pig":1,"minecraft:zombie_villager":6,"minecraft:creeper":45,"minecraft:sheep":1,"minecraft:trader_llama":8,"minecraft:mooshroom":19,"minecraft:slime":13,"minecraft:phantom":11,"minecraft:drowned":18,"minecraft:bat":2,"minecraft:hoglin":1,"minecraft:squid":67},"minecraft:used":{"minecraft:moss_block":605,"minecraft:writable_book":49,"minecraft:smooth_quartz_slab":214,"minecraft:spruce_slab":463,"minecraft:polished_blackstone":62,"minecraft:ladder":4,"minecraft:poppy":23,"minecraft:chest":460,"minecraft:stone":1090,"minecraft:warped_sign":1,"minecraft:quartz_stairs":63,"minecraft:rotten_flesh":7,"minecraft:chiseled_red_sandstone":27,"minecraft:soul_sand":5,"minecraft:lily_of_the_valley":2,"minecraft:cocoa_beans":12,"minecraft:jungle_slab":4322,"minecraft:deepslate_brick_slab":3,"minecraft:acacia_sapling":77,"minecraft:azure_bluet":16,"minecraft:spruce_boat":83,"minecraft:jungle_sapling":52,"minecraft:packed_ice":19,"minecraft:netherite_shovel":95,"minecraft:quartz_pillar":90,"minecraft:grass_block":624,"minecraft:deepslate_copper_ore":1,"minecraft:quartz_block":86,"minecraft:dark_oak_leaves":1,"minecraft:dark_oak_slab":158,"minecraft:stone_brick_stairs":60,"minecraft:blue_banner":3,"minecraft:bow":492,"minecraft:dark_oak_boat":1,"minecraft:sweet_berries":77,"minecraft:oak_sapling":2,"minecraft:cooked_cod":10,"minecraft:furnace":17,"minecraft:egg":1,"minecraft:potato":180,"minecraft:seagrass":12,"minecraft:mossy_stone_bricks":48,"minecraft:diorite":8,"minecraft:end_stone_bricks":2,"minecraft:damaged_anvil":1,"minecraft:spruce_door":4,"minecraft:orange_tulip":5,"minecraft:acacia_trapdoor":2,"minecraft:chorus_fruit":25,"minecraft:prismarine":2,"minecraft:blackstone":112,"minecraft:wooden_pickaxe":59,"minecraft:mossy_stone_brick_stairs":1,"minecraft:clay":81,"minecraft:purpur_pillar":1,"minecraft:smooth_quartz_stairs":3,"minecraft:jungle_boat":4,"minecraft:oak_leaves":680,"minecraft:golden_apple":1,"minecraft:glow_berries":56,"minecraft:dark_oak_trapdoor":7,"minecraft:sand":1072,"minecraft:cut_sandstone_slab":12,"minecraft:acacia_leaves":2,"minecraft:red_sandstone_wall":51,"minecraft:deepslate_tiles":139,"minecraft:red_sandstone":12,"minecraft:crying_obsidian":2,"minecraft:deepslate_iron_ore":62,"minecraft:stone_button":2,"minecraft:spore_blossom":4,"minecraft:lectern":4,"minecraft:red_terracotta":118,"minecraft:polished_granite":247,"minecraft:cut_red_sandstone":62,"minecraft:lilac":2,"minecraft:flowering_azalea_leaves":100,"minecraft:polished_andesite_slab":4,"minecraft:soul_lantern":8,"minecraft:nether_wart_block":17,"minecraft:diamond_sword":2209,"minecraft:wooden_sword":18,"minecraft:smithing_table":2,"minecraft:oak_boat":28,"minecraft:enchanting_table":3,"minecraft:stone_sword":87,"minecraft:acacia_log":6,"minecraft:armor_stand":1,"minecraft:mycelium":3232,"minecraft:sandstone_wall":46,"minecraft:cooked_salmon":8,"minecraft:netherrack":1836,"minecraft:torch":911,"minecraft:brewing_stand":1,"minecraft:warped_wart_block":81,"minecraft:anvil":12,"minecraft:nether_quartz_ore":452,"minecraft:twisting_vines":2,"minecraft:stone_stairs":2,"minecraft:jungle_trapdoor":97,"minecraft:polished_granite_slab":125,"minecraft:glow_lichen":10,"minecraft:polished_diorite":58,"minecraft:small_dripleaf":11,"minecraft:shroomlight":50,"minecraft:flowering_azalea":35,"minecraft:sea_lantern":4,"minecraft:chipped_anvil":1,"minecraft:iron_axe":1270,"minecraft:rooted_dirt":28,"minecraft:jungle_log":254,"minecraft:smooth_quartz":226,"minecraft:totem_of_undying":3,"minecraft:barrel":76,"minecraft:bamboo":21,"minecraft:smooth_basalt":6,"minecraft:glowstone":35,"minecraft:basalt":315,"minecraft:orange_terracotta":81,"minecraft:acacia_planks":638,"minecraft:cobbled_deepslate":2667,"minecraft:hanging_roots":1,"minecraft:calcite":145,"minecraft:crimson_stem":20,"minecraft:wheat_seeds":519,"minecraft:water_bucket":523,"minecraft:warped_stem":8,"minecraft:sandstone_stairs":173,"minecraft:rabbit":1,"minecraft:cartography_table":1,"minecraft:smooth_sandstone_slab":17,"minecraft:red_mushroom_block":300,"minecraft:glow_ink_sac":3,"minecraft:spruce_fence_gate":89,"minecraft:deepslate_bricks":17,"minecraft:mossy_cobblestone":78,"minecraft:rail":1,"minecraft:vine":10,"minecraft:crafting_table":55,"minecraft:oak_slab":12,"minecraft:birch_sign":11,"minecraft:white_bed":16,"minecraft:campfire":1,"minecraft:dark_oak_fence_gate":16,"minecraft:spruce_log":623,"minecraft:mushroom_stem":235,"minecraft:oak_log":13,"minecraft:dark_prismarine":131,"minecraft:cornflower":2,"minecraft:yellow_dye":1,"minecraft:diamond_pickaxe":33552,"minecraft:oxeye_daisy":2,"minecraft:diamond_shovel":18666,"minecraft:acacia_sign":30,"minecraft:iron_pickaxe":1763,"minecraft:spruce_sapling":56,"minecraft:crimson_nylium":8,"minecraft:cobblestone":750,"minecraft:azalea_leaves":186,"minecraft:crimson_stairs":5,"minecraft:dandelion":5,"minecraft:cooked_porkchop":3,"minecraft:porkchop":3,"minecraft:andesite_stairs":3,"minecraft:sandstone_slab":17,"minecraft:glass_pane":146,"minecraft:brown_mushroom_block":143,"minecraft:kelp":51,"minecraft:moss_carpet":47,"minecraft:iron_shovel":2021,"minecraft:polished_deepslate":127,"minecraft:diamond_hoe":8422,"minecraft:oak_sign":179,"minecraft:polished_basalt":1,"minecraft:white_concrete_powder":384,"minecraft:shield":74,"minecraft:iron_sword":13,"minecraft:nether_wart":2,"minecraft:player_head":17,"minecraft:mossy_stone_brick_slab":102,"minecraft:grass":1,"minecraft:smooth_sandstone_stairs":54,"minecraft:soul_campfire":2,"minecraft:jungle_planks":125,"minecraft:carrot":179,"minecraft:tuff":159,"minecraft:axolotl_bucket":87,"minecraft:obsidian":121,"minecraft:big_dripleaf":16,"minecraft:red_sandstone_stairs":10,"minecraft:glass":7,"minecraft:coal_ore":164,"minecraft:quartz_slab":71,"minecraft:lantern":185,"minecraft:blue_orchid":3,"minecraft:crimson_roots":12,"minecraft:stone_bricks":2105,"minecraft:item_frame":58,"minecraft:magma_block":3,"minecraft:written_book":41,"minecraft:scaffolding":769,"minecraft:stone_pickaxe":393,"minecraft:jungle_fence":21,"minecraft:oak_planks":35,"minecraft:ender_pearl":10,"minecraft:sandstone":980,"minecraft:diamond_axe":10525,"minecraft:sugar_cane":54,"minecraft:white_wool":2,"minecraft:yellow_terracotta":341,"minecraft:mushroom_stew":227,"minecraft:light_blue_wool":1,"minecraft:light_gray_terracotta":143,"minecraft:stone_brick_wall":40,"minecraft:shears":1810,"minecraft:end_stone":768,"minecraft:dark_oak_log":46,"minecraft:firework_rocket":626,"minecraft:bread":100,"minecraft:warped_slab":56,"minecraft:melon_slice":32,"minecraft:cyan_bed":64,"minecraft:string":51,"minecraft:deepslate":264,"minecraft:gravel":63,"minecraft:granite_slab":8,"minecraft:jungle_sign":10,"minecraft:grindstone":3,"minecraft:chain":83,"minecraft:andesite":222,"minecraft:tropical_fish_bucket":15,"minecraft:white_concrete":407,"minecraft:bone_meal":108,"minecraft:azalea":87,"minecraft:jungle_leaves":438,"minecraft:oak_fence":34,"minecraft:rose_bush":4,"minecraft:white_tulip":3,"minecraft:flint_and_steel":12,"minecraft:stone_shovel":142,"minecraft:spruce_planks":1311,"minecraft:ender_chest":21,"minecraft:deepslate_gold_ore":6,"minecraft:stone_hoe":137,"minecraft:cooked_chicken":1,"minecraft:oak_door":15,"minecraft:dirt":4781,"minecraft:spyglass":2,"minecraft:spruce_stairs":43,"minecraft:diamond_helmet":1,"minecraft:shulker_box":128,"minecraft:granite":51,"minecraft:spruce_fence":211,"minecraft:birch_door":29,"minecraft:dark_oak_planks":572,"minecraft:brown_terracotta":206,"minecraft:stone_brick_slab":1722,"minecraft:red_tulip":4,"minecraft:bookshelf":58,"minecraft:oak_stairs":24,"minecraft:smooth_sandstone":480,"minecraft:acacia_slab":1625,"minecraft:crimson_slab":1,"minecraft:golden_carrot":560,"minecraft:soul_soil":7,"minecraft:deepslate_tile_stairs":2,"minecraft:netherite_pickaxe":8564,"minecraft:cyan_banner":2,"minecraft:cooked_beef":279,"minecraft:pink_tulip":4,"minecraft:quartz_bricks":10,"minecraft:amethyst_block":38,"minecraft:iron_ore":119,"minecraft:cobblestone_stairs":119,"minecraft:polished_andesite":274,"minecraft:baked_potato":8,"minecraft:andesite_slab":5,"minecraft:cut_sandstone":794,"minecraft:birch_boat":8,"minecraft:brown_mushroom":10,"minecraft:spruce_sign":11,"minecraft:white_dye":1,"minecraft:stonecutter":8,"minecraft:green_bed":34,"minecraft:cobblestone_slab":29,"minecraft:warped_roots":3,"minecraft:jungle_wood":73,"minecraft:stripped_dark_oak_log":33,"minecraft:terracotta":131,"minecraft:dark_oak_door":4,"minecraft:warped_planks":203,"minecraft:nether_gold_ore":9,"minecraft:apple":22,"minecraft:flower_pot":42,"minecraft:acacia_stairs":48,"minecraft:map":12,"minecraft:jungle_stairs":99,"minecraft:stone_slab":3,"minecraft:acacia_fence_gate":8,"minecraft:stone_axe":119,"minecraft:fishing_rod":44,"minecraft:crimson_fungus":1,"minecraft:cobbled_deepslate_slab":11,"minecraft:jungle_door":2,"minecraft:bucket":638,"minecraft:smooth_stone":3,"minecraft:splash_potion":2,"minecraft:peony":4},"minecraft:custom":{"minecraft:interact_with_crafting_table":526,"minecraft:open_barrel":324,"minecraft:eat_cake_slice":1,"minecraft:leave_game":371,"minecraft:time_since_death":898196,"minecraft:damage_blocked_by_shield":3880,"minecraft:play_time":9147724,"minecraft:deaths":16,"minecraft:jump":122114,"minecraft:enchant_item":15,"minecraft:interact_with_furnace":405,"minecraft:traded_with_villager":72,"minecraft:interact_with_cartography_table":1,"minecraft:sleep_in_bed":254,"minecraft:damage_dealt":138397,"minecraft:horse_one_cm":55800,"minecraft:interact_with_smithing_table":6,"minecraft:interact_with_anvil":96,"minecraft:inspect_hopper":2,"minecraft:sneak_time":643554,"minecraft:interact_with_lectern":62,"minecraft:total_world_time":9147724,"minecraft:interact_with_stonecutter":133,"minecraft:time_since_rest":7311,"minecraft:swim_one_cm":3322483,"minecraft:fly_one_cm":29298184,"minecraft:open_chest":4892,"minecraft:fish_caught":25,"minecraft:fall_one_cm":2525125,"minecraft:animals_bred":36,"minecraft:open_shulker_box":558,"minecraft:damage_resisted":152,"minecraft:sprint_one_cm":32085590,"minecraft:drop":383,"minecraft:talked_to_villager":30,"minecraft:interact_with_brewingstand":1,"minecraft:walk_on_water_one_cm":800435,"minecraft:open_enderchest":234,"minecraft:crouch_one_cm":2030098,"minecraft:mob_kills":9664,"minecraft:interact_with_campfire":22,"minecraft:climb_one_cm":909105,"minecraft:walk_one_cm":20804683,"minecraft:walk_under_water_one_cm":880274,"minecraft:boat_one_cm":8260627,"minecraft:pot_flower":30,"minecraft:interact_with_grindstone":14,"minecraft:damage_taken":31722,"minecraft:damage_absorbed":94,"minecraft:aviate_one_cm":22280327},"minecraft:mined":{"minecraft:dark_oak_planks":106,"minecraft:polished_granite_slab":8,"minecraft:dragon_wall_head":1,"minecraft:cut_sandstone_slab":12,"minecraft:white_bed":10,"minecraft:chiseled_red_sandstone":9,"minecraft:jungle_leaves":1047,"minecraft:obsidian":177,"minecraft:granite":486,"minecraft:red_sand":2309,"minecraft:acacia_log":464,"minecraft:stone_brick_wall":4,"minecraft:jungle_log":1844,"minecraft:deepslate_bricks":17,"minecraft:deepslate_tile_stairs":2,"minecraft:crimson_fungus":9,"minecraft:oxeye_daisy":4,"minecraft:oak_wall_sign":43,"minecraft:nether_wart":2,"minecraft:tall_seagrass":4,"minecraft:magma_block":9,"minecraft:dark_oak_trapdoor":2,"minecraft:fire":1213,"minecraft:cobbled_deepslate":129,"minecraft:barrel":35,"minecraft:cyan_wall_banner":1,"minecraft:moss_carpet":67,"minecraft:pumpkin":15,"minecraft:deepslate_lapis_ore":24,"minecraft:enchanting_table":2,"minecraft:cave_vines":33,"minecraft:oak_sign":9,"minecraft:dirt_path":943,"minecraft:oak_stairs":3,"minecraft:quartz_slab":10,"minecraft:pink_tulip":1,"minecraft:smooth_sandstone_stairs":18,"minecraft:player_head":2,"minecraft:tripwire":14,"minecraft:jungle_trapdoor":11,"minecraft:sandstone_slab":1,"minecraft:blue_wall_banner":1,"minecraft:cut_sandstone":192,"minecraft:brown_mushroom":160,"minecraft:kelp_plant":26,"minecraft:player_wall_head":6,"minecraft:crimson_nylium":44,"minecraft:soul_fire":5,"minecraft:amethyst_cluster":14,"minecraft:torch":382,"minecraft:melon":37,"minecraft:dead_bush":28,"minecraft:spruce_wall_sign":2,"minecraft:smooth_quartz_slab":79,"minecraft:sugar_cane":184,"minecraft:damaged_anvil":1,"minecraft:smooth_sandstone_slab":7,"minecraft:crimson_stairs":3,"minecraft:spruce_sign":11,"minecraft:amethyst_block":44,"minecraft:chain":12,"minecraft:jungle_wood":19,"minecraft:tinted_glass":2,"minecraft:wheat":309,"minecraft:birch_door":27,"minecraft:warped_fungus":22,"minecraft:potted_poppy":1,"minecraft:stone_brick_stairs":13,"minecraft:grass":503,"minecraft:smooth_quartz":79,"minecraft:sandstone_wall":12,"minecraft:smooth_basalt":172,"minecraft:red_mushroom_block":1469,"minecraft:stonecutter":6,"minecraft:cut_red_sandstone":5,"minecraft:deepslate":17857,"minecraft:yellow_terracotta":24,"minecraft:dark_prismarine":9,"minecraft:deepslate_tiles":139,"minecraft:light_blue_wool":1,"minecraft:mossy_cobblestone":9,"minecraft:dark_oak_log":255,"minecraft:shulker_box":116,"minecraft:end_stone":781,"minecraft:cobbled_deepslate_slab":1,"minecraft:spruce_fence":22,"minecraft:jungle_planks":50,"minecraft:crimson_roots":4,"minecraft:red_sandstone_stairs":2,"minecraft:moss_block":1163,"minecraft:kelp":54,"minecraft:white_concrete_powder":5,"minecraft:acacia_trapdoor":2,"minecraft:jungle_sapling":16,"minecraft:red_sandstone":4,"minecraft:acacia_wood":14,"minecraft:andesite":842,"minecraft:big_dripleaf_stem":5,"minecraft:mossy_stone_brick_stairs":1,"minecraft:potatoes":52,"minecraft:rail":1,"minecraft:vine":1320,"minecraft:cobblestone_slab":8,"minecraft:warped_stem":347,"minecraft:bamboo":37,"minecraft:white_wool":2,"minecraft:cake":1,"minecraft:ender_chest":16,"minecraft:smithing_table":1,"minecraft:oak_slab":1,"minecraft:glass_pane":67,"minecraft:soul_sand":7,"minecraft:hanging_roots":4,"minecraft:stone_brick_slab":376,"minecraft:dandelion":16,"minecraft:jungle_sign":2,"minecraft:smooth_sandstone":161,"minecraft:warped_roots":1,"minecraft:campfire":1,"minecraft:copper_ore":8,"minecraft:purpur_pillar":1,"minecraft:tall_grass":28,"minecraft:deepslate_gold_ore":243,"minecraft:diorite":273,"minecraft:big_dripleaf":2,"minecraft:warped_wart_block":483,"minecraft:red_terracotta":27,"minecraft:spruce_log":1735,"minecraft:birch_leaves":1,"minecraft:jungle_fence":5,"minecraft:quartz_pillar":36,"minecraft:red_sandstone_wall":3,"minecraft:mycelium":5474,"minecraft:gravel":700,"minecraft:cobweb":137,"minecraft:brown_terracotta":6,"minecraft:spruce_fence_gate":22,"minecraft:acacia_planks":123,"minecraft:birch_sign":3,"minecraft:polished_blackstone":6,"minecraft:stone_bricks":476,"minecraft:gold_ore":1,"minecraft:chipped_anvil":1,"minecraft:fern":68,"minecraft:spruce_planks":457,"minecraft:farmland":117,"minecraft:mossy_stone_brick_slab":23,"minecraft:andesite_stairs":1,"minecraft:jungle_slab":848,"minecraft:cobblestone_stairs":11,"minecraft:brewing_stand":1,"minecraft:spruce_trapdoor":1,"minecraft:cave_vines_plant":44,"minecraft:grass_block":1916,"minecraft:white_concrete":418,"minecraft:soul_soil":46,"minecraft:polished_diorite":13,"minecraft:sandstone_stairs":74,"minecraft:smooth_stone":3,"minecraft:glowstone":202,"minecraft:iron_ore":393,"minecraft:anvil":6,"minecraft:azure_bluet":7,"minecraft:dark_oak_stairs":5,"minecraft:red_tulip":1,"minecraft:flowering_azalea_leaves":1195,"minecraft:birch_wall_sign":2,"minecraft:azalea_leaves":3596,"minecraft:azalea":54,"minecraft:end_stone_bricks":3,"minecraft:brain_coral_block":1,"minecraft:spruce_slab":166,"minecraft:deepslate_redstone_ore":82,"minecraft:jungle_door":1,"minecraft:quartz_block":42,"minecraft:blackstone":717,"minecraft:twisting_vines_plant":1,"minecraft:orange_terracotta":27,"minecraft:purpur_stairs":2,"minecraft:clay":174,"minecraft:light_gray_terracotta":5,"minecraft:jungle_stairs":18,"minecraft:calcite":217,"minecraft:poppy":25,"minecraft:chest":272,"minecraft:mushroom_stem":352,"minecraft:nether_quartz_ore":1383,"minecraft:cobblestone":208,"minecraft:grindstone":2,"minecraft:prismarine":2,"minecraft:oak_planks":42,"minecraft:wall_torch":76,"minecraft:deepslate_copper_ore":3,"minecraft:seagrass":14,"minecraft:warped_nylium":38,"minecraft:dark_oak_slab":96,"minecraft:warped_planks":6,"minecraft:dark_oak_door":1,"minecraft:nether_wart_block":18,"minecraft:birch_log":31,"minecraft:purpur_block":6,"minecraft:oak_log":788,"minecraft:sand":5124,"minecraft:dirt":4219,"minecraft:ancient_debris":17,"minecraft:netherrack":3146,"minecraft:oak_leaves":2651,"minecraft:nether_gold_ore":34,"minecraft:diamond_ore":1,"minecraft:crying_obsidian":4,"minecraft:tuff":1696,"minecraft:quartz_stairs":31,"minecraft:dark_oak_leaves":4,"minecraft:deepslate_diamond_ore":273,"minecraft:oak_door":6,"minecraft:glow_lichen":8,"minecraft:brown_mushroom_block":788,"minecraft:spruce_leaves":82,"minecraft:acacia_slab":154,"minecraft:sandstone":2942,"minecraft:rooted_dirt":43,"minecraft:crimson_stem":10,"minecraft:large_fern":1,"minecraft:spore_blossom":7,"minecraft:deepslate_brick_slab":79,"minecraft:furnace":12,"minecraft:carrots":50,"minecraft:polished_basalt":1,"minecraft:acacia_stairs":10,"minecraft:dark_oak_fence_gate":2,"minecraft:peony":1,"minecraft:polished_deepslate":81,"minecraft:bookshelf":43,"minecraft:deepslate_iron_ore":594,"minecraft:shroomlight":103,"minecraft:lantern":10,"minecraft:packed_ice":37,"minecraft:chorus_plant":7,"minecraft:stone":4907,"minecraft:podzol":8,"minecraft:scaffolding":321,"minecraft:acacia_leaves":48,"minecraft:flowering_azalea":22,"minecraft:infested_stone_bricks":1,"minecraft:stripped_dark_oak_log":33,"minecraft:basalt":1825,"minecraft:polished_granite":124,"minecraft:spruce_door":4,"minecraft:oak_fence":2,"minecraft:crafting_table":28,"minecraft:andesite_slab":2,"minecraft:lectern":1,"minecraft:stone_slab":1,"minecraft:deepslate_coal_ore":6,"minecraft:quartz_bricks":10,"minecraft:lapis_ore":8,"minecraft:spruce_stairs":21,"minecraft:cactus":2,"minecraft:sweet_berry_bush":2,"minecraft:coal_ore":848,"minecraft:cocoa":6,"minecraft:end_rod":17,"minecraft:flower_pot":2,"minecraft:terracotta":37,"minecraft:polished_andesite":84,"minecraft:small_dripleaf":11,"minecraft:mossy_stone_bricks":5,"minecraft:acacia_wall_sign":9,"minecraft:warped_slab":22},"minecraft:killed_by":{"minecraft:zombie":4,"minecraft:creeper":1,"minecraft:cave_spider":1,"minecraft:skeleton":2},"minecraft:broken":{"minecraft:shears":7,"minecraft:stone_hoe":1,"minecraft:wooden_pickaxe":1,"minecraft:shield":1,"minecraft:iron_axe":5,"minecraft:iron_pickaxe":7,"minecraft:iron_shovel":8,"minecraft:stone_pickaxe":3,"minecraft:stone_axe":1,"minecraft:stone_shovel":1}},"DataVersion":2975}