{"stats":{"minecraft:picked_up":{"minecraft:golden_carrot":37,"minecraft:water_bucket":4,"minecraft:trident":7,"minecraft:dirt":1,"minecraft:diamond_chestplate":1,"minecraft:bow":1,"minecraft:diamond_leggings":1,"minecraft:bucket":1,"minecraft:diamond_boots":1,"minecraft:oak_boat":2,"minecraft:player_head":1,"minecraft:diamond_helmet":1},"minecraft:dropped":{"minecraft:trident":1},"minecraft:used":{"minecraft:trident":53,"minecraft:water_bucket":33,"minecraft:diamond_boots":1,"minecraft:diamond_chestplate":1,"minecraft:diamond_sword":3,"minecraft:dirt":1,"minecraft:golden_carrot":12,"minecraft:birch_sign":1,"minecraft:oak_boat":2,"minecraft:bucket":46,"minecraft:diamond_helmet":1,"minecraft:powder_snow_bucket":13,"minecraft:diamond_leggings":1},"minecraft:custom":{"minecraft:time_since_rest":13545,"minecraft:open_enderchest":1,"minecraft:sprint_one_cm":311698,"minecraft:damage_taken":2521,"minecraft:walk_one_cm":75288,"minecraft:mob_kills":1,"minecraft:drop":1,"minecraft:damage_dealt":181,"minecraft:swim_one_cm":814,"minecraft:fly_one_cm":524034,"minecraft:open_barrel":14,"minecraft:pig_one_cm":558,"minecraft:open_chest":19,"minecraft:crouch_one_cm":7453,"minecraft:play_time":47750,"minecraft:deaths":5,"minecraft:sneak_time":2099,"minecraft:bell_ring":96,"minecraft:walk_under_water_one_cm":8423,"minecraft:boat_one_cm":870249,"minecraft:jump":1202,"minecraft:leave_game":2,"minecraft:time_since_death":32995,"minecraft:walk_on_water_one_cm":28215,"minecraft:sleep_in_bed":3,"minecraft:total_world_time":47750,"minecraft:climb_one_cm":284,"minecraft:fall_one_cm":81652},"minecraft:mined":{"minecraft:powder_snow":10,"minecraft:grass_block":2}},"DataVersion":2865}