{"stats":{"minecraft:custom":{"minecraft:inspect_dropper":4,"minecraft:mob_kills":38,"minecraft:interact_with_anvil":1,"minecraft:interact_with_crafting_table":23,"minecraft:open_barrel":41,"minecraft:open_shulker_box":28,"minecraft:bell_ring":3,"minecraft:eat_cake_slice":20,"minecraft:leave_game":9,"minecraft:time_since_death":0,"minecraft:climb_one_cm":7276,"minecraft:sprint_one_cm":495284,"minecraft:walk_one_cm":460673,"minecraft:drop":24,"minecraft:play_time":194456,"minecraft:deaths":7,"minecraft:sneak_time":1821,"minecraft:walk_under_water_one_cm":23738,"minecraft:boat_one_cm":290670,"minecraft:interact_with_lectern":3,"minecraft:jump":4390,"minecraft:walk_on_water_one_cm":30127,"minecraft:total_world_time":194456,"minecraft:interact_with_furnace":20,"minecraft:sleep_in_bed":1,"minecraft:time_since_rest":21,"minecraft:open_enderchest":19,"minecraft:damage_taken":3318,"minecraft:damage_dealt":4001,"minecraft:swim_one_cm":171600,"minecraft:fly_one_cm":1064329,"minecraft:open_chest":88,"minecraft:crouch_one_cm":4961,"minecraft:fish_caught":5,"minecraft:fall_one_cm":139052,"minecraft:inspect_dispenser":1,"minecraft:horse_one_cm":1088},"minecraft:killed":{"minecraft:chicken":1,"minecraft:drowned":4,"minecraft:pig":5,"minecraft:salmon":2,"minecraft:sheep":1,"minecraft:zombie":1,"minecraft:mooshroom":20,"minecraft:cow":4},"minecraft:mined":{"minecraft:dark_oak_planks":1,"minecraft:dark_oak_log":2,"minecraft:shulker_box":2,"minecraft:spruce_leaves":11,"minecraft:large_fern":4,"minecraft:furnace":3,"minecraft:iron_ore":2,"minecraft:cobblestone_slab":2,"minecraft:stone":89,"minecraft:kelp_plant":2,"minecraft:spruce_door":1,"minecraft:crafting_table":9,"minecraft:cobblestone":3,"minecraft:lapis_ore":2,"minecraft:oak_planks":9,"minecraft:birch_log":5,"minecraft:sweet_berry_bush":10,"minecraft:spruce_log":6,"minecraft:birch_leaves":1,"minecraft:grass":1,"minecraft:coal_ore":4,"minecraft:gravel":17,"minecraft:sand":85,"minecraft:cobweb":3},"minecraft:dropped":{"minecraft:wheat_seeds":1,"minecraft:netherite_helmet":1,"minecraft:netherite_chestplate":1,"minecraft:feather":4,"minecraft:flint":6,"minecraft:netherite_boots":1,"minecraft:bone_meal":1,"minecraft:phantom_membrane":1,"minecraft:kelp":1,"minecraft:diamond_hoe":1,"minecraft:chicken":2,"minecraft:netherite_leggings":1,"minecraft:filled_map":1,"minecraft:diamond_sword":1,"minecraft:cobblestone_slab":6,"minecraft:stone":3,"minecraft:spruce_planks":1,"minecraft:diamond_pickaxe":2,"minecraft:written_book":1},"minecraft:crafted":{"minecraft:wooden_sword":2,"minecraft:cobblestone_slab":6,"minecraft:stone_shovel":1,"minecraft:leather_leggings":1,"minecraft:leather_boots":1,"minecraft:dark_oak_boat":1,"minecraft:furnace":3,"minecraft:bow":1,"minecraft:stone_pickaxe":1,"minecraft:dark_oak_planks":8,"minecraft:cooked_beef":16,"minecraft:crafting_table":4,"minecraft:spruce_planks":24,"minecraft:dried_kelp":5,"minecraft:wooden_pickaxe":1,"minecraft:spruce_door":3,"minecraft:leather_helmet":1,"minecraft:birch_planks":20,"minecraft:stone_axe":1,"minecraft:bread":6,"minecraft:air":0,"minecraft:shield":1,"minecraft:stick":16,"minecraft:iron_ingot":2,"minecraft:leather_chestplate":1,"minecraft:wooden_axe":1},"minecraft:used":{"minecraft:writable_book":1,"minecraft:stone_shovel":79,"minecraft:dried_kelp":5,"minecraft:mutton":2,"minecraft:shulker_box":2,"minecraft:wooden_axe":2,"minecraft:beef":29,"minecraft:dark_oak_boat":15,"minecraft:sweet_berries":28,"minecraft:furnace":4,"minecraft:cooked_beef":4,"minecraft:spruce_door":5,"minecraft:stone_pickaxe":102,"minecraft:wooden_pickaxe":4,"minecraft:spruce_sign":1,"minecraft:cobblestone_slab":3,"minecraft:salmon":4,"minecraft:sand":52,"minecraft:crafting_table":10,"minecraft:cod":3,"minecraft:bread":6,"minecraft:map":1,"minecraft:gravel":1,"minecraft:stone_axe":64,"minecraft:jungle_sign":2,"minecraft:fishing_rod":36,"minecraft:wooden_sword":9,"minecraft:cobblestone":36,"minecraft:porkchop":11},"minecraft:killed_by":{"minecraft:player":1},"minecraft:picked_up":{"minecraft:crafting_table":10,"minecraft:chicken":4,"minecraft:leather_leggings":1,"minecraft:diamond_sword":1,"minecraft:wooden_pickaxe":1,"minecraft:shield":1,"minecraft:string":3,"minecraft:spruce_planks":1,"minecraft:beef":57,"minecraft:cobblestone_slab":9,"minecraft:player_head":5,"minecraft:phantom_membrane":2,"minecraft:diamond_hoe":1,"minecraft:furnace":5,"minecraft:stick":2,"minecraft:raw_iron":2,"minecraft:stone":3,"minecraft:copper_ingot":2,"minecraft:porkchop":11,"minecraft:dark_oak_planks":1,"minecraft:rotten_flesh":4,"minecraft:stone_shovel":1,"minecraft:netherite_chestplate":1,"minecraft:mutton":2,"minecraft:cod":3,"minecraft:white_wool":1,"minecraft:cobblestone":114,"minecraft:birch_log":5,"minecraft:netherite_boots":1,"minecraft:leather_chestplate":1,"minecraft:feather":4,"minecraft:cooked_beef":12,"minecraft:salmon":4,"minecraft:leather":26,"minecraft:dark_oak_boat":16,"minecraft:filled_map":1,"minecraft:flint":6,"minecraft:lapis_lazuli":28,"minecraft:netherite_leggings":1,"minecraft:leather_boots":1,"minecraft:kelp":7,"minecraft:wheat_seeds":1,"minecraft:stone_pickaxe":1,"minecraft:iron_ingot":65,"minecraft:oak_planks":9,"minecraft:sweet_berries":28,"minecraft:gravel":26,"minecraft:sand":116,"minecraft:spruce_log":6,"minecraft:spruce_door":2,"minecraft:dark_oak_log":2,"minecraft:shulker_box":2,"minecraft:leather_helmet":1,"minecraft:diamond":14,"minecraft:stone_axe":1,"minecraft:netherite_helmet":1,"minecraft:bone_meal":2,"minecraft:spruce_sign":1,"minecraft:coal":24,"minecraft:diamond_pickaxe":2}},"DataVersion":2975}