{"stats":{"minecraft:dropped":{"minecraft:sweet_berries":173},"minecraft:killed_by":{"minecraft:player":1},"minecraft:picked_up":{"minecraft:sweet_berries":230,"minecraft:written_book":1,"minecraft:grass_block":15,"minecraft:dirt":1},"minecraft:used":{"minecraft:writable_book":1,"minecraft:written_book":1,"minecraft:sweet_berries":44,"minecraft:grass_block":1},"minecraft:custom":{"minecraft:open_barrel":4,"minecraft:time_since_rest":10378,"minecraft:open_chest":3,"minecraft:walk_one_cm":40653,"minecraft:play_time":24013,"minecraft:sprint_one_cm":66708,"minecraft:open_shulker_box":3,"minecraft:open_enderchest":2,"minecraft:damage_taken":1125,"minecraft:deaths":3,"minecraft:sneak_time":27,"minecraft:drop":173,"minecraft:jump":497,"minecraft:damage_dealt":10,"minecraft:leave_game":1,"minecraft:time_since_death":10358,"minecraft:total_world_time":24013,"minecraft:fall_one_cm":19775,"minecraft:fly_one_cm":136144}},"DataVersion":3105}