{"stats":{"minecraft:killed_by":{"minecraft:zombie":4,"minecraft:ghast":1,"minecraft:creeper":4,"minecraft:enderman":1,"minecraft:iron_golem":1,"minecraft:phantom":1},"minecraft:broken":{"minecraft:golden_boots":1,"minecraft:wooden_sword":1,"minecraft:iron_sword":13,"minecraft:leather_helmet":2,"minecraft:stone_sword":5,"minecraft:stone_hoe":1,"minecraft:iron_axe":12,"minecraft:iron_pickaxe":24,"minecraft:iron_helmet":2,"minecraft:golden_helmet":1,"minecraft:iron_shovel":5,"minecraft:golden_leggings":2,"minecraft:stone_pickaxe":3,"minecraft:stone_axe":1,"minecraft:stone_shovel":4,"minecraft:golden_chestplate":3,"minecraft:golden_pickaxe":2},"minecraft:mined":{"minecraft:white_bed":3,"minecraft:jungle_leaves":62,"minecraft:obsidian":156,"minecraft:carved_pumpkin":1,"minecraft:granite":290,"minecraft:acacia_log":76,"minecraft:jungle_log":9,"minecraft:crimson_fungus":1,"minecraft:hopper":2,"minecraft:oak_wall_sign":1,"minecraft:spawner":1,"minecraft:tall_seagrass":21,"minecraft:weeping_vines_plant":1,"minecraft:fire":58,"minecraft:cobbled_deepslate":96,"minecraft:pumpkin":49,"minecraft:deepslate_lapis_ore":28,"minecraft:enchanting_table":1,"minecraft:twisting_vines":1,"minecraft:dirt_path":5,"minecraft:player_head":1,"minecraft:orange_bed":21,"minecraft:brown_mushroom":7,"minecraft:red_bed":3,"minecraft:kelp_plant":14,"minecraft:crimson_nylium":28,"minecraft:amethyst_cluster":4,"minecraft:soul_fire":2,"minecraft:powder_snow":3,"minecraft:torch":47,"minecraft:melon":58,"minecraft:spruce_wall_sign":5,"minecraft:glass":18,"minecraft:sugar_cane":291,"minecraft:amethyst_block":7,"minecraft:wheat":1349,"minecraft:lilac":12,"minecraft:pumpkin_stem":3,"minecraft:birch_door":15,"minecraft:warped_fungus":1,"minecraft:grass":432,"minecraft:oak_fence_gate":1,"minecraft:smooth_basalt":1,"minecraft:piston":1,"minecraft:deepslate":791,"minecraft:yellow_terracotta":2,"minecraft:mossy_cobblestone":98,"minecraft:end_stone":34,"minecraft:cobbled_deepslate_slab":6,"minecraft:crimson_roots":8,"minecraft:kelp":10,"minecraft:redstone_ore":25,"minecraft:acacia_trapdoor":2,"minecraft:snow":2,"minecraft:acacia_wood":1,"minecraft:andesite":191,"minecraft:potatoes":112,"minecraft:rail":628,"minecraft:bamboo_sapling":4,"minecraft:bamboo":81,"minecraft:bone_block":44,"minecraft:ender_chest":4,"minecraft:oak_slab":21,"minecraft:glass_pane":2,"minecraft:soul_sand":31,"minecraft:dandelion":3,"minecraft:cobbled_deepslate_wall":4,"minecraft:cornflower":1,"minecraft:tall_grass":25,"minecraft:copper_ore":363,"minecraft:deepslate_gold_ore":68,"minecraft:diorite":112,"minecraft:warped_wart_block":4,"minecraft:red_terracotta":2,"minecraft:white_carpet":3,"minecraft:spruce_log":841,"minecraft:acacia_door":1,"minecraft:sunflower":67,"minecraft:gravel":122,"minecraft:dripstone_block":26,"minecraft:cobweb":407,"minecraft:acacia_planks":31,"minecraft:gold_ore":36,"minecraft:fern":9,"minecraft:spruce_planks":2,"minecraft:cobbled_deepslate_stairs":2,"minecraft:brewing_stand":1,"minecraft:spruce_trapdoor":4,"minecraft:grass_block":196,"minecraft:soul_soil":10,"minecraft:composter":1,"minecraft:glowstone":23,"minecraft:iron_ore":299,"minecraft:anvil":2,"minecraft:azure_bluet":1,"minecraft:pointed_dripstone":6,"minecraft:spruce_slab":3,"minecraft:deepslate_redstone_ore":110,"minecraft:twisting_vines_plant":3,"minecraft:melon_stem":2,"minecraft:orange_terracotta":5,"minecraft:clay":662,"minecraft:calcite":6,"minecraft:poppy":2,"minecraft:chest":21,"minecraft:cobblestone":464,"minecraft:nether_quartz_ore":843,"minecraft:grindstone":4,"minecraft:oak_planks":264,"minecraft:wall_torch":36,"minecraft:deepslate_copper_ore":63,"minecraft:seagrass":10,"minecraft:warped_nylium":3,"minecraft:powered_rail":3,"minecraft:nether_wart_block":6,"minecraft:birch_log":12,"minecraft:orange_tulip":1,"minecraft:oak_log":85,"minecraft:beetroots":25,"minecraft:sand":676,"minecraft:dirt":155,"minecraft:crimson_planks":8,"minecraft:raw_copper_block":1,"minecraft:ancient_debris":1,"minecraft:netherrack":2745,"minecraft:oak_leaves":127,"minecraft:nether_gold_ore":16,"minecraft:tuff":23,"minecraft:deepslate_diamond_ore":42,"minecraft:ladder":2,"minecraft:glow_lichen":1,"minecraft:lever":1,"minecraft:spruce_leaves":272,"minecraft:acacia_slab":30,"minecraft:crimson_stem":10,"minecraft:large_fern":5,"minecraft:hay_block":88,"minecraft:oak_trapdoor":2,"minecraft:spruce_sapling":17,"minecraft:furnace":5,"minecraft:carrots":152,"minecraft:peony":9,"minecraft:gold_block":4,"minecraft:bookshelf":16,"minecraft:deepslate_iron_ore":157,"minecraft:stripped_acacia_log":2,"minecraft:stone":1229,"minecraft:redstone_wall_torch":2,"minecraft:podzol":4,"minecraft:acacia_leaves":27,"minecraft:scaffolding":45,"minecraft:snow_block":23,"minecraft:basalt":49,"minecraft:spruce_door":50,"minecraft:oak_fence":72,"minecraft:crafting_table":30,"minecraft:rose_bush":5,"minecraft:deepslate_coal_ore":11,"minecraft:lapis_ore":48,"minecraft:sweet_berry_bush":42,"minecraft:cocoa":4,"minecraft:coal_ore":752,"minecraft:mossy_stone_bricks":1},"minecraft:used":{"minecraft:spruce_slab":3,"minecraft:dispenser":1,"minecraft:ladder":21,"minecraft:poppy":1,"minecraft:chest":62,"minecraft:rotten_flesh":3,"minecraft:soul_sand":4,"minecraft:acacia_button":1,"minecraft:azure_bluet":1,"minecraft:spruce_boat":21,"minecraft:lava_bucket":23,"minecraft:bow":77,"minecraft:sweet_berries":996,"minecraft:oak_sapling":2,"minecraft:furnace":13,"minecraft:egg":4,"minecraft:potato":113,"minecraft:diorite":76,"minecraft:leather_leggings":2,"minecraft:spruce_door":51,"minecraft:acacia_trapdoor":4,"minecraft:powered_rail":14,"minecraft:orange_tulip":1,"minecraft:wooden_pickaxe":4,"minecraft:composter":2,"minecraft:clay":1,"minecraft:jungle_boat":26,"minecraft:glow_berries":8,"minecraft:sand":20,"minecraft:pumpkin_seeds":4,"minecraft:red_terracotta":2,"minecraft:nether_wart_block":1,"minecraft:diamond_sword":231,"minecraft:wooden_sword":35,"minecraft:oak_boat":59,"minecraft:oak_trapdoor":7,"minecraft:enchanting_table":2,"minecraft:stone_sword":470,"minecraft:acacia_log":8,"minecraft:tinted_glass":4,"minecraft:netherrack":931,"minecraft:orange_bed":19,"minecraft:torch":1458,"minecraft:brewing_stand":1,"minecraft:warped_wart_block":4,"minecraft:anvil":3,"minecraft:twisting_vines":4,"minecraft:oak_fence_gate":1,"minecraft:iron_axe":2348,"minecraft:spruce_button":1,"minecraft:melon_seeds":2,"minecraft:bamboo":70,"minecraft:diamond_chestplate":2,"minecraft:basalt":41,"minecraft:cobbled_deepslate":755,"minecraft:acacia_planks":79,"minecraft:wheat_seeds":1349,"minecraft:water_bucket":205,"minecraft:mossy_cobblestone":1,"minecraft:rail":454,"minecraft:oak_slab":22,"minecraft:tnt":2,"minecraft:crafting_table":39,"minecraft:red_bed":3,"minecraft:white_bed":7,"minecraft:spruce_log":4,"minecraft:oak_log":5,"minecraft:diamond_pickaxe":2611,"minecraft:cornflower":1,"minecraft:acacia_sign":2,"minecraft:sunflower":23,"minecraft:suspicious_stew":2,"minecraft:iron_pickaxe":6909,"minecraft:leather_helmet":1,"minecraft:spruce_trapdoor":6,"minecraft:spruce_sapling":64,"minecraft:cobblestone":1196,"minecraft:cooked_porkchop":4,"minecraft:kelp":87,"minecraft:dandelion":7,"minecraft:iron_shovel":1290,"minecraft:diamond_hoe":260,"minecraft:oak_sign":4,"minecraft:shield":4,"minecraft:iron_sword":2858,"minecraft:player_head":3,"minecraft:carrot":236,"minecraft:furnace_minecart":1,"minecraft:tuff":1,"minecraft:obsidian":47,"minecraft:glass":144,"minecraft:lantern":1,"minecraft:iron_helmet":1,"minecraft:scaffolding":340,"minecraft:beetroot_seeds":25,"minecraft:golden_boots":1,"minecraft:stone_pickaxe":479,"minecraft:oak_planks":31,"minecraft:ender_pearl":8,"minecraft:diamond_axe":350,"minecraft:sugar_cane":18,"minecraft:shears":1,"minecraft:cobbled_deepslate_stairs":3,"minecraft:redstone_torch":11,"minecraft:lever":3,"minecraft:acacia_door":1,"minecraft:bread":36,"minecraft:gravel":26,"minecraft:golden_helmet":1,"minecraft:grindstone":5,"minecraft:andesite":108,"minecraft:bone_meal":4,"minecraft:golden_pickaxe":64,"minecraft:experience_bottle":3,"minecraft:oak_fence":39,"minecraft:flint_and_steel":6,"minecraft:stone_shovel":518,"minecraft:spruce_planks":18,"minecraft:ender_chest":6,"minecraft:wooden_shovel":17,"minecraft:stone_hoe":237,"minecraft:dirt":504,"minecraft:spyglass":13,"minecraft:white_carpet":7,"minecraft:hopper":14,"minecraft:cobblestone_wall":1,"minecraft:golden_chestplate":1,"minecraft:granite":242,"minecraft:birch_door":24,"minecraft:wooden_axe":6,"minecraft:bookshelf":34,"minecraft:acacia_slab":42,"minecraft:iron_boots":1,"minecraft:crimson_planks":27,"minecraft:golden_carrot":42,"minecraft:minecart":7,"minecraft:cooked_beef":71,"minecraft:pumpkin":5,"minecraft:iron_leggings":1,"minecraft:cobbled_deepslate_wall":4,"minecraft:cooked_mutton":8,"minecraft:acacia_boat":26,"minecraft:amethyst_block":1,"minecraft:spruce_sign":43,"minecraft:cobblestone_slab":7,"minecraft:piston":2,"minecraft:apple":2,"minecraft:golden_leggings":1,"minecraft:stone_axe":195,"minecraft:fishing_rod":1,"minecraft:crimson_fungus":1,"minecraft:cobbled_deepslate_slab":9,"minecraft:bucket":231},"minecraft:custom":{"minecraft:interact_with_crafting_table":272,"minecraft:open_barrel":8,"minecraft:bell_ring":6,"minecraft:leave_game":55,"minecraft:time_since_death":45832,"minecraft:damage_blocked_by_shield":160,"minecraft:play_time":2114237,"minecraft:deaths":12,"minecraft:jump":34439,"minecraft:enchant_item":59,"minecraft:interact_with_furnace":174,"minecraft:sleep_in_bed":39,"minecraft:damage_dealt":191738,"minecraft:inspect_dispenser":8,"minecraft:interact_with_anvil":28,"minecraft:inspect_hopper":11,"minecraft:sneak_time":122630,"minecraft:total_world_time":2114237,"minecraft:time_since_rest":45852,"minecraft:swim_one_cm":1221385,"minecraft:fly_one_cm":6744537,"minecraft:open_chest":2795,"minecraft:fall_one_cm":714954,"minecraft:animals_bred":289,"minecraft:sprint_one_cm":5575437,"minecraft:drop":162,"minecraft:talked_to_villager":6,"minecraft:walk_on_water_one_cm":213945,"minecraft:open_enderchest":42,"minecraft:crouch_one_cm":399491,"minecraft:mob_kills":3388,"minecraft:climb_one_cm":709304,"minecraft:walk_one_cm":4732171,"minecraft:walk_under_water_one_cm":303966,"minecraft:boat_one_cm":4080364,"minecraft:interact_with_grindstone":40,"minecraft:damage_taken":17104,"minecraft:minecart_one_cm":18590},"minecraft:crafted":{"minecraft:ender_chest":4,"minecraft:oak_sign":6,"minecraft:melon":15,"minecraft:blaze_powder":4,"minecraft:lever":10,"minecraft:bookshelf":34,"minecraft:cooked_mutton":8,"minecraft:glass":272,"minecraft:diamond_helmet":1,"minecraft:birch_door":12,"minecraft:furnace_minecart":1,"minecraft:wooden_shovel":1,"minecraft:diamond_axe":1,"minecraft:jungle_boat":1,"minecraft:acacia_slab":36,"minecraft:spruce_door":15,"minecraft:cobbled_deepslate_wall":6,"minecraft:copper_ingot":64,"minecraft:hay_block":115,"minecraft:stone_slab":12,"minecraft:iron_pickaxe":25,"minecraft:iron_block":3,"minecraft:acacia_door":3,"minecraft:gold_ingot":45,"minecraft:composter":1,"minecraft:golden_carrot":57,"minecraft:stone_shovel":4,"minecraft:iron_nugget":9,"minecraft:spyglass":1,"minecraft:diamond_hoe":1,"minecraft:tinted_glass":6,"minecraft:bone_meal":18,"minecraft:white_carpet":6,"minecraft:lantern":1,"minecraft:ladder":39,"minecraft:spruce_slab":6,"minecraft:stone_pickaxe":4,"minecraft:cobbled_deepslate_stairs":8,"minecraft:spruce_boat":3,"minecraft:golden_helmet":1,"minecraft:wheat":522,"minecraft:coal_block":28,"minecraft:enchanting_table":1,"minecraft:acacia_trapdoor":2,"minecraft:oak_fence_gate":1,"minecraft:acacia_sign":3,"minecraft:wooden_axe":1,"minecraft:iron_shovel":6,"minecraft:iron_leggings":1,"minecraft:white_bed":3,"minecraft:grindstone":2,"minecraft:oak_planks":132,"minecraft:cobblestone_slab":12,"minecraft:stone":8,"minecraft:hopper":12,"minecraft:bow":5,"minecraft:iron_boots":2,"minecraft:raw_copper":198,"minecraft:chest":42,"minecraft:stone_hoe":2,"minecraft:ender_eye":4,"minecraft:oak_fence":21,"minecraft:oak_slab":24,"minecraft:crafting_table":23,"minecraft:spruce_planks":924,"minecraft:wooden_pickaxe":1,"minecraft:iron_helmet":2,"minecraft:acacia_button":1,"minecraft:birch_planks":48,"minecraft:dispenser":1,"minecraft:tnt":12,"minecraft:spruce_trapdoor":8,"minecraft:iron_chestplate":1,"minecraft:book":62,"minecraft:paper":159,"minecraft:diamond_pickaxe":2,"minecraft:charcoal":16,"minecraft:shield":1,"minecraft:stick":576,"minecraft:iron_ingot":293,"minecraft:stone_sword":7,"minecraft:redstone_torch":8,"minecraft:shears":2,"minecraft:wooden_sword":1,"minecraft:cobbled_deepslate_slab":12,"minecraft:fishing_rod":2,"minecraft:spruce_button":1,"minecraft:furnace":11,"minecraft:piston":8,"minecraft:raw_copper_block":130,"minecraft:oak_trapdoor":6,"minecraft:scaffolding":186,"minecraft:iron_axe":15,"minecraft:cobblestone_wall":6,"minecraft:cooked_beef":154,"minecraft:crimson_planks":40,"minecraft:diamond_sword":2,"minecraft:spruce_sign":54,"minecraft:powered_rail":6,"minecraft:iron_sword":12,"minecraft:bucket":4,"minecraft:stone_axe":2,"minecraft:bread":36,"minecraft:acacia_boat":1,"minecraft:air":0,"minecraft:jungle_planks":36,"minecraft:oak_boat":5,"minecraft:gold_nugget":459,"minecraft:anvil":1,"minecraft:acacia_planks":152,"minecraft:torch":1260,"minecraft:clay":535,"minecraft:lapis_block":55},"minecraft:killed":{"minecraft:cave_spider":15,"minecraft:skeleton":60,"minecraft:chicken":11,"minecraft:magma_cube":43,"minecraft:iron_golem":3,"minecraft:zombie":2882,"minecraft:glow_squid":4,"minecraft:cow":162,"minecraft:rabbit":1,"minecraft:enderman":30,"minecraft:witch":4,"minecraft:spider":43,"minecraft:silverfish":1,"minecraft:piglin":2,"minecraft:zombie_villager":2,"minecraft:creeper":58,"minecraft:sheep":7,"minecraft:ghast":5,"minecraft:blaze":1,"minecraft:slime":13,"minecraft:phantom":3,"minecraft:drowned":19,"minecraft:hoglin":5,"minecraft:squid":1},"minecraft:picked_up":{"minecraft:iron_chestplate":3,"minecraft:birch_door":24,"minecraft:chainmail_boots":1,"minecraft:anvil":2,"minecraft:suspicious_stew":2,"minecraft:diamond_sword":5,"minecraft:enchanted_book":20,"minecraft:brewing_stand":1,"minecraft:amethyst_block":7,"minecraft:polished_deepslate":2,"minecraft:music_disc_cat":2,"minecraft:string":662,"minecraft:soul_soil":10,"minecraft:beetroot":31,"minecraft:gold_nugget":86,"minecraft:cobbled_deepslate":906,"minecraft:spruce_planks":260,"minecraft:melon_slice":290,"minecraft:coal_block":28,"minecraft:golden_helmet":2,"minecraft:composter":1,"minecraft:acacia_log":107,"minecraft:golden_chestplate":5,"minecraft:orange_bed":19,"minecraft:stone_sword":4,"minecraft:carved_pumpkin":1,"minecraft:blaze_rod":6,"minecraft:snowball":94,"minecraft:birch_log":12,"minecraft:feather":6,"minecraft:cooked_beef":279,"minecraft:water_bucket":10,"minecraft:jungle_log":9,"minecraft:flint":20,"minecraft:map":16,"minecraft:twisting_vines":4,"minecraft:rabbit":3,"minecraft:diamond_helmet":1,"minecraft:glowstone_dust":70,"minecraft:warped_wart_block":4,"minecraft:ink_sac":2,"minecraft:red_terracotta":2,"minecraft:stripped_acacia_log":2,"minecraft:lever":1,"minecraft:granite":297,"minecraft:spruce_button":1,"minecraft:bread":17,"minecraft:crimson_roots":18,"minecraft:diamond_pickaxe":3,"minecraft:crafting_table":33,"minecraft:clay_ball":2552,"minecraft:leather_leggings":4,"minecraft:cornflower":1,"minecraft:acacia_door":4,"minecraft:red_bed":6,"minecraft:flint_and_steel":2,"minecraft:white_carpet":2,"minecraft:iron_shovel":10,"minecraft:beef":292,"minecraft:jungle_sapling":1,"minecraft:iron_nugget":40,"minecraft:poppy":8,"minecraft:minecart":31,"minecraft:spruce_slab":7,"minecraft:chest":40,"minecraft:piston":2,"minecraft:diamond_hoe":1,"minecraft:egg":23,"minecraft:sandstone":22,"minecraft:stone":2,"minecraft:carrot":539,"minecraft:redstone":911,"minecraft:diamond_chestplate":1,"minecraft:stone_shovel":1,"minecraft:beetroot_seeds":112,"minecraft:peony":9,"minecraft:hay_block":316,"minecraft:yellow_terracotta":2,"minecraft:gold_ingot":20,"minecraft:glow_berries":77,"minecraft:mutton":11,"minecraft:white_wool":16,"minecraft:rail":965,"minecraft:bone_block":56,"minecraft:red_mushroom":2,"minecraft:acacia_wood":1,"minecraft:oak_log":85,"minecraft:lily_pad":2,"minecraft:ancient_debris":1,"minecraft:golden_boots":9,"minecraft:paper":48,"minecraft:apple":4,"minecraft:kelp":230,"minecraft:oak_fence_gate":2,"minecraft:stone_pickaxe":2,"minecraft:glass_bottle":1,"minecraft:iron_sword":7,"minecraft:smooth_basalt":1,"minecraft:sweet_berries":2258,"minecraft:gravel":157,"minecraft:spruce_sapling":157,"minecraft:spruce_log":1438,"minecraft:leather_helmet":5,"minecraft:slime_ball":5,"minecraft:stone_axe":2,"minecraft:diamond_axe":1,"minecraft:gray_wool":1,"minecraft:melon_seeds":19,"minecraft:hopper":8,"minecraft:ender_pearl":50,"minecraft:wheat":1160,"minecraft:ender_chest":3,"minecraft:crimson_planks":11,"minecraft:lapis_block":55,"minecraft:raw_copper":1578,"minecraft:iron_leggings":2,"minecraft:oak_sign":5,"minecraft:activator_rail":3,"minecraft:bucket":4,"minecraft:rose_bush":5,"minecraft:redstone_torch":6,"minecraft:cobblestone_slab":4,"minecraft:calcite":6,"minecraft:iron_pickaxe":12,"minecraft:furnace":5,"minecraft:iron_boots":3,"minecraft:stick":123,"minecraft:oak_fence":83,"minecraft:torch":648,"minecraft:porkchop":26,"minecraft:pointed_dripstone":25,"minecraft:diorite":161,"minecraft:rotten_flesh":509,"minecraft:obsidian":162,"minecraft:cobblestone":1845,"minecraft:nautilus_shell":3,"minecraft:enchanting_table":1,"minecraft:leather_chestplate":3,"minecraft:lilac":12,"minecraft:magma_cream":5,"minecraft:andesite":215,"minecraft:golden_leggings":5,"minecraft:potato":460,"minecraft:tuff":43,"minecraft:acacia_boat":27,"minecraft:dirt":601,"minecraft:lapis_lazuli":706,"minecraft:name_tag":12,"minecraft:leather_boots":4,"minecraft:glass":174,"minecraft:bone":107,"minecraft:acacia_planks":44,"minecraft:wheat_seeds":5219,"minecraft:bow":14,"minecraft:orange_tulip":1,"minecraft:cobbled_deepslate_wall":4,"minecraft:raw_gold":124,"minecraft:cobbled_deepslate_slab":4,"minecraft:grindstone":4,"minecraft:bamboo":1133,"minecraft:powered_rail":13,"minecraft:oak_planks":377,"minecraft:ghast_tear":2,"minecraft:cooked_porkchop":17,"minecraft:music_disc_13":4,"minecraft:poisonous_potato":15,"minecraft:sand":785,"minecraft:melon":15,"minecraft:spectral_arrow":1,"minecraft:mossy_cobblestone":148,"minecraft:spruce_boat":22,"minecraft:diamond":69,"minecraft:golden_apple":4,"minecraft:spruce_sign":32,"minecraft:emerald":5,"minecraft:oak_sapling":20,"minecraft:netherrack":2764,"minecraft:cocoa_beans":5,"minecraft:fishing_rod":5,"minecraft:charcoal":4,"minecraft:azure_bluet":1,"minecraft:chicken":9,"minecraft:ladder":6,"minecraft:brown_mushroom":7,"minecraft:gold_block":4,"minecraft:oak_trapdoor":2,"minecraft:iron_axe":10,"minecraft:detector_rail":14,"minecraft:oak_boat":64,"minecraft:player_head":7,"minecraft:sugar_cane":557,"minecraft:phantom_membrane":2,"minecraft:spruce_trapdoor":2,"minecraft:raw_iron":556,"minecraft:end_stone":17,"minecraft:copper_ingot":4,"minecraft:iron_horse_armor":6,"minecraft:arrow":98,"minecraft:saddle":5,"minecraft:crimson_stem":10,"minecraft:jungle_boat":28,"minecraft:glow_ink_sac":12,"minecraft:basalt":47,"minecraft:golden_carrot":23,"minecraft:leather":232,"minecraft:birch_planks":12,"minecraft:crimson_fungus":1,"minecraft:cobbled_deepslate_stairs":4,"minecraft:nether_wart_block":3,"minecraft:gunpowder":117,"minecraft:orange_terracotta":5,"minecraft:acacia_trapdoor":4,"minecraft:iron_ingot":71,"minecraft:soul_sand":32,"minecraft:acacia_sapling":24,"minecraft:book":58,"minecraft:scaffolding":225,"minecraft:oak_slab":21,"minecraft:warped_fungus":2,"minecraft:pumpkin":54,"minecraft:quartz":1253,"minecraft:dandelion":9,"minecraft:dripstone_block":25,"minecraft:lava_bucket":3,"minecraft:amethyst_shard":16,"minecraft:white_bed":7,"minecraft:spruce_door":54,"minecraft:spider_eye":48,"minecraft:pumpkin_seeds":45,"minecraft:chainmail_leggings":3,"minecraft:iron_helmet":7,"minecraft:acacia_slab":30,"minecraft:coal":1108,"minecraft:sunflower":87},"minecraft:dropped":{"minecraft:acacia_wood":1,"minecraft:porkchop":1,"minecraft:crafting_table":1,"minecraft:rail":4,"minecraft:leather_helmet":1,"minecraft:dirt":16,"minecraft:sand":2,"minecraft:white_wool":6,"minecraft:bone":17,"minecraft:stone_axe":3,"minecraft:detector_rail":4,"minecraft:rotten_flesh":36,"minecraft:oak_planks":108,"minecraft:end_stone":17,"minecraft:beef":5,"minecraft:ghast_tear":2,"minecraft:enchanted_book":1,"minecraft:golden_boots":1,"minecraft:wheat_seeds":26,"minecraft:oak_fence":14,"minecraft:yellow_terracotta":2,"minecraft:feather":1,"minecraft:cobblestone":62,"minecraft:granite":7,"minecraft:spruce_door":2,"minecraft:coal":5,"minecraft:wooden_axe":1,"minecraft:rabbit":1,"minecraft:jungle_boat":2,"minecraft:string":9,"minecraft:acacia_planks":1,"minecraft:stone_sword":2,"minecraft:stone_shovel":1,"minecraft:chicken":1,"minecraft:clay_ball":64,"minecraft:pumpkin_seeds":5,"minecraft:spruce_planks":4,"minecraft:diamond_pickaxe":1,"minecraft:spider_eye":5,"minecraft:sandstone":4,"minecraft:bow":3,"minecraft:birch_planks":2,"minecraft:flint":1,"minecraft:gravel":13,"minecraft:poppy":1,"minecraft:arrow":9,"minecraft:powered_rail":2,"minecraft:water_bucket":1,"minecraft:minecart":3,"minecraft:activator_rail":3,"minecraft:copper_ingot":2,"minecraft:acacia_log":1,"minecraft:stick":26,"minecraft:diorite":1,"minecraft:torch":2,"minecraft:smooth_basalt":1,"minecraft:polished_deepslate":2,"minecraft:kelp":2,"minecraft:sweet_berries":61,"minecraft:raw_copper":25,"minecraft:filled_map":6,"minecraft:andesite":49,"minecraft:oak_boat":2,"minecraft:spruce_log":169,"minecraft:slime_ball":5,"minecraft:stone_pickaxe":1,"minecraft:wooden_pickaxe":1,"minecraft:calcite":2}},"DataVersion":2865}