{"stats":{"minecraft:mined":{"minecraft:deepslate_redstone_ore":10,"minecraft:tuff":2,"minecraft:spruce_planks":1,"minecraft:deepslate_diamond_ore":7,"minecraft:crafting_table":1,"minecraft:granite":15,"minecraft:grass_block":11,"minecraft:chest":4,"minecraft:copper_ore":4,"minecraft:cobblestone":6,"minecraft:deepslate_coal_ore":2,"minecraft:lapis_ore":8,"minecraft:spruce_leaves":10,"minecraft:deepslate_gold_ore":18,"minecraft:diorite":50,"minecraft:wall_torch":3,"minecraft:amethyst_block":9,"minecraft:deepslate_copper_ore":11,"minecraft:large_fern":5,"minecraft:redstone_ore":17,"minecraft:furnace":1,"minecraft:iron_ore":47,"minecraft:fire":10,"minecraft:sweet_berry_bush":1,"minecraft:spruce_log":33,"minecraft:andesite":60,"minecraft:deepslate_lapis_ore":2,"minecraft:grass":4,"minecraft:coal_ore":27,"minecraft:oak_log":32,"minecraft:deepslate_iron_ore":16,"minecraft:dirt":14,"minecraft:stone":243,"minecraft:gold_ore":1,"minecraft:oak_leaves":7,"minecraft:deepslate":26},"minecraft:broken":{"minecraft:stone_pickaxe":1,"minecraft:stone_axe":1,"minecraft:iron_pickaxe":2},"minecraft:used":{"minecraft:cooked_mutton":8,"minecraft:flint_and_steel":11,"minecraft:stone_pickaxe":132,"minecraft:oak_sign":2,"minecraft:spruce_planks":1,"minecraft:chest":4,"minecraft:wooden_pickaxe":13,"minecraft:stone":5,"minecraft:iron_sword":9,"minecraft:cooked_salmon":4,"minecraft:rotten_flesh":1,"minecraft:oak_door":1,"minecraft:torch":116,"minecraft:dirt":13,"minecraft:mutton":1,"minecraft:crafting_table":3,"minecraft:spruce_log":4,"minecraft:iron_pickaxe":482,"minecraft:stone_axe":104,"minecraft:cobblestone":36,"minecraft:sweet_berries":35,"minecraft:furnace":1,"minecraft:cooked_porkchop":3,"minecraft:andesite":53},"minecraft:custom":{"minecraft:interact_with_furnace":15,"minecraft:mob_kills":23,"minecraft:interact_with_crafting_table":14,"minecraft:leave_game":2,"minecraft:time_since_death":63697,"minecraft:time_since_rest":63697,"minecraft:sprint_one_cm":182429,"minecraft:damage_taken":1240,"minecraft:walk_one_cm":118269,"minecraft:drop":3,"minecraft:damage_dealt":2696,"minecraft:swim_one_cm":26926,"minecraft:fly_one_cm":246049,"minecraft:open_chest":16,"minecraft:crouch_one_cm":3291,"minecraft:play_time":63697,"minecraft:sneak_time":1578,"minecraft:walk_under_water_one_cm":11736,"minecraft:jump":1514,"minecraft:walk_on_water_one_cm":9293,"minecraft:total_world_time":63697,"minecraft:fall_one_cm":39512},"minecraft:crafted":{"minecraft:oak_door":3,"minecraft:oak_planks":60,"minecraft:oak_sign":3,"minecraft:crafting_table":2,"minecraft:spruce_planks":44,"minecraft:wooden_pickaxe":1,"minecraft:iron_sword":1,"minecraft:furnace":1,"minecraft:cooked_salmon":4,"minecraft:stone":5,"minecraft:stone_axe":1,"minecraft:air":0,"minecraft:flint_and_steel":1,"minecraft:charcoal":10,"minecraft:stick":48,"minecraft:iron_ingot":7,"minecraft:iron_pickaxe":2,"minecraft:stone_pickaxe":1,"minecraft:wooden_axe":1,"minecraft:chest":4,"minecraft:torch":112},"minecraft:killed":{"minecraft:salmon":4,"minecraft:creeper":1,"minecraft:squid":5,"minecraft:sheep":6,"minecraft:skeleton":1,"minecraft:zombie":3,"minecraft:drowned":2},"minecraft:picked_up":{"minecraft:crafting_table":1,"minecraft:glow_ink_sac":2,"minecraft:salmon":4,"minecraft:andesite":57,"minecraft:flint":1,"minecraft:tuff":2,"minecraft:oak_log":32,"minecraft:amethyst_block":8,"minecraft:lapis_lazuli":48,"minecraft:dirt":47,"minecraft:raw_copper":50,"minecraft:cooked_mutton":8,"minecraft:wheat_seeds":1,"minecraft:cobbled_deepslate":31,"minecraft:raw_gold":19,"minecraft:spruce_planks":3,"minecraft:iron_ingot":13,"minecraft:player_head":2,"minecraft:chest":4,"minecraft:oak_planks":2,"minecraft:furnace":1,"minecraft:raw_iron":63,"minecraft:cooked_porkchop":3,"minecraft:sweet_berries":48,"minecraft:copper_ingot":1,"minecraft:torch":4,"minecraft:gravel":5,"minecraft:spruce_sapling":1,"minecraft:ink_sac":6,"minecraft:diorite":112,"minecraft:spruce_log":35,"minecraft:redstone":122,"minecraft:rotten_flesh":5,"minecraft:diamond":7,"minecraft:granite":15,"minecraft:mutton":1,"minecraft:coal":29,"minecraft:white_wool":6,"minecraft:cobblestone":246},"minecraft:dropped":{"minecraft:oak_planks":2,"minecraft:diorite":56,"minecraft:spruce_planks":1}},"DataVersion":2865}