{"stats":{"minecraft:killed_by":{"minecraft:creeper":1,"minecraft:player":9,"minecraft:skeleton":2},"minecraft:custom":{"minecraft:interact_with_crafting_table":62,"minecraft:open_barrel":22,"minecraft:open_shulker_box":15,"minecraft:bell_ring":1,"minecraft:leave_game":31,"minecraft:time_since_death":56401,"minecraft:sprint_one_cm":961897,"minecraft:damage_blocked_by_shield":40,"minecraft:drop":97,"minecraft:talked_to_villager":1,"minecraft:play_time":587932,"minecraft:deaths":17,"minecraft:jump":11201,"minecraft:walk_on_water_one_cm":102598,"minecraft:interact_with_furnace":71,"minecraft:sleep_in_bed":11,"minecraft:open_enderchest":49,"minecraft:damage_dealt":22500,"minecraft:crouch_one_cm":96630,"minecraft:horse_one_cm":723,"minecraft:inspect_dropper":13,"minecraft:mob_kills":107,"minecraft:inspect_hopper":1,"minecraft:climb_one_cm":8006,"minecraft:walk_one_cm":1134158,"minecraft:sneak_time":29445,"minecraft:walk_under_water_one_cm":169795,"minecraft:boat_one_cm":1037597,"minecraft:interact_with_lectern":7,"minecraft:total_world_time":587932,"minecraft:time_since_rest":52820,"minecraft:damage_taken":10094,"minecraft:minecart_one_cm":468,"minecraft:swim_one_cm":294857,"minecraft:fly_one_cm":2495846,"minecraft:open_chest":249,"minecraft:aviate_one_cm":1326326,"minecraft:fall_one_cm":309584},"minecraft:picked_up":{"minecraft:wheat":3,"minecraft:light_gray_shulker_box":3,"minecraft:diamond_sword":6,"minecraft:string":11,"minecraft:iron_leggings":1,"minecraft:oak_sign":1,"minecraft:deepslate_tiles":3,"minecraft:diamond_leggings":6,"minecraft:cobbled_deepslate":3,"minecraft:spruce_planks":54,"minecraft:red_dye":1,"minecraft:rose_bush":1,"minecraft:azalea":1,"minecraft:deepslate_iron_ore":20,"minecraft:furnace":12,"minecraft:golden_helmet":2,"minecraft:stick":7,"minecraft:music_disc_blocks":1,"minecraft:big_dripleaf":1,"minecraft:torch":62,"minecraft:porkchop":7,"minecraft:snow_block":2,"minecraft:diorite":9,"minecraft:stone_sword":1,"minecraft:rotten_flesh":38,"minecraft:snowball":16,"minecraft:cobblestone":218,"minecraft:sponge":3,"minecraft:feather":1,"minecraft:birch_slab":3,"minecraft:andesite":37,"minecraft:potato":69,"minecraft:flint":2,"minecraft:tuff":7,"minecraft:lapis_lazuli":48,"minecraft:dirt":1366,"minecraft:leather_boots":1,"minecraft:bone":27,"minecraft:bow":2,"minecraft:wheat_seeds":74,"minecraft:raw_gold":5,"minecraft:diamond_helmet":6,"minecraft:moss_block":3,"minecraft:prismarine":1,"minecraft:oak_planks":4,"minecraft:music_disc_13":1,"minecraft:sand":146,"minecraft:ink_sac":13,"minecraft:grass_block":23,"minecraft:diamond_block":1,"minecraft:clay":1,"minecraft:deepslate":174,"minecraft:diamond":32,"minecraft:spruce_boat":45,"minecraft:deepslate_gold_ore":18,"minecraft:granite":17,"minecraft:bone_meal":128,"minecraft:white_concrete":2,"minecraft:spruce_sign":3,"minecraft:bread":64,"minecraft:netherrack":2,"minecraft:diamond_pickaxe":7,"minecraft:crafting_table":19,"minecraft:chicken":3,"minecraft:packed_ice":9,"minecraft:moss_carpet":1,"minecraft:elytra":6,"minecraft:snow":26,"minecraft:mycelium":1,"minecraft:blackstone":2,"minecraft:beef":8,"minecraft:player_head":13,"minecraft:spruce_slab":4,"minecraft:phantom_membrane":1,"minecraft:egg":2,"minecraft:copper_ore":4,"minecraft:raw_iron":83,"minecraft:sandstone":9,"minecraft:stone":438,"minecraft:spruce_fence":2,"minecraft:carrot":155,"minecraft:redstone":77,"minecraft:dark_oak_planks":1,"minecraft:arrow":35,"minecraft:diamond_chestplate":3,"minecraft:pumpkin_pie":14,"minecraft:diamond_boots":7,"minecraft:totem_of_undying":1,"minecraft:glow_berries":1,"minecraft:mutton":8,"minecraft:white_wool":9,"minecraft:wet_sponge":10,"minecraft:jungle_boat":13,"minecraft:golden_carrot":33,"minecraft:leather":1,"minecraft:filled_map":2,"minecraft:ice":5,"minecraft:oak_log":27,"minecraft:golden_boots":3,"minecraft:gunpowder":2,"minecraft:gray_carpet":16,"minecraft:iron_ingot":9,"minecraft:stone_pickaxe":2,"minecraft:iron_ore":48,"minecraft:flowering_azalea":1,"minecraft:sweet_berries":43,"minecraft:dandelion":3,"minecraft:spyglass":3,"minecraft:gravel":18,"minecraft:spruce_sapling":6,"minecraft:spruce_log":172,"minecraft:gold_ore":11,"minecraft:spruce_door":7,"minecraft:leather_helmet":2,"minecraft:firework_rocket":109,"minecraft:diamond_shovel":1,"minecraft:purple_bed":6,"minecraft:coal_ore":2,"minecraft:stone_axe":2,"minecraft:diamond_axe":2,"minecraft:baked_potato":74,"minecraft:coal":214,"minecraft:ender_pearl":1},"minecraft:crafted":{"minecraft:black_dye":1,"minecraft:oak_planks":64,"minecraft:cooked_chicken":1,"minecraft:iron_boots":1,"minecraft:chest":4,"minecraft:stone_hoe":1,"minecraft:cooked_porkchop":5,"minecraft:crafting_table":7,"minecraft:spruce_planks":440,"minecraft:wooden_pickaxe":6,"minecraft:iron_helmet":1,"minecraft:spruce_door":3,"minecraft:iron_chestplate":1,"minecraft:shield":1,"minecraft:stick":104,"minecraft:iron_ingot":44,"minecraft:iron_pickaxe":2,"minecraft:stone_sword":2,"minecraft:sponge":7,"minecraft:stone_shovel":1,"minecraft:furnace":7,"minecraft:bone_meal":3,"minecraft:iron_axe":1,"minecraft:stone_pickaxe":7,"minecraft:spruce_boat":3,"minecraft:cooked_beef":3,"minecraft:spruce_sign":9,"minecraft:iron_sword":1,"minecraft:bucket":3,"minecraft:stone_axe":5,"minecraft:air":0,"minecraft:white_wool":1,"minecraft:white_dye":3,"minecraft:iron_leggings":1,"minecraft:white_bed":1,"minecraft:torch":188},"minecraft:mined":{"minecraft:dark_oak_planks":1,"minecraft:spruce_planks":7,"minecraft:granite":4,"minecraft:grass_block":33,"minecraft:white_concrete":2,"minecraft:oak_wall_sign":1,"minecraft:iron_ore":113,"minecraft:deepslate_lapis_ore":1,"minecraft:cave_vines":1,"minecraft:azalea":1,"minecraft:player_head":2,"minecraft:spruce_slab":2,"minecraft:deepslate_redstone_ore":4,"minecraft:blackstone":2,"minecraft:powder_snow":1,"minecraft:clay":1,"minecraft:torch":20,"minecraft:cobblestone":2,"minecraft:prismarine":1,"minecraft:wall_torch":10,"minecraft:spruce_sign":3,"minecraft:wheat":1,"minecraft:lilac":1,"minecraft:grass":4,"minecraft:oak_log":29,"minecraft:sand":147,"minecraft:dirt":1577,"minecraft:oak_leaves":1,"minecraft:deepslate":145,"minecraft:tuff":6,"minecraft:spruce_fence":2,"minecraft:birch_slab":3,"minecraft:spruce_leaves":20,"minecraft:moss_block":5,"minecraft:sandstone":9,"minecraft:large_fern":3,"minecraft:redstone_ore":15,"minecraft:furnace":11,"minecraft:light_gray_shulker_box":3,"minecraft:andesite":27,"minecraft:diamond_block":1,"minecraft:vine":2,"minecraft:deepslate_iron_ore":30,"minecraft:packed_ice":34,"minecraft:wet_sponge":7,"minecraft:stone":429,"minecraft:white_wool":2,"minecraft:podzol":1,"minecraft:flowering_azalea":1,"minecraft:spruce_door":6,"minecraft:crafting_table":17,"minecraft:rose_bush":1,"minecraft:copper_ore":2,"minecraft:tall_grass":3,"minecraft:deepslate_coal_ore":2,"minecraft:lapis_ore":6,"minecraft:deepslate_gold_ore":21,"minecraft:diorite":8,"minecraft:big_dripleaf":1,"minecraft:purple_bed":3,"minecraft:ice":91,"minecraft:spruce_log":165,"minecraft:coal_ore":123,"minecraft:mycelium":2,"minecraft:gravel":10,"minecraft:gray_carpet":1,"minecraft:cobweb":8,"minecraft:gold_ore":14},"minecraft:broken":{"minecraft:stone_pickaxe":1,"minecraft:diamond_shovel":1,"minecraft:stone_shovel":1},"minecraft:dropped":{"minecraft:spruce_sign":2,"minecraft:baked_potato":1,"minecraft:diamond":15,"minecraft:leather":1,"minecraft:elytra":1,"minecraft:leather_helmet":1,"minecraft:dirt":4,"minecraft:packed_ice":4,"minecraft:mutton":2,"minecraft:phantom_membrane":1,"minecraft:white_wool":1,"minecraft:bone":13,"minecraft:music_disc_blocks":1,"minecraft:gravel":9,"minecraft:stone_axe":4,"minecraft:rotten_flesh":38,"minecraft:oak_planks":1,"minecraft:carrot":3,"minecraft:gunpowder":2,"minecraft:coal_ore":2,"minecraft:leather_boots":1,"minecraft:azalea":1,"minecraft:iron_ore":3,"minecraft:written_book":2,"minecraft:netherrack":1,"minecraft:egg":1,"minecraft:golden_boots":1,"minecraft:bread":1,"minecraft:wheat_seeds":1,"minecraft:golden_helmet":1,"minecraft:feather":1,"minecraft:granite":1,"minecraft:stick":5,"minecraft:diorite":1,"minecraft:sponge":3,"minecraft:map":1,"minecraft:red_dye":1,"minecraft:string":3,"minecraft:spruce_sapling":1,"minecraft:dandelion":2,"minecraft:moss_carpet":1,"minecraft:player_head":7,"minecraft:stone_sword":3,"minecraft:tuff":3,"minecraft:chicken":1,"minecraft:totem_of_undying":1,"minecraft:stone":73,"minecraft:spruce_planks":10,"minecraft:andesite":18,"minecraft:bow":1,"minecraft:stone_pickaxe":3,"minecraft:wooden_pickaxe":3},"minecraft:killed":{"minecraft:spider":2,"minecraft:skeleton":30,"minecraft:chicken":3,"minecraft:pig":3,"minecraft:zombie_villager":3,"minecraft:creeper":9,"minecraft:sheep":7,"minecraft:zombie":39,"minecraft:glow_squid":1,"minecraft:cow":3,"minecraft:phantom":4,"minecraft:enderman":2},"minecraft:used":{"minecraft:writable_book":1,"minecraft:spruce_slab":4,"minecraft:elytra":7,"minecraft:oak_sign":2,"minecraft:chest":4,"minecraft:shield":1,"minecraft:stone":91,"minecraft:iron_sword":18,"minecraft:player_head":7,"minecraft:iron_chestplate":1,"minecraft:mutton":2,"minecraft:carrot":39,"minecraft:snowball":16,"minecraft:spruce_boat":45,"minecraft:packed_ice":1,"minecraft:iron_helmet":1,"minecraft:written_book":1,"minecraft:sweet_berries":22,"minecraft:furnace":13,"minecraft:egg":1,"minecraft:diorite":3,"minecraft:diamond_boots":9,"minecraft:spruce_door":5,"minecraft:gray_carpet":16,"minecraft:stone_pickaxe":331,"minecraft:prismarine":1,"minecraft:blackstone":2,"minecraft:ender_pearl":1,"minecraft:wooden_pickaxe":54,"minecraft:sandstone":9,"minecraft:diamond_axe":145,"minecraft:jungle_boat":13,"minecraft:white_wool":2,"minecraft:glow_berries":1,"minecraft:sand":126,"minecraft:sponge":7,"minecraft:deepslate_tiles":3,"minecraft:firework_rocket":48,"minecraft:birch_slab":3,"minecraft:bread":25,"minecraft:deepslate":66,"minecraft:gravel":3,"minecraft:diamond_sword":189,"minecraft:andesite":6,"minecraft:ice":5,"minecraft:white_concrete":2,"minecraft:rose_bush":1,"minecraft:stone_sword":66,"minecraft:stone_shovel":131,"minecraft:mycelium":1,"minecraft:spruce_planks":225,"minecraft:stone_hoe":9,"minecraft:cooked_chicken":1,"minecraft:netherrack":1,"minecraft:torch":143,"minecraft:light_gray_shulker_box":3,"minecraft:dirt":280,"minecraft:spyglass":332,"minecraft:diamond_helmet":7,"minecraft:spruce_fence":2,"minecraft:dark_oak_planks":1,"minecraft:iron_axe":9,"minecraft:iron_boots":1,"minecraft:diamond_chestplate":1,"minecraft:golden_carrot":14,"minecraft:black_dye":1,"minecraft:cooked_beef":3,"minecraft:iron_leggings":2,"minecraft:wheat_seeds":10,"minecraft:water_bucket":19,"minecraft:iron_ore":3,"minecraft:baked_potato":47,"minecraft:spruce_sign":7,"minecraft:white_dye":2,"minecraft:gold_ore":1,"minecraft:diamond_block":1,"minecraft:crafting_table":19,"minecraft:spruce_log":21,"minecraft:diamond_pickaxe":580,"minecraft:diamond_shovel":1561,"minecraft:iron_pickaxe":135,"minecraft:spruce_sapling":1,"minecraft:stone_axe":174,"minecraft:cobblestone":34,"minecraft:purple_bed":6,"minecraft:cooked_porkchop":5,"minecraft:bucket":20,"minecraft:pumpkin_pie":19,"minecraft:dandelion":1,"minecraft:diamond_leggings":8}},"DataVersion":2975}