{"stats":{"minecraft:killed_by":{"minecraft:player":1},"minecraft:mined":{"minecraft:nether_gold_ore":2,"minecraft:white_bed":1,"minecraft:obsidian":64,"minecraft:nether_bricks":4,"minecraft:lever":2,"minecraft:granite":3,"minecraft:acacia_log":54,"minecraft:grass_block":4,"minecraft:stone_brick_wall":1,"minecraft:redstone_wire":2,"minecraft:spruce_leaves":3,"minecraft:kelp":5,"minecraft:tall_seagrass":3,"minecraft:oak_trapdoor":6,"minecraft:fire":3,"minecraft:sticky_piston":2,"minecraft:andesite":1,"minecraft:nether_brick_fence":8,"minecraft:vine":1,"minecraft:rail":1,"minecraft:warped_stem":14,"minecraft:packed_ice":33,"minecraft:bamboo":29,"minecraft:stone":332,"minecraft:acacia_leaves":1,"minecraft:scaffolding":7,"minecraft:brown_mushroom":1,"minecraft:soul_sand":8,"minecraft:kelp_plant":21,"minecraft:twisting_vines_plant":1,"minecraft:oak_fence":2,"minecraft:torch":5,"minecraft:glass":145,"minecraft:nether_quartz_ore":30,"minecraft:tall_grass":1,"minecraft:cobblestone":100,"minecraft:wall_torch":3,"minecraft:seagrass":6,"minecraft:cobblestone_wall":7,"minecraft:redstone_torch":1,"minecraft:spruce_log":7,"minecraft:warped_fungus":1,"minecraft:grass":20,"minecraft:oak_log":184,"minecraft:mycelium":3,"minecraft:oak_fence_gate":6,"minecraft:sand":1,"minecraft:dirt":5,"minecraft:netherrack":258,"minecraft:oak_leaves":37},"minecraft:used":{"minecraft:oak_fence":122,"minecraft:oak_trapdoor":42,"minecraft:nether_brick_fence":4,"minecraft:acacia_log":7,"minecraft:flint_and_steel":5,"minecraft:redstone":11,"minecraft:ladder":3,"minecraft:mycelium":3,"minecraft:chest":20,"minecraft:ender_chest":1,"minecraft:stone":362,"minecraft:netherrack":110,"minecraft:torch":39,"minecraft:spyglass":5,"minecraft:soul_sand":4,"minecraft:dirt":3,"minecraft:hopper":4,"minecraft:nether_bricks":3,"minecraft:cobblestone_wall":98,"minecraft:diamond_helmet":2,"minecraft:granite":1,"minecraft:obsidian":56,"minecraft:oak_fence_gate":23,"minecraft:glass":513,"minecraft:packed_ice":25,"minecraft:lava_bucket":12,"minecraft:warped_nylium":1,"minecraft:repeater":6,"minecraft:sweet_berries":10,"minecraft:golden_carrot":2,"minecraft:scaffolding":198,"minecraft:furnace":1,"minecraft:egg":1,"minecraft:stone_pressure_plate":3,"minecraft:cooked_beef":3,"minecraft:observer":3,"minecraft:water_bucket":63,"minecraft:diamond_boots":1,"minecraft:ender_pearl":2,"minecraft:composter":2,"minecraft:diamond_axe":436,"minecraft:jungle_boat":15,"minecraft:rail":449,"minecraft:comparator":2,"minecraft:crafting_table":3,"minecraft:white_bed":2,"minecraft:stone_brick_wall":1,"minecraft:cake":1,"minecraft:redstone_torch":1,"minecraft:sticky_piston":9,"minecraft:lever":5,"minecraft:piston":1,"minecraft:diamond_pickaxe":1004,"minecraft:stone_button":13,"minecraft:acacia_fence_gate":8,"minecraft:cobblestone":525,"minecraft:cooked_porkchop":68,"minecraft:bucket":76,"minecraft:smooth_stone_slab":29,"minecraft:oak_boat":2,"minecraft:kelp":90,"minecraft:diamond_leggings":1},"minecraft:custom":{"minecraft:mob_kills":30,"minecraft:interact_with_anvil":1,"minecraft:interact_with_crafting_table":59,"minecraft:open_barrel":18,"minecraft:leave_game":14,"minecraft:time_since_death":43725,"minecraft:climb_one_cm":279796,"minecraft:sprint_one_cm":697463,"minecraft:walk_one_cm":336127,"minecraft:drop":29,"minecraft:talked_to_villager":14,"minecraft:play_time":317498,"minecraft:deaths":2,"minecraft:sneak_time":54002,"minecraft:walk_under_water_one_cm":120166,"minecraft:boat_one_cm":362440,"minecraft:interact_with_lectern":2,"minecraft:jump":7614,"minecraft:walk_on_water_one_cm":45161,"minecraft:total_world_time":317498,"minecraft:interact_with_furnace":46,"minecraft:traded_with_villager":97,"minecraft:sleep_in_bed":3,"minecraft:time_since_rest":43745,"minecraft:open_enderchest":45,"minecraft:damage_taken":4501,"minecraft:damage_dealt":6741,"minecraft:swim_one_cm":305230,"minecraft:fly_one_cm":2610289,"minecraft:open_chest":321,"minecraft:crouch_one_cm":183402,"minecraft:fall_one_cm":246686},"minecraft:crafted":{"minecraft:ender_chest":1,"minecraft:smooth_stone":22,"minecraft:oak_planks":696,"minecraft:redstone":153,"minecraft:oak_sign":3,"minecraft:smooth_stone_slab":42,"minecraft:furnace":1,"minecraft:acacia_fence_gate":8,"minecraft:stone_button":56,"minecraft:piston":9,"minecraft:stone":192,"minecraft:lever":3,"minecraft:oak_trapdoor":38,"minecraft:flint_and_steel":1,"minecraft:warped_planks":56,"minecraft:scaffolding":192,"minecraft:cake":1,"minecraft:glass":384,"minecraft:hopper":1,"minecraft:repeater":6,"minecraft:ladder":6,"minecraft:comparator":4,"minecraft:stone_pressure_plate":2,"minecraft:cobblestone_wall":114,"minecraft:chest":22,"minecraft:redstone_block":8,"minecraft:rail":448,"minecraft:oak_fence":129,"minecraft:observer":3,"minecraft:cooked_beef":3,"minecraft:oak_slab":24,"minecraft:emerald":693,"minecraft:cooked_porkchop":4,"minecraft:crafting_table":3,"minecraft:spruce_planks":28,"minecraft:sticky_piston":7,"minecraft:bucket":11,"minecraft:air":0,"minecraft:oak_fence_gate":17,"minecraft:emerald_block":64,"minecraft:stick":336,"minecraft:iron_ingot":171,"minecraft:gold_ingot":9,"minecraft:white_bed":1,"minecraft:redstone_torch":44,"minecraft:composter":3,"minecraft:acacia_planks":160,"minecraft:shears":1,"minecraft:diamond_chestplate":1},"minecraft:killed":{"minecraft:phantom":5,"minecraft:skeleton":2,"minecraft:piglin":3,"minecraft:pig":2,"minecraft:pillager":10,"minecraft:zombie":2,"minecraft:enderman":4,"minecraft:cow":1},"minecraft:picked_up":{"minecraft:wheat":3,"minecraft:redstone_block":5,"minecraft:nether_brick_fence":5,"minecraft:stone_slab":3,"minecraft:brown_mushroom":1,"minecraft:packed_ice":33,"minecraft:stone_brick_wall":1,"minecraft:polished_deepslate":2,"minecraft:string":1,"minecraft:oak_trapdoor":4,"minecraft:sticky_piston":2,"minecraft:mycelium":3,"minecraft:diamond_leggings":1,"minecraft:gold_nugget":12,"minecraft:cobbled_deepslate":193,"minecraft:beef":3,"minecraft:oak_boat":3,"minecraft:redstone_torch":1,"minecraft:player_head":1,"minecraft:iron_nugget":2,"minecraft:phantom_membrane":2,"minecraft:egg":17,"minecraft:stick":3,"minecraft:stone":233,"minecraft:oak_fence":1,"minecraft:polished_deepslate_stairs":3,"minecraft:torch":5,"minecraft:acacia_log":80,"minecraft:porkchop":4,"minecraft:stone_button":1,"minecraft:redstone":2,"minecraft:stone_pressure_plate":2,"minecraft:rotten_flesh":1,"minecraft:arrow":1,"minecraft:diamond_chestplate":1,"minecraft:nether_bricks":3,"minecraft:deepslate_bricks":8,"minecraft:diamond_boots":1,"minecraft:obsidian":64,"minecraft:rail":1,"minecraft:white_wool":4,"minecraft:cobblestone":149,"minecraft:jungle_boat":16,"minecraft:golden_carrot":2,"minecraft:andesite":2,"minecraft:oak_log":194,"minecraft:cobblestone_wall":4,"minecraft:dirt":12,"minecraft:twisting_vines":1,"minecraft:glass":132,"minecraft:bone":2,"minecraft:kelp":199,"minecraft:wheat_seeds":7,"minecraft:warped_stem":14,"minecraft:cobbled_deepslate_slab":4,"minecraft:oak_fence_gate":6,"minecraft:diamond_helmet":1,"minecraft:bamboo":375,"minecraft:soul_sand":12,"minecraft:scaffolding":21,"minecraft:milk_bucket":3,"minecraft:cooked_porkchop":1,"minecraft:sweet_berries":20,"minecraft:quartz":30,"minecraft:white_bed":1,"minecraft:spruce_log":7,"minecraft:spider_eye":1,"minecraft:lever":2,"minecraft:granite":3,"minecraft:diamond_axe":1,"minecraft:oak_sapling":6,"minecraft:warped_nylium":4,"minecraft:netherrack":255,"minecraft:pink_dye":1,"minecraft:diamond_pickaxe":3,"minecraft:ender_pearl":4},"minecraft:dropped":{"minecraft:brown_mushroom":1,"minecraft:wheat_seeds":7,"minecraft:oak_log":1,"minecraft:oak_fence":1,"minecraft:cobblestone":2,"minecraft:stick":2,"minecraft:dirt":4,"minecraft:string":1,"minecraft:redstone_block":5,"minecraft:bone":2,"minecraft:sweet_berries":10,"minecraft:twisting_vines":1,"minecraft:pink_dye":1,"minecraft:rotten_flesh":1,"minecraft:nether_brick_fence":1,"minecraft:diamond_pickaxe":1,"minecraft:andesite":1,"minecraft:oak_sapling":6,"minecraft:arrow":1,"minecraft:netherrack":10}},"DataVersion":2865}