{"stats":{"minecraft:used":{"minecraft:moss_block":1,"minecraft:jack_o_lantern":4,"minecraft:writable_book":8,"minecraft:dispenser":1,"minecraft:ladder":6,"minecraft:elytra":2,"minecraft:poppy":1,"minecraft:chest":48,"minecraft:stone":213,"minecraft:rotten_flesh":37,"minecraft:soul_sand":23,"minecraft:cocoa_beans":46,"minecraft:jungle_slab":40,"minecraft:azure_bluet":4,"minecraft:snowball":70,"minecraft:weeping_vines":1,"minecraft:spruce_boat":14,"minecraft:packed_ice":49,"minecraft:grass_block":327,"minecraft:copper_ore":41,"minecraft:diorite_wall":5,"minecraft:netherite_boots":4,"minecraft:bow":146,"minecraft:sweet_berries":95,"minecraft:oak_sapling":77,"minecraft:furnace":27,"minecraft:egg":1348,"minecraft:potato":1254,"minecraft:dragon_head":3,"minecraft:light_blue_carpet":944,"minecraft:emerald_ore":4,"minecraft:diorite":9,"minecraft:damaged_anvil":1,"minecraft:spruce_door":6,"minecraft:chorus_fruit":32,"minecraft:powered_rail":97,"minecraft:prismarine":6,"minecraft:blackstone":43,"minecraft:wooden_pickaxe":3,"minecraft:composter":6,"minecraft:jungle_boat":18,"minecraft:golden_apple":2,"minecraft:glow_berries":17,"minecraft:sand":17,"minecraft:blue_ice":1,"minecraft:netherite_helmet":1,"minecraft:stone_button":3,"minecraft:lectern":74,"minecraft:oak_pressure_plate":1,"minecraft:nether_wart_block":3,"minecraft:diamond_sword":285,"minecraft:smithing_table":7,"minecraft:birch_log":8,"minecraft:poisonous_potato":1,"minecraft:oak_boat":20,"minecraft:oak_trapdoor":3,"minecraft:enchanting_table":1,"minecraft:stone_sword":375,"minecraft:armor_stand":2,"minecraft:mycelium":1,"minecraft:netherrack":1077,"minecraft:torch":4002,"minecraft:brewing_stand":1,"minecraft:anvil":1,"minecraft:target":1,"minecraft:nether_quartz_ore":12,"minecraft:stone_stairs":22,"minecraft:oak_fence_gate":1,"minecraft:flowering_azalea":2,"minecraft:chipped_anvil":1,"minecraft:iron_block":1,"minecraft:iron_axe":682,"minecraft:spruce_button":1,"minecraft:totem_of_undying":1,"minecraft:smooth_basalt":11,"minecraft:diamond_chestplate":1,"minecraft:basalt":594,"minecraft:lime_concrete":2,"minecraft:cobbled_deepslate":894,"minecraft:pointed_dripstone":1,"minecraft:magenta_dye":1,"minecraft:wheat_seeds":822,"minecraft:water_bucket":296,"minecraft:birch_planks":22,"minecraft:lead":3,"minecraft:glow_ink_sac":15,"minecraft:leather_boots":1,"minecraft:deepslate_bricks":51,"minecraft:rail":768,"minecraft:oak_slab":13,"minecraft:crafting_table":32,"minecraft:birch_sign":7,"minecraft:white_bed":8,"minecraft:cod":1,"minecraft:spruce_log":5,"minecraft:oak_log":23,"minecraft:diamond_pickaxe":61262,"minecraft:cornflower":1,"minecraft:diamond_shovel":2008,"minecraft:sunflower":4,"minecraft:iron_pickaxe":2526,"minecraft:suspicious_stew":13,"minecraft:spruce_trapdoor":5,"minecraft:chiseled_stone_bricks":18,"minecraft:cobblestone":727,"minecraft:potion":9,"minecraft:cooked_porkchop":25,"minecraft:porkchop":2,"minecraft:glass_pane":1,"minecraft:dandelion":1,"minecraft:brown_mushroom_block":1,"minecraft:jukebox":4,"minecraft:moss_carpet":11,"minecraft:iron_shovel":1460,"minecraft:oak_sign":11,"minecraft:shield":84,"minecraft:iron_sword":507,"minecraft:nether_wart":354,"minecraft:bell":2,"minecraft:player_head":21,"minecraft:iron_chestplate":1,"minecraft:sculk_sensor":8,"minecraft:jungle_planks":32,"minecraft:carrot":3027,"minecraft:deepslate_tile_slab":6,"minecraft:tuff":72,"minecraft:music_disc_13":3,"minecraft:axolotl_bucket":4,"minecraft:milk_bucket":22,"minecraft:obsidian":102,"minecraft:glass":223,"minecraft:coal_ore":33,"minecraft:lantern":1,"minecraft:dark_oak_wood":2,"minecraft:iron_helmet":1,"minecraft:hopper_minecart":2,"minecraft:stone_bricks":5,"minecraft:item_frame":4,"minecraft:birch_trapdoor":5,"minecraft:magma_block":1,"minecraft:scaffolding":133,"minecraft:written_book":1,"minecraft:jungle_button":1,"minecraft:gold_block":7,"minecraft:stone_pickaxe":421,"minecraft:dark_oak_sign":16,"minecraft:ender_pearl":33,"minecraft:sandstone":29,"minecraft:redstone_block":3,"minecraft:diamond_axe":1436,"minecraft:sugar_cane":160,"minecraft:netherite_leggings":2,"minecraft:light_blue_wool":5,"minecraft:sponge":2,"minecraft:stone_brick_wall":1,"minecraft:end_stone":708,"minecraft:redstone_torch":67,"minecraft:sticky_piston":2,"minecraft:lever":2,"minecraft:firework_rocket":383,"minecraft:music_disc_mall":1,"minecraft:bread":157,"minecraft:string":1,"minecraft:gravel":29,"minecraft:golden_helmet":1,"minecraft:jungle_sign":4,"minecraft:grindstone":1,"minecraft:andesite":6,"minecraft:white_concrete":4,"minecraft:bone_meal":1,"minecraft:golden_pickaxe":32,"minecraft:azalea":1,"minecraft:oak_fence":207,"minecraft:netherite_sword":5779,"minecraft:white_tulip":19,"minecraft:flint_and_steel":48,"minecraft:redstone":10,"minecraft:tropical_fish":1,"minecraft:stone_shovel":917,"minecraft:spruce_planks":4,"minecraft:ender_chest":11,"minecraft:wooden_shovel":113,"minecraft:stone_hoe":194,"minecraft:cooked_chicken":115,"minecraft:oak_door":1,"minecraft:spyglass":286,"minecraft:dirt":991,"minecraft:white_carpet":3,"minecraft:hopper":36,"minecraft:prismarine_bricks":10,"minecraft:shulker_box":48,"minecraft:bee_nest":7,"minecraft:pink_carpet":881,"minecraft:granite":5,"minecraft:spruce_fence":5,"minecraft:iron_hoe":530,"minecraft:dark_oak_planks":84,"minecraft:bookshelf":37,"minecraft:crimson_slab":1,"minecraft:iron_boots":1,"minecraft:golden_carrot":512,"minecraft:deepslate_tile_stairs":1,"minecraft:minecart":25,"minecraft:netherite_pickaxe":61100,"minecraft:cooked_beef":79,"minecraft:red_dye":2,"minecraft:powder_snow_bucket":6,"minecraft:pumpkin":1,"minecraft:iron_leggings":1,"minecraft:brown_bed":3,"minecraft:cooked_mutton":18,"minecraft:acacia_boat":1,"minecraft:iron_ore":13,"minecraft:snow_block":24,"minecraft:glass_bottle":75,"minecraft:netherite_chestplate":2,"minecraft:baked_potato":86,"minecraft:birch_boat":2,"minecraft:spruce_sign":7,"minecraft:white_dye":14,"minecraft:stonecutter":1,"minecraft:cobblestone_slab":61,"minecraft:music_disc_cat":1,"minecraft:red_mushroom":1,"minecraft:nether_gold_ore":7,"minecraft:wooden_hoe":2,"minecraft:apple":3,"minecraft:detector_rail":14,"minecraft:jungle_stairs":4,"minecraft:stone_slab":16,"minecraft:stone_axe":442,"minecraft:fishing_rod":247,"minecraft:green_shulker_box":2,"minecraft:end_crystal":1,"minecraft:bucket":319,"minecraft:yellow_bed":2,"minecraft:sculk_catalyst":1,"minecraft:splash_potion":5},"minecraft:picked_up":{"minecraft:seagrass":41,"minecraft:iron_chestplate":7,"minecraft:prismarine_shard":10,"minecraft:stone_slab":7,"minecraft:smithing_table":8,"minecraft:lead":37,"minecraft:diamond_sword":1,"minecraft:brown_bed":3,"minecraft:enchanted_book":6,"minecraft:brewing_stand":2,"minecraft:golden_sword":85,"minecraft:amethyst_block":237,"minecraft:music_disc_cat":1,"minecraft:string":265,"minecraft:dark_oak_trapdoor":1,"minecraft:soul_soil":2,"minecraft:pufferfish":27,"minecraft:gold_nugget":1865,"minecraft:cobbled_deepslate":1357,"minecraft:spruce_planks":4,"minecraft:written_book":1,"minecraft:azalea_leaves":70,"minecraft:melon_slice":58,"minecraft:golden_helmet":4,"minecraft:jukebox":3,"minecraft:composter":8,"minecraft:acacia_log":5,"minecraft:pink_carpet":17,"minecraft:end_crystal":6,"minecraft:golden_chestplate":1,"minecraft:stone_sword":7,"minecraft:light_blue_wool":5,"minecraft:tropical_fish":9,"minecraft:iron_block":3,"minecraft:bookshelf":1,"minecraft:netherite_chestplate":2,"minecraft:blaze_rod":145,"minecraft:snowball":87,"minecraft:sponge":3,"minecraft:birch_log":231,"minecraft:magma_block":28,"minecraft:feather":388,"minecraft:cooked_beef":79,"minecraft:iron_door":1,"minecraft:water_bucket":7,"minecraft:jungle_log":39,"minecraft:brown_wool":290,"minecraft:flint":25,"minecraft:netherite_leggings":2,"minecraft:chipped_anvil":1,"minecraft:dark_oak_sign":3,"minecraft:glowstone_dust":92,"minecraft:moss_block":11,"minecraft:brown_mushroom_block":46,"minecraft:ink_sac":42,"minecraft:dark_oak_log":41,"minecraft:barrel":4,"minecraft:deepslate":44,"minecraft:lever":1,"minecraft:writable_book":1,"minecraft:blue_ice":1,"minecraft:granite":49,"minecraft:spruce_button":1,"minecraft:golden_horse_armor":1,"minecraft:chainmail_helmet":1,"minecraft:jack_o_lantern":4,"minecraft:crimson_roots":2,"minecraft:diamond_pickaxe":4,"minecraft:spruce_leaves":1,"minecraft:crafting_table":28,"minecraft:bee_nest":31,"minecraft:nether_wart":1062,"minecraft:clay_ball":52,"minecraft:leather_leggings":4,"minecraft:dragon_head":6,"minecraft:cornflower":11,"minecraft:elytra":2,"minecraft:snow":4,"minecraft:flint_and_steel":5,"minecraft:compass":1,"minecraft:white_carpet":134,"minecraft:iron_shovel":2,"minecraft:glass_pane":1,"minecraft:netherite_sword":3,"minecraft:iron_nugget":3,"minecraft:poppy":15,"minecraft:minecart":29,"minecraft:chest":10,"minecraft:birch_sapling":37,"minecraft:piston":1,"minecraft:copper_ore":18,"minecraft:egg":1541,"minecraft:sandstone":35,"minecraft:stone":1057,"minecraft:oak_door":4,"minecraft:glow_item_frame":1,"minecraft:spruce_fence":1,"minecraft:carrot":9327,"minecraft:redstone":603,"minecraft:netherite_pickaxe":3,"minecraft:prismarine_crystals":6,"minecraft:jungle_sign":4,"minecraft:cooked_cod":7,"minecraft:beetroot_seeds":3,"minecraft:peony":21,"minecraft:shears":5,"minecraft:deepslate_bricks":20,"minecraft:hay_block":24,"minecraft:warped_sign":1,"minecraft:gold_ingot":9,"minecraft:totem_of_undying":1,"minecraft:mutton":9,"minecraft:glow_berries":7,"minecraft:crimson_slab":1,"minecraft:white_wool":597,"minecraft:rail":732,"minecraft:emerald_ore":4,"minecraft:oxeye_daisy":3,"minecraft:clock":1,"minecraft:tripwire_hook":1,"minecraft:red_mushroom":19,"minecraft:filled_map":10,"minecraft:oak_log":1141,"minecraft:lily_pad":2,"minecraft:ancient_debris":69,"minecraft:paper":378,"minecraft:stone_bricks":8,"minecraft:apple":50,"minecraft:kelp":63,"minecraft:stone_pickaxe":6,"minecraft:iron_ore":14,"minecraft:glass_bottle":2,"minecraft:iron_sword":2,"minecraft:flowering_azalea":2,"minecraft:dark_oak_stairs":4,"minecraft:milk_bucket":21,"minecraft:white_stained_glass_pane":3,"minecraft:smooth_basalt":30,"minecraft:dark_oak_slab":2,"minecraft:sweet_berries":522,"minecraft:lime_concrete":2,"minecraft:spyglass":2,"minecraft:gravel":913,"minecraft:spruce_sapling":15,"minecraft:spruce_log":61,"minecraft:crying_obsidian":2,"minecraft:leather_helmet":3,"minecraft:firework_rocket":243,"minecraft:diamond_shovel":2,"minecraft:coal_ore":70,"minecraft:slime_ball":9,"minecraft:stone_axe":4,"minecraft:light_blue_carpet":73,"minecraft:diamond_axe":2,"minecraft:deepslate_redstone_ore":2,"minecraft:birch_sign":7,"minecraft:baked_potato":2,"minecraft:melon_seeds":1,"minecraft:hopper":38,"minecraft:ender_pearl":71,"minecraft:shulker_shell":2,"minecraft:wheat":828,"minecraft:redstone_block":3,"minecraft:ender_chest":11,"minecraft:potion":6,"minecraft:raw_copper":2330,"minecraft:sticky_piston":1,"minecraft:iron_leggings":6,"minecraft:armor_stand":1,"minecraft:netherite_ingot":7,"minecraft:oak_sign":5,"minecraft:bucket":8,"minecraft:light_weighted_pressure_plate":1,"minecraft:white_tulip":29,"minecraft:rose_bush":50,"minecraft:redstone_torch":29,"minecraft:cobblestone_slab":51,"minecraft:calcite":182,"minecraft:iron_pickaxe":1,"minecraft:iron_boots":1,"minecraft:furnace":21,"minecraft:stick":316,"minecraft:birch_trapdoor":5,"minecraft:oak_fence":86,"minecraft:torch":579,"minecraft:snow_block":11,"minecraft:porkchop":7,"minecraft:netherite_shovel":1,"minecraft:target":1,"minecraft:diorite":41,"minecraft:pointed_dripstone":26,"minecraft:rotten_flesh":876,"minecraft:obsidian":313,"minecraft:cod":104,"minecraft:cobblestone":3351,"minecraft:nautilus_shell":5,"minecraft:enchanting_table":1,"minecraft:lilac":20,"minecraft:repeater":1,"minecraft:magma_cream":66,"minecraft:andesite":68,"minecraft:golden_leggings":1,"minecraft:potato":4033,"minecraft:tuff":87,"minecraft:prismarine_bricks":27,"minecraft:acacia_boat":1,"minecraft:wither_skeleton_skull":1,"minecraft:green_shulker_box":1,"minecraft:lapis_lazuli":813,"minecraft:dirt":1130,"minecraft:name_tag":2,"minecraft:leather_boots":2,"minecraft:glass":3,"minecraft:bone":204,"minecraft:bow":17,"minecraft:wheat_seeds":2458,"minecraft:orange_tulip":14,"minecraft:raw_gold":576,"minecraft:bell":1,"minecraft:grindstone":1,"minecraft:netherite_axe":1,"minecraft:bamboo":236,"minecraft:powered_rail":42,"minecraft:prismarine":12,"minecraft:oak_planks":75,"minecraft:stone_hoe":1,"minecraft:ghast_tear":3,"minecraft:diorite_wall":2,"minecraft:cooked_porkchop":104,"minecraft:music_disc_13":4,"minecraft:oak_pressure_plate":1,"minecraft:poisonous_potato":19,"minecraft:sand":1881,"minecraft:jungle_planks":17,"minecraft:diamond_block":3,"minecraft:grass_block":604,"minecraft:lily_of_the_valley":26,"minecraft:jungle_slab":21,"minecraft:spectral_arrow":3,"minecraft:shulker_box":50,"minecraft:mossy_cobblestone":3,"minecraft:dark_prismarine":1,"minecraft:diamond":237,"minecraft:spruce_boat":14,"minecraft:netherite_helmet":2,"minecraft:bone_meal":8,"minecraft:golden_apple":2,"minecraft:white_concrete":4,"minecraft:spruce_sign":7,"minecraft:emerald":34,"minecraft:oak_sapling":400,"minecraft:netherrack":3716,"minecraft:chorus_fruit":73,"minecraft:andesite_slab":1,"minecraft:oak_leaves":1,"minecraft:cocoa_beans":202,"minecraft:fishing_rod":7,"minecraft:charcoal":6,"minecraft:azure_bluet":7,"minecraft:allium":7,"minecraft:chicken":281,"minecraft:packed_ice":70,"minecraft:brown_mushroom":18,"minecraft:wooden_pickaxe":1,"minecraft:stone_brick_wall":1,"minecraft:gold_block":7,"minecraft:shield":1,"minecraft:moss_carpet":38,"minecraft:item_frame":9,"minecraft:quartz_slab":1,"minecraft:mycelium":1,"minecraft:blackstone":251,"minecraft:detector_rail":10,"minecraft:oak_boat":22,"minecraft:player_head":56,"minecraft:lectern":70,"minecraft:sugar_cane":1530,"minecraft:spruce_trapdoor":5,"minecraft:phantom_membrane":13,"minecraft:raw_iron":903,"minecraft:end_stone":787,"minecraft:copper_ingot":2,"minecraft:flowering_azalea_leaves":27,"minecraft:stone_button":33,"minecraft:iron_horse_armor":1,"minecraft:weeping_vines":1,"minecraft:arrow":266,"minecraft:jungle_stairs":4,"minecraft:golden_hoe":1,"minecraft:nether_bricks":4,"minecraft:pink_tulip":23,"minecraft:saddle":3,"minecraft:wet_sponge":12,"minecraft:netherite_boots":2,"minecraft:jungle_boat":18,"minecraft:basalt":975,"minecraft:glow_ink_sac":48,"minecraft:golden_carrot":111,"minecraft:crimson_stem":1,"minecraft:salmon":54,"minecraft:leather":83,"minecraft:birch_planks":6,"minecraft:chainmail_chestplate":1,"minecraft:cobblestone_wall":1,"minecraft:yellow_bed":2,"minecraft:nether_wart_block":4,"minecraft:gunpowder":95,"minecraft:cobblestone_stairs":5,"minecraft:deepslate_tile_slab":6,"minecraft:cooked_mutton":68,"minecraft:heart_of_the_sea":1,"minecraft:iron_ingot":64,"minecraft:cooked_chicken":16,"minecraft:soul_sand":51,"minecraft:book":206,"minecraft:sculk_catalyst":1,"minecraft:scaffolding":136,"minecraft:oak_slab":15,"minecraft:nether_quartz_ore":6,"minecraft:birch_boat":3,"minecraft:pumpkin":6,"minecraft:chiseled_stone_bricks":16,"minecraft:stone_brick_slab":1,"minecraft:quartz":6777,"minecraft:dandelion":30,"minecraft:dripstone_block":34,"minecraft:amethyst_shard":443,"minecraft:white_bed":9,"minecraft:spruce_door":6,"minecraft:spider_eye":18,"minecraft:music_disc_mall":2,"minecraft:sculk_sensor":8,"minecraft:chainmail_leggings":1,"minecraft:iron_helmet":4,"minecraft:damaged_anvil":1,"minecraft:netherite_hoe":2,"minecraft:dark_oak_wood":2,"minecraft:coal":2805,"minecraft:sunflower":127},"minecraft:killed_by":{"minecraft:vex":3,"minecraft:enderman":1,"minecraft:skeleton":1},"minecraft:broken":{"minecraft:wooden_shovel":1,"minecraft:shears":1,"minecraft:iron_sword":2,"minecraft:iron_hoe":2,"minecraft:stone_sword":3,"minecraft:shield":1,"minecraft:iron_axe":3,"minecraft:iron_pickaxe":9,"minecraft:iron_helmet":2,"minecraft:iron_shovel":5,"minecraft:stone_pickaxe":3,"minecraft:stone_axe":5,"minecraft:stone_shovel":7,"minecraft:golden_pickaxe":1},"minecraft:mined":{"minecraft:white_bed":7,"minecraft:light_blue_carpet":27,"minecraft:obsidian":154,"minecraft:granite":51,"minecraft:acacia_log":5,"minecraft:stone_brick_wall":1,"minecraft:jungle_log":21,"minecraft:oak_pressure_plate":1,"minecraft:deepslate_bricks":20,"minecraft:hopper":36,"minecraft:oxeye_daisy":3,"minecraft:oak_wall_sign":4,"minecraft:nether_wart":332,"minecraft:chiseled_stone_bricks":16,"minecraft:spawner":2,"minecraft:weeping_vines_plant":1,"minecraft:tall_seagrass":12,"minecraft:magma_block":163,"minecraft:cobbled_deepslate":122,"minecraft:sticky_piston":1,"minecraft:fire":187,"minecraft:moss_carpet":38,"minecraft:pumpkin":5,"minecraft:deepslate_lapis_ore":119,"minecraft:enchanting_table":1,"minecraft:cave_vines":8,"minecraft:dirt_path":1,"minecraft:pink_tulip":24,"minecraft:iron_block":3,"minecraft:player_head":8,"minecraft:tripwire":1,"minecraft:brown_mushroom":18,"minecraft:kelp_plant":1,"minecraft:player_wall_head":7,"minecraft:amethyst_cluster":66,"minecraft:deepslate_tile_slab":5,"minecraft:powder_snow":38,"minecraft:torch":434,"minecraft:dark_oak_wood":2,"minecraft:melon":12,"minecraft:spruce_wall_sign":3,"minecraft:glass":35,"minecraft:sugar_cane":749,"minecraft:damaged_anvil":1,"minecraft:spruce_sign":4,"minecraft:amethyst_block":219,"minecraft:wheat":852,"minecraft:lilac":16,"minecraft:jukebox":3,"minecraft:lime_concrete":2,"minecraft:grass":1524,"minecraft:smooth_basalt":27,"minecraft:red_mushroom_block":1,"minecraft:deepslate":6975,"minecraft:dark_prismarine":1,"minecraft:light_blue_wool":5,"minecraft:jack_o_lantern":4,"minecraft:end_stone":545,"minecraft:shulker_box":49,"minecraft:nether_bricks":18,"minecraft:allium":10,"minecraft:spruce_fence":1,"minecraft:jungle_planks":16,"minecraft:crimson_roots":1,"minecraft:redstone_wire":6,"minecraft:moss_block":2,"minecraft:red_mushroom":14,"minecraft:redstone_ore":5,"minecraft:snow":5,"minecraft:andesite":176,"minecraft:potatoes":1085,"minecraft:rail":526,"minecraft:cobblestone_slab":49,"minecraft:vine":4,"minecraft:bamboo":1,"minecraft:ender_chest":10,"minecraft:smithing_table":7,"minecraft:oak_slab":13,"minecraft:redstone_block":3,"minecraft:glass_pane":1,"minecraft:soul_sand":56,"minecraft:lily_of_the_valley":27,"minecraft:stone_brick_slab":1,"minecraft:dandelion":30,"minecraft:jungle_sign":1,"minecraft:cornflower":8,"minecraft:emerald_ore":17,"minecraft:crimson_slab":1,"minecraft:tall_grass":190,"minecraft:copper_ore":312,"minecraft:deepslate_gold_ore":311,"minecraft:diorite":73,"minecraft:cobblestone_wall":1,"minecraft:dark_oak_wall_sign":3,"minecraft:white_carpet":157,"minecraft:spruce_log":66,"minecraft:birch_leaves":5,"minecraft:mycelium":4,"minecraft:sunflower":135,"minecraft:gravel":1220,"minecraft:dripstone_block":55,"minecraft:cobweb":112,"minecraft:stone_bricks":7,"minecraft:chipped_anvil":1,"minecraft:gold_ore":35,"minecraft:fern":13,"minecraft:large_amethyst_bud":1,"minecraft:spruce_planks":4,"minecraft:oak_sapling":10,"minecraft:farmland":83,"minecraft:jungle_slab":18,"minecraft:sculk_vein":3,"minecraft:cobblestone_stairs":5,"minecraft:brewing_stand":2,"minecraft:spruce_trapdoor":5,"minecraft:budding_amethyst":1,"minecraft:grass_block":1036,"minecraft:white_concrete":4,"minecraft:soul_soil":3,"minecraft:composter":4,"minecraft:sculk_catalyst":1,"minecraft:glowstone":27,"minecraft:iron_ore":252,"minecraft:turtle_egg":1,"minecraft:target":1,"minecraft:dragon_head":3,"minecraft:azure_bluet":9,"minecraft:brown_bed":3,"minecraft:pointed_dripstone":14,"minecraft:flowering_azalea_leaves":27,"minecraft:birch_wall_sign":6,"minecraft:azalea_leaves":72,"minecraft:deepslate_redstone_ore":396,"minecraft:blackstone":528,"minecraft:clay":1,"minecraft:jungle_stairs":4,"minecraft:calcite":187,"minecraft:poppy":14,"minecraft:chest":8,"minecraft:nether_quartz_ore":3127,"minecraft:cobblestone":286,"minecraft:grindstone":1,"minecraft:prismarine":9,"minecraft:oak_planks":59,"minecraft:wall_torch":70,"minecraft:deepslate_copper_ore":45,"minecraft:seagrass":28,"minecraft:powered_rail":35,"minecraft:nether_wart_block":6,"minecraft:birch_trapdoor":5,"minecraft:birch_log":227,"minecraft:blue_ice":1,"minecraft:orange_tulip":14,"minecraft:oak_log":1145,"minecraft:diorite_wall":2,"minecraft:sand":1844,"minecraft:dirt":527,"minecraft:ancient_debris":69,"minecraft:netherrack":99688,"minecraft:oak_leaves":383,"minecraft:nether_gold_ore":908,"minecraft:diamond_ore":7,"minecraft:crying_obsidian":2,"minecraft:tuff":637,"minecraft:pink_carpet":17,"minecraft:deepslate_diamond_ore":145,"minecraft:glow_lichen":2,"minecraft:stone_button":3,"minecraft:brown_mushroom_block":46,"minecraft:spruce_leaves":52,"minecraft:sandstone":33,"minecraft:crimson_stem":1,"minecraft:hay_block":25,"minecraft:furnace":23,"minecraft:carrots":2590,"minecraft:detector_rail":10,"minecraft:peony":22,"minecraft:gold_block":7,"minecraft:bell":1,"minecraft:bookshelf":37,"minecraft:deepslate_iron_ore":428,"minecraft:packed_ice":82,"minecraft:wet_sponge":9,"minecraft:chorus_plant":5,"minecraft:white_tulip":29,"minecraft:stone":4604,"minecraft:redstone_wall_torch":7,"minecraft:scaffolding":3,"minecraft:flowering_azalea":2,"minecraft:snow_block":12,"minecraft:basalt":1958,"minecraft:spruce_door":5,"minecraft:oak_fence":86,"minecraft:crafting_table":20,"minecraft:rose_bush":50,"minecraft:sculk_sensor":8,"minecraft:lectern":70,"minecraft:stone_slab":2,"minecraft:deepslate_coal_ore":1,"minecraft:lapis_ore":26,"minecraft:sculk":1,"minecraft:prismarine_bricks":22,"minecraft:birch_planks":6,"minecraft:green_shulker_box":1,"minecraft:redstone_torch":19,"minecraft:sweet_berry_bush":52,"minecraft:bee_nest":31,"minecraft:yellow_bed":2,"minecraft:coal_ore":1406,"minecraft:cocoa":57,"minecraft:jungle_wall_sign":2},"minecraft:custom":{"minecraft:interact_with_crafting_table":352,"minecraft:open_barrel":122,"minecraft:bell_ring":22,"minecraft:eat_cake_slice":1,"minecraft:leave_game":101,"minecraft:time_since_death":2021254,"minecraft:damage_blocked_by_shield":4575,"minecraft:play_time":5805964,"minecraft:deaths":10,"minecraft:jump":104718,"minecraft:enchant_item":20,"minecraft:interact_with_furnace":687,"minecraft:play_record":5,"minecraft:traded_with_villager":864,"minecraft:interact_with_cartography_table":2,"minecraft:sleep_in_bed":74,"minecraft:damage_dealt":457261,"minecraft:inspect_dispenser":9,"minecraft:horse_one_cm":1874704,"minecraft:interact_with_smithing_table":17,"minecraft:inspect_dropper":11,"minecraft:interact_with_anvil":81,"minecraft:inspect_hopper":297,"minecraft:target_hit":1,"minecraft:sneak_time":269898,"minecraft:interact_with_lectern":15,"minecraft:interact_with_blast_furnace":2,"minecraft:total_world_time":5805964,"minecraft:tune_noteblock":9,"minecraft:interact_with_stonecutter":14,"minecraft:time_since_rest":44765,"minecraft:swim_one_cm":832721,"minecraft:fly_one_cm":26543877,"minecraft:open_chest":4837,"minecraft:fish_caught":189,"minecraft:fall_one_cm":3023901,"minecraft:animals_bred":144,"minecraft:open_shulker_box":211,"minecraft:damage_resisted":299,"minecraft:sprint_one_cm":17071476,"minecraft:drop":1057,"minecraft:play_noteblock":13,"minecraft:talked_to_villager":530,"minecraft:interact_with_brewingstand":29,"minecraft:walk_on_water_one_cm":329029,"minecraft:interact_with_loom":1,"minecraft:open_enderchest":164,"minecraft:interact_with_beacon":1,"minecraft:crouch_one_cm":946915,"minecraft:mob_kills":10251,"minecraft:climb_one_cm":455080,"minecraft:walk_one_cm":13128205,"minecraft:walk_under_water_one_cm":542264,"minecraft:boat_one_cm":1631770,"minecraft:raid_trigger":1,"minecraft:interact_with_grindstone":19,"minecraft:damage_taken":38677,"minecraft:damage_absorbed":28,"minecraft:minecart_one_cm":564450,"minecraft:pig_one_cm":8247,"minecraft:aviate_one_cm":23551943},"minecraft:crafted":{"minecraft:ender_chest":1,"minecraft:jungle_button":1,"minecraft:smooth_stone":8,"minecraft:oak_sign":9,"minecraft:melon":194,"minecraft:blaze_powder":4,"minecraft:lever":2,"minecraft:diamond_shovel":1,"minecraft:bookshelf":51,"minecraft:shulker_box":1,"minecraft:quartz_block":1388,"minecraft:glass":271,"minecraft:diamond_helmet":1,"minecraft:diamond_leggings":1,"minecraft:magenta_dye":1,"minecraft:glass_bottle":327,"minecraft:wooden_shovel":2,"minecraft:emerald":525,"minecraft:diamond_axe":1,"minecraft:smithing_table":1,"minecraft:golden_pickaxe":1,"minecraft:brown_bed":2,"minecraft:copper_ingot":972,"minecraft:sticky_piston":1,"minecraft:campfire":1,"minecraft:lectern":4,"minecraft:wooden_hoe":1,"minecraft:stone_slab":18,"minecraft:iron_pickaxe":11,"minecraft:iron_block":53,"minecraft:gold_ingot":711,"minecraft:netherite_ingot":17,"minecraft:composter":2,"minecraft:jungle_sign":3,"minecraft:golden_carrot":402,"minecraft:stone_shovel":53,"minecraft:smooth_stone_slab":2,"minecraft:spyglass":1,"minecraft:player_head":3,"minecraft:diamond_hoe":1,"minecraft:bone_meal":180,"minecraft:pink_dye":1,"minecraft:white_carpet":3,"minecraft:stone_stairs":28,"minecraft:lantern":33,"minecraft:ladder":6,"minecraft:spruce_slab":18,"minecraft:stone_pickaxe":4,"minecraft:diamond_boots":1,"minecraft:spruce_boat":1,"minecraft:redstone_block":73,"minecraft:dark_oak_planks":84,"minecraft:lead":2,"minecraft:golden_helmet":1,"minecraft:wheat":216,"minecraft:coal_block":173,"minecraft:netherite_pickaxe":2,"minecraft:enchanting_table":1,"minecraft:glowstone":24,"minecraft:enchanted_book":23,"minecraft:jungle_slab":36,"minecraft:light_blue_carpet":1248,"minecraft:oak_fence_gate":1,"minecraft:golden_apple":5,"minecraft:fermented_spider_eye":2,"minecraft:writable_book":12,"minecraft:iron_shovel":7,"minecraft:deepslate_tile_stairs":1,"minecraft:iron_leggings":3,"minecraft:armor_stand":1,"minecraft:white_bed":5,"minecraft:grindstone":1,"minecraft:oak_planks":1424,"minecraft:cobblestone_slab":30,"minecraft:cooked_chicken":139,"minecraft:stone":29,"minecraft:pink_carpet":864,"minecraft:suspicious_stew":9,"minecraft:hopper":29,"minecraft:bow":1,"minecraft:iron_boots":4,"minecraft:chest":70,"minecraft:copper_block":193,"minecraft:rail":144,"minecraft:stone_hoe":28,"minecraft:ender_eye":1,"minecraft:oak_fence":204,"minecraft:oak_slab":18,"minecraft:item_frame":1,"minecraft:crafting_table":15,"minecraft:spruce_planks":96,"minecraft:wooden_pickaxe":1,"minecraft:iron_helmet":2,"minecraft:gold_block":108,"minecraft:hopper_minecart":2,"minecraft:birch_planks":100,"minecraft:dispenser":1,"minecraft:apple":64,"minecraft:iron_chestplate":3,"minecraft:paper":1443,"minecraft:diamond_pickaxe":2,"minecraft:emerald_block":21,"minecraft:shield":2,"minecraft:stick":1046,"minecraft:netherite_hoe":1,"minecraft:iron_ingot":626,"minecraft:stone_sword":5,"minecraft:redstone_torch":43,"minecraft:sponge":2,"minecraft:shears":2,"minecraft:oak_door":3,"minecraft:coal":450,"minecraft:fishing_rod":2,"minecraft:netherite_sword":1,"minecraft:furnace":15,"minecraft:piston":1,"minecraft:oak_trapdoor":6,"minecraft:flint_and_steel":2,"minecraft:iron_axe":4,"minecraft:iron_hoe":3,"minecraft:netherite_scrap":41,"minecraft:minecart":10,"minecraft:cooked_beef":37,"minecraft:sugar":2,"minecraft:red_dye":2,"minecraft:crimson_planks":4,"minecraft:diamond_sword":1,"minecraft:powered_rail":54,"minecraft:diorite_wall":6,"minecraft:iron_sword":2,"minecraft:bell":1,"minecraft:bucket":5,"minecraft:stone_axe":6,"minecraft:bread":152,"minecraft:acacia_boat":1,"minecraft:air":0,"minecraft:jungle_planks":84,"minecraft:oak_boat":6,"minecraft:gold_nugget":432,"minecraft:white_dye":23,"minecraft:stonecutter":1,"minecraft:anvil":1,"minecraft:acacia_planks":20,"minecraft:torch":3556,"minecraft:lapis_lazuli":18,"minecraft:lapis_block":85,"minecraft:carrot_on_a_stick":1,"minecraft:diamond_chestplate":1,"minecraft:firework_rocket":111},"minecraft:dropped":{"minecraft:iron_sword":1,"minecraft:porkchop":5,"minecraft:lapis_lazuli":12,"minecraft:emerald_ore":3,"minecraft:glass_bottle":2,"minecraft:diamond":12,"minecraft:crafting_table":5,"minecraft:leather_helmet":2,"minecraft:rail":68,"minecraft:item_frame":1,"minecraft:dirt":55,"minecraft:birch_fence":2,"minecraft:writable_book":1,"minecraft:gold_nugget":802,"minecraft:bone_meal":7,"minecraft:sunflower":2,"minecraft:phantom_membrane":3,"minecraft:iron_pickaxe":2,"minecraft:white_wool":581,"minecraft:bone":25,"minecraft:compass":2,"minecraft:sugar_cane":1,"minecraft:diamond_block":2,"minecraft:golden_chestplate":1,"minecraft:iron_nugget":8,"minecraft:cooked_chicken":3,"minecraft:cobbled_deepslate":242,"minecraft:wheat":4,"minecraft:netherite_sword":1,"minecraft:birch_sapling":30,"minecraft:obsidian":9,"minecraft:rotten_flesh":567,"minecraft:oak_planks":11,"minecraft:end_stone":48,"minecraft:glowstone_dust":2,"minecraft:white_bed":5,"minecraft:coal_ore":1,"minecraft:jungle_log":18,"minecraft:leather_boots":3,"minecraft:ladder":3,"minecraft:leather_leggings":4,"minecraft:white_dye":2,"minecraft:egg":207,"minecraft:iron_ingot":2,"minecraft:wheat_seeds":1264,"minecraft:deepslate_redstone_ore":2,"minecraft:tnt":2,"minecraft:dripstone_block":32,"minecraft:feather":299,"minecraft:book":14,"minecraft:prismarine_crystals":6,"minecraft:cobblestone":263,"minecraft:granite":31,"minecraft:chainmail_helmet":1,"minecraft:jungle_slab":5,"minecraft:gray_wool":1,"minecraft:golden_carrot":6,"minecraft:ink_sac":10,"minecraft:wooden_hoe":1,"minecraft:wooden_axe":1,"minecraft:potion":2,"minecraft:pumpkin":1,"minecraft:golden_hoe":1,"minecraft:string":159,"minecraft:paper":195,"minecraft:spruce_sapling":3,"minecraft:furnace":4,"minecraft:soul_soil":2,"minecraft:netherite_hoe":1,"minecraft:player_head":15,"minecraft:netherite_ingot":16,"minecraft:stone_sword":2,"minecraft:bowl":9,"minecraft:deepslate":44,"minecraft:stone_shovel":46,"minecraft:chicken":16,"minecraft:white_carpet":76,"minecraft:clay_ball":4,"minecraft:iron_boots":1,"minecraft:stone_slab":1,"minecraft:nether_bricks":6,"minecraft:spruce_fence":1,"minecraft:oak_sign":2,"minecraft:shears":1,"minecraft:potato":34,"minecraft:cobblestone_slab":6,"minecraft:stone":677,"minecraft:spruce_planks":1,"minecraft:diamond_pickaxe":1,"minecraft:wooden_shovel":1,"minecraft:stone_bricks":3,"minecraft:light_gray_dye":1,"minecraft:redstone_torch":5,"minecraft:spider_eye":9,"minecraft:sandstone":6,"minecraft:bow":1,"minecraft:magma_block":9,"minecraft:dark_prismarine":1,"minecraft:black_wool":6,"minecraft:spruce_sign":3,"minecraft:acacia_boat":1,"minecraft:moss_block":1,"minecraft:diamond_axe":1,"minecraft:oak_log":24,"minecraft:baked_potato":7,"minecraft:ender_pearl":10,"minecraft:leather":5,"minecraft:jungle_planks":8,"minecraft:iron_horse_armor":2,"minecraft:cod":2,"minecraft:cobblestone_stairs":5,"minecraft:flint":2,"minecraft:spruce_leaves":1,"minecraft:netherite_scrap":3,"minecraft:cornflower":2,"minecraft:mutton":13,"minecraft:crimson_roots":2,"minecraft:cooked_cod":9,"minecraft:jungle_sign":3,"minecraft:birch_log":8,"minecraft:brown_mushroom_block":45,"minecraft:gold_ingot":35,"minecraft:gravel":41,"minecraft:blackstone":193,"minecraft:andesite_slab":1,"minecraft:pointed_dripstone":34,"minecraft:diamond_shovel":1,"minecraft:stone_stairs":6,"minecraft:cooked_mutton":7,"minecraft:carrot":20,"minecraft:poppy":2,"minecraft:gunpowder":8,"minecraft:dropper":1,"minecraft:chest":2,"minecraft:basalt":385,"minecraft:iron_ore":1,"minecraft:arrow":38,"minecraft:quartz":5,"minecraft:written_book":2,"minecraft:oak_leaves":1,"minecraft:netherrack":1794,"minecraft:bread":5,"minecraft:stone_hoe":27,"minecraft:water_bucket":2,"minecraft:oak_slab":2,"minecraft:golden_helmet":4,"minecraft:minecart":1,"minecraft:prismarine_shard":9,"minecraft:lead":2,"minecraft:observer":1,"minecraft:activator_rail":2,"minecraft:copper_ingot":1,"minecraft:grass_block":12,"minecraft:stick":31,"minecraft:milk_bucket":6,"minecraft:diorite":10,"minecraft:torch":4,"minecraft:brown_wool":283,"minecraft:fire_charge":1,"minecraft:iron_leggings":1,"minecraft:iron_axe":2,"minecraft:tripwire_hook":1,"minecraft:bucket":12,"minecraft:redstone":64,"minecraft:sweet_berries":45,"minecraft:kelp":51,"minecraft:warped_nylium":3,"minecraft:blaze_rod":1,"minecraft:raw_copper":180,"minecraft:raw_iron":1,"minecraft:tuff":11,"minecraft:light_gray_wool":1,"minecraft:iron_hoe":1,"minecraft:totem_of_undying":1,"minecraft:shulker_box":2,"minecraft:flint_and_steel":1,"minecraft:copper_ore":2,"minecraft:filled_map":3,"minecraft:snow":4,"minecraft:iron_chestplate":2,"minecraft:andesite":38,"minecraft:oak_sapling":103,"minecraft:golden_sword":79,"minecraft:birch_sign":1,"minecraft:slime_ball":1,"minecraft:stone_pickaxe":2,"minecraft:wooden_pickaxe":2},"minecraft:killed":{"minecraft:cave_spider":6,"minecraft:dolphin":3,"minecraft:shulker":1,"minecraft:skeleton":136,"minecraft:guardian":9,"minecraft:fox":2,"minecraft:chicken":207,"minecraft:skeleton_horse":3,"minecraft:magma_cube":147,"minecraft:iron_golem":2,"minecraft:ender_dragon":1,"minecraft:pillager":9,"minecraft:zombie":223,"minecraft:glow_squid":14,"minecraft:cow":6,"minecraft:vindicator":6,"minecraft:polar_bear":1,"minecraft:enderman":39,"minecraft:zombified_piglin":8788,"minecraft:witch":4,"minecraft:spider":52,"minecraft:wolf":1,"minecraft:piglin":12,"minecraft:pig":5,"minecraft:zombie_villager":1,"minecraft:creeper":55,"minecraft:sheep":32,"minecraft:trader_llama":2,"minecraft:mooshroom":24,"minecraft:ghast":2,"minecraft:blaze":81,"minecraft:slime":16,"minecraft:phantom":10,"minecraft:drowned":13,"minecraft:hoglin":5,"minecraft:squid":11,"minecraft:wither_skeleton":18,"minecraft:villager":11}},"DataVersion":3120}