{"stats":{"minecraft:picked_up":{"minecraft:cooked_porkchop":71},"minecraft:used":{"minecraft:cooked_porkchop":3},"minecraft:custom":{"minecraft:jump":262,"minecraft:open_chest":4,"minecraft:time_since_rest":15390,"minecraft:leave_game":1,"minecraft:open_enderchest":1,"minecraft:crouch_one_cm":211,"minecraft:interact_with_furnace":1,"minecraft:sprint_one_cm":54637,"minecraft:play_time":15390,"minecraft:damage_taken":120,"minecraft:time_since_death":15390,"minecraft:walk_one_cm":57768,"minecraft:sneak_time":109,"minecraft:climb_one_cm":16,"minecraft:total_world_time":15390,"minecraft:fall_one_cm":3594,"minecraft:fly_one_cm":81750}},"DataVersion":2975}