{"stats":{"minecraft:crafted":{"minecraft:blaze_powder":4,"minecraft:diamond_shovel":1,"minecraft:shulker_box":1,"minecraft:cooked_mutton":5,"minecraft:quartz_block":56,"minecraft:glass":543,"minecraft:diamond_helmet":3,"minecraft:diamond_leggings":2,"minecraft:netherite_boots":1,"minecraft:polished_blackstone":256,"minecraft:birch_door":3,"minecraft:wooden_shovel":1,"minecraft:emerald":109,"minecraft:cooked_porkchop":12,"minecraft:diamond_axe":2,"minecraft:spruce_door":9,"minecraft:smithing_table":1,"minecraft:copper_ingot":86,"minecraft:iron_pickaxe":1,"minecraft:iron_block":14,"minecraft:gold_ingot":174,"minecraft:light_gray_dye":5,"minecraft:netherite_ingot":12,"minecraft:polished_blackstone_bricks":256,"minecraft:golden_carrot":3,"minecraft:jukebox":1,"minecraft:diamond_hoe":1,"minecraft:bone_meal":27,"minecraft:diamond":108,"minecraft:stone_pickaxe":2,"minecraft:diamond_boots":3,"minecraft:spruce_boat":8,"minecraft:dark_oak_planks":8,"minecraft:netherite_pickaxe":2,"minecraft:enchanted_book":8,"minecraft:orange_dye":6,"minecraft:iron_shovel":2,"minecraft:iron_leggings":2,"minecraft:white_bed":1,"minecraft:brick":284,"minecraft:oak_planks":144,"minecraft:quartz_bricks":16,"minecraft:cooked_chicken":175,"minecraft:bow":2,"minecraft:iron_boots":2,"minecraft:chest":12,"minecraft:netherite_helmet":1,"minecraft:bricks":55,"minecraft:ender_eye":1,"minecraft:golden_boots":1,"minecraft:arrow":4,"minecraft:crafting_table":11,"minecraft:spruce_planks":532,"minecraft:wooden_pickaxe":2,"minecraft:iron_helmet":2,"minecraft:birch_planks":12,"minecraft:tnt":128,"minecraft:iron_chestplate":2,"minecraft:book":34,"minecraft:paper":102,"minecraft:diamond_pickaxe":3,"minecraft:yellow_dye":25,"minecraft:purple_dye":6,"minecraft:shield":3,"minecraft:stick":88,"minecraft:iron_ingot":216,"minecraft:shears":2,"minecraft:wooden_sword":1,"minecraft:coal":18,"minecraft:netherite_sword":1,"minecraft:leather_boots":1,"minecraft:diamond_block":1,"minecraft:flint_and_steel":2,"minecraft:netherite_chestplate":1,"minecraft:netherite_leggings":1,"minecraft:white_concrete_powder":80,"minecraft:iron_axe":4,"minecraft:netherite_scrap":11,"minecraft:cooked_beef":91,"minecraft:sugar":5,"minecraft:red_dye":14,"minecraft:cooked_cod":2,"minecraft:diamond_sword":2,"minecraft:spruce_sign":3,"minecraft:iron_sword":1,"minecraft:cooked_salmon":2,"minecraft:bucket":3,"minecraft:stone_axe":3,"minecraft:amethyst_block":4,"minecraft:bread":4,"minecraft:air":0,"minecraft:blue_dye":10,"minecraft:oak_boat":3,"minecraft:gold_nugget":18,"minecraft:anvil":4,"minecraft:torch":4,"minecraft:lapis_lazuli":108,"minecraft:lapis_block":12,"minecraft:diamond_chestplate":3,"minecraft:ender_chest":1},"minecraft:broken":{"minecraft:iron_pickaxe":1,"minecraft:diamond_boots":1,"minecraft:stone_axe":1},"minecraft:used":{"minecraft:moss_block":3,"minecraft:writable_book":25,"minecraft:spruce_slab":2,"minecraft:poppy":1,"minecraft:elytra":148,"minecraft:black_carpet":9,"minecraft:chest":21,"minecraft:stone":1,"minecraft:warped_sign":1,"minecraft:quartz_stairs":1,"minecraft:soul_sand":5,"minecraft:lily_of_the_valley":1,"minecraft:allium":3,"minecraft:orange_wool":9,"minecraft:azure_bluet":2,"minecraft:snowball":57,"minecraft:spruce_boat":105,"minecraft:packed_ice":100,"minecraft:honey_block":1,"minecraft:honeycomb":1,"minecraft:lava_bucket":10,"minecraft:music_disc_pigstep":19,"minecraft:red_wool":10,"minecraft:grass_block":8,"minecraft:pink_wool":18,"minecraft:music_disc_stal":2,"minecraft:bow":337,"minecraft:dark_oak_boat":2,"minecraft:sweet_berries":114,"minecraft:oak_sapling":1,"minecraft:furnace":6,"minecraft:cooked_cod":4,"minecraft:egg":18,"minecraft:diorite":1,"minecraft:spruce_door":6,"minecraft:blackstone":17,"minecraft:wooden_pickaxe":12,"minecraft:jungle_boat":1,"minecraft:oak_leaves":1,"minecraft:golden_apple":1,"minecraft:glow_berries":1,"minecraft:sand":8,"minecraft:lightning_rod":2,"minecraft:stone_button":3,"minecraft:pufferfish":1,"minecraft:nether_wart_block":1,"minecraft:diamond_sword":861,"minecraft:smithing_table":1,"minecraft:ice":3,"minecraft:oak_boat":16,"minecraft:purple_wool":18,"minecraft:light_gray_carpet":1,"minecraft:mycelium":2,"minecraft:cooked_salmon":2,"minecraft:netherrack":1650,"minecraft:torch":19,"minecraft:anvil":27,"minecraft:twisting_vines":1,"minecraft:cod_bucket":1,"minecraft:golden_shovel":2,"minecraft:music_disc_mellohi":1,"minecraft:flowering_azalea":6,"minecraft:chipped_anvil":4,"minecraft:iron_axe":300,"minecraft:spruce_button":1,"minecraft:totem_of_undying":1,"minecraft:diamond_chestplate":8,"minecraft:basalt":11,"minecraft:magenta_wool":9,"minecraft:cobbled_deepslate":82,"minecraft:wheat_seeds":9,"minecraft:water_bucket":972,"minecraft:lime_wool":9,"minecraft:glow_ink_sac":1,"minecraft:deepslate_bricks":3,"minecraft:polished_blackstone_bricks":265,"minecraft:salmon":2,"minecraft:pink_concrete":1,"minecraft:tnt":84,"minecraft:crafting_table":23,"minecraft:white_bed":2,"minecraft:oak_log":1,"minecraft:diamond_pickaxe":4014,"minecraft:cornflower":4,"minecraft:diamond_shovel":267,"minecraft:acacia_sign":2,"minecraft:suspicious_stew":1,"minecraft:iron_pickaxe":251,"minecraft:spruce_trapdoor":1,"minecraft:spruce_sapling":8,"minecraft:blue_carpet":1,"minecraft:pink_bed":4,"minecraft:cobblestone":338,"minecraft:potion":6,"minecraft:purple_bed":4,"minecraft:porkchop":5,"minecraft:cooked_porkchop":167,"minecraft:diamond_leggings":6,"minecraft:moss_carpet":3,"minecraft:iron_shovel":233,"minecraft:polished_deepslate":1,"minecraft:oak_sign":4,"minecraft:white_concrete_powder":144,"minecraft:shield":7,"minecraft:iron_sword":89,"minecraft:bell":4,"minecraft:player_head":33,"minecraft:mutton":2,"minecraft:nether_bricks":1,"minecraft:carrot":34,"minecraft:tuff":3,"minecraft:cyan_wool":9,"minecraft:axolotl_bucket":11,"minecraft:milk_bucket":1,"minecraft:obsidian":21,"minecraft:glass":24,"minecraft:green_wool":9,"minecraft:dark_oak_wood":1,"minecraft:light_blue_bed":4,"minecraft:stone_bricks":2,"minecraft:item_frame":3,"minecraft:magma_block":1,"minecraft:written_book":21,"minecraft:scaffolding":87,"minecraft:blue_shulker_box":1,"minecraft:diamond_boots":5,"minecraft:wither_skeleton_skull":3,"minecraft:stone_pickaxe":37,"minecraft:gray_carpet":2,"minecraft:oak_planks":25,"minecraft:ender_pearl":9,"minecraft:sandstone":7,"minecraft:redstone_block":3,"minecraft:diamond_axe":118,"minecraft:blue_bed":4,"minecraft:white_wool":14,"minecraft:mushroom_stew":1,"minecraft:light_blue_wool":18,"minecraft:crossbow":95,"minecraft:black_bed":3,"minecraft:end_stone":5,"minecraft:shears":75,"minecraft:lever":1,"minecraft:firework_rocket":756,"minecraft:cyan_bed":6,"minecraft:melon_slice":1,"minecraft:bread":5,"minecraft:brown_wool":9,"minecraft:deepslate":19,"minecraft:gravel":3,"minecraft:cooked_rabbit":2,"minecraft:andesite":3,"minecraft:white_concrete":146,"minecraft:experience_bottle":2,"minecraft:azalea":1,"minecraft:trident":270,"minecraft:oak_fence":1,"minecraft:jungle_leaves":1,"minecraft:netherite_sword":232,"minecraft:music_disc_otherside":5,"minecraft:white_tulip":1,"minecraft:flint_and_steel":62,"minecraft:spruce_planks":77,"minecraft:ender_chest":11,"minecraft:stone_hoe":1,"minecraft:cooked_chicken":146,"minecraft:dirt":111,"minecraft:spyglass":288,"minecraft:white_carpet":2,"minecraft:diamond_helmet":8,"minecraft:shulker_box":75,"minecraft:bee_nest":2,"minecraft:granite":6,"minecraft:spruce_fence":1,"minecraft:birch_door":3,"minecraft:yellow_stained_glass":1,"minecraft:light_gray_wool":9,"minecraft:golden_carrot":418,"minecraft:netherite_pickaxe":400,"minecraft:cooked_beef":276,"minecraft:quartz_bricks":1,"minecraft:cooked_mutton":8,"minecraft:amethyst_block":6,"minecraft:snow_block":1,"minecraft:glass_bottle":2,"minecraft:baked_potato":13,"minecraft:blue_wool":18,"minecraft:birch_boat":6,"minecraft:brown_mushroom":3,"minecraft:spruce_sign":7,"minecraft:green_bed":5,"minecraft:music_disc_cat":6,"minecraft:lime_bed":7,"minecraft:magenta_bed":4,"minecraft:black_wool":11,"minecraft:yellow_wool":9,"minecraft:stone_axe":157,"minecraft:fishing_rod":9,"minecraft:bucket":996,"minecraft:gray_wool":9,"minecraft:splash_potion":4},"minecraft:picked_up":{"minecraft:wooden_axe":1,"minecraft:iron_chestplate":1,"minecraft:anvil":31,"minecraft:prismarine_shard":193,"minecraft:diamond_sword":22,"minecraft:smithing_table":1,"minecraft:lead":12,"minecraft:enchanted_book":5,"minecraft:purple_shulker_box":1,"minecraft:golden_sword":5,"minecraft:amethyst_block":2,"minecraft:music_disc_cat":10,"minecraft:polished_deepslate":1,"minecraft:string":55,"minecraft:cooked_salmon":1,"minecraft:pufferfish":3,"minecraft:diamond_leggings":20,"minecraft:gold_nugget":23,"minecraft:cobbled_deepslate":256,"minecraft:acacia_sign":3,"minecraft:spruce_planks":239,"minecraft:written_book":9,"minecraft:melon_slice":4,"minecraft:green_bed":5,"minecraft:lightning_rod":2,"minecraft:golden_chestplate":3,"minecraft:stone_sword":1,"minecraft:light_blue_wool":9,"minecraft:netherite_chestplate":4,"minecraft:blaze_rod":13,"minecraft:snowball":82,"minecraft:birch_log":3,"minecraft:magma_block":6,"minecraft:feather":3,"minecraft:cooked_beef":139,"minecraft:water_bucket":22,"minecraft:brown_wool":9,"minecraft:dark_oak_boat":2,"minecraft:flint":7,"minecraft:magenta_bed":4,"minecraft:netherite_leggings":4,"minecraft:twisting_vines":1,"minecraft:chipped_anvil":9,"minecraft:diamond_helmet":20,"minecraft:glowstone_dust":38,"minecraft:moss_block":9,"minecraft:ink_sac":10,"minecraft:netherite_block":1,"minecraft:quartz_bricks":1,"minecraft:deepslate":235,"minecraft:lever":1,"minecraft:writable_book":3,"minecraft:granite":26,"minecraft:spruce_button":1,"minecraft:light_gray_carpet":1,"minecraft:crimson_roots":1,"minecraft:diamond_pickaxe":43,"minecraft:music_disc_5":1,"minecraft:crafting_table":23,"minecraft:bee_nest":2,"minecraft:purple_wool":18,"minecraft:clay_ball":10,"minecraft:leather_leggings":1,"minecraft:golden_pickaxe":1,"minecraft:dragon_head":1,"minecraft:cornflower":14,"minecraft:elytra":24,"minecraft:flint_and_steel":5,"minecraft:netherite_scrap":3,"minecraft:white_carpet":2,"minecraft:netherite_sword":6,"minecraft:music_disc_otherside":5,"minecraft:beef":140,"minecraft:cyan_wool":10,"minecraft:poppy":18,"minecraft:spruce_slab":2,"minecraft:quartz_stairs":1,"minecraft:chest":13,"minecraft:egg":18,"minecraft:sandstone":13,"minecraft:stone":49,"minecraft:music_disc_mellohi":1,"minecraft:spruce_fence":1,"minecraft:carrot":38,"minecraft:redstone":14,"minecraft:netherite_pickaxe":5,"minecraft:prismarine_crystals":143,"minecraft:blue_carpet":1,"minecraft:tnt":38,"minecraft:cooked_cod":13,"minecraft:diamond_chestplate":20,"minecraft:stone_shovel":1,"minecraft:deepslate_bricks":3,"minecraft:shears":3,"minecraft:diamond_boots":19,"minecraft:hay_block":1,"minecraft:gold_ingot":33,"minecraft:totem_of_undying":13,"minecraft:glow_berries":5,"minecraft:mutton":18,"minecraft:rail":2,"minecraft:white_wool":34,"minecraft:oxeye_daisy":1,"minecraft:stripped_oak_log":1,"minecraft:lime_bed":8,"minecraft:tripwire_hook":1,"minecraft:yellow_dye":1,"minecraft:filled_map":8,"minecraft:oak_log":20,"minecraft:ancient_debris":10,"minecraft:golden_boots":4,"minecraft:sculk_vein":1,"minecraft:blue_bed":4,"minecraft:white_banner":2,"minecraft:stone_bricks":2,"minecraft:kelp":9,"minecraft:yellow_stained_glass":1,"minecraft:stone_pickaxe":3,"minecraft:glass_bottle":1,"minecraft:flowering_azalea":7,"minecraft:sweet_berries":199,"minecraft:red_wool":11,"minecraft:spyglass":3,"minecraft:gravel":33,"minecraft:spruce_sapling":14,"minecraft:spruce_log":185,"minecraft:leather_helmet":1,"minecraft:firework_rocket":1953,"minecraft:diamond_shovel":17,"minecraft:purple_bed":4,"minecraft:stone_axe":3,"minecraft:diamond_axe":7,"minecraft:gray_wool":9,"minecraft:baked_potato":333,"minecraft:warped_nylium":4,"minecraft:ender_pearl":222,"minecraft:wheat":30,"minecraft:black_carpet":9,"minecraft:ender_chest":36,"minecraft:yellow_wool":9,"minecraft:potion":54,"minecraft:iron_leggings":1,"minecraft:oak_sign":4,"minecraft:bucket":2,"minecraft:white_tulip":1,"minecraft:cobblestone_slab":6,"minecraft:azalea":4,"minecraft:iron_pickaxe":3,"minecraft:iron_boots":1,"minecraft:furnace":8,"minecraft:blue_wool":18,"minecraft:tipped_arrow":20,"minecraft:stick":31,"minecraft:oak_fence":1,"minecraft:torch":25,"minecraft:porkchop":11,"minecraft:snow_block":21,"minecraft:netherite_shovel":2,"minecraft:diorite":1,"minecraft:music_disc_pigstep":18,"minecraft:quartz_block":40,"minecraft:rotten_flesh":111,"minecraft:green_wool":9,"minecraft:obsidian":140,"minecraft:cod":125,"minecraft:blaze_powder":1,"minecraft:cobblestone":488,"minecraft:leather_chestplate":1,"minecraft:magma_cream":22,"minecraft:andesite":14,"minecraft:black_bed":3,"minecraft:golden_leggings":1,"minecraft:potato":1,"minecraft:tuff":4,"minecraft:wither_skeleton_skull":4,"minecraft:lapis_lazuli":792,"minecraft:dirt":116,"minecraft:name_tag":3,"minecraft:leather_boots":3,"minecraft:bone":104,"minecraft:bow":33,"minecraft:wheat_seeds":58,"minecraft:raw_gold":17,"minecraft:bell":8,"minecraft:bamboo":12,"minecraft:oak_planks":152,"minecraft:ghast_tear":2,"minecraft:pink_concrete":1,"minecraft:cooked_porkchop":32,"minecraft:sand":314,"minecraft:axolotl_bucket":3,"minecraft:poisonous_potato":2,"minecraft:cyan_bed":6,"minecraft:lily_of_the_valley":1,"minecraft:grass_block":10,"minecraft:diamond_block":3,"minecraft:mossy_cobblestone":1,"minecraft:shulker_box":108,"minecraft:orange_wool":9,"minecraft:jungle_leaves":1,"minecraft:diamond":370,"minecraft:spruce_boat":106,"minecraft:black_concrete":2,"minecraft:netherite_helmet":2,"minecraft:crossbow":17,"minecraft:bone_meal":1,"minecraft:white_concrete":146,"minecraft:golden_apple":20,"minecraft:spruce_sign":8,"minecraft:emerald":33,"minecraft:oak_sapling":1,"minecraft:netherrack":6610,"minecraft:oak_leaves":1,"minecraft:fishing_rod":1,"minecraft:cocoa_beans":1,"minecraft:allium":3,"minecraft:splash_potion":17,"minecraft:azure_bluet":9,"minecraft:chicken":66,"minecraft:brown_mushroom":61,"minecraft:packed_ice":229,"minecraft:wooden_pickaxe":1,"minecraft:pink_wool":9,"minecraft:cooked_rabbit":3,"minecraft:gold_block":1,"minecraft:shield":12,"minecraft:moss_carpet":11,"minecraft:iron_axe":6,"minecraft:item_frame":5,"minecraft:mycelium":2,"minecraft:magenta_wool":9,"minecraft:blackstone":772,"minecraft:candle":11,"minecraft:oak_boat":14,"minecraft:player_head":89,"minecraft:light_gray_wool":13,"minecraft:blue_shulker_box":1,"minecraft:sugar_cane":53,"minecraft:phantom_membrane":27,"minecraft:spruce_trapdoor":1,"minecraft:lime_wool":9,"minecraft:raw_iron":20,"minecraft:end_stone":15,"minecraft:copper_ingot":1,"minecraft:polished_blackstone_bricks":9,"minecraft:stone_button":3,"minecraft:magenta_shulker_box":1,"minecraft:trident":15,"minecraft:light_blue_bed":4,"minecraft:iron_horse_armor":3,"minecraft:dark_oak_planks":3,"minecraft:weeping_vines":13,"minecraft:arrow":954,"minecraft:nether_bricks":1,"minecraft:saddle":3,"minecraft:netherite_boots":1,"minecraft:jungle_boat":1,"minecraft:basalt":170,"minecraft:golden_carrot":717,"minecraft:glow_ink_sac":5,"minecraft:salmon":6,"minecraft:leather":86,"minecraft:music_disc_stal":2,"minecraft:ice":8,"minecraft:crimson_fungus":2,"minecraft:nether_wart_block":1,"minecraft:gunpowder":39,"minecraft:cooked_mutton":12,"minecraft:gray_carpet":2,"minecraft:iron_ingot":231,"minecraft:cooked_chicken":42,"minecraft:soul_sand":13,"minecraft:verdant_froglight":5,"minecraft:book":1,"minecraft:pink_bed":5,"minecraft:oak_slab":1,"minecraft:scaffolding":93,"minecraft:warped_fungus":1,"minecraft:emerald_block":1,"minecraft:birch_boat":8,"minecraft:quartz":173,"minecraft:dandelion":17,"minecraft:amethyst_shard":20,"minecraft:white_bed":2,"minecraft:spider_eye":18,"minecraft:spruce_door":4,"minecraft:honey_block":1,"minecraft:iron_helmet":1,"minecraft:black_wool":14,"minecraft:damaged_anvil":4,"minecraft:netherite_hoe":1,"minecraft:dark_oak_wood":3,"minecraft:coal":49},"minecraft:killed":{"minecraft:cave_spider":3,"minecraft:skeleton":84,"minecraft:guardian":2330,"minecraft:chicken":3,"minecraft:cat":1,"minecraft:magma_cube":10,"minecraft:iron_golem":1,"minecraft:donkey":3,"minecraft:zombie":163,"minecraft:glow_squid":1,"minecraft:cow":57,"minecraft:rabbit":2,"minecraft:polar_bear":6,"minecraft:enderman":43,"minecraft:zombified_piglin":5,"minecraft:witch":2,"minecraft:spider":50,"minecraft:axolotl":6,"minecraft:silverfish":6,"minecraft:piglin":2,"minecraft:pig":7,"minecraft:zombie_villager":6,"minecraft:creeper":60,"minecraft:sheep":16,"minecraft:trader_llama":2,"minecraft:ghast":1,"minecraft:stray":21,"minecraft:mooshroom":5,"minecraft:blaze":7,"minecraft:slime":1,"minecraft:phantom":31,"minecraft:drowned":4,"minecraft:bat":1,"minecraft:squid":1,"minecraft:wither_skeleton":9},"minecraft:custom":{"minecraft:interact_with_crafting_table":184,"minecraft:open_barrel":1424,"minecraft:bell_ring":707,"minecraft:eat_cake_slice":11,"minecraft:leave_game":254,"minecraft:time_since_death":221030,"minecraft:damage_blocked_by_shield":365,"minecraft:play_time":5042035,"minecraft:deaths":53,"minecraft:jump":109279,"minecraft:enchant_item":19,"minecraft:interact_with_furnace":661,"minecraft:play_record":33,"minecraft:traded_with_villager":9,"minecraft:interact_with_cartography_table":3,"minecraft:sleep_in_bed":29,"minecraft:damage_dealt":119376,"minecraft:interact_with_smoker":42,"minecraft:inspect_dispenser":3,"minecraft:horse_one_cm":51236,"minecraft:interact_with_smithing_table":40,"minecraft:inspect_dropper":8,"minecraft:interact_with_anvil":76,"minecraft:inspect_hopper":17,"minecraft:damage_dealt_absorbed":3,"minecraft:target_hit":1,"minecraft:sneak_time":214381,"minecraft:interact_with_lectern":64,"minecraft:interact_with_blast_furnace":281,"minecraft:total_world_time":5042035,"minecraft:tune_noteblock":39,"minecraft:interact_with_stonecutter":10,"minecraft:time_since_rest":221050,"minecraft:swim_one_cm":1833173,"minecraft:fly_one_cm":23957711,"minecraft:open_chest":4985,"minecraft:fish_caught":1,"minecraft:fall_one_cm":3442328,"minecraft:animals_bred":41,"minecraft:open_shulker_box":616,"minecraft:damage_resisted":3547,"minecraft:sprint_one_cm":12515025,"minecraft:drop":1054,"minecraft:talked_to_villager":151,"minecraft:interact_with_brewingstand":100,"minecraft:walk_on_water_one_cm":498282,"minecraft:interact_with_loom":16,"minecraft:open_enderchest":312,"minecraft:interact_with_beacon":4,"minecraft:player_kills":14,"minecraft:crouch_one_cm":569304,"minecraft:mob_kills":3396,"minecraft:climb_one_cm":471039,"minecraft:walk_one_cm":7376666,"minecraft:walk_under_water_one_cm":768194,"minecraft:boat_one_cm":4962732,"minecraft:pot_flower":17,"minecraft:interact_with_grindstone":18,"minecraft:damage_taken":92627,"minecraft:minecart_one_cm":658,"minecraft:pig_one_cm":1078,"minecraft:aviate_one_cm":34083222},"minecraft:mined":{"minecraft:blue_carpet":1,"minecraft:white_bed":1,"minecraft:pink_bed":4,"minecraft:jungle_leaves":4,"minecraft:obsidian":133,"minecraft:granite":6,"minecraft:deepslate_bricks":3,"minecraft:blue_wool":9,"minecraft:crimson_fungus":2,"minecraft:oak_wall_sign":1,"minecraft:oxeye_daisy":1,"minecraft:spawner":3,"minecraft:polished_blackstone_bricks":10,"minecraft:weeping_vines_plant":1,"minecraft:tall_seagrass":2,"minecraft:magma_block":5,"minecraft:cobbled_deepslate":7,"minecraft:fire":44,"minecraft:deepslate_lapis_ore":11,"minecraft:cave_vines":9,"minecraft:dirt_path":1,"minecraft:player_head":1,"minecraft:brown_mushroom":53,"minecraft:player_wall_head":29,"minecraft:amethyst_cluster":1,"minecraft:soul_fire":6,"minecraft:torch":9,"minecraft:dark_oak_wood":3,"minecraft:melon":1,"minecraft:spruce_wall_sign":3,"minecraft:glass":2,"minecraft:cyan_bed":6,"minecraft:sugar_cane":34,"minecraft:spruce_sign":2,"minecraft:amethyst_block":2,"minecraft:cyan_wool":9,"minecraft:wheat":9,"minecraft:magenta_bed":4,"minecraft:warped_fungus":1,"minecraft:black_bed":3,"minecraft:grass":226,"minecraft:blue_shulker_box":1,"minecraft:acacia_sign":2,"minecraft:red_mushroom_block":2,"minecraft:yellow_stained_glass":1,"minecraft:deepslate":102,"minecraft:light_blue_wool":9,"minecraft:mossy_cobblestone":2,"minecraft:end_stone":8,"minecraft:shulker_box":76,"minecraft:nether_bricks":1,"minecraft:spruce_fence":2,"minecraft:crimson_roots":1,"minecraft:lime_wool":9,"minecraft:moss_block":4,"minecraft:pink_wool":10,"minecraft:redstone_ore":2,"minecraft:snow":7,"minecraft:pink_concrete":1,"minecraft:andesite":4,"minecraft:vine":1,"minecraft:rail":1,"minecraft:bamboo":1,"minecraft:cake":1,"minecraft:white_wool":1,"minecraft:green_wool":9,"minecraft:ender_chest":16,"minecraft:smithing_table":1,"minecraft:soul_sand":2,"minecraft:dandelion":15,"minecraft:cornflower":12,"minecraft:emerald_ore":1,"minecraft:lightning_rod":2,"minecraft:tall_grass":17,"minecraft:deepslate_gold_ore":9,"minecraft:diorite":2,"minecraft:purple_wool":9,"minecraft:purple_bed":4,"minecraft:light_blue_bed":4,"minecraft:white_carpet":1,"minecraft:spruce_log":188,"minecraft:birch_leaves":4,"minecraft:mycelium":10,"minecraft:gravel":42,"minecraft:cobweb":2,"minecraft:stone_bricks":2,"minecraft:chipped_anvil":3,"minecraft:fern":12,"minecraft:spruce_planks":2,"minecraft:sculk_vein":3,"minecraft:cave_vines_plant":3,"minecraft:spruce_trapdoor":1,"minecraft:grass_block":18,"minecraft:white_concrete":146,"minecraft:sculk_catalyst":1,"minecraft:glowstone":14,"minecraft:iron_ore":8,"minecraft:black_carpet":9,"minecraft:azure_bluet":9,"minecraft:azalea":2,"minecraft:spruce_slab":2,"minecraft:green_bed":5,"minecraft:deepslate_redstone_ore":10,"minecraft:blackstone":632,"minecraft:clay":2,"minecraft:poppy":15,"minecraft:chest":11,"minecraft:mushroom_stem":1,"minecraft:nether_quartz_ore":11,"minecraft:wither_skeleton_wall_skull":2,"minecraft:cobblestone":77,"minecraft:oak_planks":15,"minecraft:wall_torch":5,"minecraft:nether_wart_block":1,"minecraft:birch_log":3,"minecraft:blue_ice":2,"minecraft:light_gray_wool":1,"minecraft:tnt":20,"minecraft:oak_log":20,"minecraft:sand":469,"minecraft:dirt":55,"minecraft:tripwire_hook":1,"minecraft:ancient_debris":10,"minecraft:netherrack":1606,"minecraft:oak_leaves":7,"minecraft:magenta_wool":9,"minecraft:diamond_ore":1,"minecraft:tuff":6,"minecraft:quartz_stairs":1,"minecraft:deepslate_diamond_ore":51,"minecraft:red_stained_glass":1,"minecraft:glow_lichen":1,"minecraft:stone_button":1,"minecraft:brown_mushroom_block":4,"minecraft:spruce_leaves":58,"minecraft:sandstone":64,"minecraft:large_fern":6,"minecraft:spruce_sapling":1,"minecraft:furnace":3,"minecraft:carrots":8,"minecraft:gold_block":1,"minecraft:bell":6,"minecraft:polished_deepslate":1,"minecraft:deepslate_iron_ore":8,"minecraft:stripped_oak_log":1,"minecraft:packed_ice":1225,"minecraft:stone":258,"minecraft:scaffolding":21,"minecraft:flowering_azalea":3,"minecraft:red_wool":1,"minecraft:snow_block":1,"minecraft:basalt":106,"minecraft:spruce_door":4,"minecraft:oak_fence":1,"minecraft:crafting_table":14,"minecraft:honey_block":1,"minecraft:lapis_ore":10,"minecraft:sculk":4,"minecraft:blue_bed":4,"minecraft:lime_bed":7,"minecraft:sweet_berry_bush":32,"minecraft:ice":32,"minecraft:bee_nest":2,"minecraft:black_wool":6,"minecraft:coal_ore":6,"minecraft:cocoa":1,"minecraft:gray_carpet":1,"minecraft:acacia_wall_sign":1},"minecraft:killed_by":{"minecraft:zombie":1,"minecraft:slime":1,"minecraft:wither_skeleton":2,"minecraft:silverfish":1,"minecraft:player":18,"minecraft:enderman":2,"minecraft:iron_golem":1},"minecraft:dropped":{"minecraft:iron_sword":1,"minecraft:lapis_lazuli":31,"minecraft:cooked_beef":52,"minecraft:glow_ink_sac":5,"minecraft:glass_bottle":4,"minecraft:diamond":71,"minecraft:crafting_table":3,"minecraft:cooked_porkchop":2,"minecraft:crossbow":2,"minecraft:weeping_vines":13,"minecraft:glow_berries":4,"minecraft:elytra":5,"minecraft:rail":2,"minecraft:leather_helmet":1,"minecraft:item_frame":2,"minecraft:dirt":12,"minecraft:yellow_dye":20,"minecraft:writable_book":2,"minecraft:gold_nugget":23,"minecraft:wooden_sword":1,"minecraft:bone_meal":7,"minecraft:sand":114,"minecraft:phantom_membrane":19,"minecraft:verdant_froglight":5,"minecraft:iron_pickaxe":2,"minecraft:dark_oak_planks":3,"minecraft:dark_oak_boat":1,"minecraft:fishing_rod":1,"minecraft:white_wool":16,"minecraft:end_crystal":1,"minecraft:bone":90,"minecraft:stone_axe":1,"minecraft:sugar_cane":1,"minecraft:cooked_chicken":2,"minecraft:pink_bed":1,"minecraft:golden_chestplate":3,"minecraft:cobbled_deepslate":32,"minecraft:netherite_sword":3,"minecraft:wheat":3,"minecraft:obsidian":83,"minecraft:rotten_flesh":104,"minecraft:oak_planks":44,"minecraft:end_stone":5,"minecraft:netherite_shovel":2,"minecraft:glowstone_dust":38,"minecraft:azure_bluet":2,"minecraft:white_bed":1,"minecraft:salmon":1,"minecraft:lime_bed":1,"minecraft:tipped_arrow":2,"minecraft:quartz_block":114,"minecraft:leather_leggings":1,"minecraft:beef":50,"minecraft:enchanted_book":8,"minecraft:golden_boots":5,"minecraft:iron_ingot":33,"minecraft:wheat_seeds":32,"minecraft:netherite_helmet":1,"minecraft:cobblestone":224,"minecraft:iron_helmet":1,"minecraft:prismarine_crystals":13,"minecraft:spruce_door":5,"minecraft:purple_dye":1,"minecraft:coal":24,"minecraft:golden_apple":1,"minecraft:pufferfish":1,"minecraft:acacia_sign":1,"minecraft:golden_carrot":43,"minecraft:ink_sac":10,"minecraft:wooden_axe":1,"minecraft:diamond_helmet":1,"minecraft:potion":2,"minecraft:white_banner":1,"minecraft:red_dye":4,"minecraft:chipped_anvil":2,"minecraft:iron_shovel":2,"minecraft:string":50,"minecraft:spruce_sapling":6,"minecraft:magenta_shulker_box":1,"minecraft:furnace":2,"minecraft:moss_carpet":8,"minecraft:netherite_hoe":1,"minecraft:player_head":36,"minecraft:stone_sword":1,"minecraft:cocoa_beans":1,"minecraft:deepslate":166,"minecraft:stone_shovel":1,"minecraft:chicken":64,"minecraft:clay_ball":18,"minecraft:iron_boots":1,"minecraft:damaged_anvil":2,"minecraft:oak_sign":1,"minecraft:shears":3,"minecraft:diamond_sword":2,"minecraft:cyan_wool":1,"minecraft:potato":1,"minecraft:cobblestone_slab":6,"minecraft:hay_block":1,"minecraft:spruce_boat":2,"minecraft:stone":48,"minecraft:spruce_planks":188,"minecraft:diamond_pickaxe":12,"minecraft:bamboo":10,"minecraft:light_gray_dye":1,"minecraft:spider_eye":16,"minecraft:sandstone":3,"minecraft:bow":10,"minecraft:bell":1,"minecraft:magma_block":5,"minecraft:cooked_rabbit":1,"minecraft:black_wool":3,"minecraft:spruce_sign":4,"minecraft:blue_shulker_box":1,"minecraft:soul_sand":8,"minecraft:brown_mushroom":58,"minecraft:birch_planks":2,"minecraft:diamond_axe":5,"minecraft:orange_dye":1,"minecraft:warped_fungus":1,"minecraft:baked_potato":42,"minecraft:golden_pickaxe":1,"minecraft:ender_pearl":2,"minecraft:leather":8,"minecraft:red_wool":1,"minecraft:iron_horse_armor":1,"minecraft:cod":67,"minecraft:flint":4,"minecraft:packed_ice":123,"minecraft:ice":5,"minecraft:mutton":5,"minecraft:crimson_roots":1,"minecraft:cooked_cod":11,"minecraft:snowball":26,"minecraft:amethyst_shard":4,"minecraft:axolotl_bucket":1,"minecraft:black_concrete":2,"minecraft:gold_ingot":3,"minecraft:gravel":30,"minecraft:blackstone":665,"minecraft:spyglass":1,"minecraft:diamond_shovel":2,"minecraft:carrot":25,"minecraft:leather_chestplate":1,"minecraft:trident":4,"minecraft:gunpowder":39,"minecraft:azalea":4,"minecraft:chest":2,"minecraft:basalt":160,"minecraft:arrow":17,"minecraft:quartz":37,"minecraft:scaffolding":6,"minecraft:written_book":3,"minecraft:netherrack":2864,"minecraft:firework_rocket":124,"minecraft:oak_slab":1,"minecraft:water_bucket":1,"minecraft:mossy_cobblestone":1,"minecraft:diamond_leggings":2,"minecraft:prismarine_shard":34,"minecraft:lead":11,"minecraft:sculk_vein":1,"minecraft:copper_ingot":1,"minecraft:grass_block":2,"minecraft:stick":20,"minecraft:blue_dye":1,"minecraft:torch":1,"minecraft:melon_slice":3,"minecraft:iron_leggings":1,"minecraft:flowering_azalea":1,"minecraft:iron_axe":2,"minecraft:tripwire_hook":1,"minecraft:dandelion":2,"minecraft:redstone":14,"minecraft:anvil":5,"minecraft:sweet_berries":46,"minecraft:kelp":9,"minecraft:warped_nylium":4,"minecraft:ender_chest":1,"minecraft:blaze_rod":5,"minecraft:tuff":1,"minecraft:light_gray_wool":4,"minecraft:shulker_box":1,"minecraft:flint_and_steel":2,"minecraft:netherite_leggings":3,"minecraft:filled_map":7,"minecraft:shield":2,"minecraft:diamond_chestplate":2,"minecraft:iron_chestplate":1,"minecraft:andesite":10,"minecraft:golden_leggings":1,"minecraft:golden_sword":3,"minecraft:diamond_boots":1,"minecraft:purple_shulker_box":1,"minecraft:stone_pickaxe":1,"minecraft:raw_gold":1,"minecraft:wooden_pickaxe":3,"minecraft:magma_cream":22}},"DataVersion":3120}