{"stats":{"minecraft:crafted":{"minecraft:blaze_powder":20,"minecraft:birch_boat":1,"minecraft:slime_block":2,"minecraft:cooked_mutton":20,"minecraft:glass":44,"minecraft:netherite_boots":1,"minecraft:melon_seeds":5,"minecraft:spruce_door":3,"minecraft:copper_ingot":45,"minecraft:iron_pickaxe":5,"minecraft:gold_ingot":166,"minecraft:netherite_ingot":2,"minecraft:ladder":3,"minecraft:stone_pickaxe":6,"minecraft:spruce_boat":4,"minecraft:wheat":513,"minecraft:golden_apple":21,"minecraft:wooden_axe":4,"minecraft:iron_leggings":3,"minecraft:oak_planks":20,"minecraft:cooked_chicken":17,"minecraft:iron_boots":5,"minecraft:chest":4,"minecraft:netherite_helmet":1,"minecraft:ender_eye":14,"minecraft:golden_boots":1,"minecraft:crafting_table":6,"minecraft:spruce_planks":192,"minecraft:wooden_pickaxe":2,"minecraft:iron_helmet":5,"minecraft:birch_planks":272,"minecraft:iron_chestplate":3,"minecraft:shield":2,"minecraft:stick":68,"minecraft:iron_ingot":105,"minecraft:stone_sword":2,"minecraft:shears":2,"minecraft:furnace":5,"minecraft:flint_and_steel":1,"minecraft:netherite_chestplate":1,"minecraft:netherite_leggings":1,"minecraft:iron_axe":2,"minecraft:netherite_scrap":6,"minecraft:birch_sign":3,"minecraft:cooked_beef":9,"minecraft:crimson_planks":60,"minecraft:cooked_cod":13,"minecraft:spruce_sign":6,"minecraft:iron_sword":2,"minecraft:cooked_salmon":5,"minecraft:bucket":5,"minecraft:stone_axe":3,"minecraft:bread":269,"minecraft:air":0,"minecraft:jungle_planks":20,"minecraft:acacia_planks":56,"minecraft:end_crystal":9},"minecraft:mined":{"minecraft:light_blue_concrete":1,"minecraft:jungle_leaves":3,"minecraft:obsidian":65,"minecraft:granite":28,"minecraft:acacia_log":14,"minecraft:stone_brick_wall":8,"minecraft:deepslate_bricks":2,"minecraft:crimson_fungus":1,"minecraft:tall_seagrass":2,"minecraft:polished_blackstone_bricks":188,"minecraft:weeping_vines_plant":3,"minecraft:magma_block":1,"minecraft:fire":38,"minecraft:cobbled_deepslate":23,"minecraft:nether_brick_stairs":1,"minecraft:sculk_shrieker":1,"minecraft:oak_sign":1,"minecraft:water_cauldron":1,"minecraft:player_head":1,"minecraft:orange_bed":3,"minecraft:piston_head":1,"minecraft:kelp_plant":4,"minecraft:player_wall_head":2,"minecraft:crimson_nylium":17,"minecraft:soul_fire":2,"minecraft:powder_snow":5,"minecraft:torch":2,"minecraft:melon":2,"minecraft:spruce_wall_sign":1,"minecraft:glass":4,"minecraft:spruce_sign":2,"minecraft:wheat":295,"minecraft:stone_brick_stairs":1,"minecraft:grass":12,"minecraft:deepslate":214,"minecraft:mossy_cobblestone":3,"minecraft:nether_bricks":19,"minecraft:dark_oak_fence":6,"minecraft:spruce_fence":2,"minecraft:crimson_roots":4,"minecraft:redstone_wire":1,"minecraft:kelp":7,"minecraft:andesite":68,"minecraft:potatoes":47,"minecraft:vine":137,"minecraft:rail":2,"minecraft:bamboo":13,"minecraft:oak_slab":3,"minecraft:glass_pane":2,"minecraft:soul_sand":1,"minecraft:dandelion":1,"minecraft:cobbled_deepslate_wall":1,"minecraft:warped_roots":3,"minecraft:copper_ore":3,"minecraft:diorite":21,"minecraft:light_blue_bed":1,"minecraft:cobblestone_wall":1,"minecraft:spruce_log":43,"minecraft:birch_leaves":4,"minecraft:mycelium":1,"minecraft:gravel":35,"minecraft:cobweb":17,"minecraft:acacia_planks":5,"minecraft:stone_bricks":6,"minecraft:fern":2,"minecraft:spruce_planks":26,"minecraft:sculk_vein":3,"minecraft:spruce_trapdoor":1,"minecraft:grass_block":12,"minecraft:cracked_polished_blackstone_bricks":68,"minecraft:soul_soil":1,"minecraft:sculk_catalyst":1,"minecraft:iron_ore":111,"minecraft:flowering_azalea_leaves":1,"minecraft:iron_bars":1,"minecraft:birch_wall_sign":2,"minecraft:azalea_leaves":2,"minecraft:spruce_slab":1,"minecraft:blackstone":52,"minecraft:melon_stem":1,"minecraft:twisting_vines_plant":10,"minecraft:calcite":1,"minecraft:poppy":1,"minecraft:chest":3,"minecraft:nether_quartz_ore":2,"minecraft:cobblestone":30,"minecraft:oak_planks":1,"minecraft:prismarine":6,"minecraft:wall_torch":1,"minecraft:cauldron":1,"minecraft:seagrass":1,"minecraft:warped_nylium":31,"minecraft:birch_log":17,"minecraft:blue_ice":4,"minecraft:light_gray_wool":4,"minecraft:purpur_block":3,"minecraft:oak_log":5,"minecraft:sand":5,"minecraft:dirt":38,"minecraft:netherrack":3575,"minecraft:oak_leaves":1,"minecraft:nether_gold_ore":21,"minecraft:tuff":76,"minecraft:gray_shulker_box":1,"minecraft:ladder":5,"minecraft:weeping_vines":1,"minecraft:spruce_leaves":18,"minecraft:acacia_slab":2,"minecraft:sandstone":2,"minecraft:crimson_stem":15,"minecraft:large_fern":4,"minecraft:hay_block":66,"minecraft:oak_trapdoor":3,"minecraft:furnace":5,"minecraft:carrots":30,"minecraft:polished_basalt":1,"minecraft:nether_sprouts":3,"minecraft:stripped_spruce_log":1,"minecraft:black_concrete":4,"minecraft:peony":5,"minecraft:nether_brick_fence":1,"minecraft:bookshelf":8,"minecraft:packed_ice":186,"minecraft:stone":507,"minecraft:flowering_azalea":6,"minecraft:scaffolding":15,"minecraft:acacia_leaves":2,"minecraft:basalt":22,"minecraft:spruce_door":18,"minecraft:crafting_table":20,"minecraft:lime_carpet":1,"minecraft:lapis_ore":3,"minecraft:polished_blackstone_brick_stairs":3,"minecraft:sculk":33,"minecraft:blue_bed":1,"minecraft:gray_wool":2,"minecraft:sweet_berry_bush":69,"minecraft:ice":13,"minecraft:black_wool":1,"minecraft:coal_ore":94,"minecraft:cocoa":4},"minecraft:killed_by":{"minecraft:piglin_brute":2,"minecraft:zombie":2,"minecraft:warden":8,"minecraft:creeper":2,"minecraft:polar_bear":1,"minecraft:player":27,"minecraft:skeleton":5},"minecraft:killed":{"minecraft:skeleton":24,"minecraft:chicken":31,"minecraft:salmon":5,"minecraft:pillager":2,"minecraft:zombie":8,"minecraft:cow":14,"minecraft:polar_bear":1,"minecraft:enderman":7,"minecraft:zombified_piglin":71,"minecraft:spider":5,"minecraft:piglin_brute":14,"minecraft:piglin":38,"minecraft:pig":9,"minecraft:creeper":1,"minecraft:sheep":40,"minecraft:ghast":8,"minecraft:blaze":19,"minecraft:slime":11,"minecraft:phantom":10,"minecraft:drowned":1,"minecraft:bat":2,"minecraft:hoglin":4,"minecraft:wither_skeleton":10},"minecraft:custom":{"minecraft:interact_with_crafting_table":110,"minecraft:open_barrel":48,"minecraft:bell_ring":1009,"minecraft:leave_game":79,"minecraft:time_since_death":21396,"minecraft:damage_blocked_by_shield":7165,"minecraft:play_time":1595097,"minecraft:deaths":172,"minecraft:jump":52231,"minecraft:interact_with_furnace":198,"minecraft:sleep_in_bed":20,"minecraft:damage_dealt":63495,"minecraft:interact_with_smoker":14,"minecraft:inspect_dispenser":1,"minecraft:interact_with_smithing_table":2,"minecraft:interact_with_anvil":5,"minecraft:inspect_hopper":3,"minecraft:sneak_time":159366,"minecraft:interact_with_lectern":5,"minecraft:interact_with_blast_furnace":7,"minecraft:total_world_time":1595097,"minecraft:tune_noteblock":104,"minecraft:time_since_rest":21416,"minecraft:swim_one_cm":855848,"minecraft:fly_one_cm":14543221,"minecraft:open_chest":1062,"minecraft:fall_one_cm":2230911,"minecraft:animals_bred":12,"minecraft:open_shulker_box":163,"minecraft:damage_resisted":1493,"minecraft:sprint_one_cm":7388572,"minecraft:drop":616,"minecraft:play_noteblock":23,"minecraft:interact_with_brewingstand":10,"minecraft:walk_on_water_one_cm":236095,"minecraft:open_enderchest":113,"minecraft:player_kills":43,"minecraft:crouch_one_cm":573322,"minecraft:mob_kills":736,"minecraft:fill_cauldron":1,"minecraft:climb_one_cm":171880,"minecraft:walk_one_cm":1942918,"minecraft:walk_under_water_one_cm":254830,"minecraft:boat_one_cm":3104577,"minecraft:damage_taken":89496,"minecraft:damage_absorbed":683,"minecraft:pig_one_cm":255,"minecraft:aviate_one_cm":1667877},"minecraft:picked_up":{"minecraft:wooden_axe":5,"minecraft:iron_chestplate":9,"minecraft:diamond_sword":1,"minecraft:enchanted_book":1,"minecraft:golden_sword":7,"minecraft:polished_blackstone_brick_stairs":2,"minecraft:string":6,"minecraft:diamond_leggings":4,"minecraft:gold_nugget":79,"minecraft:cobbled_deepslate":222,"minecraft:spruce_planks":114,"minecraft:azalea_leaves":2,"minecraft:melon_slice":27,"minecraft:acacia_log":14,"minecraft:warped_planks":16,"minecraft:end_crystal":6,"minecraft:gray_shulker_box":1,"minecraft:cauldron":2,"minecraft:orange_bed":8,"minecraft:stone_sword":4,"minecraft:lime_carpet":5,"minecraft:polished_basalt":1,"minecraft:iron_block":1,"minecraft:blue_dye":3,"minecraft:white_terracotta":1,"minecraft:netherite_chestplate":4,"minecraft:blaze_rod":43,"minecraft:iron_bars":1,"minecraft:snowball":11,"minecraft:birch_log":17,"minecraft:feather":191,"minecraft:cooked_beef":167,"minecraft:water_bucket":10,"minecraft:flint":8,"minecraft:netherite_leggings":5,"minecraft:twisting_vines":35,"minecraft:diamond_helmet":5,"minecraft:moss_block":1,"minecraft:ink_sac":3,"minecraft:deepslate":66,"minecraft:blue_ice":4,"minecraft:granite":23,"minecraft:bread":1113,"minecraft:dark_oak_fence":1,"minecraft:crimson_roots":3,"minecraft:diamond_pickaxe":4,"minecraft:crafting_table":34,"minecraft:purpur_block":3,"minecraft:flint_and_steel":1,"minecraft:elytra":1,"minecraft:netherite_scrap":1,"minecraft:glass_pane":2,"minecraft:netherite_sword":7,"minecraft:beef":42,"minecraft:poppy":1,"minecraft:spruce_slab":2,"minecraft:chest":2,"minecraft:birch_sapling":7,"minecraft:egg":60,"minecraft:sandstone":2,"minecraft:stone":182,"minecraft:spruce_fence":2,"minecraft:carrot":207,"minecraft:redstone":2,"minecraft:netherite_pickaxe":8,"minecraft:diamond_chestplate":5,"minecraft:peony":1,"minecraft:diamond_boots":5,"minecraft:shears":5,"minecraft:deepslate_bricks":1,"minecraft:hay_block":122,"minecraft:gold_ingot":15,"minecraft:mutton":23,"minecraft:bone_block":6,"minecraft:rail":4,"minecraft:white_wool":78,"minecraft:filled_map":4,"minecraft:oak_log":5,"minecraft:ancient_debris":2,"minecraft:golden_boots":2,"minecraft:blue_bed":2,"minecraft:stone_bricks":5,"minecraft:kelp":3,"minecraft:stone_pickaxe":2,"minecraft:iron_ore":3,"minecraft:cobweb":57,"minecraft:iron_sword":9,"minecraft:flowering_azalea":8,"minecraft:milk_bucket":1,"minecraft:sweet_berries":320,"minecraft:gravel":29,"minecraft:spruce_log":45,"minecraft:crying_obsidian":21,"minecraft:sea_lantern":1,"minecraft:leather_helmet":2,"minecraft:firework_rocket":32,"minecraft:coal_ore":1,"minecraft:slime_ball":24,"minecraft:stone_axe":3,"minecraft:birch_sign":3,"minecraft:warped_roots":4,"minecraft:brown_banner":6,"minecraft:melon_seeds":2,"minecraft:warped_nylium":21,"minecraft:crimson_nylium":13,"minecraft:ender_pearl":28,"minecraft:wheat":262,"minecraft:ender_chest":1,"minecraft:nether_brick_fence":1,"minecraft:potion":3,"minecraft:gilded_blackstone":12,"minecraft:stone_brick_stairs":1,"minecraft:raw_copper":12,"minecraft:iron_leggings":9,"minecraft:netherite_ingot":4,"minecraft:oak_sign":4,"minecraft:bucket":3,"minecraft:rose_bush":2,"minecraft:ender_eye":2,"minecraft:azalea":2,"minecraft:iron_pickaxe":6,"minecraft:iron_boots":6,"minecraft:furnace":15,"minecraft:stick":30,"minecraft:oak_fence":1,"minecraft:torch":15,"minecraft:diorite":21,"minecraft:vine":129,"minecraft:rotten_flesh":58,"minecraft:obsidian":118,"minecraft:cobblestone":933,"minecraft:lilac":2,"minecraft:repeater":4,"minecraft:magma_cream":14,"minecraft:andesite":63,"minecraft:golden_leggings":1,"minecraft:potato":179,"minecraft:tuff":90,"minecraft:lapis_lazuli":23,"minecraft:dirt":56,"minecraft:name_tag":3,"minecraft:leather_boots":3,"minecraft:glass":4,"minecraft:bone":68,"minecraft:acacia_planks":281,"minecraft:bow":3,"minecraft:cobbled_deepslate_wall":1,"minecraft:wheat_seeds":729,"minecraft:netherite_axe":4,"minecraft:bamboo":134,"minecraft:prismarine":5,"minecraft:oak_planks":4,"minecraft:ghast_tear":9,"minecraft:cooked_porkchop":84,"minecraft:poisonous_potato":4,"minecraft:jungle_planks":21,"minecraft:sand":7,"minecraft:nether_brick_stairs":1,"minecraft:grass_block":2,"minecraft:lily_of_the_valley":1,"minecraft:spectral_arrow":11,"minecraft:mossy_cobblestone":3,"minecraft:black_concrete":4,"minecraft:diamond":24,"minecraft:spruce_boat":73,"minecraft:netherite_helmet":4,"minecraft:cracked_polished_blackstone_bricks":40,"minecraft:crossbow":2,"minecraft:grass":2,"minecraft:golden_apple":13,"minecraft:spruce_sign":3,"minecraft:emerald":8,"minecraft:piglin_banner_pattern":1,"minecraft:netherrack":2747,"minecraft:nether_star":1,"minecraft:cocoa_beans":12,"minecraft:chicken":52,"minecraft:packed_ice":195,"minecraft:brown_mushroom":6,"minecraft:wooden_pickaxe":4,"minecraft:pink_wool":8,"minecraft:stone_brick_wall":7,"minecraft:gold_block":2,"minecraft:chain":26,"minecraft:shield":9,"minecraft:oak_trapdoor":3,"minecraft:iron_axe":7,"minecraft:item_frame":4,"minecraft:magenta_wool":12,"minecraft:blackstone":39,"minecraft:oak_boat":2,"minecraft:player_head":58,"minecraft:light_gray_wool":3,"minecraft:sugar_cane":6,"minecraft:spruce_trapdoor":1,"minecraft:phantom_membrane":12,"minecraft:raw_iron":150,"minecraft:flowering_azalea_leaves":1,"minecraft:polished_blackstone_bricks":161,"minecraft:dark_oak_planks":4,"minecraft:arrow":280,"minecraft:weeping_vines":2,"minecraft:nether_bricks":19,"minecraft:netherite_boots":3,"minecraft:glow_ink_sac":7,"minecraft:jungle_boat":1,"minecraft:basalt":17,"minecraft:golden_carrot":149,"minecraft:crimson_stem":15,"minecraft:salmon":5,"minecraft:leather":41,"minecraft:birch_planks":225,"minecraft:ice":4,"minecraft:crimson_fungus":1,"minecraft:gunpowder":15,"minecraft:cooked_mutton":145,"minecraft:iron_ingot":16,"minecraft:cooked_chicken":118,"minecraft:acacia_sapling":1,"minecraft:book":72,"minecraft:sculk_catalyst":1,"minecraft:scaffolding":18,"minecraft:oak_slab":4,"minecraft:nether_quartz_ore":2,"minecraft:birch_boat":9,"minecraft:dandelion":44,"minecraft:lava_bucket":10,"minecraft:spider_eye":2,"minecraft:spruce_door":18,"minecraft:sculk_sensor":5,"minecraft:iron_helmet":6,"minecraft:acacia_slab":3,"minecraft:black_wool":2,"minecraft:coal":422},"minecraft:dropped":{"minecraft:iron_sword":1,"minecraft:cooked_beef":56,"minecraft:glow_ink_sac":1,"minecraft:glass_bottle":3,"minecraft:diamond":4,"minecraft:cooked_porkchop":14,"minecraft:warped_roots":2,"minecraft:leather_helmet":1,"minecraft:item_frame":1,"minecraft:emerald":4,"minecraft:dirt":4,"minecraft:grass":2,"minecraft:dark_oak_fence":1,"minecraft:netherite_boots":1,"minecraft:chain":13,"minecraft:gold_nugget":9,"minecraft:sand":2,"minecraft:iron_pickaxe":1,"minecraft:dark_oak_planks":4,"minecraft:white_wool":50,"minecraft:bone":51,"minecraft:stone_axe":2,"minecraft:sugar_cane":6,"minecraft:ancient_debris":2,"minecraft:cooked_chicken":4,"minecraft:cobbled_deepslate":13,"minecraft:birch_sapling":1,"minecraft:netherite_sword":4,"minecraft:wheat":7,"minecraft:obsidian":15,"minecraft:rotten_flesh":54,"minecraft:oak_planks":2,"minecraft:nether_brick_fence":1,"minecraft:azalea_leaves":1,"minecraft:leather_boots":5,"minecraft:acacia_sapling":1,"minecraft:ladder":3,"minecraft:spruce_slab":1,"minecraft:beef":18,"minecraft:flowering_azalea_leaves":1,"minecraft:crying_obsidian":14,"minecraft:golden_boots":1,"minecraft:iron_ingot":76,"minecraft:netherite_pickaxe":2,"minecraft:wheat_seeds":82,"minecraft:netherite_chestplate":2,"minecraft:netherite_helmet":2,"minecraft:feather":23,"minecraft:cobblestone":479,"minecraft:book":24,"minecraft:coal":12,"minecraft:golden_apple":3,"minecraft:golden_carrot":52,"minecraft:ink_sac":3,"minecraft:wooden_axe":5,"minecraft:rose_bush":1,"minecraft:diamond_helmet":2,"minecraft:jungle_boat":1,"minecraft:string":5,"minecraft:player_head":29,"minecraft:stone_sword":3,"minecraft:deepslate":12,"minecraft:chicken":26,"minecraft:iron_boots":1,"minecraft:slime_block":2,"minecraft:nether_bricks":18,"minecraft:spruce_fence":1,"minecraft:diamond_sword":1,"minecraft:spruce_boat":3,"minecraft:stone":33,"minecraft:spruce_planks":5,"minecraft:diamond_pickaxe":1,"minecraft:bamboo":6,"minecraft:sandstone":2,"minecraft:nether_brick_stairs":1,"minecraft:brown_mushroom":6,"minecraft:ender_pearl":1,"minecraft:nether_star":1,"minecraft:leather":9,"minecraft:jungle_planks":15,"minecraft:cracked_polished_blackstone_bricks":15,"minecraft:packed_ice":35,"minecraft:mutton":3,"minecraft:crimson_roots":2,"minecraft:gilded_blackstone":6,"minecraft:amethyst_shard":4,"minecraft:polished_blackstone_bricks":61,"minecraft:black_concrete":4,"minecraft:gold_ingot":63,"minecraft:gravel":7,"minecraft:purpur_block":3,"minecraft:blackstone":23,"minecraft:prismarine":1,"minecraft:poppy":65,"minecraft:gunpowder":8,"minecraft:melon_seeds":1,"minecraft:stone_brick_wall":3,"minecraft:basalt":5,"minecraft:arrow":24,"minecraft:magenta_wool":8,"minecraft:netherrack":58,"minecraft:water_bucket":1,"minecraft:bread":68,"minecraft:oak_slab":1,"minecraft:vine":128,"minecraft:lilac":1,"minecraft:mossy_cobblestone":3,"minecraft:diamond_leggings":1,"minecraft:poisonous_potato":1,"minecraft:netherite_axe":1,"minecraft:grass_block":1,"minecraft:stick":12,"minecraft:blue_dye":6,"minecraft:milk_bucket":1,"minecraft:diorite":6,"minecraft:torch":3,"minecraft:repeater":4,"minecraft:melon_slice":11,"minecraft:iron_leggings":4,"minecraft:flowering_azalea":4,"minecraft:iron_axe":1,"minecraft:polished_basalt":1,"minecraft:bucket":3,"minecraft:dandelion":44,"minecraft:kelp":3,"minecraft:sweet_berries":13,"minecraft:ender_chest":1,"minecraft:tuff":3,"minecraft:raw_iron":1,"minecraft:sculk_sensor":5,"minecraft:netherite_leggings":3,"minecraft:filled_map":1,"minecraft:diamond_chestplate":2,"minecraft:iron_chestplate":4,"minecraft:andesite":2,"minecraft:pink_wool":4,"minecraft:golden_leggings":1,"minecraft:golden_sword":3,"minecraft:diamond_boots":2,"minecraft:stone_pickaxe":4,"minecraft:wooden_pickaxe":5,"minecraft:nether_quartz_ore":2},"minecraft:broken":{"minecraft:bow":1,"minecraft:iron_pickaxe":1,"minecraft:stone_pickaxe":1,"minecraft:stone_axe":1,"minecraft:wooden_axe":1,"minecraft:flint_and_steel":1},"minecraft:used":{"minecraft:peony":1,"minecraft:moss_block":1,"minecraft:writable_book":5,"minecraft:spruce_slab":1,"minecraft:chest":6,"minecraft:stone":4,"minecraft:snowball":56,"minecraft:weeping_vines":2,"minecraft:spruce_boat":63,"minecraft:packed_ice":111,"minecraft:lava_bucket":227,"minecraft:birch_sapling":6,"minecraft:stone_brick_stairs":1,"minecraft:bow":95,"minecraft:sweet_berries":223,"minecraft:furnace":5,"minecraft:egg":61,"minecraft:potato":20,"minecraft:diorite":5,"minecraft:spruce_door":18,"minecraft:prismarine":4,"minecraft:blackstone":13,"minecraft:wooden_pickaxe":60,"minecraft:golden_apple":25,"minecraft:blue_ice":4,"minecraft:diamond_sword":12,"minecraft:poisonous_potato":2,"minecraft:ice":6,"minecraft:oak_trapdoor":3,"minecraft:iron_bars":1,"minecraft:stone_sword":22,"minecraft:cooked_salmon":2,"minecraft:netherrack":2762,"minecraft:orange_bed":3,"minecraft:torch":7,"minecraft:twisting_vines":35,"minecraft:sea_lantern":1,"minecraft:flowering_azalea":4,"minecraft:iron_axe":175,"minecraft:basalt":12,"minecraft:cobbled_deepslate":128,"minecraft:acacia_planks":40,"minecraft:wheat_seeds":294,"minecraft:water_bucket":488,"minecraft:birch_planks":16,"minecraft:cauldron":2,"minecraft:deepslate_bricks":1,"minecraft:polished_blackstone_bricks":75,"minecraft:rail":4,"minecraft:vine":1,"minecraft:oak_slab":3,"minecraft:crafting_table":21,"minecraft:birch_sign":6,"minecraft:ender_eye":2,"minecraft:diamond_pickaxe":131,"minecraft:iron_pickaxe":591,"minecraft:spruce_trapdoor":1,"minecraft:crimson_nylium":5,"minecraft:cobblestone":469,"minecraft:potion":3,"minecraft:azalea_leaves":1,"minecraft:cooked_porkchop":56,"minecraft:glass_pane":2,"minecraft:oak_sign":3,"minecraft:shield":161,"minecraft:iron_sword":239,"minecraft:player_head":3,"minecraft:carrot":92,"minecraft:tuff":54,"minecraft:axolotl_bucket":6,"minecraft:milk_bucket":2,"minecraft:obsidian":57,"minecraft:glass":4,"minecraft:warped_nylium":13,"minecraft:stone_bricks":5,"minecraft:item_frame":3,"minecraft:hay_block":1,"minecraft:written_book":2,"minecraft:scaffolding":18,"minecraft:dark_oak_sign":1,"minecraft:stone_pickaxe":465,"minecraft:oak_planks":2,"minecraft:ender_pearl":40,"minecraft:blue_bed":2,"minecraft:crossbow":101,"minecraft:stone_brick_wall":1,"minecraft:shears":150,"minecraft:firework_rocket":41,"minecraft:gray_shulker_box":1,"minecraft:lime_carpet":5,"minecraft:bread":312,"minecraft:gravel":15,"minecraft:deepslate":17,"minecraft:andesite":1,"minecraft:cobweb":9,"minecraft:oak_fence":1,"minecraft:azalea":2,"minecraft:netherite_sword":852,"minecraft:flint_and_steel":64,"minecraft:redstone":2,"minecraft:spruce_planks":107,"minecraft:cooked_chicken":3,"minecraft:dirt":153,"minecraft:spruce_fence":1,"minecraft:granite":12,"minecraft:wooden_axe":70,"minecraft:acacia_slab":3,"minecraft:polished_blackstone_brick_stairs":2,"minecraft:light_gray_wool":43,"minecraft:golden_carrot":85,"minecraft:netherite_pickaxe":4290,"minecraft:cooked_beef":36,"minecraft:cobbled_deepslate_wall":1,"minecraft:cooked_mutton":71,"minecraft:baked_potato":27,"minecraft:birch_boat":8,"minecraft:spruce_sign":9,"minecraft:warped_roots":2,"minecraft:spider_eye":2,"minecraft:cracked_polished_blackstone_bricks":17,"minecraft:chicken":2,"minecraft:netherite_axe":82,"minecraft:stone_axe":36,"minecraft:crimson_fungus":1,"minecraft:end_crystal":9,"minecraft:bucket":724,"minecraft:splash_potion":3}},"DataVersion":3120}