{"stats":{"minecraft:custom":{"minecraft:animals_bred":44,"minecraft:interact_with_crafting_table":88,"minecraft:open_barrel":4,"minecraft:bell_ring":4,"minecraft:leave_game":18,"minecraft:time_since_death":190047,"minecraft:damage_resisted":154,"minecraft:sprint_one_cm":2995837,"minecraft:damage_blocked_by_shield":1275,"minecraft:drop":162,"minecraft:play_time":1022793,"minecraft:deaths":2,"minecraft:jump":28714,"minecraft:walk_on_water_one_cm":294404,"minecraft:enchant_item":10,"minecraft:interact_with_furnace":106,"minecraft:play_record":1,"minecraft:sleep_in_bed":13,"minecraft:open_enderchest":47,"minecraft:damage_dealt":25079,"minecraft:player_kills":2,"minecraft:crouch_one_cm":188299,"minecraft:interact_with_smoker":204,"minecraft:horse_one_cm":1295516,"minecraft:interact_with_smithing_table":1,"minecraft:mob_kills":356,"minecraft:interact_with_anvil":4,"minecraft:inspect_hopper":1,"minecraft:climb_one_cm":69690,"minecraft:walk_one_cm":2114611,"minecraft:sneak_time":50286,"minecraft:walk_under_water_one_cm":468348,"minecraft:boat_one_cm":2261135,"minecraft:interact_with_lectern":1,"minecraft:total_world_time":1022793,"minecraft:time_since_rest":2137,"minecraft:damage_taken":873959,"minecraft:swim_one_cm":1402318,"minecraft:fly_one_cm":7010343,"minecraft:pig_one_cm":93049,"minecraft:open_chest":751,"minecraft:fish_caught":4,"minecraft:fall_one_cm":9509166},"minecraft:picked_up":{"minecraft:iron_chestplate":1,"minecraft:wheat":8,"minecraft:lead":41,"minecraft:gilded_blackstone":1,"minecraft:brewing_stand":1,"minecraft:amethyst_block":146,"minecraft:music_disc_cat":1,"minecraft:string":11,"minecraft:dark_oak_trapdoor":2,"minecraft:deepslate_lapis_ore":5,"minecraft:iron_leggings":1,"minecraft:sticky_piston":2,"minecraft:netherite_ingot":1,"minecraft:oak_sign":2,"minecraft:sea_pickle":11,"minecraft:red_sand":1,"minecraft:cobbled_deepslate":1277,"minecraft:dark_oak_leaves":1,"minecraft:spruce_planks":69,"minecraft:rose_bush":43,"minecraft:calcite":250,"minecraft:azalea":41,"minecraft:iron_pickaxe":8,"minecraft:azalea_leaves":106,"minecraft:melon_slice":467,"minecraft:deepslate_iron_ore":6,"minecraft:iron_boots":1,"minecraft:furnace":3,"minecraft:golden_helmet":3,"minecraft:stick":40,"minecraft:big_dripleaf":5,"minecraft:oak_fence":11,"minecraft:torch":8,"minecraft:acacia_log":78,"minecraft:pointed_dripstone":23,"minecraft:diorite":47,"minecraft:vine":13,"minecraft:nether_gold_ore":2,"minecraft:cactus":5,"minecraft:rotten_flesh":11,"minecraft:tropical_fish":1,"minecraft:red_tulip":3,"minecraft:obsidian":18,"minecraft:cod":2,"minecraft:snowball":14,"minecraft:blaze_powder":2,"minecraft:cobblestone":322,"minecraft:birch_log":11,"minecraft:magma_block":25,"minecraft:mossy_cobblestone_slab":2,"minecraft:cooked_beef":16,"minecraft:lilac":25,"minecraft:water_bucket":2,"minecraft:medium_amethyst_bud":11,"minecraft:andesite":40,"minecraft:jungle_log":17,"minecraft:acacia_leaves":231,"minecraft:golden_leggings":1,"minecraft:dark_oak_boat":6,"minecraft:potato":549,"minecraft:flint":8,"minecraft:tuff":189,"minecraft:dirt":16,"minecraft:lapis_lazuli":136,"minecraft:bone":159,"minecraft:large_amethyst_bud":2,"minecraft:bow":18,"minecraft:wheat_seeds":90,"minecraft:raw_gold":125,"minecraft:bell":3,"minecraft:bamboo":19,"minecraft:moss_block":61,"minecraft:oak_planks":3,"minecraft:ghast_tear":1,"minecraft:cooked_porkchop":14,"minecraft:poisonous_potato":3,"minecraft:sand":1966,"minecraft:ink_sac":1,"minecraft:grass_block":1,"minecraft:lily_of_the_valley":57,"minecraft:dark_oak_log":84,"minecraft:mossy_cobblestone":10,"minecraft:jungle_leaves":935,"minecraft:clay":24,"minecraft:diamond":117,"minecraft:deepslate":182,"minecraft:spruce_boat":60,"minecraft:deepslate_gold_ore":83,"minecraft:granite":13,"minecraft:grass":1,"minecraft:spruce_sign":1,"minecraft:emerald":2,"minecraft:rooted_dirt":41,"minecraft:oak_sapling":9,"minecraft:netherrack":2500,"minecraft:oak_leaves":2,"minecraft:crimson_roots":2,"minecraft:cocoa_beans":15,"minecraft:crafting_table":14,"minecraft:azure_bluet":17,"minecraft:chicken":1,"minecraft:clay_ball":124,"minecraft:wooden_pickaxe":1,"minecraft:stone_brick_wall":1,"minecraft:gold_block":9,"minecraft:shield":1,"minecraft:moss_carpet":11,"minecraft:item_frame":1,"minecraft:white_carpet":1,"minecraft:blackstone":15,"minecraft:blue_orchid":14,"minecraft:deepslate_diamond_ore":35,"minecraft:beef":18,"minecraft:player_head":3,"minecraft:jungle_sapling":1,"minecraft:poppy":2,"minecraft:sugar_cane":27,"minecraft:chest":2,"minecraft:birch_sapling":3,"minecraft:phantom_membrane":1,"minecraft:egg":6,"minecraft:dark_oak_sapling":4,"minecraft:raw_iron":113,"minecraft:sandstone":1,"minecraft:stone":293,"minecraft:flowering_azalea_leaves":27,"minecraft:amethyst_cluster":2,"minecraft:polished_blackstone_bricks":7,"minecraft:trident":1,"minecraft:carrot":14,"minecraft:redstone":79,"minecraft:mushroom_stem":5,"minecraft:jungle_sign":5,"minecraft:dark_oak_planks":4,"minecraft:arrow":118,"minecraft:stripped_dark_oak_wood":1,"minecraft:pink_tulip":4,"minecraft:totem_of_undying":2,"minecraft:glow_berries":7,"minecraft:rail":3,"minecraft:white_wool":44,"minecraft:emerald_ore":2,"minecraft:lapis_ore":1,"minecraft:basalt":75,"minecraft:golden_carrot":21,"minecraft:glow_ink_sac":6,"minecraft:salmon":7,"minecraft:leather":13,"minecraft:fern":18,"minecraft:red_mushroom_block":13,"minecraft:red_mushroom":3,"minecraft:ice":1,"minecraft:oak_log":33,"minecraft:chainmail_chestplate":1,"minecraft:ancient_debris":2,"minecraft:gunpowder":17,"minecraft:apple":1,"minecraft:spore_blossom":5,"minecraft:iron_ingot":20,"minecraft:stone_pickaxe":1,"minecraft:acacia_sapling":17,"minecraft:flowering_azalea":48,"minecraft:book":12,"minecraft:warped_fungus":8,"minecraft:pumpkin":2,"minecraft:sweet_berries":203,"minecraft:quartz":7,"minecraft:dandelion":23,"minecraft:raw_iron_block":7,"minecraft:gravel":82,"minecraft:small_amethyst_bud":5,"minecraft:spruce_sapling":31,"minecraft:white_bed":1,"minecraft:spruce_log":115,"minecraft:spider_eye":3,"minecraft:spruce_door":4,"minecraft:slime_ball":5,"minecraft:chainmail_leggings":2,"minecraft:iron_helmet":1,"minecraft:deepslate_redstone_ore":29,"minecraft:diamond_axe":2,"minecraft:warped_roots":15,"minecraft:terracotta":108,"minecraft:baked_potato":85,"minecraft:netherite_hoe":1,"minecraft:dark_oak_wood":12,"minecraft:coal":145,"minecraft:hopper":1,"minecraft:ender_pearl":1},"minecraft:crafted":{"minecraft:ender_chest":1,"minecraft:oak_planks":40,"minecraft:oak_sign":3,"minecraft:dark_oak_boat":1,"minecraft:dark_oak_wood":24,"minecraft:diamond_shovel":2,"minecraft:diamond_leggings":1,"minecraft:iron_boots":2,"minecraft:melon_seeds":454,"minecraft:chest":14,"minecraft:ender_eye":1,"minecraft:stone_hoe":1,"minecraft:magenta_dye":2,"minecraft:item_frame":1,"minecraft:diamond_axe":1,"minecraft:cooked_porkchop":3,"minecraft:crafting_table":7,"minecraft:spruce_planks":288,"minecraft:wooden_pickaxe":1,"minecraft:baked_potato":343,"minecraft:iron_helmet":1,"minecraft:spruce_door":12,"minecraft:birch_planks":16,"minecraft:iron_chestplate":1,"minecraft:yellow_dye":1,"minecraft:diamond_pickaxe":1,"minecraft:shield":1,"minecraft:stick":84,"minecraft:iron_ingot":149,"minecraft:iron_pickaxe":15,"minecraft:gold_ingot":178,"minecraft:shears":7,"minecraft:jungle_sign":3,"minecraft:golden_carrot":2,"minecraft:raw_iron":63,"minecraft:fishing_rod":2,"minecraft:furnace":3,"minecraft:dark_oak_trapdoor":14,"minecraft:yellow_bed":1,"minecraft:bone_meal":153,"minecraft:flint_and_steel":2,"minecraft:polished_deepslate":8,"minecraft:ladder":9,"minecraft:iron_hoe":1,"minecraft:stone_pickaxe":1,"minecraft:diamond_boots":1,"minecraft:spruce_boat":3,"minecraft:dark_oak_planks":204,"minecraft:lead":8,"minecraft:cooked_beef":82,"minecraft:spruce_sign":6,"minecraft:bucket":6,"minecraft:stone_axe":1,"minecraft:air":0,"minecraft:jungle_planks":8,"minecraft:gold_nugget":18,"minecraft:iron_leggings":1,"minecraft:white_bed":2,"minecraft:acacia_planks":52,"minecraft:torch":32,"minecraft:diamond_chestplate":1},"minecraft:killed":{"minecraft:spider":11,"minecraft:skeleton":274,"minecraft:salmon":4,"minecraft:creeper":13,"minecraft:zombie":27,"minecraft:ghast":2,"minecraft:glow_squid":2,"minecraft:cow":12,"minecraft:slime":6,"minecraft:phantom":2,"minecraft:drowned":1,"minecraft:enderman":2},"minecraft:dropped":{"minecraft:moss_block":1,"minecraft:diamond_axe":1,"minecraft:baked_potato":64,"minecraft:diamond":45,"minecraft:flint":1,"minecraft:grass":1,"minecraft:crimson_roots":2,"minecraft:polished_blackstone_bricks":7,"minecraft:sand":450,"minecraft:iron_pickaxe":4,"minecraft:dark_oak_planks":13,"minecraft:fishing_rod":1,"minecraft:bone":1,"minecraft:blackstone":4,"minecraft:cobbled_deepslate":4,"minecraft:rotten_flesh":1,"minecraft:trident":1,"minecraft:stone_brick_wall":2,"minecraft:basalt":1,"minecraft:arrow":5,"minecraft:beef":2,"minecraft:oak_leaves":2,"minecraft:netherrack":76,"minecraft:water_bucket":1,"minecraft:wheat_seeds":5,"minecraft:oak_fence":3,"minecraft:lead":1,"minecraft:book":12,"minecraft:coal":8,"minecraft:stick":2,"minecraft:nether_gold_ore":2,"minecraft:fire_charge":1,"minecraft:lapis_ore":1,"minecraft:string":3,"minecraft:sweet_berries":1,"minecraft:netherite_hoe":1,"minecraft:deepslate":14,"minecraft:iron_boots":1,"minecraft:lily_of_the_valley":79,"minecraft:spruce_boat":1,"minecraft:stone":17,"minecraft:diamond_pickaxe":2,"minecraft:andesite":18,"minecraft:oak_sapling":1,"minecraft:spider_eye":3,"minecraft:bamboo":19,"minecraft:bow":2,"minecraft:stone_pickaxe":2},"minecraft:killed_by":{"minecraft:creeper":1},"minecraft:broken":{"minecraft:shears":7,"minecraft:diamond_shovel":1,"minecraft:golden_hoe":1,"minecraft:stone_hoe":1,"minecraft:iron_pickaxe":13},"minecraft:used":{"minecraft:red_sand":1,"minecraft:polished_deepslate":8,"minecraft:ladder":9,"minecraft:oak_sign":2,"minecraft:chest":16,"minecraft:shield":19,"minecraft:stone":207,"minecraft:iron_chestplate":1,"minecraft:lily_of_the_valley":1,"minecraft:carrot":7,"minecraft:acacia_sapling":6,"minecraft:tuff":9,"minecraft:axolotl_bucket":1,"minecraft:obsidian":10,"minecraft:spruce_boat":61,"minecraft:blue_orchid":4,"minecraft:dark_oak_wood":36,"minecraft:iron_helmet":1,"minecraft:mossy_cobblestone_slab":2,"minecraft:item_frame":2,"minecraft:deepslate_diamond_ore":35,"minecraft:dark_oak_boat":6,"minecraft:sweet_berries":81,"minecraft:oak_sapling":1,"minecraft:furnace":6,"minecraft:cooked_cod":5,"minecraft:egg":6,"minecraft:potato":160,"minecraft:dark_oak_sapling":4,"minecraft:emerald_ore":2,"minecraft:diorite":30,"minecraft:spruce_door":8,"minecraft:oak_planks":29,"minecraft:stone_pickaxe":108,"minecraft:blackstone":2,"minecraft:cactus":2,"minecraft:wooden_pickaxe":19,"minecraft:diamond_axe":974,"minecraft:dark_oak_trapdoor":16,"minecraft:golden_hoe":127,"minecraft:sand":2011,"minecraft:deepslate_redstone_ore":7,"minecraft:acacia_leaves":191,"minecraft:shears":1647,"minecraft:deepslate_lapis_ore":4,"minecraft:sticky_piston":2,"minecraft:deepslate_iron_ore":4,"minecraft:deepslate":65,"minecraft:gravel":10,"minecraft:flowering_azalea_leaves":23,"minecraft:golden_helmet":2,"minecraft:jungle_sign":6,"minecraft:medium_amethyst_bud":2,"minecraft:andesite":17,"minecraft:ice":1,"minecraft:bone_meal":1,"minecraft:oak_fence":7,"minecraft:trident":1,"minecraft:jungle_leaves":1,"minecraft:acacia_log":6,"minecraft:flint_and_steel":4,"minecraft:spruce_planks":68,"minecraft:ender_chest":1,"minecraft:deepslate_gold_ore":43,"minecraft:cooked_salmon":6,"minecraft:stone_hoe":131,"minecraft:netherrack":3837,"minecraft:torch":36,"minecraft:dirt":14,"minecraft:white_carpet":1,"minecraft:hopper":1,"minecraft:iron_hoe":3,"minecraft:dark_oak_planks":70,"minecraft:flowering_azalea":2,"minecraft:red_tulip":1,"minecraft:iron_boots":1,"minecraft:basalt":24,"minecraft:cooked_beef":67,"minecraft:acacia_planks":27,"minecraft:cobbled_deepslate":253,"minecraft:iron_leggings":1,"minecraft:calcite":10,"minecraft:wheat_seeds":8,"minecraft:water_bucket":48,"minecraft:baked_potato":204,"minecraft:spruce_sign":3,"minecraft:mossy_cobblestone":9,"minecraft:music_disc_cat":1,"minecraft:crafting_table":19,"minecraft:white_bed":2,"minecraft:diamond_pickaxe":134,"minecraft:diamond_shovel":2033,"minecraft:iron_pickaxe":4832,"minecraft:spruce_sapling":8,"minecraft:stone_axe":52,"minecraft:fishing_rod":9,"minecraft:cobblestone":159,"minecraft:azalea_leaves":5,"minecraft:cooked_porkchop":11,"minecraft:bucket":55,"minecraft:yellow_bed":1,"minecraft:sea_pickle":11,"minecraft:dandelion":1},"minecraft:mined":{"minecraft:dark_oak_planks":5,"minecraft:large_amethyst_bud":2,"minecraft:spruce_planks":3,"minecraft:white_bed":1,"minecraft:jungle_leaves":1298,"minecraft:brewing_stand":1,"minecraft:obsidian":10,"minecraft:cave_vines_plant":6,"minecraft:granite":13,"minecraft:budding_amethyst":10,"minecraft:red_sand":1,"minecraft:acacia_log":78,"minecraft:grass_block":6,"minecraft:cracked_polished_blackstone_bricks":1,"minecraft:jungle_log":19,"minecraft:crimson_fungus":1,"minecraft:hopper":1,"minecraft:oak_wall_sign":1,"minecraft:gilded_blackstone":1,"minecraft:polished_blackstone_bricks":8,"minecraft:tall_seagrass":14,"minecraft:magma_block":27,"minecraft:raw_iron_block":7,"minecraft:mossy_cobblestone_slab":2,"minecraft:dark_oak_trapdoor":2,"minecraft:sticky_piston":2,"minecraft:iron_ore":34,"minecraft:cobbled_deepslate":35,"minecraft:fire":4,"minecraft:moss_carpet":9,"minecraft:pumpkin":3,"minecraft:deepslate_lapis_ore":25,"minecraft:stripped_dark_oak_wood":1,"minecraft:pointed_dripstone":11,"minecraft:cave_vines":3,"minecraft:flowering_azalea_leaves":34,"minecraft:small_amethyst_bud":5,"minecraft:azalea_leaves":112,"minecraft:azalea":42,"minecraft:blue_orchid":14,"minecraft:deepslate_redstone_ore":45,"minecraft:blackstone":35,"minecraft:medium_amethyst_bud":11,"minecraft:crimson_nylium":7,"minecraft:soul_fire":1,"minecraft:amethyst_cluster":2,"minecraft:clay":28,"minecraft:torch":1,"minecraft:light_gray_terracotta":2,"minecraft:dark_oak_wood":12,"minecraft:calcite":257,"minecraft:melon":100,"minecraft:chest":2,"minecraft:dead_bush":1,"minecraft:mushroom_stem":5,"minecraft:nether_quartz_ore":11,"minecraft:cobblestone":31,"minecraft:sugar_cane":31,"minecraft:oak_planks":3,"minecraft:wall_torch":3,"minecraft:spruce_sign":1,"minecraft:amethyst_block":146,"minecraft:seagrass":9,"minecraft:white_terracotta":3,"minecraft:warped_nylium":1,"minecraft:birch_log":11,"minecraft:wheat":9,"minecraft:warped_fungus":12,"minecraft:grass":183,"minecraft:oak_log":33,"minecraft:sand":2043,"minecraft:dirt":5,"minecraft:smooth_basalt":1,"minecraft:red_mushroom_block":16,"minecraft:netherrack":1164,"minecraft:oak_leaves":55,"minecraft:deepslate":1660,"minecraft:infested_deepslate":1,"minecraft:diamond_ore":2,"minecraft:tuff":268,"minecraft:mossy_cobblestone":9,"minecraft:dark_oak_leaves":52,"minecraft:deepslate_diamond_ore":88,"minecraft:dark_oak_log":83,"minecraft:crimson_roots":5,"minecraft:spruce_leaves":370,"minecraft:moss_block":67,"minecraft:rooted_dirt":41,"minecraft:sandstone":1,"minecraft:spore_blossom":5,"minecraft:redstone_ore":2,"minecraft:furnace":3,"minecraft:carrots":2,"minecraft:nether_sprouts":2,"minecraft:andesite":22,"minecraft:gold_block":10,"minecraft:big_dripleaf_stem":2,"minecraft:bell":3,"minecraft:potatoes":160,"minecraft:deepslate_iron_ore":64,"minecraft:cobblestone_slab":1,"minecraft:vine":29,"minecraft:rail":1,"minecraft:packed_ice":29,"minecraft:bamboo":3,"minecraft:stone":260,"minecraft:podzol":4,"minecraft:acacia_leaves":384,"minecraft:flowering_azalea":54,"minecraft:lily_of_the_valley":56,"minecraft:basalt":94,"minecraft:dandelion":9,"minecraft:spruce_door":4,"minecraft:jungle_sign":1,"minecraft:oak_fence":5,"minecraft:crafting_table":14,"minecraft:emerald_ore":4,"minecraft:warped_roots":27,"minecraft:tall_grass":15,"minecraft:deepslate_gold_ore":153,"minecraft:lapis_ore":1,"minecraft:diorite":41,"minecraft:birch_planks":7,"minecraft:cactus":1,"minecraft:sea_pickle":3,"minecraft:sweet_berry_bush":2,"minecraft:ice":2,"minecraft:spruce_log":115,"minecraft:birch_leaves":14,"minecraft:coal_ore":147,"minecraft:cocoa":5,"minecraft:gravel":95,"minecraft:terracotta":108,"minecraft:small_dripleaf":1,"minecraft:gold_ore":9,"minecraft:fern":59,"minecraft:jungle_wall_sign":4}},"DataVersion":2865}