{"stats":{"minecraft:mined":{"minecraft:dark_oak_planks":79,"minecraft:dark_prismarine_stairs":3,"minecraft:dragon_wall_head":2,"minecraft:white_bed":18,"minecraft:obsidian":22,"minecraft:granite":384,"minecraft:stone_brick_wall":4,"minecraft:crimson_fungus":1,"minecraft:nether_wart":15,"minecraft:chorus_flower":12,"minecraft:polished_blackstone_bricks":25,"minecraft:weeping_vines_plant":4,"minecraft:tall_seagrass":2,"minecraft:magma_block":164,"minecraft:cobbled_deepslate":56,"minecraft:fire":326,"minecraft:moss_carpet":72,"minecraft:deepslate_lapis_ore":14,"minecraft:nether_brick_stairs":1,"minecraft:twisting_vines":2,"minecraft:sculk_shrieker":1,"minecraft:dirt_path":5,"minecraft:blue_orchid":17,"minecraft:player_head":1,"minecraft:brown_mushroom":34,"minecraft:kelp_plant":4,"minecraft:player_wall_head":4,"minecraft:crimson_nylium":102,"minecraft:amethyst_cluster":58,"minecraft:powder_snow":8,"minecraft:torch":4,"minecraft:dead_bush":4,"minecraft:glass":112,"minecraft:sugar_cane":1114,"minecraft:amethyst_block":628,"minecraft:lilac":46,"minecraft:grass":129,"minecraft:dark_oak_sapling":4,"minecraft:loom":10,"minecraft:mangrove_log":108,"minecraft:smooth_basalt":10,"minecraft:blue_shulker_box":11,"minecraft:red_mushroom_block":3,"minecraft:deepslate":1034,"minecraft:light_blue_stained_glass_pane":1,"minecraft:mossy_cobblestone":41,"minecraft:dark_oak_log":665,"minecraft:end_stone":1517,"minecraft:nether_bricks":33,"minecraft:spruce_fence":4,"minecraft:jungle_planks":4,"minecraft:crimson_roots":2,"minecraft:moss_block":1,"minecraft:kelp":37,"minecraft:white_concrete_powder":2,"minecraft:andesite":1397,"minecraft:potatoes":11,"minecraft:vine":2,"minecraft:rail":18,"minecraft:warped_stem":4,"minecraft:white_wool":18,"minecraft:smithing_table":27,"minecraft:oak_slab":1,"minecraft:soul_sand":51,"minecraft:lily_of_the_valley":16,"minecraft:stone_brick_slab":259,"minecraft:dandelion":35,"minecraft:cornflower":19,"minecraft:emerald_ore":1,"minecraft:warped_roots":2,"minecraft:tall_grass":84,"minecraft:copper_ore":37,"minecraft:deepslate_gold_ore":107,"minecraft:diorite":139,"minecraft:warped_wart_block":6,"minecraft:coarse_dirt":2,"minecraft:spruce_log":289,"minecraft:birch_leaves":6,"minecraft:mangrove_leaves":28,"minecraft:dark_oak_sign":3,"minecraft:gravel":179,"minecraft:dripstone_block":5,"minecraft:cobweb":67,"minecraft:stone_bricks":15,"minecraft:gold_ore":15,"minecraft:fern":4,"minecraft:spruce_planks":21,"minecraft:oak_sapling":4,"minecraft:sculk_vein":2,"minecraft:brewing_stand":1,"minecraft:spruce_trapdoor":16,"minecraft:budding_amethyst":52,"minecraft:grass_block":2638,"minecraft:cracked_polished_blackstone_bricks":11,"minecraft:soul_soil":21,"minecraft:composter":22,"minecraft:raw_iron_block":1,"minecraft:sculk_catalyst":1,"minecraft:iron_ore":372,"minecraft:anvil":1,"minecraft:azure_bluet":7,"minecraft:dark_oak_stairs":52,"minecraft:pointed_dripstone":1,"minecraft:end_stone_bricks":4,"minecraft:spruce_slab":7,"minecraft:deepslate_redstone_ore":2,"minecraft:blackstone":76,"minecraft:twisting_vines_plant":2,"minecraft:medium_amethyst_bud":1,"minecraft:purpur_stairs":1,"minecraft:clay":10,"minecraft:calcite":25,"minecraft:poppy":44,"minecraft:chest":3,"minecraft:nether_quartz_ore":1702,"minecraft:cobblestone":346,"minecraft:oak_planks":93,"minecraft:wall_torch":12,"minecraft:seagrass":3,"minecraft:warped_nylium":24,"minecraft:dark_oak_slab":174,"minecraft:nether_wart_block":5,"minecraft:birch_log":119,"minecraft:purpur_block":2,"minecraft:oak_log":364,"minecraft:sand":685,"minecraft:dirt":553,"minecraft:netherrack":8781,"minecraft:ancient_debris":50,"minecraft:oak_leaves":510,"minecraft:nether_gold_ore":25,"minecraft:diamond_ore":4,"minecraft:tuff":52,"minecraft:dark_oak_leaves":7,"minecraft:deepslate_diamond_ore":84,"minecraft:mangrove_roots":14,"minecraft:ladder":45,"minecraft:stone_button":1,"minecraft:weeping_vines":3,"minecraft:spruce_leaves":36,"minecraft:mangrove_propagule":3,"minecraft:sandstone":5,"minecraft:crimson_stem":12,"minecraft:large_fern":3,"minecraft:hay_block":86,"minecraft:oak_trapdoor":1,"minecraft:spruce_sapling":1,"minecraft:furnace":4,"minecraft:nether_sprouts":1,"minecraft:stripped_spruce_log":118,"minecraft:bell":1,"minecraft:bookshelf":38,"minecraft:deepslate_iron_ore":151,"minecraft:lantern":3,"minecraft:packed_ice":116,"minecraft:stone":3513,"minecraft:podzol":1,"minecraft:light_blue_shulker_box":24,"minecraft:infested_stone_bricks":1,"minecraft:stripped_dark_oak_log":2,"minecraft:basalt":40,"minecraft:spruce_door":3,"minecraft:oak_fence":49,"minecraft:crafting_table":77,"minecraft:rose_bush":1,"minecraft:andesite_slab":20,"minecraft:sculk_sensor":1,"minecraft:lectern":687,"minecraft:deepslate_coal_ore":4,"minecraft:lapis_ore":18,"minecraft:sculk":3,"minecraft:spruce_stairs":12,"minecraft:birch_planks":107,"minecraft:bee_nest":3,"minecraft:coal_ore":485,"minecraft:end_rod":8,"minecraft:cracked_stone_bricks":3,"minecraft:mossy_stone_bricks":3},"minecraft:dropped":{"minecraft:iron_sword":1,"minecraft:porkchop":2,"minecraft:lapis_lazuli":30,"minecraft:weeping_vines":4,"minecraft:warped_roots":4,"minecraft:rail":5,"minecraft:red_mushroom":1,"minecraft:dirt":9,"minecraft:grass":1,"minecraft:sand":17,"minecraft:dark_oak_planks":2,"minecraft:dark_oak_boat":2,"minecraft:iron_nugget":8,"minecraft:cobbled_deepslate":388,"minecraft:netherite_sword":1,"minecraft:obsidian":10,"minecraft:rotten_flesh":35,"minecraft:oak_planks":3,"minecraft:end_stone_bricks":2,"minecraft:wheat_seeds":7,"minecraft:dripstone_block":12,"minecraft:feather":6,"minecraft:cobblestone":1796,"minecraft:granite":113,"minecraft:spruce_sapling":14,"minecraft:cobblestone_wall":3,"minecraft:potato":1,"minecraft:stone":1,"minecraft:spider_eye":2,"minecraft:magma_block":110,"minecraft:birch_planks":1,"minecraft:oak_log":49,"minecraft:baked_potato":1,"minecraft:ender_pearl":207,"minecraft:cracked_polished_blackstone_bricks":2,"minecraft:crimson_roots":5,"minecraft:amethyst_shard":8,"minecraft:gravel":57,"minecraft:purpur_block":2,"minecraft:blackstone":60,"minecraft:mangrove_roots":1,"minecraft:pointed_dripstone":1,"minecraft:poppy":1,"minecraft:leather_chestplate":1,"minecraft:gunpowder":1,"minecraft:beetroot_seeds":3,"minecraft:basalt":23,"minecraft:arrow":8,"minecraft:quartz":504,"minecraft:netherrack":859,"minecraft:bread":95,"minecraft:poisonous_potato":1,"minecraft:stick":3,"minecraft:diorite":16,"minecraft:smooth_basalt":1,"minecraft:kelp":5,"minecraft:raw_copper":144,"minecraft:tuff":23,"minecraft:raw_iron":12,"minecraft:andesite":51,"minecraft:golden_sword":2,"minecraft:wooden_pickaxe":1,"minecraft:calcite":3},"minecraft:killed_by":{"minecraft:zombie":1,"minecraft:creeper":5,"minecraft:spider":1,"minecraft:enderman":1,"minecraft:hoglin":1,"minecraft:skeleton":4},"minecraft:killed":{"minecraft:cave_spider":1396,"minecraft:shulker":10,"minecraft:skeleton":55,"minecraft:chicken":15,"minecraft:iron_golem":8,"minecraft:zombie":106,"minecraft:glow_squid":20,"minecraft:cow":108,"minecraft:enderman":466,"minecraft:witch":1,"minecraft:spider":32,"minecraft:silverfish":1,"minecraft:piglin":3,"minecraft:pig":78,"minecraft:zombie_villager":1,"minecraft:creeper":35,"minecraft:ghast":1,"minecraft:blaze":22,"minecraft:slime":1,"minecraft:phantom":2,"minecraft:hoglin":3,"minecraft:squid":32,"minecraft:wither_skeleton":3},"minecraft:broken":{"minecraft:golden_boots":1,"minecraft:wooden_shovel":1,"minecraft:shears":1,"minecraft:iron_chestplate":1,"minecraft:iron_sword":2,"minecraft:wooden_pickaxe":14,"minecraft:iron_axe":18,"minecraft:iron_pickaxe":37,"minecraft:iron_helmet":1,"minecraft:iron_shovel":11,"minecraft:stone_pickaxe":2,"minecraft:stone_axe":2,"minecraft:stone_shovel":5},"minecraft:crafted":{"minecraft:smooth_stone":3,"minecraft:oak_sign":3,"minecraft:blaze_powder":20,"minecraft:bookshelf":27,"minecraft:shulker_box":3,"minecraft:glass":482,"minecraft:quartz_block":152,"minecraft:diamond_helmet":1,"minecraft:diamond_leggings":1,"minecraft:glass_bottle":3,"minecraft:wooden_shovel":1,"minecraft:emerald":131,"minecraft:cooked_porkchop":96,"minecraft:spruce_door":6,"minecraft:mossy_cobblestone":4,"minecraft:campfire":3,"minecraft:stone_brick_stairs":28,"minecraft:lectern":8,"minecraft:stone_slab":6,"minecraft:iron_pickaxe":42,"minecraft:iron_block":9,"minecraft:gold_ingot":118,"minecraft:sandstone":20,"minecraft:netherite_ingot":11,"minecraft:stone_shovel":5,"minecraft:smooth_stone_slab":6,"minecraft:iron_nugget":207,"minecraft:blue_shulker_box":1,"minecraft:bone_meal":117,"minecraft:spruce_fence":9,"minecraft:lantern":25,"minecraft:dark_oak_fence":27,"minecraft:spruce_stairs":12,"minecraft:ladder":138,"minecraft:spruce_slab":18,"minecraft:stone_pickaxe":3,"minecraft:diamond_boots":1,"minecraft:spruce_boat":2,"minecraft:dark_oak_planks":1100,"minecraft:wheat":768,"minecraft:netherite_pickaxe":2,"minecraft:enchanting_table":1,"minecraft:enchanted_book":20,"minecraft:golden_apple":5,"minecraft:andesite_slab":252,"minecraft:fermented_spider_eye":1,"minecraft:writable_book":11,"minecraft:iron_shovel":13,"minecraft:iron_leggings":3,"minecraft:armor_stand":1,"minecraft:white_bed":168,"minecraft:grindstone":1,"minecraft:oak_planks":856,"minecraft:dark_oak_boat":2,"minecraft:cooked_chicken":15,"minecraft:stone":399,"minecraft:warped_planks":16,"minecraft:hopper":3,"minecraft:stone_brick_slab":276,"minecraft:iron_boots":2,"minecraft:mossy_cobblestone_slab":6,"minecraft:chest":31,"minecraft:netherite_helmet":1,"minecraft:ender_eye":17,"minecraft:stone_bricks":272,"minecraft:oak_fence":114,"minecraft:golden_boots":2,"minecraft:oak_slab":18,"minecraft:item_frame":7,"minecraft:crafting_table":14,"minecraft:spruce_planks":892,"minecraft:wooden_pickaxe":17,"minecraft:iron_helmet":3,"minecraft:birch_planks":356,"minecraft:spruce_trapdoor":130,"minecraft:dark_oak_slab":696,"minecraft:book":86,"minecraft:iron_chestplate":3,"minecraft:paper":1491,"minecraft:diamond_pickaxe":5,"minecraft:yellow_dye":1,"minecraft:purple_dye":2,"minecraft:shield":4,"minecraft:stick":697,"minecraft:light_blue_dye":4,"minecraft:iron_ingot":480,"minecraft:light_blue_shulker_box":2,"minecraft:stone_sword":1,"minecraft:snow_block":4,"minecraft:shears":5,"minecraft:coarse_dirt":28,"minecraft:raw_iron":9,"minecraft:stone_brick_wall":12,"minecraft:fishing_rod":1,"minecraft:netherite_sword":1,"minecraft:furnace":3,"minecraft:stone_button":67,"minecraft:dark_oak_sign":6,"minecraft:oak_trapdoor":4,"minecraft:flint_and_steel":2,"minecraft:iron_axe":20,"minecraft:cobblestone_wall":6,"minecraft:netherite_scrap":44,"minecraft:cooked_beef":224,"minecraft:sugar":2,"minecraft:red_dye":1,"minecraft:crimson_planks":48,"minecraft:diamond_sword":1,"minecraft:dark_oak_stairs":144,"minecraft:iron_trapdoor":3,"minecraft:iron_sword":6,"minecraft:smooth_sandstone":1,"minecraft:bucket":3,"minecraft:stone_axe":2,"minecraft:bread":241,"minecraft:air":0,"minecraft:blue_dye":3,"minecraft:oak_boat":1,"minecraft:white_wool":243,"minecraft:anvil":3,"minecraft:torch":112,"minecraft:diamond_chestplate":1,"minecraft:firework_rocket":42},"minecraft:picked_up":{"minecraft:iron_chestplate":4,"minecraft:anvil":1,"minecraft:smithing_table":29,"minecraft:brewing_stand":1,"minecraft:golden_sword":2,"minecraft:amethyst_block":609,"minecraft:music_disc_cat":1,"minecraft:string":92,"minecraft:soul_soil":19,"minecraft:diamond_leggings":1,"minecraft:gold_nugget":172,"minecraft:cobbled_deepslate":1052,"minecraft:spruce_planks":38,"minecraft:mangrove_log":108,"minecraft:composter":22,"minecraft:iron_block":1,"minecraft:end_rod":8,"minecraft:blaze_rod":42,"minecraft:snowball":25,"minecraft:birch_log":120,"minecraft:magma_block":103,"minecraft:feather":18,"minecraft:cooked_beef":66,"minecraft:dark_oak_boat":64,"minecraft:flint":64,"minecraft:lantern":7,"minecraft:disc_fragment_5":4,"minecraft:twisting_vines":4,"minecraft:dark_oak_sign":3,"minecraft:diamond_helmet":1,"minecraft:glowstone_dust":3,"minecraft:moss_block":3,"minecraft:honeycomb":15,"minecraft:warped_wart_block":6,"minecraft:stripped_spruce_log":203,"minecraft:ink_sac":71,"minecraft:loom":10,"minecraft:dark_oak_log":693,"minecraft:writable_book":1,"minecraft:granite":423,"minecraft:spruce_button":1,"minecraft:bread":15,"minecraft:dark_oak_fence":1,"minecraft:crimson_roots":9,"minecraft:coarse_dirt":2,"minecraft:crafting_table":80,"minecraft:bee_nest":3,"minecraft:nether_wart":23,"minecraft:clay_ball":120,"minecraft:dragon_head":2,"minecraft:purpur_block":2,"minecraft:cornflower":22,"minecraft:elytra":1,"minecraft:flint_and_steel":7,"minecraft:iron_shovel":3,"minecraft:netherite_sword":1,"minecraft:music_disc_otherside":2,"minecraft:beef":253,"minecraft:iron_nugget":4,"minecraft:poppy":53,"minecraft:spruce_slab":9,"minecraft:chest":3,"minecraft:egg":4,"minecraft:sandstone":43,"minecraft:stone":11,"minecraft:amethyst_cluster":56,"minecraft:spruce_fence":4,"minecraft:redstone":12,"minecraft:stone_shovel":3,"minecraft:diamond_chestplate":1,"minecraft:beetroot_seeds":3,"minecraft:diamond_boots":1,"minecraft:hay_block":94,"minecraft:glow_berries":1,"minecraft:rail":26,"minecraft:white_wool":390,"minecraft:red_mushroom":3,"minecraft:filled_map":4,"minecraft:oak_log":575,"minecraft:ancient_debris":50,"minecraft:paper":208,"minecraft:stone_bricks":61,"minecraft:apple":10,"minecraft:kelp":40,"minecraft:warped_stem":4,"minecraft:stone_pickaxe":5,"minecraft:glass_bottle":1,"minecraft:iron_sword":5,"minecraft:dark_oak_stairs":44,"minecraft:smooth_basalt":9,"minecraft:dark_oak_slab":222,"minecraft:sweet_berries":9,"minecraft:gravel":137,"minecraft:spruce_sapling":54,"minecraft:spruce_log":340,"minecraft:firework_rocket":80,"minecraft:slime_ball":2,"minecraft:warped_roots":6,"minecraft:baked_potato":1,"minecraft:warped_nylium":1,"minecraft:stripped_dark_oak_log":4,"minecraft:mangrove_propagule":5,"minecraft:ender_pearl":328,"minecraft:shulker_shell":78,"minecraft:wheat":6,"minecraft:raw_copper":195,"minecraft:iron_leggings":1,"minecraft:rose_bush":1,"minecraft:calcite":22,"minecraft:ender_eye":11,"minecraft:iron_pickaxe":8,"minecraft:iron_boots":1,"minecraft:furnace":4,"minecraft:stick":86,"minecraft:oak_fence":37,"minecraft:torch":24,"minecraft:spruce_stairs":24,"minecraft:porkchop":106,"minecraft:music_disc_pigstep":1,"minecraft:pointed_dripstone":7,"minecraft:diorite":112,"minecraft:goat_horn":1,"minecraft:rotten_flesh":128,"minecraft:mangrove_roots":14,"minecraft:chorus_flower":10,"minecraft:obsidian":344,"minecraft:cod":3,"minecraft:cobblestone":4048,"minecraft:leather_chestplate":1,"minecraft:lilac":53,"minecraft:andesite":2119,"minecraft:golden_leggings":1,"minecraft:potato":43,"minecraft:tuff":44,"minecraft:lapis_lazuli":404,"minecraft:dirt":3413,"minecraft:name_tag":1,"minecraft:leather_boots":1,"minecraft:glass":5,"minecraft:bone":49,"minecraft:bow":2,"minecraft:wheat_seeds":63,"minecraft:raw_gold":158,"minecraft:bell":1,"minecraft:oak_planks":112,"minecraft:cooked_porkchop":127,"minecraft:poisonous_potato":1,"minecraft:jungle_planks":4,"minecraft:sand":720,"minecraft:light_blue_shulker_box":24,"minecraft:nether_brick_stairs":1,"minecraft:grass_block":3,"minecraft:lily_of_the_valley":15,"minecraft:mossy_cobblestone":37,"minecraft:sugar":3,"minecraft:diamond":120,"minecraft:spruce_boat":18,"minecraft:cracked_polished_blackstone_bricks":4,"minecraft:grass":2,"minecraft:emerald":4,"minecraft:oak_sapling":60,"minecraft:netherrack":8021,"minecraft:oak_leaves":412,"minecraft:andesite_slab":20,"minecraft:end_stone_bricks":4,"minecraft:azure_bluet":7,"minecraft:chicken":16,"minecraft:ladder":45,"minecraft:brown_mushroom":34,"minecraft:packed_ice":111,"minecraft:wooden_pickaxe":2,"minecraft:stone_brick_wall":6,"minecraft:shield":1,"minecraft:oak_trapdoor":1,"minecraft:moss_carpet":76,"minecraft:iron_axe":6,"minecraft:blackstone":79,"minecraft:blue_orchid":17,"minecraft:oak_boat":29,"minecraft:player_head":13,"minecraft:blue_shulker_box":14,"minecraft:sugar_cane":1628,"minecraft:lectern":687,"minecraft:spruce_trapdoor":16,"minecraft:phantom_membrane":6,"minecraft:dark_oak_sapling":15,"minecraft:raw_iron":811,"minecraft:end_stone":1512,"minecraft:polished_blackstone_bricks":22,"minecraft:stone_button":1,"minecraft:dark_oak_planks":84,"minecraft:weeping_vines":5,"minecraft:arrow":58,"minecraft:nether_bricks":32,"minecraft:basalt":38,"minecraft:glow_ink_sac":55,"minecraft:golden_carrot":58,"minecraft:crimson_stem":12,"minecraft:salmon":1,"minecraft:leather":149,"minecraft:birch_planks":105,"minecraft:nether_wart_block":5,"minecraft:gunpowder":74,"minecraft:smooth_sandstone":2,"minecraft:iron_ingot":71,"minecraft:cooked_chicken":15,"minecraft:soul_sand":46,"minecraft:book":119,"minecraft:oak_slab":4,"minecraft:stone_brick_slab":273,"minecraft:dripstone_block":26,"minecraft:quartz":1772,"minecraft:dandelion":33,"minecraft:raw_iron_block":1,"minecraft:amethyst_shard":78,"minecraft:white_bed":18,"minecraft:spruce_door":6,"minecraft:spider_eye":22,"minecraft:white_concrete_powder":3,"minecraft:iron_helmet":1,"minecraft:coal":698},"minecraft:custom":{"minecraft:interact_with_crafting_table":472,"minecraft:open_barrel":66,"minecraft:bell_ring":206,"minecraft:leave_game":22,"minecraft:time_since_death":1686134,"minecraft:damage_blocked_by_shield":4260,"minecraft:play_time":3408824,"minecraft:deaths":14,"minecraft:jump":47649,"minecraft:enchant_item":8,"minecraft:interact_with_furnace":445,"minecraft:play_record":5,"minecraft:traded_with_villager":153,"minecraft:sleep_in_bed":46,"minecraft:damage_dealt":194695,"minecraft:interact_with_smoker":2,"minecraft:horse_one_cm":30174,"minecraft:interact_with_smithing_table":11,"minecraft:interact_with_anvil":32,"minecraft:inspect_hopper":3,"minecraft:sneak_time":342240,"minecraft:interact_with_lectern":28,"minecraft:interact_with_blast_furnace":1,"minecraft:total_world_time":3408824,"minecraft:time_since_rest":285749,"minecraft:swim_one_cm":1619699,"minecraft:fly_one_cm":11949621,"minecraft:open_chest":1223,"minecraft:fish_caught":4,"minecraft:fall_one_cm":1238312,"minecraft:open_shulker_box":80,"minecraft:damage_resisted":524,"minecraft:sprint_one_cm":9451560,"minecraft:drop":296,"minecraft:talked_to_villager":1265,"minecraft:interact_with_brewingstand":11,"minecraft:walk_on_water_one_cm":406828,"minecraft:interact_with_loom":2,"minecraft:open_enderchest":3,"minecraft:crouch_one_cm":1189646,"minecraft:mob_kills":2463,"minecraft:climb_one_cm":74215,"minecraft:walk_one_cm":5987023,"minecraft:walk_under_water_one_cm":286422,"minecraft:boat_one_cm":3292204,"minecraft:interact_with_grindstone":5,"minecraft:damage_taken":26400,"minecraft:aviate_one_cm":5558604},"minecraft:used":{"minecraft:moss_block":3,"minecraft:writable_book":7,"minecraft:spruce_slab":9,"minecraft:poppy":2,"minecraft:ladder":165,"minecraft:chest":27,"minecraft:stone":49,"minecraft:stripped_spruce_log":27,"minecraft:spruce_boat":17,"minecraft:packed_ice":72,"minecraft:music_disc_pigstep":4,"minecraft:dark_oak_slab":867,"minecraft:stone_brick_stairs":27,"minecraft:dark_oak_boat":62,"minecraft:sweet_berries":9,"minecraft:furnace":6,"minecraft:oak_sapling":28,"minecraft:egg":3,"minecraft:potato":42,"minecraft:dragon_head":1,"minecraft:diorite":19,"minecraft:end_stone_bricks":2,"minecraft:spruce_door":10,"minecraft:blackstone":2,"minecraft:wooden_pickaxe":883,"minecraft:composter":21,"minecraft:oak_leaves":412,"minecraft:glow_berries":1,"minecraft:blue_dye":1,"minecraft:sand":104,"minecraft:stone_button":68,"minecraft:lectern":695,"minecraft:lilac":53,"minecraft:nether_wart_block":3,"minecraft:diamond_sword":85,"minecraft:smithing_table":27,"minecraft:dark_oak_fence":25,"minecraft:birch_log":19,"minecraft:oak_boat":27,"minecraft:oak_trapdoor":5,"minecraft:enchanting_table":1,"minecraft:armor_stand":1,"minecraft:netherrack":5600,"minecraft:torch":170,"minecraft:brewing_stand":1,"minecraft:anvil":4,"minecraft:warped_wart_block":3,"minecraft:ancient_debris":1,"minecraft:light_blue_dye":2,"minecraft:nether_quartz_ore":32,"minecraft:iron_axe":4264,"minecraft:smooth_basalt":1,"minecraft:basalt":13,"minecraft:beef":7,"minecraft:iron_trapdoor":3,"minecraft:cobbled_deepslate":470,"minecraft:calcite":4,"minecraft:water_bucket":105,"minecraft:light_blue_shulker_box":24,"minecraft:birch_planks":366,"minecraft:glow_ink_sac":5,"minecraft:mossy_cobblestone":12,"minecraft:rail":10,"minecraft:oak_slab":3,"minecraft:crafting_table":82,"minecraft:campfire":3,"minecraft:white_bed":164,"minecraft:spruce_log":125,"minecraft:oak_log":77,"minecraft:amethyst_cluster":56,"minecraft:ender_eye":28,"minecraft:yellow_dye":1,"minecraft:diamond_pickaxe":1260,"minecraft:iron_pickaxe":9604,"minecraft:spruce_trapdoor":144,"minecraft:spruce_sapling":32,"minecraft:cobblestone":1084,"minecraft:porkchop":1,"minecraft:cooked_porkchop":187,"minecraft:moss_carpet":76,"minecraft:iron_shovel":2903,"minecraft:oak_sign":4,"minecraft:white_concrete_powder":3,"minecraft:shield":94,"minecraft:iron_sword":939,"minecraft:grass":1,"minecraft:bell":1,"minecraft:player_head":14,"minecraft:jungle_planks":2,"minecraft:tuff":2,"minecraft:axolotl_bucket":1,"minecraft:obsidian":65,"minecraft:glass":469,"minecraft:mangrove_log":27,"minecraft:lantern":27,"minecraft:mossy_cobblestone_slab":3,"minecraft:crimson_roots":1,"minecraft:stone_bricks":91,"minecraft:item_frame":7,"minecraft:blue_shulker_box":11,"minecraft:dark_oak_sapling":12,"minecraft:dark_oak_stairs":179,"minecraft:stone_pickaxe":325,"minecraft:dark_oak_sign":7,"minecraft:oak_planks":3,"minecraft:sugar_cane":97,"minecraft:white_wool":18,"minecraft:loom":8,"minecraft:dripstone_block":1,"minecraft:stone_brick_wall":14,"minecraft:end_stone":1485,"minecraft:shears":453,"minecraft:firework_rocket":78,"minecraft:dark_oak_log":388,"minecraft:bread":107,"minecraft:gravel":21,"minecraft:grindstone":1,"minecraft:andesite":805,"minecraft:coarse_dirt":28,"minecraft:bone_meal":41,"minecraft:experience_bottle":1,"minecraft:oak_fence":136,"minecraft:netherite_sword":1622,"minecraft:rose_bush":1,"minecraft:flint_and_steel":6,"minecraft:stone_shovel":662,"minecraft:spruce_planks":21,"minecraft:ender_chest":1,"minecraft:wooden_shovel":59,"minecraft:cooked_chicken":15,"minecraft:dirt":3107,"minecraft:hopper":3,"minecraft:spruce_stairs":12,"minecraft:cobblestone_wall":3,"minecraft:bee_nest":3,"minecraft:spruce_fence":4,"minecraft:granite":91,"minecraft:stone_brick_slab":547,"minecraft:dark_oak_planks":459,"minecraft:bookshelf":16,"minecraft:golden_carrot":12,"minecraft:netherite_pickaxe":10425,"minecraft:cooked_beef":204,"minecraft:amethyst_block":347,"minecraft:snow_block":1,"minecraft:glass_bottle":3,"minecraft:netherite_chestplate":1,"minecraft:andesite_slab":23,"minecraft:stripped_dark_oak_log":1,"minecraft:music_disc_cat":1,"minecraft:apple":3,"minecraft:cracked_polished_blackstone_bricks":2,"minecraft:purple_dye":1,"minecraft:stone_axe":234,"minecraft:fishing_rod":7,"minecraft:bucket":106,"minecraft:splash_potion":3}},"DataVersion":3120}