{"stats":{"minecraft:dropped":{"minecraft:clay":1,"minecraft:iron_sword":7,"minecraft:pink_stained_glass":2,"minecraft:lapis_lazuli":30,"minecraft:porkchop":4,"minecraft:cooked_beef":51,"minecraft:glow_ink_sac":2,"minecraft:glass_bottle":3,"minecraft:diamond":15,"minecraft:crafting_table":3,"minecraft:cooked_porkchop":31,"minecraft:weeping_vines":1,"minecraft:glow_berries":4,"minecraft:saddle":1,"minecraft:red_mushroom":1,"minecraft:red_carpet":18,"minecraft:emerald":74,"minecraft:dirt":169,"minecraft:stone_button":2,"minecraft:netherite_boots":1,"minecraft:writable_book":5,"minecraft:wooden_sword":2,"minecraft:gold_nugget":63,"minecraft:bone_meal":1,"minecraft:phantom_membrane":6,"minecraft:sand":275,"minecraft:iron_pickaxe":6,"minecraft:dark_oak_boat":1,"minecraft:white_wool":1,"minecraft:small_amethyst_bud":3,"minecraft:bone":68,"minecraft:stone_axe":1,"minecraft:diamond_block":25,"minecraft:ancient_debris":4,"minecraft:lever":1,"minecraft:iron_nugget":10,"minecraft:golden_chestplate":1,"minecraft:cobbled_deepslate":544,"minecraft:pink_dye":1,"minecraft:netherite_sword":5,"minecraft:wheat":2,"minecraft:obsidian":65,"minecraft:rotten_flesh":333,"minecraft:oak_planks":43,"minecraft:netherite_shovel":1,"minecraft:glowstone_dust":8,"minecraft:blaze_powder":2,"minecraft:warped_planks":16,"minecraft:sea_lantern":64,"minecraft:coal_ore":6,"minecraft:quartz_block":320,"minecraft:beef":1,"minecraft:crying_obsidian":14,"minecraft:warped_wart_block":1,"minecraft:egg":4,"minecraft:golden_boots":3,"minecraft:iron_ingot":64,"minecraft:netherite_pickaxe":7,"minecraft:wheat_seeds":20,"minecraft:deepslate_redstone_ore":3,"minecraft:dripstone_block":1,"minecraft:deepslate_diamond_ore":6,"minecraft:netherite_chestplate":2,"minecraft:netherite_helmet":2,"minecraft:yellow_terracotta":2,"minecraft:iron_helmet":3,"minecraft:feather":43,"minecraft:cobblestone":541,"minecraft:granite":108,"minecraft:coal":43,"minecraft:golden_apple":2,"minecraft:golden_carrot":116,"minecraft:wooden_axe":5,"minecraft:rose_bush":1,"minecraft:diamond_helmet":4,"minecraft:potion":1,"minecraft:jungle_boat":4,"minecraft:smooth_stone":1,"minecraft:iron_shovel":2,"minecraft:string":60,"minecraft:lily_pad":3,"minecraft:spruce_sapling":96,"minecraft:snow_block":3,"minecraft:moss_carpet":2,"minecraft:player_head":24,"minecraft:netherite_ingot":5,"minecraft:stone_sword":2,"minecraft:deepslate":507,"minecraft:diamond_hoe":1,"minecraft:stone_shovel":1,"minecraft:chicken":19,"minecraft:white_carpet":2,"minecraft:clay_ball":12,"minecraft:iron_boots":4,"minecraft:name_tag":2,"minecraft:light_blue_concrete":70,"minecraft:spruce_fence":15,"minecraft:deepslate_lapis_ore":3,"minecraft:lily_of_the_valley":1,"minecraft:blast_furnace":1,"minecraft:diamond_sword":4,"minecraft:big_dripleaf":3,"minecraft:spruce_boat":8,"minecraft:stone":250,"minecraft:spruce_planks":9,"minecraft:diamond_pickaxe":8,"minecraft:spider_eye":13,"minecraft:sandstone":4,"minecraft:birch_boat":1,"minecraft:bow":5,"minecraft:magenta_dye":4,"minecraft:red_tulip":1,"minecraft:magma_block":2,"minecraft:crimson_nylium":8,"minecraft:spruce_sign":1,"minecraft:moss_block":5,"minecraft:brown_mushroom":31,"minecraft:diamond_axe":6,"minecraft:large_amethyst_bud":1,"minecraft:baked_potato":41,"minecraft:ender_pearl":4,"minecraft:lantern":2,"minecraft:leather":156,"minecraft:flint":53,"minecraft:music_disc_13":1,"minecraft:music_disc_11":1,"minecraft:spruce_leaves":6,"minecraft:deepslate_tile_stairs":1,"minecraft:cracked_polished_blackstone_bricks":104,"minecraft:packed_ice":75,"minecraft:polished_blackstone_brick_stairs":2,"minecraft:mutton":2,"minecraft:crimson_roots":1,"minecraft:snowball":55,"minecraft:pumpkin_pie":3,"minecraft:axolotl_bucket":2,"minecraft:polished_blackstone_bricks":90,"minecraft:gold_ingot":7,"minecraft:gravel":38,"minecraft:white_tulip":3,"minecraft:chiseled_polished_blackstone":4,"minecraft:crimson_fungus":1,"minecraft:blackstone":120,"minecraft:pointed_dripstone":1,"minecraft:diamond_shovel":4,"minecraft:cooked_mutton":38,"minecraft:carrot":128,"minecraft:poppy":12,"minecraft:trident":3,"minecraft:gunpowder":27,"minecraft:stone_brick_wall":3,"minecraft:azalea":12,"minecraft:basalt":309,"minecraft:iron_bars":1,"minecraft:arrow":70,"minecraft:quartz":64,"minecraft:oak_leaves":3,"minecraft:written_book":2,"minecraft:netherrack":4210,"minecraft:firework_rocket":192,"minecraft:water_bucket":5,"minecraft:bread":123,"minecraft:stripped_spruce_log":3,"minecraft:vine":1,"minecraft:lilac":1,"minecraft:golden_helmet":4,"minecraft:mossy_cobblestone":1,"minecraft:bookshelf":4,"minecraft:diamond_leggings":4,"minecraft:poisonous_potato":1,"minecraft:netherite_axe":3,"minecraft:golden_axe":1,"minecraft:amethyst_block":2,"minecraft:copper_ingot":39,"minecraft:tropical_fish":2,"minecraft:grass_block":3,"minecraft:stick":27,"minecraft:diorite":98,"minecraft:mossy_cobblestone_slab":4,"minecraft:nether_gold_ore":9,"minecraft:torch":145,"minecraft:nether_wart_block":3,"minecraft:brown_wool":1,"minecraft:iron_leggings":2,"minecraft:polished_blackstone_brick_slab":2,"minecraft:flowering_azalea":1,"minecraft:iron_axe":2,"minecraft:tripwire_hook":1,"minecraft:bucket":2,"minecraft:dandelion":3,"minecraft:smooth_basalt":1,"minecraft:redstone":28,"minecraft:sweet_berries":138,"minecraft:ender_chest":14,"minecraft:blaze_rod":1,"minecraft:raw_copper":40,"minecraft:tuff":128,"minecraft:raw_iron":4,"minecraft:light_gray_wool":6,"minecraft:iron_hoe":1,"minecraft:totem_of_undying":1,"minecraft:netherite_leggings":1,"minecraft:copper_ore":2,"minecraft:filled_map":4,"minecraft:snow":23,"minecraft:diamond_chestplate":5,"minecraft:iron_chestplate":6,"minecraft:andesite":43,"minecraft:blue_ice":2,"minecraft:oak_sapling":1,"minecraft:golden_sword":55,"minecraft:birch_sign":4,"minecraft:spruce_log":184,"minecraft:diamond_boots":5,"minecraft:slime_ball":2,"minecraft:stone_pickaxe":2,"minecraft:wooden_pickaxe":2,"minecraft:raw_gold":33,"minecraft:calcite":36,"minecraft:amethyst_cluster":10},"minecraft:killed":{"minecraft:cave_spider":2,"minecraft:skeleton":213,"minecraft:chicken":8,"minecraft:magma_cube":19,"minecraft:iron_golem":1,"minecraft:zombie":118,"minecraft:glow_squid":3,"minecraft:cow":88,"minecraft:enderman":4,"minecraft:zombified_piglin":5,"minecraft:witch":4,"minecraft:spider":25,"minecraft:piglin_brute":19,"minecraft:piglin":60,"minecraft:pig":66,"minecraft:zombie_villager":8,"minecraft:strider":2,"minecraft:creeper":23,"minecraft:sheep":43,"minecraft:blaze":1,"minecraft:slime":53,"minecraft:phantom":7,"minecraft:drowned":3,"minecraft:bat":3,"minecraft:hoglin":13},"minecraft:broken":{"minecraft:golden_boots":2,"minecraft:diamond_helmet":1,"minecraft:shears":1,"minecraft:iron_sword":1,"minecraft:stone_sword":1,"minecraft:netherite_hoe":1,"minecraft:shield":2,"minecraft:iron_axe":2,"minecraft:iron_pickaxe":3,"minecraft:leather_leggings":1,"minecraft:stone_axe":3,"minecraft:diamond_hoe":1},"minecraft:custom":{"minecraft:interact_with_crafting_table":281,"minecraft:open_barrel":76,"minecraft:bell_ring":153,"minecraft:eat_cake_slice":5,"minecraft:leave_game":183,"minecraft:time_since_death":415081,"minecraft:damage_blocked_by_shield":6210,"minecraft:play_time":5543354,"minecraft:deaths":131,"minecraft:jump":103574,"minecraft:enchant_item":6,"minecraft:interact_with_furnace":208,"minecraft:play_record":1,"minecraft:traded_with_villager":35,"minecraft:sleep_in_bed":43,"minecraft:damage_dealt":117242,"minecraft:interact_with_smoker":93,"minecraft:horse_one_cm":14835,"minecraft:interact_with_smithing_table":20,"minecraft:interact_with_anvil":93,"minecraft:inspect_hopper":18,"minecraft:damage_dealt_absorbed":94,"minecraft:sneak_time":198021,"minecraft:interact_with_lectern":12,"minecraft:interact_with_blast_furnace":105,"minecraft:total_world_time":5543354,"minecraft:tune_noteblock":16,"minecraft:interact_with_stonecutter":1,"minecraft:time_since_rest":28057,"minecraft:swim_one_cm":1720796,"minecraft:fly_one_cm":25918370,"minecraft:open_chest":4107,"minecraft:fall_one_cm":2450383,"minecraft:animals_bred":4,"minecraft:open_shulker_box":33,"minecraft:damage_resisted":4861,"minecraft:sprint_one_cm":12164896,"minecraft:drop":1048,"minecraft:play_noteblock":7,"minecraft:talked_to_villager":121,"minecraft:interact_with_brewingstand":6,"minecraft:walk_on_water_one_cm":1732134,"minecraft:open_enderchest":608,"minecraft:interact_with_beacon":1,"minecraft:player_kills":26,"minecraft:crouch_one_cm":508522,"minecraft:mob_kills":12106,"minecraft:climb_one_cm":1034705,"minecraft:walk_one_cm":12951587,"minecraft:strider_one_cm":146539,"minecraft:walk_under_water_one_cm":3510814,"minecraft:boat_one_cm":14066164,"minecraft:pot_flower":8,"minecraft:interact_with_grindstone":6,"minecraft:damage_taken":98420,"minecraft:pig_one_cm":13598},"minecraft:mined":{"minecraft:dark_oak_planks":2,"minecraft:blue_carpet":2,"minecraft:white_bed":10,"minecraft:fire_coral_wall_fan":1,"minecraft:jungle_leaves":17,"minecraft:obsidian":10000,"minecraft:granite":238,"minecraft:chiseled_polished_blackstone":5,"minecraft:stone_brick_wall":50,"minecraft:jungle_log":24,"minecraft:deepslate_bricks":3,"minecraft:bubble_coral_block":1,"minecraft:crimson_fungus":1,"minecraft:oxeye_daisy":6,"minecraft:spawner":2,"minecraft:polished_blackstone_bricks":254,"minecraft:magma_block":119,"minecraft:sticky_piston":23,"minecraft:cobbled_deepslate":100,"minecraft:fire":61,"minecraft:moss_carpet":10,"minecraft:deepslate_lapis_ore":20,"minecraft:enchanting_table":3,"minecraft:cave_vines":9,"minecraft:oak_sign":5,"minecraft:small_amethyst_bud":7,"minecraft:white_banner":1,"minecraft:blue_orchid":16,"minecraft:player_head":10,"minecraft:tripwire":1,"minecraft:piston_head":6,"minecraft:brown_mushroom":17,"minecraft:kelp_plant":6,"minecraft:player_wall_head":8,"minecraft:crimson_nylium":20,"minecraft:smoker":5,"minecraft:soul_fire":3,"minecraft:amethyst_cluster":29,"minecraft:deepslate_tile_slab":14,"minecraft:powder_snow":31,"minecraft:torch":15,"minecraft:blast_furnace":4,"minecraft:melon":2,"minecraft:spruce_wall_sign":1,"minecraft:glass":1,"minecraft:lime_shulker_box":2,"minecraft:sugar_cane":1,"minecraft:damaged_anvil":2,"minecraft:spruce_sign":1,"minecraft:amethyst_block":73,"minecraft:white_terracotta":7,"minecraft:chain":7,"minecraft:repeater":7,"minecraft:wheat":640,"minecraft:lilac":1,"minecraft:warped_fungus":1,"minecraft:potted_poppy":1,"minecraft:stone_brick_stairs":6,"minecraft:grass":27,"minecraft:smooth_basalt":4,"minecraft:red_mushroom_block":2,"minecraft:deepslate":2171,"minecraft:yellow_terracotta":2,"minecraft:dark_prismarine":14,"minecraft:mossy_cobblestone":1,"minecraft:stripped_birch_log":83,"minecraft:shulker_box":3,"minecraft:nether_bricks":4,"minecraft:spruce_fence":20,"minecraft:redstone_wire":20,"minecraft:moss_block":34,"minecraft:kelp":18,"minecraft:horn_coral":1,"minecraft:redstone_ore":3,"minecraft:pink_concrete":18,"minecraft:andesite":211,"minecraft:potatoes":176,"minecraft:vine":257,"minecraft:bamboo":14,"minecraft:ender_chest":88,"minecraft:white_wool":3,"minecraft:birch_stairs":40,"minecraft:oak_slab":1,"minecraft:soul_sand":36,"minecraft:lily_of_the_valley":24,"minecraft:dandelion":5,"minecraft:fire_coral":1,"minecraft:cornflower":8,"minecraft:copper_ore":25,"minecraft:tall_grass":7,"minecraft:deepslate_gold_ore":45,"minecraft:diorite":427,"minecraft:big_dripleaf":5,"minecraft:warped_wart_block":1,"minecraft:purple_bed":1,"minecraft:red_terracotta":52,"minecraft:white_carpet":7,"minecraft:spruce_log":957,"minecraft:birch_leaves":10,"minecraft:mycelium":17,"minecraft:gravel":406,"minecraft:dripstone_block":5,"minecraft:cobweb":2,"minecraft:acacia_planks":2,"minecraft:birch_sign":1,"minecraft:stone_bricks":8,"minecraft:gold_ore":9,"minecraft:fern":8,"minecraft:large_amethyst_bud":6,"minecraft:spruce_planks":37,"minecraft:farmland":10,"minecraft:brewing_stand":1,"minecraft:spruce_trapdoor":3,"minecraft:cave_vines_plant":1,"minecraft:budding_amethyst":2,"minecraft:grass_block":71,"minecraft:cracked_polished_blackstone_bricks":149,"minecraft:soul_soil":23,"minecraft:polished_blackstone_brick_slab":1,"minecraft:gilded_blackstone":1,"minecraft:raw_iron_block":1,"minecraft:iron_ore":174,"minecraft:anvil":2,"minecraft:azure_bluet":6,"minecraft:pointed_dripstone":2,"minecraft:flowering_azalea_leaves":72,"minecraft:iron_bars":1,"minecraft:potted_cornflower":1,"minecraft:azalea_leaves":116,"minecraft:azalea":11,"minecraft:spruce_slab":3,"minecraft:deepslate_redstone_ore":56,"minecraft:quartz_block":1,"minecraft:blackstone":331,"minecraft:medium_amethyst_bud":1,"minecraft:clay":24,"minecraft:calcite":6,"minecraft:poppy":3,"minecraft:chest":17,"minecraft:nether_quartz_ore":2684,"minecraft:cobblestone":304,"minecraft:prismarine":10,"minecraft:wall_torch":27,"minecraft:warped_nylium":3,"minecraft:nether_wart_block":3,"minecraft:birch_log":300,"minecraft:blue_ice":5,"minecraft:oak_log":9,"minecraft:sand":245,"minecraft:dirt":549,"minecraft:tripwire_hook":1,"minecraft:netherrack":107042,"minecraft:ancient_debris":101,"minecraft:oak_leaves":51,"minecraft:nether_gold_ore":276,"minecraft:crying_obsidian":5,"minecraft:diamond_ore":4,"minecraft:tuff":234,"minecraft:deepslate_diamond_ore":65,"minecraft:lever":7,"minecraft:ladder":10,"minecraft:stone_button":2,"minecraft:spruce_leaves":3327,"minecraft:sandstone":10,"minecraft:large_fern":41,"minecraft:hay_block":49,"minecraft:spore_blossom":12,"minecraft:oak_trapdoor":1,"minecraft:furnace":15,"minecraft:carrots":134,"minecraft:polished_basalt":1,"minecraft:stripped_spruce_log":79,"minecraft:peony":2,"minecraft:gold_block":19,"minecraft:bookshelf":4,"minecraft:deepslate_iron_ore":141,"minecraft:lantern":15,"minecraft:packed_ice":4833,"minecraft:stone":2736,"minecraft:redstone_wall_torch":1,"minecraft:scaffolding":6,"minecraft:flowering_azalea":15,"minecraft:snow_block":12,"minecraft:basalt":485,"minecraft:spruce_door":2,"minecraft:oak_fence":1,"minecraft:crafting_table":19,"minecraft:rose_bush":6,"minecraft:lime_carpet":16,"minecraft:andesite_slab":1,"minecraft:stone_slab":5,"minecraft:lapis_ore":9,"minecraft:polished_blackstone_brick_stairs":4,"minecraft:spruce_stairs":1,"minecraft:prismarine_bricks":8,"minecraft:birch_planks":12,"minecraft:cactus":4,"minecraft:lime_bed":2,"minecraft:sea_pickle":2,"minecraft:redstone_torch":4,"minecraft:sweet_berry_bush":43,"minecraft:ice":81,"minecraft:bee_nest":4,"minecraft:yellow_bed":4,"minecraft:coal_ore":108,"minecraft:cocoa":1,"minecraft:flower_pot":2},"minecraft:picked_up":{"minecraft:iron_chestplate":14,"minecraft:chainmail_boots":1,"minecraft:flower_pot":5,"minecraft:anvil":2,"minecraft:lead":4,"minecraft:smithing_table":1,"minecraft:stone_slab":6,"minecraft:diamond_sword":3,"minecraft:enchanted_book":9,"minecraft:brewing_stand":1,"minecraft:golden_sword":65,"minecraft:amethyst_block":194,"minecraft:polished_blackstone_brick_stairs":2,"minecraft:string":96,"minecraft:soul_soil":18,"minecraft:cooked_salmon":1,"minecraft:diamond_leggings":5,"minecraft:gold_nugget":446,"minecraft:cobbled_deepslate":1444,"minecraft:spruce_planks":149,"minecraft:written_book":1,"minecraft:azalea_leaves":114,"minecraft:melon_slice":7,"minecraft:diamond_ore":1,"minecraft:golden_helmet":3,"minecraft:polished_blackstone_brick_slab":2,"minecraft:big_dripleaf":12,"minecraft:golden_axe":1,"minecraft:deepslate_tile_stairs":1,"minecraft:golden_chestplate":2,"minecraft:rabbit_foot":1,"minecraft:orange_bed":6,"minecraft:stone_sword":5,"minecraft:lime_carpet":16,"minecraft:tropical_fish":3,"minecraft:polished_basalt":1,"minecraft:bookshelf":4,"minecraft:white_terracotta":7,"minecraft:netherite_chestplate":4,"minecraft:blaze_rod":2,"minecraft:iron_bars":1,"minecraft:snowball":125,"minecraft:birch_log":428,"minecraft:magma_block":22,"minecraft:mossy_cobblestone_slab":4,"minecraft:feather":209,"minecraft:cooked_beef":422,"minecraft:medium_amethyst_bud":1,"minecraft:water_bucket":13,"minecraft:jungle_log":24,"minecraft:brown_wool":1,"minecraft:dark_oak_boat":32,"minecraft:smoker":6,"minecraft:flint":179,"minecraft:netherite_leggings":4,"minecraft:lantern":19,"minecraft:large_amethyst_bud":8,"minecraft:diamond_helmet":5,"minecraft:glowstone_dust":8,"minecraft:moss_block":80,"minecraft:chiseled_polished_blackstone":4,"minecraft:warped_wart_block":1,"minecraft:stripped_spruce_log":83,"minecraft:ink_sac":3,"minecraft:red_terracotta":52,"minecraft:iron_hoe":1,"minecraft:deepslate":611,"minecraft:lever":24,"minecraft:writable_book":8,"minecraft:blue_ice":9,"minecraft:granite":203,"minecraft:bread":1007,"minecraft:dark_oak_fence":1,"minecraft:crimson_roots":5,"minecraft:diamond_pickaxe":8,"minecraft:spruce_leaves":6,"minecraft:crafting_table":36,"minecraft:bee_nest":3,"minecraft:nether_wart":39,"minecraft:clay_ball":152,"minecraft:leather_leggings":2,"minecraft:fire_coral":1,"minecraft:cornflower":9,"minecraft:elytra":1,"minecraft:snow":24,"minecraft:white_carpet":8,"minecraft:iron_shovel":2,"minecraft:netherite_sword":7,"minecraft:deepslate_diamond_ore":16,"minecraft:beef":48,"minecraft:iron_nugget":5,"minecraft:poppy":76,"minecraft:spruce_slab":4,"minecraft:quartz_stairs":1,"minecraft:chest":17,"minecraft:birch_sapling":2,"minecraft:diamond_hoe":1,"minecraft:egg":257,"minecraft:copper_ore":3,"minecraft:lime_shulker_box":2,"minecraft:sandstone":44,"minecraft:stone":865,"minecraft:music_disc_mellohi":2,"minecraft:amethyst_cluster":20,"minecraft:spruce_fence":66,"minecraft:carrot":757,"minecraft:redstone":400,"minecraft:netherite_pickaxe":10,"minecraft:stone_shovel":1,"minecraft:diamond_chestplate":7,"minecraft:peony":7,"minecraft:shears":6,"minecraft:deepslate_bricks":1,"minecraft:diamond_boots":6,"minecraft:hay_block":97,"minecraft:yellow_terracotta":2,"minecraft:gold_ingot":46,"minecraft:totem_of_undying":3,"minecraft:glow_berries":39,"minecraft:mutton":45,"minecraft:white_wool":173,"minecraft:rail":33,"minecraft:oxeye_daisy":6,"minecraft:lime_bed":2,"minecraft:tripwire_hook":1,"minecraft:red_mushroom_block":2,"minecraft:red_mushroom":1,"minecraft:oak_log":15,"minecraft:lily_pad":3,"minecraft:ancient_debris":103,"minecraft:golden_boots":3,"minecraft:blue_bed":2,"minecraft:paper":10,"minecraft:white_banner":2,"minecraft:apple":1,"minecraft:stone_bricks":8,"minecraft:kelp":24,"minecraft:spore_blossom":19,"minecraft:stone_pickaxe":21,"minecraft:cobweb":48,"minecraft:glass_bottle":3,"minecraft:iron_sword":16,"minecraft:flowering_azalea":45,"minecraft:smooth_basalt":3,"minecraft:milk_bucket":1,"minecraft:sweet_berries":561,"minecraft:spyglass":2,"minecraft:gravel":87,"minecraft:birch_stairs":40,"minecraft:small_amethyst_bud":11,"minecraft:spruce_sapling":283,"minecraft:spruce_log":1181,"minecraft:crying_obsidian":14,"minecraft:sea_lantern":64,"minecraft:firework_rocket":6,"minecraft:diamond_shovel":5,"minecraft:coal_ore":15,"minecraft:slime_ball":83,"minecraft:polished_diorite":1,"minecraft:stone_axe":3,"minecraft:diamond_axe":6,"minecraft:deepslate_redstone_ore":3,"minecraft:birch_sign":3,"minecraft:baked_potato":74,"minecraft:melon_seeds":12,"minecraft:crimson_nylium":10,"minecraft:ender_pearl":25,"minecraft:wheat":642,"minecraft:light_blue_concrete":70,"minecraft:ender_chest":103,"minecraft:potion":1,"minecraft:stone_brick_stairs":6,"minecraft:raw_copper":122,"minecraft:deepslate_lapis_ore":3,"minecraft:iron_leggings":10,"minecraft:armor_stand":1,"minecraft:sticky_piston":30,"minecraft:oak_sign":9,"minecraft:sea_pickle":6,"minecraft:smooth_stone":1,"minecraft:bucket":11,"minecraft:white_tulip":4,"minecraft:rose_bush":8,"minecraft:redstone_torch":7,"minecraft:cobblestone_slab":10,"minecraft:calcite":5,"minecraft:azalea":43,"minecraft:iron_pickaxe":14,"minecraft:iron_boots":12,"minecraft:furnace":26,"minecraft:stick":181,"minecraft:oak_fence":1,"minecraft:torch":210,"minecraft:spruce_stairs":1,"minecraft:snow_block":3,"minecraft:porkchop":60,"minecraft:netherite_shovel":2,"minecraft:pointed_dripstone":1,"minecraft:diorite":430,"minecraft:vine":287,"minecraft:quartz_block":1,"minecraft:nether_gold_ore":9,"minecraft:cactus":8,"minecraft:rotten_flesh":661,"minecraft:fire_coral_fan":1,"minecraft:obsidian":9984,"minecraft:blaze_powder":1,"minecraft:cobblestone":1877,"minecraft:enchanting_table":3,"minecraft:leather_chestplate":1,"minecraft:lilac":1,"minecraft:repeater":24,"minecraft:andesite":191,"minecraft:potato":692,"minecraft:tuff":297,"minecraft:prismarine_bricks":8,"minecraft:horn_coral":1,"minecraft:lapis_lazuli":498,"minecraft:dirt":662,"minecraft:stripped_birch_log":83,"minecraft:name_tag":3,"minecraft:leather_boots":11,"minecraft:bone":233,"minecraft:acacia_planks":226,"minecraft:bow":11,"minecraft:wheat_seeds":1775,"minecraft:raw_gold":79,"minecraft:netherite_axe":4,"minecraft:bamboo":223,"minecraft:prismarine":10,"minecraft:oak_planks":71,"minecraft:pink_stained_glass":2,"minecraft:pink_concrete":18,"minecraft:cooked_porkchop":162,"minecraft:music_disc_13":3,"minecraft:axolotl_bucket":10,"minecraft:poisonous_potato":4,"minecraft:sand":248,"minecraft:jungle_planks":18,"minecraft:grass_block":41,"minecraft:lily_of_the_valley":24,"minecraft:shulker_box":3,"minecraft:mossy_cobblestone":42,"minecraft:dark_prismarine":14,"minecraft:jungle_leaves":11,"minecraft:clay":2,"minecraft:diamond":204,"minecraft:spruce_boat":184,"minecraft:netherite_helmet":4,"minecraft:cracked_polished_blackstone_bricks":183,"minecraft:grass":1,"minecraft:bone_meal":34,"minecraft:golden_apple":3,"minecraft:spruce_sign":7,"minecraft:emerald":14,"minecraft:oak_sapling":1,"minecraft:netherrack":13209,"minecraft:bubble_coral_block":1,"minecraft:andesite_slab":1,"minecraft:oak_leaves":17,"minecraft:cocoa_beans":3,"minecraft:azure_bluet":8,"minecraft:splash_potion":1,"minecraft:chicken":30,"minecraft:ladder":7,"minecraft:brown_mushroom":49,"minecraft:packed_ice":5065,"minecraft:wooden_pickaxe":4,"minecraft:pink_wool":24,"minecraft:stone_brick_wall":53,"minecraft:gold_block":19,"minecraft:chain":4,"minecraft:brick":1,"minecraft:shield":12,"minecraft:oak_trapdoor":1,"minecraft:moss_carpet":9,"minecraft:iron_axe":16,"minecraft:wooden_sword":2,"minecraft:magenta_wool":19,"minecraft:blackstone":298,"minecraft:blue_orchid":18,"minecraft:oak_boat":63,"minecraft:player_head":141,"minecraft:light_gray_wool":6,"minecraft:sugar_cane":5,"minecraft:spruce_trapdoor":3,"minecraft:phantom_membrane":18,"minecraft:raw_iron":567,"minecraft:copper_ingot":77,"minecraft:flowering_azalea_leaves":73,"minecraft:polished_blackstone_bricks":243,"minecraft:stone_button":4,"minecraft:cookie":32,"minecraft:music_disc_11":1,"minecraft:trident":4,"minecraft:light_blue_bed":1,"minecraft:arrow":352,"minecraft:weeping_vines":3,"minecraft:pumpkin_pie":21,"minecraft:nether_bricks":4,"minecraft:pink_tulip":1,"minecraft:saddle":4,"minecraft:black_banner":7,"minecraft:netherite_boots":4,"minecraft:jungle_boat":5,"minecraft:basalt":493,"minecraft:golden_carrot":192,"minecraft:glow_ink_sac":15,"minecraft:leather":298,"minecraft:birch_planks":181,"minecraft:ice":108,"minecraft:crimson_fungus":1,"minecraft:chainmail_chestplate":1,"minecraft:cobblestone_wall":1,"minecraft:yellow_bed":4,"minecraft:nether_wart_block":3,"minecraft:gunpowder":34,"minecraft:deepslate_tile_slab":14,"minecraft:cooked_mutton":62,"minecraft:red_carpet":18,"minecraft:iron_ingot":134,"minecraft:cooked_chicken":114,"minecraft:soul_sand":31,"minecraft:scaffolding":76,"minecraft:warped_fungus":1,"minecraft:nether_quartz_ore":11,"minecraft:birch_boat":31,"minecraft:quartz":2086,"minecraft:dandelion":29,"minecraft:raw_iron_block":1,"minecraft:dripstone_block":1,"minecraft:lava_bucket":11,"minecraft:amethyst_shard":89,"minecraft:blast_furnace":4,"minecraft:white_bed":10,"minecraft:spruce_door":4,"minecraft:spider_eye":21,"minecraft:iron_helmet":12,"minecraft:damaged_anvil":2,"minecraft:black_wool":9,"minecraft:coal":521,"minecraft:wooden_axe":5},"minecraft:crafted":{"minecraft:ender_chest":4,"minecraft:oak_sign":3,"minecraft:pink_bed":1,"minecraft:blaze_powder":4,"minecraft:birch_boat":5,"minecraft:lever":6,"minecraft:diamond_shovel":1,"minecraft:cooked_mutton":34,"minecraft:quartz_block":519,"minecraft:diamond_helmet":1,"minecraft:repeater":24,"minecraft:diamond_leggings":1,"minecraft:netherite_boots":1,"minecraft:magenta_dye":4,"minecraft:flower_pot":5,"minecraft:emerald":21,"minecraft:cooked_porkchop":44,"minecraft:diamond_axe":1,"minecraft:smithing_table":1,"minecraft:copper_ingot":35,"minecraft:sticky_piston":36,"minecraft:lime_bed":2,"minecraft:stone_slab":12,"minecraft:iron_pickaxe":7,"minecraft:iron_block":54,"minecraft:light_blue_bed":1,"minecraft:gold_ingot":185,"minecraft:netherite_ingot":25,"minecraft:spruce_fence_gate":1,"minecraft:birch_stairs":32,"minecraft:jukebox":1,"minecraft:iron_nugget":126,"minecraft:diamond_hoe":2,"minecraft:red_terracotta":64,"minecraft:bone_meal":21,"minecraft:spruce_fence":9,"minecraft:moss_carpet":33,"minecraft:lantern":15,"minecraft:netherite_axe":2,"minecraft:ladder":9,"minecraft:stone_pickaxe":2,"minecraft:diamond_boots":1,"minecraft:spruce_boat":2,"minecraft:golden_helmet":3,"minecraft:wheat":441,"minecraft:netherite_pickaxe":4,"minecraft:enchanting_table":1,"minecraft:light_blue_wool":3,"minecraft:blue_bed":1,"minecraft:enchanted_book":13,"minecraft:warped_fungus_on_a_stick":1,"minecraft:fermented_spider_eye":1,"minecraft:wooden_axe":1,"minecraft:iron_leggings":3,"minecraft:white_bed":28,"minecraft:lime_wool":6,"minecraft:brick":22,"minecraft:grindstone":1,"minecraft:oak_planks":52,"minecraft:cooked_chicken":18,"minecraft:stone":72,"minecraft:green_dye":10,"minecraft:iron_boots":2,"minecraft:chest":22,"minecraft:netherite_helmet":1,"minecraft:ender_eye":4,"minecraft:stone_bricks":2752,"minecraft:golden_boots":4,"minecraft:crafting_table":8,"minecraft:spruce_planks":596,"minecraft:iron_helmet":2,"minecraft:baked_potato":63,"minecraft:gold_block":9,"minecraft:birch_planks":172,"minecraft:spruce_trapdoor":10,"minecraft:book":14,"minecraft:iron_chestplate":3,"minecraft:paper":63,"minecraft:diamond_pickaxe":2,"minecraft:shield":5,"minecraft:stick":132,"minecraft:light_blue_dye":4,"minecraft:iron_ingot":570,"minecraft:netherite_hoe":1,"minecraft:stone_sword":1,"minecraft:black_bed":1,"minecraft:lime_carpet":9,"minecraft:redstone_torch":58,"minecraft:shears":2,"minecraft:wooden_sword":1,"minecraft:raw_iron":9,"minecraft:stone_brick_wall":2496,"minecraft:fishing_rod":2,"minecraft:netherite_sword":2,"minecraft:furnace":2,"minecraft:piston":36,"minecraft:diamond_block":25,"minecraft:flint_and_steel":1,"minecraft:scaffolding":78,"minecraft:netherite_chestplate":1,"minecraft:netherite_leggings":1,"minecraft:iron_axe":3,"minecraft:iron_hoe":1,"minecraft:lime_dye":10,"minecraft:netherite_scrap":101,"minecraft:birch_sign":3,"minecraft:cooked_beef":55,"minecraft:sugar":1,"minecraft:red_dye":9,"minecraft:diamond_sword":2,"minecraft:iron_sword":3,"minecraft:bucket":1,"minecraft:stone_axe":3,"minecraft:bread":284,"minecraft:air":0,"minecraft:jungle_planks":68,"minecraft:blue_dye":6,"minecraft:oak_boat":3,"minecraft:white_wool":1,"minecraft:white_dye":11,"minecraft:netherite_shovel":1,"minecraft:blue_wool":3,"minecraft:anvil":7,"minecraft:torch":12,"minecraft:carrot_on_a_stick":1,"minecraft:diamond_chestplate":1},"minecraft:killed_by":{"minecraft:zombie":1,"minecraft:creeper":2,"minecraft:polar_bear":1,"minecraft:piglin":1,"minecraft:player":63,"minecraft:skeleton":1},"minecraft:used":{"minecraft:peony":7,"minecraft:moss_block":39,"minecraft:writable_book":24,"minecraft:spruce_slab":2,"minecraft:ladder":12,"minecraft:chest":39,"minecraft:stone":76,"minecraft:rotten_flesh":2,"minecraft:soul_sand":4,"minecraft:snowball":38,"minecraft:stripped_spruce_log":76,"minecraft:weeping_vines":2,"minecraft:azure_bluet":3,"minecraft:spruce_boat":166,"minecraft:packed_ice":3932,"minecraft:lava_bucket":3,"minecraft:netherite_shovel":3202,"minecraft:grass_block":1,"minecraft:quartz_block":1,"minecraft:netherite_hoe":2045,"minecraft:stone_brick_stairs":6,"minecraft:bow":181,"minecraft:dark_oak_boat":32,"minecraft:sweet_berries":83,"minecraft:furnace":15,"minecraft:egg":229,"minecraft:potato":172,"minecraft:damaged_anvil":2,"minecraft:spruce_door":3,"minecraft:warped_fungus_on_a_stick":14,"minecraft:diorite":8,"minecraft:leather_leggings":1,"minecraft:stripped_birch_log":81,"minecraft:prismarine":18,"minecraft:blackstone":16,"minecraft:leather_chestplate":1,"minecraft:wooden_pickaxe":23,"minecraft:clay":1,"minecraft:jungle_boat":1,"minecraft:oak_leaves":2,"minecraft:cookie":16,"minecraft:glow_berries":35,"minecraft:sand":25,"minecraft:blast_furnace":3,"minecraft:spore_blossom":13,"minecraft:red_terracotta":116,"minecraft:diamond_ore":1,"minecraft:flowering_azalea_leaves":71,"minecraft:diamond_sword":78,"minecraft:wooden_sword":2,"minecraft:smithing_table":2,"minecraft:birch_log":230,"minecraft:ice":39,"minecraft:oak_boat":63,"minecraft:oak_trapdoor":1,"minecraft:enchanting_table":4,"minecraft:stone_sword":179,"minecraft:cooked_salmon":1,"minecraft:netherrack":4220,"minecraft:torch":76,"minecraft:anvil":9,"minecraft:nether_quartz_ore":11,"minecraft:polished_diorite":1,"minecraft:music_disc_mellohi":1,"minecraft:flowering_azalea":17,"minecraft:iron_axe":164,"minecraft:basalt":8,"minecraft:beef":5,"minecraft:cobbled_deepslate":512,"minecraft:acacia_planks":4,"minecraft:wheat_seeds":867,"minecraft:water_bucket":513,"minecraft:birch_planks":11,"minecraft:red_mushroom_block":2,"minecraft:leather_boots":2,"minecraft:glow_ink_sac":2,"minecraft:spruce_fence_gate":1,"minecraft:deepslate_bricks":1,"minecraft:polished_blackstone_bricks":130,"minecraft:pink_concrete":18,"minecraft:vine":254,"minecraft:crafting_table":24,"minecraft:birch_sign":2,"minecraft:white_bed":36,"minecraft:fire_coral":1,"minecraft:lime_shulker_box":2,"minecraft:spruce_log":546,"minecraft:small_amethyst_bud":6,"minecraft:amethyst_cluster":9,"minecraft:dark_prismarine":23,"minecraft:diamond_pickaxe":39952,"minecraft:iron_pickaxe":999,"minecraft:spruce_trapdoor":11,"minecraft:spruce_sapling":19,"minecraft:pink_bed":1,"minecraft:cobblestone":289,"minecraft:azalea_leaves":114,"minecraft:cooked_porkchop":181,"minecraft:kelp":12,"minecraft:dandelion":2,"minecraft:jukebox":1,"minecraft:moss_carpet":38,"minecraft:oak_sign":6,"minecraft:diamond_hoe":1565,"minecraft:polished_basalt":1,"minecraft:shield":107,"minecraft:white_terracotta":7,"minecraft:iron_sword":431,"minecraft:nether_wart":5,"minecraft:player_head":64,"minecraft:iron_chestplate":1,"minecraft:jungle_planks":36,"minecraft:carrot":156,"minecraft:deepslate_tile_slab":10,"minecraft:tuff":40,"minecraft:axolotl_bucket":28,"minecraft:obsidian":132,"minecraft:big_dripleaf":4,"minecraft:coal_ore":1,"minecraft:lantern":29,"minecraft:blue_orchid":5,"minecraft:light_blue_bed":2,"minecraft:stone_bricks":138,"minecraft:deepslate_diamond_ore":10,"minecraft:repeater":48,"minecraft:magma_block":1,"minecraft:scaffolding":92,"minecraft:stone_pickaxe":88,"minecraft:ender_pearl":1,"minecraft:sandstone":7,"minecraft:diamond_axe":674,"minecraft:blue_bed":2,"minecraft:large_amethyst_bud":6,"minecraft:white_wool":3,"minecraft:stone_brick_wall":2231,"minecraft:black_bed":1,"minecraft:shears":169,"minecraft:sticky_piston":66,"minecraft:redstone_torch":17,"minecraft:lever":29,"minecraft:firework_rocket":2,"minecraft:lime_carpet":17,"minecraft:bread":203,"minecraft:deepslate":104,"minecraft:gravel":30,"minecraft:grindstone":1,"minecraft:medium_amethyst_bud":1,"minecraft:andesite":2,"minecraft:tropical_fish_bucket":1,"minecraft:netherite_sword":1060,"minecraft:oak_fence":1,"minecraft:jungle_leaves":11,"minecraft:trident":34,"minecraft:rose_bush":5,"minecraft:tropical_fish":1,"minecraft:white_tulip":1,"minecraft:flint_and_steel":26,"minecraft:redstone":177,"minecraft:spruce_planks":312,"minecraft:ender_chest":91,"minecraft:cooked_chicken":18,"minecraft:spyglass":21,"minecraft:dirt":407,"minecraft:white_carpet":4,"minecraft:prismarine_bricks":14,"minecraft:spruce_stairs":1,"minecraft:cobblestone_wall":1,"minecraft:shulker_box":3,"minecraft:bee_nest":1,"minecraft:spruce_fence":29,"minecraft:iron_hoe":246,"minecraft:wooden_axe":12,"minecraft:stone_brick_slab":1,"minecraft:bookshelf":29,"minecraft:golden_carrot":67,"minecraft:netherite_pickaxe":93387,"minecraft:cooked_beef":258,"minecraft:red_dye":1,"minecraft:cooked_mutton":52,"minecraft:glass_bottle":3,"minecraft:baked_potato":142,"minecraft:birch_boat":32,"minecraft:spruce_sign":6,"minecraft:lime_bed":4,"minecraft:smoker":7,"minecraft:flower_pot":10,"minecraft:cracked_polished_blackstone_bricks":64,"minecraft:netherite_axe":1332,"minecraft:stone_slab":12,"minecraft:stone_axe":389,"minecraft:bucket":553,"minecraft:pumpkin_pie":40,"minecraft:yellow_bed":4,"minecraft:sea_pickle":6,"minecraft:splash_potion":2,"minecraft:birch_stairs":69}},"DataVersion":3105}