{"stats":{"minecraft:picked_up":{"minecraft:lead":73,"minecraft:enchanted_book":7,"minecraft:purple_shulker_box":58,"minecraft:blue_concrete":1345,"minecraft:polished_deepslate":199,"minecraft:string":210,"minecraft:pufferfish":10,"minecraft:diamond_leggings":11,"minecraft:bubble_coral":8,"minecraft:diamond_ore":30,"minecraft:jukebox":1,"minecraft:big_dripleaf":2,"minecraft:purpur_pillar":8,"minecraft:acacia_log":41,"minecraft:gray_shulker_box":7,"minecraft:green_terracotta":3,"minecraft:lime_carpet":4175,"minecraft:horn_coral_fan":8,"minecraft:polished_basalt":1,"minecraft:carved_pumpkin":11,"minecraft:glowstone":26,"minecraft:bookshelf":699,"minecraft:end_rod":41,"minecraft:blaze_rod":15,"minecraft:iron_bars":20,"minecraft:snowball":129,"minecraft:sponge":58,"minecraft:feather":80,"minecraft:cooked_beef":301,"minecraft:water_bucket":5,"minecraft:flint":44,"minecraft:lantern":28,"minecraft:gray_concrete_powder":27,"minecraft:purple_carpet":85,"minecraft:dark_oak_sign":1,"minecraft:diamond_helmet":7,"minecraft:honeycomb":192,"minecraft:lime_terracotta":1,"minecraft:birch_fence_gate":10,"minecraft:stripped_spruce_log":4,"minecraft:brown_mushroom_block":46,"minecraft:netherite_block":1,"minecraft:deepslate":1023,"minecraft:lever":7,"minecraft:granite":240,"minecraft:golden_horse_armor":1,"minecraft:deepslate_coal_ore":11,"minecraft:light_gray_carpet":265,"minecraft:diamond_pickaxe":17,"minecraft:mud":35,"minecraft:bee_nest":2,"minecraft:leather_leggings":1,"minecraft:golden_pickaxe":2,"minecraft:dragon_head":12,"minecraft:purpur_block":31,"minecraft:fire_coral":4,"minecraft:heavy_weighted_pressure_plate":2,"minecraft:cornflower":2,"minecraft:elytra":26,"minecraft:flint_and_steel":6,"minecraft:white_carpet":1688,"minecraft:white_stained_glass":44,"minecraft:iron_shovel":3,"minecraft:glass_pane":50,"minecraft:netherite_sword":5,"minecraft:poppy":13,"minecraft:spruce_slab":5,"minecraft:minecart":3,"minecraft:birch_sapling":60,"minecraft:piston":4,"minecraft:diamond_hoe":1,"minecraft:copper_ore":20,"minecraft:lime_shulker_box":47,"minecraft:stone":7875,"minecraft:white_dye":7,"minecraft:jungle_fence_gate":1,"minecraft:netherite_pickaxe":5,"minecraft:cyan_shulker_box":50,"minecraft:jungle_sign":3,"minecraft:diamond_chestplate":2,"minecraft:totem_of_undying":4,"minecraft:polished_blackstone":8,"minecraft:rail":81,"minecraft:oxeye_daisy":2,"minecraft:lime_bed":1,"minecraft:yellow_shulker_box":62,"minecraft:smooth_red_sandstone":6,"minecraft:jungle_fence":2,"minecraft:purpur_stairs":15,"minecraft:lily_pad":135,"minecraft:paper":1,"minecraft:apple":2,"minecraft:warped_stem":32,"minecraft:spore_blossom":3,"minecraft:oak_fence_gate":1,"minecraft:iron_ore":6,"minecraft:magenta_stained_glass":1,"minecraft:dark_oak_stairs":12,"minecraft:smooth_basalt":12,"minecraft:sweet_berries":136,"minecraft:red_wool":14,"minecraft:lime_concrete":61,"minecraft:crying_obsidian":17,"minecraft:leather_helmet":1,"minecraft:diamond_shovel":8,"minecraft:coal_ore":157,"minecraft:slime_ball":167,"minecraft:deepslate_redstone_ore":140,"minecraft:birch_sign":20,"minecraft:baked_potato":313,"minecraft:smooth_quartz_slab":5,"minecraft:hopper":36,"minecraft:black_carpet":3448,"minecraft:ender_chest":218,"minecraft:yellow_wool":53,"minecraft:stone_brick_stairs":4,"minecraft:deepslate_lapis_ore":18,"minecraft:smooth_red_sandstone_slab":23,"minecraft:bucket":6,"minecraft:red_sand":2697,"minecraft:smooth_stone":2,"minecraft:comparator":9,"minecraft:cobblestone_slab":4,"minecraft:azalea":514,"minecraft:wooden_shovel":4,"minecraft:smooth_quartz":8,"minecraft:iron_pickaxe":3,"minecraft:deepslate_iron_ore":2,"minecraft:blue_wool":1,"minecraft:tipped_arrow":1,"minecraft:polished_deepslate_stairs":2,"minecraft:spruce_stairs":14,"minecraft:netherite_shovel":5,"minecraft:diorite":714,"minecraft:goat_horn":3,"minecraft:andesite_wall":1,"minecraft:rotten_flesh":172,"minecraft:brown_shulker_box":7,"minecraft:deepslate_copper_ore":55,"minecraft:chorus_flower":8,"minecraft:obsidian":124,"minecraft:cobblestone":6990,"minecraft:muddy_mangrove_roots":102,"minecraft:lilac":1,"minecraft:repeater":22,"minecraft:andesite":375,"minecraft:orange_carpet":658,"minecraft:beacon":1,"minecraft:potato":3,"minecraft:prismarine_bricks":4311,"minecraft:dirt":6294,"minecraft:name_tag":2,"minecraft:glass":260,"minecraft:bone":88,"minecraft:acacia_planks":58,"minecraft:granite_wall":1,"minecraft:bow":14,"minecraft:wheat_seeds":326,"minecraft:birch_wood":2,"minecraft:grindstone":1,"minecraft:netherite_axe":3,"minecraft:purple_stained_glass_pane":2,"minecraft:mossy_stone_bricks":17,"minecraft:bamboo":18,"minecraft:prismarine":3107,"minecraft:light_blue_shulker_box":24,"minecraft:grass_block":4109,"minecraft:diamond_block":45,"minecraft:jungle_slab":3,"minecraft:mossy_cobblestone":10,"minecraft:yellow_carpet":1485,"minecraft:sugar":4,"minecraft:slime_block":5,"minecraft:netherite_helmet":10,"minecraft:yellow_stained_glass_pane":2,"minecraft:cracked_polished_blackstone_bricks":6,"minecraft:crossbow":2,"minecraft:grass":3,"minecraft:bone_meal":70,"minecraft:golden_apple":1,"minecraft:spruce_sign":8,"minecraft:emerald":168,"minecraft:netherrack":5877,"minecraft:oak_leaves":7,"minecraft:andesite_slab":2,"minecraft:azure_bluet":3,"minecraft:ladder":23,"minecraft:packed_ice":23920,"minecraft:brown_mushroom":264,"minecraft:stone_brick_wall":2,"minecraft:chain":1,"minecraft:shield":2,"minecraft:brick":1,"minecraft:moss_carpet":50,"minecraft:mycelium":236,"minecraft:birch_fence":2,"minecraft:blackstone":237,"minecraft:blue_orchid":2,"minecraft:lime_wool":851,"minecraft:end_stone":28,"minecraft:flowering_azalea_leaves":204,"minecraft:note_block":8,"minecraft:polished_blackstone_bricks":2,"minecraft:trident":9,"minecraft:blue_concrete_powder":4,"minecraft:weeping_vines":11,"minecraft:tube_coral":3,"minecraft:red_shulker_box":129,"minecraft:pink_tulip":1,"minecraft:netherite_boots":7,"minecraft:prismarine_slab":86,"minecraft:purple_dye":1,"minecraft:jungle_boat":1,"minecraft:golden_carrot":263,"minecraft:basalt":977,"minecraft:leather":200,"minecraft:ice":110,"minecraft:cobblestone_wall":9,"minecraft:cobbled_deepslate_stairs":1,"minecraft:gunpowder":75,"minecraft:orange_terracotta":193,"minecraft:cooked_mutton":17,"minecraft:red_carpet":10349,"minecraft:gray_carpet":2751,"minecraft:acacia_trapdoor":2,"minecraft:iron_ingot":1335,"minecraft:cooked_chicken":54,"minecraft:prismarine_brick_slab":3411,"minecraft:nether_quartz_ore":11,"minecraft:emerald_block":2,"minecraft:stone_brick_slab":2,"minecraft:quartz":2274,"minecraft:dandelion":7,"minecraft:amethyst_shard":70,"minecraft:spruce_door":263,"minecraft:cut_red_sandstone":1,"minecraft:pumpkin_seeds":57,"minecraft:sculk_sensor":4,"minecraft:white_concrete_powder":10,"minecraft:prismarine_wall":9,"minecraft:netherite_hoe":2,"minecraft:sunflower":4,"minecraft:seagrass":124,"minecraft:iron_chestplate":3,"minecraft:prismarine_shard":5025,"minecraft:anvil":145,"minecraft:flower_pot":2,"minecraft:diamond_sword":9,"minecraft:oak_stairs":10,"minecraft:golden_shovel":1,"minecraft:birch_button":7,"minecraft:golden_sword":2,"minecraft:amethyst_block":18,"minecraft:dark_oak_trapdoor":9,"minecraft:soul_soil":96,"minecraft:cooked_salmon":7,"minecraft:gold_nugget":132,"minecraft:cobbled_deepslate":4715,"minecraft:spruce_planks":87,"minecraft:written_book":48,"minecraft:azalea_leaves":680,"minecraft:enchanted_golden_apple":1,"minecraft:melon_slice":18,"minecraft:dark_oak_door":31,"minecraft:golden_helmet":1,"minecraft:music_disc_blocks":3,"minecraft:pink_carpet":3200,"minecraft:warped_planks":4,"minecraft:deepslate_tile_stairs":19,"minecraft:rabbit_foot":1,"minecraft:black_dye":1,"minecraft:light_blue_wool":5,"minecraft:tropical_fish":4,"minecraft:iron_block":428,"minecraft:netherite_chestplate":12,"minecraft:blackstone_stairs":86,"minecraft:birch_log":1640,"minecraft:magma_block":15,"minecraft:iron_door":12,"minecraft:birch_slab":1,"minecraft:jungle_log":320,"minecraft:acacia_leaves":2,"minecraft:netherite_leggings":10,"minecraft:gray_concrete":3,"minecraft:brown_candle":4,"minecraft:chipped_anvil":7,"minecraft:glowstone_dust":86,"minecraft:moss_block":363,"minecraft:dropper":4,"minecraft:ink_sac":705,"minecraft:dark_oak_log":458,"minecraft:barrel":2,"minecraft:green_concrete":128,"minecraft:writable_book":60,"minecraft:deepslate_gold_ore":7,"minecraft:blue_ice":291,"minecraft:dark_oak_fence":7,"minecraft:lime_stained_glass_pane":9,"minecraft:coarse_dirt":174,"minecraft:crafting_table":16,"minecraft:bubble_coral_fan":9,"minecraft:purple_wool":5,"minecraft:nether_wart":31,"minecraft:orange_stained_glass_pane":1,"minecraft:red_bed":1,"minecraft:snow":3052,"minecraft:netherite_scrap":3,"minecraft:cracked_stone_bricks":12,"minecraft:deepslate_diamond_ore":134,"minecraft:music_disc_otherside":2,"minecraft:beef":35,"minecraft:cyan_wool":59,"minecraft:iron_nugget":26,"minecraft:chest":110,"minecraft:quartz_stairs":1,"minecraft:egg":57,"minecraft:polished_deepslate_slab":12,"minecraft:oak_door":87,"minecraft:spruce_fence":31,"minecraft:carrot":12,"minecraft:redstone":2057,"minecraft:mushroom_stem":11,"minecraft:prismarine_crystals":3281,"minecraft:blue_carpet":29,"minecraft:tnt":4,"minecraft:cooked_cod":13012,"minecraft:tube_coral_fan":13,"minecraft:deepslate_bricks":848,"minecraft:shears":128,"minecraft:diamond_boots":3,"minecraft:gold_ingot":2,"minecraft:glow_berries":5,"minecraft:white_shulker_box":22,"minecraft:white_wool":58,"minecraft:lapis_ore":2,"minecraft:red_mushroom_block":45,"minecraft:red_mushroom":5,"minecraft:filled_map":25,"minecraft:oak_log":298,"minecraft:ancient_debris":37,"minecraft:blue_bed":2,"minecraft:white_banner":5,"minecraft:stone_bricks":73,"minecraft:kelp":186,"minecraft:glass_bottle":5,"minecraft:flowering_azalea":296,"minecraft:dark_oak_slab":11,"minecraft:white_stained_glass_pane":5,"minecraft:yellow_concrete":53,"minecraft:spyglass":11,"minecraft:gravel":2296,"minecraft:spruce_sapling":2,"minecraft:spruce_log":90,"minecraft:sea_lantern":813,"minecraft:firework_rocket":481,"minecraft:light_blue_carpet":3782,"minecraft:redstone_ore":10,"minecraft:diamond_axe":9,"minecraft:warped_roots":1,"minecraft:stripped_dark_oak_log":24,"minecraft:ender_pearl":349,"minecraft:shulker_shell":140,"minecraft:music_disc_strad":1,"minecraft:wheat":224,"minecraft:redstone_block":629,"minecraft:light_gray_shulker_box":14,"minecraft:green_stained_glass_pane":6,"minecraft:potion":6,"minecraft:turtle_egg":1,"minecraft:raw_copper":62,"minecraft:smooth_stone_slab":1,"minecraft:iron_leggings":2,"minecraft:netherite_ingot":9,"minecraft:sticky_piston":2,"minecraft:pink_shulker_box":8,"minecraft:oak_sign":1,"minecraft:sea_pickle":206,"minecraft:deepslate_tiles":99,"minecraft:black_shulker_box":62,"minecraft:redstone_torch":40,"minecraft:calcite":26,"minecraft:iron_boots":4,"minecraft:furnace":31,"minecraft:stick":282,"minecraft:orange_shulker_box":15,"minecraft:deepslate_brick_wall":1,"minecraft:torch":50,"minecraft:porkchop":1,"minecraft:snow_block":447,"minecraft:music_disc_pigstep":1,"minecraft:quartz_block":2,"minecraft:cactus":13,"minecraft:green_wool":593,"minecraft:fire_coral_fan":14,"minecraft:stripped_birch_wood":7,"minecraft:cod":3112,"minecraft:jungle_pressure_plate":1,"minecraft:magma_cream":1,"minecraft:tuff":855,"minecraft:light_gray_dye":12,"minecraft:horn_coral":3,"minecraft:acacia_boat":1,"minecraft:green_shulker_box":16,"minecraft:lapis_lazuli":229,"minecraft:leather_boots":2,"minecraft:raw_gold":178,"minecraft:cobbled_deepslate_slab":1,"minecraft:bell":1028,"minecraft:powered_rail":18,"minecraft:oak_planks":61,"minecraft:brain_coral":5,"minecraft:ghast_tear":14,"minecraft:cooked_porkchop":600,"minecraft:music_disc_13":1,"minecraft:pink_stained_glass_pane":1,"minecraft:oak_pressure_plate":2,"minecraft:axolotl_bucket":1,"minecraft:sand":3277,"minecraft:shulker_box":347,"minecraft:dark_prismarine":195,"minecraft:dark_prismarine_slab":5,"minecraft:clay":204,"minecraft:black_concrete":2,"minecraft:diamond":796,"minecraft:spruce_boat":20,"minecraft:white_concrete":17,"minecraft:chiseled_red_sandstone":2,"minecraft:oak_sapling":11,"minecraft:end_stone_bricks":52,"minecraft:cocoa_beans":10,"minecraft:chicken":3,"minecraft:wooden_pickaxe":1,"minecraft:gold_block":99,"minecraft:item_frame":16,"minecraft:quartz_slab":6,"minecraft:cyan_carpet":154,"minecraft:oak_boat":154,"minecraft:player_head":185,"minecraft:observer":67,"minecraft:sugar_cane":335,"minecraft:lectern":2,"minecraft:tinted_glass":1,"minecraft:blue_shulker_box":12,"minecraft:phantom_membrane":116,"minecraft:spruce_trapdoor":4,"minecraft:raw_iron":270,"minecraft:copper_ingot":6,"minecraft:gray_dye":1,"minecraft:quartz_pillar":1,"minecraft:stone_button":7,"minecraft:magenta_shulker_box":7,"minecraft:dark_oak_planks":21,"minecraft:arrow":255,"minecraft:wet_sponge":324,"minecraft:glow_ink_sac":199,"minecraft:salmon":47,"minecraft:birch_planks":38,"minecraft:mushroom_stew":3,"minecraft:cobblestone_stairs":1,"minecraft:deepslate_tile_slab":87,"minecraft:podzol":965,"minecraft:red_sandstone":41,"minecraft:stripped_oak_wood":5,"minecraft:soul_sand":3850,"minecraft:acacia_sapling":6,"minecraft:purple_concrete":36,"minecraft:book":27,"minecraft:oak_slab":8,"minecraft:birch_boat":2,"minecraft:pumpkin":56,"minecraft:chiseled_stone_bricks":4,"minecraft:raw_iron_block":6,"minecraft:magenta_stained_glass_pane":2,"minecraft:brain_coral_fan":17,"minecraft:white_bed":27,"minecraft:gold_ore":5,"minecraft:dark_oak_fence_gate":3,"minecraft:green_carpet":2849,"minecraft:mossy_stone_brick_slab":2,"minecraft:spider_eye":57,"minecraft:cyan_banner":2,"minecraft:iron_helmet":3,"minecraft:coal":366},"minecraft:mined":{"minecraft:blue_carpet":4,"minecraft:dragon_wall_head":12,"minecraft:red_shulker_box":128,"minecraft:blackstone_stairs":88,"minecraft:white_bed":28,"minecraft:fire_coral_wall_fan":11,"minecraft:cyan_shulker_box":48,"minecraft:light_blue_carpet":2390,"minecraft:granite":218,"minecraft:acacia_log":17,"minecraft:oak_pressure_plate":2,"minecraft:blue_wool":1,"minecraft:green_concrete":128,"minecraft:nether_wart":6,"minecraft:spawner":13,"minecraft:polished_blackstone_bricks":6,"minecraft:magma_block":25,"minecraft:dark_oak_trapdoor":9,"minecraft:barrel":2,"minecraft:cobbled_deepslate":222,"minecraft:fire":66,"minecraft:deepslate_lapis_ore":35,"minecraft:green_carpet":96,"minecraft:white_shulker_box":21,"minecraft:player_head":12,"minecraft:blue_concrete_powder":4,"minecraft:kelp_plant":24,"minecraft:deepslate_brick_wall":1,"minecraft:deepslate_tile_slab":93,"minecraft:powder_snow":2,"minecraft:torch":4,"minecraft:note_block":8,"minecraft:melon":4,"minecraft:white_stained_glass_pane":5,"minecraft:dead_bush":15,"minecraft:spruce_wall_sign":4,"minecraft:smooth_quartz_slab":2,"minecraft:tube_coral_fan":3,"minecraft:lime_shulker_box":47,"minecraft:sugar_cane":142,"minecraft:amethyst_block":18,"minecraft:repeater":10,"minecraft:mud":35,"minecraft:tinted_glass":2,"minecraft:jukebox":1,"minecraft:grass":666,"minecraft:birch_button":6,"minecraft:smooth_quartz":8,"minecraft:smooth_basalt":12,"minecraft:brown_candle":4,"minecraft:deepslate":6806,"minecraft:dark_prismarine":195,"minecraft:deepslate_tiles":46,"minecraft:light_blue_wool":4,"minecraft:mossy_cobblestone":10,"minecraft:dark_oak_log":384,"minecraft:cyan_stained_glass":1,"minecraft:sea_lantern":131,"minecraft:end_stone":8,"minecraft:birch_fence_gate":10,"minecraft:dark_oak_fence":7,"minecraft:spruce_fence":33,"minecraft:redstone_wire":172,"minecraft:white_concrete_powder":2,"minecraft:magenta_stained_glass_pane":2,"minecraft:horn_coral":3,"minecraft:redstone_ore":20,"minecraft:acacia_trapdoor":1,"minecraft:green_terracotta":3,"minecraft:andesite":279,"minecraft:cobblestone_slab":4,"minecraft:vine":4,"minecraft:rail":62,"minecraft:brain_coral_wall_fan":14,"minecraft:green_wool":17,"minecraft:ender_chest":136,"minecraft:oak_slab":7,"minecraft:redstone_block":20,"minecraft:glass_pane":4,"minecraft:soul_sand":3983,"minecraft:dandelion":2,"minecraft:fire_coral":4,"minecraft:prismarine_slab":51,"minecraft:brain_coral_fan":3,"minecraft:tall_grass":206,"minecraft:purpur_pillar":8,"minecraft:copper_ore":32,"minecraft:deepslate_gold_ore":91,"minecraft:green_stained_glass_pane":6,"minecraft:diorite":695,"minecraft:orange_carpet":31,"minecraft:purple_wool":5,"minecraft:coarse_dirt":174,"minecraft:cobblestone_wall":9,"minecraft:purple_concrete":36,"minecraft:dark_prismarine_slab":3,"minecraft:sunflower":1,"minecraft:gravel":2310,"minecraft:cobweb":52,"minecraft:birch_sign":2,"minecraft:polished_blackstone":8,"minecraft:stone_bricks":71,"minecraft:chipped_anvil":7,"minecraft:gold_ore":7,"minecraft:fern":48,"minecraft:prismarine_wall":9,"minecraft:mossy_stone_brick_slab":1,"minecraft:spruce_trapdoor":4,"minecraft:budding_amethyst":5,"minecraft:cracked_polished_blackstone_bricks":3,"minecraft:white_concrete":22,"minecraft:flowering_azalea_leaves":219,"minecraft:iron_bars":10,"minecraft:azalea":542,"minecraft:spruce_slab":5,"minecraft:netherite_block":1,"minecraft:deepslate_redstone_ore":432,"minecraft:brown_shulker_box":6,"minecraft:orange_terracotta":193,"minecraft:purpur_stairs":17,"minecraft:beacon":1,"minecraft:nether_quartz_ore":1058,"minecraft:oak_planks":34,"minecraft:wall_torch":7,"minecraft:fire_coral_fan":3,"minecraft:warped_nylium":3,"minecraft:powered_rail":8,"minecraft:dark_oak_slab":11,"minecraft:blue_ice":517,"minecraft:smooth_stone_slab":1,"minecraft:oak_log":299,"minecraft:lime_terracotta":1,"minecraft:dirt":6801,"minecraft:ancient_debris":33,"minecraft:crying_obsidian":10,"minecraft:pink_carpet":3197,"minecraft:quartz_stairs":1,"minecraft:dark_oak_leaves":4,"minecraft:glow_lichen":1,"minecraft:lever":2,"minecraft:tube_coral_wall_fan":10,"minecraft:stone_button":6,"minecraft:cyan_banner":1,"minecraft:brown_mushroom_block":137,"minecraft:birch_slab":1,"minecraft:spruce_leaves":25,"minecraft:heavy_weighted_pressure_plate":2,"minecraft:polished_basalt":1,"minecraft:light_gray_shulker_box":14,"minecraft:orange_stained_glass_pane":1,"minecraft:gold_block":76,"minecraft:bookshelf":703,"minecraft:deepslate_iron_ore":173,"minecraft:wet_sponge":306,"minecraft:jungle_fence_gate":1,"minecraft:acacia_leaves":4,"minecraft:scaffolding":2,"minecraft:magenta_stained_glass":8,"minecraft:snow_block":363,"minecraft:basalt":1059,"minecraft:lime_carpet":74,"minecraft:deepslate_coal_ore":11,"minecraft:prismarine_bricks":4031,"minecraft:birch_planks":16,"minecraft:bubble_coral":8,"minecraft:sea_pickle":65,"minecraft:ice":160,"minecraft:white_wall_banner":1,"minecraft:bee_nest":2,"minecraft:muddy_mangrove_roots":101,"minecraft:cocoa":3,"minecraft:cyan_carpet":24,"minecraft:yellow_concrete":53,"minecraft:purple_shulker_box":56,"minecraft:cracked_stone_bricks":17,"minecraft:mossy_stone_bricks":19,"minecraft:dark_oak_planks":16,"minecraft:chiseled_red_sandstone":2,"minecraft:obsidian":25,"minecraft:red_sand":2723,"minecraft:stone_brick_wall":2,"minecraft:yellow_carpet":65,"minecraft:deepslate_bricks":830,"minecraft:deepslate_tile_stairs":19,"minecraft:hopper":58,"minecraft:chiseled_stone_bricks":4,"minecraft:weeping_vines_plant":1,"minecraft:tall_seagrass":11,"minecraft:sticky_piston":2,"minecraft:cyan_wall_banner":1,"minecraft:moss_carpet":17,"minecraft:pumpkin":1,"minecraft:smooth_red_sandstone":6,"minecraft:lime_stained_glass_pane":10,"minecraft:sculk_shrieker":11,"minecraft:cave_vines":2,"minecraft:dirt_path":6,"minecraft:quartz_slab":6,"minecraft:oak_stairs":10,"minecraft:iron_block":164,"minecraft:piston_head":1,"minecraft:brown_mushroom":205,"minecraft:red_bed":2,"minecraft:player_wall_head":13,"minecraft:soul_fire":30,"minecraft:amethyst_cluster":8,"minecraft:glass":261,"minecraft:cyan_wool":20,"minecraft:wheat":28,"minecraft:lime_concrete":61,"minecraft:stone_brick_stairs":4,"minecraft:oak_fence_gate":1,"minecraft:stripped_birch_wood":7,"minecraft:blue_shulker_box":11,"minecraft:red_mushroom_block":45,"minecraft:cut_red_sandstone":1,"minecraft:piston":4,"minecraft:pink_shulker_box":8,"minecraft:shulker_box":323,"minecraft:cobbled_deepslate_slab":1,"minecraft:orange_shulker_box":15,"minecraft:lime_wool":19,"minecraft:horn_coral_wall_fan":8,"minecraft:kelp":17,"minecraft:moss_block":88,"minecraft:red_sandstone":41,"minecraft:snow":3128,"minecraft:diamond_block":1,"minecraft:bamboo":3,"minecraft:cake":1,"minecraft:white_wool":4,"minecraft:brain_coral":5,"minecraft:light_gray_carpet":17,"minecraft:gray_concrete":2,"minecraft:comparator":1,"minecraft:stone_brick_slab":2,"minecraft:observer":63,"minecraft:jungle_sign":1,"minecraft:sponge":7,"minecraft:dropper":4,"minecraft:smooth_red_sandstone_slab":12,"minecraft:big_dripleaf":2,"minecraft:purple_bed":3,"minecraft:prismarine_brick_slab":3413,"minecraft:white_carpet":1117,"minecraft:spruce_log":91,"minecraft:birch_leaves":15,"minecraft:jungle_fence":2,"minecraft:dark_oak_sign":2,"minecraft:mycelium":242,"minecraft:pink_stained_glass_pane":1,"minecraft:black_shulker_box":61,"minecraft:large_amethyst_bud":1,"minecraft:spruce_planks":58,"minecraft:cobbled_deepslate_stairs":1,"minecraft:jungle_slab":2,"minecraft:cobblestone_stairs":1,"minecraft:cave_vines_plant":7,"minecraft:grass_block":4319,"minecraft:blue_concrete":1305,"minecraft:purple_stained_glass_pane":2,"minecraft:soul_soil":100,"minecraft:smooth_stone":2,"minecraft:raw_iron_block":6,"minecraft:glowstone":30,"minecraft:iron_ore":84,"minecraft:black_carpet":268,"minecraft:anvil":32,"minecraft:azure_bluet":1,"minecraft:dark_oak_stairs":12,"minecraft:purple_carpet":14,"minecraft:birch_wall_sign":14,"minecraft:jungle_pressure_plate":1,"minecraft:azalea_leaves":678,"minecraft:end_stone_bricks":52,"minecraft:blackstone":263,"minecraft:polished_deepslate_stairs":2,"minecraft:clay":252,"minecraft:calcite":26,"minecraft:chest":69,"minecraft:mushroom_stem":23,"minecraft:birch_wood":2,"minecraft:cobblestone":178,"minecraft:slime_block":1,"minecraft:grindstone":1,"minecraft:prismarine":3062,"minecraft:iron_door":11,"minecraft:deepslate_copper_ore":57,"minecraft:magenta_shulker_box":6,"minecraft:seagrass":133,"minecraft:dark_oak_door":21,"minecraft:yellow_wool":8,"minecraft:birch_log":1562,"minecraft:stripped_oak_wood":5,"minecraft:purpur_block":31,"minecraft:yellow_stained_glass_pane":2,"minecraft:sand":3064,"minecraft:netherrack":9516,"minecraft:oak_leaves":59,"minecraft:emerald_block":2,"minecraft:granite_wall":1,"minecraft:nether_gold_ore":18,"minecraft:tube_coral":3,"minecraft:diamond_ore":43,"minecraft:tuff":954,"minecraft:red_carpet":162,"minecraft:deepslate_diamond_ore":408,"minecraft:oak_door":16,"minecraft:gray_shulker_box":6,"minecraft:white_stained_glass":31,"minecraft:large_fern":33,"minecraft:spore_blossom":3,"minecraft:furnace":25,"minecraft:dark_oak_fence_gate":3,"minecraft:black_concrete":2,"minecraft:stripped_spruce_log":1,"minecraft:bell":133,"minecraft:polished_deepslate":14,"minecraft:packed_ice":30480,"minecraft:stone":15072,"minecraft:yellow_shulker_box":61,"minecraft:redstone_wall_torch":6,"minecraft:podzol":1027,"minecraft:flowering_azalea":311,"minecraft:light_blue_shulker_box":23,"minecraft:red_wool":6,"minecraft:infested_stone_bricks":4,"minecraft:spruce_door":173,"minecraft:crafting_table":15,"minecraft:rose_bush":1,"minecraft:andesite_slab":1,"minecraft:lectern":2,"minecraft:andesite_wall":2,"minecraft:lapis_ore":12,"minecraft:lily_pad":132,"minecraft:sculk":10,"minecraft:blue_bed":2,"minecraft:spruce_stairs":16,"minecraft:cactus":3,"minecraft:lime_bed":1,"minecraft:green_shulker_box":15,"minecraft:redstone_torch":15,"minecraft:sweet_berry_bush":18,"minecraft:potted_azure_bluet":1,"minecraft:coal_ore":308,"minecraft:end_rod":21,"minecraft:bubble_coral_wall_fan":9,"minecraft:gray_carpet":28,"minecraft:birch_fence":2},"minecraft:dropped":{"minecraft:lapis_lazuli":12,"minecraft:glow_ink_sac":18,"minecraft:glass_bottle":3,"minecraft:diamond":358,"minecraft:crafting_table":1,"minecraft:cooked_porkchop":10,"minecraft:dark_oak_slab":4,"minecraft:glow_berries":3,"minecraft:warped_roots":1,"minecraft:cracked_stone_bricks":12,"minecraft:quartz_pillar":1,"minecraft:red_mushroom":5,"minecraft:gold_block":1,"minecraft:emerald":43,"minecraft:gray_concrete":1,"minecraft:dark_oak_fence":6,"minecraft:netherite_boots":3,"minecraft:writable_book":57,"minecraft:gold_nugget":28,"minecraft:sand":170,"minecraft:dark_oak_planks":3,"minecraft:white_wool":2,"minecraft:dark_oak_door":1,"minecraft:stone_axe":1,"minecraft:diamond_block":12,"minecraft:iron_nugget":29,"minecraft:cooked_chicken":4,"minecraft:cobbled_deepslate":3438,"minecraft:black_carpet":2,"minecraft:netherite_sword":2,"minecraft:wheat":196,"minecraft:obsidian":18,"minecraft:stripped_dark_oak_log":24,"minecraft:rotten_flesh":160,"minecraft:oak_planks":22,"minecraft:warped_planks":4,"minecraft:rabbit_foot":1,"minecraft:red_mushroom_block":45,"minecraft:sea_lantern":864,"minecraft:azalea_leaves":128,"minecraft:coal_ore":3,"minecraft:jungle_log":320,"minecraft:leather_boots":2,"minecraft:podzol":16,"minecraft:black_dye":1,"minecraft:wheat_seeds":153,"minecraft:deepslate_redstone_ore":15,"minecraft:netherite_chestplate":7,"minecraft:book":16,"minecraft:prismarine_crystals":2573,"minecraft:coal_block":192,"minecraft:mushroom_stew":17,"minecraft:ink_sac":45,"minecraft:cooked_salmon":39,"minecraft:potion":6,"minecraft:jungle_boat":1,"minecraft:blue_carpet":9,"minecraft:lily_pad":65,"minecraft:acacia_planks":70,"minecraft:snow_block":7,"minecraft:netherite_hoe":1,"minecraft:player_head":19,"minecraft:cocoa_beans":1,"minecraft:white_carpet":46,"minecraft:shears":127,"minecraft:oak_sign":1,"minecraft:diamond_sword":8,"minecraft:spruce_boat":4,"minecraft:sea_pickle":4,"minecraft:spruce_planks":12,"minecraft:diamond_pickaxe":12,"minecraft:light_blue_carpet":57,"minecraft:redstone_torch":1,"minecraft:stone_bricks":27,"minecraft:bow":7,"minecraft:magma_block":3,"minecraft:soul_sand":64,"minecraft:moss_block":274,"minecraft:oak_log":7,"minecraft:ender_pearl":279,"minecraft:golden_pickaxe":2,"minecraft:leather":21,"minecraft:cod":10111,"minecraft:music_disc_13":1,"minecraft:cobblestone_stairs":1,"minecraft:cracked_polished_blackstone_bricks":6,"minecraft:dark_oak_log":32,"minecraft:packed_ice":789,"minecraft:ice":19,"minecraft:snowball":18,"minecraft:prismarine_brick_slab":1,"minecraft:gold_ingot":12,"minecraft:spyglass":7,"minecraft:andesite_slab":1,"minecraft:cooked_mutton":10,"minecraft:mycelium":5,"minecraft:mushroom_stem":11,"minecraft:trident":3,"minecraft:cyan_banner":2,"minecraft:iron_ore":1,"minecraft:birch_button":1,"minecraft:prismarine_wall":12,"minecraft:white_concrete_powder":8,"minecraft:golden_helmet":1,"minecraft:lilac":1,"minecraft:netherite_axe":2,"minecraft:tropical_fish":6,"minecraft:acacia_log":26,"minecraft:acacia_trapdoor":1,"minecraft:iron_block":8,"minecraft:light_blue_wool":1,"minecraft:iron_door":9,"minecraft:music_disc_strad":1,"minecraft:cactus":3,"minecraft:redstone_block":13,"minecraft:kelp":146,"minecraft:sculk_sensor":4,"minecraft:birch_pressure_plate":2,"minecraft:comparator":4,"minecraft:totem_of_undying":1,"minecraft:shulker_box":4,"minecraft:netherite_leggings":7,"minecraft:flint_and_steel":4,"minecraft:deepslate_bricks":1,"minecraft:copper_ore":4,"minecraft:andesite":96,"minecraft:birch_sign":11,"minecraft:gray_concrete_powder":27,"minecraft:spruce_log":29,"minecraft:brick":1,"minecraft:oak_pressure_plate":3,"minecraft:cooked_beef":222,"minecraft:crossbow":2,"minecraft:elytra":7,"minecraft:leather_helmet":1,"minecraft:rail":1,"minecraft:red_carpet":12,"minecraft:item_frame":1,"minecraft:dirt":215,"minecraft:stone_button":2,"minecraft:chain":1,"minecraft:deepslate_coal_ore":1,"minecraft:bone_meal":6,"minecraft:sunflower":4,"minecraft:phantom_membrane":49,"minecraft:sugar":4,"minecraft:iron_pickaxe":4,"minecraft:dark_oak_boat":1,"minecraft:gray_dye":1,"minecraft:bone":74,"minecraft:green_wool":576,"minecraft:oak_door":2,"minecraft:note_block":7,"minecraft:emerald_block":3,"minecraft:sugar_cane":59,"minecraft:birch_sapling":59,"minecraft:enchanted_golden_apple":1,"minecraft:end_stone":20,"minecraft:netherite_shovel":4,"minecraft:salmon":132,"minecraft:deepslate_tiles":26,"minecraft:deepslate_copper_ore":1,"minecraft:white_dye":5,"minecraft:crying_obsidian":4,"minecraft:ghast_tear":1,"minecraft:enchanted_book":23,"minecraft:iron_ingot":1148,"minecraft:netherite_pickaxe":3,"minecraft:polished_blackstone":1,"minecraft:golden_horse_armor":1,"minecraft:netherite_helmet":6,"minecraft:feather":5,"minecraft:cobblestone":22,"minecraft:iron_helmet":1,"minecraft:granite":77,"minecraft:purple_dye":1,"minecraft:end_rod":20,"minecraft:oxeye_daisy":2,"minecraft:golden_carrot":141,"minecraft:lime_carpet":37,"minecraft:diamond_helmet":4,"minecraft:iron_shovel":1,"minecraft:paper":2,"minecraft:string":45,"minecraft:gray_carpet":1,"minecraft:moss_carpet":13,"minecraft:deepslate":446,"minecraft:bowl":3,"minecraft:diamond_hoe":1,"minecraft:blue_concrete":168,"minecraft:pumpkin_seeds":24,"minecraft:potato":2,"minecraft:stone":252,"minecraft:light_gray_dye":1,"minecraft:spider_eye":40,"minecraft:blue_orchid":2,"minecraft:bell":64,"minecraft:dark_prismarine":1,"minecraft:spruce_sign":2,"minecraft:warped_stem":34,"minecraft:brown_mushroom":42,"minecraft:birch_planks":19,"minecraft:diamond_axe":4,"minecraft:baked_potato":259,"minecraft:flint":9,"minecraft:cornflower":2,"minecraft:seagrass":8,"minecraft:cooked_cod":85175,"minecraft:amethyst_shard":2,"minecraft:polished_blackstone_bricks":2,"minecraft:birch_log":162,"minecraft:gravel":39,"minecraft:lime_wool":832,"minecraft:diamond_shovel":5,"minecraft:prismarine":4,"minecraft:carrot":11,"minecraft:shulker_shell":54,"minecraft:poppy":8,"minecraft:gunpowder":24,"minecraft:azalea":2,"minecraft:chest":3,"minecraft:arrow":142,"minecraft:basalt":84,"minecraft:prismarine_bricks":2,"minecraft:quartz":51,"minecraft:written_book":10,"minecraft:netherrack":339,"minecraft:firework_rocket":447,"minecraft:water_bucket":1,"minecraft:stripped_spruce_log":4,"minecraft:oak_slab":1,"minecraft:diamond_leggings":9,"minecraft:prismarine_shard":2571,"minecraft:lead":4,"minecraft:copper_ingot":5,"minecraft:grass_block":180,"minecraft:stick":187,"minecraft:diorite":28,"minecraft:nether_gold_ore":1,"minecraft:torch":2,"minecraft:green_carpet":64,"minecraft:smooth_quartz_slab":1,"minecraft:bucket":3,"minecraft:dandelion":6,"minecraft:redstone":144,"minecraft:jungle_pressure_plate":1,"minecraft:anvil":112,"minecraft:ender_chest":50,"minecraft:blaze_rod":5,"minecraft:raw_copper":1,"minecraft:tuff":31,"minecraft:raw_iron":181,"minecraft:glass_pane":23,"minecraft:prismarine_stairs":2,"minecraft:muddy_mangrove_roots":1,"minecraft:filled_map":12,"minecraft:snow":155,"minecraft:diamond_chestplate":2,"minecraft:mossy_stone_bricks":4,"minecraft:oak_boat":9,"minecraft:golden_sword":2,"minecraft:diamond_boots":2,"minecraft:slime_ball":37,"minecraft:purple_shulker_box":1},"minecraft:crafted":{"minecraft:lime_stained_glass":8,"minecraft:black_dye":404,"minecraft:oak_sign":21,"minecraft:melon":2,"minecraft:birch_boat":1,"minecraft:blaze_powder":2,"minecraft:diamond_shovel":1,"minecraft:nether_brick":100,"minecraft:shulker_box":98,"minecraft:diamond_helmet":1,"minecraft:iron_door":6,"minecraft:gray_stained_glass_pane":64,"minecraft:gray_stained_glass":24,"minecraft:lime_concrete_powder":64,"minecraft:white_shulker_box":4,"minecraft:redstone_lamp":2,"minecraft:mossy_cobblestone":32,"minecraft:sticky_piston":1034,"minecraft:red_nether_bricks":50,"minecraft:green_stained_glass":32,"minecraft:polished_deepslate_slab":12,"minecraft:cartography_table":1,"minecraft:stone_brick_stairs":3,"minecraft:lectern":2,"minecraft:iron_pickaxe":7,"minecraft:sandstone":12,"minecraft:netherite_ingot":19,"minecraft:composter":1,"minecraft:dark_prismarine":400,"minecraft:nautilus_shell":5,"minecraft:golden_carrot":114,"minecraft:orange_shulker_box":3,"minecraft:iron_nugget":28,"minecraft:diamond_hoe":1,"minecraft:blue_shulker_box":3,"minecraft:prismarine_brick_stairs":12,"minecraft:lime_stained_glass_pane":16,"minecraft:spruce_fence":141,"minecraft:terracotta":16,"minecraft:lantern":3,"minecraft:spruce_stairs":32,"minecraft:light_gray_shulker_box":4,"minecraft:polished_diorite":4,"minecraft:black_concrete_powder":8,"minecraft:red_shulker_box":4,"minecraft:stone_pickaxe":2,"minecraft:spruce_boat":1,"minecraft:purple_carpet":1152,"minecraft:prismarine_slab":2178,"minecraft:lead":14,"minecraft:acacia_trapdoor":2,"minecraft:red_carpet":13148,"minecraft:deepslate_tiles":3040,"minecraft:enchanted_book":3,"minecraft:orange_dye":3,"minecraft:light_blue_carpet":9123,"minecraft:oak_fence_gate":1,"minecraft:fermented_spider_eye":1,"minecraft:birch_trapdoor":2,"minecraft:writable_book":33,"minecraft:iron_shovel":2,"minecraft:prismarine_wall":18,"minecraft:note_block":27,"minecraft:cobblestone_slab":18,"minecraft:barrel":17,"minecraft:birch_wood":9,"minecraft:cooked_chicken":3,"minecraft:stone":64,"minecraft:red_sandstone":679,"minecraft:snow":42,"minecraft:pink_carpet":4128,"minecraft:warped_planks":400,"minecraft:brown_carpet":105,"minecraft:bow":7,"minecraft:comparator":37,"minecraft:chest":622,"minecraft:blue_concrete_powder":1792,"minecraft:birch_button":2,"minecraft:stone_bricks":220,"minecraft:sea_lantern":19506,"minecraft:dropper":4,"minecraft:cauldron":1,"minecraft:lime_terracotta":72,"minecraft:iron_helmet":1,"minecraft:brown_dye":3,"minecraft:birch_pressure_plate":4,"minecraft:white_stained_glass_pane":64,"minecraft:prismarine_brick_slab":3846,"minecraft:dispenser":3,"minecraft:spruce_trapdoor":80,"minecraft:yellow_dye":5,"minecraft:purple_dye":2,"minecraft:netherite_block":1,"minecraft:gray_terracotta":8,"minecraft:stick":12952,"minecraft:iron_ingot":3010,"minecraft:light_blue_shulker_box":5,"minecraft:light_blue_stained_glass":56,"minecraft:lime_carpet":9663,"minecraft:cyan_carpet":10367,"minecraft:dark_oak_fence_gate":1024,"minecraft:deepslate_bricks":29564,"minecraft:deepslate_tile_slab":3090,"minecraft:oak_door":6,"minecraft:netherite_sword":2,"minecraft:furnace":22,"minecraft:blast_furnace":2,"minecraft:piston":1069,"minecraft:magenta_stained_glass_pane":16,"minecraft:oak_trapdoor":170,"minecraft:flint_and_steel":2,"minecraft:netherite_chestplate":1,"minecraft:white_concrete_powder":16,"minecraft:cobblestone_wall":2,"minecraft:brown_shulker_box":3,"minecraft:smooth_quartz_slab":444,"minecraft:birch_sign":54,"minecraft:brown_candle":32,"minecraft:light_blue_stained_glass_pane":16,"minecraft:purple_stained_glass":8,"minecraft:iron_trapdoor":2,"minecraft:purple_shulker_box":4,"minecraft:iron_sword":2,"minecraft:jungle_planks":8480,"minecraft:white_dye":107,"minecraft:netherite_shovel":2,"minecraft:black_carpet":7104,"minecraft:blue_wool":6,"minecraft:stonecutter":3,"minecraft:anvil":2,"minecraft:lime_candle":24,"minecraft:cut_red_sandstone":4,"minecraft:torch":68,"minecraft:magenta_carpet":96,"minecraft:diamond_chestplate":1,"minecraft:smooth_stone":3,"minecraft:jungle_fence_gate":1024,"minecraft:chiseled_red_sandstone":1,"minecraft:orange_carpet":10269,"minecraft:oak_pressure_plate":4,"minecraft:dark_oak_wood":288,"minecraft:lever":6,"minecraft:dark_prismarine_stairs":4,"minecraft:iron_bars":32,"minecraft:magenta_shulker_box":3,"minecraft:quartz_block":222,"minecraft:glass":1880,"minecraft:repeater":168,"minecraft:diamond_leggings":1,"minecraft:birch_fence_gate":896,"minecraft:magenta_dye":4,"minecraft:purple_candle":4,"minecraft:glass_bottle":12,"minecraft:wooden_shovel":7,"minecraft:emerald":300,"minecraft:smooth_quartz":222,"minecraft:cooked_porkchop":1,"minecraft:diamond_axe":1,"minecraft:prismarine_bricks":8343,"minecraft:spruce_door":33,"minecraft:oak_wood":6,"minecraft:lime_shulker_box":9,"minecraft:lime_bed":1,"minecraft:compass":136,"minecraft:iron_block":437,"minecraft:gold_ingot":10,"minecraft:light_gray_dye":18,"minecraft:yellow_concrete_powder":56,"minecraft:prismarine":17699,"minecraft:stone_shovel":1,"minecraft:polished_deepslate_stairs":8,"minecraft:player_head":181,"minecraft:smooth_red_sandstone_slab":798,"minecraft:bone_meal":4359,"minecraft:cyan_stained_glass":16,"minecraft:pink_dye":4,"minecraft:white_carpet":54,"minecraft:candle":168,"minecraft:diamond":639,"minecraft:netherite_axe":2,"minecraft:dark_oak_fence":6,"minecraft:ladder":144,"minecraft:spruce_slab":6,"minecraft:diamond_boots":1,"minecraft:deepslate_tile_wall":12,"minecraft:redstone_block":199,"minecraft:dark_oak_planks":6102,"minecraft:coal_block":21,"minecraft:purple_stained_glass_pane":16,"minecraft:netherite_pickaxe":3,"minecraft:deepslate_brick_slab":4,"minecraft:magenta_stained_glass":8,"minecraft:polished_granite":4,"minecraft:glowstone":2,"minecraft:white_stained_glass":640,"minecraft:green_stained_glass_pane":80,"minecraft:andesite_slab":6,"minecraft:cyan_shulker_box":6,"minecraft:gray_shulker_box":3,"minecraft:oak_stairs":44,"minecraft:deepslate_tile_stairs":12,"minecraft:iron_leggings":1,"minecraft:white_bed":4,"minecraft:lime_wool":10,"minecraft:blue_carpet":10377,"minecraft:brick":4,"minecraft:oak_planks":1524,"minecraft:pink_shulker_box":3,"minecraft:mossy_stone_brick_slab":12,"minecraft:spruce_pressure_plate":1,"minecraft:green_dye":42,"minecraft:dark_oak_door":3,"minecraft:hopper":185,"minecraft:iron_boots":1,"minecraft:written_book":29,"minecraft:mossy_cobblestone_slab":6,"minecraft:chiseled_stone_bricks":18,"minecraft:smoker":1,"minecraft:smooth_red_sandstone":656,"minecraft:oak_slab":12,"minecraft:item_frame":3,"minecraft:light_blue_candle":4,"minecraft:map":72,"minecraft:crafting_table":19,"minecraft:spruce_planks":1724,"minecraft:wooden_pickaxe":1,"minecraft:yellow_candle":52,"minecraft:birch_planks":4904,"minecraft:pumpkin_seeds":4,"minecraft:black_shulker_box":4,"minecraft:dark_oak_slab":96,"minecraft:iron_chestplate":1,"minecraft:book":64,"minecraft:paper":888,"minecraft:diamond_pickaxe":1,"minecraft:emerald_block":19,"minecraft:shield":2,"minecraft:birch_fence":6,"minecraft:light_blue_dye":12,"minecraft:snow_block":16,"minecraft:green_shulker_box":3,"minecraft:gray_carpet":3168,"minecraft:redstone_torch":528,"minecraft:light_gray_carpet":864,"minecraft:sponge":245,"minecraft:green_carpet":9626,"minecraft:light_gray_stained_glass_pane":64,"minecraft:shears":137,"minecraft:polished_andesite":4,"minecraft:coarse_dirt":768,"minecraft:redstone":5472,"minecraft:raw_iron":54,"minecraft:coal":981,"minecraft:light_gray_stained_glass":24,"minecraft:stone_button":21,"minecraft:dark_oak_trapdoor":18,"minecraft:gray_dye":14,"minecraft:diamond_block":112,"minecraft:glass_pane":48,"minecraft:yellow_shulker_box":4,"minecraft:polished_deepslate":29788,"minecraft:green_concrete_powder":128,"minecraft:iron_axe":2,"minecraft:slime_ball":18,"minecraft:lime_dye":10,"minecraft:filled_map":22,"minecraft:netherite_scrap":37,"minecraft:observer":1084,"minecraft:cooked_beef":16,"minecraft:sugar":1,"minecraft:red_dye":7,"minecraft:bone_block":385,"minecraft:diamond_sword":1,"minecraft:cyan_dye":14,"minecraft:spruce_sign":39,"minecraft:dark_oak_stairs":140,"minecraft:powered_rail":6,"minecraft:yellow_carpet":10240,"minecraft:smooth_sandstone":12,"minecraft:bucket":58,"minecraft:stone_axe":1,"minecraft:air":0,"minecraft:blue_dye":257,"minecraft:oak_boat":1,"minecraft:white_wool":97,"minecraft:brown_wool":6,"minecraft:dark_prismarine_slab":168,"minecraft:green_wool":8,"minecraft:acacia_planks":252,"minecraft:purple_concrete_powder":40,"minecraft:lapis_lazuli":252,"minecraft:firework_rocket":192},"minecraft:broken":{"minecraft:shears":1,"minecraft:iron_leggings":1,"minecraft:iron_pickaxe":5,"minecraft:iron_shovel":1,"minecraft:stone_pickaxe":1,"minecraft:iron_boots":1,"minecraft:iron_chestplate":1,"minecraft:iron_axe":2,"minecraft:iron_helmet":1},"minecraft:used":{"minecraft:moss_block":37,"minecraft:writable_book":70,"minecraft:smooth_quartz_slab":448,"minecraft:dispenser":3,"minecraft:poppy":1,"minecraft:black_carpet":11533,"minecraft:stone":1510,"minecraft:quartz_stairs":1,"minecraft:rotten_flesh":2,"minecraft:chiseled_red_sandstone":3,"minecraft:soul_sand":3643,"minecraft:deepslate_brick_slab":1,"minecraft:snowball":7,"minecraft:azure_bluet":1,"minecraft:weeping_vines":11,"minecraft:spruce_boat":14,"minecraft:packed_ice":157,"minecraft:lava_bucket":40,"minecraft:jungle_fence_gate":1025,"minecraft:red_wool":27,"minecraft:quartz_block":2,"minecraft:netherite_hoe":103,"minecraft:dark_oak_slab":61,"minecraft:netherite_boots":2,"minecraft:bow":1233,"minecraft:oak_sapling":4,"minecraft:cooked_cod":17,"minecraft:green_stained_glass_pane":81,"minecraft:dark_prismarine_stairs":3,"minecraft:deepslate_brick_wall":1,"minecraft:mossy_stone_bricks":16,"minecraft:prismarine":8178,"minecraft:cactus":4,"minecraft:blackstone":77,"minecraft:wooden_pickaxe":44,"minecraft:composter":2,"minecraft:clay":9,"minecraft:glow_berries":3,"minecraft:blast_furnace":2,"minecraft:acacia_leaves":2,"minecraft:gray_concrete":2,"minecraft:purple_concrete_powder":36,"minecraft:birch_fence":6,"minecraft:gray_stained_glass_pane":5,"minecraft:birch_slab":1,"minecraft:oak_pressure_plate":3,"minecraft:cut_red_sandstone":5,"minecraft:flowering_azalea_leaves":2,"minecraft:diamond_sword":467,"minecraft:poisonous_potato":1,"minecraft:oak_boat":148,"minecraft:purple_wool":18,"minecraft:oak_trapdoor":120,"minecraft:carved_pumpkin":5,"minecraft:light_gray_carpet":345,"minecraft:tinted_glass":1,"minecraft:torch":53,"minecraft:nether_quartz_ore":473,"minecraft:yellow_carpet":1775,"minecraft:golden_shovel":1,"minecraft:oak_fence_gate":1,"minecraft:sea_lantern":94,"minecraft:chipped_anvil":3,"minecraft:iron_block":164,"minecraft:muddy_mangrove_roots":78,"minecraft:barrel":26,"minecraft:bamboo":1,"minecraft:diamond_chestplate":1,"minecraft:tadpole_bucket":29,"minecraft:basalt":339,"minecraft:lime_concrete":2,"minecraft:podzol":506,"minecraft:deepslate_emerald_ore":1,"minecraft:calcite":19,"minecraft:wheat_seeds":48,"minecraft:light_blue_shulker_box":28,"minecraft:tube_coral_block":4,"minecraft:birch_planks":12,"minecraft:lead":1,"minecraft:blue_concrete_powder":1723,"minecraft:cauldron":1,"minecraft:glow_ink_sac":4,"minecraft:deepslate_bricks":26885,"minecraft:polished_deepslate_slab":1,"minecraft:diamond_block":7,"minecraft:rail":66,"minecraft:red_bed":1,"minecraft:white_bed":29,"minecraft:spruce_log":31,"minecraft:blue_stained_glass_pane":2,"minecraft:diamond_pickaxe":36384,"minecraft:diamond_shovel":5863,"minecraft:suspicious_stew":3,"minecraft:spruce_pressure_plate":1,"minecraft:spruce_trapdoor":65,"minecraft:blue_carpet":66,"minecraft:green_carpet":4726,"minecraft:potion":19,"minecraft:azalea_leaves":7,"minecraft:cooked_porkchop":529,"minecraft:diamond_leggings":5,"minecraft:moss_carpet":9,"minecraft:red_sand":1,"minecraft:polished_deepslate":76,"minecraft:light_gray_stained_glass_pane":6,"minecraft:polished_basalt":1,"minecraft:nether_wart":7,"minecraft:grass":1,"minecraft:mossy_stone_brick_slab":5,"minecraft:green_terracotta":3,"minecraft:jungle_planks":1,"minecraft:obsidian":89,"minecraft:big_dripleaf":1,"minecraft:lantern":8,"minecraft:green_wool":17,"minecraft:mossy_cobblestone_slab":1,"minecraft:item_frame":201,"minecraft:deepslate_diamond_ore":134,"minecraft:birch_button":8,"minecraft:birch_trapdoor":2,"minecraft:written_book":42,"minecraft:blue_shulker_box":16,"minecraft:gold_block":17,"minecraft:end_rod":1,"minecraft:diamond_boots":1,"minecraft:dropper":6,"minecraft:stone_pickaxe":220,"minecraft:gray_carpet":3312,"minecraft:oak_planks":91,"minecraft:diamond_axe":2453,"minecraft:sugar_cane":25,"minecraft:white_wool":11,"minecraft:netherite_leggings":1,"minecraft:lime_stained_glass_pane":33,"minecraft:light_blue_wool":26,"minecraft:deepslate_lapis_ore":5,"minecraft:sticky_piston":1033,"minecraft:lever":5,"minecraft:iron_door":6,"minecraft:prismarine_wall":10,"minecraft:deepslate":368,"minecraft:smooth_stone_slab":5,"minecraft:coarse_dirt":853,"minecraft:bone_meal":11,"minecraft:netherite_sword":1907,"minecraft:flint_and_steel":8,"minecraft:redstone":1526,"minecraft:ender_chest":152,"minecraft:brown_shulker_box":11,"minecraft:cooked_chicken":3,"minecraft:dirt":343,"minecraft:red_nether_brick_slab":100,"minecraft:prismarine_bricks":382,"minecraft:bee_nest":1,"minecraft:spruce_fence":133,"minecraft:oak_stairs":85,"minecraft:iron_boots":4,"minecraft:yellow_concrete_powder":53,"minecraft:soul_soil":84,"minecraft:deepslate_tile_stairs":380,"minecraft:minecart":2,"minecraft:netherite_pickaxe":47217,"minecraft:cooked_beef":21,"minecraft:orange_stained_glass_pane":146,"minecraft:powder_snow_bucket":1,"minecraft:pumpkin":15,"minecraft:iron_leggings":3,"minecraft:snow_block":95,"minecraft:birch_boat":3,"minecraft:spruce_sign":34,"minecraft:dark_prismarine_slab":173,"minecraft:cyan_stained_glass":13,"minecraft:piston":38,"minecraft:netherite_block":1,"minecraft:flower_pot":2,"minecraft:lapis_ore":2,"minecraft:stone_slab":2,"minecraft:yellow_wool":14,"minecraft:stone_axe":35,"minecraft:pink_shulker_box":13,"minecraft:sea_pickle":70,"minecraft:spruce_slab":9,"minecraft:polished_blackstone":7,"minecraft:elytra":2,"minecraft:ladder":131,"minecraft:chest":439,"minecraft:white_shulker_box":26,"minecraft:jungle_slab":18,"minecraft:stripped_spruce_log":1,"minecraft:netherite_shovel":22766,"minecraft:grass_block":2679,"minecraft:birch_sapling":1,"minecraft:orange_shulker_box":20,"minecraft:copper_ore":7,"minecraft:wet_sponge":4,"minecraft:stone_brick_stairs":101,"minecraft:snow":1724,"minecraft:sweet_berries":131,"minecraft:furnace":38,"minecraft:egg":57,"minecraft:seagrass":46,"minecraft:magenta_shulker_box":11,"minecraft:light_blue_carpet":3647,"minecraft:diorite":238,"minecraft:end_stone_bricks":44,"minecraft:spruce_door":127,"minecraft:acacia_trapdoor":2,"minecraft:powered_rail":21,"minecraft:blackstone_stairs":86,"minecraft:lime_concrete_powder":59,"minecraft:oak_leaves":109,"minecraft:dark_oak_trapdoor":26,"minecraft:purpur_stairs":12,"minecraft:sand":15,"minecraft:smooth_red_sandstone":129,"minecraft:netherite_helmet":2,"minecraft:black_concrete_powder":2,"minecraft:pumpkin_seeds":5,"minecraft:deepslate_tiles":1211,"minecraft:crying_obsidian":10,"minecraft:stone_button":26,"minecraft:cyan_carpet":331,"minecraft:lectern":4,"minecraft:diamond_ore":5,"minecraft:polished_andesite_slab":1,"minecraft:magenta_stained_glass_pane":18,"minecraft:dark_oak_fence":6,"minecraft:white_stained_glass":638,"minecraft:green_concrete_powder":128,"minecraft:ice":24,"minecraft:iron_bars":32,"minecraft:acacia_log":1,"minecraft:mycelium":89,"minecraft:netherrack":5205,"minecraft:orange_bed":1,"minecraft:light_gray_shulker_box":19,"minecraft:anvil":5,"minecraft:ancient_debris":1,"minecraft:blue_concrete":861,"minecraft:polished_diorite":1,"minecraft:red_shulker_box":133,"minecraft:flowering_azalea":13,"minecraft:cyan_shulker_box":54,"minecraft:iron_axe":363,"minecraft:slime_block":1,"minecraft:smooth_quartz":8,"minecraft:totem_of_undying":2,"minecraft:pink_stained_glass_pane":1,"minecraft:prismarine_slab":2257,"minecraft:smooth_basalt":23,"minecraft:glowstone":1,"minecraft:beef":1,"minecraft:iron_trapdoor":2,"minecraft:observer":1128,"minecraft:cobbled_deepslate":456,"minecraft:orange_terracotta":57,"minecraft:water_bucket":1381,"minecraft:prismarine_brick_slab":3812,"minecraft:yellow_shulker_box":65,"minecraft:lime_wool":19,"minecraft:cartography_table":1,"minecraft:mossy_cobblestone":5,"minecraft:orange_carpet":885,"minecraft:lime_terracotta":1,"minecraft:comparator":29,"minecraft:oak_slab":16,"minecraft:crafting_table":29,"minecraft:birch_sign":70,"minecraft:cod":3,"minecraft:dark_oak_fence_gate":1027,"minecraft:lime_shulker_box":53,"minecraft:cake":4,"minecraft:deepslate_tile_wall":8,"minecraft:oak_log":2,"minecraft:mud":198,"minecraft:dark_prismarine":17,"minecraft:iron_pickaxe":1685,"minecraft:music_disc_blocks":3,"minecraft:chiseled_stone_bricks":24,"minecraft:cobblestone":325,"minecraft:glass_pane":31,"minecraft:kelp":40,"minecraft:brown_mushroom_block":1,"minecraft:jukebox":1,"minecraft:light_blue_stained_glass_pane":16,"minecraft:iron_shovel":261,"minecraft:oak_sign":13,"minecraft:white_concrete_powder":18,"minecraft:shield":34,"minecraft:iron_sword":357,"minecraft:purple_shulker_box":61,"minecraft:bell":95,"minecraft:player_head":61,"minecraft:iron_chestplate":3,"minecraft:birch_pressure_plate":5,"minecraft:prismarine_brick_stairs":10,"minecraft:deepslate_tile_slab":3173,"minecraft:tuff":197,"minecraft:cyan_wool":18,"minecraft:axolotl_bucket":9,"minecraft:milk_bucket":8,"minecraft:polished_deepslate_stairs":7,"minecraft:glass":262,"minecraft:coal_ore":97,"minecraft:quartz_slab":6,"minecraft:iron_helmet":2,"minecraft:stone_bricks":274,"minecraft:red_carpet":13869,"minecraft:repeater":183,"minecraft:redstone_lamp":1,"minecraft:brown_carpet":31,"minecraft:beetroot_seeds":2,"minecraft:dark_oak_stairs":152,"minecraft:dark_oak_sign":1,"minecraft:birch_wood":9,"minecraft:ender_pearl":45,"minecraft:redstone_block":22,"minecraft:blue_bed":1,"minecraft:deepslate_redstone_ore":122,"minecraft:sponge":309,"minecraft:note_block":32,"minecraft:stone_brick_wall":2,"minecraft:shears":941,"minecraft:cobbled_deepslate_stairs":1,"minecraft:redstone_torch":64,"minecraft:firework_rocket":4545,"minecraft:birch_fence_gate":866,"minecraft:gray_shulker_box":11,"minecraft:lime_carpet":5102,"minecraft:gravel":174,"minecraft:jungle_sign":1,"minecraft:smooth_red_sandstone_slab":823,"minecraft:grindstone":1,"minecraft:andesite":35,"minecraft:deepslate_coal_ore":1,"minecraft:white_concrete":10,"minecraft:air":1,"minecraft:experience_bottle":138,"minecraft:azalea":4,"minecraft:oak_fence":13,"minecraft:purpur_block":15,"minecraft:trident":3,"minecraft:music_disc_otherside":2,"minecraft:redstone_ore":10,"minecraft:stone_shovel":2,"minecraft:spruce_planks":46,"minecraft:sculk":2,"minecraft:oak_door":86,"minecraft:spyglass":229,"minecraft:white_carpet":710,"minecraft:hopper":232,"minecraft:spruce_stairs":37,"minecraft:cobblestone_wall":38,"minecraft:diamond_helmet":5,"minecraft:shulker_box":338,"minecraft:oak_wood":5,"minecraft:pink_carpet":2155,"minecraft:granite":100,"minecraft:light_blue_stained_glass":34,"minecraft:purple_stained_glass_pane":34,"minecraft:stone_brick_slab":10,"minecraft:dark_oak_planks":211,"minecraft:bookshelf":4,"minecraft:golden_carrot":1590,"minecraft:emerald_block":17,"minecraft:white_stained_glass_pane":44,"minecraft:cyan_banner":1,"minecraft:brown_candle":36,"minecraft:brain_coral_block":2,"minecraft:cooked_mutton":7,"minecraft:iron_ore":1,"minecraft:amethyst_block":7,"minecraft:glass_bottle":17,"minecraft:polished_andesite":1,"minecraft:netherite_chestplate":1,"minecraft:blue_wool":13,"minecraft:andesite_slab":7,"minecraft:black_shulker_box":66,"minecraft:beacon":1,"minecraft:stonecutter":3,"minecraft:cobblestone_slab":7,"minecraft:lime_bed":2,"minecraft:yellow_stained_glass_pane":84,"minecraft:smoker":1,"minecraft:dark_oak_door":17,"minecraft:map":4,"minecraft:netherite_axe":1920,"minecraft:green_shulker_box":20,"minecraft:white_banner":5,"minecraft:bucket":1463,"minecraft:purple_carpet":811,"minecraft:smooth_stone":2},"minecraft:custom":{"minecraft:interact_with_crafting_table":1408,"minecraft:damage_blocked_by_shield":2940,"minecraft:play_time":15499729,"minecraft:deaths":7,"minecraft:jump":238108,"minecraft:play_record":5,"minecraft:interact_with_cartography_table":12,"minecraft:interact_with_smoker":20,"minecraft:inspect_dispenser":63,"minecraft:horse_one_cm":71604,"minecraft:inspect_dropper":95,"minecraft:interact_with_anvil":110,"minecraft:inspect_hopper":1131,"minecraft:tune_noteblock":395,"minecraft:time_since_rest":144128,"minecraft:swim_one_cm":7801272,"minecraft:open_chest":8611,"minecraft:open_shulker_box":4495,"minecraft:damage_resisted":11053,"minecraft:play_noteblock":10,"minecraft:talked_to_villager":177,"minecraft:interact_with_brewingstand":57,"minecraft:interact_with_beacon":1,"minecraft:boat_one_cm":5744008,"minecraft:damage_taken":102359,"minecraft:aviate_one_cm":159085954,"minecraft:open_barrel":1176,"minecraft:bell_ring":4125,"minecraft:eat_cake_slice":1,"minecraft:leave_game":355,"minecraft:time_since_death":1275432,"minecraft:enchant_item":22,"minecraft:interact_with_furnace":510,"minecraft:traded_with_villager":471,"minecraft:sleep_in_bed":256,"minecraft:damage_dealt":215829,"minecraft:use_cauldron":2,"minecraft:interact_with_smithing_table":20,"minecraft:sneak_time":974329,"minecraft:interact_with_lectern":210,"minecraft:interact_with_blast_furnace":14,"minecraft:total_world_time":15499729,"minecraft:interact_with_stonecutter":33,"minecraft:fly_one_cm":65034107,"minecraft:fall_one_cm":8020851,"minecraft:animals_bred":18,"minecraft:sprint_one_cm":42218706,"minecraft:drop":4059,"minecraft:walk_on_water_one_cm":1797238,"minecraft:open_enderchest":1606,"minecraft:player_kills":20,"minecraft:crouch_one_cm":3999188,"minecraft:mob_kills":5072,"minecraft:climb_one_cm":631944,"minecraft:walk_one_cm":26456580,"minecraft:walk_under_water_one_cm":3748228,"minecraft:pot_flower":2,"minecraft:interact_with_grindstone":1,"minecraft:pig_one_cm":3140},"minecraft:killed_by":{"minecraft:warden":1,"minecraft:guardian":3,"minecraft:player":2},"minecraft:killed":{"minecraft:guardian":3524,"minecraft:tropical_fish":1,"minecraft:parrot":6,"minecraft:iron_golem":3,"minecraft:pillager":9,"minecraft:zombie":159,"minecraft:endermite":3,"minecraft:snow_golem":13,"minecraft:frog":3,"minecraft:polar_bear":2,"minecraft:zombified_piglin":14,"minecraft:witch":3,"minecraft:spider":79,"minecraft:bee":1,"minecraft:axolotl":1,"minecraft:silverfish":2,"minecraft:piglin":7,"minecraft:zombie_villager":5,"minecraft:sheep":5,"minecraft:trader_llama":11,"minecraft:mooshroom":28,"minecraft:ghast":15,"minecraft:slime":64,"minecraft:drowned":37,"minecraft:squid":156,"minecraft:cave_spider":104,"minecraft:dolphin":48,"minecraft:shulker":56,"minecraft:skeleton":127,"minecraft:fox":1,"minecraft:chicken":25,"minecraft:cat":7,"minecraft:magma_cube":7,"minecraft:glow_squid":45,"minecraft:cow":2,"minecraft:horse":1,"minecraft:ocelot":12,"minecraft:wandering_trader":8,"minecraft:enderman":40,"minecraft:turtle":5,"minecraft:pig":1,"minecraft:creeper":93,"minecraft:phantom":139,"minecraft:panda":1,"minecraft:bat":61}},"DataVersion":3120}