{"stats":{"minecraft:killed_by":{"minecraft:piglin":1,"minecraft:player":1},"minecraft:killed":{"minecraft:spider":2,"minecraft:skeleton":2,"minecraft:chicken":1,"minecraft:silverfish":1,"minecraft:piglin":1,"minecraft:pig":17,"minecraft:salmon":1,"minecraft:iron_golem":1,"minecraft:sheep":11,"minecraft:zombie":5,"minecraft:cow":10,"minecraft:husk":1,"minecraft:hoglin":1},"minecraft:broken":{"minecraft:golden_boots":1,"minecraft:diamond_pickaxe":1,"minecraft:wooden_hoe":1},"minecraft:crafted":{"minecraft:oak_planks":144,"minecraft:cooked_chicken":1,"minecraft:cooked_mutton":13,"minecraft:iron_boots":1,"minecraft:chest":9,"minecraft:stone_hoe":1,"minecraft:oak_fence":36,"minecraft:smoker":3,"minecraft:acacia_wood":12,"minecraft:emerald":1,"minecraft:cooked_porkchop":29,"minecraft:crafting_table":14,"minecraft:spruce_planks":104,"minecraft:wooden_pickaxe":1,"minecraft:baked_potato":1,"minecraft:iron_helmet":1,"minecraft:spruce_door":3,"minecraft:copper_ingot":25,"minecraft:gold_block":3,"minecraft:iron_chestplate":1,"minecraft:wooden_hoe":1,"minecraft:paper":12,"minecraft:diamond_pickaxe":2,"minecraft:stick":88,"minecraft:iron_ingot":78,"minecraft:iron_pickaxe":1,"minecraft:stone_sword":1,"minecraft:gold_ingot":96,"minecraft:shears":2,"minecraft:coarse_dirt":16,"minecraft:wooden_sword":2,"minecraft:raw_iron":9,"minecraft:stone_shovel":1,"minecraft:furnace":7,"minecraft:bone_meal":102,"minecraft:white_carpet":9,"minecraft:flint_and_steel":1,"minecraft:iron_axe":2,"minecraft:iron_hoe":1,"minecraft:stone_pickaxe":1,"minecraft:spruce_boat":2,"minecraft:netherite_scrap":1,"minecraft:wheat":360,"minecraft:cooked_beef":35,"minecraft:crimson_planks":72,"minecraft:iron_sword":1,"minecraft:cooked_salmon":1,"minecraft:bucket":1,"minecraft:stone_axe":1,"minecraft:bread":138,"minecraft:air":0,"minecraft:oak_boat":2,"minecraft:wooden_axe":1,"minecraft:iron_shovel":2,"minecraft:iron_leggings":1,"minecraft:torch":140,"minecraft:lapis_block":14},"minecraft:custom":{"minecraft:interact_with_crafting_table":44,"minecraft:open_barrel":17,"minecraft:bell_ring":24,"minecraft:leave_game":18,"minecraft:time_since_death":135596,"minecraft:sprint_one_cm":873298,"minecraft:drop":195,"minecraft:talked_to_villager":2,"minecraft:play_time":254204,"minecraft:deaths":4,"minecraft:jump":8577,"minecraft:walk_on_water_one_cm":41247,"minecraft:interact_with_furnace":71,"minecraft:traded_with_villager":1,"minecraft:sleep_in_bed":2,"minecraft:damage_dealt":8449,"minecraft:player_kills":1,"minecraft:crouch_one_cm":36505,"minecraft:interact_with_smoker":41,"minecraft:horse_one_cm":34439,"minecraft:mob_kills":54,"minecraft:climb_one_cm":23392,"minecraft:walk_one_cm":418140,"minecraft:sneak_time":9046,"minecraft:walk_under_water_one_cm":39519,"minecraft:boat_one_cm":1239187,"minecraft:total_world_time":254204,"minecraft:time_since_rest":135616,"minecraft:damage_taken":7386,"minecraft:swim_one_cm":329603,"minecraft:fly_one_cm":2237831,"minecraft:open_chest":129,"minecraft:fall_one_cm":335548},"minecraft:dropped":{"minecraft:iron_sword":1,"minecraft:soul_sand":19,"minecraft:moss_block":1,"minecraft:lapis_lazuli":18,"minecraft:glass_bottle":3,"minecraft:leather":4,"minecraft:rail":1,"minecraft:leather_helmet":1,"minecraft:emerald":1,"minecraft:flint":2,"minecraft:crimson_roots":1,"minecraft:wooden_sword":2,"minecraft:amethyst_shard":2,"minecraft:phantom_membrane":2,"minecraft:sand":6,"minecraft:iron_pickaxe":4,"minecraft:white_wool":5,"minecraft:gold_ingot":192,"minecraft:bone":69,"minecraft:gravel":101,"minecraft:blackstone":154,"minecraft:sugar_cane":2,"minecraft:cobbled_deepslate":84,"minecraft:nether_brick":19,"minecraft:wheat":1,"minecraft:rotten_flesh":8,"minecraft:fern":2,"minecraft:poppy":2,"minecraft:leather_boots":1,"minecraft:leather_leggings":1,"minecraft:arrow":3,"minecraft:crying_obsidian":32,"minecraft:quartz":8,"minecraft:netherrack":12,"minecraft:enchanted_book":1,"minecraft:wheat_seeds":1,"minecraft:feather":1,"minecraft:lead":1,"minecraft:iron_helmet":1,"minecraft:cobblestone":69,"minecraft:spectral_arrow":8,"minecraft:granite":21,"minecraft:stick":1,"minecraft:diorite":17,"minecraft:wooden_axe":1,"minecraft:fire_charge":7,"minecraft:potion":1,"minecraft:pumpkin":2,"minecraft:jungle_boat":2,"minecraft:cactus":1,"minecraft:iron_shovel":6,"minecraft:paper":34,"minecraft:string":9,"minecraft:kelp":9,"minecraft:sweet_berries":20,"minecraft:player_head":2,"minecraft:coarse_dirt":1,"minecraft:stone_sword":1,"minecraft:bowl":7,"minecraft:raw_iron":7,"minecraft:stone_shovel":1,"minecraft:clay_ball":46,"minecraft:smoker":2,"minecraft:iron_hoe":1,"minecraft:pumpkin_seeds":25,"minecraft:filled_map":1,"minecraft:big_dripleaf":1,"minecraft:potato":2,"minecraft:shield":1,"minecraft:diamond_pickaxe":2,"minecraft:spider_eye":1,"minecraft:stone_pickaxe":1,"minecraft:wooden_pickaxe":1},"minecraft:mined":{"minecraft:stone_pressure_plate":1,"minecraft:jungle_leaves":17,"minecraft:obsidian":2,"minecraft:granite":47,"minecraft:budding_amethyst":2,"minecraft:red_sand":9,"minecraft:acacia_log":16,"minecraft:grass_block":34,"minecraft:cracked_polished_blackstone_bricks":2,"minecraft:jungle_log":12,"minecraft:nether_wart":5,"minecraft:polished_blackstone_bricks":26,"minecraft:raw_iron_block":1,"minecraft:iron_ore":55,"minecraft:fire":11,"minecraft:pumpkin":2,"minecraft:moss_carpet":1,"minecraft:azure_bluet":1,"minecraft:small_amethyst_bud":1,"minecraft:deepslate_redstone_ore":11,"minecraft:cut_sandstone":1,"minecraft:blackstone":18,"minecraft:kelp_plant":3,"minecraft:smoker":3,"minecraft:crimson_nylium":13,"minecraft:clay":22,"minecraft:torch":17,"minecraft:melon":5,"minecraft:dead_bush":22,"minecraft:nether_quartz_ore":1,"minecraft:cobblestone":8,"minecraft:sugar_cane":43,"minecraft:oak_planks":2,"minecraft:wall_torch":3,"minecraft:seagrass":2,"minecraft:white_terracotta":6,"minecraft:birch_log":7,"minecraft:wheat":96,"minecraft:pumpkin_stem":17,"minecraft:tnt":9,"minecraft:grass":101,"minecraft:oak_log":106,"minecraft:sand":112,"minecraft:dirt":37,"minecraft:ancient_debris":1,"minecraft:netherrack":511,"minecraft:oak_leaves":103,"minecraft:deepslate":186,"minecraft:nether_gold_ore":2,"minecraft:diamond_ore":20,"minecraft:tuff":1,"minecraft:mossy_cobblestone":1,"minecraft:deepslate_diamond_ore":1,"minecraft:spruce_leaves":9,"minecraft:moss_block":1,"minecraft:sandstone":3,"minecraft:crimson_stem":18,"minecraft:large_fern":12,"minecraft:hay_block":40,"minecraft:redstone_ore":2,"minecraft:furnace":19,"minecraft:carrots":3,"minecraft:andesite":32,"minecraft:gold_block":9,"minecraft:deepslate_iron_ore":49,"minecraft:stripped_oak_log":1,"minecraft:packed_ice":4,"minecraft:bamboo":3,"minecraft:stone":287,"minecraft:podzol":3,"minecraft:acacia_leaves":2,"minecraft:soul_sand":2,"minecraft:basalt":134,"minecraft:spruce_door":1,"minecraft:oak_fence":11,"minecraft:crafting_table":12,"minecraft:copper_ore":14,"minecraft:tall_grass":56,"minecraft:deepslate_coal_ore":1,"minecraft:deepslate_gold_ore":30,"minecraft:lapis_ore":13,"minecraft:diorite":11,"minecraft:big_dripleaf":1,"minecraft:purple_bed":2,"minecraft:cactus":1,"minecraft:sea_pickle":34,"minecraft:sweet_berry_bush":68,"minecraft:ice":1,"minecraft:spruce_log":26,"minecraft:coal_ore":83,"minecraft:cocoa":3,"minecraft:gravel":56,"minecraft:gold_ore":38,"minecraft:infested_stone":2},"minecraft:used":{"minecraft:moss_carpet":1,"minecraft:red_sand":9,"minecraft:iron_shovel":4,"minecraft:chest":9,"minecraft:iron_sword":95,"minecraft:soul_sand":2,"minecraft:mutton":3,"minecraft:cocoa_beans":7,"minecraft:carrot":19,"minecraft:tuff":1,"minecraft:axolotl_bucket":1,"minecraft:obsidian":10,"minecraft:spruce_boat":1,"minecraft:lava_bucket":12,"minecraft:sweet_berries":134,"minecraft:furnace":23,"minecraft:oak_sapling":3,"minecraft:gold_block":4,"minecraft:golden_boots":2,"minecraft:spruce_door":8,"minecraft:oak_planks":4,"minecraft:stone_pickaxe":2,"minecraft:blackstone":73,"minecraft:ender_pearl":5,"minecraft:wooden_pickaxe":10,"minecraft:sandstone":27,"minecraft:sugar_cane":62,"minecraft:jungle_boat":6,"minecraft:sand":32,"minecraft:mushroom_stew":4,"minecraft:shears":83,"minecraft:crying_obsidian":17,"minecraft:bread":46,"minecraft:gravel":39,"minecraft:fire_charge":4,"minecraft:wooden_sword":13,"minecraft:andesite":6,"minecraft:oak_boat":36,"minecraft:tropical_fish_bucket":1,"minecraft:coarse_dirt":15,"minecraft:bone_meal":6,"minecraft:oak_fence":47,"minecraft:stone_sword":61,"minecraft:flint_and_steel":1,"minecraft:stone_shovel":92,"minecraft:cooked_salmon":1,"minecraft:stone_hoe":64,"minecraft:cooked_chicken":1,"minecraft:netherrack":294,"minecraft:torch":159,"minecraft:dirt":51,"minecraft:white_carpet":4,"minecraft:granite":16,"minecraft:iron_hoe":40,"minecraft:wooden_axe":7,"minecraft:iron_axe":226,"minecraft:jungle_log":6,"minecraft:iron_boots":1,"minecraft:crimson_planks":7,"minecraft:basalt":70,"minecraft:golden_carrot":22,"minecraft:cooked_beef":17,"minecraft:cobbled_deepslate":66,"minecraft:wheat_seeds":116,"minecraft:cooked_mutton":4,"minecraft:water_bucket":77,"minecraft:baked_potato":2,"minecraft:cut_sandstone":4,"minecraft:polished_blackstone_bricks":25,"minecraft:crafting_table":24,"minecraft:smoker":5,"minecraft:oak_log":12,"minecraft:wooden_hoe":60,"minecraft:apple":1,"minecraft:diamond_pickaxe":1660,"minecraft:diamond_shovel":209,"minecraft:cracked_polished_blackstone_bricks":1,"minecraft:suspicious_stew":4,"minecraft:stone_axe":58,"minecraft:cobblestone":219,"minecraft:potion":2,"minecraft:purple_bed":2,"minecraft:cooked_porkchop":8,"minecraft:white_banner":1,"minecraft:porkchop":1,"minecraft:bucket":91,"minecraft:sea_pickle":51,"minecraft:splash_potion":2},"minecraft:picked_up":{"minecraft:iron_chestplate":1,"minecraft:wheat":37,"minecraft:lead":1,"minecraft:potion":6,"minecraft:enchanted_book":2,"minecraft:nether_brick":49,"minecraft:string":36,"minecraft:raw_copper":51,"minecraft:iron_leggings":1,"minecraft:sea_pickle":51,"minecraft:red_sand":10,"minecraft:cobbled_deepslate":224,"minecraft:iron_pickaxe":4,"minecraft:melon_slice":25,"minecraft:furnace":19,"minecraft:golden_helmet":1,"minecraft:stick":39,"minecraft:big_dripleaf":1,"minecraft:oak_fence":11,"minecraft:torch":14,"minecraft:acacia_log":16,"minecraft:porkchop":31,"minecraft:diorite":17,"minecraft:cactus":1,"minecraft:rotten_flesh":8,"minecraft:white_terracotta":6,"minecraft:obsidian":9,"minecraft:cobblestone":344,"minecraft:birch_log":7,"minecraft:feather":1,"minecraft:cooked_beef":13,"minecraft:jungle_log":12,"minecraft:water_bucket":1,"minecraft:andesite":32,"minecraft:smoker":5,"minecraft:flint":7,"minecraft:tuff":1,"minecraft:dirt":65,"minecraft:lapis_lazuli":233,"minecraft:bone":103,"minecraft:wheat_seeds":180,"minecraft:raw_gold":79,"minecraft:moss_block":1,"minecraft:oak_planks":12,"minecraft:cooked_porkchop":3,"minecraft:sand":109,"minecraft:spectral_arrow":72,"minecraft:diamond":42,"minecraft:spruce_boat":1,"minecraft:cracked_polished_blackstone_bricks":1,"minecraft:granite":37,"minecraft:oak_sapling":11,"minecraft:netherrack":353,"minecraft:oak_leaves":72,"minecraft:crimson_roots":1,"minecraft:diamond_pickaxe":3,"minecraft:cocoa_beans":22,"minecraft:crafting_table":16,"minecraft:azure_bluet":1,"minecraft:splash_potion":2,"minecraft:chicken":1,"minecraft:nether_wart":16,"minecraft:clay_ball":56,"minecraft:gold_block":9,"minecraft:shield":2,"minecraft:moss_carpet":1,"minecraft:iron_axe":1,"minecraft:netherite_scrap":1,"minecraft:iron_shovel":6,"minecraft:blackstone":227,"minecraft:beef":21,"minecraft:oak_boat":36,"minecraft:player_head":2,"minecraft:iron_nugget":21,"minecraft:poppy":2,"minecraft:sugar_cane":76,"minecraft:phantom_membrane":2,"minecraft:raw_iron":136,"minecraft:sandstone":51,"minecraft:copper_ingot":71,"minecraft:fire_charge":12,"minecraft:polished_blackstone_bricks":25,"minecraft:carrot":11,"minecraft:redstone":57,"minecraft:stone_pressure_plate":1,"minecraft:tnt":9,"minecraft:arrow":2,"minecraft:hay_block":40,"minecraft:gold_ingot":217,"minecraft:mutton":16,"minecraft:rail":1,"minecraft:white_wool":16,"minecraft:stripped_oak_log":1,"minecraft:jungle_boat":8,"minecraft:basalt":70,"minecraft:golden_carrot":14,"minecraft:crimson_stem":18,"minecraft:salmon":1,"minecraft:leather":28,"minecraft:cut_sandstone":4,"minecraft:fern":1,"minecraft:oak_log":104,"minecraft:golden_boots":1,"minecraft:paper":34,"minecraft:white_banner":1,"minecraft:cooked_mutton":3,"minecraft:apple":2,"minecraft:kelp":14,"minecraft:iron_ingot":120,"minecraft:glass_bottle":1,"minecraft:soul_sand":77,"minecraft:acacia_sapling":1,"minecraft:iron_sword":2,"minecraft:pumpkin":2,"minecraft:sweet_berries":202,"minecraft:quartz":8,"minecraft:raw_iron_block":1,"minecraft:gravel":149,"minecraft:amethyst_shard":2,"minecraft:spruce_log":26,"minecraft:crying_obsidian":51,"minecraft:spider_eye":2,"minecraft:spruce_door":5,"minecraft:pumpkin_seeds":25,"minecraft:purple_bed":3,"minecraft:baked_potato":1,"minecraft:black_wool":1,"minecraft:coal":193,"minecraft:ender_pearl":5}},"DataVersion":2865}