{"stats":{"minecraft:dropped":{"minecraft:orange_shulker_box":1,"minecraft:iron_sword":1,"minecraft:brown_mushroom":32,"minecraft:wheat_seeds":2,"minecraft:cooked_beef":38,"minecraft:mossy_cobblestone":1,"minecraft:diamond":16,"minecraft:warped_fungus_on_a_stick":1,"minecraft:iron_helmet":1,"minecraft:spectral_arrow":1,"minecraft:command_block":1,"minecraft:saddle":1,"minecraft:music_disc_pigstep":1,"minecraft:elytra":2,"minecraft:polished_blackstone_button":3,"minecraft:black_banner":3,"minecraft:melon":1,"minecraft:ice":5,"minecraft:golden_carrot":13,"minecraft:iron_leggings":1,"minecraft:red_dye":131,"minecraft:gold_nugget":2,"minecraft:stonecutter":1,"minecraft:sunflower":4,"minecraft:iron_axe":1,"minecraft:iron_pickaxe":1,"minecraft:iron_shovel":1,"minecraft:kelp":8,"minecraft:diamond_block":9,"minecraft:player_head":7,"minecraft:netherite_sword":1,"minecraft:rotten_flesh":1,"minecraft:iron_boots":1,"minecraft:iron_hoe":1,"minecraft:totem_of_undying":2,"minecraft:shulker_box":1,"minecraft:filled_map":1,"minecraft:rabbit_spawn_egg":1,"minecraft:dragon_egg":1,"minecraft:iron_chestplate":2,"minecraft:oak_boat":1,"minecraft:slime_ball":1,"minecraft:strider_spawn_egg":1,"minecraft:raw_gold":7,"minecraft:ghast_tear":3,"minecraft:netherrack":5},"minecraft:killed":{"minecraft:zombified_piglin":1,"minecraft:slime":5,"minecraft:phantom":1,"minecraft:skeleton":1,"minecraft:guardian":2,"minecraft:chicken":5,"minecraft:pig":1,"minecraft:rabbit":1,"minecraft:iron_golem":1,"minecraft:strider":1,"minecraft:zombie":2},"minecraft:custom":{"minecraft:inspect_dropper":1,"minecraft:mob_kills":21,"minecraft:interact_with_crafting_table":5,"minecraft:open_barrel":11,"minecraft:open_shulker_box":103,"minecraft:bell_ring":179,"minecraft:leave_game":104,"minecraft:time_since_death":2095818,"minecraft:climb_one_cm":97192,"minecraft:damage_resisted":397520,"minecraft:sprint_one_cm":1249375,"minecraft:walk_one_cm":767654,"minecraft:drop":97,"minecraft:damage_dealt_absorbed":57,"minecraft:talked_to_villager":5,"minecraft:strider_one_cm":3571,"minecraft:play_time":2116462,"minecraft:deaths":1,"minecraft:sneak_time":39655,"minecraft:walk_under_water_one_cm":436516,"minecraft:boat_one_cm":76414,"minecraft:interact_with_lectern":8,"minecraft:jump":6967,"minecraft:walk_on_water_one_cm":197242,"minecraft:total_world_time":2116462,"minecraft:interact_with_furnace":2,"minecraft:play_record":1,"minecraft:tune_noteblock":96,"minecraft:time_since_rest":2095840,"minecraft:open_enderchest":6,"minecraft:damage_taken":343,"minecraft:damage_dealt":5086,"minecraft:swim_one_cm":140492,"minecraft:player_kills":5,"minecraft:fly_one_cm":20871346,"minecraft:open_chest":45,"minecraft:crouch_one_cm":53582,"minecraft:aviate_one_cm":848698,"minecraft:fall_one_cm":20453,"minecraft:horse_one_cm":914},"minecraft:mined":{"minecraft:dirt":1},"minecraft:crafted":{"minecraft:magenta_shulker_box":1},"minecraft:picked_up":{"minecraft:iron_chestplate":1,"minecraft:chicken":4,"minecraft:elytra":2,"minecraft:gold_nugget":2,"minecraft:netherite_sword":1,"minecraft:music_disc_otherside":1,"minecraft:acacia_sign":1,"minecraft:red_dye":6,"minecraft:player_head":7,"minecraft:poppy":2,"minecraft:orange_shulker_box":1,"minecraft:porkchop":3,"minecraft:stone_button":1,"minecraft:music_disc_pigstep":1,"minecraft:rotten_flesh":1,"minecraft:command_block":1,"minecraft:totem_of_undying":1,"minecraft:black_banner":1,"minecraft:netherite_chestplate":1,"minecraft:feather":3,"minecraft:cooked_beef":6,"minecraft:golden_carrot":13,"minecraft:filled_map":1,"minecraft:ice":5,"minecraft:netherite_leggings":1,"minecraft:dirt":2,"minecraft:leather_boots":1,"minecraft:kelp":71,"minecraft:stonecutter":1,"minecraft:wheat_seeds":2,"minecraft:raw_gold":1,"minecraft:bell":2,"minecraft:rabbit_hide":1,"minecraft:iron_ingot":4,"minecraft:rabbit":1,"minecraft:diamond_helmet":1,"minecraft:ghast_tear":3,"minecraft:sweet_berries":2,"minecraft:melon":1,"minecraft:diamond_block":9,"minecraft:shulker_box":3,"minecraft:mossy_cobblestone":1,"minecraft:slime_ball":1,"minecraft:diamond":16,"minecraft:polished_blackstone_button":3,"minecraft:netherrack":5,"minecraft:nether_star":1,"minecraft:sunflower":4},"minecraft:killed_by":{"minecraft:player":1},"minecraft:used":{"minecraft:light_blue_stained_glass_pane":30,"minecraft:trident":181,"minecraft:netherite_sword":11,"minecraft:writable_book":1,"minecraft:music_disc_otherside":1,"minecraft:flint_and_steel":9,"minecraft:light_gray_stained_glass_pane":13,"minecraft:smooth_quartz_slab":4,"minecraft:spruce_slab":1,"minecraft:elytra":5,"minecraft:oak_sign":4,"minecraft:mycelium":16,"minecraft:tinted_glass":1,"minecraft:ender_chest":2,"minecraft:stone":3,"minecraft:grass":1,"minecraft:quartz_stairs":9,"minecraft:bell":5,"minecraft:sculk_sensor":6,"minecraft:dragon_egg":1,"minecraft:dirt":1,"minecraft:prismarine_bricks":6,"minecraft:spruce_stairs":1,"minecraft:shulker_box":3,"minecraft:obsidian":8,"minecraft:glass":6,"minecraft:stone_brick_slab":9,"minecraft:dark_oak_planks":2,"minecraft:packed_ice":3,"minecraft:sea_lantern":7,"minecraft:light_gray_stained_glass":14,"minecraft:quartz_pillar":2,"minecraft:quartz_slab":8,"minecraft:iron_block":31,"minecraft:grass_block":1,"minecraft:panda_spawn_egg":2,"minecraft:quartz_block":102,"minecraft:smooth_quartz":19,"minecraft:bedrock":339,"minecraft:red_stained_glass_pane":3,"minecraft:snow":1,"minecraft:bow":180,"minecraft:black_stained_glass":8,"minecraft:written_book":6,"minecraft:tall_grass":1,"minecraft:emerald_block":1,"minecraft:sweet_berries":2,"minecraft:white_stained_glass_pane":75,"minecraft:podzol":1,"minecraft:egg":12,"minecraft:stone_pressure_plate":1,"minecraft:cooked_beef":1,"minecraft:magenta_dye":1,"minecraft:large_fern":1,"minecraft:magenta_shulker_box":1,"minecraft:deepslate_emerald_ore":1,"minecraft:water_bucket":1,"minecraft:dirt_path":4,"minecraft:spruce_sign":8,"minecraft:white_dye":5,"minecraft:beacon":4,"minecraft:stonecutter":5,"minecraft:glow_ink_sac":6,"minecraft:leather_boots":9,"minecraft:polished_blackstone_bricks":1,"minecraft:smooth_quartz_stairs":9,"minecraft:glow_item_frame":1,"minecraft:rabbit_spawn_egg":2,"minecraft:sand":8,"minecraft:strider_spawn_egg":1,"minecraft:tnt":9,"minecraft:crafting_table":2,"minecraft:birch_sign":1,"minecraft:black_banner":11,"minecraft:crossbow":16,"minecraft:note_block":1,"minecraft:lingering_potion":1,"minecraft:end_stone":2,"minecraft:spruce_log":2,"minecraft:purple_stained_glass":57,"minecraft:lever":1,"minecraft:light":11,"minecraft:ghast_spawn_egg":80,"minecraft:firework_rocket":851,"minecraft:gray_stained_glass_pane":6,"minecraft:command_block":24,"minecraft:barrier":334,"minecraft:pig_spawn_egg":1,"minecraft:stone_button":23,"minecraft:jungle_stairs":3,"minecraft:deepslate":1,"minecraft:evoker_spawn_egg":127,"minecraft:diamond_sword":8,"minecraft:fishing_rod":7,"minecraft:fire_charge":10,"minecraft:cobblestone":1,"minecraft:end_crystal":22,"minecraft:white_stained_glass":18,"minecraft:bucket":1,"minecraft:end_portal_frame":1,"minecraft:oak_boat":2,"minecraft:polished_blackstone_button":1,"minecraft:splash_potion":74,"minecraft:gray_stained_glass":9}},"DataVersion":3105}