{"stats":{"minecraft:killed_by":{"minecraft:warden":1,"minecraft:drowned":1,"minecraft:skeleton":1,"minecraft:piglin_brute":1,"minecraft:vindicator":1,"minecraft:creeper":1,"minecraft:piglin":3,"minecraft:player":82,"minecraft:phantom":1},"minecraft:broken":{"minecraft:iron_hoe":4,"minecraft:stone_hoe":2,"minecraft:iron_pickaxe":13,"minecraft:iron_shovel":11,"minecraft:leather_leggings":1,"minecraft:stone_pickaxe":12,"minecraft:stone_axe":1,"minecraft:stone_shovel":1,"minecraft:iron_boots":1,"minecraft:iron_chestplate":1,"minecraft:iron_sword":1,"minecraft:stone_sword":1,"minecraft:iron_axe":9,"minecraft:golden_helmet":1},"minecraft:crafted":{"minecraft:black_dye":582,"minecraft:yellow_wool":28,"minecraft:oak_sign":15,"minecraft:polished_deepslate_wall":42,"minecraft:blaze_powder":434,"minecraft:birch_boat":25,"minecraft:chain":20,"minecraft:blue_stained_glass_pane":16,"minecraft:diamond_shovel":17,"minecraft:nether_brick":46,"minecraft:cracked_stone_bricks":129,"minecraft:shulker_box":191,"minecraft:diamond_helmet":15,"minecraft:magenta_concrete_powder":8,"minecraft:beacon":11,"minecraft:light_blue_concrete_powder":256,"minecraft:stone_pressure_plate":45,"minecraft:iron_door":15,"minecraft:cyan_banner":1,"minecraft:dried_kelp_block":182,"minecraft:gray_stained_glass_pane":32,"minecraft:black_wool":1,"minecraft:gray_stained_glass":112,"minecraft:name_tag":24,"minecraft:lime_concrete_powder":160,"minecraft:blue_stained_glass":16,"minecraft:redstone_lamp":161,"minecraft:end_rod":124,"minecraft:acacia_slab":174,"minecraft:polished_andesite_stairs":4,"minecraft:jungle_boat":4,"minecraft:glow_item_frame":4,"minecraft:raw_gold_block":88,"minecraft:smithing_table":22,"minecraft:mossy_cobblestone":322,"minecraft:nether_brick_fence":18,"minecraft:sticky_piston":522,"minecraft:fletching_table":16,"minecraft:cartography_table":5,"minecraft:stone_brick_stairs":32,"minecraft:lectern":37,"minecraft:wooden_hoe":3,"minecraft:stone_slab":214,"minecraft:iron_pickaxe":18,"minecraft:acacia_chest_boat":1,"minecraft:sandstone":1,"minecraft:netherite_ingot":19,"minecraft:composter":142,"minecraft:cyan_wool":6,"minecraft:jungle_sign":6,"minecraft:golden_carrot":504,"minecraft:magenta_wool":6,"minecraft:jukebox":2,"minecraft:orange_shulker_box":1,"minecraft:iron_nugget":4120,"minecraft:crimson_trapdoor":22,"minecraft:diamond_hoe":4,"minecraft:acacia_fence_gate":2,"minecraft:light_gray_wool":38,"minecraft:polished_blackstone_pressure_plate":58,"minecraft:blue_shulker_box":1,"minecraft:spruce_fence":228,"minecraft:moss_carpet":6,"minecraft:stone_stairs":76,"minecraft:lantern":520,"minecraft:spruce_stairs":152,"minecraft:light_gray_shulker_box":19,"minecraft:polished_diorite":4,"minecraft:black_concrete_powder":128,"minecraft:red_shulker_box":7,"minecraft:stone_pickaxe":50,"minecraft:quartz_slab":32,"minecraft:spruce_boat":4,"minecraft:prismarine_slab":6,"minecraft:chainmail_leggings":36,"minecraft:enchanting_table":1,"minecraft:acacia_trapdoor":14,"minecraft:leather_helmet":21,"minecraft:dark_oak_button":14,"minecraft:red_carpet":33,"minecraft:deepslate_tiles":3888,"minecraft:enchanted_book":805,"minecraft:orange_dye":30,"minecraft:light_blue_carpet":30,"minecraft:fermented_spider_eye":15,"minecraft:birch_trapdoor":750,"minecraft:black_stained_glass_pane":16,"minecraft:writable_book":72,"minecraft:iron_shovel":16,"minecraft:armor_stand":86,"minecraft:note_block":35,"minecraft:grindstone":33,"minecraft:cobblestone_slab":3252,"minecraft:barrel":212,"minecraft:magenta_banner":1,"minecraft:packed_mud":18,"minecraft:crimson_sign":18,"minecraft:stone":24,"minecraft:red_sandstone":325,"minecraft:heavy_weighted_pressure_plate":30,"minecraft:cake":6,"minecraft:brown_carpet":6,"minecraft:polished_blackstone_button":37,"minecraft:stone_brick_slab":506,"minecraft:nether_brick_wall":12,"minecraft:bow":42,"minecraft:comparator":158,"minecraft:polished_basalt":158,"minecraft:chest":1208,"minecraft:netherite_helmet":2,"minecraft:yellow_terracotta":192,"minecraft:rail":256,"minecraft:blue_concrete_powder":384,"minecraft:birch_button":98,"minecraft:ender_eye":65,"minecraft:stone_bricks":9848,"minecraft:respawn_anchor":14,"minecraft:golden_boots":2,"minecraft:dropper":115,"minecraft:arrow":512,"minecraft:cauldron":4,"minecraft:iron_helmet":25,"minecraft:birch_pressure_plate":77,"minecraft:chainmail_chestplate":8,"minecraft:acacia_button":16,"minecraft:white_stained_glass_pane":160,"minecraft:dispenser":18,"minecraft:apple":388,"minecraft:tnt":2086,"minecraft:spruce_trapdoor":318,"minecraft:yellow_dye":79,"minecraft:purple_dye":354,"minecraft:stick":6731,"minecraft:iron_ingot":21208,"minecraft:light_blue_shulker_box":7,"minecraft:light_blue_stained_glass":168,"minecraft:lime_carpet":183,"minecraft:cyan_carpet":6,"minecraft:dark_oak_fence_gate":18,"minecraft:deepslate_bricks":7916,"minecraft:blue_terracotta":144,"minecraft:deepslate_tile_slab":10,"minecraft:stone_brick_wall":24,"minecraft:fishing_rod":2,"minecraft:tripwire_hook":14,"minecraft:netherite_sword":2,"minecraft:leather_boots":59,"minecraft:spruce_button":8,"minecraft:furnace":304,"minecraft:blast_furnace":139,"minecraft:mud_bricks":12,"minecraft:piston":380,"minecraft:mushroom_stew":22,"minecraft:magenta_stained_glass_pane":16,"minecraft:raw_copper_block":49,"minecraft:oak_trapdoor":184,"minecraft:flint_and_steel":36,"minecraft:scaffolding":1030,"minecraft:white_concrete_powder":26616,"minecraft:cobblestone_wall":132,"minecraft:brown_shulker_box":1,"minecraft:birch_sign":265,"minecraft:glistering_melon_slice":64,"minecraft:magma_cream":22,"minecraft:purple_terracotta":2064,"minecraft:light_blue_stained_glass_pane":416,"minecraft:purple_stained_glass":8,"minecraft:stripped_spruce_wood":6,"minecraft:iron_trapdoor":1865,"minecraft:purple_shulker_box":8,"minecraft:iron_sword":9,"minecraft:black_banner":4,"minecraft:golden_shovel":1,"minecraft:mangrove_planks":32,"minecraft:acacia_boat":6,"minecraft:jungle_planks":712,"minecraft:jungle_door":51,"minecraft:white_dye":5654,"minecraft:recovery_compass":3,"minecraft:black_carpet":9,"minecraft:blue_wool":134,"minecraft:anvil":137,"minecraft:stonecutter":40,"minecraft:andesite":1664,"minecraft:diorite_slab":6,"minecraft:torch":2520,"minecraft:diamond_chestplate":15,"minecraft:ender_chest":1,"minecraft:jungle_button":20,"minecraft:light_gray_concrete_powder":1024,"minecraft:smooth_stone":628,"minecraft:dark_oak_pressure_plate":1,"minecraft:oak_pressure_plate":1,"minecraft:birch_slab":456,"minecraft:slime_block":380,"minecraft:loom":2,"minecraft:lever":422,"minecraft:bookshelf":273,"minecraft:iron_bars":4752,"minecraft:red_concrete_powder":5632,"minecraft:deepslate_brick_stairs":105,"minecraft:quartz_block":731,"minecraft:glass":1813,"minecraft:repeater":214,"minecraft:diamond_leggings":15,"minecraft:netherite_boots":2,"minecraft:birch_fence_gate":158,"minecraft:polished_blackstone":297,"minecraft:acacia_fence":3,"minecraft:magenta_dye":305,"minecraft:gray_bed":24,"minecraft:flower_pot":4,"minecraft:glass_bottle":207,"minecraft:target":166,"minecraft:wooden_shovel":13,"minecraft:emerald":7319,"minecraft:smooth_quartz":132,"minecraft:diamond_axe":16,"minecraft:spruce_door":3,"minecraft:campfire":6,"minecraft:light_gray_bed":15,"minecraft:lime_bed":3,"minecraft:smooth_basalt":82,"minecraft:green_terracotta":3824,"minecraft:compass":117,"minecraft:iron_block":8094,"minecraft:light_blue_bed":16,"minecraft:gold_ingot":2545,"minecraft:light_gray_dye":702,"minecraft:fire_charge":804,"minecraft:spruce_fence_gate":19,"minecraft:birch_stairs":32,"minecraft:yellow_concrete_powder":160,"minecraft:stone_shovel":8,"minecraft:smooth_stone_slab":352,"minecraft:leather_leggings":52,"minecraft:polished_deepslate_stairs":60,"minecraft:player_head":97,"minecraft:yellow_bed":3,"minecraft:red_terracotta":6640,"minecraft:bone_meal":29465,"minecraft:pink_dye":262,"minecraft:andesite_wall":13,"minecraft:white_carpet":423,"minecraft:candle":4,"minecraft:orange_wool":12,"minecraft:diamond":1206,"minecraft:netherite_axe":2,"minecraft:dark_oak_fence":69,"minecraft:detector_rail":36,"minecraft:deepslate_brick_wall":136,"minecraft:ladder":129,"minecraft:blue_banner":26,"minecraft:spruce_slab":2966,"minecraft:diamond_boots":17,"minecraft:redstone_block":1010,"minecraft:dark_oak_planks":4606,"minecraft:golden_helmet":2,"minecraft:wheat":288,"minecraft:firework_star":801,"minecraft:daylight_detector":27,"minecraft:purple_stained_glass_pane":16,"minecraft:crossbow":20,"minecraft:netherite_pickaxe":3,"minecraft:polished_blackstone_brick_slab":2,"minecraft:dried_kelp":1789,"minecraft:deepslate_brick_slab":766,"minecraft:magenta_stained_glass":8,"minecraft:red_bed":1,"minecraft:blue_bed":9,"minecraft:gray_concrete_powder":14336,"minecraft:sandstone_slab":24,"minecraft:glowstone":5,"minecraft:white_stained_glass":72,"minecraft:jungle_slab":54,"minecraft:golden_apple":145,"minecraft:acacia_sign":33,"minecraft:andesite_slab":102,"minecraft:gray_shulker_box":15,"minecraft:cyan_shulker_box":1,"minecraft:iron_leggings":5,"minecraft:white_bed":155,"minecraft:music_disc_5":2,"minecraft:brick":12,"minecraft:oak_planks":1200,"minecraft:dark_oak_boat":2,"minecraft:pink_shulker_box":1,"minecraft:cobblestone_stairs":74,"minecraft:spruce_pressure_plate":2,"minecraft:suspicious_stew":16,"minecraft:green_dye":1,"minecraft:dark_oak_door":18,"minecraft:hopper":730,"minecraft:iron_boots":17,"minecraft:written_book":67,"minecraft:cyan_terracotta":4224,"minecraft:stone_hoe":17,"minecraft:smoker":5,"minecraft:smooth_red_sandstone":192,"minecraft:quartz_stairs":60,"minecraft:oak_slab":30,"minecraft:item_frame":198,"minecraft:acacia_wood":3,"minecraft:map":93,"minecraft:crafting_table":193,"minecraft:spruce_planks":6444,"minecraft:mud_brick_slab":24,"minecraft:wooden_pickaxe":1,"minecraft:baked_potato":269,"minecraft:light_gray_banner":4,"minecraft:gold_block":195,"minecraft:hopper_minecart":20,"minecraft:brewing_stand":25,"minecraft:birch_planks":13975,"minecraft:dark_oak_slab":906,"minecraft:iron_chestplate":14,"minecraft:book":128,"minecraft:paper":4110,"minecraft:charcoal":14,"minecraft:diamond_pickaxe":32,"minecraft:emerald_block":403,"minecraft:shield":25,"minecraft:light_weighted_pressure_plate":9,"minecraft:birch_fence":75,"minecraft:light_blue_dye":370,"minecraft:leather_chestplate":43,"minecraft:stone_sword":1,"minecraft:green_shulker_box":3,"minecraft:gray_carpet":528,"minecraft:redstone_torch":1122,"minecraft:light_gray_carpet":255,"minecraft:light_gray_stained_glass_pane":96,"minecraft:shears":7,"minecraft:green_carpet":6,"minecraft:sandstone_stairs":36,"minecraft:polished_andesite":264,"minecraft:coarse_dirt":1700,"minecraft:wooden_sword":3,"minecraft:cobbled_deepslate_slab":6,"minecraft:cookie":1890,"minecraft:redstone":7976,"minecraft:coal":783,"minecraft:light_gray_stained_glass":3696,"minecraft:popped_chorus_fruit":31,"minecraft:stone_button":444,"minecraft:dark_oak_trapdoor":350,"minecraft:gray_dye":1760,"minecraft:dark_oak_sign":156,"minecraft:diamond_block":197,"minecraft:glass_pane":135,"minecraft:netherite_leggings":2,"minecraft:yellow_shulker_box":4,"minecraft:polished_deepslate":10384,"minecraft:iron_axe":43,"minecraft:spruce_wood":45,"minecraft:iron_hoe":7,"minecraft:slime_ball":558,"minecraft:orange_concrete_powder":512,"minecraft:lime_dye":56,"minecraft:netherite_scrap":42,"minecraft:minecart":190,"minecraft:observer":64,"minecraft:cooked_beef":202,"minecraft:sugar":77,"minecraft:red_dye":2392,"minecraft:cyan_concrete_powder":512,"minecraft:bone_block":2204,"minecraft:magenta_bed":1,"minecraft:crimson_planks":152,"minecraft:diamond_sword":15,"minecraft:cyan_dye":564,"minecraft:spruce_sign":90,"minecraft:dark_oak_stairs":52,"minecraft:powered_rail":240,"minecraft:yellow_carpet":30,"minecraft:bell":21,"minecraft:smooth_sandstone":64,"minecraft:bowl":12,"minecraft:nether_bricks":48,"minecraft:bucket":206,"minecraft:stone_axe":3,"minecraft:amethyst_block":2,"minecraft:lodestone":2,"minecraft:bread":359,"minecraft:air":0,"minecraft:black_stained_glass":8,"minecraft:blue_dye":1394,"minecraft:oak_boat":2,"minecraft:magenta_terracotta":288,"minecraft:white_wool":195,"minecraft:gold_nugget":570,"minecraft:raw_gold":792,"minecraft:green_wool":4,"minecraft:pumpkin_pie":624,"minecraft:acacia_planks":2636,"minecraft:end_crystal":21,"minecraft:purple_concrete_powder":504,"minecraft:lapis_lazuli":495,"minecraft:clay":21,"minecraft:lapis_block":73,"minecraft:firework_rocket":6942,"minecraft:light_gray_candle":4},"minecraft:custom":{"minecraft:interact_with_crafting_table":2873,"minecraft:damage_blocked_by_shield":9895,"minecraft:play_time":43798595,"minecraft:deaths":121,"minecraft:jump":593883,"minecraft:play_record":26,"minecraft:interact_with_cartography_table":25,"minecraft:interact_with_smoker":221,"minecraft:inspect_dispenser":597,"minecraft:horse_one_cm":171303,"minecraft:inspect_dropper":693,"minecraft:interact_with_anvil":624,"minecraft:inspect_hopper":1316,"minecraft:tune_noteblock":214,"minecraft:time_since_rest":152920,"minecraft:swim_one_cm":14653970,"minecraft:open_chest":27942,"minecraft:open_shulker_box":32010,"minecraft:damage_resisted":1940,"minecraft:play_noteblock":15,"minecraft:talked_to_villager":3084,"minecraft:interact_with_brewingstand":483,"minecraft:interact_with_beacon":21,"minecraft:raid_win":1,"minecraft:boat_one_cm":21850995,"minecraft:damage_taken":445890,"minecraft:aviate_one_cm":1155425994,"minecraft:open_barrel":4705,"minecraft:bell_ring":721,"minecraft:leave_game":1404,"minecraft:time_since_death":17113060,"minecraft:enchant_item":15,"minecraft:interact_with_furnace":1398,"minecraft:traded_with_villager":6363,"minecraft:sleep_in_bed":387,"minecraft:damage_dealt":1294985,"minecraft:interact_with_smithing_table":36,"minecraft:damage_dealt_absorbed":503,"minecraft:target_hit":1409,"minecraft:sneak_time":4565185,"minecraft:interact_with_lectern":295,"minecraft:interact_with_blast_furnace":7,"minecraft:total_world_time":43798595,"minecraft:interact_with_stonecutter":320,"minecraft:fly_one_cm":179899550,"minecraft:fish_caught":61,"minecraft:fall_one_cm":15976362,"minecraft:animals_bred":59,"minecraft:sprint_one_cm":123108465,"minecraft:drop":10563,"minecraft:walk_on_water_one_cm":4226135,"minecraft:interact_with_loom":33,"minecraft:open_enderchest":2388,"minecraft:player_kills":9,"minecraft:crouch_one_cm":24702467,"minecraft:mob_kills":48622,"minecraft:climb_one_cm":1935953,"minecraft:walk_one_cm":68724579,"minecraft:walk_under_water_one_cm":8926108,"minecraft:raid_trigger":3,"minecraft:pot_flower":4,"minecraft:interact_with_grindstone":42,"minecraft:damage_absorbed":2802,"minecraft:minecart_one_cm":335706,"minecraft:pig_one_cm":340},"minecraft:killed":{"minecraft:cod":219,"minecraft:guardian":3,"minecraft:skeleton_horse":18,"minecraft:salmon":78,"minecraft:elder_guardian":15,"minecraft:iron_golem":53,"minecraft:pillager":191,"minecraft:goat":3,"minecraft:zombie":560,"minecraft:evoker":13,"minecraft:vindicator":55,"minecraft:endermite":11,"minecraft:warden":7,"minecraft:husk":7,"minecraft:ravager":10,"minecraft:polar_bear":1,"minecraft:zombified_piglin":136,"minecraft:witch":23,"minecraft:spider":160,"minecraft:wither":9,"minecraft:silverfish":9,"minecraft:piglin_brute":103,"minecraft:piglin":128,"minecraft:zombie_villager":19,"minecraft:sheep":27,"minecraft:trader_llama":8,"minecraft:mooshroom":4291,"minecraft:ghast":43,"minecraft:vex":16,"minecraft:slime":1652,"minecraft:drowned":54,"minecraft:hoglin":21,"minecraft:squid":243,"minecraft:wither_skeleton":21,"minecraft:cave_spider":26,"minecraft:dolphin":41,"minecraft:shulker":247,"minecraft:pufferfish":1,"minecraft:skeleton":429,"minecraft:chicken":137,"minecraft:cat":4,"minecraft:magma_cube":18,"minecraft:glow_squid":31,"minecraft:cow":32,"minecraft:horse":1,"minecraft:ocelot":1,"minecraft:wandering_trader":2,"minecraft:enderman":37966,"minecraft:wolf":1,"minecraft:pig":11,"minecraft:creeper":381,"minecraft:blaze":10,"minecraft:phantom":70,"minecraft:bat":94},"minecraft:used":{"minecraft:moss_block":742,"minecraft:writable_book":390,"minecraft:smooth_quartz_slab":205,"minecraft:dispenser":125,"minecraft:poppy":107,"minecraft:black_carpet":8,"minecraft:stone":20697,"minecraft:warped_sign":1,"minecraft:quartz_stairs":140,"minecraft:rotten_flesh":2,"minecraft:soul_sand":126,"minecraft:deepslate_brick_slab":2950,"minecraft:snowball":4,"minecraft:weeping_vines":3,"minecraft:polished_blackstone_slab":1,"minecraft:spruce_boat":20,"minecraft:packed_ice":7647,"minecraft:lava_bucket":249,"minecraft:quartz_pillar":3,"minecraft:red_wool":1737,"minecraft:deepslate_copper_ore":61,"minecraft:quartz_block":380,"minecraft:dark_oak_slab":249,"minecraft:diorite_wall":19,"minecraft:bow":6915,"minecraft:acacia_fence":2,"minecraft:deepslate_brick_wall":844,"minecraft:chorus_fruit":44,"minecraft:prismarine":4,"minecraft:blackstone":11,"minecraft:cactus":3,"minecraft:wooden_pickaxe":21,"minecraft:composter":79,"minecraft:clay":2,"minecraft:jungle_boat":33,"minecraft:golden_apple":67,"minecraft:glow_berries":3,"minecraft:blast_furnace":138,"minecraft:cyan_dye":16,"minecraft:purple_terracotta":1732,"minecraft:gray_concrete":16098,"minecraft:red_sandstone_wall":6,"minecraft:deepslate_brick_stairs":1122,"minecraft:purple_concrete_powder":503,"minecraft:birch_fence":64,"minecraft:gray_stained_glass_pane":14,"minecraft:birch_slab":134,"minecraft:deepslate_iron_ore":224,"minecraft:oak_pressure_plate":1,"minecraft:flowering_azalea_leaves":8,"minecraft:coal_block":1,"minecraft:nether_wart_block":2,"minecraft:diamond_sword":502,"minecraft:smithing_table":11,"minecraft:birch_log":99,"minecraft:oak_boat":25,"minecraft:compass":6,"minecraft:diorite_slab":2,"minecraft:oak_trapdoor":173,"minecraft:polished_blackstone_brick_slab":8,"minecraft:orange_concrete":397,"minecraft:carved_pumpkin":2,"minecraft:armor_stand":65,"minecraft:light_gray_carpet":237,"minecraft:tinted_glass":5,"minecraft:music_disc_5":11,"minecraft:torch":2667,"minecraft:brewing_stand":34,"minecraft:light_blue_dye":1,"minecraft:nether_quartz_ore":2,"minecraft:yellow_carpet":19,"minecraft:golden_shovel":1,"minecraft:sea_lantern":247,"minecraft:chipped_anvil":1,"minecraft:iron_block":4606,"minecraft:light_weighted_pressure_plate":4,"minecraft:polished_deepslate_wall":266,"minecraft:jungle_log":5,"minecraft:barrel":301,"minecraft:bamboo":38,"minecraft:diamond_chestplate":1,"minecraft:basalt":321,"minecraft:lime_concrete":165,"minecraft:magenta_terracotta":109,"minecraft:acacia_planks":122,"minecraft:calcite":11,"minecraft:wheat_seeds":19,"minecraft:light_blue_shulker_box":111,"minecraft:birch_planks":1119,"minecraft:blue_concrete_powder":384,"minecraft:cauldron":5,"minecraft:glow_ink_sac":68,"minecraft:spruce_fence_gate":10,"minecraft:gold_ore":14,"minecraft:deepslate_bricks":6337,"minecraft:polished_deepslate_slab":131,"minecraft:diamond_block":462,"minecraft:light_gray_banner":4,"minecraft:rail":887,"minecraft:red_bed":2,"minecraft:green_dye":3,"minecraft:crimson_trapdoor":18,"minecraft:sculk_shrieker":3,"minecraft:white_bed":176,"minecraft:campfire":6,"minecraft:spruce_log":118,"minecraft:mushroom_stem":4,"minecraft:amethyst_cluster":14,"minecraft:blue_stained_glass_pane":8,"minecraft:yellow_dye":2,"minecraft:diamond_pickaxe":116485,"minecraft:diamond_shovel":60965,"minecraft:acacia_sign":37,"minecraft:suspicious_stew":2,"minecraft:spruce_pressure_plate":3,"minecraft:spruce_trapdoor":384,"minecraft:spruce_sapling":2,"minecraft:green_carpet":4,"minecraft:potion":28,"minecraft:porkchop":2,"minecraft:andesite_stairs":91,"minecraft:diamond_leggings":2,"minecraft:moss_carpet":11,"minecraft:blue_terracotta":149,"minecraft:polished_deepslate":2186,"minecraft:light_gray_stained_glass_pane":50,"minecraft:melon":13,"minecraft:polished_basalt":147,"minecraft:nether_wart":98,"minecraft:green_terracotta":3916,"minecraft:jungle_planks":47,"minecraft:obsidian":4314,"minecraft:crimson_button":2,"minecraft:lantern":471,"minecraft:spruce_wood":36,"minecraft:polished_blackstone_brick_wall":2,"minecraft:light_blue_bed":26,"minecraft:item_frame":267,"minecraft:birch_trapdoor":569,"minecraft:birch_button":93,"minecraft:deepslate_diamond_ore":606,"minecraft:golden_sword":13,"minecraft:jungle_button":21,"minecraft:written_book":1677,"minecraft:mangrove_roots":4,"minecraft:blue_shulker_box":2,"minecraft:gold_block":100,"minecraft:end_rod":31,"minecraft:diamond_boots":2,"minecraft:dropper":305,"minecraft:wither_skeleton_skull":34,"minecraft:stone_pickaxe":1743,"minecraft:gray_carpet":750,"minecraft:mangrove_planks":32,"minecraft:oak_planks":95,"minecraft:polished_diorite_slab":4,"minecraft:sandstone":5525,"minecraft:diamond_axe":5110,"minecraft:sugar_cane":173,"minecraft:white_wool":1082,"minecraft:golden_hoe":21,"minecraft:light_blue_concrete":39,"minecraft:mushroom_stew":64,"minecraft:light_blue_wool":463,"minecraft:yellow_concrete":118,"minecraft:crossbow":143,"minecraft:end_stone":226,"minecraft:deepslate_lapis_ore":45,"minecraft:sticky_piston":942,"minecraft:lever":435,"minecraft:daylight_detector":23,"minecraft:dark_oak_log":13,"minecraft:bread":202,"minecraft:iron_door":13,"minecraft:deepslate":1710,"minecraft:light_blue_concrete_powder":256,"minecraft:pufferfish_bucket":5,"minecraft:chain":13,"minecraft:smooth_stone_slab":743,"minecraft:coarse_dirt":1776,"minecraft:bone_meal":14,"minecraft:orange_concrete_powder":513,"minecraft:netherite_sword":18411,"minecraft:flint_and_steel":133,"minecraft:redstone":2898,"minecraft:ender_chest":159,"minecraft:brown_shulker_box":4,"minecraft:deepslate_gold_ore":333,"minecraft:stone_hoe":265,"minecraft:cooked_chicken":118,"minecraft:dried_kelp_block":4,"minecraft:dirt":26908,"minecraft:prismarine_bricks":2,"minecraft:bee_nest":1,"minecraft:spruce_fence":36,"minecraft:iron_hoe":1313,"minecraft:light_gray_stained_glass":3693,"minecraft:smooth_sandstone":1,"minecraft:iron_boots":3,"minecraft:yellow_concrete_powder":160,"minecraft:soul_soil":21,"minecraft:dark_oak_pressure_plate":4,"minecraft:lime_stained_glass":1,"minecraft:deepslate_tile_stairs":1308,"minecraft:minecart":79,"minecraft:netherite_pickaxe":171485,"minecraft:cyan_concrete_powder":256,"minecraft:cooked_beef":7513,"minecraft:enchanted_golden_apple":1,"minecraft:powder_snow_bucket":39,"minecraft:pumpkin":55,"minecraft:light_gray_bed":30,"minecraft:iron_leggings":3,"minecraft:quartz_bricks":1,"minecraft:cobblestone_stairs":268,"minecraft:lodestone":14,"minecraft:snow_block":7,"minecraft:baked_potato":246,"minecraft:birch_boat":113,"minecraft:brown_mushroom":40,"minecraft:spruce_sign":87,"minecraft:warped_roots":1,"minecraft:music_disc_cat":1,"minecraft:magenta_bed":2,"minecraft:red_mushroom":6,"minecraft:netherite_block":4,"minecraft:piston":310,"minecraft:wooden_hoe":48,"minecraft:flower_pot":4,"minecraft:black_wool":228,"minecraft:lapis_ore":10,"minecraft:detector_rail":18,"minecraft:stone_slab":373,"minecraft:jungle_stairs":13,"minecraft:acacia_chest_boat":12,"minecraft:golden_leggings":1,"minecraft:yellow_wool":28,"minecraft:stone_axe":131,"minecraft:magenta_banner":1,"minecraft:cobbled_deepslate_slab":3,"minecraft:end_crystal":5,"minecraft:cyan_stained_glass_pane":20,"minecraft:pink_shulker_box":61,"minecraft:pumpkin_pie":157,"minecraft:gray_wool":144,"minecraft:birch_stairs":16,"minecraft:orange_dye":2,"minecraft:peony":10,"minecraft:nether_brick_fence":12,"minecraft:spruce_slab":2953,"minecraft:elytra":20,"minecraft:polished_blackstone":216,"minecraft:ladder":131,"minecraft:chest":417,"minecraft:white_shulker_box":5,"minecraft:blue_stained_glass":8,"minecraft:jungle_slab":465,"minecraft:orange_wool":58,"minecraft:acacia_button":9,"minecraft:honey_block":463,"minecraft:netherite_shovel":107739,"minecraft:black_stained_glass_pane":9,"minecraft:grass_block":25589,"minecraft:birch_sapling":24,"minecraft:polished_andesite_stairs":1,"minecraft:orange_shulker_box":7,"minecraft:copper_ore":9,"minecraft:wet_sponge":420,"minecraft:dark_oak_button":12,"minecraft:stone_brick_stairs":196,"minecraft:blue_banner":24,"minecraft:music_disc_stal":1,"minecraft:snow":9,"minecraft:dark_oak_boat":9,"minecraft:sweet_berries":25,"minecraft:furnace":199,"minecraft:egg":31,"minecraft:potato":990,"minecraft:dragon_head":17,"minecraft:brown_concrete_powder":5,"minecraft:light_blue_carpet":37,"minecraft:emerald_ore":3,"minecraft:diorite":500,"minecraft:spruce_door":3,"minecraft:acacia_trapdoor":19,"minecraft:powered_rail":318,"minecraft:blackstone_stairs":10,"minecraft:lime_concrete_powder":160,"minecraft:oak_leaves":109,"minecraft:smooth_quartz_stairs":13,"minecraft:dark_oak_trapdoor":347,"minecraft:blue_dye":3,"minecraft:sand":596,"minecraft:smooth_red_sandstone":6,"minecraft:blue_ice":135,"minecraft:black_concrete_powder":128,"minecraft:lightning_rod":29,"minecraft:deepslate_tiles":5427,"minecraft:crying_obsidian":799,"minecraft:verdant_froglight":1,"minecraft:cyan_carpet":8,"minecraft:stone_button":182,"minecraft:lectern":1557,"minecraft:red_terracotta":6691,"minecraft:diamond_ore":3,"minecraft:polished_andesite_slab":20,"minecraft:wooden_sword":39,"minecraft:dark_oak_fence":45,"minecraft:white_stained_glass":13,"minecraft:ice":11,"minecraft:pink_stained_glass":1,"minecraft:gray_stained_glass":72,"minecraft:iron_bars":4445,"minecraft:stone_sword":129,"minecraft:acacia_log":3,"minecraft:brain_coral_fan":1,"minecraft:red_concrete":5584,"minecraft:mycelium":2507,"minecraft:netherrack":7765,"minecraft:light_gray_shulker_box":77,"minecraft:dragon_egg":1,"minecraft:target":83,"minecraft:warped_wart_block":2,"minecraft:anvil":47,"minecraft:ancient_debris":76,"minecraft:stone_stairs":593,"minecraft:nether_brick_slab":10,"minecraft:blue_concrete":375,"minecraft:polished_diorite":1,"minecraft:red_shulker_box":195,"minecraft:flowering_azalea":1,"minecraft:cyan_shulker_box":15,"minecraft:iron_axe":1912,"minecraft:rooted_dirt":53,"minecraft:spruce_button":9,"minecraft:slime_block":650,"minecraft:smooth_quartz":95,"minecraft:lime_dye":3,"minecraft:totem_of_undying":47,"minecraft:prismarine_slab":6,"minecraft:smooth_basalt":89,"minecraft:glowstone":4,"minecraft:purple_concrete":281,"minecraft:beef":25,"minecraft:magenta_wool":1122,"minecraft:iron_trapdoor":1894,"minecraft:acacia_wood":2,"minecraft:cobbled_deepslate":635,"minecraft:observer":988,"minecraft:magenta_dye":2,"minecraft:pointed_dripstone":72,"minecraft:water_bucket":1567,"minecraft:nether_brick_wall":17,"minecraft:sandstone_stairs":277,"minecraft:yellow_shulker_box":42,"minecraft:cartography_table":9,"minecraft:lime_wool":327,"minecraft:bubble_coral_fan":7,"minecraft:red_mushroom_block":60,"minecraft:cracked_stone_bricks":9,"minecraft:polished_blackstone_bricks":173,"minecraft:mossy_cobblestone":276,"minecraft:vine":171,"minecraft:comparator":211,"minecraft:tnt":938,"minecraft:oak_slab":6,"minecraft:crafting_table":263,"minecraft:birch_sign":247,"minecraft:dark_oak_fence_gate":16,"minecraft:cake":8,"minecraft:ender_eye":78,"minecraft:cornflower":8,"minecraft:oxeye_daisy":8,"minecraft:sunflower":2,"minecraft:mangrove_propagule":2,"minecraft:iron_pickaxe":3332,"minecraft:cyan_concrete":167,"minecraft:crimson_sign":17,"minecraft:chiseled_stone_bricks":7,"minecraft:cobblestone":15089,"minecraft:red_concrete_powder":5704,"minecraft:sandstone_slab":21,"minecraft:glass_pane":139,"minecraft:brown_mushroom_block":83,"minecraft:kelp":818,"minecraft:jukebox":14,"minecraft:light_blue_stained_glass_pane":388,"minecraft:iron_shovel":3498,"minecraft:diamond_hoe":3642,"minecraft:oak_sign":30,"minecraft:white_concrete_powder":26662,"minecraft:shield":190,"minecraft:white_terracotta":1,"minecraft:iron_sword":558,"minecraft:purple_shulker_box":79,"minecraft:bell":162,"minecraft:player_head":280,"minecraft:sculk_sensor":4,"minecraft:iron_chestplate":2,"minecraft:birch_pressure_plate":65,"minecraft:deepslate_tile_slab":6048,"minecraft:tuff":16,"minecraft:cyan_wool":32,"minecraft:axolotl_bucket":10,"minecraft:milk_bucket":52,"minecraft:polished_deepslate_stairs":523,"minecraft:glass":1555,"minecraft:cyan_terracotta":4562,"minecraft:coal_ore":891,"minecraft:quartz_slab":195,"minecraft:iron_helmet":1,"minecraft:gray_concrete_powder":14397,"minecraft:hopper_minecart":20,"minecraft:stone_bricks":6321,"minecraft:repeater":571,"minecraft:red_carpet":30,"minecraft:redstone_lamp":117,"minecraft:magma_block":17,"minecraft:brown_carpet":6,"minecraft:hay_block":1,"minecraft:scaffolding":1715,"minecraft:gray_bed":26,"minecraft:polished_diorite_stairs":4,"minecraft:pearlescent_froglight":146,"minecraft:polished_blackstone_stairs":39,"minecraft:oak_chest_boat":1,"minecraft:stripped_spruce_wood":6,"minecraft:golden_boots":1,"minecraft:dark_oak_stairs":43,"minecraft:dark_oak_sign":36,"minecraft:ender_pearl":299,"minecraft:redstone_block":51,"minecraft:blue_bed":4,"minecraft:yellow_terracotta":177,"minecraft:loom":3,"minecraft:black_banner":4,"minecraft:deepslate_redstone_ore":913,"minecraft:sponge":384,"minecraft:note_block":28,"minecraft:stone_brick_wall":1569,"minecraft:shears":1514,"minecraft:redstone_torch":486,"minecraft:light_gray_concrete":917,"minecraft:black_concrete":88,"minecraft:heavy_weighted_pressure_plate":28,"minecraft:birch_fence_gate":136,"minecraft:firework_rocket":26785,"minecraft:gray_shulker_box":33,"minecraft:lime_carpet":143,"minecraft:string":20,"minecraft:light_gray_candle":5,"minecraft:gravel":610,"minecraft:blackstone_slab":1,"minecraft:jungle_sign":4,"minecraft:smooth_red_sandstone_slab":12,"minecraft:grindstone":18,"minecraft:deepslate_coal_ore":42,"minecraft:andesite":589,"minecraft:air":20,"minecraft:white_concrete":28981,"minecraft:tropical_fish_bucket":11,"minecraft:experience_bottle":10,"minecraft:golden_pickaxe":3,"minecraft:jungle_leaves":79,"minecraft:azalea":53,"minecraft:trident":6021,"minecraft:music_disc_otherside":13,"minecraft:redstone_ore":29,"minecraft:stone_shovel":253,"minecraft:spruce_planks":162,"minecraft:sculk":29,"minecraft:wooden_shovel":28,"minecraft:spyglass":2,"minecraft:white_carpet":500,"minecraft:hopper":804,"minecraft:spruce_stairs":242,"minecraft:cobblestone_wall":79,"minecraft:diamond_helmet":3,"minecraft:shulker_box":1133,"minecraft:pink_carpet":3,"minecraft:light_blue_stained_glass":16,"minecraft:granite":330,"minecraft:andesite_wall":72,"minecraft:stone_brick_slab":731,"minecraft:dark_oak_planks":55,"minecraft:bookshelf":236,"minecraft:red_tulip":2,"minecraft:yellow_stained_glass":1,"minecraft:acacia_slab":27,"minecraft:polished_blackstone_brick_stairs":21,"minecraft:golden_carrot":197,"minecraft:white_stained_glass_pane":153,"minecraft:cyan_banner":8,"minecraft:stone_pressure_plate":6,"minecraft:red_dye":37,"minecraft:amethyst_block":33,"minecraft:acacia_boat":17,"minecraft:iron_ore":97,"minecraft:glass_bottle":150,"minecraft:polished_andesite":199,"minecraft:mud_brick_slab":25,"minecraft:blue_wool":13,"minecraft:andesite_slab":151,"minecraft:beacon":15,"minecraft:white_dye":3,"minecraft:stonecutter":29,"minecraft:cobblestone_slab":2796,"minecraft:glow_item_frame":7,"minecraft:polished_blackstone_pressure_plate":55,"minecraft:terracotta":1,"minecraft:lime_bed":3,"minecraft:light_gray_concrete_powder":1028,"minecraft:painting":1,"minecraft:smooth_red_sandstone_stairs":12,"minecraft:dark_oak_door":10,"minecraft:smoker":5,"minecraft:netherite_axe":17007,"minecraft:map":25,"minecraft:purple_dye":5,"minecraft:acacia_fence_gate":2,"minecraft:fishing_rod":126,"minecraft:green_shulker_box":3,"minecraft:jungle_door":40,"minecraft:bucket":2033,"minecraft:yellow_bed":7,"minecraft:polished_blackstone_button":38,"minecraft:splash_potion":24,"minecraft:smooth_stone":478},"minecraft:mined":{"minecraft:dragon_wall_head":13,"minecraft:red_shulker_box":190,"minecraft:blackstone_stairs":1,"minecraft:white_bed":30,"minecraft:fire_coral_wall_fan":1,"minecraft:cyan_shulker_box":14,"minecraft:light_blue_carpet":13,"minecraft:bubble_column":4,"minecraft:granite":11530,"minecraft:acacia_log":51,"minecraft:light_gray_bed":16,"minecraft:blue_wool":1,"minecraft:oak_wall_sign":18,"minecraft:nether_wart":58,"minecraft:spawner":52,"minecraft:polished_blackstone_bricks":137,"minecraft:magma_block":231,"minecraft:dark_oak_trapdoor":31,"minecraft:barrel":114,"minecraft:cobbled_deepslate":235,"minecraft:fire":647,"minecraft:deepslate_lapis_ore":169,"minecraft:spruce_pressure_plate":2,"minecraft:light_gray_concrete":4,"minecraft:white_shulker_box":5,"minecraft:spruce_wood":2,"minecraft:player_head":210,"minecraft:tripwire":16,"minecraft:jungle_button":3,"minecraft:blue_wall_banner":6,"minecraft:kelp_plant":615,"minecraft:deepslate_brick_wall":117,"minecraft:crimson_nylium":17,"minecraft:deepslate_tile_slab":119,"minecraft:powder_snow":17,"minecraft:torch":203,"minecraft:note_block":5,"minecraft:melon":48,"minecraft:white_stained_glass_pane":2,"minecraft:dead_bush":35,"minecraft:spruce_wall_sign":17,"minecraft:smooth_quartz_slab":125,"minecraft:sugar_cane":873,"minecraft:amethyst_block":119,"minecraft:white_terracotta":4,"minecraft:chain":4,"minecraft:repeater":156,"minecraft:mud":72,"minecraft:tinted_glass":4,"minecraft:magenta_bed":2,"minecraft:jukebox":14,"minecraft:grass":1647,"minecraft:birch_button":45,"minecraft:smooth_quartz":103,"minecraft:mangrove_log":59,"minecraft:smooth_basalt":74,"minecraft:acacia_sign":4,"minecraft:deepslate":23009,"minecraft:deepslate_tiles":1195,"minecraft:dark_prismarine":10,"minecraft:light_blue_wool":107,"minecraft:mossy_cobblestone":16,"minecraft:nether_brick_wall":9,"minecraft:orange_concrete_powder":1,"minecraft:dark_oak_log":2211,"minecraft:sea_lantern":53,"minecraft:end_stone":298,"minecraft:birch_fence_gate":7,"minecraft:dark_oak_fence":15,"minecraft:spruce_fence":10,"minecraft:acacia_button":3,"minecraft:redstone_wire":902,"minecraft:red_mushroom":28,"minecraft:cartography_table":7,"minecraft:white_concrete_powder":57,"minecraft:redstone_ore":146,"minecraft:acacia_trapdoor":6,"minecraft:green_terracotta":575,"minecraft:andesite":13264,"minecraft:cobblestone_slab":123,"minecraft:cyan_concrete":101,"minecraft:vine":579,"minecraft:rail":699,"minecraft:brain_coral_wall_fan":1,"minecraft:bone_block":413,"minecraft:ender_chest":149,"minecraft:oak_slab":1,"minecraft:mud_brick_slab":24,"minecraft:birch_stairs":1,"minecraft:redstone_block":15,"minecraft:glass_pane":41,"minecraft:soul_sand":223,"minecraft:dandelion":2,"minecraft:cornflower":23,"minecraft:prismarine_slab":6,"minecraft:warped_roots":1,"minecraft:brain_coral_fan":1,"minecraft:lightning_rod":7,"minecraft:purpur_pillar":4,"minecraft:tall_grass":599,"minecraft:copper_ore":635,"minecraft:deepslate_gold_ore":816,"minecraft:diorite":12919,"minecraft:warped_wart_block":2,"minecraft:red_terracotta":213,"minecraft:coarse_dirt":175,"minecraft:light_blue_bed":11,"minecraft:cobblestone_wall":2,"minecraft:stripped_spruce_wood":1,"minecraft:dark_oak_wall_sign":3,"minecraft:purple_concrete":21,"minecraft:mangrove_leaves":72,"minecraft:red_sandstone_wall":2,"minecraft:dark_oak_button":4,"minecraft:sunflower":17,"minecraft:gravel":33319,"minecraft:cobweb":303,"minecraft:brown_terracotta":4,"minecraft:birch_sign":21,"minecraft:polished_blackstone":83,"minecraft:stone_bricks":1849,"minecraft:gold_ore":163,"minecraft:chipped_anvil":1,"minecraft:iron_trapdoor":124,"minecraft:fern":6,"minecraft:stone_pressure_plate":2,"minecraft:farmland":72,"minecraft:andesite_stairs":7,"minecraft:orange_wool":66,"minecraft:brewing_stand":12,"minecraft:spruce_trapdoor":94,"minecraft:budding_amethyst":10,"minecraft:cracked_polished_blackstone_bricks":6,"minecraft:white_concrete":5228,"minecraft:bubble_coral_fan":12,"minecraft:polished_diorite":1,"minecraft:polished_blackstone_brick_slab":1,"minecraft:composter":8,"minecraft:polished_blackstone_pressure_plate":6,"minecraft:sculk_catalyst":12,"minecraft:dragon_head":9,"minecraft:red_tulip":2,"minecraft:pointed_dripstone":300,"minecraft:flowering_azalea_leaves":8,"minecraft:iron_bars":295,"minecraft:azalea":40,"minecraft:spruce_slab":1240,"minecraft:netherite_block":4,"minecraft:deepslate_redstone_ore":1836,"minecraft:brown_shulker_box":2,"minecraft:jungle_door":2,"minecraft:quartz_block":192,"minecraft:orange_terracotta":118,"minecraft:purpur_stairs":13,"minecraft:light_gray_terracotta":29,"minecraft:jungle_stairs":19,"minecraft:beacon":11,"minecraft:nether_quartz_ore":1807,"minecraft:wither_skeleton_wall_skull":1,"minecraft:oak_planks":22,"minecraft:wall_torch":54,"minecraft:cauldron":1,"minecraft:stone_stairs":59,"minecraft:light_weighted_pressure_plate":1,"minecraft:blue_terracotta":5,"minecraft:powered_rail":186,"minecraft:dark_oak_slab":88,"minecraft:blue_ice":854,"minecraft:tnt":94,"minecraft:smooth_stone_slab":257,"minecraft:oak_log":261,"minecraft:dirt":39929,"minecraft:dispenser":80,"minecraft:ancient_debris":99,"minecraft:daylight_detector":6,"minecraft:crying_obsidian":45,"minecraft:pink_carpet":1,"minecraft:quartz_stairs":44,"minecraft:dark_oak_leaves":38,"minecraft:mangrove_roots":219,"minecraft:glow_lichen":3,"minecraft:lever":76,"minecraft:ladder":2,"minecraft:purple_terracotta":141,"minecraft:stone_button":40,"minecraft:cyan_banner":1,"minecraft:brown_mushroom_block":4700,"minecraft:birch_slab":62,"minecraft:spruce_leaves":80,"minecraft:acacia_slab":12,"minecraft:crimson_stem":66,"minecraft:hay_block":342,"minecraft:heavy_weighted_pressure_plate":10,"minecraft:polished_basalt":34,"minecraft:light_gray_shulker_box":62,"minecraft:detector_rail":2,"minecraft:peony":1,"minecraft:gold_block":303,"minecraft:nether_brick_fence":4,"minecraft:bookshelf":644,"minecraft:deepslate_iron_ore":785,"minecraft:stripped_oak_log":3,"minecraft:wet_sponge":522,"minecraft:acacia_leaves":15,"minecraft:scaffolding":426,"minecraft:magenta_stained_glass":27,"minecraft:snow_block":51,"minecraft:stripped_dark_oak_log":1,"minecraft:basalt":1888,"minecraft:oak_fence":3,"minecraft:honey_block":311,"minecraft:lime_carpet":3,"minecraft:stone_slab":97,"minecraft:quartz_bricks":1,"minecraft:deepslate_coal_ore":108,"minecraft:red_concrete":749,"minecraft:prismarine_bricks":11,"minecraft:birch_planks":179,"minecraft:bubble_coral":6,"minecraft:ice":167,"minecraft:bee_nest":9,"minecraft:muddy_mangrove_roots":3,"minecraft:black_wool":111,"minecraft:cyan_carpet":2,"minecraft:yellow_concrete":42,"minecraft:purple_shulker_box":73,"minecraft:cracked_stone_bricks":18,"minecraft:dead_bubble_coral_wall_fan":1,"minecraft:mossy_stone_bricks":11,"minecraft:jungle_wall_sign":1,"minecraft:dark_oak_planks":94,"minecraft:light_blue_concrete":28,"minecraft:jungle_leaves":1063,"minecraft:carved_pumpkin":9,"minecraft:obsidian":1475,"minecraft:red_sand":1321,"minecraft:smooth_red_sandstone_stairs":4,"minecraft:stone_brick_wall":231,"minecraft:yellow_carpet":9,"minecraft:jungle_log":183,"minecraft:pink_stained_glass":1,"minecraft:deepslate_bricks":1585,"minecraft:coal_block":1,"minecraft:deepslate_tile_stairs":54,"minecraft:lime_stained_glass":1,"minecraft:hopper":278,"minecraft:chiseled_stone_bricks":8,"minecraft:light_blue_stained_glass":7,"minecraft:orange_concrete":7,"minecraft:weeping_vines_plant":37,"minecraft:tall_seagrass":124,"minecraft:sticky_piston":472,"minecraft:cyan_wall_banner":8,"minecraft:moss_carpet":62,"minecraft:pumpkin":51,"minecraft:smooth_red_sandstone":4,"minecraft:sculk_shrieker":24,"minecraft:oak_sign":15,"minecraft:cave_vines":9,"minecraft:polished_deepslate_slab":4,"minecraft:dirt_path":622,"minecraft:oak_stairs":1,"minecraft:quartz_slab":67,"minecraft:deepslate_brick_stairs":290,"minecraft:crimson_sign":1,"minecraft:iron_block":2136,"minecraft:piston_head":14,"minecraft:brown_mushroom":535,"minecraft:red_bed":1,"minecraft:player_wall_head":41,"minecraft:soul_fire":41,"minecraft:amethyst_cluster":14,"minecraft:blue_stained_glass":2,"minecraft:blast_furnace":76,"minecraft:glass":513,"minecraft:spruce_sign":25,"minecraft:cyan_wool":1,"minecraft:light_gray_stained_glass":48,"minecraft:wheat":56,"minecraft:lime_concrete":219,"minecraft:stone_brick_stairs":67,"minecraft:loom":1,"minecraft:blue_shulker_box":1,"minecraft:stonecutter":21,"minecraft:red_mushroom_block":5097,"minecraft:yellow_stained_glass":1,"minecraft:piston":131,"minecraft:yellow_terracotta":38,"minecraft:light_blue_stained_glass_pane":9,"minecraft:pink_shulker_box":61,"minecraft:light_gray_stained_glass_pane":2,"minecraft:blue_stained_glass_pane":1,"minecraft:shulker_box":1024,"minecraft:cobbled_deepslate_slab":3,"minecraft:allium":1,"minecraft:jungle_planks":29,"minecraft:crimson_roots":4,"minecraft:orange_shulker_box":7,"minecraft:lime_wool":4,"minecraft:kelp":128,"minecraft:moss_block":1858,"minecraft:snow":58,"minecraft:diamond_block":74,"minecraft:potatoes":462,"minecraft:smooth_quartz_stairs":6,"minecraft:bamboo":199,"minecraft:white_wool":602,"minecraft:brain_coral":1,"minecraft:smithing_table":4,"minecraft:light_gray_carpet":6,"minecraft:gray_concrete":9235,"minecraft:comparator":51,"minecraft:brown_carpet":6,"minecraft:stone_brick_slab":174,"minecraft:observer":619,"minecraft:jungle_sign":10,"minecraft:smooth_sandstone":1,"minecraft:light_gray_concrete_powder":4,"minecraft:spruce_button":2,"minecraft:emerald_ore":14,"minecraft:sponge":356,"minecraft:dropper":182,"minecraft:smooth_red_sandstone_slab":4,"minecraft:dried_kelp_block":1,"minecraft:big_dripleaf":2,"minecraft:pearlescent_froglight":26,"minecraft:white_carpet":140,"minecraft:spruce_log":1376,"minecraft:birch_leaves":125,"minecraft:quartz_pillar":3,"minecraft:dark_oak_sign":3,"minecraft:mycelium":20716,"minecraft:dripstone_block":115,"minecraft:acacia_planks":8,"minecraft:spruce_fence_gate":1,"minecraft:infested_stone":1,"minecraft:spruce_planks":81,"minecraft:jungle_slab":386,"minecraft:cobblestone_stairs":24,"minecraft:sculk_vein":38,"minecraft:cave_vines_plant":13,"minecraft:grass_block":29796,"minecraft:blue_concrete":6,"minecraft:soul_soil":238,"minecraft:sandstone_stairs":5,"minecraft:smooth_stone":144,"minecraft:raw_iron_block":5,"minecraft:glowstone":663,"minecraft:iron_ore":955,"minecraft:target":39,"minecraft:anvil":11,"minecraft:dark_oak_stairs":15,"minecraft:birch_wall_sign":29,"minecraft:azalea_leaves":137,"minecraft:end_stone_bricks":4,"minecraft:blue_banner":6,"minecraft:blackstone":243,"minecraft:cyan_terracotta":489,"minecraft:melon_stem":1,"minecraft:polished_deepslate_stairs":107,"minecraft:clay":439,"minecraft:calcite":32,"minecraft:poppy":4,"minecraft:chest":92,"minecraft:mushroom_stem":1132,"minecraft:cobblestone":2858,"minecraft:slime_block":430,"minecraft:grindstone":7,"minecraft:prismarine":12,"minecraft:iron_door":66,"minecraft:deepslate_copper_ore":144,"minecraft:seagrass":48,"minecraft:light_gray_candle":1,"minecraft:brown_concrete_powder":11,"minecraft:nether_wart_block":3,"minecraft:yellow_wool":26,"minecraft:birch_log":2245,"minecraft:birch_trapdoor":30,"minecraft:light_gray_wool":3,"minecraft:purpur_block":18,"minecraft:diorite_wall":11,"minecraft:sand":44815,"minecraft:netherrack":14739,"minecraft:oak_leaves":1169,"minecraft:polished_deepslate_wall":39,"minecraft:magenta_wool":2,"minecraft:redstone_lamp":46,"minecraft:nether_gold_ore":29,"minecraft:diamond_ore":16,"minecraft:tuff":933,"minecraft:red_carpet":52,"minecraft:deepslate_diamond_ore":1286,"minecraft:gray_shulker_box":20,"minecraft:dark_oak_pressure_plate":3,"minecraft:weeping_vines":11,"minecraft:white_stained_glass":9,"minecraft:polished_andesite_slab":8,"minecraft:mangrove_propagule":8,"minecraft:sandstone":8977,"minecraft:rooted_dirt":123,"minecraft:large_fern":2,"minecraft:spore_blossom":3,"minecraft:deepslate_brick_slab":378,"minecraft:diorite_slab":1,"minecraft:oak_trapdoor":1,"minecraft:furnace":100,"minecraft:red_concrete_powder":8,"minecraft:black_concrete":161,"minecraft:dark_oak_fence_gate":14,"minecraft:stripped_spruce_log":8,"minecraft:bell":117,"minecraft:polished_deepslate":409,"minecraft:lantern":44,"minecraft:packed_ice":8945,"minecraft:chorus_plant":16,"minecraft:stone":123291,"minecraft:yellow_shulker_box":41,"minecraft:birch_pressure_plate":1,"minecraft:redstone_wall_torch":94,"minecraft:podzol":1,"minecraft:light_blue_shulker_box":105,"minecraft:flowering_azalea":11,"minecraft:red_wool":74,"minecraft:infested_stone_bricks":3,"minecraft:spruce_door":1,"minecraft:crafting_table":131,"minecraft:cyan_stained_glass_pane":23,"minecraft:andesite_slab":13,"minecraft:sculk_sensor":65,"minecraft:lectern":1530,"minecraft:andesite_wall":7,"minecraft:lapis_ore":146,"minecraft:lily_pad":1,"minecraft:sculk":222,"minecraft:blue_bed":3,"minecraft:spruce_stairs":171,"minecraft:gray_wool":83,"minecraft:lime_bed":1,"minecraft:cactus":13,"minecraft:gray_concrete_powder":62,"minecraft:polished_blackstone_stairs":6,"minecraft:redstone_torch":137,"minecraft:magenta_terracotta":6,"minecraft:sweet_berry_bush":12,"minecraft:gray_bed":2,"minecraft:yellow_bed":4,"minecraft:coal_ore":2374,"minecraft:end_rod":15,"minecraft:bubble_coral_wall_fan":55,"minecraft:gray_carpet":86,"minecraft:lodestone":7,"minecraft:terracotta":17538,"minecraft:polished_andesite":29,"minecraft:acacia_wall_sign":1,"minecraft:birch_fence":38},"minecraft:picked_up":{"minecraft:lead":18,"minecraft:smithing_table":4,"minecraft:stone_slab":169,"minecraft:enchanted_book":21,"minecraft:purple_shulker_box":75,"minecraft:blue_concrete":6,"minecraft:string":774,"minecraft:music_disc_cat":1,"minecraft:polished_deepslate":404,"minecraft:dark_oak_pressure_plate":4,"minecraft:pufferfish":13,"minecraft:sculk_shrieker":20,"minecraft:diamond_leggings":12,"minecraft:dead_bubble_coral_fan":1,"minecraft:bubble_coral":6,"minecraft:crimson_sign":1,"minecraft:diamond_ore":3,"minecraft:spruce_pressure_plate":5,"minecraft:polished_blackstone_brick_slab":1,"minecraft:polished_blackstone_stairs":6,"minecraft:jukebox":14,"minecraft:big_dripleaf":3,"minecraft:purpur_pillar":2,"minecraft:acacia_log":53,"minecraft:golden_axe":2,"minecraft:lightning_rod":7,"minecraft:end_crystal":16,"minecraft:cyan_stained_glass_pane":24,"minecraft:gray_shulker_box":20,"minecraft:golden_chestplate":9,"minecraft:green_terracotta":559,"minecraft:cauldron":1,"minecraft:brown_carpet":6,"minecraft:stone_sword":3,"minecraft:lime_carpet":3,"minecraft:polished_basalt":30,"minecraft:carved_pumpkin":9,"minecraft:red_tulip":7,"minecraft:glowstone":602,"minecraft:end_rod":17,"minecraft:white_terracotta":2,"minecraft:blaze_rod":39,"minecraft:iron_bars":418,"minecraft:snowball":50,"minecraft:sponge":424,"minecraft:feather":223,"minecraft:cooked_beef":13268,"minecraft:water_bucket":40,"minecraft:brown_wool":3,"minecraft:dark_oak_boat":9,"minecraft:flint":323,"minecraft:purple_stained_glass":64,"minecraft:cyan_concrete_powder":287,"minecraft:magenta_terracotta":5,"minecraft:lantern":114,"minecraft:gray_concrete_powder":8996,"minecraft:stonecutter":21,"minecraft:dark_oak_sign":9,"minecraft:diamond_helmet":9,"minecraft:honeycomb":96,"minecraft:birch_fence_gate":7,"minecraft:stripped_spruce_log":8,"minecraft:brown_mushroom_block":376,"minecraft:netherite_block":4,"minecraft:iron_hoe":2,"minecraft:polished_andesite":30,"minecraft:blue_terracotta":5,"minecraft:deepslate":10149,"minecraft:lever":303,"minecraft:granite":8312,"minecraft:spruce_button":5,"minecraft:deepslate_coal_ore":60,"minecraft:blue_banner":17,"minecraft:rooted_dirt":188,"minecraft:light_gray_carpet":6,"minecraft:crimson_roots":3,"minecraft:diamond_pickaxe":37,"minecraft:mud":72,"minecraft:bee_nest":11,"minecraft:clay_ball":373,"minecraft:leather_leggings":13,"minecraft:redstone_lamp":49,"minecraft:acacia_button":25,"minecraft:dragon_head":22,"minecraft:purpur_block":9,"minecraft:heavy_weighted_pressure_plate":30,"minecraft:cornflower":1235,"minecraft:elytra":32,"minecraft:flint_and_steel":18,"minecraft:white_stained_glass":9,"minecraft:white_carpet":196,"minecraft:iron_shovel":8,"minecraft:glass_pane":74,"minecraft:netherite_sword":28,"minecraft:jungle_sapling":3,"minecraft:poppy":207,"minecraft:spruce_slab":1434,"minecraft:minecart":207,"minecraft:birch_sapling":213,"minecraft:piston":219,"minecraft:diamond_hoe":5,"minecraft:copper_ore":304,"minecraft:stone":67092,"minecraft:music_disc_mellohi":3,"minecraft:fire_charge":56,"minecraft:white_dye":8,"minecraft:netherite_pickaxe":23,"minecraft:cyan_shulker_box":17,"minecraft:jungle_sign":9,"minecraft:stone_shovel":7,"minecraft:diamond_chestplate":10,"minecraft:hay_block":380,"minecraft:yellow_terracotta":43,"minecraft:totem_of_undying":54,"minecraft:oak_chest_boat":1,"minecraft:polished_blackstone":83,"minecraft:mutton":18,"minecraft:bone_block":428,"minecraft:rail":1020,"minecraft:emerald_ore":12,"minecraft:oxeye_daisy":15,"minecraft:yellow_shulker_box":44,"minecraft:lime_bed":2,"minecraft:birch_leaves":1,"minecraft:smooth_red_sandstone":4,"minecraft:yellow_dye":1,"minecraft:purpur_stairs":13,"minecraft:lily_pad":24,"minecraft:sculk_vein":50,"minecraft:paper":107,"minecraft:apple":6,"minecraft:spore_blossom":3,"minecraft:yellow_stained_glass":1,"minecraft:stone_pickaxe":19,"minecraft:iron_ore":467,"minecraft:gray_bed":2,"minecraft:dark_oak_stairs":19,"minecraft:smooth_basalt":50,"minecraft:milk_bucket":3,"minecraft:light_gray_stained_glass":50,"minecraft:sweet_berries":60,"minecraft:red_wool":136,"minecraft:lime_concrete":195,"minecraft:light_blue_stained_glass":7,"minecraft:crying_obsidian":171,"minecraft:dragon_egg":1,"minecraft:leather_helmet":5,"minecraft:diamond_shovel":20,"minecraft:coal_ore":1209,"minecraft:slime_ball":2817,"minecraft:deepslate_redstone_ore":917,"minecraft:painting":1,"minecraft:birch_sign":75,"minecraft:lodestone":7,"minecraft:baked_potato":106,"minecraft:smooth_quartz_slab":138,"minecraft:hopper":235,"minecraft:black_carpet":3,"minecraft:light_blue_concrete":28,"minecraft:ender_chest":241,"minecraft:nether_brick_fence":4,"minecraft:yellow_wool":20,"minecraft:gilded_blackstone":7,"minecraft:stone_brick_stairs":66,"minecraft:warped_stairs":2,"minecraft:deepslate_lapis_ore":98,"minecraft:experience_bottle":2,"minecraft:smooth_red_sandstone_slab":4,"minecraft:bucket":17,"minecraft:red_sand":1225,"minecraft:smooth_stone":686,"minecraft:comparator":69,"minecraft:light_weighted_pressure_plate":3,"minecraft:white_tulip":16,"minecraft:red_dye":11,"minecraft:cobblestone_slab":129,"minecraft:ender_eye":48,"minecraft:azalea":91,"minecraft:iron_pickaxe":3,"minecraft:smooth_quartz":102,"minecraft:smooth_quartz_stairs":6,"minecraft:deepslate_iron_ore":260,"minecraft:blue_wool":23,"minecraft:tipped_arrow":3,"minecraft:birch_trapdoor":33,"minecraft:polished_deepslate_stairs":122,"minecraft:spruce_stairs":166,"minecraft:crimson_button":2,"minecraft:netherite_shovel":12,"minecraft:diorite":8777,"minecraft:vine":509,"minecraft:goat_horn":2,"minecraft:andesite_wall":7,"minecraft:rotten_flesh":759,"minecraft:brown_shulker_box":3,"minecraft:mangrove_roots":197,"minecraft:deepslate_copper_ore":70,"minecraft:deepslate_brick_stairs":332,"minecraft:obsidian":1736,"minecraft:blaze_powder":32,"minecraft:cobblestone":22733,"minecraft:leather_chestplate":8,"minecraft:muddy_mangrove_roots":3,"minecraft:repeater":227,"minecraft:andesite":9582,"minecraft:golden_leggings":3,"minecraft:beacon":13,"minecraft:potato":2898,"minecraft:prismarine_bricks":9,"minecraft:dirt":39454,"minecraft:name_tag":3,"minecraft:glass":717,"minecraft:bone":652,"minecraft:acacia_planks":39,"minecraft:bow":136,"minecraft:wheat_seeds":2399,"minecraft:grindstone":7,"minecraft:netherite_axe":16,"minecraft:mossy_stone_bricks":4,"minecraft:bamboo":1477,"minecraft:cyan_concrete":179,"minecraft:prismarine":12,"minecraft:diorite_wall":9,"minecraft:red_sandstone_wall":2,"minecraft:black_stained_glass_pane":1,"minecraft:light_blue_shulker_box":105,"minecraft:melon":20,"minecraft:grass_block":26864,"minecraft:diamond_block":283,"minecraft:spectral_arrow":475,"minecraft:jungle_slab":423,"minecraft:mossy_cobblestone":16,"minecraft:jungle_leaves":893,"minecraft:light_gray_terracotta":4,"minecraft:yellow_carpet":10,"minecraft:sugar":24,"minecraft:slime_block":430,"minecraft:netherite_helmet":17,"minecraft:polished_blackstone_pressure_plate":14,"minecraft:soul_lantern":11,"minecraft:cracked_polished_blackstone_bricks":2,"minecraft:crossbow":39,"minecraft:bone_meal":555,"minecraft:grass":2,"minecraft:golden_apple":3,"minecraft:spruce_sign":31,"minecraft:emerald":317,"minecraft:chorus_fruit":239,"minecraft:netherrack":13101,"minecraft:andesite_slab":10,"minecraft:oak_leaves":239,"minecraft:azure_bluet":9,"minecraft:splash_potion":12,"minecraft:ladder":16,"minecraft:brown_mushroom":1369,"minecraft:packed_ice":8703,"minecraft:stone_brick_wall":252,"minecraft:diorite_slab":1,"minecraft:chain":4,"minecraft:shield":24,"minecraft:moss_carpet":151,"minecraft:oak_trapdoor":1,"minecraft:blackstone":800,"minecraft:mycelium":14398,"minecraft:birch_fence":40,"minecraft:magenta_wool":2,"minecraft:lime_wool":2,"minecraft:end_stone":301,"minecraft:flowering_azalea_leaves":8,"minecraft:note_block":5,"minecraft:recovery_compass":1,"minecraft:polished_blackstone_bricks":128,"minecraft:cookie":1,"minecraft:brown_concrete_powder":19,"minecraft:trident":26,"minecraft:light_blue_bed":11,"minecraft:light_gray_stained_glass_pane":1,"minecraft:stone_pressure_plate":2,"minecraft:purple_terracotta":106,"minecraft:blue_concrete_powder":384,"minecraft:weeping_vines":298,"minecraft:red_shulker_box":191,"minecraft:pumpkin_pie":149,"minecraft:nether_brick_wall":7,"minecraft:netherite_boots":17,"minecraft:prismarine_slab":8,"minecraft:purple_dye":1,"minecraft:jungle_boat":30,"minecraft:dark_oak_button":4,"minecraft:basalt":1960,"minecraft:golden_carrot":692,"minecraft:leather":9609,"minecraft:music_disc_stal":3,"minecraft:ice":113,"minecraft:chainmail_chestplate":2,"minecraft:yellow_bed":4,"minecraft:gunpowder":598,"minecraft:cobblestone_wall":1,"minecraft:orange_terracotta":32,"minecraft:cooked_mutton":23,"minecraft:red_carpet":118,"minecraft:mangrove_boat":1,"minecraft:pearlescent_froglight":26,"minecraft:gray_carpet":243,"minecraft:acacia_trapdoor":6,"minecraft:rabbit_hide":1,"minecraft:spruce_wood":2,"minecraft:iron_ingot":803,"minecraft:cooked_chicken":200,"minecraft:polished_andesite_slab":8,"minecraft:sculk_catalyst":15,"minecraft:nether_quartz_ore":24,"minecraft:stone_brick_slab":438,"minecraft:quartz":4266,"minecraft:dandelion":531,"minecraft:lava_bucket":3,"minecraft:amethyst_shard":15,"minecraft:soul_torch":7,"minecraft:spruce_door":3,"minecraft:light_blue_concrete_powder":332,"minecraft:mangrove_leaves":6,"minecraft:pumpkin_seeds":36,"minecraft:sculk_sensor":46,"minecraft:white_concrete_powder":26456,"minecraft:chainmail_leggings":1,"minecraft:terracotta":16885,"minecraft:netherite_hoe":2,"minecraft:sunflower":18,"minecraft:seagrass":12,"minecraft:iron_chestplate":13,"minecraft:prismarine_shard":38,"minecraft:anvil":10,"minecraft:magenta_carpet":3,"minecraft:diamond_sword":4,"minecraft:oak_stairs":1,"minecraft:golden_shovel":1,"minecraft:birch_button":58,"minecraft:brewing_stand":11,"minecraft:golden_sword":9,"minecraft:polished_deepslate_wall":45,"minecraft:amethyst_block":118,"minecraft:dark_oak_trapdoor":31,"minecraft:soul_soil":242,"minecraft:cooked_salmon":12,"minecraft:blue_stained_glass_pane":1,"minecraft:orange_concrete_powder":596,"minecraft:gold_nugget":120,"minecraft:cobbled_deepslate":10905,"minecraft:spruce_planks":218,"minecraft:acacia_sign":11,"minecraft:written_book":175,"minecraft:azalea_leaves":58,"minecraft:enchanted_golden_apple":2,"minecraft:melon_slice":134,"minecraft:coal_block":116,"minecraft:mangrove_log":58,"minecraft:golden_helmet":6,"minecraft:music_disc_blocks":2,"minecraft:composter":8,"minecraft:pink_carpet":3,"minecraft:deepslate_tile_stairs":54,"minecraft:light_gray_bed":16,"minecraft:light_blue_wool":140,"minecraft:tropical_fish":12,"minecraft:blue_dye":10,"minecraft:iron_block":2925,"minecraft:cyan_terracotta":542,"minecraft:netherite_chestplate":14,"minecraft:blackstone_stairs":1,"minecraft:birch_log":2695,"minecraft:magma_block":218,"minecraft:birch_slab":103,"minecraft:iron_door":65,"minecraft:jungle_log":195,"minecraft:magenta_bed":2,"minecraft:netherite_leggings":15,"minecraft:gray_concrete":9596,"minecraft:light_gray_concrete_powder":1291,"minecraft:chipped_anvil":1,"minecraft:glowstone_dust":99,"minecraft:moss_block":1765,"minecraft:warped_wart_block":2,"minecraft:dropper":242,"minecraft:ink_sac":781,"minecraft:loom":1,"minecraft:dark_oak_log":2281,"minecraft:red_terracotta":129,"minecraft:barrel":130,"minecraft:quartz_bricks":1,"minecraft:dispenser":129,"minecraft:writable_book":35,"minecraft:deepslate_gold_ore":375,"minecraft:blue_ice":833,"minecraft:chainmail_helmet":2,"minecraft:acacia_chest_boat":12,"minecraft:bread":62,"minecraft:dark_oak_fence":15,"minecraft:spruce_leaves":3,"minecraft:music_disc_5":11,"minecraft:crafting_table":135,"minecraft:coarse_dirt":156,"minecraft:bubble_coral_fan":64,"minecraft:nether_wart":180,"minecraft:red_bed":1,"minecraft:snow":56,"minecraft:netherite_scrap":8,"minecraft:compass":4,"minecraft:cracked_stone_bricks":13,"minecraft:cartography_table":6,"minecraft:deepslate_diamond_ore":607,"minecraft:music_disc_otherside":15,"minecraft:beef":3043,"minecraft:cyan_wool":90,"minecraft:iron_nugget":507,"minecraft:quartz_stairs":44,"minecraft:chest":161,"minecraft:egg":61,"minecraft:sandstone":8954,"minecraft:polished_deepslate_slab":5,"minecraft:glow_item_frame":6,"minecraft:amethyst_cluster":15,"minecraft:spruce_fence":16,"minecraft:cake":1,"minecraft:carrot":3,"minecraft:redstone":8215,"minecraft:mushroom_stem":94,"minecraft:prismarine_crystals":31,"minecraft:tnt":351,"minecraft:cooked_cod":83,"minecraft:peony":11,"minecraft:diamond_boots":10,"minecraft:shears":7,"minecraft:deepslate_bricks":2019,"minecraft:sandstone_stairs":5,"minecraft:gold_ingot":2984,"minecraft:white_shulker_box":5,"minecraft:glow_berries":176,"minecraft:white_wool":791,"minecraft:crimson_slab":8,"minecraft:lapis_ore":66,"minecraft:stripped_oak_log":3,"minecraft:smooth_red_sandstone_stairs":4,"minecraft:red_mushroom_block":241,"minecraft:red_mushroom":985,"minecraft:filled_map":320,"minecraft:oak_log":254,"minecraft:jungle_button":13,"minecraft:ancient_debris":99,"minecraft:golden_boots":2,"minecraft:blue_bed":3,"minecraft:white_banner":24,"minecraft:birch_pressure_plate":1,"minecraft:stone_bricks":1737,"minecraft:kelp":4138,"minecraft:music_disc_far":2,"minecraft:glass_bottle":22,"minecraft:iron_sword":6,"minecraft:flowering_azalea":37,"minecraft:white_stained_glass_pane":2,"minecraft:dark_oak_slab":91,"minecraft:daylight_detector":9,"minecraft:sculk":13,"minecraft:yellow_concrete":38,"minecraft:spyglass":5,"minecraft:gravel":31018,"minecraft:birch_stairs":45,"minecraft:spruce_sapling":50,"minecraft:spruce_log":1481,"minecraft:sea_lantern":110,"minecraft:firework_rocket":1871,"minecraft:stone_axe":4,"minecraft:polished_diorite":1,"minecraft:light_blue_carpet":17,"minecraft:diamond_axe":15,"minecraft:redstone_ore":29,"minecraft:gray_wool":64,"minecraft:warped_roots":2,"minecraft:melon_seeds":3,"minecraft:warped_nylium":1,"minecraft:stripped_dark_oak_log":1,"minecraft:crimson_nylium":15,"minecraft:mangrove_propagule":19,"minecraft:ender_pearl":32432,"minecraft:shulker_shell":401,"minecraft:music_disc_strad":1,"minecraft:wheat":34,"minecraft:redstone_block":82,"minecraft:iron_trapdoor":108,"minecraft:light_gray_shulker_box":62,"minecraft:potion":78,"minecraft:turtle_egg":2,"minecraft:nether_brick":230,"minecraft:crimson_planks":8,"minecraft:raw_copper":1316,"minecraft:smooth_stone_slab":341,"minecraft:iron_leggings":8,"minecraft:sticky_piston":480,"minecraft:armor_stand":32,"minecraft:pink_shulker_box":61,"minecraft:oak_sign":42,"minecraft:deepslate_tiles":1128,"minecraft:dark_oak_leaves":2,"minecraft:redstone_torch":297,"minecraft:calcite":26,"minecraft:iron_boots":21,"minecraft:furnace":93,"minecraft:stick":470,"minecraft:orange_shulker_box":7,"minecraft:jungle_door":2,"minecraft:deepslate_brick_wall":105,"minecraft:brown_terracotta":4,"minecraft:oak_fence":6,"minecraft:torch":983,"minecraft:porkchop":11,"minecraft:snow_block":47,"minecraft:dried_kelp":4,"minecraft:target":55,"minecraft:pointed_dripstone":838,"minecraft:yellow_concrete_powder":128,"minecraft:blue_stained_glass":2,"minecraft:quartz_block":183,"minecraft:nether_gold_ore":3,"minecraft:cactus":19,"minecraft:cod":95,"minecraft:nautilus_shell":6,"minecraft:magma_cream":10,"minecraft:tuff":855,"minecraft:wither_skeleton_skull":64,"minecraft:acacia_boat":20,"minecraft:lapis_lazuli":1149,"minecraft:leather_boots":20,"minecraft:bell":132,"minecraft:raw_gold":1124,"minecraft:deepslate_brick_slab":451,"minecraft:cobbled_deepslate_slab":9,"minecraft:powered_rail":436,"minecraft:oak_planks":45,"minecraft:stone_hoe":12,"minecraft:brain_coral":1,"minecraft:pink_stained_glass":1,"minecraft:ghast_tear":50,"minecraft:cooked_porkchop":89,"minecraft:sand":43737,"minecraft:poisonous_potato":8,"minecraft:oak_pressure_plate":1,"minecraft:jungle_planks":38,"minecraft:shulker_box":1128,"minecraft:orange_wool":64,"minecraft:dark_prismarine":10,"minecraft:light_gray_concrete":4,"minecraft:spruce_fence_gate":1,"minecraft:clay":272,"minecraft:spruce_boat":23,"minecraft:diamond":2000,"minecraft:black_concrete":160,"minecraft:polished_blackstone_button":5,"minecraft:white_concrete":5001,"minecraft:oak_sapling":20,"minecraft:nether_star":11,"minecraft:end_stone_bricks":2,"minecraft:fishing_rod":7,"minecraft:charcoal":136,"minecraft:mud_brick_slab":25,"minecraft:allium":1,"minecraft:chicken":21,"minecraft:turtle_helmet":1,"minecraft:gold_block":300,"minecraft:stone_stairs":56,"minecraft:orange_concrete":7,"minecraft:iron_axe":8,"minecraft:wooden_sword":2,"minecraft:quartz_slab":70,"minecraft:item_frame":277,"minecraft:cyan_carpet":2,"minecraft:detector_rail":3,"minecraft:andesite_stairs":4,"minecraft:oak_boat":25,"minecraft:player_head":3038,"minecraft:observer":822,"minecraft:lectern":1531,"minecraft:tinted_glass":46,"minecraft:blue_shulker_box":1,"minecraft:sugar_cane":1660,"minecraft:phantom_membrane":89,"minecraft:spruce_trapdoor":96,"minecraft:dark_oak_sapling":17,"minecraft:raw_iron":1587,"minecraft:copper_ingot":6,"minecraft:bowl":3,"minecraft:gray_dye":16,"minecraft:quartz_pillar":4,"minecraft:stone_button":132,"minecraft:magenta_shulker_box":2,"minecraft:dark_oak_planks":149,"minecraft:arrow":1553,"minecraft:light_blue_stained_glass_pane":9,"minecraft:jungle_stairs":19,"minecraft:saddle":11,"minecraft:lime_stained_glass":1,"minecraft:wet_sponge":540,"minecraft:crimson_stem":65,"minecraft:glow_ink_sac":108,"minecraft:salmon":17,"minecraft:birch_planks":286,"minecraft:mushroom_stew":9,"minecraft:nether_wart_block":3,"minecraft:cobblestone_stairs":21,"minecraft:deepslate_tile_slab":119,"minecraft:smooth_sandstone":513,"minecraft:soul_sand":582,"minecraft:acacia_sapling":3,"minecraft:purple_concrete":18,"minecraft:book":2098,"minecraft:scaffolding":1719,"minecraft:birch_boat":129,"minecraft:red_concrete_powder":5876,"minecraft:pumpkin":86,"minecraft:chiseled_stone_bricks":8,"minecraft:dripstone_block":104,"minecraft:raw_iron_block":5,"minecraft:brain_coral_fan":2,"minecraft:blast_furnace":76,"minecraft:white_bed":29,"minecraft:gold_ore":71,"minecraft:dark_oak_fence_gate":15,"minecraft:spider_eye":183,"minecraft:cyan_banner":8,"minecraft:dried_kelp_block":1,"minecraft:light_gray_candle":1,"minecraft:honey_block":314,"minecraft:iron_helmet":9,"minecraft:red_concrete":741,"minecraft:black_wool":98,"minecraft:acacia_slab":15,"minecraft:coal":2716,"minecraft:purple_concrete_powder":510},"minecraft:dropped":{"minecraft:iron_sword":12,"minecraft:porkchop":5,"minecraft:lapis_lazuli":9,"minecraft:glass_bottle":25,"minecraft:diamond":302,"minecraft:crafting_table":31,"minecraft:cooked_porkchop":7,"minecraft:dark_oak_slab":16,"minecraft:weeping_vines":40,"minecraft:glow_berries":57,"minecraft:warped_roots":1,"minecraft:cracked_stone_bricks":5,"minecraft:quartz_pillar":1,"minecraft:red_mushroom":414,"minecraft:emerald":197,"minecraft:red_bed":1,"minecraft:gray_concrete":98,"minecraft:dark_oak_fence":8,"minecraft:dark_oak_trapdoor":2,"minecraft:netherite_boots":7,"minecraft:gold_nugget":47,"minecraft:writable_book":16,"minecraft:sand":285,"minecraft:dark_oak_planks":37,"minecraft:fishing_rod":2,"minecraft:white_wool":5,"minecraft:diorite_slab":5,"minecraft:birch_stairs":37,"minecraft:stone_axe":4,"minecraft:compass":9,"minecraft:lever":116,"minecraft:diamond_block":42,"minecraft:iron_nugget":147,"minecraft:cooked_chicken":12,"minecraft:cobbled_deepslate":825,"minecraft:wheat":14,"minecraft:netherite_sword":11,"minecraft:obsidian":118,"minecraft:music_disc_5":1,"minecraft:stripped_dark_oak_log":1,"minecraft:rotten_flesh":6138,"minecraft:oak_planks":27,"minecraft:glowstone_dust":7,"minecraft:golden_shovel":1,"minecraft:azure_bluet":9,"minecraft:echo_shard":2,"minecraft:red_mushroom_block":57,"minecraft:sea_lantern":60,"minecraft:azalea_leaves":58,"minecraft:coal_ore":121,"minecraft:diorite_wall":4,"minecraft:quartz_block":65,"minecraft:jungle_log":6,"minecraft:leather_boots":7,"minecraft:acacia_sapling":3,"minecraft:leather_leggings":5,"minecraft:glass":60,"minecraft:beef":1004,"minecraft:stone_brick_stairs":2,"minecraft:golden_boots":1,"minecraft:wheat_seeds":861,"minecraft:deepslate_redstone_ore":4,"minecraft:dripstone_block":21,"minecraft:light_gray_stained_glass_pane":1,"minecraft:netherite_chestplate":6,"minecraft:book":4,"minecraft:prismarine_crystals":29,"minecraft:deepslate_tile_slab":16,"minecraft:yellow_carpet":4,"minecraft:golden_apple":9,"minecraft:coal_block":5,"minecraft:acacia_sign":2,"minecraft:dark_oak_leaves":2,"minecraft:gray_wool":4,"minecraft:ink_sac":20,"minecraft:cooked_salmon":12,"minecraft:lapis_ore":16,"minecraft:potion":16,"minecraft:oak_stairs":1,"minecraft:white_banner":3,"minecraft:red_dye":11,"minecraft:jungle_boat":3,"minecraft:mud":18,"minecraft:smooth_stone":31,"minecraft:chainmail_leggings":36,"minecraft:lily_pad":4,"minecraft:acacia_planks":49,"minecraft:stone_brick_slab":57,"minecraft:snow_block":40,"minecraft:soul_soil":31,"minecraft:green_terracotta":6,"minecraft:player_head":169,"minecraft:sticky_piston":2,"minecraft:stone_shovel":4,"minecraft:clay_ball":153,"minecraft:iron_boots":15,"minecraft:cobbled_deepslate_slab":12,"minecraft:white_terracotta":1,"minecraft:oak_sign":9,"minecraft:polished_deepslate_stairs":15,"minecraft:deepslate_lapis_ore":12,"minecraft:suspicious_stew":18,"minecraft:cyan_wool":89,"minecraft:spruce_boat":4,"minecraft:peony":1,"minecraft:spruce_trapdoor":4,"minecraft:spruce_planks":130,"minecraft:diamond_pickaxe":7,"minecraft:bamboo":110,"minecraft:redstone_torch":32,"minecraft:stone_pressure_plate":6,"minecraft:barrel":33,"minecraft:stone_bricks":202,"minecraft:sandstone":368,"minecraft:red_sand":4,"minecraft:bow":21,"minecraft:magma_block":117,"minecraft:terracotta":18,"minecraft:daylight_detector":3,"minecraft:acacia_boat":4,"minecraft:soul_sand":83,"minecraft:moss_block":14,"minecraft:orange_dye":1,"minecraft:ender_pearl":33340,"minecraft:dark_oak_sapling":10,"minecraft:leather":1688,"minecraft:red_wool":69,"minecraft:jungle_planks":43,"minecraft:birch_slab":68,"minecraft:cod":6,"minecraft:cobblestone_stairs":13,"minecraft:cracked_polished_blackstone_bricks":2,"minecraft:redstone_lamp":3,"minecraft:dark_oak_log":471,"minecraft:packed_ice":33,"minecraft:ice":2,"minecraft:snowball":29,"minecraft:jungle_sign":7,"minecraft:gold_ingot":3802,"minecraft:purpur_block":9,"minecraft:spyglass":1,"minecraft:andesite_slab":2,"minecraft:pointed_dripstone":4,"minecraft:cyan_shulker_box":1,"minecraft:cooked_mutton":19,"minecraft:mycelium":2920,"minecraft:recovery_compass":1,"minecraft:mushroom_stem":6,"minecraft:leather_chestplate":2,"minecraft:trident":6,"minecraft:mangrove_log":15,"minecraft:dropper":33,"minecraft:acacia_slab":4,"minecraft:stone_brick_wall":10,"minecraft:purple_concrete_powder":8,"minecraft:iron_bars":168,"minecraft:iron_ore":65,"minecraft:birch_button":11,"minecraft:scaffolding":269,"minecraft:splash_potion":3,"minecraft:stone_hoe":27,"minecraft:bread":61,"minecraft:vine":2,"minecraft:golden_helmet":5,"minecraft:yellow_concrete":1,"minecraft:netherite_axe":4,"minecraft:mangrove_propagule":6,"minecraft:amethyst_block":14,"minecraft:tropical_fish":7,"minecraft:acacia_log":14,"minecraft:acacia_trapdoor":1,"minecraft:iron_block":1045,"minecraft:milk_bucket":6,"minecraft:light_blue_wool":33,"minecraft:nether_wart_block":1,"minecraft:melon_slice":7,"minecraft:white_concrete":233,"minecraft:iron_door":63,"minecraft:yellow_shulker_box":2,"minecraft:light_gray_stained_glass":7,"minecraft:fire_charge":5,"minecraft:jungle_leaves":1,"minecraft:polished_blackstone_brick_slab":1,"minecraft:stonecutter":1,"minecraft:polished_basalt":12,"minecraft:raw_iron_block":5,"minecraft:cactus":2,"minecraft:redstone_block":87,"minecraft:polished_deepslate":4,"minecraft:polished_diorite":1,"minecraft:kelp":766,"minecraft:sweet_berries":28,"minecraft:dragon_head":1,"minecraft:light_gray_terracotta":4,"minecraft:sculk_sensor":2,"minecraft:birch_pressure_plate":1,"minecraft:comparator":2,"minecraft:stripped_oak_log":3,"minecraft:totem_of_undying":14,"minecraft:shulker_box":3,"minecraft:netherite_leggings":6,"minecraft:flint_and_steel":5,"minecraft:copper_ore":80,"minecraft:deepslate_bricks":46,"minecraft:andesite":530,"minecraft:golden_leggings":2,"minecraft:oak_sapling":18,"minecraft:birch_sign":24,"minecraft:brain_coral":1,"minecraft:spruce_log":90,"minecraft:wooden_pickaxe":2,"minecraft:magma_cream":3,"minecraft:clay":53,"minecraft:acacia_wood":1,"minecraft:piston":60,"minecraft:oak_pressure_plate":1,"minecraft:cooked_beef":3674,"minecraft:emerald_ore":1,"minecraft:crossbow":12,"minecraft:glow_item_frame":2,"minecraft:rooted_dirt":31,"minecraft:dark_oak_button":3,"minecraft:saddle":2,"minecraft:purpur_stairs":13,"minecraft:elytra":9,"minecraft:rail":53,"minecraft:leather_helmet":2,"minecraft:red_carpet":107,"minecraft:item_frame":10,"minecraft:dirt":4314,"minecraft:melon":2,"minecraft:grass":2,"minecraft:stone_button":75,"minecraft:yellow_dye":3,"minecraft:mangrove_boat":1,"minecraft:jungle_sapling":3,"minecraft:phantom_membrane":48,"minecraft:wooden_sword":2,"minecraft:sunflower":3,"minecraft:bone_meal":757,"minecraft:sugar":27,"minecraft:iron_pickaxe":2,"minecraft:end_crystal":16,"minecraft:blue_bed":2,"minecraft:bone":311,"minecraft:brain_coral_fan":1,"minecraft:sugar_cane":4,"minecraft:golden_chestplate":7,"minecraft:nether_brick":23,"minecraft:birch_sapling":19,"minecraft:deepslate_brick_slab":42,"minecraft:enchanted_golden_apple":1,"minecraft:netherite_shovel":3,"minecraft:end_stone":62,"minecraft:dark_oak_fence_gate":2,"minecraft:acacia_button":9,"minecraft:firework_star":64,"minecraft:deepslate_tiles":12,"minecraft:heavy_weighted_pressure_plate":24,"minecraft:deepslate_copper_ore":8,"minecraft:jungle_stairs":6,"minecraft:charcoal":72,"minecraft:honey_block":3,"minecraft:hopper":18,"minecraft:ladder":2,"minecraft:spruce_slab":83,"minecraft:white_dye":15,"minecraft:end_stone_bricks":2,"minecraft:enchanted_book":16,"minecraft:egg":8,"minecraft:crimson_planks":2,"minecraft:iron_ingot":512,"minecraft:netherite_pickaxe":6,"minecraft:birch_leaves":1,"minecraft:mangrove_leaves":3,"minecraft:tnt":72,"minecraft:polished_blackstone":3,"minecraft:deepslate_brick_wall":8,"minecraft:netherite_helmet":6,"minecraft:oak_fence":6,"minecraft:feather":34,"minecraft:cobblestone":2340,"minecraft:iron_helmet":21,"minecraft:purple_concrete":153,"minecraft:apple":3,"minecraft:granite":481,"minecraft:spruce_button":4,"minecraft:spruce_door":3,"minecraft:purple_dye":1,"minecraft:polished_blackstone_button":1,"minecraft:coal":49,"minecraft:polished_andesite":1,"minecraft:end_rod":3,"minecraft:oxeye_daisy":7,"minecraft:jungle_slab":12,"minecraft:sculk":4,"minecraft:iron_trapdoor":3,"minecraft:golden_carrot":286,"minecraft:wooden_hoe":2,"minecraft:diamond_helmet":1,"minecraft:brown_terracotta":4,"minecraft:paper":71,"minecraft:iron_shovel":3,"minecraft:string":154,"minecraft:polished_deepslate_wall":10,"minecraft:spruce_sapling":13,"minecraft:purpur_pillar":2,"minecraft:furnace":6,"minecraft:moss_carpet":87,"minecraft:soul_torch":12,"minecraft:deepslate":4265,"minecraft:stone_sword":1,"minecraft:dark_oak_sign":4,"minecraft:smooth_stone_slab":3,"minecraft:bowl":4,"minecraft:chicken":13,"minecraft:slime_block":2,"minecraft:stone_slab":16,"minecraft:spruce_fence":5,"minecraft:target":30,"minecraft:big_dripleaf":3,"minecraft:light_blue_dye":1,"minecraft:potato":2970,"minecraft:cobblestone_slab":49,"minecraft:stone":5856,"minecraft:hay_block":45,"minecraft:blue_banner":7,"minecraft:wooden_shovel":2,"minecraft:light_gray_dye":1,"minecraft:spider_eye":116,"minecraft:brown_carpet":6,"minecraft:magenta_concrete_powder":8,"minecraft:birch_boat":3,"minecraft:magenta_dye":1,"minecraft:red_tulip":5,"minecraft:bell":66,"minecraft:dark_prismarine":1,"minecraft:quartz_slab":6,"minecraft:crimson_nylium":15,"minecraft:gold_ore":11,"minecraft:spruce_sign":9,"minecraft:brown_mushroom":612,"minecraft:birch_planks":199,"minecraft:dark_oak_stairs":14,"minecraft:diamond_axe":3,"minecraft:baked_potato":27,"minecraft:sandstone_slab":3,"minecraft:lantern":76,"minecraft:flint":60,"minecraft:spruce_leaves":3,"minecraft:cyan_terracotta":3,"minecraft:deepslate_gold_ore":5,"minecraft:netherite_scrap":5,"minecraft:jungle_button":11,"minecraft:dispenser":2,"minecraft:cornflower":7,"minecraft:crimson_roots":3,"minecraft:cooked_cod":21,"minecraft:pumpkin_pie":54,"minecraft:polished_blackstone_bricks":9,"minecraft:birch_log":90,"minecraft:brown_mushroom_block":18,"minecraft:armor_stand":8,"minecraft:gravel":1336,"minecraft:white_tulip":16,"minecraft:blackstone":92,"minecraft:diamond_shovel":2,"minecraft:prismarine":8,"minecraft:stone_stairs":19,"minecraft:carrot":3,"minecraft:chainmail_chestplate":10,"minecraft:chiseled_stone_bricks":1,"minecraft:poppy":296,"minecraft:rabbit_hide":1,"minecraft:gunpowder":84,"minecraft:birch_trapdoor":5,"minecraft:melon_seeds":3,"minecraft:spruce_pressure_plate":3,"minecraft:chest":13,"minecraft:azalea":7,"minecraft:arrow":2450,"minecraft:cyan_concrete":77,"minecraft:blackstone_slab":1,"minecraft:basalt":71,"minecraft:powered_rail":54,"minecraft:prismarine_bricks":5,"minecraft:netherrack":1631,"minecraft:oak_leaves":12,"minecraft:firework_rocket":990,"minecraft:quartz":666,"minecraft:water_bucket":8,"minecraft:written_book":82,"minecraft:oak_slab":4,"minecraft:magenta_carpet":3,"minecraft:deepslate_iron_ore":17,"minecraft:mossy_cobblestone":8,"minecraft:minecart":88,"minecraft:cyan_dye":1,"minecraft:diamond_leggings":4,"minecraft:poisonous_potato":5,"minecraft:prismarine_shard":27,"minecraft:lead":5,"minecraft:sculk_vein":2,"minecraft:observer":67,"minecraft:dark_oak_pressure_plate":1,"minecraft:hopper_minecart":6,"minecraft:copper_ingot":6,"minecraft:grass_block":774,"minecraft:stick":366,"minecraft:deepslate_brick_stairs":59,"minecraft:blue_dye":2,"minecraft:nether_gold_ore":3,"minecraft:diorite":796,"minecraft:brewing_stand":2,"minecraft:warped_stairs":2,"minecraft:torch":112,"minecraft:sculk_catalyst":2,"minecraft:smooth_quartz":6,"minecraft:map":1,"minecraft:iron_leggings":2,"minecraft:smooth_quartz_slab":16,"minecraft:flowering_azalea":5,"minecraft:iron_axe":37,"minecraft:bucket":13,"minecraft:music_disc_cat":1,"minecraft:dandelion":49,"minecraft:smooth_basalt":18,"minecraft:redstone":348,"minecraft:bubble_coral":6,"minecraft:warped_nylium":1,"minecraft:coarse_dirt":9,"minecraft:ender_chest":89,"minecraft:nether_wart":1,"minecraft:blaze_rod":1,"minecraft:tuff":682,"minecraft:raw_iron":33,"minecraft:cyan_stained_glass_pane":2,"minecraft:glass_pane":30,"minecraft:red_terracotta":10,"minecraft:filled_map":24,"minecraft:snow":5,"minecraft:shield":24,"minecraft:orange_terracotta":32,"minecraft:diamond_chestplate":2,"minecraft:iron_chestplate":13,"minecraft:mossy_stone_bricks":4,"minecraft:golden_sword":10,"minecraft:diamond_boots":4,"minecraft:slime_ball":16,"minecraft:stone_pickaxe":56,"minecraft:raw_gold":7,"minecraft:nether_quartz_ore":4,"minecraft:calcite":15}},"DataVersion":3120}