{"stats":{"minecraft:broken":{"minecraft:iron_boots":1,"minecraft:iron_chestplate":1,"minecraft:iron_leggings":1,"minecraft:diamond_shovel":1,"minecraft:fishing_rod":1,"minecraft:iron_hoe":1,"minecraft:stone_hoe":1,"minecraft:shield":1,"minecraft:iron_pickaxe":1,"minecraft:iron_helmet":1,"minecraft:iron_shovel":3,"minecraft:stone_pickaxe":1,"minecraft:stone_axe":1,"minecraft:stone_shovel":6},"minecraft:dropped":{"minecraft:iron_sword":9,"minecraft:lapis_lazuli":151,"minecraft:cooked_beef":61,"minecraft:glow_ink_sac":15,"minecraft:glass_bottle":8,"minecraft:diamond":93,"minecraft:crafting_table":6,"minecraft:cooked_porkchop":7,"minecraft:orange_tulip":31,"minecraft:weeping_vines":2,"minecraft:glow_berries":3,"minecraft:quartz_pillar":1,"minecraft:elytra":8,"minecraft:rail":12,"minecraft:leather_helmet":2,"minecraft:red_mushroom":116,"minecraft:emerald":1,"minecraft:gold_block":2,"minecraft:dirt":1768,"minecraft:birch_fence":1,"minecraft:netherite_boots":4,"minecraft:jungle_sapling":2,"minecraft:gold_nugget":266,"minecraft:wooden_sword":5,"minecraft:bone_meal":73,"minecraft:sunflower":3,"minecraft:phantom_membrane":57,"minecraft:sand":233,"minecraft:iron_pickaxe":4,"minecraft:sugar":2,"minecraft:white_wool":33,"minecraft:fishing_rod":6,"minecraft:bone":292,"minecraft:stone_axe":1,"minecraft:sugar_cane":4,"minecraft:diamond_block":13,"minecraft:cooked_chicken":2,"minecraft:polished_andesite_slab":2,"minecraft:golden_chestplate":1,"minecraft:cobbled_deepslate":826,"minecraft:wheat":230,"minecraft:netherite_sword":2,"minecraft:birch_sapling":18,"minecraft:obsidian":15,"minecraft:rotten_flesh":231,"minecraft:oak_planks":55,"minecraft:end_stone":25,"minecraft:netherite_shovel":1,"minecraft:glowstone_dust":4,"minecraft:golden_shovel":4,"minecraft:azure_bluet":220,"minecraft:white_bed":10,"minecraft:salmon":5,"minecraft:tipped_arrow":1,"minecraft:orange_banner":1,"minecraft:charcoal":7,"minecraft:jungle_log":4,"minecraft:leather_boots":2,"minecraft:leather_leggings":4,"minecraft:white_dye":25,"minecraft:spruce_slab":10,"minecraft:glass":2,"minecraft:beef":26,"minecraft:warped_wart_block":2,"minecraft:ghast_tear":1,"minecraft:egg":1,"minecraft:enchanted_book":5,"minecraft:golden_boots":4,"minecraft:iron_ingot":20,"minecraft:netherite_pickaxe":4,"minecraft:wheat_seeds":1809,"minecraft:netherite_helmet":6,"minecraft:book":1,"minecraft:netherite_chestplate":6,"minecraft:feather":14,"minecraft:oak_fence":4,"minecraft:prismarine_crystals":580,"minecraft:iron_helmet":5,"minecraft:cobblestone":1035,"minecraft:apple":8,"minecraft:granite":82,"minecraft:spruce_door":2,"minecraft:chainmail_helmet":1,"minecraft:coal":29,"minecraft:golden_apple":2,"minecraft:warped_trapdoor":8,"minecraft:pufferfish":8,"minecraft:oxeye_daisy":56,"minecraft:diamond_horse_armor":2,"minecraft:dark_oak_leaves":2,"minecraft:golden_carrot":243,"minecraft:ink_sac":37,"minecraft:wooden_hoe":1,"minecraft:rose_bush":46,"minecraft:diamond_helmet":4,"minecraft:cooked_salmon":9,"minecraft:potion":3,"minecraft:stripped_birch_log":7,"minecraft:red_dye":18,"minecraft:jungle_boat":3,"minecraft:chipped_anvil":1,"minecraft:paper":2,"minecraft:smooth_stone":196,"minecraft:chainmail_leggings":1,"minecraft:string":78,"minecraft:iron_shovel":5,"minecraft:blue_carpet":1,"minecraft:lily_pad":5,"minecraft:spruce_sapling":59,"minecraft:magenta_shulker_box":1,"minecraft:pink_tulip":118,"minecraft:furnace":1,"minecraft:moss_carpet":20,"minecraft:soul_soil":2,"minecraft:netherite_hoe":1,"minecraft:player_head":49,"minecraft:stone_sword":1,"minecraft:dark_oak_sign":1,"minecraft:bowl":5,"minecraft:deepslate":1,"minecraft:stone_shovel":7,"minecraft:chicken":2,"minecraft:clay_ball":104,"minecraft:iron_boots":6,"minecraft:blue_concrete":1,"minecraft:damaged_anvil":1,"minecraft:name_tag":3,"minecraft:white_shulker_box":2,"minecraft:oak_sign":26,"minecraft:nether_bricks":4,"minecraft:spruce_fence":6,"minecraft:shears":2,"minecraft:lily_of_the_valley":39,"minecraft:diamond_sword":8,"minecraft:cobblestone_slab":11,"minecraft:potato":211,"minecraft:spruce_boat":14,"minecraft:stone":51,"minecraft:allium":69,"minecraft:spruce_trapdoor":1,"minecraft:spruce_planks":58,"minecraft:diamond_pickaxe":28,"minecraft:bamboo":180,"minecraft:spider_eye":61,"minecraft:blue_orchid":4,"minecraft:birch_boat":1,"minecraft:bow":51,"minecraft:red_tulip":29,"minecraft:stripped_spruce_wood":1,"minecraft:magma_block":32,"minecraft:spruce_sign":34,"minecraft:birch_planks":2,"minecraft:moss_block":20,"minecraft:soul_sand":4,"minecraft:brown_mushroom":131,"minecraft:diamond_axe":6,"minecraft:oak_log":20,"minecraft:baked_potato":1456,"minecraft:dark_oak_sapling":27,"minecraft:leather":96,"minecraft:jungle_planks":80,"minecraft:birch_slab":1,"minecraft:cod":410,"minecraft:cobblestone_stairs":5,"minecraft:flint":26,"minecraft:dark_oak_log":360,"minecraft:packed_ice":3,"minecraft:ice":445,"minecraft:cornflower":13,"minecraft:mutton":4,"minecraft:cooked_cod":315,"minecraft:snowball":40,"minecraft:jungle_sign":18,"minecraft:axolotl_bucket":1,"minecraft:birch_log":27,"minecraft:gold_ingot":1,"minecraft:gravel":95,"minecraft:white_tulip":7,"minecraft:crimson_fungus":12,"minecraft:blackstone":234,"minecraft:spyglass":14,"minecraft:music_disc_otherside":1,"minecraft:diamond_shovel":3,"minecraft:prismarine":2,"minecraft:cooked_mutton":3,"minecraft:carrot":4,"minecraft:chainmail_chestplate":1,"minecraft:poppy":385,"minecraft:shulker_shell":8,"minecraft:rabbit_hide":1,"minecraft:leather_chestplate":2,"minecraft:trident":7,"minecraft:gunpowder":33,"minecraft:azalea":4,"minecraft:chainmail_boots":1,"minecraft:chest":11,"minecraft:birch_door":2,"minecraft:basalt":341,"minecraft:arrow":261,"minecraft:quartz":329,"minecraft:scaffolding":93,"minecraft:white_concrete_powder":616,"minecraft:written_book":2,"minecraft:oak_leaves":1,"minecraft:netherrack":2786,"minecraft:firework_rocket":605,"minecraft:water_bucket":9,"minecraft:stone_hoe":1,"minecraft:bread":130,"minecraft:stripped_spruce_log":11,"minecraft:oak_slab":5,"minecraft:golden_helmet":2,"minecraft:lilac":29,"minecraft:mossy_cobblestone":64,"minecraft:diamond_leggings":5,"minecraft:poisonous_potato":44,"minecraft:netherite_axe":1,"minecraft:prismarine_shard":1440,"minecraft:lead":2,"minecraft:spectral_arrow":2,"minecraft:copper_ingot":6,"minecraft:tropical_fish":5,"minecraft:spruce_stairs":30,"minecraft:stick":347,"minecraft:diorite":111,"minecraft:torch":254,"minecraft:nether_wart_block":1,"minecraft:white_concrete":3,"minecraft:iron_leggings":6,"minecraft:flowering_azalea":3,"minecraft:iron_axe":5,"minecraft:bucket":3,"minecraft:dandelion":211,"minecraft:redstone":64,"minecraft:polished_diorite":6,"minecraft:anvil":226,"minecraft:kelp":382,"minecraft:sweet_berries":3898,"minecraft:ender_chest":1,"minecraft:coarse_dirt":8,"minecraft:nether_wart":4,"minecraft:raw_copper":256,"minecraft:tuff":222,"minecraft:raw_iron":108,"minecraft:light_gray_wool":1,"minecraft:iron_hoe":5,"minecraft:stripped_oak_log":2,"minecraft:totem_of_undying":1,"minecraft:shulker_box":1,"minecraft:netherite_leggings":5,"minecraft:flint_and_steel":2,"minecraft:filled_map":1,"minecraft:snow":18,"minecraft:shield":7,"minecraft:diamond_chestplate":3,"minecraft:iron_chestplate":6,"minecraft:andesite":134,"minecraft:golden_leggings":7,"minecraft:oak_boat":23,"minecraft:oak_sapling":29,"minecraft:golden_sword":11,"minecraft:diamond_boots":5,"minecraft:slime_ball":1,"minecraft:spruce_log":9,"minecraft:stone_pickaxe":2,"minecraft:wooden_pickaxe":1,"minecraft:raw_gold":48,"minecraft:light_blue_bed":1,"minecraft:brick":2},"minecraft:custom":{"minecraft:interact_with_crafting_table":270,"minecraft:open_barrel":51,"minecraft:bell_ring":244,"minecraft:leave_game":327,"minecraft:time_since_death":136866,"minecraft:damage_blocked_by_shield":4891,"minecraft:play_time":6833271,"minecraft:deaths":38,"minecraft:jump":133627,"minecraft:enchant_item":104,"minecraft:interact_with_furnace":1682,"minecraft:play_record":71,"minecraft:traded_with_villager":104,"minecraft:interact_with_cartography_table":2,"minecraft:sleep_in_bed":87,"minecraft:damage_dealt":208165,"minecraft:interact_with_smoker":126,"minecraft:horse_one_cm":26007,"minecraft:interact_with_smithing_table":2,"minecraft:inspect_dropper":2,"minecraft:interact_with_anvil":52,"minecraft:inspect_hopper":91,"minecraft:damage_dealt_absorbed":8,"minecraft:sneak_time":259400,"minecraft:interact_with_lectern":11,"minecraft:interact_with_blast_furnace":26,"minecraft:total_world_time":6833271,"minecraft:interact_with_stonecutter":3,"minecraft:time_since_rest":136886,"minecraft:swim_one_cm":6122626,"minecraft:fly_one_cm":46129425,"minecraft:open_chest":3329,"minecraft:fish_caught":1,"minecraft:fall_one_cm":6168488,"minecraft:animals_bred":26,"minecraft:open_shulker_box":49,"minecraft:damage_resisted":21983,"minecraft:sprint_one_cm":20212882,"minecraft:drop":5503,"minecraft:talked_to_villager":51,"minecraft:interact_with_brewingstand":9,"minecraft:walk_on_water_one_cm":2469683,"minecraft:interact_with_loom":4,"minecraft:open_enderchest":228,"minecraft:interact_with_beacon":1,"minecraft:player_kills":47,"minecraft:crouch_one_cm":691692,"minecraft:mob_kills":4782,"minecraft:climb_one_cm":223066,"minecraft:walk_one_cm":13525721,"minecraft:walk_under_water_one_cm":3814782,"minecraft:boat_one_cm":9611709,"minecraft:pot_flower":1,"minecraft:interact_with_grindstone":59,"minecraft:damage_taken":90553,"minecraft:pig_one_cm":305,"minecraft:aviate_one_cm":59190327},"minecraft:picked_up":{"minecraft:iron_chestplate":11,"minecraft:birch_door":34,"minecraft:chainmail_boots":1,"minecraft:prismarine_shard":2704,"minecraft:anvil":330,"minecraft:lead":3,"minecraft:diamond_sword":25,"minecraft:enchanted_book":8,"minecraft:golden_shovel":3,"minecraft:blue_concrete":608,"minecraft:golden_sword":10,"minecraft:amethyst_block":64,"minecraft:music_disc_cat":3,"minecraft:polished_deepslate":1,"minecraft:string":121,"minecraft:soul_soil":8,"minecraft:cooked_salmon":12,"minecraft:pufferfish":9,"minecraft:diamond_leggings":8,"minecraft:gold_nugget":357,"minecraft:cobbled_deepslate":2126,"minecraft:spruce_planks":124,"minecraft:written_book":6,"minecraft:melon_slice":52,"minecraft:spruce_pressure_plate":3,"minecraft:jukebox":2,"minecraft:composter":1,"minecraft:deepslate_tile_stairs":64,"minecraft:stone_sword":6,"minecraft:tropical_fish":8,"minecraft:iron_block":164,"minecraft:red_tulip":32,"minecraft:glowstone":10,"minecraft:netherite_chestplate":24,"minecraft:iron_bars":1,"minecraft:snowball":130,"minecraft:birch_log":42,"minecraft:magma_block":34,"minecraft:feather":17,"minecraft:cooked_beef":132,"minecraft:water_bucket":20,"minecraft:medium_amethyst_bud":26,"minecraft:iron_door":10,"minecraft:birch_slab":2,"minecraft:jungle_log":286,"minecraft:flint":152,"minecraft:stripped_spruce_wood":2,"minecraft:netherite_leggings":25,"minecraft:lantern":81,"minecraft:chipped_anvil":12,"minecraft:large_amethyst_bud":26,"minecraft:dark_oak_sign":1,"minecraft:diamond_helmet":6,"minecraft:glowstone_dust":12,"minecraft:moss_block":45,"minecraft:warped_wart_block":2,"minecraft:stripped_spruce_log":16,"minecraft:ink_sac":57,"minecraft:dark_oak_log":452,"minecraft:iron_hoe":2,"minecraft:polished_andesite":4,"minecraft:black_concrete_powder":64,"minecraft:deepslate":1,"minecraft:writable_book":1,"minecraft:granite":149,"minecraft:bread":264,"minecraft:rooted_dirt":1,"minecraft:diamond_pickaxe":57,"minecraft:crafting_table":14,"minecraft:coarse_dirt":8,"minecraft:nether_wart":14,"minecraft:clay_ball":324,"minecraft:leather_leggings":2,"minecraft:cornflower":38,"minecraft:red_bed":1,"minecraft:elytra":22,"minecraft:flint_and_steel":2,"minecraft:iron_shovel":16,"minecraft:glass_pane":9,"minecraft:netherite_sword":4,"minecraft:music_disc_otherside":62,"minecraft:beef":50,"minecraft:jungle_sapling":2,"minecraft:poppy":211,"minecraft:spruce_slab":5,"minecraft:chest":40,"minecraft:birch_sapling":28,"minecraft:diamond_hoe":1,"minecraft:raw_copper_block":1,"minecraft:egg":4,"minecraft:stone":194,"minecraft:amethyst_cluster":49,"minecraft:spruce_fence":8,"minecraft:carrot":7,"minecraft:redstone":69,"minecraft:netherite_pickaxe":7,"minecraft:prismarine_crystals":1436,"minecraft:blue_carpet":1,"minecraft:jungle_sign":53,"minecraft:stone_shovel":3,"minecraft:diamond_chestplate":5,"minecraft:cooked_cod":1820,"minecraft:shears":5,"minecraft:diamond_boots":10,"minecraft:warped_sign":5,"minecraft:gold_ingot":1,"minecraft:totem_of_undying":2,"minecraft:white_shulker_box":2,"minecraft:glow_berries":27,"minecraft:mutton":5,"minecraft:white_wool":35,"minecraft:rail":12,"minecraft:oxeye_daisy":56,"minecraft:stripped_oak_log":2,"minecraft:red_mushroom":156,"minecraft:filled_map":2,"minecraft:oak_log":415,"minecraft:lily_pad":16,"minecraft:ancient_debris":17,"minecraft:golden_boots":2,"minecraft:paper":5,"minecraft:white_banner":1,"minecraft:birch_pressure_plate":2,"minecraft:apple":16,"minecraft:stone_bricks":2,"minecraft:kelp":383,"minecraft:stone_pickaxe":7,"minecraft:glass_bottle":4,"minecraft:iron_sword":10,"minecraft:flowering_azalea":9,"minecraft:sweet_berries":21616,"minecraft:yellow_concrete":334,"minecraft:spyglass":26,"minecraft:gravel":792,"minecraft:small_amethyst_bud":19,"minecraft:spruce_sapling":185,"minecraft:spruce_log":3081,"minecraft:leather_helmet":1,"minecraft:diamond_shovel":9,"minecraft:firework_rocket":1203,"minecraft:coal_ore":8,"minecraft:slime_ball":10,"minecraft:polished_diorite":6,"minecraft:stone_axe":4,"minecraft:diamond_axe":26,"minecraft:birch_sign":3,"minecraft:baked_potato":2010,"minecraft:melon_seeds":3,"minecraft:ender_pearl":10,"minecraft:shulker_shell":8,"minecraft:music_disc_strad":7,"minecraft:wheat":1055,"minecraft:ender_chest":4,"minecraft:turtle_egg":1,"minecraft:potion":17,"minecraft:nether_brick":98,"minecraft:stone_brick_stairs":2,"minecraft:raw_copper":285,"minecraft:smooth_stone_slab":83,"minecraft:iron_leggings":10,"minecraft:oak_sign":41,"minecraft:deepslate_tiles":64,"minecraft:smooth_stone":186,"minecraft:bucket":5,"minecraft:dark_oak_leaves":2,"minecraft:white_tulip":7,"minecraft:red_dye":13,"minecraft:redstone_torch":1,"minecraft:rose_bush":92,"minecraft:cobblestone_slab":82,"minecraft:calcite":7,"minecraft:azalea":6,"minecraft:iron_pickaxe":7,"minecraft:iron_boots":10,"minecraft:furnace":24,"minecraft:tipped_arrow":1,"minecraft:stick":241,"minecraft:oak_fence":4,"minecraft:torch":468,"minecraft:spruce_stairs":30,"minecraft:porkchop":6,"minecraft:netherite_shovel":2,"minecraft:diorite":162,"minecraft:yellow_concrete_powder":1,"minecraft:cactus":9,"minecraft:rotten_flesh":245,"minecraft:obsidian":38,"minecraft:cod":813,"minecraft:cobblestone":2460,"minecraft:lilac":53,"minecraft:magma_cream":6,"minecraft:andesite":193,"minecraft:golden_leggings":2,"minecraft:potato":8483,"minecraft:tuff":450,"minecraft:warped_trapdoor":8,"minecraft:acacia_boat":47,"minecraft:stripped_birch_log":7,"minecraft:dirt":6388,"minecraft:lapis_lazuli":453,"minecraft:name_tag":2,"minecraft:leather_boots":1,"minecraft:glass":8,"minecraft:bone":288,"minecraft:wheat_seeds":4615,"minecraft:bow":14,"minecraft:orange_tulip":31,"minecraft:cobbled_deepslate_wall":2,"minecraft:raw_gold":605,"minecraft:cobbled_deepslate_slab":13,"minecraft:netherite_axe":2,"minecraft:bamboo":359,"minecraft:prismarine":12,"minecraft:oak_planks":71,"minecraft:stone_hoe":3,"minecraft:ghast_tear":1,"minecraft:pink_concrete":3,"minecraft:cooked_porkchop":12,"minecraft:music_disc_13":1,"minecraft:sand":817,"minecraft:axolotl_bucket":1,"minecraft:jungle_planks":10,"minecraft:poisonous_potato":44,"minecraft:diamond_block":13,"minecraft:grass_block":22,"minecraft:lily_of_the_valley":39,"minecraft:jungle_slab":1,"minecraft:shulker_box":1,"minecraft:sugar":2,"minecraft:diamond":210,"minecraft:black_concrete":83,"minecraft:spruce_boat":60,"minecraft:netherite_helmet":24,"minecraft:bone_meal":296,"minecraft:white_concrete":1654,"minecraft:golden_apple":3,"minecraft:spruce_sign":98,"minecraft:emerald":1,"minecraft:oak_sapling":130,"minecraft:netherrack":4324,"minecraft:chorus_fruit":21,"minecraft:oak_leaves":1,"minecraft:fishing_rod":7,"minecraft:charcoal":180,"minecraft:allium":69,"minecraft:azure_bluet":374,"minecraft:chicken":6,"minecraft:ladder":2,"minecraft:packed_ice":18,"minecraft:brown_mushroom":303,"minecraft:wooden_pickaxe":1,"minecraft:stone_brick_wall":9,"minecraft:gold_block":36,"minecraft:diamond_horse_armor":2,"minecraft:brick":2,"minecraft:shield":11,"minecraft:moss_carpet":28,"minecraft:iron_axe":8,"minecraft:wooden_sword":5,"minecraft:item_frame":2,"minecraft:birch_fence":1,"minecraft:blackstone":235,"minecraft:blue_orchid":4,"minecraft:oak_boat":194,"minecraft:player_head":127,"minecraft:light_gray_wool":1,"minecraft:sugar_cane":126,"minecraft:phantom_membrane":57,"minecraft:spruce_trapdoor":2,"minecraft:dark_oak_sapling":27,"minecraft:raw_iron":2684,"minecraft:end_stone":50,"minecraft:copper_ingot":4,"minecraft:bowl":5,"minecraft:quartz_pillar":1,"minecraft:trident":30,"minecraft:magenta_shulker_box":1,"minecraft:dark_oak_planks":116,"minecraft:blue_concrete_powder":1,"minecraft:weeping_vines":2,"minecraft:arrow":358,"minecraft:nether_bricks":4,"minecraft:pink_tulip":123,"minecraft:netherite_boots":25,"minecraft:jungle_boat":53,"minecraft:basalt":588,"minecraft:golden_carrot":541,"minecraft:glow_ink_sac":23,"minecraft:salmon":18,"minecraft:leather":139,"minecraft:music_disc_stal":1,"minecraft:birch_planks":5,"minecraft:ice":1068,"minecraft:crimson_fungus":12,"minecraft:cobblestone_wall":1,"minecraft:cobbled_deepslate_stairs":2,"minecraft:nether_wart_block":1,"minecraft:gunpowder":41,"minecraft:cobblestone_stairs":10,"minecraft:cooked_mutton":7,"minecraft:rabbit_hide":1,"minecraft:iron_ingot":70,"minecraft:cooked_chicken":7,"minecraft:polished_andesite_slab":2,"minecraft:soul_sand":4,"minecraft:scaffolding":124,"minecraft:birch_boat":21,"minecraft:quartz":301,"minecraft:dandelion":346,"minecraft:raw_iron_block":10,"minecraft:amethyst_shard":12,"minecraft:white_bed":3,"minecraft:spruce_door":2,"minecraft:spider_eye":54,"minecraft:stripped_jungle_log":4,"minecraft:white_concrete_powder":423,"minecraft:chainmail_leggings":2,"minecraft:iron_helmet":8,"minecraft:damaged_anvil":7,"minecraft:netherite_hoe":2,"minecraft:coal":1153,"minecraft:sunflower":4},"minecraft:crafted":{"minecraft:black_dye":17,"minecraft:smooth_stone":146,"minecraft:oak_sign":45,"minecraft:birch_boat":1,"minecraft:slime_block":1,"minecraft:diamond_shovel":4,"minecraft:nether_brick":280,"minecraft:iron_bars":16,"minecraft:glass":42,"minecraft:diamond_helmet":1,"minecraft:diamond_leggings":2,"minecraft:black_wool":1,"minecraft:glass_bottle":12,"minecraft:emerald":132,"minecraft:cooked_porkchop":4,"minecraft:diamond_axe":2,"minecraft:jungle_boat":2,"minecraft:copper_ingot":76,"minecraft:wooden_hoe":2,"minecraft:iron_pickaxe":4,"minecraft:iron_block":349,"minecraft:light_blue_bed":1,"minecraft:gold_ingot":923,"minecraft:netherite_ingot":4,"minecraft:composter":1,"minecraft:jungle_sign":42,"minecraft:yellow_concrete_powder":248,"minecraft:prismarine":29,"minecraft:stone_shovel":19,"minecraft:smooth_stone_slab":252,"minecraft:spyglass":8,"minecraft:diamond_hoe":1,"minecraft:bone_meal":1419,"minecraft:orange_wool":6,"minecraft:diamond":63,"minecraft:black_concrete_powder":128,"minecraft:stone_pickaxe":6,"minecraft:diamond_boots":2,"minecraft:spruce_boat":4,"minecraft:redstone_block":7,"minecraft:dark_oak_planks":12,"minecraft:coal_block":38,"minecraft:enchanted_book":8,"minecraft:orange_dye":6,"minecraft:golden_apple":8,"minecraft:iron_shovel":3,"minecraft:iron_leggings":3,"minecraft:white_bed":20,"minecraft:oak_planks":680,"minecraft:cobblestone_slab":162,"minecraft:cooked_chicken":1,"minecraft:stone":88,"minecraft:cobblestone_stairs":8,"minecraft:green_dye":8,"minecraft:iron_boots":3,"minecraft:raw_copper":9,"minecraft:chest":61,"minecraft:netherite_helmet":1,"minecraft:copper_block":6,"minecraft:blue_concrete_powder":256,"minecraft:stone_hoe":1,"minecraft:oak_slab":12,"minecraft:crafting_table":5,"minecraft:spruce_planks":416,"minecraft:baked_potato":3727,"minecraft:iron_helmet":3,"minecraft:gold_block":94,"minecraft:birch_planks":32,"minecraft:iron_chestplate":3,"minecraft:book":25,"minecraft:paper":105,"minecraft:diamond_pickaxe":2,"minecraft:charcoal":651,"minecraft:emerald_block":4,"minecraft:yellow_dye":35,"minecraft:shield":2,"minecraft:stick":300,"minecraft:light_blue_dye":6,"minecraft:iron_ingot":3319,"minecraft:stone_sword":6,"minecraft:raw_iron":531,"minecraft:coal":324,"minecraft:fishing_rod":1,"minecraft:furnace":24,"minecraft:dark_oak_sign":3,"minecraft:diamond_block":10,"minecraft:glass_pane":48,"minecraft:flint_and_steel":2,"minecraft:white_concrete_powder":272,"minecraft:iron_axe":3,"minecraft:iron_hoe":3,"minecraft:lime_dye":6,"minecraft:netherite_scrap":17,"minecraft:orange_banner":1,"minecraft:cooked_beef":21,"minecraft:red_dye":9,"minecraft:diamond_sword":3,"minecraft:spruce_sign":51,"minecraft:iron_sword":2,"minecraft:bowl":4,"minecraft:nether_bricks":55,"minecraft:cooked_salmon":2,"minecraft:bucket":4,"minecraft:bread":130,"minecraft:acacia_boat":1,"minecraft:air":0,"minecraft:jungle_planks":236,"minecraft:blue_dye":36,"minecraft:oak_boat":57,"minecraft:white_dye":65,"minecraft:raw_gold":207,"minecraft:blue_wool":1,"minecraft:anvil":68,"minecraft:torch":144,"minecraft:lapis_lazuli":882,"minecraft:clay":13,"minecraft:lapis_block":34,"minecraft:diamond_chestplate":1},"minecraft:used":{"minecraft:moss_block":27,"minecraft:writable_book":3,"minecraft:poppy":6,"minecraft:ladder":2,"minecraft:elytra":7,"minecraft:chest":78,"minecraft:stone":37,"minecraft:warped_sign":5,"minecraft:rotten_flesh":9,"minecraft:jungle_slab":1,"minecraft:snowball":91,"minecraft:azure_bluet":63,"minecraft:spruce_boat":43,"minecraft:packed_ice":16,"minecraft:grass_block":19,"minecraft:birch_sapling":8,"minecraft:netherite_hoe":21,"minecraft:stone_brick_stairs":2,"minecraft:music_disc_stal":1,"minecraft:netherite_boots":16,"minecraft:sweet_berries":16071,"minecraft:furnace":41,"minecraft:oak_sapling":33,"minecraft:cooked_cod":590,"minecraft:egg":3,"minecraft:potato":1962,"minecraft:diorite":30,"minecraft:damaged_anvil":6,"minecraft:blackstone":10,"minecraft:chorus_fruit":1,"minecraft:prismarine":26,"minecraft:wooden_pickaxe":19,"minecraft:composter":2,"minecraft:jungle_boat":51,"minecraft:golden_apple":1,"minecraft:glow_berries":19,"minecraft:sand":219,"minecraft:netherite_helmet":14,"minecraft:black_concrete_powder":64,"minecraft:birch_slab":1,"minecraft:diamond_sword":3276,"minecraft:birch_log":6,"minecraft:ice":479,"minecraft:oak_boat":180,"minecraft:iron_bars":11,"minecraft:stone_sword":93,"minecraft:cooked_salmon":2,"minecraft:netherrack":1206,"minecraft:torch":241,"minecraft:anvil":168,"minecraft:wheat":68,"minecraft:light_blue_dye":1,"minecraft:golden_shovel":11,"minecraft:blue_concrete":529,"minecraft:flowering_azalea":5,"minecraft:chipped_anvil":11,"minecraft:iron_block":13,"minecraft:iron_axe":237,"minecraft:rooted_dirt":1,"minecraft:slime_block":1,"minecraft:jungle_log":19,"minecraft:diamond_chestplate":4,"minecraft:glowstone":2,"minecraft:basalt":358,"minecraft:cobbled_deepslate":1065,"minecraft:wheat_seeds":4358,"minecraft:water_bucket":504,"minecraft:birch_planks":2,"minecraft:blue_concrete_powder":257,"minecraft:glow_ink_sac":2,"minecraft:salmon":2,"minecraft:pink_concrete":3,"minecraft:crafting_table":10,"minecraft:red_bed":1,"minecraft:birch_sign":3,"minecraft:white_bed":12,"minecraft:cod":7,"minecraft:music_disc_strad":4,"minecraft:spruce_log":337,"minecraft:oak_log":2,"minecraft:yellow_dye":1,"minecraft:diamond_pickaxe":29317,"minecraft:cornflower":1,"minecraft:diamond_shovel":5048,"minecraft:sunflower":1,"minecraft:iron_pickaxe":509,"minecraft:spruce_pressure_plate":3,"minecraft:spruce_trapdoor":1,"minecraft:spruce_sapling":92,"minecraft:cobblestone":858,"minecraft:potion":5,"minecraft:cooked_porkchop":9,"minecraft:glass_pane":41,"minecraft:kelp":1,"minecraft:dandelion":56,"minecraft:jukebox":2,"minecraft:diamond_leggings":5,"minecraft:moss_carpet":6,"minecraft:iron_shovel":1080,"minecraft:polished_deepslate":1,"minecraft:diamond_hoe":398,"minecraft:oak_sign":42,"minecraft:white_concrete_powder":1415,"minecraft:shield":111,"minecraft:iron_sword":102,"minecraft:nether_wart":8,"minecraft:player_head":24,"minecraft:iron_chestplate":5,"minecraft:birch_pressure_plate":1,"minecraft:jungle_planks":4,"minecraft:nether_bricks":55,"minecraft:tuff":323,"minecraft:axolotl_bucket":25,"minecraft:obsidian":45,"minecraft:glass":12,"minecraft:coal_ore":8,"minecraft:lantern":1,"minecraft:iron_helmet":5,"minecraft:stone_bricks":2,"minecraft:item_frame":2,"minecraft:magma_block":2,"minecraft:written_book":6,"minecraft:scaffolding":31,"minecraft:gold_block":34,"minecraft:diamond_boots":7,"minecraft:stone_pickaxe":130,"minecraft:dark_oak_sign":3,"minecraft:oak_planks":67,"minecraft:ender_pearl":5,"minecraft:diamond_axe":5491,"minecraft:sugar_cane":18,"minecraft:white_wool":2,"minecraft:netherite_leggings":15,"minecraft:mushroom_stew":1,"minecraft:yellow_concrete":280,"minecraft:stone_brick_wall":9,"minecraft:end_stone":15,"minecraft:redstone_torch":1,"minecraft:black_concrete":49,"minecraft:firework_rocket":154,"minecraft:dark_oak_log":3,"minecraft:string":2,"minecraft:bread":156,"minecraft:melon_slice":18,"minecraft:iron_door":10,"minecraft:gravel":1,"minecraft:jungle_sign":18,"minecraft:andesite":48,"minecraft:smooth_stone_slab":195,"minecraft:white_concrete":2298,"minecraft:bone_meal":16,"minecraft:cobweb":2,"minecraft:trident":6485,"minecraft:rose_bush":3,"minecraft:flint_and_steel":37,"minecraft:music_disc_otherside":63,"minecraft:tropical_fish":2,"minecraft:stone_shovel":1151,"minecraft:spruce_planks":48,"minecraft:stone_hoe":124,"minecraft:cooked_chicken":2,"minecraft:dirt":4039,"minecraft:spyglass":5361,"minecraft:diamond_helmet":7,"minecraft:raw_iron_block":1,"minecraft:salmon_bucket":1,"minecraft:granite":21,"minecraft:birch_door":12,"minecraft:iron_hoe":762,"minecraft:iron_boots":6,"minecraft:yellow_concrete_powder":249,"minecraft:golden_carrot":16,"minecraft:soul_soil":6,"minecraft:cooked_beef":31,"minecraft:iron_leggings":6,"minecraft:cobbled_deepslate_wall":2,"minecraft:cooked_mutton":4,"minecraft:acacia_boat":47,"minecraft:pink_tulip":1,"minecraft:cobblestone_stairs":13,"minecraft:glass_bottle":13,"minecraft:polished_andesite":4,"minecraft:netherite_chestplate":11,"minecraft:baked_potato":1666,"minecraft:copper_block":6,"minecraft:birch_boat":21,"minecraft:brown_mushroom":5,"minecraft:spruce_sign":74,"minecraft:cobblestone_slab":129,"minecraft:music_disc_cat":3,"minecraft:red_mushroom":14,"minecraft:wooden_hoe":10,"minecraft:stone_axe":79,"minecraft:fishing_rod":69,"minecraft:white_banner":1,"minecraft:bucket":533},"minecraft:killed":{"minecraft:cave_spider":83,"minecraft:cod":1,"minecraft:skeleton":137,"minecraft:guardian":4047,"minecraft:chicken":8,"minecraft:tropical_fish":3,"minecraft:skeleton_horse":2,"minecraft:magma_cube":17,"minecraft:salmon":8,"minecraft:pillager":4,"minecraft:zombie":143,"minecraft:donkey":1,"minecraft:glow_squid":1,"minecraft:cow":14,"minecraft:endermite":1,"minecraft:rabbit":1,"minecraft:polar_bear":5,"minecraft:enderman":13,"minecraft:zombified_piglin":10,"minecraft:witch":1,"minecraft:spider":45,"minecraft:wolf":1,"minecraft:piglin":3,"minecraft:pig":7,"minecraft:zombie_villager":7,"minecraft:creeper":41,"minecraft:sheep":5,"minecraft:trader_llama":1,"minecraft:ghast":1,"minecraft:mooshroom":60,"minecraft:blaze":1,"minecraft:slime":11,"minecraft:phantom":30,"minecraft:drowned":4,"minecraft:bat":1,"minecraft:squid":27},"minecraft:killed_by":{"minecraft:zombie":1,"minecraft:creeper":2,"minecraft:player":20,"minecraft:phantom":1},"minecraft:mined":{"minecraft:red_shulker_box":1,"minecraft:white_bed":3,"minecraft:jungle_leaves":27,"minecraft:obsidian":36,"minecraft:granite":119,"minecraft:stone_brick_wall":9,"minecraft:jungle_log":259,"minecraft:oxeye_daisy":56,"minecraft:oak_wall_sign":7,"minecraft:nether_wart":11,"minecraft:spawner":1,"minecraft:weeping_vines_plant":1,"minecraft:tall_seagrass":10,"minecraft:magma_block":68,"minecraft:cobbled_deepslate":169,"minecraft:fire":25,"minecraft:moss_carpet":9,"minecraft:deepslate_lapis_ore":7,"minecraft:cave_vines":14,"minecraft:oak_sign":6,"minecraft:dirt_path":57,"minecraft:small_amethyst_bud":1,"minecraft:spruce_pressure_plate":3,"minecraft:pink_tulip":81,"minecraft:iron_block":25,"minecraft:tripwire":3,"minecraft:brown_mushroom":100,"minecraft:blue_concrete_powder":1,"minecraft:kelp_plant":22,"minecraft:player_wall_head":9,"minecraft:amethyst_cluster":1,"minecraft:crimson_nylium":2,"minecraft:soul_fire":1,"minecraft:powder_snow":1,"minecraft:torch":32,"minecraft:melon":10,"minecraft:spruce_wall_sign":2,"minecraft:sugar_cane":87,"minecraft:damaged_anvil":6,"minecraft:spruce_sign":15,"minecraft:amethyst_block":100,"minecraft:birch_sapling":2,"minecraft:wheat":1120,"minecraft:lilac":38,"minecraft:jukebox":1,"minecraft:birch_door":10,"minecraft:stone_brick_stairs":3,"minecraft:grass":1434,"minecraft:smooth_basalt":1,"minecraft:red_mushroom_block":412,"minecraft:deepslate":3667,"minecraft:stripped_birch_log":13,"minecraft:dark_oak_log":256,"minecraft:end_stone":14,"minecraft:shulker_box":1,"minecraft:nether_bricks":5,"minecraft:allium":53,"minecraft:jungle_planks":7,"minecraft:yellow_concrete_powder":1,"minecraft:kelp":19,"minecraft:moss_block":55,"minecraft:red_mushroom":11,"minecraft:white_concrete_powder":5,"minecraft:snow":2,"minecraft:pink_concrete":1,"minecraft:andesite":186,"minecraft:big_dripleaf_stem":1,"minecraft:potatoes":1720,"minecraft:rail":2,"minecraft:cobblestone_slab":29,"minecraft:vine":59,"minecraft:warped_trapdoor":4,"minecraft:bamboo":37,"minecraft:white_wool":1,"minecraft:glass_pane":1,"minecraft:soul_sand":6,"minecraft:lily_of_the_valley":25,"minecraft:dandelion":294,"minecraft:jungle_sign":7,"minecraft:cobbled_deepslate_wall":2,"minecraft:cornflower":9,"minecraft:copper_ore":35,"minecraft:tall_grass":122,"minecraft:deepslate_gold_ore":257,"minecraft:diorite":163,"minecraft:big_dripleaf":2,"minecraft:coarse_dirt":2,"minecraft:cobblestone_wall":1,"minecraft:spruce_log":2954,"minecraft:birch_leaves":23,"minecraft:dark_oak_sign":1,"minecraft:mycelium":1606,"minecraft:sunflower":3,"minecraft:gravel":827,"minecraft:dripstone_block":3,"minecraft:cobweb":13,"minecraft:birch_sign":1,"minecraft:stone_bricks":2,"minecraft:chipped_anvil":10,"minecraft:gold_ore":10,"minecraft:fern":129,"minecraft:spruce_planks":52,"minecraft:attached_melon_stem":1,"minecraft:oak_sapling":2,"minecraft:farmland":159,"minecraft:jungle_slab":1,"minecraft:cobblestone_stairs":10,"minecraft:cave_vines_plant":8,"minecraft:budding_amethyst":7,"minecraft:grass_block":2171,"minecraft:blue_concrete":568,"minecraft:white_concrete":1785,"minecraft:soul_soil":7,"minecraft:polished_blackstone_brick_slab":1,"minecraft:warped_sign":3,"minecraft:composter":1,"minecraft:raw_iron_block":10,"minecraft:glowstone":23,"minecraft:iron_ore":645,"minecraft:anvil":79,"minecraft:azure_bluet":333,"minecraft:red_tulip":7,"minecraft:iron_bars":1,"minecraft:azalea":8,"minecraft:deepslate_redstone_ore":46,"minecraft:blackstone":297,"minecraft:clay":110,"minecraft:calcite":19,"minecraft:poppy":161,"minecraft:chest":27,"minecraft:mushroom_stem":95,"minecraft:nether_quartz_ore":254,"minecraft:cobblestone":139,"minecraft:prismarine":9,"minecraft:oak_planks":33,"minecraft:iron_door":7,"minecraft:wall_torch":19,"minecraft:deepslate_copper_ore":1,"minecraft:magenta_shulker_box":1,"minecraft:seagrass":4,"minecraft:nether_wart_block":1,"minecraft:birch_log":51,"minecraft:orange_tulip":21,"minecraft:smooth_stone_slab":8,"minecraft:oak_log":443,"minecraft:sand":628,"minecraft:dirt":1672,"minecraft:raw_copper_block":1,"minecraft:ancient_debris":17,"minecraft:netherrack":10573,"minecraft:oak_leaves":808,"minecraft:nether_gold_ore":53,"minecraft:diamond_ore":7,"minecraft:tuff":515,"minecraft:dark_oak_leaves":4,"minecraft:deepslate_diamond_ore":62,"minecraft:glow_lichen":2,"minecraft:brown_mushroom_block":538,"minecraft:birch_slab":2,"minecraft:spruce_leaves":194,"minecraft:rooted_dirt":1,"minecraft:large_fern":4,"minecraft:spruce_sapling":33,"minecraft:furnace":18,"minecraft:carrots":3,"minecraft:stripped_spruce_log":7,"minecraft:black_concrete":66,"minecraft:peony":1,"minecraft:gold_block":36,"minecraft:polished_deepslate":1,"minecraft:deepslate_iron_ore":632,"minecraft:lantern":1,"minecraft:stripped_oak_log":2,"minecraft:stripped_jungle_log":4,"minecraft:packed_ice":89,"minecraft:chorus_plant":4,"minecraft:stone":2131,"minecraft:podzol":56,"minecraft:scaffolding":17,"minecraft:flowering_azalea":11,"minecraft:snow_block":40,"minecraft:basalt":1290,"minecraft:crafting_table":13,"minecraft:rose_bush":59,"minecraft:deepslate_coal_ore":1,"minecraft:lapis_ore":19,"minecraft:lily_pad":1,"minecraft:spruce_stairs":5,"minecraft:birch_planks":2,"minecraft:cactus":3,"minecraft:redstone_torch":2,"minecraft:sweet_berry_bush":3663,"minecraft:ice":957,"minecraft:coal_ore":416,"minecraft:yellow_concrete":307,"minecraft:polished_andesite":4,"minecraft:small_dripleaf":1,"minecraft:birch_fence":1}},"DataVersion":3120}