{"stats":{"minecraft:killed":{"minecraft:cave_spider":287,"minecraft:spider":197,"minecraft:skeleton":19,"minecraft:guardian":12,"minecraft:chicken":1,"minecraft:axolotl":1,"minecraft:magma_cube":1,"minecraft:creeper":8,"minecraft:pillager":1,"minecraft:zombie":24,"minecraft:mooshroom":20,"minecraft:glow_squid":1,"minecraft:cow":2,"minecraft:phantom":1,"minecraft:drowned":2,"minecraft:rabbit":1,"minecraft:enderman":3},"minecraft:picked_up":{"minecraft:iron_chestplate":8,"minecraft:birch_door":15,"minecraft:music_disc_strad":14,"minecraft:wheat":344,"minecraft:iron_trapdoor":5,"minecraft:anvil":3,"minecraft:prismarine_shard":3,"minecraft:lead":2,"minecraft:diamond_sword":8,"minecraft:enchanted_book":9,"minecraft:golden_shovel":4,"minecraft:amethyst_block":3,"minecraft:polished_deepslate":5,"minecraft:music_disc_cat":17,"minecraft:string":55,"minecraft:raw_copper":113,"minecraft:iron_leggings":12,"minecraft:oak_sign":3,"minecraft:deepslate_tiles":128,"minecraft:gold_nugget":14,"minecraft:cobbled_deepslate":3853,"minecraft:bucket":10,"minecraft:spruce_planks":848,"minecraft:cobblestone_slab":13,"minecraft:calcite":13,"minecraft:iron_pickaxe":2,"minecraft:melon_slice":111,"minecraft:iron_boots":9,"minecraft:furnace":20,"minecraft:stick":205,"minecraft:jungle_door":1,"minecraft:jukebox":7,"minecraft:torch":221,"minecraft:spruce_stairs":88,"minecraft:diorite":10,"minecraft:warped_planks":102,"minecraft:deepslate_tile_stairs":119,"minecraft:stone_sword":6,"minecraft:rotten_flesh":41,"minecraft:cod":2,"minecraft:obsidian":45,"minecraft:iron_bars":4,"minecraft:cobblestone":2035,"minecraft:birch_log":12,"minecraft:enchanting_table":1,"minecraft:magma_block":39,"minecraft:leather_chestplate":1,"minecraft:feather":4,"minecraft:cooked_beef":43,"minecraft:andesite":53,"minecraft:iron_door":4,"minecraft:birch_slab":7,"minecraft:water_bucket":9,"minecraft:jungle_log":186,"minecraft:potato":4,"minecraft:flint":18,"minecraft:tuff":233,"minecraft:stripped_spruce_wood":4,"minecraft:lapis_lazuli":679,"minecraft:dirt":854,"minecraft:name_tag":8,"minecraft:leather_boots":2,"minecraft:glass":16,"minecraft:bone":28,"minecraft:chipped_anvil":4,"minecraft:bow":3,"minecraft:cobbled_deepslate_wall":6,"minecraft:wheat_seeds":1232,"minecraft:raw_gold":289,"minecraft:cobbled_deepslate_slab":56,"minecraft:grindstone":1,"minecraft:prismarine":2,"minecraft:bamboo":856,"minecraft:moss_block":3,"minecraft:oak_planks":3,"minecraft:stone_hoe":4,"minecraft:music_disc_13":10,"minecraft:axolotl_bucket":1,"minecraft:jungle_planks":3,"minecraft:sand":187,"minecraft:stripped_spruce_log":50,"minecraft:ink_sac":5,"minecraft:dark_oak_log":290,"minecraft:spectral_arrow":2,"minecraft:mossy_cobblestone":278,"minecraft:iron_hoe":2,"minecraft:clay":1,"minecraft:diamond":200,"minecraft:deepslate":3,"minecraft:spruce_boat":34,"minecraft:dark_oak_fence":6,"minecraft:granite":52,"minecraft:bread":192,"minecraft:golden_apple":1,"minecraft:spruce_button":1,"minecraft:spruce_sign":123,"minecraft:golden_horse_armor":3,"minecraft:emerald":26,"minecraft:rooted_dirt":66,"minecraft:oak_sapling":37,"minecraft:netherrack":736,"minecraft:crimson_roots":2,"minecraft:diamond_pickaxe":13,"minecraft:fishing_rod":4,"minecraft:crafting_table":36,"minecraft:azure_bluet":96,"minecraft:chicken":1,"minecraft:clay_ball":83,"minecraft:golden_pickaxe":2,"minecraft:brown_mushroom":3,"minecraft:packed_ice":4,"minecraft:gold_block":31,"minecraft:brick":2,"minecraft:shield":13,"minecraft:cornflower":1,"minecraft:moss_carpet":37,"minecraft:iron_axe":10,"minecraft:flint_and_steel":8,"minecraft:iron_shovel":10,"minecraft:blackstone":75,"minecraft:glass_pane":14,"minecraft:music_disc_otherside":47,"minecraft:beef":45,"minecraft:oak_boat":5,"minecraft:player_head":13,"minecraft:lectern":201,"minecraft:iron_nugget":8,"minecraft:poppy":5,"minecraft:spruce_slab":15,"minecraft:minecart":1,"minecraft:sugar_cane":300,"minecraft:chest":16,"minecraft:birch_sapling":12,"minecraft:phantom_membrane":1,"minecraft:raw_iron":623,"minecraft:spruce_fence":6,"minecraft:carrot":25,"minecraft:redstone":802,"minecraft:prismarine_crystals":2,"minecraft:iron_horse_armor":4,"minecraft:jungle_sign":9,"minecraft:dark_oak_planks":250,"minecraft:arrow":31,"minecraft:stone_shovel":3,"minecraft:deepslate_bricks":14,"minecraft:shears":1,"minecraft:diamond_boots":8,"minecraft:hay_block":4,"minecraft:gold_ingot":59,"minecraft:mutton":2,"minecraft:rail":11,"minecraft:white_wool":11,"minecraft:jungle_boat":2,"minecraft:basalt":114,"minecraft:golden_carrot":430,"minecraft:glow_ink_sac":45,"minecraft:leather":18,"minecraft:music_disc_stal":5,"minecraft:red_mushroom":88,"minecraft:birch_planks":42,"minecraft:ice":1,"minecraft:cobblestone_wall":1,"minecraft:oak_log":170,"minecraft:cobbled_deepslate_stairs":185,"minecraft:gunpowder":23,"minecraft:wooden_hoe":1,"minecraft:paper":1,"minecraft:birch_pressure_plate":2,"minecraft:apple":2,"minecraft:warped_stem":46,"minecraft:iron_ingot":83,"minecraft:heart_of_the_sea":2,"minecraft:stone_pickaxe":9,"minecraft:iron_sword":1,"minecraft:book":3,"minecraft:smooth_basalt":49,"minecraft:emerald_block":64,"minecraft:sweet_berries":3943,"minecraft:quartz":44,"minecraft:dandelion":59,"minecraft:raw_iron_block":5,"minecraft:gravel":119,"minecraft:spruce_sapling":69,"minecraft:spruce_log":1871,"minecraft:spider_eye":13,"minecraft:spruce_door":6,"minecraft:leather_helmet":2,"minecraft:pumpkin_seeds":27,"minecraft:stone_axe":4,"minecraft:iron_helmet":13,"minecraft:diamond_axe":9,"minecraft:birch_sign":2,"minecraft:damaged_anvil":1,"minecraft:warped_nylium":1,"minecraft:coal":386,"minecraft:hopper":6},"minecraft:dropped":{"minecraft:spruce_sign":38,"minecraft:diamond_axe":2,"minecraft:lapis_lazuli":6,"minecraft:cooked_beef":4,"minecraft:glow_ink_sac":6,"minecraft:golden_pickaxe":2,"minecraft:diamond":5,"minecraft:crafting_table":1,"minecraft:jungle_planks":12,"minecraft:iron_horse_armor":2,"minecraft:emerald":3,"minecraft:leather_helmet":1,"minecraft:rail":5,"minecraft:flint":5,"minecraft:dirt":26,"minecraft:jungle_button":1,"minecraft:jungle_sign":6,"minecraft:gold_nugget":6,"minecraft:sand":7,"minecraft:phantom_membrane":1,"minecraft:iron_pickaxe":2,"minecraft:fishing_rod":2,"minecraft:white_wool":4,"minecraft:gold_ingot":6,"minecraft:bone":2,"minecraft:gravel":19,"minecraft:emerald_block":64,"minecraft:blackstone":11,"minecraft:stone_axe":5,"minecraft:cooked_chicken":1,"minecraft:iron_nugget":7,"minecraft:cobbled_deepslate":592,"minecraft:birch_sapling":7,"minecraft:grindstone":1,"minecraft:oak_planks":3,"minecraft:rotten_flesh":17,"minecraft:warped_sign":2,"minecraft:golden_shovel":1,"minecraft:poppy":3,"minecraft:gunpowder":14,"minecraft:jungle_log":27,"minecraft:leather_boots":1,"minecraft:birch_door":7,"minecraft:basalt":4,"minecraft:arrow":18,"minecraft:netherrack":70,"minecraft:quartz":16,"minecraft:enchanted_book":4,"minecraft:stone_hoe":1,"minecraft:water_bucket":7,"minecraft:golden_boots":1,"minecraft:wheat_seeds":118,"minecraft:bread":13,"minecraft:cobbled_deepslate_stairs":1,"minecraft:mossy_cobblestone":104,"minecraft:golden_horse_armor":1,"minecraft:prismarine_shard":3,"minecraft:prismarine_crystals":2,"minecraft:feather":4,"minecraft:lead":2,"minecraft:book":6,"minecraft:cobbled_deepslate_wall":6,"minecraft:cobblestone":230,"minecraft:iron_helmet":5,"minecraft:granite":4,"minecraft:coal":107,"minecraft:stick":26,"minecraft:ink_sac":5,"minecraft:diorite":6,"minecraft:golden_carrot":6,"minecraft:wooden_hoe":1,"minecraft:torch":5,"minecraft:iron_leggings":4,"minecraft:music_disc_strad":3,"minecraft:iron_axe":4,"minecraft:chipped_anvil":1,"minecraft:iron_shovel":2,"minecraft:string":15,"minecraft:bucket":1,"minecraft:redstone":68,"minecraft:lapis_block":3,"minecraft:sweet_berries":923,"minecraft:player_head":2,"minecraft:cobblestone_wall":1,"minecraft:stone_sword":2,"minecraft:jukebox":2,"minecraft:bowl":1,"minecraft:tuff":34,"minecraft:stone_shovel":1,"minecraft:raw_iron":11,"minecraft:chicken":1,"minecraft:birch_pressure_plate":2,"minecraft:iron_boots":7,"minecraft:cobbled_deepslate_slab":3,"minecraft:stone_slab":5,"minecraft:name_tag":4,"minecraft:oak_sign":1,"minecraft:pumpkin_seeds":9,"minecraft:flint_and_steel":1,"minecraft:filled_map":5,"minecraft:stone":4,"minecraft:cobblestone_slab":6,"minecraft:spruce_boat":39,"minecraft:shield":1,"minecraft:spruce_trapdoor":1,"minecraft:diamond_pickaxe":1,"minecraft:spruce_planks":2,"minecraft:iron_chestplate":5,"minecraft:andesite":4,"minecraft:oak_sapling":7,"minecraft:birch_sign":3,"minecraft:bamboo":319,"minecraft:spider_eye":5,"minecraft:spruce_log":63,"minecraft:stone_pickaxe":5,"minecraft:wooden_pickaxe":1,"minecraft:raw_gold":4,"minecraft:magma_block":2,"minecraft:brick":1},"minecraft:custom":{"minecraft:animals_bred":51,"minecraft:interact_with_crafting_table":196,"minecraft:open_barrel":28,"minecraft:leave_game":23,"minecraft:time_since_death":1612,"minecraft:damage_resisted":2633,"minecraft:sprint_one_cm":3583978,"minecraft:damage_blocked_by_shield":255,"minecraft:drop":400,"minecraft:talked_to_villager":433,"minecraft:play_time":1025725,"minecraft:deaths":18,"minecraft:jump":25434,"minecraft:walk_on_water_one_cm":267994,"minecraft:enchant_item":25,"minecraft:interact_with_furnace":161,"minecraft:play_record":94,"minecraft:traded_with_villager":27,"minecraft:sleep_in_bed":4,"minecraft:open_enderchest":1,"minecraft:damage_dealt":47626,"minecraft:player_kills":6,"minecraft:crouch_one_cm":455125,"minecraft:interact_with_smoker":8,"minecraft:use_cauldron":1,"minecraft:inspect_dispenser":5,"minecraft:horse_one_cm":1866,"minecraft:interact_with_smithing_table":1,"minecraft:mob_kills":749,"minecraft:interact_with_anvil":3,"minecraft:inspect_hopper":2,"minecraft:fill_cauldron":3,"minecraft:climb_one_cm":40892,"minecraft:walk_one_cm":3219036,"minecraft:sneak_time":71931,"minecraft:walk_under_water_one_cm":277524,"minecraft:boat_one_cm":1195435,"minecraft:interact_with_blast_furnace":2,"minecraft:total_world_time":1025725,"minecraft:tune_noteblock":1,"minecraft:interact_with_grindstone":21,"minecraft:interact_with_stonecutter":3,"minecraft:time_since_rest":1619,"minecraft:damage_taken":19607,"minecraft:swim_one_cm":672202,"minecraft:fly_one_cm":6464490,"minecraft:pig_one_cm":463,"minecraft:open_chest":1305,"minecraft:fall_one_cm":940079},"minecraft:killed_by":{"minecraft:polar_bear":1,"minecraft:zombie":1,"minecraft:player":4,"minecraft:enderman":1},"minecraft:broken":{"minecraft:iron_shovel":1,"minecraft:iron_boots":1,"minecraft:golden_shovel":1,"minecraft:iron_leggings":2,"minecraft:iron_sword":4,"minecraft:fishing_rod":2,"minecraft:golden_chestplate":1,"minecraft:leather_helmet":1,"minecraft:stone_hoe":3,"minecraft:iron_axe":1,"minecraft:iron_pickaxe":1,"minecraft:iron_helmet":2},"minecraft:crafted":{"minecraft:jungle_button":1,"minecraft:grindstone":1,"minecraft:oak_planks":148,"minecraft:cobblestone_slab":6,"minecraft:oak_sign":9,"minecraft:cooked_chicken":1,"minecraft:birch_slab":6,"minecraft:stone":8,"minecraft:bookshelf":4,"minecraft:heavy_weighted_pressure_plate":1,"minecraft:spruce_pressure_plate":2,"minecraft:cooked_mutton":1,"minecraft:iron_bars":48,"minecraft:warped_planks":100,"minecraft:glass":80,"minecraft:hopper":3,"minecraft:diamond_helmet":2,"minecraft:diamond_leggings":1,"minecraft:iron_boots":3,"minecraft:chest":27,"minecraft:iron_door":9,"minecraft:birch_door":6,"minecraft:stone_hoe":4,"minecraft:raw_iron_block":45,"minecraft:smoker":1,"minecraft:deepslate":1,"minecraft:emerald":3,"minecraft:cauldron":2,"minecraft:diamond_axe":1,"minecraft:crafting_table":26,"minecraft:spruce_planks":3492,"minecraft:jungle_boat":5,"minecraft:wooden_pickaxe":1,"minecraft:iron_helmet":3,"minecraft:raw_gold_block":28,"minecraft:spruce_door":3,"minecraft:birch_pressure_plate":1,"minecraft:cobbled_deepslate_wall":6,"minecraft:gold_block":5,"minecraft:birch_planks":24,"minecraft:spruce_trapdoor":2,"minecraft:lectern":3,"minecraft:charcoal":3,"minecraft:diamond_pickaxe":2,"minecraft:book":16,"minecraft:iron_chestplate":3,"minecraft:paper":87,"minecraft:shield":2,"minecraft:stick":138,"minecraft:stone_slab":6,"minecraft:iron_ingot":134,"minecraft:iron_pickaxe":1,"minecraft:stone_sword":1,"minecraft:gold_ingot":85,"minecraft:deepslate_bricks":16,"minecraft:shears":1,"minecraft:jungle_sign":27,"minecraft:cobbled_deepslate_slab":30,"minecraft:stone_shovel":1,"minecraft:coal":9,"minecraft:fishing_rod":3,"minecraft:jukebox":2,"minecraft:spruce_button":1,"minecraft:furnace":12,"minecraft:spruce_fence":9,"minecraft:warped_trapdoor":4,"minecraft:diamond_block":15,"minecraft:glass_pane":16,"minecraft:flint_and_steel":2,"minecraft:dark_oak_fence":3,"minecraft:spruce_stairs":48,"minecraft:polished_deepslate":32,"minecraft:iron_axe":3,"minecraft:iron_hoe":1,"minecraft:spruce_slab":6,"minecraft:stone_pickaxe":2,"minecraft:diamond_boots":2,"minecraft:cobbled_deepslate_stairs":4,"minecraft:spruce_boat":50,"minecraft:redstone_block":43,"minecraft:dark_oak_planks":128,"minecraft:birch_sign":3,"minecraft:minecart":1,"minecraft:cooked_beef":41,"minecraft:coal_block":1,"minecraft:diamond_sword":1,"minecraft:spruce_sign":111,"minecraft:stripped_spruce_wood":12,"minecraft:iron_trapdoor":3,"minecraft:enchanting_table":1,"minecraft:iron_sword":3,"minecraft:golden_shovel":2,"minecraft:bucket":4,"minecraft:stone_axe":1,"minecraft:enchanted_book":4,"minecraft:jungle_slab":12,"minecraft:bread":75,"minecraft:air":0,"minecraft:jungle_planks":328,"minecraft:oak_boat":3,"minecraft:jungle_door":3,"minecraft:white_wool":106,"minecraft:golden_apple":2,"minecraft:warped_sign":3,"minecraft:raw_gold":45,"minecraft:iron_shovel":5,"minecraft:iron_leggings":4,"minecraft:stonecutter":2,"minecraft:white_bed":13,"minecraft:torch":144,"minecraft:diamond_chestplate":1,"minecraft:lapis_block":67},"minecraft:used":{"minecraft:moss_block":5,"minecraft:moss_carpet":37,"minecraft:iron_shovel":954,"minecraft:polished_deepslate":16,"minecraft:poppy":1,"minecraft:oak_sign":6,"minecraft:chest":34,"minecraft:shield":7,"minecraft:stone":3,"minecraft:iron_sword":943,"minecraft:warped_sign":1,"minecraft:player_head":1,"minecraft:rotten_flesh":2,"minecraft:iron_chestplate":2,"minecraft:birch_pressure_plate":1,"minecraft:carrot":16,"minecraft:tuff":3,"minecraft:music_disc_13":11,"minecraft:axolotl_bucket":6,"minecraft:azure_bluet":38,"minecraft:stripped_spruce_log":5,"minecraft:obsidian":37,"minecraft:spruce_boat":38,"minecraft:glass":58,"minecraft:lava_bucket":1,"minecraft:birch_sapling":2,"minecraft:warped_nylium":1,"minecraft:music_disc_stal":5,"minecraft:magma_block":37,"minecraft:sweet_berries":1619,"minecraft:oak_sapling":12,"minecraft:furnace":15,"minecraft:cooked_cod":14,"minecraft:gold_block":24,"minecraft:potato":9,"minecraft:stripped_spruce_wood":14,"minecraft:diamond_boots":2,"minecraft:damaged_anvil":1,"minecraft:spruce_door":1,"minecraft:stone_pickaxe":71,"minecraft:blackstone":3,"minecraft:oak_planks":2,"minecraft:wooden_pickaxe":8,"minecraft:diamond_axe":2930,"minecraft:sugar_cane":130,"minecraft:jungle_boat":7,"minecraft:white_wool":2,"minecraft:sand":5,"minecraft:cobbled_deepslate_stairs":119,"minecraft:bread":76,"minecraft:heavy_weighted_pressure_plate":1,"minecraft:birch_slab":7,"minecraft:melon_slice":69,"minecraft:lectern":203,"minecraft:iron_door":9,"minecraft:gravel":28,"minecraft:jungle_sign":25,"minecraft:diamond_sword":93,"minecraft:grindstone":1,"minecraft:oak_boat":7,"minecraft:ice":1,"minecraft:experience_bottle":1,"minecraft:iron_bars":36,"minecraft:stone_sword":51,"minecraft:flint_and_steel":6,"minecraft:enchanting_table":1,"minecraft:music_disc_otherside":49,"minecraft:stone_shovel":128,"minecraft:redstone":2,"minecraft:spruce_planks":3047,"minecraft:cooked_salmon":9,"minecraft:stone_hoe":518,"minecraft:netherrack":512,"minecraft:torch":153,"minecraft:dirt":455,"minecraft:spyglass":1,"minecraft:anvil":2,"minecraft:hopper":9,"minecraft:spruce_stairs":44,"minecraft:golden_shovel":22,"minecraft:spruce_fence":5,"minecraft:birch_door":14,"minecraft:iron_hoe":56,"minecraft:dark_oak_planks":79,"minecraft:flowering_azalea":1,"minecraft:chipped_anvil":3,"minecraft:bookshelf":1,"minecraft:iron_axe":613,"minecraft:spruce_button":2,"minecraft:smooth_basalt":6,"minecraft:bamboo":7,"minecraft:golden_carrot":78,"minecraft:deepslate_tile_stairs":9,"minecraft:iron_trapdoor":9,"minecraft:minecart":1,"minecraft:cooked_beef":23,"minecraft:cobbled_deepslate":1497,"minecraft:powder_snow_bucket":15,"minecraft:iron_leggings":1,"minecraft:cobbled_deepslate_wall":6,"minecraft:wheat_seeds":688,"minecraft:cooked_mutton":1,"minecraft:water_bucket":330,"minecraft:baked_potato":25,"minecraft:glow_ink_sac":2,"minecraft:brown_mushroom":3,"minecraft:spruce_sign":37,"minecraft:cauldron":2,"minecraft:stonecutter":2,"minecraft:deepslate_bricks":25,"minecraft:rail":6,"minecraft:music_disc_cat":17,"minecraft:crafting_table":59,"minecraft:birch_sign":2,"minecraft:white_bed":13,"minecraft:music_disc_strad":12,"minecraft:warped_planks":39,"minecraft:smoker":1,"minecraft:spruce_log":1174,"minecraft:oak_log":16,"minecraft:diamond_pickaxe":8688,"minecraft:cornflower":1,"minecraft:warped_trapdoor":4,"minecraft:iron_pickaxe":250,"minecraft:suspicious_stew":1,"minecraft:spruce_pressure_plate":2,"minecraft:spruce_trapdoor":1,"minecraft:spruce_sapling":69,"minecraft:stone_axe":17,"minecraft:fishing_rod":62,"minecraft:cobblestone":153,"minecraft:cobbled_deepslate_slab":137,"minecraft:jungle_door":2,"minecraft:bucket":354,"minecraft:glass_pane":2,"minecraft:splash_potion":1,"minecraft:jukebox":7,"minecraft:dandelion":43},"minecraft:mined":{"minecraft:dark_oak_planks":29,"minecraft:spruce_planks":508,"minecraft:cobbled_deepslate_stairs":28,"minecraft:jungle_leaves":26,"minecraft:obsidian":32,"minecraft:granite":33,"minecraft:budding_amethyst":2,"minecraft:grass_block":154,"minecraft:jungle_log":96,"minecraft:deepslate_bricks":14,"minecraft:hopper":6,"minecraft:weeping_vines_plant":2,"minecraft:raw_iron_block":5,"minecraft:magma_block":54,"minecraft:iron_ore":36,"minecraft:cobbled_deepslate":337,"minecraft:fire":18,"minecraft:moss_carpet":35,"minecraft:anvil":1,"minecraft:deepslate_lapis_ore":52,"minecraft:azure_bluet":62,"minecraft:enchanting_table":1,"minecraft:dirt_path":1,"minecraft:iron_bars":4,"minecraft:deepslate_redstone_ore":102,"minecraft:blackstone":68,"minecraft:crimson_nylium":25,"minecraft:clay":18,"minecraft:torch":6,"minecraft:calcite":13,"minecraft:melon":24,"minecraft:poppy":2,"minecraft:chest":12,"minecraft:mushroom_stem":10,"minecraft:glass":4,"minecraft:nether_quartz_ore":21,"minecraft:cobblestone":322,"minecraft:prismarine":2,"minecraft:sugar_cane":201,"minecraft:oak_planks":3,"minecraft:damaged_anvil":1,"minecraft:iron_door":4,"minecraft:wall_torch":24,"minecraft:amethyst_block":4,"minecraft:warped_nylium":8,"minecraft:birch_log":6,"minecraft:wheat":341,"minecraft:jukebox":5,"minecraft:birch_door":13,"minecraft:grass":842,"minecraft:oak_log":76,"minecraft:sand":21,"minecraft:dirt":471,"minecraft:smooth_basalt":59,"minecraft:red_mushroom_block":90,"minecraft:netherrack":1599,"minecraft:oak_leaves":30,"minecraft:deepslate":4039,"minecraft:infested_deepslate":1,"minecraft:nether_gold_ore":6,"minecraft:diamond_ore":1,"minecraft:tuff":342,"minecraft:mossy_cobblestone":104,"minecraft:dark_oak_leaves":2,"minecraft:deepslate_diamond_ore":92,"minecraft:dark_oak_log":118,"minecraft:cobbled_deepslate_slab":30,"minecraft:spruce_fence":2,"minecraft:polished_andesite_slab":3,"minecraft:birch_slab":2,"minecraft:spruce_leaves":47,"minecraft:moss_block":2,"minecraft:rooted_dirt":80,"minecraft:crimson_stem":3,"minecraft:redstone_ore":5,"minecraft:spruce_sapling":1,"minecraft:furnace":7,"minecraft:andesite":32,"minecraft:stripped_spruce_log":32,"minecraft:gold_block":27,"minecraft:polished_deepslate":5,"minecraft:bookshelf":1,"minecraft:potatoes":1,"minecraft:rail":4,"minecraft:deepslate_iron_ore":270,"minecraft:cobblestone_slab":1,"minecraft:vine":3,"minecraft:warped_stem":26,"minecraft:bamboo":92,"minecraft:stone":770,"minecraft:birch_pressure_plate":1,"minecraft:podzol":27,"minecraft:basalt":139,"minecraft:dandelion":81,"minecraft:crafting_table":34,"minecraft:cobbled_deepslate_wall":3,"minecraft:spruce_button":1,"minecraft:lectern":202,"minecraft:tall_grass":42,"minecraft:copper_ore":4,"minecraft:deepslate_coal_ore":3,"minecraft:deepslate_gold_ore":121,"minecraft:diorite":17,"minecraft:spruce_stairs":23,"minecraft:stripped_spruce_wood":3,"minecraft:sweet_berry_bush":416,"minecraft:ice":8,"minecraft:spruce_log":1294,"minecraft:birch_leaves":1,"minecraft:coal_ore":121,"minecraft:mycelium":111,"minecraft:gravel":167,"minecraft:cobweb":2,"minecraft:birch_sign":1,"minecraft:chipped_anvil":3,"minecraft:gold_ore":6,"minecraft:iron_trapdoor":6,"minecraft:fern":24,"minecraft:jungle_wall_sign":1}},"DataVersion":2865}