{"stats":{"minecraft:used":{"minecraft:moss_block":24,"minecraft:writable_book":6,"minecraft:elytra":1,"minecraft:oak_sign":23,"minecraft:chest":3,"minecraft:shield":30,"minecraft:iron_sword":68,"minecraft:warped_sign":2,"minecraft:player_head":5,"minecraft:rotten_flesh":1,"minecraft:tuff":13,"minecraft:axolotl_bucket":1,"minecraft:milk_bucket":2,"minecraft:honey_bottle":2,"minecraft:spruce_boat":6,"minecraft:lantern":3,"minecraft:dark_oak_slab":1,"minecraft:stone_bricks":3,"minecraft:music_disc_stal":1,"minecraft:bow":12,"minecraft:written_book":6,"minecraft:sweet_berries":63,"minecraft:blue_shulker_box":19,"minecraft:furnace":18,"minecraft:gold_block":1,"minecraft:potato":38,"minecraft:diorite":10,"minecraft:stone_pickaxe":131,"minecraft:prismarine":1,"minecraft:oak_planks":11,"minecraft:wooden_pickaxe":8,"minecraft:sandstone":1,"minecraft:white_wool":4,"minecraft:blue_dye":1,"minecraft:sticky_piston":3,"minecraft:lever":4,"minecraft:black_concrete":1,"minecraft:firework_rocket":91,"minecraft:string":1,"minecraft:oak_pressure_plate":3,"minecraft:diamond_sword":60,"minecraft:andesite":15,"minecraft:chain":1,"minecraft:smooth_stone_slab":4,"minecraft:oak_boat":8,"minecraft:white_concrete":4,"minecraft:oak_fence":5,"minecraft:oak_trapdoor":3,"minecraft:trident":6,"minecraft:iron_bars":1,"minecraft:music_disc_otherside":1,"minecraft:spruce_planks":11,"minecraft:brown_shulker_box":2,"minecraft:netherrack":2,"minecraft:torch":80,"minecraft:spyglass":139,"minecraft:dirt":31,"minecraft:prismarine_bricks":2,"minecraft:shulker_box":1,"minecraft:granite":6,"minecraft:brown_terracotta":4,"minecraft:iron_block":1,"minecraft:iron_axe":377,"minecraft:oak_stairs":14,"minecraft:slime_block":2,"minecraft:smooth_quartz":2,"minecraft:crimson_planks":2,"minecraft:barrel":4,"minecraft:golden_carrot":21,"minecraft:beef":2,"minecraft:emerald_block":1,"minecraft:minecart":1,"minecraft:cooked_beef":43,"minecraft:cobbled_deepslate":141,"minecraft:cooked_mutton":8,"minecraft:water_bucket":35,"minecraft:glass_bottle":1,"minecraft:baked_potato":41,"minecraft:spruce_sign":2,"minecraft:glow_ink_sac":1,"minecraft:orange_carpet":4,"minecraft:oak_slab":9,"minecraft:crafting_table":22,"minecraft:white_bed":1,"minecraft:painting":24,"minecraft:flower_pot":1,"minecraft:diamond_pickaxe":828,"minecraft:iron_pickaxe":510,"minecraft:stone_axe":94,"minecraft:cobblestone":110,"minecraft:potion":1,"minecraft:cooked_porkchop":22,"minecraft:bucket":37},"minecraft:picked_up":{"minecraft:shulker_shell":6,"minecraft:light_blue_concrete":1,"minecraft:flower_pot":1,"minecraft:oak_stairs":12,"minecraft:crimson_planks":2,"minecraft:string":6,"minecraft:smooth_stone_slab":4,"minecraft:sticky_piston":2,"minecraft:pufferfish":2,"minecraft:oak_sign":30,"minecraft:cobbled_deepslate":423,"minecraft:spruce_planks":10,"minecraft:written_book":6,"minecraft:azalea":2,"minecraft:smooth_quartz":2,"minecraft:furnace":18,"minecraft:stick":8,"minecraft:brown_terracotta":4,"minecraft:oak_fence":5,"minecraft:torch":31,"minecraft:porkchop":5,"minecraft:diorite":28,"minecraft:end_crystal":1,"minecraft:goat_horn":1,"minecraft:stone_sword":1,"minecraft:cactus":1,"minecraft:rotten_flesh":4,"minecraft:brown_shulker_box":2,"minecraft:iron_block":1,"minecraft:obsidian":1,"minecraft:iron_bars":1,"minecraft:cobblestone":294,"minecraft:cooked_beef":1,"minecraft:andesite":17,"minecraft:orange_carpet":5,"minecraft:powder_snow_bucket":1,"minecraft:potato":160,"minecraft:tuff":68,"minecraft:prismarine_bricks":2,"minecraft:dirt":42,"minecraft:lapis_lazuli":61,"minecraft:lantern":2,"minecraft:leather_boots":1,"minecraft:bone":14,"minecraft:bow":2,"minecraft:wheat_seeds":5,"minecraft:raw_gold":84,"minecraft:netherite_axe":1,"minecraft:bamboo":3,"minecraft:moss_block":24,"minecraft:prismarine":1,"minecraft:oak_planks":33,"minecraft:cooked_porkchop":19,"minecraft:oak_pressure_plate":3,"minecraft:stripped_spruce_log":1,"minecraft:ink_sac":1,"minecraft:diamond_block":5,"minecraft:shulker_box":2,"minecraft:barrel":2,"minecraft:spruce_boat":5,"minecraft:diamond":14,"minecraft:slime_block":3,"minecraft:black_concrete":1,"minecraft:lever":3,"minecraft:granite":14,"minecraft:white_concrete":4,"minecraft:golden_apple":3,"minecraft:spruce_sign":1,"minecraft:netherrack":5,"minecraft:crafting_table":17,"minecraft:azure_bluet":3,"minecraft:clay_ball":139,"minecraft:leather_leggings":1,"minecraft:gold_block":1,"minecraft:chain":6,"minecraft:elytra":3,"minecraft:oak_trapdoor":2,"minecraft:moss_carpet":11,"minecraft:item_frame":1,"minecraft:netherite_sword":1,"minecraft:music_disc_otherside":1,"minecraft:beef":43,"minecraft:oak_boat":8,"minecraft:player_head":10,"minecraft:iron_nugget":32,"minecraft:poppy":3,"minecraft:minecart":3,"minecraft:blue_shulker_box":19,"minecraft:sugar_cane":9,"minecraft:chest":4,"minecraft:birch_sapling":4,"minecraft:phantom_membrane":3,"minecraft:raw_iron":102,"minecraft:sandstone":2,"minecraft:bowl":2,"minecraft:redstone":4,"minecraft:netherite_pickaxe":1,"minecraft:dark_oak_planks":2,"minecraft:arrow":26,"minecraft:deepslate_bricks":1,"minecraft:warped_sign":3,"minecraft:totem_of_undying":2,"minecraft:mutton":8,"minecraft:white_wool":8,"minecraft:golden_carrot":23,"minecraft:leather":24,"minecraft:music_disc_stal":1,"minecraft:filled_map":1,"minecraft:oak_log":260,"minecraft:gunpowder":11,"minecraft:paper":7,"minecraft:cooked_mutton":1,"minecraft:stone_bricks":5,"minecraft:iron_ingot":4,"minecraft:glass_bottle":2,"minecraft:iron_sword":1,"minecraft:oak_slab":4,"minecraft:dark_oak_slab":1,"minecraft:emerald_block":1,"minecraft:sweet_berries":69,"minecraft:raw_iron_block":1,"minecraft:gravel":28,"minecraft:spruce_sapling":11,"minecraft:white_bed":1,"minecraft:spruce_log":41,"minecraft:firework_rocket":51,"minecraft:slime_ball":4,"minecraft:iron_helmet":2,"minecraft:painting":23,"minecraft:gray_wool":2,"minecraft:baked_potato":26,"minecraft:sunflower":1,"minecraft:coal":304,"minecraft:ender_pearl":32,"minecraft:wooden_axe":1},"minecraft:broken":{"minecraft:leather_leggings":1,"minecraft:stone_axe":1,"minecraft:iron_axe":1,"minecraft:leather_boots":1,"minecraft:iron_pickaxe":2},"minecraft:mined":{"minecraft:dark_oak_planks":1,"minecraft:spruce_planks":9,"minecraft:white_bed":1,"minecraft:light_blue_concrete":1,"minecraft:sculk_vein":1,"minecraft:potted_cactus":1,"minecraft:cave_vines_plant":2,"minecraft:granite":14,"minecraft:grass_block":8,"minecraft:white_concrete":4,"minecraft:warped_sign":3,"minecraft:oak_wall_sign":1,"minecraft:raw_iron_block":1,"minecraft:barrel":2,"minecraft:sticky_piston":1,"minecraft:iron_ore":7,"minecraft:cobbled_deepslate":4,"minecraft:moss_carpet":2,"minecraft:deepslate_lapis_ore":5,"minecraft:cave_vines":8,"minecraft:oak_sign":3,"minecraft:oak_stairs":12,"minecraft:iron_bars":1,"minecraft:iron_block":1,"minecraft:player_head":2,"minecraft:tripwire":1,"minecraft:piston_head":1,"minecraft:deepslate_redstone_ore":1,"minecraft:brown_shulker_box":2,"minecraft:player_wall_head":3,"minecraft:clay":8,"minecraft:torch":10,"minecraft:chest":3,"minecraft:spruce_wall_sign":1,"minecraft:cobblestone":2,"minecraft:slime_block":3,"minecraft:sugar_cane":4,"minecraft:prismarine":1,"minecraft:oak_planks":3,"minecraft:wall_torch":20,"minecraft:dark_oak_slab":1,"minecraft:smooth_stone_slab":2,"minecraft:grass":13,"minecraft:oak_log":197,"minecraft:dirt":32,"minecraft:smooth_quartz":2,"minecraft:crimson_planks":2,"minecraft:blue_shulker_box":19,"minecraft:netherrack":6,"minecraft:oak_leaves":22,"minecraft:deepslate":494,"minecraft:emerald_block":1,"minecraft:dark_prismarine":1,"minecraft:tuff":106,"minecraft:deepslate_diamond_ore":10,"minecraft:shulker_box":2,"minecraft:lever":3,"minecraft:spruce_leaves":10,"minecraft:sandstone":1,"minecraft:moss_block":20,"minecraft:large_fern":1,"minecraft:oak_trapdoor":2,"minecraft:furnace":16,"minecraft:andesite":34,"minecraft:stripped_spruce_log":1,"minecraft:gold_block":1,"minecraft:potatoes":29,"minecraft:deepslate_iron_ore":71,"minecraft:vine":1,"minecraft:lantern":2,"minecraft:packed_ice":3,"minecraft:smooth_quartz_stairs":1,"minecraft:stone":320,"minecraft:white_wool":1,"minecraft:oak_slab":3,"minecraft:flowering_azalea":1,"minecraft:oak_fence":5,"minecraft:crafting_table":16,"minecraft:tall_grass":11,"minecraft:lapis_ore":4,"minecraft:deepslate_gold_ore":86,"minecraft:sculk":9,"minecraft:diorite":32,"minecraft:orange_carpet":4,"minecraft:prismarine_bricks":2,"minecraft:sweet_berry_bush":5,"minecraft:spruce_log":43,"minecraft:coal_ore":129,"minecraft:mycelium":7,"minecraft:gravel":25,"minecraft:brown_terracotta":4,"minecraft:stone_bricks":5},"minecraft:custom":{"minecraft:animals_bred":1,"minecraft:interact_with_crafting_table":57,"minecraft:open_barrel":139,"minecraft:open_shulker_box":135,"minecraft:eat_cake_slice":4,"minecraft:leave_game":20,"minecraft:time_since_death":211683,"minecraft:damage_resisted":96,"minecraft:sprint_one_cm":1911894,"minecraft:damage_blocked_by_shield":1010,"minecraft:drop":152,"minecraft:talked_to_villager":12,"minecraft:play_time":620797,"minecraft:deaths":1,"minecraft:jump":12026,"minecraft:interact_with_brewingstand":16,"minecraft:walk_on_water_one_cm":30277,"minecraft:enchant_item":10,"minecraft:interact_with_furnace":219,"minecraft:play_record":2,"minecraft:traded_with_villager":6,"minecraft:interact_with_loom":1,"minecraft:sleep_in_bed":2,"minecraft:open_enderchest":48,"minecraft:damage_dealt":14982,"minecraft:crouch_one_cm":49653,"minecraft:inspect_dispenser":8,"minecraft:horse_one_cm":47614,"minecraft:inspect_dropper":11,"minecraft:mob_kills":548,"minecraft:interact_with_anvil":2,"minecraft:inspect_hopper":4,"minecraft:fill_cauldron":1,"minecraft:climb_one_cm":31519,"minecraft:walk_one_cm":1089965,"minecraft:sneak_time":21843,"minecraft:walk_under_water_one_cm":53932,"minecraft:boat_one_cm":408416,"minecraft:interact_with_lectern":19,"minecraft:total_world_time":620797,"minecraft:tune_noteblock":8,"minecraft:pot_flower":1,"minecraft:interact_with_grindstone":7,"minecraft:interact_with_stonecutter":1,"minecraft:time_since_rest":211704,"minecraft:damage_taken":7263,"minecraft:minecart_one_cm":25658,"minecraft:swim_one_cm":92116,"minecraft:fly_one_cm":3148751,"minecraft:open_chest":428,"minecraft:aviate_one_cm":3776955,"minecraft:fall_one_cm":336233},"minecraft:crafted":{"minecraft:oak_planks":148,"minecraft:oak_sign":9,"minecraft:barrel":2,"minecraft:oak_pressure_plate":3,"minecraft:lever":1,"minecraft:shulker_box":4,"minecraft:cooked_mutton":7,"minecraft:diamond_helmet":1,"minecraft:diamond_leggings":1,"minecraft:bow":1,"minecraft:iron_boots":1,"minecraft:chest":4,"minecraft:oak_fence":6,"minecraft:oak_slab":18,"minecraft:emerald":6,"minecraft:cooked_porkchop":5,"minecraft:crafting_table":5,"minecraft:spruce_planks":168,"minecraft:wooden_pickaxe":1,"minecraft:baked_potato":58,"minecraft:iron_helmet":1,"minecraft:sticky_piston":1,"minecraft:painting":1,"minecraft:iron_chestplate":1,"minecraft:paper":9,"minecraft:diamond_pickaxe":1,"minecraft:shield":1,"minecraft:stick":280,"minecraft:iron_ingot":73,"minecraft:iron_pickaxe":2,"minecraft:gold_ingot":48,"minecraft:raw_iron":9,"minecraft:iron_nugget":173,"minecraft:furnace":4,"minecraft:piston":1,"minecraft:blue_shulker_box":1,"minecraft:oak_trapdoor":2,"minecraft:lantern":1,"minecraft:diamond":45,"minecraft:iron_axe":2,"minecraft:slime_ball":9,"minecraft:stone_pickaxe":1,"minecraft:diamond_boots":1,"minecraft:spruce_boat":1,"minecraft:minecart":1,"minecraft:cooked_beef":43,"minecraft:diamond_sword":2,"minecraft:iron_sword":1,"minecraft:bucket":1,"minecraft:stone_axe":1,"minecraft:air":0,"minecraft:blue_dye":2,"minecraft:oak_boat":1,"minecraft:oak_stairs":8,"minecraft:iron_leggings":1,"minecraft:white_bed":1,"minecraft:torch":60,"minecraft:diamond_chestplate":1,"minecraft:firework_rocket":78},"minecraft:dropped":{"minecraft:iron_sword":1,"minecraft:cooked_beef":1,"minecraft:oak_pressure_plate":1,"minecraft:oak_log":63,"minecraft:baked_potato":19,"minecraft:diamond":6,"minecraft:elytra":1,"minecraft:item_frame":1,"minecraft:dirt":11,"minecraft:orange_carpet":1,"minecraft:chain":7,"minecraft:sunflower":1,"minecraft:phantom_membrane":3,"minecraft:dark_oak_planks":2,"minecraft:bone":3,"minecraft:gravel":28,"minecraft:iron_nugget":32,"minecraft:cobbled_deepslate":204,"minecraft:birch_sapling":3,"minecraft:obsidian":1,"minecraft:rotten_flesh":2,"minecraft:oak_planks":23,"minecraft:azure_bluet":2,"minecraft:poppy":2,"minecraft:gunpowder":1,"minecraft:azalea":2,"minecraft:arrow":1,"minecraft:written_book":1,"minecraft:netherrack":3,"minecraft:firework_rocket":19,"minecraft:oak_slab":8,"minecraft:netherite_pickaxe":1,"minecraft:wheat_seeds":5,"minecraft:minecart":1,"minecraft:cobblestone":18,"minecraft:iron_helmet":2,"minecraft:granite":8,"minecraft:stick":7,"minecraft:pufferfish":2,"minecraft:gray_wool":2,"minecraft:diorite":10,"minecraft:golden_carrot":2,"minecraft:ink_sac":1,"minecraft:torch":9,"minecraft:wooden_axe":1,"minecraft:iron_leggings":1,"minecraft:oak_stairs":5,"minecraft:paper":7,"minecraft:string":4,"minecraft:spruce_sapling":2,"minecraft:redstone":3,"minecraft:furnace":2,"minecraft:moss_carpet":11,"minecraft:sweet_berries":6,"minecraft:player_head":1,"minecraft:stone_sword":1,"minecraft:bowl":2,"minecraft:tuff":9,"minecraft:clay_ball":78,"minecraft:iron_boots":1,"minecraft:light_blue_concrete":1,"minecraft:oak_sign":17,"minecraft:deepslate_bricks":1,"minecraft:iron_chestplate":1,"minecraft:oak_boat":1,"minecraft:stone_bricks":2,"minecraft:bamboo":2,"minecraft:slime_ball":5,"minecraft:sandstone":1,"minecraft:bow":1,"minecraft:stone_pickaxe":1,"minecraft:raw_gold":2},"minecraft:killed":{"minecraft:witch":1,"minecraft:spider":5,"minecraft:skeleton":16,"minecraft:pig":3,"minecraft:creeper":9,"minecraft:sheep":4,"minecraft:zombie":10,"minecraft:mooshroom":11,"minecraft:cow":11,"minecraft:phantom":4,"minecraft:squid":2,"minecraft:wither_skeleton":4,"minecraft:enderman":468}},"DataVersion":3120}