{"stats":{"minecraft:used":{"minecraft:moss_block":1,"minecraft:writable_book":99,"minecraft:smooth_quartz_slab":1,"minecraft:ladder":3,"minecraft:polished_blackstone":1,"minecraft:elytra":4,"minecraft:poppy":1,"minecraft:black_carpet":1,"minecraft:chest":17,"minecraft:stone":233,"minecraft:warped_sign":1,"minecraft:jungle_slab":90,"minecraft:acacia_sapling":34,"minecraft:snowball":85,"minecraft:weeping_vines":4,"minecraft:stripped_spruce_log":1,"minecraft:polished_blackstone_slab":2,"minecraft:jungle_sapling":6,"minecraft:packed_ice":5,"minecraft:lava_bucket":29,"minecraft:netherite_shovel":1966,"minecraft:quartz_pillar":1,"minecraft:grass_block":35,"minecraft:deepslate_copper_ore":4,"minecraft:birch_sapling":10,"minecraft:orange_shulker_box":12,"minecraft:quartz_block":21,"minecraft:copper_ore":194,"minecraft:dark_oak_leaves":5,"minecraft:netherite_boots":2,"minecraft:dark_oak_boat":4,"minecraft:snow":3,"minecraft:bow":1004,"minecraft:sweet_berries":57,"minecraft:oak_sapling":15,"minecraft:furnace":1,"minecraft:cooked_cod":28,"minecraft:egg":327,"minecraft:emerald_ore":19,"minecraft:stripped_birch_log":22,"minecraft:powered_rail":1,"minecraft:prismarine":2,"minecraft:wooden_pickaxe":10,"minecraft:composter":2,"minecraft:clay":40,"minecraft:jungle_boat":4,"minecraft:golden_apple":1,"minecraft:glow_berries":4,"minecraft:sand":8,"minecraft:gray_concrete":16,"minecraft:deepslate_brick_stairs":1,"minecraft:lightning_rod":1,"minecraft:deepslate_tiles":1,"minecraft:deepslate_iron_ore":132,"minecraft:stone_button":2,"minecraft:polished_granite":2,"minecraft:nether_wart_block":5,"minecraft:diamond_sword":364,"minecraft:dark_oak_fence":1,"minecraft:birch_log":306,"minecraft:ice":1,"minecraft:oak_boat":6,"minecraft:iron_bars":9,"minecraft:acacia_log":181,"minecraft:red_concrete":2,"minecraft:armor_stand":1,"minecraft:mycelium":68,"minecraft:netherrack":791,"minecraft:torch":182,"minecraft:warped_wart_block":6,"minecraft:anvil":5,"minecraft:ancient_debris":2,"minecraft:golden_shovel":1,"minecraft:shroomlight":2,"minecraft:sea_lantern":3,"minecraft:flowering_azalea":5,"minecraft:chipped_anvil":1,"minecraft:iron_axe":2,"minecraft:spruce_button":2,"minecraft:slime_block":1,"minecraft:jungle_log":143,"minecraft:smooth_quartz":30,"minecraft:totem_of_undying":9,"minecraft:barrel":9,"minecraft:diamond_chestplate":1,"minecraft:basalt":2,"minecraft:glowstone":15,"minecraft:gray_glazed_terracotta":6,"minecraft:iron_trapdoor":2,"minecraft:cobbled_deepslate":11,"minecraft:observer":9,"minecraft:pointed_dripstone":55,"minecraft:water_bucket":404,"minecraft:warped_stem":1,"minecraft:birch_planks":44,"minecraft:yellow_shulker_box":1,"minecraft:lead":3,"minecraft:gold_ore":8,"minecraft:deepslate_bricks":5,"minecraft:vine":1,"minecraft:oak_slab":1,"minecraft:crafting_table":10,"minecraft:birch_sign":5,"minecraft:sculk_shrieker":5,"minecraft:white_bed":24,"minecraft:cod":1,"minecraft:spruce_log":298,"minecraft:oak_log":202,"minecraft:dark_prismarine":4,"minecraft:diamond_pickaxe":10168,"minecraft:cornflower":1,"minecraft:diamond_shovel":2110,"minecraft:acacia_sign":3,"minecraft:suspicious_stew":1,"minecraft:spruce_pressure_plate":1,"minecraft:spruce_trapdoor":4,"minecraft:spruce_sapling":52,"minecraft:crimson_nylium":5,"minecraft:cobblestone":722,"minecraft:potion":2,"minecraft:azalea_leaves":1,"minecraft:cooked_porkchop":37,"minecraft:glass_pane":4,"minecraft:stripped_oak_log":1,"minecraft:diamond_leggings":3,"minecraft:moss_carpet":3,"minecraft:iron_shovel":42,"minecraft:light_gray_stained_glass_pane":2,"minecraft:diamond_hoe":66,"minecraft:oak_sign":24,"minecraft:iron_sword":2,"minecraft:player_head":11,"minecraft:smooth_sandstone_stairs":1,"minecraft:stripped_crimson_stem":1,"minecraft:sculk_sensor":5,"minecraft:jungle_planks":5,"minecraft:deepslate_tile_slab":4,"minecraft:tuff":31,"minecraft:axolotl_bucket":1,"minecraft:milk_bucket":4,"minecraft:obsidian":61,"minecraft:glass":10,"minecraft:coal_ore":536,"minecraft:quartz_slab":1,"minecraft:lantern":2,"minecraft:crimson_roots":3,"minecraft:stone_bricks":49,"minecraft:item_frame":2,"minecraft:birch_button":1,"minecraft:deepslate_diamond_ore":144,"minecraft:repeater":135,"minecraft:magma_block":3,"minecraft:written_book":12,"minecraft:scaffolding":216,"minecraft:blue_shulker_box":1,"minecraft:dark_oak_sapling":69,"minecraft:end_rod":2,"minecraft:diamond_boots":3,"minecraft:dark_oak_sign":4,"minecraft:ender_pearl":7,"minecraft:diamond_axe":7161,"minecraft:blue_bed":1,"minecraft:mushroom_stew":2,"minecraft:deepslate_redstone_ore":189,"minecraft:crossbow":91,"minecraft:note_block":258,"minecraft:stone_brick_wall":3,"minecraft:shears":4382,"minecraft:deepslate_lapis_ore":42,"minecraft:exposed_copper":1,"minecraft:redstone_torch":100,"minecraft:lever":2,"minecraft:black_concrete":2,"minecraft:firework_rocket":3551,"minecraft:dark_oak_log":175,"minecraft:bread":15,"minecraft:string":4,"minecraft:deepslate":301,"minecraft:gravel":231,"minecraft:jungle_sign":7,"minecraft:chain":37,"minecraft:chest_minecart":1,"minecraft:tropical_fish_bucket":1,"minecraft:coarse_dirt":2,"minecraft:bone_meal":3,"minecraft:experience_bottle":237,"minecraft:azalea":2,"minecraft:trident":179,"minecraft:netherite_sword":671,"minecraft:rose_bush":4,"minecraft:flint_and_steel":9,"minecraft:redstone_ore":4,"minecraft:stone_shovel":24,"minecraft:redstone":145,"minecraft:dried_kelp":11,"minecraft:spruce_planks":4,"minecraft:ender_chest":77,"minecraft:brown_shulker_box":1,"minecraft:deepslate_gold_ore":10,"minecraft:cooked_chicken":23,"minecraft:dirt":488,"minecraft:spyglass":3,"minecraft:white_carpet":1,"minecraft:prismarine_bricks":1,"minecraft:diamond_helmet":4,"minecraft:shulker_box":382,"minecraft:spruce_fence":6,"minecraft:granite":4,"minecraft:andesite_wall":2,"minecraft:stone_brick_slab":9,"minecraft:dark_oak_planks":6,"minecraft:light_gray_stained_glass":4,"minecraft:yellow_stained_glass":2,"minecraft:golden_carrot":894,"minecraft:soul_soil":1,"minecraft:deepslate_tile_stairs":1,"minecraft:netherite_pickaxe":7329,"minecraft:cyan_banner":1,"minecraft:pumpkin":2,"minecraft:quartz_bricks":10,"minecraft:acacia_boat":1,"minecraft:amethyst_block":2,"minecraft:iron_ore":282,"minecraft:snow_block":145,"minecraft:netherite_chestplate":2,"minecraft:copper_block":25,"minecraft:birch_boat":1,"minecraft:cut_sandstone":22,"minecraft:brown_mushroom":4,"minecraft:spruce_sign":44,"minecraft:magenta_stained_glass":2,"minecraft:warped_roots":2,"minecraft:glow_item_frame":2,"minecraft:music_disc_cat":1,"minecraft:magenta_carpet":1,"minecraft:apple":1,"minecraft:netherite_axe":7551,"minecraft:lapis_ore":13,"minecraft:yellow_wool":1,"minecraft:fishing_rod":32,"minecraft:bucket":434,"minecraft:purple_carpet":1,"minecraft:splash_potion":1},"minecraft:killed":{"minecraft:skeleton":32,"minecraft:guardian":447,"minecraft:chicken":1,"minecraft:skeleton_horse":1,"minecraft:tropical_fish":1,"minecraft:magma_cube":1,"minecraft:elder_guardian":3,"minecraft:iron_golem":1,"minecraft:pillager":5,"minecraft:goat":2,"minecraft:zombie":64,"minecraft:endermite":1,"minecraft:wandering_trader":2,"minecraft:zombified_piglin":11,"minecraft:witch":2,"minecraft:spider":13,"minecraft:bee":1,"minecraft:axolotl":1,"minecraft:piglin":9,"minecraft:creeper":21,"minecraft:trader_llama":3,"minecraft:mooshroom":9,"minecraft:ghast":5,"minecraft:slime":49,"minecraft:phantom":45,"minecraft:drowned":12,"minecraft:hoglin":4,"minecraft:squid":1},"minecraft:broken":{"minecraft:shears":6,"minecraft:fishing_rod":1,"minecraft:carrot_on_a_stick":1},"minecraft:dropped":{"minecraft:clay":194,"minecraft:lapis_lazuli":64,"minecraft:cooked_beef":10,"minecraft:glass_bottle":7,"minecraft:diamond":86,"minecraft:cooked_porkchop":5,"minecraft:weeping_vines":6,"minecraft:crossbow":2,"minecraft:glow_berries":2,"minecraft:warped_roots":4,"minecraft:elytra":2,"minecraft:rail":1,"minecraft:leather_helmet":2,"minecraft:red_mushroom":15,"minecraft:item_frame":1,"minecraft:red_shulker_box":1,"minecraft:dirt":178,"minecraft:netherite_boots":1,"minecraft:jungle_sapling":16,"minecraft:writable_book":3,"minecraft:gold_nugget":7,"minecraft:sand":1016,"minecraft:sunflower":1,"minecraft:phantom_membrane":49,"minecraft:dark_oak_planks":1,"minecraft:fishing_rod":3,"minecraft:bone":45,"minecraft:goat_horn":1,"minecraft:ancient_debris":8,"minecraft:cobbled_deepslate":3,"minecraft:wheat":1,"minecraft:birch_sapling":6,"minecraft:netherite_sword":8,"minecraft:obsidian":2,"minecraft:stripped_dark_oak_log":1,"minecraft:rotten_flesh":150,"minecraft:oak_planks":16,"minecraft:end_stone":56,"minecraft:netherite_shovel":1,"minecraft:glowstone_dust":3,"minecraft:nether_brick_fence":9,"minecraft:white_bed":3,"minecraft:deepslate_copper_ore":1,"minecraft:coal_ore":1,"minecraft:jungle_log":49,"minecraft:leather_boots":1,"minecraft:ladder":9,"minecraft:leather_leggings":2,"minecraft:spruce_slab":1,"minecraft:beef":2,"minecraft:glass":4,"minecraft:podzol":2,"minecraft:warped_wart_block":6,"minecraft:ghast_tear":2,"minecraft:iron_ingot":3,"minecraft:egg":1,"minecraft:golden_boots":1,"minecraft:netherite_pickaxe":4,"minecraft:wheat_seeds":34,"minecraft:deepslate_redstone_ore":11,"minecraft:netherite_helmet":1,"minecraft:netherite_chestplate":1,"minecraft:book":10,"minecraft:feather":3,"minecraft:prismarine_crystals":54,"minecraft:iron_helmet":6,"minecraft:cobblestone":282,"minecraft:apple":1,"minecraft:granite":23,"minecraft:stripped_jungle_log":18,"minecraft:disc_fragment_5":2,"minecraft:coal":68,"minecraft:mushroom_stew":5,"minecraft:pufferfish":2,"minecraft:lava_bucket":3,"minecraft:jungle_slab":36,"minecraft:stripped_crimson_stem":1,"minecraft:golden_carrot":277,"minecraft:diamond_helmet":5,"minecraft:potion":3,"minecraft:stripped_birch_log":1,"minecraft:paper":80,"minecraft:string":20,"minecraft:acacia_planks":28,"minecraft:spruce_sapling":36,"minecraft:stone_brick_slab":19,"minecraft:snow_block":111,"minecraft:moss_carpet":11,"minecraft:soul_soil":1,"minecraft:netherite_ingot":4,"minecraft:player_head":39,"minecraft:deepslate":1074,"minecraft:bowl":25,"minecraft:chicken":2,"minecraft:iron_boots":7,"minecraft:shears":5,"minecraft:oak_sign":3,"minecraft:spruce_fence":4,"minecraft:deepslate_lapis_ore":3,"minecraft:suspicious_stew":1,"minecraft:diamond_sword":10,"minecraft:stone":171,"minecraft:shroomlight":1,"minecraft:spruce_boat":2,"minecraft:spruce_trapdoor":1,"minecraft:spruce_planks":9,"minecraft:diamond_pickaxe":5,"minecraft:redstone_torch":1,"minecraft:stone_bricks":5,"minecraft:barrel":6,"minecraft:spider_eye":5,"minecraft:birch_boat":1,"minecraft:bow":11,"minecraft:magma_block":1,"minecraft:spruce_sign":3,"minecraft:crimson_nylium":6,"minecraft:moss_block":2,"minecraft:warped_stem":2,"minecraft:brown_mushroom":15,"minecraft:soul_sand":48,"minecraft:birch_planks":9,"minecraft:diamond_axe":3,"minecraft:warped_fungus":2,"minecraft:oak_log":9,"minecraft:ender_pearl":36,"minecraft:dark_oak_sapling":3,"minecraft:leather":8,"minecraft:jungle_planks":49,"minecraft:birch_slab":2,"minecraft:cod":12,"minecraft:spruce_leaves":94,"minecraft:dark_oak_log":108,"minecraft:deepslate_gold_ore":4,"minecraft:packed_ice":14,"minecraft:netherite_scrap":4,"minecraft:crimson_roots":19,"minecraft:cooked_cod":49,"minecraft:cut_sandstone":2,"minecraft:snowball":34,"minecraft:pumpkin_pie":1,"minecraft:birch_log":72,"minecraft:gravel":202,"minecraft:crimson_fungus":1,"minecraft:spyglass":5,"minecraft:diamond_shovel":7,"minecraft:prismarine":1,"minecraft:cyan_shulker_box":1,"minecraft:mycelium":17,"minecraft:leather_chestplate":2,"minecraft:trident":2,"minecraft:gunpowder":24,"minecraft:melon_seeds":6,"minecraft:stone_brick_wall":5,"minecraft:arrow":5,"minecraft:iron_ore":4,"minecraft:scaffolding":27,"minecraft:written_book":13,"minecraft:oak_leaves":59,"minecraft:netherrack":1773,"minecraft:firework_rocket":96,"minecraft:water_bucket":1,"minecraft:golden_helmet":1,"minecraft:stripped_spruce_log":2,"minecraft:oak_slab":12,"minecraft:magenta_carpet":18,"minecraft:vine":13,"minecraft:deepslate_iron_ore":3,"minecraft:netherite_axe":2,"minecraft:diamond_leggings":3,"minecraft:prismarine_shard":85,"minecraft:lead":2,"minecraft:copper_ingot":2,"minecraft:tropical_fish":4,"minecraft:acacia_log":72,"minecraft:grass_block":10,"minecraft:stick":150,"minecraft:diorite":22,"minecraft:nether_gold_ore":1,"minecraft:torch":1,"minecraft:repeater":30,"minecraft:melon_slice":14,"minecraft:smooth_quartz":2,"minecraft:yellow_shulker_box":1,"minecraft:iron_leggings":6,"minecraft:jungle_leaves":252,"minecraft:flowering_azalea":4,"minecraft:iron_axe":6,"minecraft:bucket":7,"minecraft:redstone":65,"minecraft:sweet_berries":5,"minecraft:dragon_head":1,"minecraft:ender_chest":29,"minecraft:raw_copper":10,"minecraft:jukebox":1,"minecraft:tuff":152,"minecraft:composter":1,"minecraft:raw_iron":1,"minecraft:stripped_oak_log":2,"minecraft:totem_of_undying":3,"minecraft:shulker_box":5,"minecraft:acacia_leaves":17,"minecraft:flint_and_steel":2,"minecraft:copper_ore":3,"minecraft:filled_map":15,"minecraft:snow":75,"minecraft:shield":2,"minecraft:diamond_chestplate":2,"minecraft:iron_chestplate":8,"minecraft:andesite":26,"minecraft:oak_boat":12,"minecraft:oak_sapling":7,"minecraft:golden_sword":2,"minecraft:stripped_acacia_log":2,"minecraft:slime_ball":49,"minecraft:spruce_log":67,"minecraft:stripped_warped_stem":2,"minecraft:nether_quartz_ore":18,"minecraft:calcite":1,"minecraft:nautilus_shell":1},"minecraft:mined":{"minecraft:dark_oak_planks":5,"minecraft:stripped_warped_stem":2,"minecraft:white_bed":23,"minecraft:jungle_leaves":936,"minecraft:obsidian":13,"minecraft:granite":28,"minecraft:acacia_log":1526,"minecraft:stone_brick_wall":3,"minecraft:jungle_log":1790,"minecraft:deepslate_bricks":5,"minecraft:deepslate_tile_stairs":1,"minecraft:oak_wall_sign":5,"minecraft:spawner":1,"minecraft:weeping_vines_plant":11,"minecraft:magma_block":4,"minecraft:barrel":9,"minecraft:cobbled_deepslate":7,"minecraft:fire":17,"minecraft:cyan_wall_banner":1,"minecraft:moss_carpet":1,"minecraft:pumpkin":2,"minecraft:deepslate_lapis_ore":88,"minecraft:sculk_shrieker":4,"minecraft:oak_sign":5,"minecraft:dirt_path":21,"minecraft:quartz_slab":1,"minecraft:spruce_pressure_plate":1,"minecraft:deepslate_brick_stairs":1,"minecraft:smooth_sandstone_stairs":1,"minecraft:player_head":6,"minecraft:tripwire":1,"minecraft:cut_sandstone":23,"minecraft:brown_mushroom":10,"minecraft:magenta_carpet":1,"minecraft:player_wall_head":3,"minecraft:crimson_nylium":6,"minecraft:deepslate_tile_slab":5,"minecraft:powder_snow":1,"minecraft:torch":18,"minecraft:note_block":133,"minecraft:melon":6,"minecraft:spruce_wall_sign":17,"minecraft:smooth_quartz_slab":1,"minecraft:glass":12,"minecraft:spruce_sign":1,"minecraft:amethyst_block":2,"minecraft:chain":37,"minecraft:repeater":73,"minecraft:light_gray_stained_glass":4,"minecraft:jukebox":1,"minecraft:stone_brick_stairs":1,"minecraft:copper_block":12,"minecraft:grass":108,"minecraft:dark_oak_sapling":3,"minecraft:smooth_quartz":31,"minecraft:smooth_basalt":1,"minecraft:red_mushroom_block":187,"minecraft:yellow_stained_glass":2,"minecraft:stripped_crimson_stem":2,"minecraft:infested_deepslate":3,"minecraft:deepslate":7697,"minecraft:dark_prismarine":4,"minecraft:deepslate_tiles":1,"minecraft:light_gray_stained_glass_pane":2,"minecraft:dark_oak_log":1515,"minecraft:stripped_birch_log":24,"minecraft:sea_lantern":3,"minecraft:end_stone":2,"minecraft:shulker_box":359,"minecraft:dark_oak_fence":1,"minecraft:spruce_fence":7,"minecraft:jungle_planks":1,"minecraft:crimson_roots":3,"minecraft:orange_shulker_box":13,"minecraft:redstone_wire":98,"minecraft:moss_block":2,"minecraft:kelp":1,"minecraft:redstone_ore":8,"minecraft:snow":82,"minecraft:andesite":74,"minecraft:vine":62,"minecraft:warped_stem":1762,"minecraft:bamboo":2,"minecraft:ender_chest":77,"minecraft:oak_slab":1,"minecraft:gray_concrete":22,"minecraft:glass_pane":4,"minecraft:soul_sand":56,"minecraft:stone_brick_slab":10,"minecraft:observer":9,"minecraft:jungle_sign":2,"minecraft:spruce_button":1,"minecraft:emerald_ore":38,"minecraft:warped_roots":4,"minecraft:tall_grass":12,"minecraft:copper_ore":772,"minecraft:deepslate_gold_ore":26,"minecraft:diorite":30,"minecraft:warped_wart_block":15,"minecraft:coarse_dirt":2,"minecraft:dark_oak_wall_sign":2,"minecraft:spruce_log":2613,"minecraft:birch_leaves":611,"minecraft:quartz_pillar":1,"minecraft:mycelium":237,"minecraft:sunflower":1,"minecraft:gravel":1253,"minecraft:cobweb":1,"minecraft:stone_bricks":60,"minecraft:polished_blackstone":1,"minecraft:gold_ore":16,"minecraft:chipped_anvil":2,"minecraft:iron_trapdoor":2,"minecraft:deepslate_emerald_ore":1,"minecraft:fern":8,"minecraft:spruce_planks":2,"minecraft:oak_sapling":1,"minecraft:jungle_slab":76,"minecraft:sculk_vein":17,"minecraft:spruce_trapdoor":1,"minecraft:grass_block":89,"minecraft:soul_soil":10,"minecraft:composter":2,"minecraft:raw_iron_block":1,"minecraft:glowstone":46,"minecraft:sculk_catalyst":2,"minecraft:iron_ore":639,"minecraft:black_carpet":1,"minecraft:anvil":3,"minecraft:pointed_dripstone":3,"minecraft:iron_bars":10,"minecraft:purple_carpet":1,"minecraft:birch_wall_sign":1,"minecraft:azalea_leaves":1,"minecraft:azalea":2,"minecraft:spruce_slab":1,"minecraft:deepslate_redstone_ore":391,"minecraft:brown_shulker_box":1,"minecraft:quartz_block":21,"minecraft:blackstone":29,"minecraft:exposed_copper":1,"minecraft:clay":399,"minecraft:calcite":1,"minecraft:mushroom_stem":30,"minecraft:nether_quartz_ore":9,"minecraft:cobblestone":172,"minecraft:slime_block":1,"minecraft:prismarine":3,"minecraft:wall_torch":14,"minecraft:deepslate_copper_ore":9,"minecraft:seagrass":3,"minecraft:acacia_sapling":1,"minecraft:powered_rail":1,"minecraft:nether_wart_block":5,"minecraft:yellow_wool":1,"minecraft:birch_log":1379,"minecraft:oak_log":1683,"minecraft:diorite_wall":1,"minecraft:sand":1032,"minecraft:dirt":691,"minecraft:ancient_debris":14,"minecraft:netherrack":2240,"minecraft:oak_leaves":907,"minecraft:nether_gold_ore":2,"minecraft:tuff":688,"minecraft:pink_carpet":1,"minecraft:dark_oak_leaves":886,"minecraft:deepslate_diamond_ore":288,"minecraft:gray_glazed_terracotta":6,"minecraft:glow_lichen":1,"minecraft:lever":2,"minecraft:weeping_vines":5,"minecraft:brown_mushroom_block":45,"minecraft:spruce_leaves":791,"minecraft:crimson_stem":1161,"minecraft:hay_block":5,"minecraft:furnace":1,"minecraft:nether_sprouts":4,"minecraft:stripped_spruce_log":3,"minecraft:black_concrete":2,"minecraft:nether_brick_fence":3,"minecraft:deepslate_iron_ore":270,"minecraft:shroomlight":3,"minecraft:stripped_oak_log":3,"minecraft:stripped_acacia_log":2,"minecraft:stripped_jungle_log":17,"minecraft:packed_ice":6,"minecraft:stone":1031,"minecraft:redstone_wall_torch":5,"minecraft:podzol":2,"minecraft:acacia_leaves":709,"minecraft:scaffolding":132,"minecraft:flowering_azalea":5,"minecraft:magenta_stained_glass":2,"minecraft:snow_block":323,"minecraft:stripped_dark_oak_log":1,"minecraft:basalt":125,"minecraft:polished_granite":2,"minecraft:crafting_table":4,"minecraft:rose_bush":3,"minecraft:sculk_sensor":5,"minecraft:andesite_wall":2,"minecraft:quartz_bricks":11,"minecraft:lapis_ore":26,"minecraft:red_concrete":2,"minecraft:sculk":62,"minecraft:blue_bed":1,"minecraft:prismarine_bricks":1,"minecraft:birch_planks":6,"minecraft:polished_blackstone_slab":2,"minecraft:redstone_torch":95,"minecraft:sweet_berry_bush":13,"minecraft:ice":1,"minecraft:bee_nest":2,"minecraft:coal_ore":1746,"minecraft:end_rod":2,"minecraft:jungle_wall_sign":1},"minecraft:crafted":{"minecraft:oak_sign":3,"minecraft:chain":31,"minecraft:shulker_box":17,"minecraft:repeater":208,"minecraft:diamond_leggings":1,"minecraft:emerald":254,"minecraft:acacia_slab":6,"minecraft:chest_minecart":1,"minecraft:iron_block":84,"minecraft:gold_ingot":227,"minecraft:netherite_ingot":2,"minecraft:jungle_sign":3,"minecraft:golden_carrot":49,"minecraft:prismarine":1,"minecraft:iron_nugget":72,"minecraft:experience_bottle":19,"minecraft:diamond_hoe":1,"minecraft:spruce_fence":21,"minecraft:diamond":198,"minecraft:ladder":12,"minecraft:spruce_slab":6,"minecraft:redstone_block":148,"minecraft:dark_oak_planks":12,"minecraft:wheat":45,"minecraft:coal_block":102,"minecraft:enchanted_book":13,"minecraft:jungle_slab":102,"minecraft:acacia_sign":3,"minecraft:writable_book":1,"minecraft:iron_shovel":1,"minecraft:note_block":364,"minecraft:oak_planks":524,"minecraft:barrel":7,"minecraft:warped_planks":24,"minecraft:stone_brick_slab":24,"minecraft:bow":1,"minecraft:chest":33,"minecraft:copper_block":161,"minecraft:birch_button":1,"minecraft:stone_bricks":116,"minecraft:oak_slab":24,"minecraft:crafting_table":6,"minecraft:spruce_planks":944,"minecraft:wooden_pickaxe":1,"minecraft:gold_block":18,"minecraft:birch_planks":136,"minecraft:spruce_trapdoor":4,"minecraft:dark_oak_slab":6,"minecraft:stick":632,"minecraft:iron_ingot":28,"minecraft:redstone_torch":385,"minecraft:shears":13,"minecraft:redstone":1332,"minecraft:raw_iron":9,"minecraft:coal":45,"minecraft:stone_brick_wall":30,"minecraft:spruce_button":1,"minecraft:furnace":1,"minecraft:stone_button":1,"minecraft:dark_oak_sign":3,"minecraft:diamond_block":34,"minecraft:glass_pane":1184,"minecraft:flint_and_steel":3,"minecraft:netherite_chestplate":1,"minecraft:birch_sign":3,"minecraft:diamond_sword":1,"minecraft:spruce_sign":12,"minecraft:bucket":1,"minecraft:bread":15,"minecraft:air":0,"minecraft:jungle_planks":1196,"minecraft:gold_nugget":576,"minecraft:anvil":2,"minecraft:acacia_planks":1036,"minecraft:torch":144,"minecraft:lapis_lazuli":18,"minecraft:lapis_block":56},"minecraft:picked_up":{"minecraft:iron_chestplate":8,"minecraft:suspicious_stew":1,"minecraft:anvil":3,"minecraft:prismarine_shard":338,"minecraft:magenta_carpet":19,"minecraft:lead":6,"minecraft:diamond_sword":13,"minecraft:golden_shovel":1,"minecraft:golden_sword":2,"minecraft:amethyst_block":2,"minecraft:music_disc_cat":1,"minecraft:string":26,"minecraft:soul_soil":5,"minecraft:cooked_salmon":1,"minecraft:pufferfish":3,"minecraft:shroomlight":3,"minecraft:sculk_shrieker":6,"minecraft:diamond_leggings":4,"minecraft:gold_nugget":26,"minecraft:cobbled_deepslate":52,"minecraft:spruce_planks":3,"minecraft:written_book":16,"minecraft:azalea_leaves":1,"minecraft:melon_slice":14,"minecraft:spruce_pressure_plate":1,"minecraft:golden_helmet":1,"minecraft:jukebox":1,"minecraft:composter":3,"minecraft:acacia_log":1782,"minecraft:deepslate_tile_stairs":1,"minecraft:tropical_fish":4,"minecraft:glowstone":42,"minecraft:end_rod":2,"minecraft:netherite_chestplate":1,"minecraft:iron_bars":9,"minecraft:snowball":98,"minecraft:birch_log":1414,"minecraft:magma_block":4,"minecraft:cooked_beef":31,"minecraft:feather":3,"minecraft:water_bucket":5,"minecraft:birch_slab":2,"minecraft:jungle_log":2245,"minecraft:acacia_leaves":593,"minecraft:dark_oak_boat":1,"minecraft:copper_block":12,"minecraft:flint":4,"minecraft:gray_concrete":16,"minecraft:lantern":2,"minecraft:disc_fragment_5":1,"minecraft:purple_carpet":1,"minecraft:chipped_anvil":2,"minecraft:dark_oak_sign":2,"minecraft:diamond_helmet":6,"minecraft:glowstone_dust":3,"minecraft:moss_block":3,"minecraft:gray_glazed_terracotta":6,"minecraft:warped_wart_block":12,"minecraft:stripped_crimson_stem":2,"minecraft:stripped_spruce_log":3,"minecraft:dark_oak_log":1963,"minecraft:barrel":13,"minecraft:quartz_bricks":10,"minecraft:stripped_acacia_log":2,"minecraft:deepslate":5533,"minecraft:lever":2,"minecraft:writable_book":1,"minecraft:deepslate_gold_ore":14,"minecraft:granite":42,"minecraft:spruce_button":1,"minecraft:dark_oak_fence":1,"minecraft:crimson_roots":22,"minecraft:diamond_pickaxe":8,"minecraft:spruce_leaves":670,"minecraft:coarse_dirt":2,"minecraft:crafting_table":6,"minecraft:bee_nest":2,"minecraft:leather_leggings":3,"minecraft:dragon_head":1,"minecraft:cornflower":1,"minecraft:elytra":4,"minecraft:flint_and_steel":4,"minecraft:snow":90,"minecraft:white_carpet":1,"minecraft:iron_shovel":1,"minecraft:glass_pane":4,"minecraft:netherite_sword":7,"minecraft:stripped_warped_stem":2,"minecraft:deepslate_diamond_ore":145,"minecraft:beef":5,"minecraft:jungle_sapling":30,"minecraft:poppy":1,"minecraft:spruce_slab":1,"minecraft:minecart":1,"minecraft:chest":1,"minecraft:birch_sapling":21,"minecraft:egg":70,"minecraft:copper_ore":575,"minecraft:stone":1006,"minecraft:glow_item_frame":1,"minecraft:spruce_fence":9,"minecraft:redstone":1329,"minecraft:netherite_pickaxe":6,"minecraft:cyan_shulker_box":1,"minecraft:prismarine_crystals":202,"minecraft:jungle_sign":4,"minecraft:diamond_chestplate":3,"minecraft:cooked_cod":97,"minecraft:deepslate_bricks":5,"minecraft:shears":6,"minecraft:diamond_boots":2,"minecraft:hay_block":5,"minecraft:gold_ingot":3,"minecraft:totem_of_undying":4,"minecraft:polished_blackstone":1,"minecraft:glow_berries":6,"minecraft:emerald_ore":19,"minecraft:rail":1,"minecraft:lapis_ore":13,"minecraft:stripped_oak_log":3,"minecraft:birch_leaves":576,"minecraft:yellow_shulker_box":1,"minecraft:red_mushroom":58,"minecraft:filled_map":24,"minecraft:oak_log":2124,"minecraft:ancient_debris":22,"minecraft:golden_boots":1,"minecraft:sculk_vein":6,"minecraft:blue_bed":1,"minecraft:paper":80,"minecraft:apple":25,"minecraft:stone_bricks":56,"minecraft:warped_stem":1737,"minecraft:yellow_stained_glass":2,"minecraft:iron_ore":356,"minecraft:magenta_stained_glass":2,"minecraft:glass_bottle":7,"minecraft:flowering_azalea":9,"minecraft:light_gray_stained_glass":4,"minecraft:sweet_berries":102,"minecraft:sculk":4,"minecraft:spyglass":6,"minecraft:gravel":1030,"minecraft:spruce_sapling":96,"minecraft:spruce_log":3095,"minecraft:sea_lantern":3,"minecraft:leather_helmet":3,"minecraft:firework_rocket":107,"minecraft:diamond_shovel":9,"minecraft:coal_ore":1164,"minecraft:slime_ball":116,"minecraft:redstone_ore":4,"minecraft:deepslate_redstone_ore":200,"minecraft:diamond_axe":4,"minecraft:birch_sign":2,"minecraft:warped_roots":6,"minecraft:melon_seeds":6,"minecraft:stripped_dark_oak_log":1,"minecraft:crimson_nylium":11,"minecraft:smooth_quartz_slab":1,"minecraft:ender_pearl":37,"minecraft:wheat":1,"minecraft:black_carpet":1,"minecraft:iron_trapdoor":2,"minecraft:exposed_copper":1,"minecraft:ender_chest":106,"minecraft:nether_brick_fence":9,"minecraft:yellow_wool":1,"minecraft:potion":4,"minecraft:turtle_egg":1,"minecraft:raw_copper":1453,"minecraft:deepslate_lapis_ore":45,"minecraft:iron_leggings":6,"minecraft:armor_stand":1,"minecraft:netherite_ingot":2,"minecraft:experience_bottle":218,"minecraft:oak_sign":16,"minecraft:deepslate_tiles":1,"minecraft:bucket":8,"minecraft:dark_oak_leaves":581,"minecraft:redstone_torch":100,"minecraft:rose_bush":4,"minecraft:calcite":1,"minecraft:azalea":2,"minecraft:smooth_quartz":32,"minecraft:deepslate_iron_ore":135,"minecraft:iron_boots":7,"minecraft:stick":267,"minecraft:orange_shulker_box":13,"minecraft:torch":42,"minecraft:snow_block":256,"minecraft:netherite_shovel":1,"minecraft:pointed_dripstone":54,"minecraft:diorite":28,"minecraft:vine":14,"minecraft:goat_horn":2,"minecraft:andesite_wall":2,"minecraft:quartz_block":21,"minecraft:nether_gold_ore":2,"minecraft:rotten_flesh":169,"minecraft:brown_shulker_box":1,"minecraft:deepslate_copper_ore":5,"minecraft:deepslate_brick_stairs":1,"minecraft:obsidian":50,"minecraft:cod":60,"minecraft:cobblestone":282,"minecraft:nautilus_shell":1,"minecraft:leather_chestplate":3,"minecraft:repeater":106,"minecraft:andesite":48,"minecraft:tuff":534,"minecraft:smooth_sandstone_stairs":1,"minecraft:prismarine_bricks":1,"minecraft:lapis_lazuli":849,"minecraft:dirt":680,"minecraft:stripped_birch_log":24,"minecraft:polished_granite":2,"minecraft:leather_boots":2,"minecraft:glass":10,"minecraft:bone":49,"minecraft:acacia_planks":36,"minecraft:bow":14,"minecraft:wheat_seeds":42,"minecraft:raw_gold":43,"minecraft:netherite_axe":2,"minecraft:powered_rail":1,"minecraft:prismarine":2,"minecraft:oak_planks":50,"minecraft:ghast_tear":2,"minecraft:cooked_porkchop":5,"minecraft:polished_blackstone_slab":2,"minecraft:jungle_planks":34,"minecraft:sand":1025,"minecraft:grass_block":51,"minecraft:jungle_slab":82,"minecraft:shulker_box":367,"minecraft:dark_prismarine":4,"minecraft:jungle_leaves":828,"minecraft:slime_block":1,"minecraft:clay":244,"minecraft:spruce_boat":2,"minecraft:diamond":363,"minecraft:black_concrete":2,"minecraft:netherite_helmet":1,"minecraft:crossbow":5,"minecraft:bone_meal":1,"minecraft:golden_apple":3,"minecraft:spruce_sign":30,"minecraft:emerald":40,"minecraft:oak_sapling":116,"minecraft:netherrack":3319,"minecraft:oak_leaves":646,"minecraft:fishing_rod":4,"minecraft:chicken":2,"minecraft:packed_ice":19,"minecraft:brown_mushroom":35,"minecraft:wooden_pickaxe":2,"minecraft:stone_brick_wall":8,"minecraft:chain":37,"minecraft:shield":2,"minecraft:moss_carpet":14,"minecraft:iron_axe":7,"minecraft:quartz_slab":1,"minecraft:item_frame":3,"minecraft:mycelium":212,"minecraft:blackstone":28,"minecraft:oak_boat":15,"minecraft:player_head":59,"minecraft:observer":9,"minecraft:phantom_membrane":64,"minecraft:spruce_trapdoor":1,"minecraft:dark_oak_sapling":41,"minecraft:raw_iron":888,"minecraft:end_stone":56,"minecraft:copper_ingot":2,"minecraft:bowl":22,"minecraft:note_block":133,"minecraft:quartz_pillar":1,"minecraft:stone_button":1,"minecraft:trident":2,"minecraft:light_gray_stained_glass_pane":2,"minecraft:dark_oak_planks":5,"minecraft:weeping_vines":10,"minecraft:arrow":78,"minecraft:red_shulker_box":1,"minecraft:pumpkin_pie":1,"minecraft:wet_sponge":3,"minecraft:netherite_boots":1,"minecraft:jungle_boat":1,"minecraft:basalt":124,"minecraft:golden_carrot":458,"minecraft:crimson_stem":1142,"minecraft:cut_sandstone":24,"minecraft:leather":14,"minecraft:birch_planks":12,"minecraft:ice":1,"minecraft:mushroom_stew":6,"minecraft:crimson_fungus":1,"minecraft:nether_wart_block":5,"minecraft:gunpowder":26,"minecraft:deepslate_tile_slab":4,"minecraft:podzol":2,"minecraft:deepslate_emerald_ore":1,"minecraft:iron_ingot":8,"minecraft:cooked_chicken":23,"minecraft:soul_sand":71,"minecraft:acacia_sapling":29,"minecraft:book":10,"minecraft:sculk_catalyst":2,"minecraft:scaffolding":265,"minecraft:oak_slab":9,"minecraft:warped_fungus":2,"minecraft:nether_quartz_ore":18,"minecraft:birch_boat":1,"minecraft:pumpkin":2,"minecraft:stone_brick_slab":4,"minecraft:raw_iron_block":1,"minecraft:lava_bucket":3,"minecraft:amethyst_shard":2,"minecraft:white_bed":26,"minecraft:gold_ore":8,"minecraft:spider_eye":5,"minecraft:stripped_jungle_log":18,"minecraft:cyan_banner":1,"minecraft:sculk_sensor":5,"minecraft:iron_helmet":6,"minecraft:red_concrete":2,"minecraft:coal":1387,"minecraft:sunflower":1},"minecraft:killed_by":{"minecraft:warden":4,"minecraft:creeper":1,"minecraft:player":3},"minecraft:custom":{"minecraft:interact_with_crafting_table":106,"minecraft:open_barrel":922,"minecraft:bell_ring":5,"minecraft:eat_cake_slice":11,"minecraft:leave_game":126,"minecraft:time_since_death":509124,"minecraft:play_time":4727768,"minecraft:deaths":9,"minecraft:jump":89837,"minecraft:enchant_item":7,"minecraft:interact_with_furnace":102,"minecraft:play_record":1,"minecraft:traded_with_villager":54,"minecraft:interact_with_cartography_table":3,"minecraft:sleep_in_bed":43,"minecraft:damage_dealt":67649,"minecraft:inspect_dispenser":4,"minecraft:horse_one_cm":37848,"minecraft:interact_with_smithing_table":6,"minecraft:inspect_dropper":20,"minecraft:interact_with_anvil":71,"minecraft:inspect_hopper":56,"minecraft:target_hit":38,"minecraft:sneak_time":246307,"minecraft:interact_with_lectern":99,"minecraft:interact_with_blast_furnace":4,"minecraft:total_world_time":4727768,"minecraft:tune_noteblock":3291,"minecraft:interact_with_stonecutter":2,"minecraft:time_since_rest":509144,"minecraft:swim_one_cm":1454701,"minecraft:fly_one_cm":18180036,"minecraft:open_chest":2093,"minecraft:fall_one_cm":2359999,"minecraft:open_shulker_box":2144,"minecraft:damage_resisted":1706,"minecraft:sprint_one_cm":15308819,"minecraft:drop":1181,"minecraft:play_noteblock":402,"minecraft:talked_to_villager":59,"minecraft:interact_with_brewingstand":7,"minecraft:walk_on_water_one_cm":355436,"minecraft:interact_with_loom":2,"minecraft:open_enderchest":655,"minecraft:interact_with_beacon":1,"minecraft:player_kills":13,"minecraft:crouch_one_cm":842904,"minecraft:mob_kills":48094,"minecraft:climb_one_cm":405158,"minecraft:walk_one_cm":5316324,"minecraft:walk_under_water_one_cm":559804,"minecraft:boat_one_cm":503261,"minecraft:interact_with_grindstone":11,"minecraft:damage_taken":52970,"minecraft:damage_absorbed":94,"minecraft:minecart_one_cm":18699,"minecraft:pig_one_cm":4270,"minecraft:aviate_one_cm":162885652}},"DataVersion":3120}