{"stats":{"minecraft:killed_by":{"minecraft:creeper":1,"minecraft:player":2,"minecraft:skeleton":1},"minecraft:custom":{"minecraft:interact_with_crafting_table":504,"minecraft:open_barrel":108,"minecraft:bell_ring":3,"minecraft:eat_cake_slice":3,"minecraft:leave_game":88,"minecraft:time_since_death":8253,"minecraft:damage_blocked_by_shield":5445,"minecraft:play_time":3027313,"minecraft:deaths":8,"minecraft:jump":18845,"minecraft:enchant_item":15,"minecraft:interact_with_furnace":915,"minecraft:play_record":1,"minecraft:sleep_in_bed":28,"minecraft:damage_dealt":87329,"minecraft:interact_with_smoker":112,"minecraft:use_cauldron":13,"minecraft:horse_one_cm":891,"minecraft:interact_with_smithing_table":4,"minecraft:interact_with_anvil":14,"minecraft:inspect_hopper":4,"minecraft:sneak_time":332100,"minecraft:interact_with_lectern":38,"minecraft:interact_with_blast_furnace":1,"minecraft:total_world_time":3027313,"minecraft:interact_with_stonecutter":1,"minecraft:time_since_rest":8273,"minecraft:swim_one_cm":1879183,"minecraft:fly_one_cm":1094997,"minecraft:open_chest":2291,"minecraft:fish_caught":159,"minecraft:fall_one_cm":253159,"minecraft:animals_bred":129,"minecraft:open_shulker_box":10,"minecraft:damage_resisted":30,"minecraft:sprint_one_cm":6082939,"minecraft:drop":136,"minecraft:talked_to_villager":26,"minecraft:interact_with_brewingstand":43,"minecraft:walk_on_water_one_cm":459907,"minecraft:interact_with_loom":6,"minecraft:open_enderchest":130,"minecraft:crouch_one_cm":1360573,"minecraft:mob_kills":942,"minecraft:fill_cauldron":5,"minecraft:climb_one_cm":817788,"minecraft:walk_one_cm":17743434,"minecraft:walk_under_water_one_cm":994954,"minecraft:boat_one_cm":6181815,"minecraft:interact_with_grindstone":7,"minecraft:damage_taken":14201},"minecraft:picked_up":{"minecraft:birch_door":46,"minecraft:seagrass":25,"minecraft:iron_chestplate":1,"minecraft:blue_concrete":16,"minecraft:music_disc_cat":1,"minecraft:amethyst_block":292,"minecraft:polished_deepslate":37,"minecraft:string":33,"minecraft:soul_soil":24,"minecraft:red_nether_bricks":40,"minecraft:pufferfish":16,"minecraft:shroomlight":1,"minecraft:gold_nugget":220,"minecraft:cobbled_deepslate":2316,"minecraft:azalea_leaves":5,"minecraft:melon_slice":369,"minecraft:golden_helmet":3,"minecraft:composter":1,"minecraft:big_dripleaf":13,"minecraft:acacia_log":19,"minecraft:golden_chestplate":7,"minecraft:stone_sword":1,"minecraft:horn_coral_fan":3,"minecraft:light_blue_wool":6,"minecraft:blue_glazed_terracotta":46,"minecraft:tropical_fish":5,"minecraft:cyan_terracotta":2,"minecraft:blaze_rod":21,"minecraft:iron_bars":7,"minecraft:birch_log":20,"minecraft:cooked_beef":49,"minecraft:magma_block":6,"minecraft:feather":41,"minecraft:water_bucket":2,"minecraft:jungle_log":285,"minecraft:copper_block":11,"minecraft:flint":203,"minecraft:magenta_terracotta":1,"minecraft:dark_oak_sign":4,"minecraft:glowstone_dust":187,"minecraft:moss_block":28,"minecraft:glow_lichen":2,"minecraft:warped_wart_block":8,"minecraft:ink_sac":10,"minecraft:crimson_door":6,"minecraft:loom":1,"minecraft:dark_oak_log":72,"minecraft:quartz_bricks":49,"minecraft:polished_andesite":3,"minecraft:blue_terracotta":39,"minecraft:lever":3,"minecraft:writable_book":2,"minecraft:granite":96,"minecraft:bread":1,"minecraft:chainmail_helmet":1,"minecraft:deepslate_coal_ore":10,"minecraft:dark_oak_fence":2,"minecraft:crimson_roots":7,"minecraft:diamond_pickaxe":1,"minecraft:magenta_glazed_terracotta":8,"minecraft:crafting_table":25,"minecraft:bubble_coral_fan":1,"minecraft:purple_wool":1,"minecraft:nether_wart":1583,"minecraft:clay_ball":1988,"minecraft:leather_leggings":2,"minecraft:dead_horn_coral_block":1,"minecraft:fire_coral":1,"minecraft:cornflower":7,"minecraft:beef":75,"minecraft:cyan_wool":2,"minecraft:jungle_sapling":8,"minecraft:poppy":131,"minecraft:chest":3,"minecraft:quartz_stairs":6,"minecraft:egg":54,"minecraft:sandstone":284,"minecraft:stone":284,"minecraft:cyan_glazed_terracotta":31,"minecraft:amethyst_cluster":19,"minecraft:fire_charge":2,"minecraft:redstone":447,"minecraft:mushroom_stem":9,"minecraft:red_nether_brick_wall":10,"minecraft:prismarine_crystals":3,"minecraft:jungle_sign":4,"minecraft:tube_coral_fan":6,"minecraft:cut_copper":1,"minecraft:tube_coral_block":6,"minecraft:gold_ingot":21,"minecraft:glow_berries":5,"minecraft:mutton":8,"minecraft:white_wool":17,"minecraft:oxeye_daisy":2,"minecraft:tripwire_hook":3,"minecraft:jungle_fence":38,"minecraft:fern":2,"minecraft:red_mushroom_block":76,"minecraft:red_mushroom":9,"minecraft:oak_log":36,"minecraft:lily_pad":4,"minecraft:golden_boots":9,"minecraft:kelp":7,"minecraft:iron_sword":1,"minecraft:smooth_basalt":23,"minecraft:green_glazed_terracotta":1,"minecraft:light_blue_glazed_terracotta":24,"minecraft:gravel":894,"minecraft:spruce_sapling":4,"minecraft:crying_obsidian":13,"minecraft:sea_lantern":3,"minecraft:leather_helmet":2,"minecraft:diamond_shovel":1,"minecraft:coal_ore":1,"minecraft:slime_ball":35,"minecraft:polished_diorite":5,"minecraft:birch_sign":4,"minecraft:warped_roots":1,"minecraft:red_nether_brick_slab":35,"minecraft:crimson_nylium":25,"minecraft:ender_pearl":16,"minecraft:wheat":370,"minecraft:light_blue_concrete":17,"minecraft:iron_trapdoor":1,"minecraft:nether_brick_fence":1,"minecraft:potion":3,"minecraft:nether_brick":7,"minecraft:crimson_planks":56,"minecraft:raw_copper":137,"minecraft:iron_leggings":2,"minecraft:sea_pickle":30,"minecraft:smooth_stone":110,"minecraft:comparator":2,"minecraft:dark_oak_leaves":1,"minecraft:rose_bush":4,"minecraft:calcite":54,"minecraft:azalea":2,"minecraft:iron_boots":2,"minecraft:furnace":5,"minecraft:stick":59,"minecraft:jungle_door":17,"minecraft:polished_deepslate_stairs":6,"minecraft:oak_fence":4,"minecraft:torch":68,"minecraft:porkchop":11,"minecraft:diorite":475,"minecraft:vine":146,"minecraft:quartz_block":86,"minecraft:rotten_flesh":107,"minecraft:cactus":164,"minecraft:green_wool":5,"minecraft:fire_coral_fan":9,"minecraft:obsidian":91,"minecraft:cod":100,"minecraft:cobblestone":2241,"minecraft:nautilus_shell":2,"minecraft:leather_chestplate":3,"minecraft:magma_cream":4,"minecraft:andesite":262,"minecraft:golden_leggings":2,"minecraft:chiseled_quartz_block":1,"minecraft:potato":4,"minecraft:tuff":272,"minecraft:lapis_lazuli":459,"minecraft:dirt":1383,"minecraft:leather_boots":8,"minecraft:bone":501,"minecraft:bow":47,"minecraft:wheat_seeds":1052,"minecraft:raw_gold":89,"minecraft:cobbled_deepslate_slab":1,"minecraft:bamboo":155,"minecraft:cyan_concrete":17,"minecraft:oak_planks":18,"minecraft:brain_coral":2,"minecraft:cooked_porkchop":11,"minecraft:jungle_planks":80,"minecraft:sand":3659,"minecraft:melon":68,"minecraft:grass_block":1,"minecraft:lily_of_the_valley":2,"minecraft:spectral_arrow":1,"minecraft:jungle_slab":12,"minecraft:orange_wool":2,"minecraft:jungle_leaves":5,"minecraft:light_blue_terracotta":40,"minecraft:diamond":24,"minecraft:grass":2,"minecraft:bone_meal":48,"minecraft:chorus_fruit":28,"minecraft:netherrack":4740,"minecraft:oak_sapling":3,"minecraft:bubble_coral_block":30,"minecraft:cocoa_beans":58,"minecraft:fishing_rod":5,"minecraft:chicken":36,"minecraft:ladder":49,"minecraft:brown_mushroom":116,"minecraft:pink_wool":2,"minecraft:gold_block":2,"minecraft:shield":2,"minecraft:brick":24,"minecraft:dragon_breath":1,"minecraft:moss_carpet":2,"minecraft:iron_axe":2,"minecraft:magenta_wool":5,"minecraft:blackstone":102,"minecraft:oak_boat":13,"minecraft:player_head":9,"minecraft:lectern":1,"minecraft:sugar_cane":330,"minecraft:phantom_membrane":24,"minecraft:lime_wool":1,"minecraft:raw_iron":164,"minecraft:end_stone":905,"minecraft:bowl":4,"minecraft:flowering_azalea_leaves":8,"minecraft:quartz_pillar":5,"minecraft:cookie":4,"minecraft:arrow":540,"minecraft:tube_coral":2,"minecraft:pink_glazed_terracotta":8,"minecraft:pumpkin_pie":2,"minecraft:nether_bricks":153,"minecraft:saddle":1,"minecraft:crimson_stem":71,"minecraft:jungle_boat":53,"minecraft:basalt":408,"minecraft:golden_carrot":16,"minecraft:glow_ink_sac":14,"minecraft:salmon":40,"minecraft:cut_sandstone":310,"minecraft:leather":71,"minecraft:mushroom_stew":2,"minecraft:chainmail_chestplate":2,"minecraft:nether_wart_block":35,"minecraft:cobbled_deepslate_stairs":11,"minecraft:gunpowder":21,"minecraft:orange_terracotta":1,"minecraft:podzol":1,"minecraft:red_nether_brick_stairs":1,"minecraft:gray_carpet":7,"minecraft:iron_ingot":1,"minecraft:cooked_chicken":3,"minecraft:soul_sand":183,"minecraft:scaffolding":19,"minecraft:warped_fungus":3,"minecraft:nether_quartz_ore":1,"minecraft:birch_boat":8,"minecraft:pumpkin":4,"minecraft:quartz":1349,"minecraft:dandelion":8,"minecraft:brain_coral_fan":4,"minecraft:amethyst_shard":140,"minecraft:soul_torch":6,"minecraft:spider_eye":12,"minecraft:polished_diorite_stairs":3,"minecraft:chainmail_leggings":1,"minecraft:iron_helmet":1,"minecraft:coal":737},"minecraft:crafted":{"minecraft:ender_chest":3,"minecraft:black_dye":6,"minecraft:smooth_stone":448,"minecraft:jungle_fence_gate":3,"minecraft:cut_sandstone":360,"minecraft:blaze_powder":4,"minecraft:birch_boat":2,"minecraft:chain":8,"minecraft:blue_stained_glass_pane":88,"minecraft:loom":1,"minecraft:lever":1,"minecraft:diamond_shovel":1,"minecraft:lime_glazed_terracotta":8,"minecraft:nether_brick":800,"minecraft:bookshelf":17,"minecraft:cooked_mutton":2,"minecraft:quartz_block":317,"minecraft:glass":632,"minecraft:light_blue_terracotta":48,"minecraft:cyan_stained_glass_pane":48,"minecraft:white_glazed_terracotta":8,"minecraft:melon_seeds":8,"minecraft:birch_fence_gate":1,"minecraft:light_blue_concrete_powder":16,"minecraft:birch_door":3,"minecraft:chiseled_quartz_block":3,"minecraft:magenta_dye":4,"minecraft:glass_bottle":15,"minecraft:diamond_axe":1,"minecraft:jungle_boat":3,"minecraft:copper_ingot":136,"minecraft:nether_brick_fence":18,"minecraft:red_nether_bricks":378,"minecraft:hay_block":18,"minecraft:green_terracotta":8,"minecraft:red_nether_brick_stairs":56,"minecraft:iron_pickaxe":5,"minecraft:iron_block":3,"minecraft:white_terracotta":8,"minecraft:gold_ingot":103,"minecraft:sandstone":282,"minecraft:light_gray_dye":2,"minecraft:composter":1,"minecraft:jungle_sign":3,"minecraft:stone_shovel":15,"minecraft:spyglass":1,"minecraft:iron_nugget":18,"minecraft:polished_deepslate_stairs":44,"minecraft:tinted_glass":12,"minecraft:soul_torch":20,"minecraft:red_terracotta":8,"minecraft:bone_meal":36,"minecraft:pink_dye":4,"minecraft:terracotta":391,"minecraft:dark_oak_fence":39,"minecraft:polished_diorite":128,"minecraft:yellow_glazed_terracotta":8,"minecraft:ladder":144,"minecraft:stone_pickaxe":57,"minecraft:quartz_slab":6,"minecraft:red_glazed_terracotta":8,"minecraft:redstone_block":48,"minecraft:jungle_fence":69,"minecraft:dark_oak_planks":68,"minecraft:lead":2,"minecraft:golden_helmet":1,"minecraft:coal_block":16,"minecraft:cyan_glazed_terracotta":32,"minecraft:purple_stained_glass_pane":8,"minecraft:crossbow":1,"minecraft:light_gray_terracotta":8,"minecraft:light_blue_glazed_terracotta":32,"minecraft:enchanting_table":1,"minecraft:blue_bed":1,"minecraft:glowstone":20,"minecraft:orange_dye":2,"minecraft:jungle_slab":12,"minecraft:magenta_glazed_terracotta":16,"minecraft:soul_lantern":4,"minecraft:black_glazed_terracotta":8,"minecraft:wooden_axe":1,"minecraft:iron_shovel":8,"minecraft:iron_leggings":2,"minecraft:light_gray_glazed_terracotta":8,"minecraft:brick":376,"minecraft:pink_terracotta":16,"minecraft:oak_planks":128,"minecraft:quartz_bricks":268,"minecraft:cooked_chicken":36,"minecraft:purple_glazed_terracotta":8,"minecraft:stone":320,"minecraft:quartz_pillar":30,"minecraft:green_dye":32,"minecraft:cake":2,"minecraft:bow":25,"minecraft:iron_boots":2,"minecraft:cyan_terracotta":32,"minecraft:chest":21,"minecraft:yellow_terracotta":8,"minecraft:copper_block":12,"minecraft:blue_concrete_powder":16,"minecraft:bricks":100,"minecraft:red_nether_brick_slab":96,"minecraft:stone_hoe":1,"minecraft:ender_eye":3,"minecraft:polished_diorite_slab":18,"minecraft:golden_boots":4,"minecraft:smoker":1,"minecraft:quartz_stairs":40,"minecraft:arrow":56,"minecraft:cauldron":1,"minecraft:crafting_table":10,"minecraft:lime_terracotta":16,"minecraft:wooden_pickaxe":1,"minecraft:brown_dye":1,"minecraft:gold_block":8,"minecraft:brewing_stand":2,"minecraft:birch_planks":80,"minecraft:brown_glazed_terracotta":8,"minecraft:green_glazed_terracotta":8,"minecraft:iron_chestplate":2,"minecraft:book":64,"minecraft:paper":204,"minecraft:diamond_pickaxe":3,"minecraft:yellow_dye":2,"minecraft:purple_dye":12,"minecraft:shield":3,"minecraft:gray_terracotta":8,"minecraft:stick":824,"minecraft:light_blue_dye":24,"minecraft:iron_ingot":162,"minecraft:stone_sword":1,"minecraft:red_nether_brick_wall":24,"minecraft:polished_diorite_stairs":48,"minecraft:shears":2,"minecraft:blue_terracotta":48,"minecraft:orange_glazed_terracotta":8,"minecraft:polished_andesite":208,"minecraft:gray_glazed_terracotta":8,"minecraft:cookie":96,"minecraft:coal":90,"minecraft:fishing_rod":4,"minecraft:leather_boots":3,"minecraft:golden_chestplate":3,"minecraft:furnace":10,"minecraft:gray_dye":2,"minecraft:mushroom_stew":4,"minecraft:dark_oak_sign":6,"minecraft:glass_pane":544,"minecraft:flint_and_steel":1,"minecraft:scaffolding":90,"minecraft:polished_deepslate":1124,"minecraft:black_terracotta":8,"minecraft:iron_axe":5,"minecraft:lime_dye":2,"minecraft:orange_terracotta":16,"minecraft:pink_glazed_terracotta":16,"minecraft:birch_sign":3,"minecraft:blue_glazed_terracotta":32,"minecraft:glistering_melon_slice":1,"minecraft:cooked_beef":61,"minecraft:sugar":8,"minecraft:red_dye":65,"minecraft:cooked_cod":59,"minecraft:cyan_concrete_powder":16,"minecraft:crimson_planks":268,"minecraft:purple_terracotta":16,"minecraft:light_blue_stained_glass_pane":88,"minecraft:diamond_sword":2,"minecraft:cyan_dye":12,"minecraft:iron_trapdoor":1,"minecraft:diorite_wall":24,"minecraft:iron_sword":3,"minecraft:cooked_salmon":23,"minecraft:bucket":3,"minecraft:stone_axe":9,"minecraft:amethyst_block":18,"minecraft:brown_terracotta":8,"minecraft:bread":36,"minecraft:air":0,"minecraft:jungle_planks":760,"minecraft:blue_dye":57,"minecraft:cut_copper":12,"minecraft:jungle_door":6,"minecraft:magenta_terracotta":32,"minecraft:white_dye":19,"minecraft:blue_wool":3,"minecraft:crimson_door":3,"minecraft:anvil":1,"minecraft:torch":528,"minecraft:lapis_lazuli":63,"minecraft:clay":396,"minecraft:lapis_block":37},"minecraft:mined":{"minecraft:red_nether_brick_slab":33,"minecraft:light_blue_concrete":17,"minecraft:fire_coral_wall_fan":7,"minecraft:jungle_leaves":12,"minecraft:red_nether_bricks":42,"minecraft:obsidian":92,"minecraft:granite":46,"minecraft:acacia_log":19,"minecraft:jungle_log":284,"minecraft:bubble_coral_block":30,"minecraft:tube_coral_block":6,"minecraft:oxeye_daisy":2,"minecraft:nether_wart":540,"minecraft:spawner":1,"minecraft:tall_seagrass":35,"minecraft:magma_block":11,"minecraft:fire":114,"minecraft:cobbled_deepslate":18,"minecraft:pumpkin":4,"minecraft:moss_carpet":2,"minecraft:deepslate_lapis_ore":28,"minecraft:cave_vines":6,"minecraft:player_head":2,"minecraft:soul_wall_torch":6,"minecraft:cut_sandstone":324,"minecraft:brown_mushroom":39,"minecraft:kelp_plant":1,"minecraft:crimson_nylium":58,"minecraft:amethyst_cluster":43,"minecraft:cyan_glazed_terracotta":7,"minecraft:torch":13,"minecraft:melon":141,"minecraft:glass":9,"minecraft:tube_coral_fan":2,"minecraft:sugar_cane":195,"minecraft:amethyst_block":291,"minecraft:polished_diorite_stairs":3,"minecraft:wheat":371,"minecraft:birch_door":44,"minecraft:warped_fungus":3,"minecraft:copper_block":11,"minecraft:grass":73,"minecraft:loom":1,"minecraft:smooth_basalt":23,"minecraft:red_mushroom_block":76,"minecraft:deepslate":2336,"minecraft:deepslate_tiles":2,"minecraft:dark_oak_log":73,"minecraft:sea_lantern":4,"minecraft:end_stone":929,"minecraft:nether_bricks":189,"minecraft:dark_oak_fence":2,"minecraft:jungle_planks":34,"minecraft:crimson_roots":7,"minecraft:moss_block":29,"minecraft:red_mushroom":9,"minecraft:horn_coral_wall_fan":3,"minecraft:redstone_ore":9,"minecraft:andesite":262,"minecraft:potatoes":1,"minecraft:cyan_concrete":17,"minecraft:vine":180,"minecraft:brain_coral_wall_fan":3,"minecraft:bamboo":9,"minecraft:cut_copper":1,"minecraft:brain_coral":2,"minecraft:glass_pane":133,"minecraft:soul_sand":169,"minecraft:lily_of_the_valley":6,"minecraft:dandelion":8,"minecraft:fire_coral":1,"minecraft:cornflower":7,"minecraft:warped_roots":1,"minecraft:brain_coral_fan":1,"minecraft:tall_grass":11,"minecraft:copper_ore":41,"minecraft:deepslate_gold_ore":84,"minecraft:diorite":262,"minecraft:big_dripleaf":3,"minecraft:warped_wart_block":6,"minecraft:dark_oak_wall_sign":1,"minecraft:birch_leaves":4,"minecraft:jungle_fence":37,"minecraft:quartz_pillar":5,"minecraft:mycelium":792,"minecraft:gravel":1098,"minecraft:birch_sign":2,"minecraft:gold_ore":5,"minecraft:iron_trapdoor":1,"minecraft:fern":10,"minecraft:large_amethyst_bud":6,"minecraft:jungle_slab":12,"minecraft:cave_vines_plant":6,"minecraft:budding_amethyst":5,"minecraft:grass_block":47,"minecraft:blue_concrete":16,"minecraft:soul_soil":32,"minecraft:polished_diorite":5,"minecraft:composter":1,"minecraft:smooth_stone":112,"minecraft:glowstone":49,"minecraft:red_nether_brick_stairs":1,"minecraft:iron_ore":94,"minecraft:flowering_azalea_leaves":8,"minecraft:birch_wall_sign":2,"minecraft:azalea_leaves":5,"minecraft:azalea":2,"minecraft:deepslate_redstone_ore":92,"minecraft:jungle_door":15,"minecraft:quartz_block":86,"minecraft:cyan_terracotta":2,"minecraft:blackstone":105,"minecraft:polished_deepslate_stairs":6,"minecraft:medium_amethyst_bud":2,"minecraft:orange_terracotta":1,"minecraft:chiseled_quartz_block":1,"minecraft:clay":505,"minecraft:calcite":54,"minecraft:poppy":6,"minecraft:chest":3,"minecraft:mushroom_stem":15,"minecraft:nether_quartz_ore":1101,"minecraft:cobblestone":13,"minecraft:oak_planks":18,"minecraft:wall_torch":27,"minecraft:deepslate_copper_ore":3,"minecraft:seagrass":23,"minecraft:light_blue_terracotta":40,"minecraft:fire_coral_fan":2,"minecraft:warped_nylium":41,"minecraft:blue_terracotta":39,"minecraft:nether_wart_block":38,"minecraft:birch_log":20,"minecraft:oak_log":38,"minecraft:green_glazed_terracotta":1,"minecraft:sand":3689,"minecraft:dirt":530,"minecraft:crimson_planks":24,"minecraft:netherrack":6058,"minecraft:oak_leaves":22,"minecraft:horn_coral_block":1,"minecraft:nether_gold_ore":55,"minecraft:tube_coral":2,"minecraft:diamond_ore":2,"minecraft:crying_obsidian":4,"minecraft:tuff":269,"minecraft:quartz_stairs":6,"minecraft:dark_oak_leaves":3,"minecraft:deepslate_diamond_ore":17,"minecraft:ladder":30,"minecraft:glow_lichen":2,"minecraft:lever":2,"minecraft:tube_coral_wall_fan":6,"minecraft:weeping_vines":1,"minecraft:brown_mushroom_block":84,"minecraft:sandstone":289,"minecraft:crimson_stem":72,"minecraft:furnace":5,"minecraft:gold_block":2,"minecraft:nether_brick_fence":1,"minecraft:polished_deepslate":8,"minecraft:shroomlight":1,"minecraft:deepslate_iron_ore":71,"minecraft:crimson_door":4,"minecraft:chorus_plant":3,"minecraft:blue_glazed_terracotta":22,"minecraft:stone":1789,"minecraft:acacia_leaves":5,"minecraft:scaffolding":19,"minecraft:basalt":388,"minecraft:oak_fence":4,"minecraft:crafting_table":25,"minecraft:rose_bush":4,"minecraft:deepslate_coal_ore":10,"minecraft:quartz_bricks":49,"minecraft:red_nether_brick_wall":10,"minecraft:lapis_ore":26,"minecraft:cactus":115,"minecraft:sea_pickle":12,"minecraft:magenta_terracotta":1,"minecraft:coal_ore":687,"minecraft:cocoa":19,"minecraft:bubble_coral_wall_fan":1,"minecraft:gray_carpet":3,"minecraft:polished_andesite":3,"minecraft:small_dripleaf":1,"minecraft:jungle_wall_sign":1},"minecraft:broken":{"minecraft:iron_sword":1,"minecraft:shield":1,"minecraft:iron_axe":2,"minecraft:iron_pickaxe":4,"minecraft:golden_helmet":2,"minecraft:iron_shovel":7,"minecraft:stone_pickaxe":55,"minecraft:stone_axe":9,"minecraft:stone_shovel":15},"minecraft:dropped":{"minecraft:cooked_beef":1,"minecraft:glass_bottle":3,"minecraft:cooked_porkchop":1,"minecraft:cookie":4,"minecraft:warped_roots":1,"minecraft:dragon_breath":1,"minecraft:dirt":28,"minecraft:sand":64,"minecraft:fishing_rod":2,"minecraft:bone":4,"minecraft:cooked_chicken":1,"minecraft:golden_chestplate":1,"minecraft:rotten_flesh":2,"minecraft:warped_wart_block":4,"minecraft:wheat_seeds":1,"minecraft:pufferfish":9,"minecraft:ink_sac":2,"minecraft:red_dye":48,"minecraft:lily_pad":1,"minecraft:soul_soil":3,"minecraft:clay_ball":4,"minecraft:diamond_sword":1,"minecraft:spider_eye":1,"minecraft:birch_boat":1,"minecraft:bow":4,"minecraft:crimson_roots":1,"minecraft:cut_sandstone":1,"minecraft:gold_ingot":21,"minecraft:blackstone":2,"minecraft:chainmail_chestplate":2,"minecraft:poppy":1,"minecraft:written_book":1,"minecraft:netherrack":80,"minecraft:bread":1,"minecraft:vine":128,"minecraft:dead_horn_coral_block":1,"minecraft:diorite":1,"minecraft:torch":1,"minecraft:cactus":62,"minecraft:oak_sapling":1},"minecraft:killed":{"minecraft:skeleton":466,"minecraft:chicken":38,"minecraft:magma_cube":43,"minecraft:parrot":1,"minecraft:zombie":84,"minecraft:glow_squid":5,"minecraft:cow":45,"minecraft:enderman":7,"minecraft:zombified_piglin":3,"minecraft:spider":39,"minecraft:piglin":1,"minecraft:zombie_villager":3,"minecraft:creeper":16,"minecraft:mooshroom":2,"minecraft:ghast":10,"minecraft:blaze":36,"minecraft:slime":50,"minecraft:phantom":24,"minecraft:drowned":13,"minecraft:bat":2,"minecraft:hoglin":9,"minecraft:squid":9,"minecraft:wither_skeleton":2},"minecraft:used":{"minecraft:moss_block":3,"minecraft:nether_brick_fence":16,"minecraft:writable_book":5,"minecraft:ladder":166,"minecraft:chest":24,"minecraft:red_nether_brick_stairs":57,"minecraft:quartz_stairs":26,"minecraft:rotten_flesh":6,"minecraft:soul_sand":74,"minecraft:cocoa_beans":28,"minecraft:cut_copper":1,"minecraft:lava_bucket":1,"minecraft:quartz_pillar":35,"minecraft:jungle_fence_gate":3,"minecraft:quartz_block":160,"minecraft:diorite_wall":20,"minecraft:bow":507,"minecraft:furnace":14,"minecraft:oak_sapling":2,"minecraft:cooked_cod":59,"minecraft:egg":76,"minecraft:potato":1,"minecraft:chorus_fruit":11,"minecraft:blackstone":14,"minecraft:cactus":19,"minecraft:wooden_pickaxe":3,"minecraft:composter":2,"minecraft:jungle_boat":54,"minecraft:cookie":27,"minecraft:glow_berries":5,"minecraft:blue_dye":2,"minecraft:sand":634,"minecraft:chiseled_quartz_block":1,"minecraft:nether_wart_block":8,"minecraft:diamond_sword":620,"minecraft:dark_oak_fence":41,"minecraft:oak_boat":11,"minecraft:iron_bars":7,"minecraft:enchanting_table":1,"minecraft:stone_sword":15,"minecraft:tinted_glass":2,"minecraft:cooked_salmon":22,"minecraft:netherrack":2913,"minecraft:green_glazed_terracotta":1,"minecraft:torch":523,"minecraft:brewing_stand":2,"minecraft:warped_wart_block":4,"minecraft:anvil":1,"minecraft:light_blue_dye":4,"minecraft:cod_bucket":1,"minecraft:blue_concrete":16,"minecraft:polished_diorite":17,"minecraft:fern":1,"minecraft:shroomlight":1,"minecraft:sea_lantern":3,"minecraft:iron_axe":474,"minecraft:jungle_log":6,"minecraft:melon_seeds":8,"minecraft:bamboo":3,"minecraft:basalt":199,"minecraft:glowstone":8,"minecraft:iron_trapdoor":2,"minecraft:magenta_terracotta":1,"minecraft:cobbled_deepslate":198,"minecraft:crimson_stem":4,"minecraft:calcite":4,"minecraft:wheat_seeds":794,"minecraft:water_bucket":258,"minecraft:light_blue_glazed_terracotta":10,"minecraft:birch_planks":1,"minecraft:blue_concrete_powder":16,"minecraft:cauldron":1,"minecraft:glow_ink_sac":7,"minecraft:salmon":1,"minecraft:comparator":2,"minecraft:cyan_glazed_terracotta":17,"minecraft:crafting_table":33,"minecraft:green_dye":1,"minecraft:birch_sign":5,"minecraft:cod":3,"minecraft:cake":1,"minecraft:amethyst_cluster":8,"minecraft:blue_stained_glass_pane":82,"minecraft:diamond_pickaxe":8632,"minecraft:diamond_shovel":2767,"minecraft:iron_pickaxe":1039,"minecraft:cyan_concrete":17,"minecraft:crimson_nylium":20,"minecraft:cobblestone":554,"minecraft:potion":9,"minecraft:porkchop":4,"minecraft:cooked_porkchop":10,"minecraft:glass_pane":307,"minecraft:light_blue_stained_glass_pane":82,"minecraft:blue_terracotta":54,"minecraft:iron_shovel":1799,"minecraft:polished_deepslate":993,"minecraft:shield":115,"minecraft:iron_sword":415,"minecraft:nether_wart":595,"minecraft:grass":1,"minecraft:player_head":1,"minecraft:jungle_planks":40,"minecraft:nether_bricks":66,"minecraft:carrot":28,"minecraft:tuff":22,"minecraft:axolotl_bucket":8,"minecraft:obsidian":11,"minecraft:polished_deepslate_stairs":42,"minecraft:glass":407,"minecraft:cyan_terracotta":2,"minecraft:bricks":52,"minecraft:coal_ore":1,"minecraft:red_nether_brick_wall":22,"minecraft:written_book":1,"minecraft:scaffolding":17,"minecraft:polished_diorite_stairs":51,"minecraft:stone_pickaxe":7267,"minecraft:dark_oak_sign":6,"minecraft:gray_carpet":5,"minecraft:jungle_fence":94,"minecraft:oak_planks":3,"minecraft:polished_diorite_slab":8,"minecraft:ender_pearl":9,"minecraft:sandstone":73,"minecraft:diamond_axe":431,"minecraft:blue_bed":1,"minecraft:sugar_cane":103,"minecraft:light_blue_concrete":17,"minecraft:loom":2,"minecraft:mushroom_stew":4,"minecraft:shears":151,"minecraft:end_stone":796,"minecraft:blue_glazed_terracotta":34,"minecraft:lever":4,"minecraft:birch_fence_gate":1,"minecraft:bread":35,"minecraft:melon_slice":355,"minecraft:gravel":58,"minecraft:jungle_sign":4,"minecraft:light_blue_concrete_powder":16,"minecraft:pufferfish_bucket":1,"minecraft:crimson_door":7,"minecraft:andesite":12,"minecraft:tropical_fish_bucket":2,"minecraft:oak_fence":4,"minecraft:jungle_leaves":1,"minecraft:flint_and_steel":9,"minecraft:stone_shovel":1974,"minecraft:light_blue_terracotta":56,"minecraft:ender_chest":1,"minecraft:stone_hoe":50,"minecraft:cooked_chicken":31,"minecraft:dirt":1275,"minecraft:spyglass":24,"minecraft:red_nether_brick_slab":118,"minecraft:granite":2,"minecraft:birch_door":48,"minecraft:wooden_axe":15,"minecraft:bookshelf":16,"minecraft:smooth_sandstone":1,"minecraft:crimson_planks":283,"minecraft:golden_carrot":7,"minecraft:cyan_concrete_powder":16,"minecraft:cooked_beef":98,"minecraft:quartz_bricks":314,"minecraft:cooked_mutton":2,"minecraft:amethyst_block":258,"minecraft:glass_bottle":18,"minecraft:polished_andesite":211,"minecraft:red_nether_bricks":96,"minecraft:copper_block":11,"minecraft:birch_boat":9,"minecraft:cut_sandstone":413,"minecraft:brown_mushroom":19,"minecraft:music_disc_cat":1,"minecraft:smoker":1,"minecraft:stone_axe":928,"minecraft:fishing_rod":229,"minecraft:cyan_stained_glass_pane":41,"minecraft:jungle_door":23,"minecraft:bucket":273,"minecraft:pumpkin_pie":2,"minecraft:sea_pickle":2,"minecraft:smooth_stone":400,"minecraft:soul_torch":22}},"DataVersion":2975}