{"stats":{"minecraft:killed":{"minecraft:cave_spider":4,"minecraft:witch":1,"minecraft:spider":45,"minecraft:skeleton":140,"minecraft:chicken":10,"minecraft:piglin":3,"minecraft:pig":17,"minecraft:zombie_villager":3,"minecraft:creeper":34,"minecraft:sheep":39,"minecraft:zombie":195,"minecraft:mooshroom":34,"minecraft:glow_squid":4,"minecraft:cow":11,"minecraft:phantom":4,"minecraft:drowned":3,"minecraft:bat":1,"minecraft:wandering_trader":1,"minecraft:enderman":13},"minecraft:killed_by":{"minecraft:creeper":1,"minecraft:player":1},"minecraft:custom":{"minecraft:interact_with_crafting_table":170,"minecraft:open_barrel":47,"minecraft:open_shulker_box":246,"minecraft:bell_ring":506,"minecraft:leave_game":27,"minecraft:time_since_death":798275,"minecraft:damage_resisted":128,"minecraft:sprint_one_cm":4323946,"minecraft:damage_blocked_by_shield":15703,"minecraft:drop":279,"minecraft:talked_to_villager":31,"minecraft:play_time":1123982,"minecraft:deaths":5,"minecraft:jump":25088,"minecraft:interact_with_brewingstand":8,"minecraft:walk_on_water_one_cm":195666,"minecraft:enchant_item":11,"minecraft:interact_with_furnace":236,"minecraft:traded_with_villager":6,"minecraft:interact_with_cartography_table":1,"minecraft:sleep_in_bed":16,"minecraft:open_enderchest":5,"minecraft:damage_dealt":96043,"minecraft:crouch_one_cm":127487,"minecraft:horse_one_cm":1655,"minecraft:mob_kills":572,"minecraft:interact_with_anvil":5,"minecraft:inspect_hopper":1,"minecraft:climb_one_cm":54655,"minecraft:walk_one_cm":1906318,"minecraft:sneak_time":52358,"minecraft:walk_under_water_one_cm":218025,"minecraft:boat_one_cm":2222581,"minecraft:interact_with_lectern":8,"minecraft:total_world_time":1123982,"minecraft:pot_flower":1,"minecraft:time_since_rest":131163,"minecraft:damage_taken":14920,"minecraft:damage_absorbed":80,"minecraft:minecart_one_cm":340,"minecraft:swim_one_cm":827647,"minecraft:fly_one_cm":5297848,"minecraft:open_chest":455,"minecraft:pig_one_cm":424,"minecraft:aviate_one_cm":1800437,"minecraft:fall_one_cm":708140},"minecraft:crafted":{"minecraft:oak_planks":4,"minecraft:dark_oak_boat":2,"minecraft:diamond_shovel":1,"minecraft:bookshelf":8,"minecraft:cooked_mutton":4,"minecraft:suspicious_stew":4,"minecraft:dark_oak_door":3,"minecraft:diamond_helmet":1,"minecraft:diamond_leggings":1,"minecraft:iron_boots":2,"minecraft:chest":6,"minecraft:stone_hoe":1,"minecraft:raw_iron_block":13,"minecraft:cooked_porkchop":4,"minecraft:diamond_axe":1,"minecraft:crafting_table":9,"minecraft:spruce_planks":172,"minecraft:wooden_pickaxe":1,"minecraft:iron_helmet":2,"minecraft:raw_gold_block":9,"minecraft:spruce_door":3,"minecraft:gold_block":35,"minecraft:iron_chestplate":2,"minecraft:book":20,"minecraft:paper":21,"minecraft:diamond_pickaxe":4,"minecraft:shield":5,"minecraft:stick":32,"minecraft:iron_ingot":916,"minecraft:iron_pickaxe":1,"minecraft:iron_block":92,"minecraft:gold_ingot":318,"minecraft:shears":1,"minecraft:raw_iron":153,"minecraft:coal":315,"minecraft:stone_shovel":1,"minecraft:player_head":4,"minecraft:furnace":5,"minecraft:dark_oak_sign":3,"minecraft:diamond_block":53,"minecraft:flint_and_steel":2,"minecraft:diamond":197,"minecraft:iron_axe":1,"minecraft:stone_pickaxe":1,"minecraft:diamond_boots":1,"minecraft:spruce_boat":3,"minecraft:redstone_block":75,"minecraft:dark_oak_planks":292,"minecraft:golden_helmet":1,"minecraft:cooked_beef":34,"minecraft:coal_block":35,"minecraft:diamond_sword":1,"minecraft:enchanting_table":1,"minecraft:iron_sword":3,"minecraft:bowl":4,"minecraft:bucket":6,"minecraft:stone_axe":1,"minecraft:air":0,"minecraft:bread":96,"minecraft:raw_gold":81,"minecraft:wooden_axe":1,"minecraft:iron_shovel":1,"minecraft:iron_leggings":2,"minecraft:anvil":1,"minecraft:lapis_lazuli":9,"minecraft:clay":2,"minecraft:lapis_block":207,"minecraft:diamond_chestplate":1},"minecraft:picked_up":{"minecraft:wooden_axe":1,"minecraft:iron_chestplate":6,"minecraft:wheat":218,"minecraft:chainmail_boots":1,"minecraft:ender_chest":2,"minecraft:suspicious_stew":4,"minecraft:lead":5,"minecraft:diamond_sword":1,"minecraft:amethyst_block":13,"minecraft:polished_deepslate":1,"minecraft:string":64,"minecraft:raw_copper":1,"minecraft:iron_leggings":5,"minecraft:activator_rail":2,"minecraft:diamond_leggings":1,"minecraft:cobbled_deepslate":1348,"minecraft:bucket":2,"minecraft:spruce_planks":165,"minecraft:rose_bush":1,"minecraft:written_book":6,"minecraft:calcite":7,"minecraft:azalea":12,"minecraft:iron_pickaxe":2,"minecraft:melon_slice":5,"minecraft:iron_boots":5,"minecraft:furnace":14,"minecraft:dark_oak_door":21,"minecraft:golden_helmet":1,"minecraft:stick":62,"minecraft:big_dripleaf":11,"minecraft:torch":34,"minecraft:porkchop":4,"minecraft:diorite":16,"minecraft:rotten_flesh":117,"minecraft:tropical_fish":1,"minecraft:end_rod":3,"minecraft:obsidian":4,"minecraft:cobblestone":482,"minecraft:birch_log":13,"minecraft:enchanting_table":8,"minecraft:magma_block":5,"minecraft:feather":10,"minecraft:cooked_beef":59,"minecraft:water_bucket":4,"minecraft:andesite":13,"minecraft:golden_leggings":1,"minecraft:dark_oak_boat":26,"minecraft:potato":201,"minecraft:flint":4,"minecraft:tuff":196,"minecraft:netherite_leggings":1,"minecraft:lapis_lazuli":1785,"minecraft:dirt":151,"minecraft:name_tag":2,"minecraft:twisting_vines":3,"minecraft:leather_boots":1,"minecraft:glass":2,"minecraft:bone":101,"minecraft:bow":11,"minecraft:wheat_seeds":663,"minecraft:raw_gold":327,"minecraft:dark_oak_sign":12,"minecraft:diamond_helmet":1,"minecraft:bamboo":24,"minecraft:moss_block":19,"minecraft:oak_planks":25,"minecraft:stone_hoe":2,"minecraft:cooked_porkchop":31,"minecraft:poisonous_potato":4,"minecraft:sand":12,"minecraft:grass_block":3,"minecraft:dark_oak_log":652,"minecraft:shulker_box":65,"minecraft:mossy_cobblestone":47,"minecraft:clay":1,"minecraft:diamond":396,"minecraft:spruce_boat":50,"minecraft:writable_book":2,"minecraft:granite":5,"minecraft:bread":175,"minecraft:emerald":6,"minecraft:oak_sapling":42,"minecraft:netherrack":4,"minecraft:crimson_roots":1,"minecraft:diamond_pickaxe":4,"minecraft:fishing_rod":3,"minecraft:cocoa_beans":3,"minecraft:crafting_table":36,"minecraft:clay_ball":37,"minecraft:leather_leggings":1,"minecraft:turtle_helmet":1,"minecraft:brown_mushroom":11,"minecraft:shield":6,"minecraft:elytra":3,"minecraft:moss_carpet":18,"minecraft:iron_axe":4,"minecraft:flint_and_steel":5,"minecraft:snow":106,"minecraft:iron_shovel":4,"minecraft:netherite_sword":1,"minecraft:beef":37,"minecraft:oak_boat":2,"minecraft:player_head":9,"minecraft:iron_nugget":1,"minecraft:spruce_slab":1,"minecraft:light_gray_wool":3,"minecraft:sugar_cane":72,"minecraft:chest":1,"minecraft:phantom_membrane":7,"minecraft:piston":1,"minecraft:dark_oak_sapling":26,"minecraft:raw_iron":919,"minecraft:oak_door":3,"minecraft:copper_ingot":1,"minecraft:trident":3,"minecraft:carrot":1,"minecraft:redstone":747,"minecraft:netherite_pickaxe":1,"minecraft:dark_oak_planks":3,"minecraft:arrow":127,"minecraft:stone_shovel":1,"minecraft:shears":5,"minecraft:diamond_boots":1,"minecraft:gold_ingot":10,"minecraft:glow_berries":82,"minecraft:mutton":4,"minecraft:white_wool":31,"minecraft:rail":17,"minecraft:golden_carrot":147,"minecraft:glow_ink_sac":35,"minecraft:leather":62,"minecraft:red_mushroom":7,"minecraft:oak_log":109,"minecraft:chainmail_chestplate":2,"minecraft:gunpowder":25,"minecraft:cooked_mutton":57,"minecraft:podzol":1,"minecraft:apple":5,"minecraft:kelp":15,"minecraft:spore_blossom":1,"minecraft:iron_ingot":46,"minecraft:stone_pickaxe":1,"minecraft:cooked_chicken":13,"minecraft:flowering_azalea":1,"minecraft:iron_sword":4,"minecraft:scaffolding":85,"minecraft:oak_slab":1,"minecraft:smooth_basalt":11,"minecraft:sweet_berries":146,"minecraft:dandelion":14,"minecraft:spyglass":2,"minecraft:raw_iron_block":4,"minecraft:gravel":86,"minecraft:spruce_sapling":5,"minecraft:white_bed":3,"minecraft:spruce_log":43,"minecraft:spruce_door":19,"minecraft:spider_eye":9,"minecraft:leather_helmet":4,"minecraft:firework_rocket":29,"minecraft:slime_ball":2,"minecraft:stone_axe":1,"minecraft:iron_helmet":5,"minecraft:diamond_axe":1,"minecraft:gray_wool":3,"minecraft:warped_roots":3,"minecraft:netherite_hoe":1,"minecraft:black_wool":2,"minecraft:stripped_dark_oak_log":1,"minecraft:coal":714,"minecraft:ender_pearl":6,"minecraft:sunflower":16},"minecraft:dropped":{"minecraft:clay":1,"minecraft:moss_block":12,"minecraft:brown_mushroom":4,"minecraft:lapis_lazuli":35,"minecraft:cooked_beef":3,"minecraft:glow_ink_sac":4,"minecraft:diamond":64,"minecraft:crafting_table":1,"minecraft:dark_oak_sapling":2,"minecraft:glow_berries":1,"minecraft:leather":1,"minecraft:elytra":1,"minecraft:leather_helmet":3,"minecraft:red_mushroom":3,"minecraft:emerald":4,"minecraft:crimson_roots":1,"minecraft:sunflower":1,"minecraft:dark_oak_planks":1,"minecraft:white_wool":31,"minecraft:gold_ingot":9,"minecraft:bone":33,"minecraft:gravel":43,"minecraft:stone_axe":1,"minecraft:iron_nugget":2,"minecraft:golden_chestplate":1,"minecraft:cobbled_deepslate":102,"minecraft:twisting_vines":3,"minecraft:wheat":7,"minecraft:rotten_flesh":53,"minecraft:chainmail_chestplate":1,"minecraft:trident":1,"minecraft:gunpowder":2,"minecraft:leather_boots":1,"minecraft:azalea":4,"minecraft:leather_leggings":1,"minecraft:arrow":13,"minecraft:enchanting_table":1,"minecraft:stone_hoe":1,"minecraft:water_bucket":2,"minecraft:iron_ingot":25,"minecraft:bread":49,"minecraft:oak_slab":1,"minecraft:wheat_seeds":389,"minecraft:golden_helmet":1,"minecraft:lilac":1,"minecraft:feather":1,"minecraft:tropical_fish":1,"minecraft:grass_block":1,"minecraft:coal":3,"minecraft:stick":8,"minecraft:gray_wool":3,"minecraft:wooden_axe":2,"minecraft:string":14,"minecraft:spruce_sapling":2,"minecraft:dandelion":5,"minecraft:polished_deepslate":1,"minecraft:kelp":15,"minecraft:sweet_berries":5,"minecraft:ender_chest":1,"minecraft:raw_copper":1,"minecraft:bowl":2,"minecraft:tuff":78,"minecraft:raw_iron":2,"minecraft:stone_shovel":1,"minecraft:clay_ball":17,"minecraft:light_gray_wool":3,"minecraft:iron_boots":1,"minecraft:filled_map":1,"minecraft:snow":30,"minecraft:potato":1,"minecraft:spruce_boat":1,"minecraft:shield":1,"minecraft:spruce_planks":63,"minecraft:golden_leggings":1,"minecraft:spider_eye":5,"minecraft:bow":4,"minecraft:stone_pickaxe":2,"minecraft:wooden_pickaxe":1,"minecraft:raw_gold":8,"minecraft:calcite":4,"minecraft:magma_block":2,"minecraft:black_wool":2},"minecraft:broken":{"minecraft:golden_helmet":1,"minecraft:diamond_pickaxe":1,"minecraft:iron_sword":1,"minecraft:flint_and_steel":2,"minecraft:shield":4,"minecraft:iron_axe":1,"minecraft:iron_pickaxe":1},"minecraft:used":{"minecraft:moss_block":2,"minecraft:moss_carpet":4,"minecraft:writable_book":3,"minecraft:iron_shovel":81,"minecraft:spruce_slab":1,"minecraft:oak_sign":1,"minecraft:chest":7,"minecraft:shield":206,"minecraft:iron_sword":490,"minecraft:player_head":9,"minecraft:rotten_flesh":2,"minecraft:tuff":78,"minecraft:axolotl_bucket":4,"minecraft:spruce_boat":50,"minecraft:lava_bucket":25,"minecraft:iron_helmet":1,"minecraft:magma_block":2,"minecraft:bow":51,"minecraft:dark_oak_boat":27,"minecraft:written_book":4,"minecraft:sweet_berries":81,"minecraft:scaffolding":3,"minecraft:oak_sapling":33,"minecraft:furnace":15,"minecraft:potato":58,"minecraft:dark_oak_sapling":20,"minecraft:diorite":8,"minecraft:end_rod":3,"minecraft:spruce_door":16,"minecraft:stone_pickaxe":112,"minecraft:dark_oak_sign":5,"minecraft:ender_pearl":2,"minecraft:wooden_pickaxe":4,"minecraft:sugar_cane":42,"minecraft:diamond_axe":569,"minecraft:golden_apple":2,"minecraft:glow_berries":57,"minecraft:sand":5,"minecraft:dark_oak_log":2,"minecraft:bread":94,"minecraft:gravel":22,"minecraft:diamond_sword":914,"minecraft:andesite":6,"minecraft:azalea":4,"minecraft:trident":2,"minecraft:flint_and_steel":125,"minecraft:rose_bush":1,"minecraft:enchanting_table":8,"minecraft:stone_shovel":10,"minecraft:spruce_planks":20,"minecraft:stone_hoe":4,"minecraft:cooked_chicken":1,"minecraft:netherrack":2,"minecraft:anvil":1,"minecraft:dirt":90,"minecraft:spyglass":187,"minecraft:shulker_box":67,"minecraft:granite":4,"minecraft:wooden_axe":27,"minecraft:dark_oak_planks":3,"minecraft:bookshelf":8,"minecraft:iron_axe":215,"minecraft:iron_boots":1,"minecraft:bamboo":3,"minecraft:golden_carrot":65,"minecraft:cooked_beef":89,"minecraft:cobbled_deepslate":1086,"minecraft:wheat_seeds":220,"minecraft:cooked_mutton":22,"minecraft:water_bucket":413,"minecraft:amethyst_block":6,"minecraft:spruce_sign":1,"minecraft:crafting_table":42,"minecraft:white_bed":2,"minecraft:dark_oak_door":21,"minecraft:piston":1,"minecraft:diamond_pickaxe":4480,"minecraft:diamond_shovel":41,"minecraft:sunflower":1,"minecraft:iron_pickaxe":250,"minecraft:suspicious_stew":2,"minecraft:spruce_sapling":3,"minecraft:golden_leggings":1,"minecraft:stone_axe":46,"minecraft:fishing_rod":27,"minecraft:cobblestone":330,"minecraft:potion":1,"minecraft:cooked_porkchop":35,"minecraft:bucket":450},"minecraft:mined":{"minecraft:dark_oak_planks":3,"minecraft:spruce_planks":5,"minecraft:white_bed":1,"minecraft:oak_sapling":3,"minecraft:obsidian":4,"minecraft:granite":14,"minecraft:cave_vines_plant":53,"minecraft:grass_block":8,"minecraft:spawner":5,"minecraft:magma_block":3,"minecraft:raw_iron_block":4,"minecraft:fire":122,"minecraft:iron_ore":217,"minecraft:cobbled_deepslate":62,"minecraft:deepslate_lapis_ore":137,"minecraft:enchanting_table":7,"minecraft:cave_vines":59,"minecraft:oak_stairs":1,"minecraft:azalea":7,"minecraft:player_head":3,"minecraft:spruce_slab":1,"minecraft:deepslate_redstone_ore":165,"minecraft:brown_mushroom":9,"minecraft:kelp_plant":2,"minecraft:player_wall_head":4,"minecraft:clay":23,"minecraft:calcite":8,"minecraft:chest":1,"minecraft:mushroom_stem":1,"minecraft:cobblestone":58,"minecraft:sugar_cane":42,"minecraft:oak_planks":3,"minecraft:amethyst_block":13,"minecraft:seagrass":1,"minecraft:dark_oak_door":19,"minecraft:birch_log":13,"minecraft:wheat":217,"minecraft:grass":33,"minecraft:oak_log":108,"minecraft:sand":13,"minecraft:dirt":56,"minecraft:smooth_basalt":11,"minecraft:red_mushroom_block":1,"minecraft:netherrack":4,"minecraft:piston":1,"minecraft:oak_leaves":91,"minecraft:deepslate":2409,"minecraft:tuff":297,"minecraft:mossy_cobblestone":49,"minecraft:dark_oak_leaves":12,"minecraft:deepslate_diamond_ore":166,"minecraft:dark_oak_log":529,"minecraft:shulker_box":65,"minecraft:crimson_roots":2,"minecraft:spruce_leaves":8,"minecraft:kelp":1,"minecraft:moss_block":22,"minecraft:spore_blossom":1,"minecraft:spruce_sapling":1,"minecraft:furnace":10,"minecraft:andesite":21,"minecraft:potatoes":55,"minecraft:deepslate_iron_ore":298,"minecraft:bamboo_sapling":3,"minecraft:stone":305,"minecraft:oak_slab":1,"minecraft:scaffolding":3,"minecraft:flowering_azalea":1,"minecraft:stripped_dark_oak_log":1,"minecraft:dandelion":9,"minecraft:spruce_door":4,"minecraft:oak_fence":1,"minecraft:crafting_table":35,"minecraft:tall_grass":20,"minecraft:lapis_ore":19,"minecraft:deepslate_gold_ore":150,"minecraft:diorite":26,"minecraft:dark_oak_wall_sign":2,"minecraft:sweet_berry_bush":60,"minecraft:spruce_log":43,"minecraft:birch_leaves":2,"minecraft:mycelium":4,"minecraft:coal_ore":284,"minecraft:dark_oak_sign":8,"minecraft:sunflower":3,"minecraft:gravel":78,"minecraft:cobweb":16,"minecraft:small_dripleaf":2,"minecraft:gold_ore":15,"minecraft:fern":2}},"DataVersion":2975}