{"stats":{"minecraft:killed":{"minecraft:cave_spider":1,"minecraft:spider":7,"minecraft:dolphin":2,"minecraft:shulker":11,"minecraft:skeleton":18,"minecraft:silverfish":1,"minecraft:creeper":5,"minecraft:zombie":27,"minecraft:glow_squid":5,"minecraft:slime":11,"minecraft:drowned":2,"minecraft:enderman":925},"minecraft:killed_by":{"minecraft:skeleton":1},"minecraft:mined":{"minecraft:dark_oak_planks":1,"minecraft:obsidian":40,"minecraft:spruce_trapdoor":3,"minecraft:granite":147,"minecraft:grass_block":3,"minecraft:purpur_slab":1,"minecraft:hopper":4,"minecraft:spawner":2,"minecraft:raw_iron_block":2,"minecraft:iron_ore":22,"minecraft:sticky_piston":4,"minecraft:cobbled_deepslate":7,"minecraft:deepslate_lapis_ore":18,"minecraft:oak_sign":2,"minecraft:azalea":1,"minecraft:end_stone_bricks":19,"minecraft:jungle_button":1,"minecraft:deepslate_redstone_ore":62,"minecraft:kelp_plant":2,"minecraft:purpur_stairs":4,"minecraft:clay":18,"minecraft:torch":9,"minecraft:chest":2,"minecraft:glass":14,"minecraft:nether_quartz_ore":56,"minecraft:cobblestone":27,"minecraft:slime_block":2,"minecraft:grindstone":1,"minecraft:wall_torch":18,"minecraft:powered_rail":3,"minecraft:purpur_block":42,"minecraft:grass":7,"minecraft:sand":6,"minecraft:dirt":72,"minecraft:dispenser":1,"minecraft:netherrack":199,"minecraft:ancient_debris":1,"minecraft:deepslate":1040,"minecraft:nether_gold_ore":21,"minecraft:diamond_ore":7,"minecraft:tuff":144,"minecraft:deepslate_diamond_ore":102,"minecraft:end_stone":1892,"minecraft:shulker_box":41,"minecraft:lever":6,"minecraft:redstone_wire":4,"minecraft:kelp":1,"minecraft:moss_block":10,"minecraft:oak_trapdoor":1,"minecraft:furnace":21,"minecraft:andesite":6,"minecraft:deepslate_iron_ore":12,"minecraft:rail":10,"minecraft:wet_sponge":6,"minecraft:bamboo_sapling":9,"minecraft:bamboo":16,"minecraft:stone":943,"minecraft:ender_chest":8,"minecraft:flowering_azalea":1,"minecraft:magenta_stained_glass":10,"minecraft:observer":5,"minecraft:crafting_table":4,"minecraft:honey_block":20,"minecraft:tall_grass":5,"minecraft:purpur_pillar":14,"minecraft:copper_ore":2,"minecraft:deepslate_gold_ore":11,"minecraft:lapis_ore":7,"minecraft:diorite":32,"minecraft:sea_pickle":22,"minecraft:redstone_torch":1,"minecraft:coal_ore":76,"minecraft:mycelium":7,"minecraft:gravel":1,"minecraft:cobweb":4},"minecraft:custom":{"minecraft:interact_with_crafting_table":72,"minecraft:open_barrel":123,"minecraft:open_shulker_box":184,"minecraft:bell_ring":18,"minecraft:leave_game":9,"minecraft:time_since_death":834225,"minecraft:damage_resisted":8,"minecraft:sprint_one_cm":1513012,"minecraft:damage_blocked_by_shield":3050,"minecraft:drop":215,"minecraft:play_time":948493,"minecraft:deaths":1,"minecraft:jump":13551,"minecraft:interact_with_brewingstand":1,"minecraft:walk_on_water_one_cm":185424,"minecraft:interact_with_furnace":83,"minecraft:open_enderchest":43,"minecraft:damage_dealt":39118,"minecraft:crouch_one_cm":265983,"minecraft:inspect_dispenser":31,"minecraft:horse_one_cm":565,"minecraft:inspect_dropper":34,"minecraft:mob_kills":1069,"minecraft:interact_with_anvil":8,"minecraft:inspect_hopper":7,"minecraft:climb_one_cm":22857,"minecraft:walk_one_cm":2407749,"minecraft:sneak_time":51025,"minecraft:walk_under_water_one_cm":376946,"minecraft:boat_one_cm":1885209,"minecraft:interact_with_lectern":8,"minecraft:interact_with_blast_furnace":8,"minecraft:total_world_time":948493,"minecraft:interact_with_grindstone":1,"minecraft:time_since_rest":834249,"minecraft:damage_taken":5711,"minecraft:damage_absorbed":19,"minecraft:swim_one_cm":2596030,"minecraft:fly_one_cm":3548134,"minecraft:open_chest":302,"minecraft:aviate_one_cm":12943761,"minecraft:fall_one_cm":399346},"minecraft:picked_up":{"minecraft:shulker_shell":35,"minecraft:iron_chestplate":1,"minecraft:ender_chest":9,"minecraft:lead":4,"minecraft:enchanted_book":1,"minecraft:potion":1,"minecraft:string":7,"minecraft:raw_copper":40,"minecraft:sticky_piston":4,"minecraft:sea_pickle":32,"minecraft:gold_nugget":103,"minecraft:cobbled_deepslate":773,"minecraft:comparator":1,"minecraft:bucket":2,"minecraft:acacia_sign":2,"minecraft:redstone_torch":2,"minecraft:written_book":1,"minecraft:iron_pickaxe":3,"minecraft:iron_boots":2,"minecraft:furnace":22,"minecraft:golden_helmet":2,"minecraft:stick":6,"minecraft:torch":94,"minecraft:purpur_pillar":11,"minecraft:diorite":25,"minecraft:stone_sword":1,"minecraft:rotten_flesh":49,"minecraft:honey_bottle":1,"minecraft:iron_block":31,"minecraft:obsidian":40,"minecraft:cobblestone":986,"minecraft:repeater":6,"minecraft:water_bucket":2,"minecraft:andesite":1,"minecraft:tuff":17,"minecraft:lapis_lazuli":268,"minecraft:dirt":80,"minecraft:bone":37,"minecraft:wheat_seeds":4,"minecraft:raw_gold":19,"minecraft:bell":14,"minecraft:grindstone":2,"minecraft:bamboo":219,"minecraft:powered_rail":3,"minecraft:moss_block":3,"minecraft:sand":12,"minecraft:diamond_block":6,"minecraft:shulker_box":44,"minecraft:dispenser":1,"minecraft:slime_block":2,"minecraft:diamond":240,"minecraft:spruce_boat":11,"minecraft:lever":6,"minecraft:granite":181,"minecraft:bread":13,"minecraft:netherrack":368,"minecraft:light_gray_carpet":3,"minecraft:chorus_fruit":29,"minecraft:end_stone_bricks":17,"minecraft:charcoal":4,"minecraft:crafting_table":5,"minecraft:clay_ball":72,"minecraft:wooden_pickaxe":1,"minecraft:purpur_block":38,"minecraft:shield":1,"minecraft:iron_axe":1,"minecraft:oak_trapdoor":1,"minecraft:elytra":8,"minecraft:moss_carpet":24,"minecraft:mycelium":3,"minecraft:iron_shovel":1,"minecraft:netherite_sword":1,"minecraft:beef":2,"minecraft:oak_boat":8,"minecraft:player_head":1,"minecraft:observer":5,"minecraft:minecart":1,"minecraft:chest":13,"minecraft:phantom_membrane":8,"minecraft:spruce_trapdoor":3,"minecraft:raw_iron":45,"minecraft:end_stone":1885,"minecraft:redstone":399,"minecraft:dark_oak_planks":1,"minecraft:tnt":2,"minecraft:arrow":32,"minecraft:purpur_slab":1,"minecraft:totem_of_undying":1,"minecraft:rail":39,"minecraft:wet_sponge":10,"minecraft:glow_ink_sac":7,"minecraft:leather":2,"minecraft:birch_planks":2,"minecraft:purpur_stairs":4,"minecraft:ancient_debris":1,"minecraft:jungle_button":1,"minecraft:gunpowder":9,"minecraft:iron_ingot":2,"minecraft:cooked_chicken":37,"minecraft:flowering_azalea":1,"minecraft:sweet_berries":91,"minecraft:quartz":103,"minecraft:raw_iron_block":2,"minecraft:gravel":1,"minecraft:spider_eye":4,"minecraft:slime_ball":70,"minecraft:honey_block":26,"minecraft:iron_helmet":1,"minecraft:coal":156,"minecraft:hopper":5,"minecraft:ender_pearl":529},"minecraft:broken":{"minecraft:stone_sword":1,"minecraft:shield":1,"minecraft:iron_pickaxe":4},"minecraft:used":{"minecraft:dispenser":3,"minecraft:oak_sign":2,"minecraft:chest":7,"minecraft:shield":40,"minecraft:stone":21,"minecraft:tuff":3,"minecraft:honey_bottle":14,"minecraft:spruce_boat":11,"minecraft:glass":67,"minecraft:honey_block":26,"minecraft:lava_bucket":1,"minecraft:hopper_minecart":3,"minecraft:repeater":7,"minecraft:written_book":1,"minecraft:sweet_berries":74,"minecraft:furnace":62,"minecraft:cooked_cod":26,"minecraft:diorite":11,"minecraft:end_stone_bricks":4,"minecraft:chorus_fruit":23,"minecraft:powered_rail":9,"minecraft:oak_planks":9,"minecraft:ender_pearl":20,"minecraft:wooden_pickaxe":17,"minecraft:golden_apple":2,"minecraft:sponge":5,"minecraft:end_stone":1821,"minecraft:redstone_torch":4,"minecraft:sticky_piston":6,"minecraft:lever":13,"minecraft:firework_rocket":134,"minecraft:bread":3,"minecraft:grindstone":1,"minecraft:oak_boat":10,"minecraft:oak_trapdoor":3,"minecraft:trident":467,"minecraft:netherite_sword":349,"minecraft:stone_sword":59,"minecraft:redstone":31,"minecraft:light_gray_carpet":6,"minecraft:ender_chest":8,"minecraft:cooked_chicken":51,"minecraft:netherrack":220,"minecraft:torch":73,"minecraft:dirt":121,"minecraft:spyglass":33,"minecraft:hopper":9,"minecraft:shulker_box":44,"minecraft:granite":8,"minecraft:dark_oak_planks":1,"minecraft:wooden_axe":3,"minecraft:iron_axe":56,"minecraft:slime_block":8,"minecraft:iron_boots":1,"minecraft:bamboo":47,"minecraft:netherite_pickaxe":2131,"minecraft:cooked_beef":2,"minecraft:cobbled_deepslate":292,"minecraft:observer":12,"minecraft:water_bucket":38,"minecraft:baked_potato":64,"minecraft:cobblestone_slab":3,"minecraft:rail":57,"minecraft:comparator":3,"minecraft:crafting_table":8,"minecraft:dark_oak_door":1,"minecraft:diamond_pickaxe":1813,"minecraft:diamond_shovel":2,"minecraft:acacia_sign":6,"minecraft:iron_pickaxe":1187,"minecraft:netherite_axe":24,"minecraft:spruce_trapdoor":5,"minecraft:cobblestone":196,"minecraft:potion":5,"minecraft:bucket":41,"minecraft:sea_pickle":40},"minecraft:dropped":{"minecraft:moss_block":2,"minecraft:birch_planks":2,"minecraft:glow_ink_sac":7,"minecraft:ender_pearl":462,"minecraft:glass_bottle":8,"minecraft:diamond":2,"minecraft:leather":2,"minecraft:saddle":2,"minecraft:purpur_stairs":4,"minecraft:rail":3,"minecraft:dirt":86,"minecraft:jungle_button":1,"minecraft:gold_nugget":9,"minecraft:wet_sponge":5,"minecraft:phantom_membrane":8,"minecraft:sand":3,"minecraft:iron_pickaxe":1,"minecraft:bone":24,"minecraft:gravel":1,"minecraft:dark_oak_door":2,"minecraft:purpur_block":31,"minecraft:diamond_block":1,"minecraft:cooked_chicken":10,"minecraft:cobbled_deepslate":336,"minecraft:rotten_flesh":42,"minecraft:grindstone":1,"minecraft:end_stone":47,"minecraft:honey_bottle":10,"minecraft:mycelium":3,"minecraft:shulker_shell":1,"minecraft:gunpowder":9,"minecraft:honey_block":2,"minecraft:arrow":28,"minecraft:end_stone_bricks":7,"minecraft:glass":3,"minecraft:water_bucket":1,"minecraft:wheat_seeds":5,"minecraft:golden_helmet":2,"minecraft:tnt":1,"minecraft:feather":51,"minecraft:lead":2,"minecraft:purpur_slab":1,"minecraft:iron_helmet":1,"minecraft:cobblestone":85,"minecraft:granite":153,"minecraft:stick":9,"minecraft:diorite":10,"minecraft:repeater":4,"minecraft:wooden_axe":1,"minecraft:iron_leggings":1,"minecraft:flowering_azalea":1,"minecraft:iron_shovel":1,"minecraft:string":6,"minecraft:music_disc_cat":1,"minecraft:purpur_pillar":11,"minecraft:moss_carpet":24,"minecraft:raw_copper":40,"minecraft:tuff":14,"minecraft:raw_iron":2,"minecraft:chicken":44,"minecraft:clay_ball":72,"minecraft:iron_boots":2,"minecraft:stone_slab":5,"minecraft:oak_sign":1,"minecraft:iron_chestplate":1,"minecraft:andesite":1,"minecraft:spider_eye":4,"minecraft:bamboo":25,"minecraft:wooden_pickaxe":3,"minecraft:raw_gold":3},"minecraft:crafted":{"minecraft:grindstone":1,"minecraft:oak_planks":48,"minecraft:cobblestone_slab":6,"minecraft:oak_sign":3,"minecraft:slime_block":6,"minecraft:stone":48,"minecraft:lever":9,"minecraft:shulker_box":11,"minecraft:dark_oak_door":3,"minecraft:hopper":7,"minecraft:glass":70,"minecraft:repeater":5,"minecraft:bow":3,"minecraft:iron_boots":1,"minecraft:comparator":2,"minecraft:chest":12,"minecraft:rail":64,"minecraft:crafting_table":4,"minecraft:spruce_planks":84,"minecraft:wooden_pickaxe":2,"minecraft:iron_helmet":1,"minecraft:sticky_piston":4,"minecraft:hopper_minecart":3,"minecraft:dispenser":3,"minecraft:spruce_trapdoor":2,"minecraft:iron_chestplate":1,"minecraft:charcoal":34,"minecraft:shield":1,"minecraft:stick":96,"minecraft:stone_slab":6,"minecraft:iron_ingot":139,"minecraft:iron_pickaxe":5,"minecraft:gold_ingot":10,"minecraft:redstone_torch":18,"minecraft:light_gray_carpet":3,"minecraft:sponge":5,"minecraft:raw_iron":18,"minecraft:furnace":52,"minecraft:piston":4,"minecraft:diamond_block":2,"minecraft:oak_trapdoor":2,"minecraft:diamond":27,"minecraft:iron_axe":1,"minecraft:spruce_boat":1,"minecraft:dark_oak_planks":80,"minecraft:observer":7,"minecraft:minecart":2,"minecraft:cooked_beef":2,"minecraft:powered_rail":6,"minecraft:bucket":1,"minecraft:air":0,"minecraft:oak_boat":1,"minecraft:acacia_sign":6,"minecraft:wooden_axe":1,"minecraft:iron_shovel":1,"minecraft:iron_leggings":1,"minecraft:acacia_planks":60,"minecraft:torch":84}},"DataVersion":2865}