{"stats":{"minecraft:mined":{"minecraft:stone_pressure_plate":1,"minecraft:spruce_planks":1,"minecraft:jungle_leaves":9,"minecraft:obsidian":25,"minecraft:granite":11,"minecraft:grass_block":286,"minecraft:jungle_log":3,"minecraft:cracked_polished_blackstone_bricks":2,"minecraft:soul_soil":2,"minecraft:spawner":1,"minecraft:polished_blackstone_bricks":2,"minecraft:magma_block":16,"minecraft:iron_ore":73,"minecraft:cobbled_deepslate":50,"minecraft:fire":183,"minecraft:moss_carpet":2,"minecraft:deepslate_lapis_ore":14,"minecraft:oak_sign":1,"minecraft:birch_wall_sign":2,"minecraft:azalea":2,"minecraft:deepslate_redstone_ore":11,"minecraft:cut_sandstone":1,"minecraft:brown_mushroom":39,"minecraft:quartz_block":1,"minecraft:blackstone":8,"minecraft:smoker":1,"minecraft:orange_terracotta":1,"minecraft:clay":11,"minecraft:torch":5,"minecraft:note_block":1,"minecraft:blast_furnace":2,"minecraft:calcite":7,"minecraft:poppy":1,"minecraft:melon":14,"minecraft:chest":36,"minecraft:dead_bush":2,"minecraft:mushroom_stem":9,"minecraft:nether_quartz_ore":482,"minecraft:cobblestone":16,"minecraft:oak_planks":17,"minecraft:sugar_cane":18,"minecraft:iron_door":1,"minecraft:wall_torch":5,"minecraft:warped_nylium":7,"minecraft:birch_log":278,"minecraft:wheat":58,"minecraft:lilac":18,"minecraft:birch_door":2,"minecraft:tnt":9,"minecraft:grass":178,"minecraft:oak_log":32,"minecraft:beetroots":6,"minecraft:sand":78,"minecraft:dirt":90,"minecraft:sandstone_wall":1,"minecraft:netherrack":975,"minecraft:red_mushroom_block":49,"minecraft:ancient_debris":31,"minecraft:oak_leaves":6,"minecraft:deepslate":909,"minecraft:nether_gold_ore":12,"minecraft:diamond_ore":2,"minecraft:tuff":70,"minecraft:mossy_cobblestone":1,"minecraft:dark_oak_leaves":10,"minecraft:deepslate_diamond_ore":160,"minecraft:dark_oak_log":48,"minecraft:nether_bricks":1,"minecraft:glow_lichen":2,"minecraft:ladder":1,"minecraft:brown_mushroom_block":51,"minecraft:birch_slab":20,"minecraft:moss_block":5,"minecraft:sandstone":5,"minecraft:hay_block":28,"minecraft:oak_trapdoor":25,"minecraft:furnace":4,"minecraft:carrots":197,"minecraft:nether_sprouts":1,"minecraft:andesite":3,"minecraft:gold_block":3,"minecraft:nether_brick_fence":1,"minecraft:bookshelf":231,"minecraft:potatoes":212,"minecraft:deepslate_iron_ore":40,"minecraft:vine":50,"minecraft:bamboo":12,"minecraft:stone":905,"minecraft:ender_chest":1,"minecraft:smithing_table":1,"minecraft:podzol":5,"minecraft:birch_stairs":56,"minecraft:flowering_azalea":3,"minecraft:glass_pane":4,"minecraft:basalt":43,"minecraft:dandelion":1,"minecraft:crafting_table":13,"minecraft:emerald_ore":2,"minecraft:warped_roots":1,"minecraft:lectern":3,"minecraft:tall_grass":11,"minecraft:copper_ore":3,"minecraft:quartz_bricks":7,"minecraft:deepslate_gold_ore":25,"minecraft:diorite":9,"minecraft:birch_planks":139,"minecraft:birch_leaves":230,"minecraft:black_wool":3,"minecraft:coal_ore":45,"minecraft:gravel":12,"minecraft:cracked_stone_bricks":1,"minecraft:stone_bricks":2,"minecraft:small_dripleaf":1,"minecraft:gold_ore":12,"minecraft:mossy_stone_bricks":2,"minecraft:fern":36},"minecraft:picked_up":{"minecraft:iron_chestplate":2,"minecraft:birch_door":6,"minecraft:wheat":6,"minecraft:ender_chest":1,"minecraft:nether_brick_fence":1,"minecraft:smithing_table":2,"minecraft:golden_shovel":1,"minecraft:string":62,"minecraft:soul_soil":2,"minecraft:raw_copper":16,"minecraft:iron_leggings":2,"minecraft:oak_sign":4,"minecraft:gold_nugget":61,"minecraft:cobbled_deepslate":1301,"minecraft:bucket":3,"minecraft:spruce_planks":3,"minecraft:calcite":7,"minecraft:azalea":1,"minecraft:iron_pickaxe":2,"minecraft:melon_slice":72,"minecraft:iron_boots":2,"minecraft:furnace":4,"minecraft:stick":56,"minecraft:big_dripleaf":6,"minecraft:torch":14,"minecraft:golden_axe":2,"minecraft:diorite":13,"minecraft:quartz_block":1,"minecraft:rotten_flesh":91,"minecraft:light_blue_wool":29,"minecraft:tropical_fish":5,"minecraft:blaze_rod":21,"minecraft:obsidian":26,"minecraft:cod":1,"minecraft:cobblestone":1659,"minecraft:birch_log":286,"minecraft:enchanting_table":1,"minecraft:cooked_beef":8,"minecraft:leather_chestplate":1,"minecraft:feather":11,"minecraft:lilac":13,"minecraft:water_bucket":1,"minecraft:iron_door":8,"minecraft:andesite":10,"minecraft:birch_slab":22,"minecraft:jungle_log":6,"minecraft:smoker":2,"minecraft:potato":713,"minecraft:flint":9,"minecraft:tuff":62,"minecraft:lantern":1,"minecraft:dirt":598,"minecraft:map":15,"minecraft:lapis_lazuli":193,"minecraft:name_tag":7,"minecraft:leather_boots":1,"minecraft:bone":68,"minecraft:bow":4,"minecraft:wheat_seeds":135,"minecraft:raw_gold":49,"minecraft:netherite_axe":1,"minecraft:mossy_stone_bricks":2,"minecraft:bamboo":239,"minecraft:moss_block":17,"minecraft:oak_planks":19,"minecraft:stone_hoe":3,"minecraft:ghast_tear":1,"minecraft:cooked_porkchop":10,"minecraft:poisonous_potato":1,"minecraft:axolotl_bucket":1,"minecraft:sand":369,"minecraft:ink_sac":19,"minecraft:grass_block":3,"minecraft:dark_oak_log":48,"minecraft:mossy_cobblestone":1,"minecraft:quartz_bricks":199,"minecraft:clay":1,"minecraft:diamond":368,"minecraft:deepslate":1,"minecraft:granite":11,"minecraft:bone_meal":15,"minecraft:golden_apple":5,"minecraft:bread":33,"minecraft:golden_horse_armor":1,"minecraft:emerald":25,"minecraft:piglin_banner_pattern":1,"minecraft:oak_sapling":17,"minecraft:netherrack":1228,"minecraft:diamond_pickaxe":5,"minecraft:fishing_rod":1,"minecraft:crafting_table":12,"minecraft:azure_bluet":1,"minecraft:chicken":2,"minecraft:ladder":2,"minecraft:clay_ball":266,"minecraft:brown_mushroom":61,"minecraft:wooden_pickaxe":1,"minecraft:gold_block":5,"minecraft:shield":1,"minecraft:oak_trapdoor":29,"minecraft:moss_carpet":13,"minecraft:iron_axe":4,"minecraft:flint_and_steel":3,"minecraft:blackstone":12,"minecraft:cracked_stone_bricks":1,"minecraft:beef":3,"minecraft:oak_boat":6,"minecraft:player_head":4,"minecraft:jungle_sapling":4,"minecraft:iron_nugget":58,"minecraft:poppy":1,"minecraft:light_gray_wool":3,"minecraft:lectern":3,"minecraft:sugar_cane":43,"minecraft:chest":37,"minecraft:birch_sapling":98,"minecraft:phantom_membrane":3,"minecraft:egg":45,"minecraft:dark_oak_sapling":2,"minecraft:raw_iron":169,"minecraft:sandstone":60,"minecraft:bowl":9,"minecraft:note_block":4,"minecraft:polished_blackstone_bricks":1,"minecraft:carrot":641,"minecraft:redstone":44,"minecraft:prismarine_crystals":12,"minecraft:stone_pressure_plate":1,"minecraft:tnt":9,"minecraft:arrow":44,"minecraft:beetroot_seeds":14,"minecraft:nether_bricks":1,"minecraft:shears":1,"minecraft:hay_block":28,"minecraft:gold_ingot":92,"minecraft:glow_berries":12,"minecraft:white_wool":47,"minecraft:basalt":43,"minecraft:glow_ink_sac":6,"minecraft:salmon":3,"minecraft:leather":8,"minecraft:cut_sandstone":1,"minecraft:red_mushroom":26,"minecraft:birch_planks":139,"minecraft:filled_map":3,"minecraft:mushroom_stew":4,"minecraft:oak_log":43,"minecraft:ancient_debris":43,"minecraft:golden_boots":1,"minecraft:gunpowder":32,"minecraft:paper":31,"minecraft:orange_terracotta":1,"minecraft:cooked_mutton":12,"minecraft:apple":3,"minecraft:stone_bricks":2,"minecraft:iron_ingot":57,"minecraft:stone_pickaxe":2,"minecraft:cooked_chicken":6,"minecraft:flowering_azalea":6,"minecraft:book":723,"minecraft:sweet_berries":7,"minecraft:quartz":800,"minecraft:dandelion":1,"minecraft:gravel":22,"minecraft:birch_stairs":55,"minecraft:blast_furnace":2,"minecraft:spider_eye":4,"minecraft:iron_helmet":2,"minecraft:birch_sign":2,"minecraft:warped_roots":1,"minecraft:black_wool":8,"minecraft:coal":162,"minecraft:ender_pearl":4},"minecraft:killed":{"minecraft:spider":7,"minecraft:cod":1,"minecraft:skeleton":27,"minecraft:chicken":7,"minecraft:axolotl":1,"minecraft:silverfish":3,"minecraft:magma_cube":1,"minecraft:piglin":3,"minecraft:pig":4,"minecraft:salmon":4,"minecraft:creeper":19,"minecraft:sheep":8,"minecraft:zombie":38,"minecraft:mooshroom":3,"minecraft:ghast":6,"minecraft:blaze":32,"minecraft:cow":4,"minecraft:phantom":8,"minecraft:bat":1,"minecraft:squid":3,"minecraft:wither_skeleton":2,"minecraft:enderman":4},"minecraft:dropped":{"minecraft:diamond":5,"minecraft:red_mushroom":5,"minecraft:flint":3,"minecraft:gold_block":2,"minecraft:cut_sandstone":1,"minecraft:gravel":10,"minecraft:stone_axe":2,"minecraft:iron_nugget":18,"minecraft:cobbled_deepslate":82,"minecraft:golden_shovel":1,"minecraft:carrot":53,"minecraft:leather_chestplate":1,"minecraft:gunpowder":1,"minecraft:beetroot_seeds":3,"minecraft:arrow":1,"minecraft:netherrack":12,"minecraft:iron_ingot":52,"minecraft:bread":98,"minecraft:wheat_seeds":18,"minecraft:mossy_cobblestone":1,"minecraft:feather":2,"minecraft:netherite_axe":1,"minecraft:cobblestone":5,"minecraft:tropical_fish":1,"minecraft:mushroom_stew":4,"minecraft:stick":1,"minecraft:wooden_axe":1,"minecraft:melon_slice":47,"minecraft:heart_of_the_sea":1,"minecraft:iron_axe":1,"minecraft:string":1,"minecraft:moss_carpet":8,"minecraft:bowl":4,"minecraft:tuff":23,"minecraft:raw_iron":1,"minecraft:clay_ball":4,"minecraft:filled_map":3,"minecraft:potato":3,"minecraft:orange_terracotta":1,"minecraft:piglin_banner_pattern":1,"minecraft:diamond_pickaxe":1,"minecraft:bamboo":10,"minecraft:stone_pickaxe":1,"minecraft:wooden_pickaxe":2},"minecraft:custom":{"minecraft:animals_bred":2,"minecraft:interact_with_crafting_table":136,"minecraft:open_barrel":89,"minecraft:leave_game":14,"minecraft:time_since_death":658746,"minecraft:sprint_one_cm":3281871,"minecraft:damage_blocked_by_shield":4560,"minecraft:drop":75,"minecraft:play_noteblock":1,"minecraft:talked_to_villager":36,"minecraft:play_time":978141,"minecraft:deaths":1,"minecraft:jump":50520,"minecraft:interact_with_brewingstand":1,"minecraft:walk_on_water_one_cm":81131,"minecraft:interact_with_furnace":67,"minecraft:sleep_in_bed":5,"minecraft:open_enderchest":27,"minecraft:damage_dealt":31746,"minecraft:crouch_one_cm":111656,"minecraft:interact_with_smoker":57,"minecraft:inspect_dispenser":2,"minecraft:interact_with_smithing_table":8,"minecraft:mob_kills":195,"minecraft:interact_with_anvil":2,"minecraft:climb_one_cm":139852,"minecraft:walk_one_cm":959649,"minecraft:sneak_time":72480,"minecraft:walk_under_water_one_cm":116166,"minecraft:boat_one_cm":149465,"minecraft:interact_with_lectern":15,"minecraft:interact_with_blast_furnace":99,"minecraft:total_world_time":978141,"minecraft:tune_noteblock":7,"minecraft:time_since_rest":483489,"minecraft:damage_taken":4435,"minecraft:swim_one_cm":104686,"minecraft:fly_one_cm":11479495,"minecraft:open_chest":1817,"minecraft:fish_caught":1,"minecraft:fall_one_cm":409184},"minecraft:used":{"minecraft:moss_block":15,"minecraft:nether_brick_fence":1,"minecraft:moss_carpet":5,"minecraft:writable_book":8,"minecraft:iron_shovel":190,"minecraft:poppy":1,"minecraft:ladder":8,"minecraft:oak_sign":5,"minecraft:chest":63,"minecraft:shield":78,"minecraft:player_head":1,"minecraft:iron_chestplate":1,"minecraft:birch_pressure_plate":1,"minecraft:nether_bricks":1,"minecraft:carrot":384,"minecraft:tuff":4,"minecraft:axolotl_bucket":1,"minecraft:azure_bluet":1,"minecraft:obsidian":12,"minecraft:lava_bucket":14,"minecraft:grass_block":1,"minecraft:quartz_block":108,"minecraft:iron_helmet":1,"minecraft:stone_bricks":2,"minecraft:birch_button":2,"minecraft:written_book":1,"minecraft:sweet_berries":7,"minecraft:furnace":5,"minecraft:oak_sapling":3,"minecraft:cooked_cod":6,"minecraft:gold_block":1,"minecraft:egg":6,"minecraft:potato":295,"minecraft:mossy_stone_bricks":2,"minecraft:diorite":13,"minecraft:oak_planks":10,"minecraft:blackstone":4,"minecraft:sandstone":9,"minecraft:diamond_axe":18,"minecraft:clay":1,"minecraft:golden_apple":1,"minecraft:sand":38,"minecraft:mushroom_stew":11,"minecraft:blast_furnace":2,"minecraft:note_block":1,"minecraft:birch_fence":8,"minecraft:birch_slab":187,"minecraft:bread":66,"minecraft:melon_slice":25,"minecraft:lectern":3,"minecraft:iron_door":2,"minecraft:deepslate":1,"minecraft:gravel":4,"minecraft:smithing_table":2,"minecraft:andesite":2,"minecraft:oak_boat":5,"minecraft:tropical_fish_bucket":1,"minecraft:azalea":1,"minecraft:oak_trapdoor":25,"minecraft:flint_and_steel":40,"minecraft:stone_shovel":132,"minecraft:spruce_planks":1,"minecraft:ender_chest":1,"minecraft:cooked_salmon":4,"minecraft:stone_hoe":175,"minecraft:cooked_chicken":7,"minecraft:netherrack":655,"minecraft:torch":28,"minecraft:dirt":116,"minecraft:spyglass":45,"minecraft:golden_shovel":31,"minecraft:granite":9,"minecraft:birch_door":2,"minecraft:wooden_axe":17,"minecraft:flowering_azalea":2,"minecraft:iron_axe":592,"minecraft:iron_boots":1,"minecraft:bamboo":2,"minecraft:basalt":42,"minecraft:soul_soil":2,"minecraft:netherite_pickaxe":2361,"minecraft:cooked_beef":9,"minecraft:cobbled_deepslate":467,"minecraft:iron_leggings":1,"minecraft:wheat_seeds":9,"minecraft:calcite":7,"minecraft:quartz_bricks":7,"minecraft:cooked_mutton":12,"minecraft:water_bucket":64,"minecraft:birch_planks":464,"minecraft:baked_potato":71,"minecraft:birch_boat":1,"minecraft:glow_ink_sac":1,"minecraft:warped_roots":1,"minecraft:cracked_stone_bricks":1,"minecraft:salmon":3,"minecraft:crafting_table":17,"minecraft:birch_sign":23,"minecraft:smoker":2,"minecraft:black_wool":5,"minecraft:diamond_pickaxe":1499,"minecraft:apple":1,"minecraft:iron_pickaxe":166,"minecraft:map":2,"minecraft:netherite_axe":992,"minecraft:fishing_rod":2,"minecraft:cobblestone":107,"minecraft:cooked_porkchop":14,"minecraft:bucket":81,"minecraft:glass_pane":93,"minecraft:pumpkin_pie":1,"minecraft:dandelion":1,"minecraft:birch_stairs":312},"minecraft:broken":{"minecraft:golden_shovel":1,"minecraft:stone_shovel":1,"minecraft:shield":1},"minecraft:crafted":{"minecraft:black_dye":7,"minecraft:smooth_stone":3,"minecraft:oak_planks":108,"minecraft:oak_sign":3,"minecraft:quartz_bricks":64,"minecraft:birch_boat":1,"minecraft:cooked_chicken":1,"minecraft:birch_slab":180,"minecraft:stone":3,"minecraft:quartz_block":871,"minecraft:glass":64,"minecraft:diamond_helmet":1,"minecraft:diamond_leggings":1,"minecraft:iron_boots":1,"minecraft:chest":30,"minecraft:iron_door":3,"minecraft:birch_door":3,"minecraft:birch_button":2,"minecraft:black_wool":7,"minecraft:stone_hoe":2,"minecraft:smoker":1,"minecraft:cooked_porkchop":3,"minecraft:crafting_table":7,"minecraft:wooden_pickaxe":1,"minecraft:baked_potato":128,"minecraft:iron_helmet":1,"minecraft:birch_pressure_plate":1,"minecraft:smithing_table":1,"minecraft:gold_block":12,"minecraft:birch_planks":1028,"minecraft:iron_chestplate":1,"minecraft:book":6,"minecraft:diamond_pickaxe":2,"minecraft:shield":2,"minecraft:birch_fence":30,"minecraft:stick":48,"minecraft:iron_ingot":138,"minecraft:iron_pickaxe":2,"minecraft:gold_ingot":72,"minecraft:netherite_ingot":7,"minecraft:birch_stairs":288,"minecraft:shears":2,"minecraft:redstone":9,"minecraft:stone_shovel":1,"minecraft:furnace":3,"minecraft:blast_furnace":1,"minecraft:mushroom_stew":11,"minecraft:bone_meal":6,"minecraft:glass_pane":160,"minecraft:oak_trapdoor":4,"minecraft:flint_and_steel":1,"minecraft:netherite_axe":1,"minecraft:iron_axe":7,"minecraft:ladder":9,"minecraft:stone_pickaxe":1,"minecraft:diamond_boots":1,"minecraft:redstone_block":61,"minecraft:netherite_scrap":31,"minecraft:dark_oak_planks":192,"minecraft:birch_sign":24,"minecraft:wheat":252,"minecraft:cooked_beef":1,"minecraft:sugar":1,"minecraft:coal_block":12,"minecraft:netherite_pickaxe":2,"minecraft:enchanting_table":1,"minecraft:bowl":4,"minecraft:golden_shovel":1,"minecraft:bucket":2,"minecraft:bread":127,"minecraft:air":0,"minecraft:oak_boat":1,"minecraft:golden_apple":1,"minecraft:wooden_axe":1,"minecraft:iron_shovel":1,"minecraft:iron_leggings":1,"minecraft:pumpkin_pie":1,"minecraft:note_block":1,"minecraft:torch":16,"minecraft:lapis_lazuli":9,"minecraft:lapis_block":56,"minecraft:diamond_chestplate":1}},"DataVersion":2865}