{"stats":{"minecraft:crafted":{"minecraft:black_dye":427,"minecraft:blaze_powder":128,"minecraft:shulker_box":111,"minecraft:diamond_helmet":2,"minecraft:beacon":3,"minecraft:white_shulker_box":2,"minecraft:pink_stained_glass":88,"minecraft:warped_stairs":16,"minecraft:soul_campfire":4,"minecraft:green_bed":2,"minecraft:smithing_table":1,"minecraft:red_nether_bricks":8,"minecraft:lectern":1,"minecraft:stone_slab":6,"minecraft:iron_pickaxe":22,"minecraft:netherite_ingot":36,"minecraft:cyan_wool":5,"minecraft:golden_carrot":460,"minecraft:magenta_wool":10,"minecraft:jukebox":2,"minecraft:orange_shulker_box":1,"minecraft:iron_nugget":774,"minecraft:soul_torch":8,"minecraft:blue_shulker_box":1,"minecraft:prismarine_brick_stairs":116,"minecraft:spruce_fence":3,"minecraft:lantern":57,"minecraft:light_gray_shulker_box":1,"minecraft:black_concrete_powder":1680,"minecraft:red_shulker_box":2,"minecraft:stone_pickaxe":27,"minecraft:quartz_slab":28,"minecraft:spruce_boat":7,"minecraft:lead":6,"minecraft:light_gray_terracotta":192,"minecraft:purpur_slab":6,"minecraft:enchanting_table":1,"minecraft:cyan_bed":1,"minecraft:light_blue_wool":1,"minecraft:enchanted_book":2,"minecraft:orange_dye":2,"minecraft:soul_lantern":8,"minecraft:warped_sign":3,"minecraft:fermented_spider_eye":81,"minecraft:iron_shovel":6,"minecraft:prismarine_wall":2,"minecraft:note_block":1,"minecraft:grindstone":1,"minecraft:barrel":30,"minecraft:cooked_chicken":52,"minecraft:snow":126,"minecraft:pink_carpet":297,"minecraft:warped_planks":584,"minecraft:bow":5,"minecraft:chest":383,"minecraft:ender_eye":23,"minecraft:stone_bricks":1436,"minecraft:golden_boots":2,"minecraft:sea_lantern":26,"minecraft:magma_block":16,"minecraft:arrow":84,"minecraft:iron_helmet":7,"minecraft:brown_dye":14,"minecraft:spectral_arrow":32,"minecraft:warped_door":3,"minecraft:tnt":1,"minecraft:spruce_trapdoor":12,"minecraft:yellow_dye":4,"minecraft:purple_dye":260,"minecraft:pink_wool":8,"minecraft:warped_fence_gate":4,"minecraft:stick":1076,"minecraft:iron_ingot":538,"minecraft:light_blue_shulker_box":1,"minecraft:light_blue_stained_glass":128,"minecraft:lime_carpet":96,"minecraft:netherite_sword":3,"minecraft:furnace":21,"minecraft:piston":6,"minecraft:magenta_stained_glass_pane":240,"minecraft:raw_copper_block":1,"minecraft:oak_trapdoor":2,"minecraft:flint_and_steel":5,"minecraft:netherite_chestplate":2,"minecraft:glistering_melon_slice":9,"minecraft:magma_cream":2,"minecraft:purple_terracotta":32,"minecraft:light_blue_stained_glass_pane":96,"minecraft:purple_stained_glass":776,"minecraft:polished_blackstone_wall":4,"minecraft:purple_shulker_box":3,"minecraft:iron_sword":7,"minecraft:cooked_salmon":9,"minecraft:golden_shovel":3,"minecraft:jungle_planks":128,"minecraft:jungle_door":24,"minecraft:white_dye":171,"minecraft:brown_concrete_powder":48,"minecraft:netherite_shovel":1,"minecraft:black_carpet":765,"minecraft:stonecutter":3,"minecraft:anvil":5,"minecraft:torch":16,"minecraft:orange_bed":13,"minecraft:magenta_carpet":303,"minecraft:diamond_chestplate":1,"minecraft:ender_chest":13,"minecraft:smooth_stone":32,"minecraft:pink_bed":20,"minecraft:slime_block":66,"minecraft:polished_blackstone_slab":4,"minecraft:bookshelf":37,"minecraft:dark_prismarine_stairs":4,"minecraft:cooked_mutton":49,"minecraft:magenta_shulker_box":2,"minecraft:quartz_block":801,"minecraft:glass":1464,"minecraft:diamond_leggings":1,"minecraft:netherite_boots":2,"minecraft:magenta_dye":27,"minecraft:glass_bottle":117,"minecraft:deepslate":4,"minecraft:emerald":146,"minecraft:cooked_porkchop":6,"minecraft:diamond_axe":1,"minecraft:spruce_door":51,"minecraft:hay_block":1,"minecraft:light_gray_bed":1,"minecraft:lime_shulker_box":1,"minecraft:iron_block":79,"minecraft:white_terracotta":64,"minecraft:gold_ingot":2391,"minecraft:light_gray_dye":66,"minecraft:stone_shovel":5,"minecraft:player_head":197,"minecraft:bone_meal":1656,"minecraft:pink_dye":26,"minecraft:white_carpet":48,"minecraft:warped_trapdoor":44,"minecraft:diamond":270,"minecraft:netherite_axe":1,"minecraft:dark_oak_fence":21,"minecraft:ladder":93,"minecraft:spruce_slab":150,"minecraft:diamond_boots":2,"minecraft:redstone_block":175,"minecraft:dark_oak_planks":160,"minecraft:golden_helmet":1,"minecraft:wheat":171,"minecraft:coal_block":40,"minecraft:purple_stained_glass_pane":16,"minecraft:netherite_pickaxe":3,"minecraft:polished_blackstone_brick_slab":10,"minecraft:magenta_stained_glass":168,"minecraft:conduit":2,"minecraft:glowstone":1,"minecraft:golden_apple":4,"minecraft:wooden_axe":1,"minecraft:iron_leggings":5,"minecraft:white_bed":129,"minecraft:blue_carpet":303,"minecraft:oak_planks":1424,"minecraft:dark_oak_boat":1,"minecraft:pink_shulker_box":1,"minecraft:purple_glazed_terracotta":36,"minecraft:warped_hyphae":96,"minecraft:green_dye":5,"minecraft:hopper":32,"minecraft:iron_boots":7,"minecraft:stone_hoe":1,"minecraft:golden_sword":3,"minecraft:smoker":8,"minecraft:quartz_stairs":17,"minecraft:item_frame":94,"minecraft:crafting_table":26,"minecraft:spruce_planks":3436,"minecraft:wooden_pickaxe":4,"minecraft:baked_potato":896,"minecraft:gold_block":174,"minecraft:brewing_stand":46,"minecraft:iron_chestplate":6,"minecraft:book":126,"minecraft:paper":2340,"minecraft:diamond_pickaxe":2,"minecraft:emerald_block":17,"minecraft:shield":11,"minecraft:warped_slab":30,"minecraft:light_blue_dye":47,"minecraft:green_shulker_box":1,"minecraft:gray_carpet":27,"minecraft:sponge":543,"minecraft:green_carpet":24,"minecraft:shears":15,"minecraft:redstone":414,"minecraft:raw_iron":27,"minecraft:coal":9,"minecraft:gray_dye":98,"minecraft:dark_oak_sign":3,"minecraft:diamond_block":106,"minecraft:glass_pane":528,"minecraft:warped_fence":30,"minecraft:netherite_leggings":2,"minecraft:yellow_shulker_box":2,"minecraft:iron_axe":9,"minecraft:iron_hoe":3,"minecraft:slime_ball":144,"minecraft:lime_dye":2,"minecraft:netherite_scrap":137,"minecraft:cooked_beef":60,"minecraft:sugar":105,"minecraft:red_dye":131,"minecraft:cooked_cod":9,"minecraft:crimson_planks":628,"minecraft:magenta_bed":42,"minecraft:cyan_dye":8,"minecraft:spruce_sign":15,"minecraft:yellow_carpet":96,"minecraft:nether_bricks":46,"minecraft:bucket":36,"minecraft:stone_axe":3,"minecraft:bread":493,"minecraft:air":0,"minecraft:black_stained_glass":1952,"minecraft:blue_dye":179,"minecraft:oak_boat":3,"minecraft:gold_nugget":4014,"minecraft:pink_stained_glass_pane":16,"minecraft:nether_wart_block":1,"minecraft:end_crystal":10,"minecraft:blackstone_slab":1920,"minecraft:clay":13,"minecraft:lapis_block":13,"minecraft:firework_rocket":5741},"minecraft:broken":{"minecraft:diamond_helmet":2,"minecraft:shears":6,"minecraft:iron_leggings":2,"minecraft:iron_hoe":3,"minecraft:stone_hoe":1,"minecraft:shield":1,"minecraft:iron_pickaxe":16,"minecraft:iron_shovel":3,"minecraft:stone_pickaxe":24,"minecraft:diamond_boots":1,"minecraft:stone_shovel":5,"minecraft:iron_boots":2,"minecraft:iron_chestplate":2,"minecraft:iron_sword":2,"minecraft:iron_axe":3,"minecraft:iron_helmet":2,"minecraft:golden_shovel":3},"minecraft:picked_up":{"minecraft:lead":17,"minecraft:stone_slab":147,"minecraft:enchanted_book":46,"minecraft:purple_shulker_box":62,"minecraft:blue_concrete":13,"minecraft:music_disc_cat":2,"minecraft:polished_blackstone_brick_stairs":7,"minecraft:string":542,"minecraft:pufferfish":21,"minecraft:shroomlight":32,"minecraft:diamond_leggings":12,"minecraft:warped_slab":11,"minecraft:diamond_ore":15,"minecraft:polished_blackstone_brick_slab":35,"minecraft:polished_blackstone_stairs":3,"minecraft:jukebox":2,"minecraft:big_dripleaf":23,"minecraft:purpur_pillar":179,"minecraft:golden_axe":3,"minecraft:warped_button":24,"minecraft:cauldron":1,"minecraft:gray_shulker_box":33,"minecraft:golden_chestplate":11,"minecraft:warped_door":6,"minecraft:pink_terracotta":5,"minecraft:stone_sword":14,"minecraft:lime_carpet":2,"minecraft:polished_basalt":49,"minecraft:carved_pumpkin":2,"minecraft:red_tulip":3,"minecraft:glowstone":17,"minecraft:bookshelf":17,"minecraft:end_rod":83,"minecraft:white_terracotta":100,"minecraft:blaze_rod":453,"minecraft:iron_bars":10,"minecraft:snowball":664,"minecraft:sponge":85,"minecraft:feather":87,"minecraft:cooked_beef":1396,"minecraft:water_bucket":38,"minecraft:dark_oak_boat":68,"minecraft:flint":93,"minecraft:purple_stained_glass":21,"minecraft:lantern":60,"minecraft:gray_concrete_powder":112,"minecraft:purple_carpet":1,"minecraft:large_amethyst_bud":1,"minecraft:stonecutter":4,"minecraft:warped_hyphae":98,"minecraft:dark_oak_sign":1,"minecraft:rabbit":4,"minecraft:diamond_helmet":27,"minecraft:glow_lichen":7,"minecraft:chiseled_polished_blackstone":8,"minecraft:stripped_spruce_log":7,"minecraft:brown_mushroom_block":10,"minecraft:iron_hoe":5,"minecraft:deepslate":32264,"minecraft:granite":1967,"minecraft:spruce_button":6,"minecraft:deepslate_coal_ore":1,"minecraft:rooted_dirt":95,"minecraft:light_gray_carpet":1,"minecraft:crimson_roots":17,"minecraft:diamond_pickaxe":31,"minecraft:bee_nest":3,"minecraft:clay_ball":84,"minecraft:leather_leggings":9,"minecraft:golden_pickaxe":1,"minecraft:dragon_head":13,"minecraft:purpur_block":420,"minecraft:cornflower":17,"minecraft:elytra":40,"minecraft:flint_and_steel":7,"minecraft:white_stained_glass":1,"minecraft:white_carpet":1614,"minecraft:iron_shovel":4,"minecraft:polished_blackstone_wall":7,"minecraft:glass_pane":633,"minecraft:netherite_sword":45,"minecraft:poppy":14,"minecraft:spruce_slab":60,"minecraft:minecart":1,"minecraft:birch_sapling":19,"minecraft:piston":7,"minecraft:diamond_hoe":1,"minecraft:copper_ore":100,"minecraft:lime_shulker_box":29,"minecraft:black_stained_glass":16,"minecraft:stone":11205,"minecraft:fire_charge":185,"minecraft:netherite_pickaxe":38,"minecraft:diamond_chestplate":10,"minecraft:purpur_slab":19,"minecraft:hay_block":19,"minecraft:cracked_deepslate_bricks":3,"minecraft:totem_of_undying":5,"minecraft:polished_blackstone":7,"minecraft:mutton":45,"minecraft:bone_block":218,"minecraft:rail":3,"minecraft:emerald_ore":9,"minecraft:oxeye_daisy":4,"minecraft:birch_leaves":6,"minecraft:yellow_shulker_box":12,"minecraft:blackstone_slab":33,"minecraft:purpur_stairs":20,"minecraft:lily_pad":9,"minecraft:paper":33,"minecraft:apple":16,"minecraft:warped_stem":402,"minecraft:spore_blossom":23,"minecraft:yellow_stained_glass":4,"minecraft:stone_pickaxe":4,"minecraft:iron_ore":35,"minecraft:magenta_stained_glass":18,"minecraft:smooth_basalt":702,"minecraft:milk_bucket":13,"minecraft:sweet_berries":961,"minecraft:red_wool":62,"minecraft:lime_concrete":9,"minecraft:light_blue_stained_glass":20,"minecraft:crying_obsidian":232,"minecraft:leather_helmet":9,"minecraft:diamond_shovel":21,"minecraft:coal_ore":136,"minecraft:slime_ball":1095,"minecraft:deepslate_redstone_ore":273,"minecraft:birch_sign":5,"minecraft:polished_blackstone_brick_wall":4,"minecraft:baked_potato":439,"minecraft:prismarine_stairs":9,"minecraft:black_carpet":80,"minecraft:light_blue_concrete":2,"minecraft:ender_chest":398,"minecraft:nether_brick_fence":3,"minecraft:yellow_wool":39,"minecraft:gilded_blackstone":62,"minecraft:stone_brick_stairs":2,"minecraft:warped_stairs":8,"minecraft:lapis_block":1,"minecraft:deepslate_lapis_ore":64,"minecraft:experience_bottle":2,"minecraft:red_sand":590,"minecraft:bucket":15,"minecraft:red_dye":1,"minecraft:white_tulip":8,"minecraft:cobblestone_slab":7,"minecraft:azalea":22,"minecraft:iron_pickaxe":12,"minecraft:deepslate_iron_ore":69,"minecraft:blue_wool":276,"minecraft:spruce_stairs":26,"minecraft:netherite_shovel":6,"minecraft:diorite":2398,"minecraft:vine":29,"minecraft:rotten_flesh":1714,"minecraft:deepslate_copper_ore":5,"minecraft:chorus_flower":12,"minecraft:deepslate_brick_stairs":1,"minecraft:obsidian":780,"minecraft:cobblestone":18808,"minecraft:leather_chestplate":4,"minecraft:lilac":45,"minecraft:andesite":2491,"minecraft:golden_leggings":12,"minecraft:beacon":5,"minecraft:potato":2367,"minecraft:prismarine_bricks":7159,"minecraft:dirt":4895,"minecraft:name_tag":7,"minecraft:glass":834,"minecraft:bone":1188,"minecraft:bow":76,"minecraft:wheat_seeds":4616,"minecraft:grindstone":2,"minecraft:netherite_axe":5,"minecraft:purple_stained_glass_pane":1,"minecraft:mossy_stone_bricks":1,"minecraft:cyan_concrete":1,"minecraft:bamboo":66,"minecraft:prismarine":3279,"minecraft:light_blue_shulker_box":4,"minecraft:nether_brick_stairs":10,"minecraft:diamond_block":91,"minecraft:grass_block":1970,"minecraft:warped_fence_gate":4,"minecraft:spectral_arrow":1287,"minecraft:jungle_slab":1,"minecraft:mossy_cobblestone":1,"minecraft:jungle_leaves":3,"minecraft:light_gray_terracotta":33,"minecraft:light_blue_terracotta":7,"minecraft:slime_block":36,"minecraft:netherite_helmet":6,"minecraft:cracked_polished_blackstone_bricks":294,"minecraft:crossbow":7,"minecraft:bone_meal":1,"minecraft:golden_apple":3,"minecraft:spruce_sign":97,"minecraft:emerald":49,"minecraft:chorus_fruit":4344,"minecraft:netherrack":25595,"minecraft:oak_leaves":300,"minecraft:azure_bluet":4,"minecraft:splash_potion":21,"minecraft:ladder":152,"minecraft:brown_mushroom":107,"minecraft:packed_ice":13654,"minecraft:pink_wool":273,"minecraft:stone_brick_wall":8,"minecraft:diorite_slab":214,"minecraft:chain":3,"minecraft:shield":17,"minecraft:brick":1,"minecraft:oak_trapdoor":2,"minecraft:moss_carpet":27,"minecraft:mycelium":89,"minecraft:magenta_wool":237,"minecraft:blackstone":1633,"minecraft:blue_orchid":2,"minecraft:lime_wool":45,"minecraft:end_stone":1025,"minecraft:note_block":1,"minecraft:polished_blackstone_bricks":512,"minecraft:cookie":4,"minecraft:brown_concrete_powder":34,"minecraft:trident":37,"minecraft:weeping_vines":182,"minecraft:red_shulker_box":43,"minecraft:pumpkin_pie":1,"minecraft:nether_bricks":458,"minecraft:pink_tulip":1,"minecraft:black_banner":34,"minecraft:netherite_boots":28,"minecraft:prismarine_slab":7,"minecraft:purple_dye":51,"minecraft:jungle_boat":3,"minecraft:basalt":5829,"minecraft:golden_carrot":1794,"minecraft:magenta_banner":8,"minecraft:leather":735,"minecraft:ice":679,"minecraft:crimson_fungus":2,"minecraft:gunpowder":308,"minecraft:yellow_bed":2,"minecraft:chainmail_chestplate":2,"minecraft:cobbled_deepslate_stairs":16,"minecraft:cobblestone_wall":32,"minecraft:orange_terracotta":3,"minecraft:cooked_mutton":86,"minecraft:red_carpet":301,"minecraft:rabbit_hide":18,"minecraft:iron_ingot":117,"minecraft:cooked_chicken":96,"minecraft:sculk_catalyst":2,"minecraft:pink_bed":4,"minecraft:warped_fungus":12,"minecraft:nether_quartz_ore":1572,"minecraft:emerald_block":1,"minecraft:stone_brick_slab":213,"minecraft:quartz":3612,"minecraft:dandelion":5,"minecraft:lava_bucket":4,"minecraft:amethyst_shard":109,"minecraft:spruce_door":101,"minecraft:pumpkin_seeds":11,"minecraft:sculk_sensor":4,"minecraft:white_concrete_powder":49,"minecraft:prismarine_wall":1,"minecraft:terracotta":6,"minecraft:damaged_anvil":1,"minecraft:iron_chestplate":15,"minecraft:chainmail_boots":2,"minecraft:prismarine_shard":465,"minecraft:flower_pot":25,"minecraft:anvil":11,"minecraft:magenta_carpet":383,"minecraft:diamond_sword":21,"minecraft:brewing_stand":66,"minecraft:golden_sword":84,"minecraft:amethyst_block":1003,"minecraft:dark_oak_trapdoor":1,"minecraft:soul_soil":31,"minecraft:cooked_salmon":4,"minecraft:red_nether_bricks":37,"minecraft:blue_stained_glass_pane":2,"minecraft:gold_nugget":1192,"minecraft:cobbled_deepslate":3177,"minecraft:spruce_planks":278,"minecraft:written_book":2,"minecraft:melon_slice":26,"minecraft:coal_block":1,"minecraft:dark_oak_door":7,"minecraft:golden_helmet":9,"minecraft:pink_carpet":874,"minecraft:warped_planks":200,"minecraft:deepslate_tile_stairs":8,"minecraft:light_blue_wool":49,"minecraft:blue_dye":3,"minecraft:iron_block":333,"minecraft:netherite_chestplate":26,"minecraft:rabbit_spawn_egg":1,"minecraft:birch_log":55,"minecraft:magma_block":428,"minecraft:birch_slab":86,"minecraft:jungle_log":27,"minecraft:smoker":1,"minecraft:magenta_bed":5,"minecraft:netherite_leggings":28,"minecraft:map":66,"minecraft:twisting_vines":52,"minecraft:chipped_anvil":5,"minecraft:gray_terracotta":25,"minecraft:glowstone_dust":84,"minecraft:moss_block":143,"minecraft:warped_wart_block":25,"minecraft:dropper":2,"minecraft:ink_sac":1584,"minecraft:dark_oak_log":296,"minecraft:barrel":22,"minecraft:black_concrete_powder":5,"minecraft:writable_book":2,"minecraft:deepslate_gold_ore":136,"minecraft:blue_ice":796,"minecraft:chainmail_helmet":1,"minecraft:bread":151,"minecraft:dark_oak_fence":8,"minecraft:spruce_leaves":97,"minecraft:crafting_table":89,"minecraft:sandstone_slab":5,"minecraft:purple_wool":118,"minecraft:nether_wart":2293,"minecraft:snow":2743,"minecraft:netherite_scrap":1,"minecraft:deepslate_diamond_ore":276,"minecraft:music_disc_otherside":1,"minecraft:beef":363,"minecraft:cyan_wool":118,"minecraft:iron_nugget":406,"minecraft:chest":164,"minecraft:quartz_stairs":172,"minecraft:egg":102,"minecraft:sandstone":12753,"minecraft:spruce_fence":24,"minecraft:amethyst_cluster":12,"minecraft:carrot":3258,"minecraft:redstone":1546,"minecraft:mushroom_stem":9,"minecraft:prismarine_crystals":208,"minecraft:blue_carpet":1,"minecraft:tnt":7,"minecraft:cooked_cod":234,"minecraft:peony":71,"minecraft:diamond_boots":13,"minecraft:shears":8,"minecraft:deepslate_bricks":4,"minecraft:warped_sign":5,"minecraft:gold_ingot":389,"minecraft:white_shulker_box":90,"minecraft:glow_berries":54,"minecraft:white_wool":1037,"minecraft:stripped_oak_log":12,"minecraft:lapis_ore":10,"minecraft:red_mushroom_block":3,"minecraft:red_mushroom":27,"minecraft:filled_map":90,"minecraft:oak_log":468,"minecraft:ancient_debris":134,"minecraft:golden_boots":10,"minecraft:blue_bed":4,"minecraft:white_banner":4,"minecraft:stone_bricks":484,"minecraft:kelp":53,"minecraft:cobweb":149,"minecraft:glass_bottle":30,"minecraft:iron_sword":15,"minecraft:flowering_azalea":33,"minecraft:prismarine_brick_stairs":41,"minecraft:white_stained_glass_pane":2,"minecraft:dark_oak_slab":4,"minecraft:sculk":12,"minecraft:yellow_concrete":4,"minecraft:spyglass":2,"minecraft:gravel":2638,"minecraft:small_amethyst_bud":1,"minecraft:spruce_sapling":490,"minecraft:spruce_log":2153,"minecraft:sea_lantern":1342,"minecraft:firework_rocket":992,"minecraft:red_stained_glass":100,"minecraft:purple_bed":5,"minecraft:stone_axe":2,"minecraft:purple_glazed_terracotta":195,"minecraft:polished_diorite":5,"minecraft:diamond_axe":15,"minecraft:redstone_ore":28,"minecraft:gray_wool":108,"minecraft:warped_roots":41,"minecraft:warped_nylium":50,"minecraft:crimson_nylium":59,"minecraft:ender_pearl":802,"minecraft:shulker_shell":518,"minecraft:wheat":1559,"minecraft:redstone_block":7,"minecraft:light_gray_shulker_box":8,"minecraft:potion":105,"minecraft:nether_brick":487,"minecraft:crimson_planks":4,"minecraft:raw_copper":934,"minecraft:iron_leggings":13,"minecraft:sticky_piston":4,"minecraft:netherite_ingot":5,"minecraft:pink_shulker_box":15,"minecraft:oak_sign":12,"minecraft:deepslate_tiles":91,"minecraft:black_shulker_box":18,"minecraft:redstone_torch":2,"minecraft:calcite":528,"minecraft:iron_boots":28,"minecraft:furnace":35,"minecraft:stick":679,"minecraft:orange_shulker_box":71,"minecraft:jungle_door":37,"minecraft:brown_terracotta":1,"minecraft:oak_fence":1,"minecraft:torch":489,"minecraft:porkchop":11,"minecraft:snow_block":472,"minecraft:pointed_dripstone":30,"minecraft:music_disc_pigstep":3,"minecraft:light_gray_banner":3,"minecraft:blue_stained_glass":1,"minecraft:quartz_block":655,"minecraft:nether_gold_ore":57,"minecraft:cactus":37,"minecraft:green_wool":97,"minecraft:cod":101,"minecraft:nautilus_shell":17,"minecraft:magma_cream":234,"minecraft:tuff":3373,"minecraft:warped_trapdoor":7,"minecraft:wither_skeleton_skull":12,"minecraft:green_shulker_box":2,"minecraft:lapis_lazuli":646,"minecraft:leather_boots":1,"minecraft:cobbled_deepslate_wall":2,"minecraft:raw_gold":81,"minecraft:bell":14,"minecraft:light_blue_dye":35,"minecraft:oak_planks":89,"minecraft:ghast_tear":24,"minecraft:pink_stained_glass":13,"minecraft:pink_concrete":2,"minecraft:cooked_porkchop":153,"minecraft:sand":11882,"minecraft:pink_stained_glass_pane":1,"minecraft:axolotl_bucket":1,"minecraft:poisonous_potato":20,"minecraft:jungle_planks":3,"minecraft:cyan_bed":7,"minecraft:shulker_box":514,"minecraft:orange_wool":62,"minecraft:dark_prismarine":461,"minecraft:clay":173,"minecraft:diamond":811,"minecraft:spruce_boat":235,"minecraft:black_concrete":2237,"minecraft:polished_blackstone_button":31,"minecraft:white_concrete":1,"minecraft:oak_sapling":121,"minecraft:nether_star":4,"minecraft:end_stone_bricks":124,"minecraft:cocoa_beans":15,"minecraft:charcoal":1,"minecraft:fishing_rod":2,"minecraft:allium":5,"minecraft:chicken":102,"minecraft:wooden_pickaxe":1,"minecraft:cooked_rabbit":10,"minecraft:gold_block":288,"minecraft:dragon_breath":17,"minecraft:iron_axe":3,"minecraft:quartz_slab":116,"minecraft:item_frame":121,"minecraft:warped_fence":7,"minecraft:cyan_carpet":2,"minecraft:dark_prismarine_stairs":7,"minecraft:oak_boat":435,"minecraft:player_head":366,"minecraft:blue_shulker_box":3,"minecraft:light_gray_wool":61,"minecraft:lectern":1,"minecraft:tinted_glass":2,"minecraft:sugar_cane":886,"minecraft:phantom_membrane":166,"minecraft:spruce_trapdoor":17,"minecraft:dark_oak_sapling":3,"minecraft:raw_iron":349,"minecraft:copper_ingot":1,"minecraft:bowl":2,"minecraft:quartz_pillar":183,"minecraft:stone_button":3,"minecraft:magenta_shulker_box":2,"minecraft:iron_horse_armor":1,"minecraft:dark_oak_planks":39,"minecraft:arrow":1911,"minecraft:light_blue_stained_glass_pane":83,"minecraft:golden_hoe":1,"minecraft:lime_stained_glass":10,"minecraft:wet_sponge":821,"minecraft:crimson_stem":47,"minecraft:glow_ink_sac":157,"minecraft:salmon":42,"minecraft:mushroom_stew":3,"minecraft:nether_wart_block":8,"minecraft:podzol":1,"minecraft:heart_of_the_sea":1,"minecraft:soul_sand":842,"minecraft:purple_concrete":40,"minecraft:scaffolding":1166,"minecraft:book":5,"minecraft:oak_slab":8,"minecraft:birch_boat":17,"minecraft:pumpkin":1,"minecraft:raw_iron_block":5,"minecraft:dripstone_block":11,"minecraft:magenta_stained_glass_pane":37,"minecraft:white_bed":11,"minecraft:gold_ore":12,"minecraft:mossy_stone_brick_slab":1,"minecraft:spider_eye":160,"minecraft:honey_block":16,"minecraft:iron_helmet":9,"minecraft:black_wool":161,"minecraft:red_concrete":1,"minecraft:coal":772,"minecraft:purple_concrete_powder":138},"minecraft:used":{"minecraft:moss_block":5,"minecraft:writable_book":13,"minecraft:black_carpet":490,"minecraft:stone":1373,"minecraft:warped_sign":8,"minecraft:quartz_stairs":303,"minecraft:rotten_flesh":3,"minecraft:soul_sand":203,"minecraft:snowball":45,"minecraft:spruce_boat":215,"minecraft:polished_blackstone_slab":4,"minecraft:packed_ice":9874,"minecraft:lava_bucket":31,"minecraft:quartz_pillar":307,"minecraft:music_disc_pigstep":2,"minecraft:quartz_block":789,"minecraft:netherite_boots":19,"minecraft:bow":1126,"minecraft:oak_sapling":35,"minecraft:cooked_cod":71,"minecraft:dark_prismarine_stairs":25,"minecraft:leather_leggings":2,"minecraft:prismarine":452,"minecraft:cactus":6,"minecraft:blackstone":286,"minecraft:wooden_pickaxe":10,"minecraft:clay":442,"minecraft:glow_berries":40,"minecraft:purple_concrete_powder":134,"minecraft:birch_slab":82,"minecraft:deepslate_iron_ore":32,"minecraft:nether_wart_block":8,"minecraft:diamond_sword":533,"minecraft:coal_block":1,"minecraft:smithing_table":1,"minecraft:birch_log":2,"minecraft:oak_boat":414,"minecraft:diorite_slab":537,"minecraft:polished_blackstone_brick_slab":32,"minecraft:enchanting_table":1,"minecraft:carved_pumpkin":2,"minecraft:light_gray_carpet":3,"minecraft:tinted_glass":2,"minecraft:polished_blackstone_wall":12,"minecraft:cooked_salmon":9,"minecraft:torch":383,"minecraft:brewing_stand":100,"minecraft:light_blue_dye":6,"minecraft:nether_quartz_ore":1434,"minecraft:yellow_carpet":57,"minecraft:golden_shovel":96,"minecraft:sea_lantern":960,"minecraft:chipped_anvil":5,"minecraft:iron_block":186,"minecraft:jungle_log":5,"minecraft:barrel":50,"minecraft:diamond_chestplate":8,"minecraft:basalt":1711,"minecraft:lime_concrete":981,"minecraft:warped_stairs":20,"minecraft:podzol":1,"minecraft:calcite":5,"minecraft:wheat_seeds":1686,"minecraft:warped_stem":198,"minecraft:light_blue_shulker_box":3,"minecraft:cauldron":1,"minecraft:glow_ink_sac":20,"minecraft:deepslate_bricks":2,"minecraft:conduit":2,"minecraft:diamond_block":6,"minecraft:white_bed":136,"minecraft:spruce_log":430,"minecraft:mushroom_stem":311,"minecraft:blue_stained_glass_pane":2,"minecraft:diamond_pickaxe":20306,"minecraft:warped_trapdoor":51,"minecraft:diamond_shovel":6689,"minecraft:leather_helmet":3,"minecraft:spruce_trapdoor":12,"minecraft:spruce_sapling":330,"minecraft:green_carpet":15,"minecraft:blue_carpet":57,"minecraft:pink_bed":24,"minecraft:potion":67,"minecraft:purple_bed":3,"minecraft:cooked_porkchop":81,"minecraft:warped_fence_gate":4,"minecraft:diamond_leggings":9,"minecraft:bone_block":21,"minecraft:polished_basalt":1,"minecraft:nether_wart":868,"minecraft:soul_campfire":4,"minecraft:jungle_planks":10,"minecraft:pink_terracotta":3,"minecraft:obsidian":278,"minecraft:lantern":40,"minecraft:blue_orchid":2,"minecraft:polished_blackstone_brick_wall":6,"minecraft:warped_nylium":109,"minecraft:item_frame":133,"minecraft:deepslate_diamond_ore":265,"minecraft:golden_sword":1,"minecraft:written_book":3,"minecraft:blue_shulker_box":3,"minecraft:gold_block":38,"minecraft:end_rod":132,"minecraft:diamond_boots":9,"minecraft:dropper":2,"minecraft:wither_skeleton_skull":12,"minecraft:stone_pickaxe":3302,"minecraft:gray_carpet":73,"minecraft:oak_planks":10,"minecraft:prismarine_stairs":17,"minecraft:sandstone":39,"minecraft:diamond_axe":454,"minecraft:sugar_cane":11,"minecraft:white_wool":48,"minecraft:netherite_leggings":19,"minecraft:light_blue_concrete":486,"minecraft:light_blue_wool":10,"minecraft:yellow_concrete":1059,"minecraft:deepslate_lapis_ore":9,"minecraft:end_stone":915,"minecraft:bread":463,"minecraft:warped_slab":41,"minecraft:deepslate":2206,"minecraft:prismarine_wall":13,"minecraft:cooked_rabbit":10,"minecraft:chain":3,"minecraft:smooth_stone_slab":4,"minecraft:bone_meal":546,"minecraft:netherite_sword":6817,"minecraft:flint_and_steel":67,"minecraft:white_tulip":4,"minecraft:redstone":7,"minecraft:ender_chest":371,"minecraft:deepslate_gold_ore":18,"minecraft:stone_hoe":131,"minecraft:cooked_chicken":103,"minecraft:dirt":3013,"minecraft:prismarine_bricks":1623,"minecraft:spruce_fence":6,"minecraft:iron_hoe":813,"minecraft:wooden_axe":24,"minecraft:brown_terracotta":11,"minecraft:iron_boots":10,"minecraft:black_stained_glass":1620,"minecraft:soul_soil":1,"minecraft:lime_stained_glass":982,"minecraft:netherite_pickaxe":141899,"minecraft:cooked_beef":593,"minecraft:powder_snow_bucket":4,"minecraft:pumpkin":4,"minecraft:light_gray_bed":1,"minecraft:iron_leggings":8,"minecraft:cobbled_deepslate_wall":2,"minecraft:lodestone":1,"minecraft:snow_block":7,"minecraft:red_nether_bricks":32,"minecraft:baked_potato":1407,"minecraft:birch_boat":17,"minecraft:purple_glazed_terracotta":57,"minecraft:brown_mushroom":13,"minecraft:spruce_sign":119,"minecraft:green_bed":2,"minecraft:rabbit_spawn_egg":1,"minecraft:magenta_bed":45,"minecraft:red_mushroom":5,"minecraft:magenta_carpet":1429,"minecraft:warped_planks":365,"minecraft:gray_terracotta":660,"minecraft:piston":12,"minecraft:flower_pot":5,"minecraft:black_wool":58,"minecraft:lapis_ore":1,"minecraft:stone_slab":7808,"minecraft:golden_leggings":1,"minecraft:stone_axe":215,"minecraft:end_crystal":1,"minecraft:lapis_block":1,"minecraft:pink_shulker_box":10,"minecraft:gray_wool":82,"minecraft:sculk_catalyst":1,"minecraft:spruce_slab":60,"minecraft:polished_blackstone":3,"minecraft:elytra":14,"minecraft:ladder":80,"minecraft:chest":278,"minecraft:white_shulker_box":88,"minecraft:allium":1,"minecraft:stripped_spruce_log":1,"minecraft:netherite_shovel":14160,"minecraft:warped_hyphae":84,"minecraft:grass_block":2215,"minecraft:birch_sapling":19,"minecraft:orange_shulker_box":70,"minecraft:wet_sponge":46,"minecraft:pink_wool":44,"minecraft:stone_brick_stairs":2,"minecraft:snow":4088,"minecraft:dark_oak_boat":65,"minecraft:sweet_berries":497,"minecraft:furnace":42,"minecraft:egg":64,"minecraft:potato":770,"minecraft:brown_concrete_powder":82,"minecraft:magenta_shulker_box":2,"minecraft:diorite":54,"minecraft:end_stone_bricks":2,"minecraft:spruce_door":104,"minecraft:red_stained_glass":2,"minecraft:purpur_pillar":72,"minecraft:oak_leaves":64,"minecraft:dark_oak_trapdoor":1,"minecraft:blue_dye":1,"minecraft:purpur_stairs":3,"minecraft:sand":200,"minecraft:blue_ice":47,"minecraft:black_concrete_powder":2197,"minecraft:deepslate_tiles":3,"minecraft:crying_obsidian":53,"minecraft:stone_button":3,"minecraft:cyan_carpet":193,"minecraft:lectern":2,"minecraft:spore_blossom":7,"minecraft:diamond_ore":15,"minecraft:soul_lantern":8,"minecraft:lilac":23,"minecraft:magenta_stained_glass_pane":257,"minecraft:dark_oak_fence":22,"minecraft:white_stained_glass":1,"minecraft:pink_stained_glass":95,"minecraft:ice":125,"minecraft:stone_sword":2,"minecraft:red_concrete":126,"minecraft:mycelium":49,"minecraft:netherrack":12381,"minecraft:orange_bed":13,"minecraft:light_gray_shulker_box":8,"minecraft:warped_wart_block":68,"minecraft:anvil":16,"minecraft:ancient_debris":1,"minecraft:blue_concrete":986,"minecraft:nether_brick_stairs":7,"minecraft:red_shulker_box":42,"minecraft:iron_axe":1153,"minecraft:rooted_dirt":14,"minecraft:slime_block":3,"minecraft:spruce_button":6,"minecraft:warped_fence":33,"minecraft:pink_stained_glass_pane":2,"minecraft:totem_of_undying":1,"minecraft:prismarine_slab":810,"minecraft:smooth_basalt":78,"minecraft:purple_concrete":30,"minecraft:magenta_wool":45,"minecraft:cobbled_deepslate":422,"minecraft:magenta_dye":1,"minecraft:crimson_stem":76,"minecraft:water_bucket":2438,"minecraft:yellow_shulker_box":12,"minecraft:red_mushroom_block":3,"minecraft:polished_blackstone_bricks":492,"minecraft:gilded_blackstone":6,"minecraft:salmon":3,"minecraft:pink_concrete":2,"minecraft:vine":28,"minecraft:tnt":3,"minecraft:crafting_table":88,"minecraft:birch_sign":3,"minecraft:cod":1,"minecraft:lime_shulker_box":28,"minecraft:oak_log":48,"minecraft:dark_prismarine":93,"minecraft:cornflower":9,"minecraft:iron_pickaxe":4700,"minecraft:purpur_slab":2,"minecraft:crimson_nylium":70,"minecraft:cobblestone":6070,"minecraft:sandstone_slab":5,"minecraft:glass_pane":322,"minecraft:jukebox":4,"minecraft:light_blue_stained_glass_pane":109,"minecraft:iron_shovel":994,"minecraft:oak_sign":5,"minecraft:white_concrete_powder":7,"minecraft:shield":241,"minecraft:white_terracotta":81,"minecraft:iron_sword":1193,"minecraft:purple_shulker_box":63,"minecraft:player_head":130,"minecraft:iron_chestplate":10,"minecraft:nether_bricks":64,"minecraft:prismarine_brick_stairs":466,"minecraft:carrot":957,"minecraft:tuff":461,"minecraft:cyan_wool":13,"minecraft:axolotl_bucket":3,"minecraft:milk_bucket":15,"minecraft:glass":1630,"minecraft:quartz_slab":371,"minecraft:iron_helmet":11,"minecraft:gray_concrete_powder":4347,"minecraft:stone_bricks":4951,"minecraft:red_carpet":39,"minecraft:magma_block":67,"minecraft:hay_block":1,"minecraft:scaffolding":879,"minecraft:golden_boots":2,"minecraft:chiseled_polished_blackstone":2,"minecraft:dark_oak_sign":3,"minecraft:ender_pearl":441,"minecraft:blue_bed":4,"minecraft:black_banner":25,"minecraft:light_gray_terracotta":200,"minecraft:deepslate_redstone_ore":175,"minecraft:sponge":577,"minecraft:note_block":2,"minecraft:dripstone_block":2,"minecraft:stone_brick_wall":4,"minecraft:shears":668,"minecraft:black_concrete":1405,"minecraft:firework_rocket":2457,"minecraft:gray_shulker_box":29,"minecraft:lime_carpet":82,"minecraft:cyan_bed":5,"minecraft:melon_slice":10,"minecraft:string":2,"minecraft:gravel":346,"minecraft:golden_helmet":9,"minecraft:blackstone_slab":1612,"minecraft:grindstone":3,"minecraft:andesite":459,"minecraft:white_concrete":1,"minecraft:warped_button":24,"minecraft:cobweb":2,"minecraft:experience_bottle":1,"minecraft:azalea":2,"minecraft:oak_fence":1,"minecraft:purpur_block":75,"minecraft:trident":2236,"minecraft:jungle_leaves":3,"minecraft:music_disc_otherside":1,"minecraft:redstone_ore":20,"minecraft:stone_shovel":655,"minecraft:light_blue_terracotta":71,"minecraft:spruce_planks":391,"minecraft:sculk":3,"minecraft:spyglass":6,"minecraft:white_carpet":1155,"minecraft:spruce_stairs":1,"minecraft:diamond_helmet":14,"minecraft:warped_door":6,"minecraft:shulker_box":528,"minecraft:raw_iron_block":1,"minecraft:pink_dye":3,"minecraft:pink_carpet":2397,"minecraft:granite":42,"minecraft:light_blue_stained_glass":593,"minecraft:purple_stained_glass_pane":2,"minecraft:stone_brick_slab":115,"minecraft:dark_oak_planks":5,"minecraft:bookshelf":32,"minecraft:yellow_stained_glass":976,"minecraft:crimson_planks":176,"minecraft:light_gray_wool":73,"minecraft:golden_carrot":1331,"minecraft:white_stained_glass_pane":1,"minecraft:cooked_mutton":58,"minecraft:amethyst_block":116,"minecraft:glass_bottle":226,"minecraft:netherite_chestplate":6,"minecraft:blue_wool":195,"minecraft:black_shulker_box":17,"minecraft:magenta_stained_glass":91,"minecraft:white_dye":30,"minecraft:beacon":3,"minecraft:stonecutter":7,"minecraft:cobblestone_slab":7,"minecraft:terracotta":1,"minecraft:smoker":8,"minecraft:nether_gold_ore":2,"minecraft:purple_stained_glass":653,"minecraft:apple":4,"minecraft:cracked_polished_blackstone_bricks":106,"minecraft:netherite_axe":2919,"minecraft:map":58,"minecraft:green_shulker_box":2,"minecraft:fishing_rod":64,"minecraft:white_banner":1,"minecraft:jungle_door":31,"minecraft:bucket":2525,"minecraft:yellow_bed":1,"minecraft:polished_blackstone_button":17,"minecraft:purple_carpet":1,"minecraft:splash_potion":31,"minecraft:smooth_stone":15},"minecraft:killed":{"minecraft:cod":6,"minecraft:guardian":150,"minecraft:elder_guardian":31,"minecraft:salmon":28,"minecraft:pillager":14,"minecraft:zombie":315,"minecraft:vindicator":1,"minecraft:endermite":7,"minecraft:snow_golem":2,"minecraft:rabbit":9,"minecraft:polar_bear":1,"minecraft:zombified_piglin":107,"minecraft:witch":9,"minecraft:spider":108,"minecraft:wither":1,"minecraft:piglin_brute":45,"minecraft:piglin":120,"minecraft:zombie_villager":5,"minecraft:sheep":46,"minecraft:ghast":40,"minecraft:vex":2,"minecraft:slime":579,"minecraft:drowned":9,"minecraft:hoglin":16,"minecraft:squid":100,"minecraft:wither_skeleton":188,"minecraft:cave_spider":226,"minecraft:shulker":292,"minecraft:skeleton":307,"minecraft:chicken":68,"minecraft:magma_cube":425,"minecraft:glow_squid":49,"minecraft:cow":284,"minecraft:wandering_trader":2,"minecraft:enderman":531,"minecraft:pig":5,"minecraft:creeper":147,"minecraft:blaze":208,"minecraft:phantom":80,"minecraft:bat":5},"minecraft:custom":{"minecraft:interact_with_crafting_table":787,"minecraft:damage_blocked_by_shield":15859,"minecraft:play_time":19180206,"minecraft:deaths":91,"minecraft:jump":340090,"minecraft:play_record":3,"minecraft:interact_with_smoker":323,"minecraft:inspect_dispenser":3,"minecraft:horse_one_cm":146207,"minecraft:inspect_dropper":46,"minecraft:interact_with_anvil":109,"minecraft:inspect_hopper":113,"minecraft:tune_noteblock":123,"minecraft:time_since_rest":59977,"minecraft:swim_one_cm":12492364,"minecraft:open_chest":10631,"minecraft:open_shulker_box":4015,"minecraft:damage_resisted":2728,"minecraft:play_noteblock":366,"minecraft:talked_to_villager":118,"minecraft:interact_with_brewingstand":1345,"minecraft:interact_with_beacon":17,"minecraft:boat_one_cm":16161703,"minecraft:damage_taken":179820,"minecraft:aviate_one_cm":128648747,"minecraft:open_barrel":1546,"minecraft:bell_ring":38,"minecraft:eat_cake_slice":8,"minecraft:leave_game":439,"minecraft:time_since_death":650941,"minecraft:enchant_item":5,"minecraft:interact_with_furnace":1125,"minecraft:traded_with_villager":112,"minecraft:sleep_in_bed":224,"minecraft:damage_dealt":562908,"minecraft:interact_with_smithing_table":14,"minecraft:damage_dealt_absorbed":79,"minecraft:target_hit":2,"minecraft:sneak_time":1215754,"minecraft:interact_with_lectern":48,"minecraft:interact_with_blast_furnace":40,"minecraft:total_world_time":19180206,"minecraft:interact_with_stonecutter":84,"minecraft:fly_one_cm":89330118,"minecraft:fall_one_cm":9515840,"minecraft:animals_bred":173,"minecraft:sprint_one_cm":71080782,"minecraft:drop":4222,"minecraft:walk_on_water_one_cm":2068557,"minecraft:open_enderchest":1743,"minecraft:player_kills":49,"minecraft:crouch_one_cm":4374458,"minecraft:mob_kills":17790,"minecraft:climb_one_cm":2097758,"minecraft:walk_one_cm":20993840,"minecraft:walk_under_water_one_cm":3131506,"minecraft:raid_trigger":1,"minecraft:pot_flower":7,"minecraft:interact_with_grindstone":2,"minecraft:minecart_one_cm":910,"minecraft:pig_one_cm":254},"minecraft:mined":{"minecraft:blue_carpet":2,"minecraft:dragon_wall_head":14,"minecraft:red_shulker_box":42,"minecraft:white_bed":10,"minecraft:pink_bed":4,"minecraft:red_nether_bricks":22,"minecraft:granite":1744,"minecraft:blue_wool":62,"minecraft:nether_wart":773,"minecraft:spawner":15,"minecraft:chorus_flower":11,"minecraft:polished_blackstone_bricks":543,"minecraft:magma_block":407,"minecraft:dark_oak_trapdoor":1,"minecraft:cobbled_deepslate":90,"minecraft:barrel":21,"minecraft:fire":1722,"minecraft:deepslate_lapis_ore":87,"minecraft:nether_brick_stairs":10,"minecraft:twisting_vines":2,"minecraft:potted_dandelion":3,"minecraft:pink_tulip":1,"minecraft:white_shulker_box":88,"minecraft:player_head":20,"minecraft:tripwire":1,"minecraft:sandstone_slab":5,"minecraft:magenta_carpet":65,"minecraft:kelp_plant":9,"minecraft:smoker":1,"minecraft:crimson_nylium":154,"minecraft:powder_snow":16,"minecraft:torch":51,"minecraft:note_block":1,"minecraft:dead_bush":5,"minecraft:spruce_wall_sign":50,"minecraft:lime_shulker_box":28,"minecraft:sugar_cane":521,"minecraft:amethyst_block":944,"minecraft:white_terracotta":37,"minecraft:chain":2,"minecraft:tinted_glass":2,"minecraft:magenta_bed":3,"minecraft:jukebox":2,"minecraft:grass":377,"minecraft:smooth_basalt":541,"minecraft:deepslate":30026,"minecraft:purple_glazed_terracotta":32,"minecraft:deepslate_tiles":29,"minecraft:dark_prismarine":379,"minecraft:light_blue_wool":7,"minecraft:mossy_cobblestone":1,"minecraft:dark_oak_log":284,"minecraft:sea_lantern":1277,"minecraft:end_stone":959,"minecraft:dark_oak_fence":2,"minecraft:spruce_fence":24,"minecraft:redstone_wire":7,"minecraft:white_concrete_powder":1,"minecraft:magenta_stained_glass_pane":32,"minecraft:redstone_ore":51,"minecraft:pink_concrete":2,"minecraft:andesite":2512,"minecraft:big_dripleaf_stem":1,"minecraft:vine":45,"minecraft:cobblestone_slab":7,"minecraft:bone_block":206,"minecraft:ender_chest":374,"minecraft:potted_allium":4,"minecraft:glass_pane":323,"minecraft:soul_sand":355,"minecraft:dandelion":1,"minecraft:polished_blackstone_brick_wall":4,"minecraft:cornflower":19,"minecraft:prismarine_slab":74,"minecraft:warped_roots":38,"minecraft:potted_oxeye_daisy":4,"minecraft:purpur_pillar":179,"minecraft:tall_grass":38,"minecraft:copper_ore":214,"minecraft:deepslate_gold_ore":147,"minecraft:diorite":3226,"minecraft:warped_wart_block":28,"minecraft:black_stained_glass":16,"minecraft:cobblestone_wall":52,"minecraft:purple_concrete":42,"minecraft:gravel":1392,"minecraft:cobweb":209,"minecraft:brown_terracotta":1,"minecraft:birch_sign":2,"minecraft:polished_blackstone":1,"minecraft:stone_bricks":511,"minecraft:chipped_anvil":5,"minecraft:gold_ore":9,"minecraft:fern":7,"minecraft:prismarine_wall":1,"minecraft:farmland":62,"minecraft:mossy_stone_brick_slab":1,"minecraft:warped_fence_gate":4,"minecraft:brewing_stand":66,"minecraft:spruce_trapdoor":3,"minecraft:budding_amethyst":60,"minecraft:cracked_polished_blackstone_bricks":243,"minecraft:white_concrete":1,"minecraft:polished_diorite":5,"minecraft:polished_blackstone_brick_slab":19,"minecraft:gilded_blackstone":64,"minecraft:pointed_dripstone":11,"minecraft:iron_bars":16,"minecraft:azalea":20,"minecraft:spruce_slab":36,"minecraft:deepslate_redstone_ore":508,"minecraft:gray_terracotta":26,"minecraft:polished_blackstone_wall":5,"minecraft:jungle_door":31,"minecraft:quartz_block":643,"minecraft:magenta_wall_banner":8,"minecraft:orange_terracotta":3,"minecraft:purpur_stairs":20,"minecraft:light_gray_terracotta":31,"minecraft:beacon":5,"minecraft:nether_quartz_ore":2973,"minecraft:oak_planks":1,"minecraft:wall_torch":7,"minecraft:light_blue_terracotta":7,"minecraft:warped_nylium":53,"minecraft:warped_planks":176,"minecraft:blue_ice":746,"minecraft:tnt":3,"minecraft:oak_log":441,"minecraft:dirt":3516,"minecraft:prismarine_stairs":9,"minecraft:ancient_debris":129,"minecraft:crying_obsidian":52,"minecraft:pink_carpet":106,"minecraft:quartz_stairs":146,"minecraft:dark_oak_leaves":12,"minecraft:red_stained_glass":125,"minecraft:ladder":29,"minecraft:glow_lichen":6,"minecraft:stone_button":1,"minecraft:brown_mushroom_block":15,"minecraft:birch_slab":14,"minecraft:spruce_leaves":750,"minecraft:crimson_stem":42,"minecraft:hay_block":19,"minecraft:nether_sprouts":4,"minecraft:polished_basalt":11,"minecraft:light_gray_shulker_box":8,"minecraft:peony":72,"minecraft:gold_block":284,"minecraft:nether_brick_fence":3,"minecraft:bookshelf":18,"minecraft:shroomlight":32,"minecraft:deepslate_iron_ore":148,"minecraft:stripped_oak_log":12,"minecraft:wet_sponge":778,"minecraft:pink_terracotta":1,"minecraft:acacia_leaves":9,"minecraft:scaffolding":525,"minecraft:magenta_stained_glass":18,"minecraft:snow_block":563,"minecraft:basalt":5506,"minecraft:warped_fence":5,"minecraft:lime_carpet":2,"minecraft:stone_slab":151,"minecraft:deepslate_coal_ore":3,"minecraft:red_concrete":2,"minecraft:polished_blackstone_brick_stairs":10,"minecraft:prismarine_bricks":6284,"minecraft:ice":678,"minecraft:warped_hyphae":2,"minecraft:black_wool":6,"minecraft:cocoa":5,"minecraft:cyan_carpet":2,"minecraft:yellow_concrete":4,"minecraft:cracked_stone_bricks":1,"minecraft:purple_shulker_box":61,"minecraft:mossy_stone_bricks":2,"minecraft:dark_oak_planks":7,"minecraft:dark_prismarine_stairs":7,"minecraft:light_blue_concrete":2,"minecraft:jungle_leaves":15,"minecraft:warped_stairs":6,"minecraft:carved_pumpkin":2,"minecraft:obsidian":693,"minecraft:red_sand":611,"minecraft:chiseled_polished_blackstone":8,"minecraft:stone_brick_wall":5,"minecraft:jungle_log":27,"minecraft:pink_stained_glass":13,"minecraft:deepslate_bricks":4,"minecraft:lime_stained_glass":10,"minecraft:purpur_slab":19,"minecraft:crimson_fungus":3,"minecraft:light_blue_stained_glass":8,"minecraft:weeping_vines_plant":101,"minecraft:tall_seagrass":12,"minecraft:sticky_piston":4,"minecraft:moss_carpet":10,"minecraft:cave_vines":26,"minecraft:oak_sign":4,"minecraft:water_cauldron":1,"minecraft:dirt_path":9,"minecraft:quartz_slab":107,"minecraft:small_amethyst_bud":2,"minecraft:iron_block":73,"minecraft:blue_orchid":1,"minecraft:brown_mushroom":19,"minecraft:player_wall_head":9,"minecraft:soul_fire":85,"minecraft:amethyst_cluster":24,"minecraft:blue_stained_glass":2,"minecraft:glass":475,"minecraft:cyan_bed":5,"minecraft:spruce_sign":16,"minecraft:cyan_wool":1,"minecraft:black_concrete_powder":5,"minecraft:wheat":1384,"minecraft:lilac":43,"minecraft:lime_concrete":9,"minecraft:warped_fungus":12,"minecraft:potted_poppy":3,"minecraft:stone_brick_stairs":3,"minecraft:prismarine_brick_stairs":144,"minecraft:purple_concrete_powder":97,"minecraft:blue_shulker_box":2,"minecraft:red_mushroom_block":3,"minecraft:stonecutter":4,"minecraft:yellow_stained_glass":4,"minecraft:piston":7,"minecraft:infested_deepslate":18,"minecraft:yellow_terracotta":2,"minecraft:light_blue_stained_glass_pane":84,"minecraft:pink_shulker_box":10,"minecraft:blue_stained_glass_pane":4,"minecraft:warped_door":6,"minecraft:shulker_box":478,"minecraft:nether_bricks":382,"minecraft:jungle_planks":3,"minecraft:crimson_roots":8,"minecraft:orange_shulker_box":70,"minecraft:lime_wool":16,"minecraft:moss_block":132,"minecraft:kelp":3,"minecraft:pink_wool":15,"minecraft:polished_blackstone_button":19,"minecraft:snow":3131,"minecraft:diamond_block":8,"minecraft:warped_wall_sign":2,"minecraft:potatoes":619,"minecraft:warped_stem":398,"minecraft:warped_trapdoor":7,"minecraft:bamboo":5,"minecraft:white_wool":54,"minecraft:cake":123,"minecraft:light_gray_carpet":1,"minecraft:stone_brick_slab":107,"minecraft:cobbled_deepslate_wall":2,"minecraft:emerald_ore":8,"minecraft:sponge":60,"minecraft:dropper":2,"minecraft:cracked_deepslate_bricks":3,"minecraft:big_dripleaf":8,"minecraft:purple_bed":4,"minecraft:purple_stained_glass":22,"minecraft:white_carpet":145,"minecraft:spruce_log":2101,"minecraft:birch_leaves":9,"minecraft:quartz_pillar":191,"minecraft:mycelium":91,"minecraft:pink_stained_glass_pane":1,"minecraft:dripstone_block":7,"minecraft:black_shulker_box":17,"minecraft:spruce_planks":89,"minecraft:cobbled_deepslate_stairs":10,"minecraft:sculk_vein":3,"minecraft:potted_blue_orchid":1,"minecraft:cave_vines_plant":17,"minecraft:grass_block":2182,"minecraft:blue_concrete":13,"minecraft:purple_stained_glass_pane":1,"minecraft:soul_soil":29,"minecraft:warped_sign":1,"minecraft:raw_iron_block":5,"minecraft:glowstone":43,"minecraft:iron_ore":208,"minecraft:black_carpet":80,"minecraft:anvil":9,"minecraft:purple_carpet":1,"minecraft:end_stone_bricks":129,"minecraft:blackstone":722,"minecraft:twisting_vines_plant":22,"minecraft:clay":58,"minecraft:calcite":516,"minecraft:poppy":8,"minecraft:chest":105,"minecraft:mushroom_stem":15,"minecraft:cobblestone":1250,"minecraft:slime_block":7,"minecraft:grindstone":2,"minecraft:prismarine":3045,"minecraft:deepslate_copper_ore":8,"minecraft:magenta_shulker_box":2,"minecraft:seagrass":2,"minecraft:brown_concrete_powder":34,"minecraft:lapis_block":1,"minecraft:birch_log":55,"minecraft:dark_oak_door":7,"minecraft:nether_wart_block":7,"minecraft:light_gray_wool":18,"minecraft:purpur_block":428,"minecraft:sand":11329,"minecraft:crimson_planks":3,"minecraft:potted_red_tulip":3,"minecraft:netherrack":38774,"minecraft:magenta_wool":12,"minecraft:oak_leaves":750,"minecraft:nether_gold_ore":87,"minecraft:diamond_ore":31,"minecraft:tuff":2911,"minecraft:red_carpet":39,"minecraft:deepslate_diamond_ore":560,"minecraft:gray_shulker_box":33,"minecraft:black_banner":25,"minecraft:weeping_vines":89,"minecraft:white_stained_glass":2,"minecraft:sandstone":12857,"minecraft:rooted_dirt":10,"minecraft:large_fern":3,"minecraft:spore_blossom":19,"minecraft:diorite_slab":6,"minecraft:furnace":27,"minecraft:spruce_sapling":26,"minecraft:carrots":678,"minecraft:black_concrete":2245,"minecraft:stripped_spruce_log":3,"minecraft:bell":14,"minecraft:polished_deepslate":1,"minecraft:lantern":14,"minecraft:packed_ice":11160,"minecraft:chorus_plant":364,"minecraft:stone":26321,"minecraft:yellow_shulker_box":12,"minecraft:podzol":1,"minecraft:flowering_azalea":32,"minecraft:light_blue_shulker_box":3,"minecraft:spruce_door":97,"minecraft:crafting_table":75,"minecraft:blackstone_slab":26,"minecraft:light_gray_wall_banner":3,"minecraft:sculk_sensor":7,"minecraft:lectern":1,"minecraft:lapis_ore":40,"minecraft:lily_pad":8,"minecraft:sculk":28,"minecraft:blue_bed":5,"minecraft:spruce_stairs":2,"minecraft:gray_wool":84,"minecraft:cactus":25,"minecraft:gray_concrete_powder":87,"minecraft:green_shulker_box":2,"minecraft:sweet_berry_bush":44,"minecraft:yellow_bed":1,"minecraft:potted_azure_bluet":3,"minecraft:coal_ore":337,"minecraft:end_rod":84,"minecraft:terracotta":4,"minecraft:potted_white_tulip":1,"minecraft:warped_slab":10},"minecraft:killed_by":{"minecraft:warden":10,"minecraft:rabbit":3,"minecraft:elder_guardian":4,"minecraft:skeleton":3,"minecraft:piglin_brute":1,"minecraft:vindicator":1,"minecraft:guardian":7,"minecraft:creeper":5,"minecraft:piglin":2,"minecraft:player":21,"minecraft:phantom":2},"minecraft:dropped":{"minecraft:iron_sword":2,"minecraft:lapis_lazuli":6,"minecraft:glass_bottle":30,"minecraft:diamond":406,"minecraft:crafting_table":3,"minecraft:cooked_porkchop":5,"minecraft:glow_berries":3,"minecraft:warped_roots":1,"minecraft:quartz_pillar":1,"minecraft:gold_block":48,"minecraft:emerald":49,"minecraft:dark_oak_fence":6,"minecraft:netherite_boots":5,"minecraft:writable_book":1,"minecraft:gold_nugget":490,"minecraft:sand":117,"minecraft:purple_wool":12,"minecraft:dark_oak_planks":21,"minecraft:white_wool":72,"minecraft:stone_axe":2,"minecraft:ancient_debris":4,"minecraft:diamond_block":22,"minecraft:iron_nugget":306,"minecraft:cooked_chicken":48,"minecraft:cobbled_deepslate":155,"minecraft:black_carpet":236,"minecraft:netherite_sword":13,"minecraft:wheat":75,"minecraft:obsidian":23,"minecraft:rotten_flesh":974,"minecraft:oak_planks":33,"minecraft:pink_carpet":192,"minecraft:glowstone_dust":4,"minecraft:nether_brick_fence":3,"minecraft:blue_stained_glass":1,"minecraft:coal_ore":1,"minecraft:leather_boots":1,"minecraft:leather_leggings":4,"minecraft:red_nether_bricks":3,"minecraft:golden_boots":9,"minecraft:wheat_seeds":125,"minecraft:deepslate_redstone_ore":10,"minecraft:dripstone_block":2,"minecraft:netherite_chestplate":4,"minecraft:book":3,"minecraft:prismarine_crystals":12,"minecraft:gray_wool":2,"minecraft:ink_sac":154,"minecraft:wooden_axe":1,"minecraft:potion":58,"minecraft:white_banner":2,"minecraft:jungle_boat":1,"minecraft:stone_brick_slab":140,"minecraft:snow_block":18,"minecraft:soul_soil":26,"minecraft:player_head":53,"minecraft:white_carpet":265,"minecraft:clay_ball":12,"minecraft:iron_boots":15,"minecraft:name_tag":2,"minecraft:white_terracotta":128,"minecraft:white_shulker_box":2,"minecraft:oak_sign":1,"minecraft:shears":7,"minecraft:diamond_sword":11,"minecraft:cyan_wool":35,"minecraft:spruce_boat":8,"minecraft:peony":1,"minecraft:spruce_trapdoor":1,"minecraft:spruce_planks":12,"minecraft:diamond_pickaxe":8,"minecraft:pink_shulker_box":2,"minecraft:redstone_torch":1,"minecraft:stone_bricks":259,"minecraft:sandstone":67,"minecraft:bow":27,"minecraft:magma_block":12,"minecraft:terracotta":5,"minecraft:soul_sand":326,"minecraft:moss_block":12,"minecraft:large_amethyst_bud":1,"minecraft:ender_pearl":99,"minecraft:golden_pickaxe":1,"minecraft:purple_glazed_terracotta":96,"minecraft:nether_star":1,"minecraft:leather":66,"minecraft:jungle_planks":1,"minecraft:red_wool":8,"minecraft:black_banner":1,"minecraft:birch_slab":4,"minecraft:cod":3,"minecraft:cracked_polished_blackstone_bricks":62,"minecraft:packed_ice":1029,"minecraft:ice":51,"minecraft:snowball":32,"minecraft:black_shulker_box":1,"minecraft:wet_sponge":6,"minecraft:gold_ingot":1284,"minecraft:chiseled_polished_blackstone":1,"minecraft:pink_terracotta":2,"minecraft:cooked_mutton":5,"minecraft:mycelium":1,"minecraft:leather_chestplate":3,"minecraft:trident":9,"minecraft:iron_ore":11,"minecraft:iron_bars":10,"minecraft:scaffolding":57,"minecraft:magenta_wool":16,"minecraft:splash_potion":4,"minecraft:bread":93,"minecraft:golden_helmet":7,"minecraft:lilac":1,"minecraft:netherite_axe":3,"minecraft:spruce_stairs":1,"minecraft:iron_block":87,"minecraft:milk_bucket":7,"minecraft:light_blue_wool":12,"minecraft:nether_wart_block":2,"minecraft:fire_charge":138,"minecraft:polished_basalt":45,"minecraft:kelp":44,"minecraft:sweet_berries":164,"minecraft:totem_of_undying":2,"minecraft:shulker_box":24,"minecraft:netherite_leggings":5,"minecraft:flint_and_steel":8,"minecraft:copper_ore":3,"minecraft:andesite":198,"minecraft:golden_leggings":8,"minecraft:oak_sapling":3,"minecraft:spruce_log":64,"minecraft:wooden_pickaxe":3,"minecraft:magma_cream":20,"minecraft:clay":2,"minecraft:cooked_beef":180,"minecraft:emerald_ore":1,"minecraft:crossbow":3,"minecraft:elytra":11,"minecraft:leather_helmet":5,"minecraft:red_carpet":141,"minecraft:item_frame":6,"minecraft:dirt":187,"minecraft:red_shulker_box":1,"minecraft:chain":3,"minecraft:bone_block":6,"minecraft:phantom_membrane":14,"minecraft:bone_meal":128,"minecraft:iron_pickaxe":4,"minecraft:end_crystal":1,"minecraft:bone":248,"minecraft:green_wool":15,"minecraft:emerald_block":1,"minecraft:sugar_cane":16,"minecraft:golden_chestplate":10,"minecraft:nether_brick":243,"minecraft:blue_wool":9,"minecraft:netherite_shovel":2,"minecraft:salmon":1,"minecraft:deepslate_tiles":1,"minecraft:deepslate_copper_ore":5,"minecraft:ladder":13,"minecraft:white_dye":1,"minecraft:spruce_slab":6,"minecraft:crying_obsidian":1,"minecraft:ghast_tear":3,"minecraft:enchanted_book":4,"minecraft:iron_ingot":20,"minecraft:netherite_pickaxe":14,"minecraft:birch_leaves":6,"minecraft:polished_blackstone":1,"minecraft:deepslate_diamond_ore":2,"minecraft:netherite_helmet":3,"minecraft:feather":4,"minecraft:iron_helmet":3,"minecraft:cobblestone":1465,"minecraft:granite":131,"minecraft:music_disc_pigstep":1,"minecraft:polished_blackstone_button":8,"minecraft:coal":6,"minecraft:polished_blackstone_stairs":6,"minecraft:pufferfish":1,"minecraft:golden_carrot":454,"minecraft:sponge":3,"minecraft:diamond_helmet":6,"minecraft:paper":51,"minecraft:string":236,"minecraft:iron_shovel":2,"minecraft:spruce_sapling":5,"minecraft:furnace":1,"minecraft:moss_carpet":12,"minecraft:netherite_ingot":18,"minecraft:stone_sword":12,"minecraft:cobblestone_wall":32,"minecraft:deepslate":11340,"minecraft:chicken":1,"minecraft:slime_block":94,"minecraft:stone_slab":1,"minecraft:orange_wool":9,"minecraft:nether_bricks":11,"minecraft:pumpkin_seeds":2,"minecraft:purple_stained_glass":128,"minecraft:big_dripleaf":2,"minecraft:potato":13,"minecraft:stone":618,"minecraft:spider_eye":37,"minecraft:bell":1,"minecraft:dark_prismarine":8,"minecraft:black_wool":6,"minecraft:quartz_slab":1,"minecraft:spruce_sign":4,"minecraft:crimson_nylium":7,"minecraft:brown_mushroom":1,"minecraft:diamond_axe":4,"minecraft:baked_potato":133,"minecraft:lantern":25,"minecraft:flint":17,"minecraft:spruce_leaves":7,"minecraft:deepslate_gold_ore":43,"minecraft:polished_blackstone_brick_stairs":3,"minecraft:cornflower":1,"minecraft:crimson_roots":2,"minecraft:cooked_cod":63,"minecraft:amethyst_shard":5,"minecraft:polished_blackstone_bricks":45,"minecraft:birch_log":53,"minecraft:gravel":624,"minecraft:white_tulip":1,"minecraft:blackstone":452,"minecraft:yellow_wool":12,"minecraft:lime_wool":15,"minecraft:diamond_shovel":2,"minecraft:carrot":149,"minecraft:chainmail_chestplate":2,"minecraft:poppy":8,"minecraft:shulker_shell":89,"minecraft:gunpowder":89,"minecraft:azalea":2,"minecraft:chainmail_boots":1,"minecraft:chest":83,"minecraft:blackstone_slab":129,"minecraft:basalt":205,"minecraft:arrow":487,"minecraft:prismarine_bricks":119,"minecraft:quartz":122,"minecraft:written_book":1,"minecraft:netherrack":12449,"minecraft:firework_rocket":287,"minecraft:water_bucket":2,"minecraft:oak_slab":7,"minecraft:deepslate_iron_ore":14,"minecraft:minecart":1,"minecraft:diamond_leggings":7,"minecraft:prismarine_shard":8,"minecraft:spectral_arrow":15,"minecraft:grass_block":4,"minecraft:stick":97,"minecraft:magenta_bed":1,"minecraft:blue_dye":1,"minecraft:diorite":65,"minecraft:nether_gold_ore":11,"minecraft:torch":5,"minecraft:iron_leggings":4,"minecraft:flowering_azalea":3,"minecraft:iron_axe":2,"minecraft:bucket":6,"minecraft:dandelion":1,"minecraft:smooth_basalt":138,"minecraft:redstone":10,"minecraft:warped_nylium":7,"minecraft:ender_chest":7,"minecraft:blaze_rod":3,"minecraft:nether_wart":95,"minecraft:tuff":1005,"minecraft:raw_iron":25,"minecraft:light_gray_wool":12,"minecraft:iron_hoe":1,"minecraft:filled_map":15,"minecraft:snow":7,"minecraft:shield":3,"minecraft:diamond_chestplate":5,"minecraft:orange_terracotta":3,"minecraft:iron_chestplate":4,"minecraft:quartz_stairs":1,"minecraft:purple_bed":1,"minecraft:pink_wool":20,"minecraft:blue_ice":32,"minecraft:oak_boat":4,"minecraft:golden_sword":1116,"minecraft:diamond_boots":7,"minecraft:slime_ball":128,"minecraft:beacon":4,"minecraft:purple_shulker_box":1,"minecraft:stone_pickaxe":2,"minecraft:nether_quartz_ore":43,"minecraft:calcite":3}},"DataVersion":3120}