{"stats":{"minecraft:used":{"minecraft:moss_block":59,"minecraft:writable_book":117,"minecraft:smooth_quartz_slab":16,"minecraft:stone":1703,"minecraft:rotten_flesh":126,"minecraft:soul_sand":30,"minecraft:deepslate_brick_slab":10,"minecraft:snowball":12,"minecraft:spruce_boat":35,"minecraft:jungle_sapling":1,"minecraft:packed_ice":179,"minecraft:lava_bucket":105,"minecraft:music_disc_pigstep":5,"minecraft:deepslate_copper_ore":3,"minecraft:quartz_block":16,"minecraft:netherite_hoe":18442,"minecraft:dark_oak_slab":2,"minecraft:netherite_boots":4,"minecraft:bow":1581,"minecraft:oak_sapling":2,"minecraft:cooked_cod":26,"minecraft:dark_prismarine_stairs":1,"minecraft:deepslate_brick_wall":38,"minecraft:mossy_stone_bricks":16,"minecraft:leather_leggings":2,"minecraft:chorus_fruit":7,"minecraft:prismarine":12,"minecraft:blackstone":432,"minecraft:wooden_pickaxe":5,"minecraft:clay":89,"minecraft:jungle_boat":12,"minecraft:golden_apple":5,"minecraft:glow_berries":99,"minecraft:deepslate_iron_ore":2,"minecraft:oak_pressure_plate":17,"minecraft:diamond_sword":2010,"minecraft:smithing_table":4,"minecraft:oak_boat":55,"minecraft:compass":1,"minecraft:oak_trapdoor":1,"minecraft:enchanting_table":5,"minecraft:armor_stand":1,"minecraft:light_gray_carpet":3,"minecraft:tinted_glass":3654,"minecraft:polished_blackstone_wall":21,"minecraft:cooked_salmon":3,"minecraft:torch":2061,"minecraft:brewing_stand":2,"minecraft:nether_quartz_ore":3,"minecraft:oak_fence_gate":1,"minecraft:sea_lantern":4639,"minecraft:chipped_anvil":5,"minecraft:iron_block":92,"minecraft:polished_deepslate_wall":43,"minecraft:jungle_log":169,"minecraft:barrel":26,"minecraft:bamboo":14,"minecraft:basalt":54,"minecraft:podzol":30,"minecraft:calcite":20,"minecraft:wheat_seeds":619,"minecraft:warped_stem":5,"minecraft:light_blue_shulker_box":47,"minecraft:cauldron":2,"minecraft:glow_ink_sac":17,"minecraft:leather_boots":1,"minecraft:deepslate_bricks":10,"minecraft:conduit":2,"minecraft:diamond_block":90,"minecraft:rail":104,"minecraft:white_bed":1,"minecraft:spruce_log":7,"minecraft:music_disc_strad":1,"minecraft:mushroom_stem":9,"minecraft:amethyst_cluster":35,"minecraft:yellow_dye":4,"minecraft:diamond_pickaxe":2175,"minecraft:warped_trapdoor":17,"minecraft:diamond_shovel":2976,"minecraft:acacia_sign":3,"minecraft:oak_button":16,"minecraft:suspicious_stew":3,"minecraft:leather_helmet":7,"minecraft:spruce_trapdoor":113,"minecraft:spruce_sapling":1,"minecraft:potion":30,"minecraft:cooked_porkchop":1003,"minecraft:green_stained_glass":11,"minecraft:moss_carpet":16,"minecraft:blue_terracotta":2,"minecraft:red_sand":1,"minecraft:polished_deepslate":5,"minecraft:nether_wart":27,"minecraft:mossy_stone_brick_slab":1,"minecraft:jungle_planks":49,"minecraft:music_disc_13":2,"minecraft:obsidian":483,"minecraft:lantern":1,"minecraft:polished_blackstone_brick_wall":14,"minecraft:warped_nylium":18,"minecraft:light_blue_bed":1,"minecraft:item_frame":3,"minecraft:deepslate_diamond_ore":1182,"minecraft:written_book":17,"minecraft:blue_shulker_box":21,"minecraft:gold_block":649,"minecraft:pink_concrete_powder":2,"minecraft:end_rod":71,"minecraft:diamond_boots":1,"minecraft:wither_skeleton_skull":7,"minecraft:stone_pickaxe":73,"minecraft:oak_planks":284,"minecraft:sandstone":17,"minecraft:diamond_axe":3875,"minecraft:sugar_cane":289,"minecraft:white_wool":4,"minecraft:netherite_leggings":7,"minecraft:light_blue_concrete":2,"minecraft:deepslate_lapis_ore":3,"minecraft:end_stone":123,"minecraft:sticky_piston":12,"minecraft:lever":5,"minecraft:bread":327,"minecraft:warped_slab":60,"minecraft:iron_door":10,"minecraft:deepslate":1181,"minecraft:light_blue_concrete_powder":2,"minecraft:pufferfish_bucket":1,"minecraft:smooth_stone_slab":2,"minecraft:bone_meal":530,"minecraft:netherite_sword":5803,"minecraft:rose_bush":1,"minecraft:flint_and_steel":63,"minecraft:white_tulip":3,"minecraft:redstone":42,"minecraft:dried_kelp":15,"minecraft:ender_chest":185,"minecraft:brown_shulker_box":32,"minecraft:cooked_chicken":2,"minecraft:dirt":8886,"minecraft:prismarine_bricks":7,"minecraft:bee_nest":4,"minecraft:iron_hoe":2,"minecraft:brown_terracotta":2,"minecraft:light_gray_stained_glass":31,"minecraft:crimson_slab":258,"minecraft:black_stained_glass":59,"minecraft:soul_soil":322,"minecraft:lime_stained_glass":8,"minecraft:deepslate_tile_stairs":30,"minecraft:netherite_pickaxe":82873,"minecraft:cooked_beef":391,"minecraft:turtle_egg":97,"minecraft:enchanted_golden_apple":1,"minecraft:cobbled_deepslate_wall":8,"minecraft:cobblestone_stairs":1,"minecraft:snow_block":1,"minecraft:lodestone":1,"minecraft:baked_potato":2,"minecraft:birch_boat":10,"minecraft:brown_mushroom":1,"minecraft:spruce_sign":2,"minecraft:warped_roots":5,"minecraft:music_disc_cat":1,"minecraft:red_mushroom":1,"minecraft:warped_planks":46,"minecraft:cyan_stained_glass":5,"minecraft:piston":14,"minecraft:flower_pot":1,"minecraft:chicken":1,"minecraft:lapis_ore":23,"minecraft:stone_slab":15,"minecraft:stone_axe":40,"minecraft:turtle_helmet":10,"minecraft:pink_shulker_box":18,"minecraft:wither_rose":1,"minecraft:gray_wool":1,"minecraft:peony":18,"minecraft:nether_brick_fence":5,"minecraft:spruce_slab":7,"minecraft:polished_blackstone":3,"minecraft:elytra":5,"minecraft:ladder":30,"minecraft:chest":170,"minecraft:white_shulker_box":41,"minecraft:blue_stained_glass":32,"minecraft:jungle_slab":87,"minecraft:acacia_sapling":1,"minecraft:netherite_shovel":107706,"minecraft:grass_block":2519,"minecraft:orange_shulker_box":29,"minecraft:copper_ore":135,"minecraft:wet_sponge":183,"minecraft:music_disc_stal":4,"minecraft:sweet_berries":73,"minecraft:furnace":14,"minecraft:egg":151,"minecraft:seagrass":1,"minecraft:magenta_shulker_box":20,"minecraft:diorite":171,"minecraft:spruce_door":17,"minecraft:red_stained_glass":397,"minecraft:powered_rail":11,"minecraft:smooth_quartz_stairs":40,"minecraft:purpur_stairs":1,"minecraft:sand":492,"minecraft:netherite_helmet":8,"minecraft:black_concrete_powder":875,"minecraft:lightning_rod":9,"minecraft:deepslate_tiles":873,"minecraft:lectern":3,"minecraft:red_terracotta":2,"minecraft:diamond_ore":10,"minecraft:lilac":9,"minecraft:wooden_sword":675,"minecraft:dark_oak_fence":19,"minecraft:white_stained_glass":467,"minecraft:pink_stained_glass":65,"minecraft:gray_stained_glass":25,"minecraft:iron_bars":2,"minecraft:mycelium":19,"minecraft:netherrack":5445,"minecraft:light_gray_shulker_box":15,"minecraft:warped_wart_block":6,"minecraft:anvil":11,"minecraft:twisting_vines":3,"minecraft:jungle_trapdoor":3,"minecraft:shroomlight":18,"minecraft:red_shulker_box":7,"minecraft:flowering_azalea":1,"minecraft:cyan_shulker_box":56,"minecraft:iron_axe":789,"minecraft:warped_fence":9,"minecraft:totem_of_undying":29,"minecraft:smooth_basalt":22,"minecraft:beef":1,"minecraft:iron_trapdoor":41,"minecraft:cobbled_deepslate":911,"minecraft:observer":2,"minecraft:orange_terracotta":12,"minecraft:golden_axe":160,"minecraft:water_bucket":1429,"minecraft:yellow_shulker_box":97,"minecraft:red_mushroom_block":2,"minecraft:polished_blackstone_bricks":259,"minecraft:cracked_stone_bricks":5,"minecraft:gilded_blackstone":2,"minecraft:salmon":1,"minecraft:pink_concrete":2,"minecraft:mossy_cobblestone":34,"minecraft:comparator":5,"minecraft:tnt":187,"minecraft:crafting_table":159,"minecraft:birch_sign":3,"minecraft:lime_shulker_box":44,"minecraft:cake":2,"minecraft:deepslate_tile_wall":34,"minecraft:oak_log":28,"minecraft:dark_prismarine":10,"minecraft:ender_eye":20,"minecraft:sunflower":1,"minecraft:iron_pickaxe":242,"minecraft:crimson_nylium":4,"minecraft:cobblestone":931,"minecraft:sandstone_slab":6,"minecraft:kelp":236,"minecraft:jukebox":4,"minecraft:iron_shovel":477,"minecraft:diamond_hoe":32,"minecraft:oak_sign":1,"minecraft:white_concrete_powder":8120,"minecraft:shield":2,"minecraft:white_terracotta":2,"minecraft:iron_sword":2611,"minecraft:purple_shulker_box":23,"minecraft:bell":21,"minecraft:player_head":5,"minecraft:iron_chestplate":1,"minecraft:nether_bricks":72,"minecraft:deepslate_tile_slab":400,"minecraft:tuff":163,"minecraft:axolotl_bucket":6,"minecraft:milk_bucket":14,"minecraft:polished_deepslate_stairs":18,"minecraft:cyan_terracotta":2564,"minecraft:coal_ore":142,"minecraft:iron_helmet":1,"minecraft:crimson_roots":9,"minecraft:hopper_minecart":3,"minecraft:stone_bricks":12,"minecraft:magma_block":522,"minecraft:warped_fungus":24,"minecraft:scaffolding":1063,"minecraft:polished_blackstone_stairs":4,"minecraft:chiseled_polished_blackstone":10,"minecraft:dark_oak_sign":6,"minecraft:ender_pearl":101,"minecraft:redstone_block":17,"minecraft:yellow_terracotta":1,"minecraft:loom":1,"minecraft:light_gray_terracotta":1,"minecraft:deepslate_redstone_ore":4,"minecraft:sponge":77,"minecraft:blackstone_wall":20,"minecraft:dripstone_block":5,"minecraft:note_block":11,"minecraft:stone_brick_wall":7,"minecraft:shears":480,"minecraft:cobbled_deepslate_stairs":2,"minecraft:redstone_torch":13,"minecraft:black_concrete":509,"minecraft:firework_rocket":1481,"minecraft:gray_shulker_box":31,"minecraft:heavy_weighted_pressure_plate":12,"minecraft:cyan_bed":1,"minecraft:melon_slice":72,"minecraft:string":5,"minecraft:gravel":134,"minecraft:jungle_sign":45,"minecraft:chainmail_boots":1,"minecraft:grindstone":3,"minecraft:andesite":154,"minecraft:deepslate_coal_ore":12,"minecraft:white_concrete":1960,"minecraft:air":1,"minecraft:tropical_fish_bucket":12,"minecraft:experience_bottle":6,"minecraft:azalea":2,"minecraft:oak_fence":1,"minecraft:purpur_block":4,"minecraft:trident":9214,"minecraft:jungle_leaves":69,"minecraft:music_disc_otherside":3,"minecraft:redstone_ore":1,"minecraft:tropical_fish":2,"minecraft:stone_shovel":17,"minecraft:spruce_planks":107,"minecraft:oak_door":51,"minecraft:white_carpet":13,"minecraft:hopper":45,"minecraft:spruce_stairs":1,"minecraft:shulker_box":193,"minecraft:raw_iron_block":3,"minecraft:pink_carpet":1,"minecraft:granite":127,"minecraft:light_blue_stained_glass":205,"minecraft:dark_oak_planks":1,"minecraft:bookshelf":47,"minecraft:yellow_stained_glass":1169,"minecraft:red_candle":3,"minecraft:polished_blackstone_brick_stairs":12,"minecraft:crimson_planks":84,"minecraft:light_gray_wool":1,"minecraft:golden_carrot":233,"minecraft:stone_pressure_plate":1,"minecraft:cooked_mutton":35,"minecraft:iron_ore":7,"minecraft:amethyst_block":24,"minecraft:glass_bottle":58,"minecraft:netherite_chestplate":6,"minecraft:black_shulker_box":30,"minecraft:white_dye":2,"minecraft:beacon":8,"minecraft:stonecutter":19,"minecraft:cobblestone_slab":1,"minecraft:terracotta":11,"minecraft:yellow_stained_glass_pane":449,"minecraft:smoker":1,"minecraft:nether_gold_ore":2,"minecraft:purple_stained_glass":38,"minecraft:apple":1,"minecraft:cracked_polished_blackstone_bricks":59,"minecraft:netherite_axe":5955,"minecraft:green_shulker_box":22,"minecraft:fishing_rod":74,"minecraft:white_banner":4,"minecraft:jungle_door":2,"minecraft:bucket":1562,"minecraft:yellow_bed":8,"minecraft:splash_potion":10},"minecraft:picked_up":{"minecraft:stone_slab":427,"minecraft:smithing_table":1,"minecraft:lead":9,"minecraft:enchanted_book":34,"minecraft:purple_shulker_box":22,"minecraft:music_disc_cat":2,"minecraft:polished_deepslate":1,"minecraft:polished_blackstone_brick_stairs":7,"minecraft:string":742,"minecraft:pufferfish":1,"minecraft:shroomlight":66,"minecraft:diamond_leggings":1,"minecraft:warped_slab":6,"minecraft:diamond_ore":10,"minecraft:jukebox":3,"minecraft:big_dripleaf":12,"minecraft:cyan_stained_glass":3,"minecraft:acacia_log":5,"minecraft:golden_axe":10,"minecraft:lightning_rod":7,"minecraft:golden_chestplate":27,"minecraft:gray_shulker_box":29,"minecraft:cauldron":1,"minecraft:stone_sword":3,"minecraft:blackstone_wall":2,"minecraft:red_tulip":1,"minecraft:bookshelf":2,"minecraft:end_rod":24,"minecraft:white_terracotta":3,"minecraft:blaze_rod":128,"minecraft:iron_bars":4,"minecraft:snowball":12,"minecraft:sponge":184,"minecraft:feather":134,"minecraft:cooked_beef":521,"minecraft:water_bucket":17,"minecraft:flint":1652,"minecraft:purple_stained_glass":8,"minecraft:lantern":3,"minecraft:stonecutter":22,"minecraft:dark_oak_sign":31,"minecraft:diamond_helmet":3,"minecraft:rabbit":2,"minecraft:chiseled_polished_blackstone":49,"minecraft:brown_mushroom_block":6,"minecraft:acacia_stairs":3,"minecraft:blue_terracotta":2,"minecraft:deepslate":2687,"minecraft:granite":393,"minecraft:deepslate_coal_ore":13,"minecraft:light_gray_carpet":14,"minecraft:crimson_roots":916,"minecraft:diamond_pickaxe":37,"minecraft:bee_nest":6,"minecraft:clay_ball":985,"minecraft:leather_leggings":56,"minecraft:dragon_head":3,"minecraft:purpur_block":8,"minecraft:elytra":61,"minecraft:flint_and_steel":6,"minecraft:white_stained_glass":285,"minecraft:white_carpet":178,"minecraft:iron_shovel":2,"minecraft:polished_blackstone_wall":1,"minecraft:netherite_sword":21,"minecraft:jungle_sapling":58,"minecraft:poppy":17,"minecraft:spruce_slab":13,"minecraft:minecart":2,"minecraft:birch_sapling":1,"minecraft:piston":4,"minecraft:diamond_hoe":13,"minecraft:copper_ore":107,"minecraft:lime_shulker_box":45,"minecraft:black_stained_glass":48,"minecraft:stone":11589,"minecraft:netherite_pickaxe":70,"minecraft:cyan_shulker_box":56,"minecraft:jungle_sign":17,"minecraft:diamond_chestplate":2,"minecraft:stone_shovel":2,"minecraft:hay_block":108,"minecraft:yellow_terracotta":1,"minecraft:totem_of_undying":39,"minecraft:mutton":1,"minecraft:bone_block":262,"minecraft:rail":43,"minecraft:yellow_shulker_box":216,"minecraft:tripwire_hook":2,"minecraft:purpur_stairs":1,"minecraft:paper":17,"minecraft:apple":12,"minecraft:warped_stem":559,"minecraft:spore_blossom":1,"minecraft:yellow_stained_glass":445,"minecraft:stone_pickaxe":1,"minecraft:iron_ore":15,"minecraft:magenta_stained_glass":1,"minecraft:smooth_basalt":148,"minecraft:light_gray_stained_glass":35,"minecraft:sweet_berries":482,"minecraft:light_blue_stained_glass":278,"minecraft:crying_obsidian":7,"minecraft:leather_helmet":53,"minecraft:diamond_shovel":57,"minecraft:coal_ore":115,"minecraft:slime_ball":90,"minecraft:deepslate_redstone_ore":813,"minecraft:birch_sign":3,"minecraft:baked_potato":54,"minecraft:smooth_quartz_slab":1,"minecraft:hopper":11,"minecraft:light_blue_concrete":2,"minecraft:ender_chest":322,"minecraft:nether_brick_fence":19,"minecraft:gilded_blackstone":4,"minecraft:stone_brick_stairs":2,"minecraft:deepslate_lapis_ore":153,"minecraft:red_candle":3,"minecraft:experience_bottle":1,"minecraft:red_sand":1,"minecraft:comparator":2,"minecraft:bucket":32,"minecraft:white_tulip":3,"minecraft:rose_bush":178,"minecraft:cobblestone_slab":1,"minecraft:ender_eye":8,"minecraft:azalea":24,"minecraft:wooden_shovel":3,"minecraft:iron_pickaxe":1,"minecraft:smooth_quartz_stairs":2,"minecraft:deepslate_iron_ore":156,"minecraft:tipped_arrow":2,"minecraft:polished_deepslate_stairs":2,"minecraft:spruce_stairs":1,"minecraft:netherite_shovel":14,"minecraft:diorite":414,"minecraft:rotten_flesh":2335,"minecraft:brown_shulker_box":31,"minecraft:chorus_flower":9,"minecraft:deepslate_copper_ore":4,"minecraft:obsidian":919,"minecraft:cobblestone":2205,"minecraft:enchanting_table":2,"minecraft:leather_chestplate":50,"minecraft:lilac":50,"minecraft:andesite":322,"minecraft:golden_leggings":22,"minecraft:beacon":73,"minecraft:potato":19,"minecraft:prismarine_bricks":25,"minecraft:dirt":19416,"minecraft:bone":7615,"minecraft:acacia_planks":4,"minecraft:bow":488,"minecraft:wheat_seeds":2213,"minecraft:netherite_axe":18,"minecraft:mossy_stone_bricks":24,"minecraft:bamboo":20335,"minecraft:prismarine":41,"minecraft:gray_stained_glass":65,"minecraft:light_blue_shulker_box":47,"minecraft:nether_brick_stairs":1,"minecraft:grass_block":6388,"minecraft:diamond_block":287,"minecraft:jungle_slab":40,"minecraft:mossy_cobblestone":50,"minecraft:jungle_leaves":428,"minecraft:light_gray_terracotta":1,"minecraft:sugar":36,"minecraft:yellow_carpet":22,"minecraft:netherite_helmet":22,"minecraft:yellow_stained_glass_pane":577,"minecraft:cracked_polished_blackstone_bricks":278,"minecraft:crossbow":15,"minecraft:bone_meal":6566,"minecraft:golden_apple":898,"minecraft:spruce_sign":7,"minecraft:emerald":294,"minecraft:netherrack":10557,"minecraft:chorus_fruit":788,"minecraft:oak_leaves":113,"minecraft:splash_potion":5,"minecraft:ladder":9,"minecraft:packed_ice":5719,"minecraft:brown_mushroom":147,"minecraft:pink_wool":192,"minecraft:stone_brick_wall":8,"minecraft:chain":3,"minecraft:shield":8,"minecraft:moss_carpet":60,"minecraft:mycelium":28,"minecraft:blackstone":1155,"minecraft:end_stone":306,"minecraft:polished_blackstone_bricks":434,"minecraft:cookie":14,"minecraft:trident":79,"minecraft:light_blue_bed":1,"minecraft:stone_pressure_plate":2,"minecraft:weeping_vines":20,"minecraft:red_shulker_box":7,"minecraft:pumpkin_pie":23,"minecraft:nether_bricks":86,"minecraft:skeleton_skull":1,"minecraft:netherite_boots":33,"minecraft:jungle_boat":25,"minecraft:basalt":212,"minecraft:golden_carrot":1286,"minecraft:leather":297,"minecraft:music_disc_stal":5,"minecraft:ice":1,"minecraft:crimson_fungus":120,"minecraft:chainmail_chestplate":5,"minecraft:gunpowder":903,"minecraft:yellow_bed":5,"minecraft:cobbled_deepslate_stairs":2,"minecraft:orange_terracotta":15,"minecraft:cooked_mutton":54,"minecraft:gray_carpet":4,"minecraft:rabbit_hide":1,"minecraft:iron_ingot":85,"minecraft:cooked_chicken":25,"minecraft:tropical_fish_bucket":1,"minecraft:warped_fungus":171,"minecraft:nether_quartz_ore":14,"minecraft:stone_brick_slab":30,"minecraft:quartz":803,"minecraft:amethyst_shard":11900,"minecraft:green_stained_glass":5,"minecraft:spruce_door":11,"minecraft:white_concrete_powder":70,"minecraft:chainmail_leggings":6,"minecraft:terracotta":3620,"minecraft:netherite_hoe":5,"minecraft:sunflower":205,"minecraft:seagrass":663,"minecraft:iron_chestplate":11,"minecraft:chainmail_boots":7,"minecraft:flower_pot":1,"minecraft:anvil":3,"minecraft:prismarine_shard":22,"minecraft:diamond_sword":54,"minecraft:wither_rose":131,"minecraft:brewing_stand":1,"minecraft:golden_sword":11,"minecraft:polished_deepslate_wall":7,"minecraft:amethyst_block":1083,"minecraft:soul_soil":340,"minecraft:spruce_planks":52,"minecraft:gold_nugget":97,"minecraft:cobbled_deepslate":4076,"minecraft:written_book":11,"minecraft:enchanted_golden_apple":7,"minecraft:melon_slice":119,"minecraft:golden_helmet":24,"minecraft:pink_carpet":1,"minecraft:warped_planks":15,"minecraft:deepslate_tile_stairs":18,"minecraft:light_blue_wool":192,"minecraft:tropical_fish":11,"minecraft:iron_block":197,"minecraft:cyan_terracotta":346,"minecraft:netherite_chestplate":26,"minecraft:birch_log":71,"minecraft:magma_block":89,"minecraft:iron_door":14,"minecraft:jungle_log":3621,"minecraft:netherite_leggings":31,"minecraft:map":3,"minecraft:twisting_vines":87,"minecraft:chipped_anvil":9,"minecraft:glowstone_dust":60,"minecraft:moss_block":127,"minecraft:warped_wart_block":645,"minecraft:ink_sac":417,"minecraft:dark_oak_log":426,"minecraft:red_terracotta":8,"minecraft:barrel":16,"minecraft:dispenser":1,"minecraft:writable_book":9,"minecraft:deepslate_gold_ore":350,"minecraft:bread":262,"minecraft:chainmail_helmet":3,"minecraft:dark_oak_fence":43,"minecraft:crafting_table":303,"minecraft:sandstone_slab":6,"minecraft:nether_wart":103,"minecraft:conduit":2,"minecraft:jungle_trapdoor":3,"minecraft:snow":2,"minecraft:compass":3,"minecraft:cracked_stone_bricks":13,"minecraft:music_disc_otherside":5,"minecraft:deepslate_diamond_ore":1191,"minecraft:beef":7,"minecraft:chest":177,"minecraft:egg":152,"minecraft:sandstone":16497,"minecraft:oak_door":48,"minecraft:amethyst_cluster":35,"minecraft:spruce_fence":4,"minecraft:carrot":1,"minecraft:redstone":3426,"minecraft:mushroom_stem":14,"minecraft:prismarine_crystals":35,"minecraft:tnt":22,"minecraft:cooked_cod":128,"minecraft:peony":96,"minecraft:diamond_boots":10,"minecraft:shears":2,"minecraft:deepslate_bricks":2,"minecraft:gold_ingot":4,"minecraft:glow_berries":102,"minecraft:white_shulker_box":41,"minecraft:white_wool":177,"minecraft:lapis_ore":11,"minecraft:red_mushroom_block":3,"minecraft:red_mushroom":16,"minecraft:filled_map":55,"minecraft:oak_log":612,"minecraft:ancient_debris":14,"minecraft:jungle_button":6,"minecraft:golden_boots":39,"minecraft:blue_bed":1,"minecraft:white_banner":21,"minecraft:stone_bricks":33,"minecraft:kelp":1662,"minecraft:glass_bottle":26,"minecraft:iron_sword":9,"minecraft:flowering_azalea":11,"minecraft:dark_oak_slab":2,"minecraft:daylight_detector":1,"minecraft:spyglass":36,"minecraft:gravel":13030,"minecraft:spruce_sapling":28,"minecraft:spruce_log":2309,"minecraft:sea_lantern":642,"minecraft:firework_rocket":1077,"minecraft:red_stained_glass":11,"minecraft:purple_bed":2,"minecraft:stone_axe":1,"minecraft:diamond_axe":65,"minecraft:redstone_ore":2,"minecraft:gray_wool":2,"minecraft:warped_roots":896,"minecraft:oak_button":14,"minecraft:warped_nylium":2181,"minecraft:crimson_nylium":8,"minecraft:ender_pearl":3178,"minecraft:shulker_shell":82,"minecraft:music_disc_strad":2,"minecraft:wheat":664,"minecraft:redstone_block":6,"minecraft:light_gray_shulker_box":45,"minecraft:turtle_egg":106,"minecraft:potion":47,"minecraft:crimson_planks":1,"minecraft:raw_copper":1366,"minecraft:smooth_stone_slab":12,"minecraft:iron_leggings":14,"minecraft:armor_stand":1,"minecraft:pink_shulker_box":20,"minecraft:oak_sign":2,"minecraft:deepslate_tiles":280,"minecraft:black_shulker_box":35,"minecraft:redstone_torch":3,"minecraft:calcite":899,"minecraft:deepslate_tile_wall":10,"minecraft:iron_boots":7,"minecraft:furnace":4,"minecraft:stick":287,"minecraft:orange_shulker_box":29,"minecraft:jungle_door":1,"minecraft:deepslate_brick_wall":2,"minecraft:brown_terracotta":5,"minecraft:oak_fence":4,"minecraft:torch":491,"minecraft:snow_block":1,"minecraft:porkchop":9,"minecraft:pointed_dripstone":7,"minecraft:music_disc_pigstep":5,"minecraft:blue_stained_glass":24,"minecraft:quartz_block":26,"minecraft:nether_gold_ore":10,"minecraft:cactus":28,"minecraft:cod":1,"minecraft:nautilus_shell":88,"minecraft:magma_cream":13,"minecraft:tuff":585,"minecraft:warped_trapdoor":2,"minecraft:wither_skeleton_skull":6,"minecraft:green_shulker_box":21,"minecraft:lapis_lazuli":6683,"minecraft:leather_boots":48,"minecraft:deepslate_brick_slab":2,"minecraft:raw_gold":1622,"minecraft:bell":22,"minecraft:powered_rail":1,"minecraft:oak_planks":90,"minecraft:mossy_stone_brick_stairs":1,"minecraft:ghast_tear":5,"minecraft:pink_stained_glass":34,"minecraft:pink_concrete":2,"minecraft:cooked_porkchop":373,"minecraft:music_disc_13":2,"minecraft:sand":60210,"minecraft:axolotl_bucket":1,"minecraft:oak_pressure_plate":15,"minecraft:jungle_planks":166,"minecraft:cyan_bed":1,"minecraft:shulker_box":210,"minecraft:dark_prismarine":22,"minecraft:clay":625,"minecraft:spruce_boat":49,"minecraft:diamond":5153,"minecraft:black_concrete":734,"minecraft:white_concrete":3040,"minecraft:oak_sapling":88,"minecraft:nether_star":2,"minecraft:end_stone_bricks":14,"minecraft:cocoa_beans":72,"minecraft:fishing_rod":13,"minecraft:allium":1,"minecraft:chicken":84,"minecraft:turtle_helmet":8,"minecraft:wooden_pickaxe":1,"minecraft:cooked_rabbit":1,"minecraft:gold_block":1046,"minecraft:iron_axe":8,"minecraft:item_frame":51,"minecraft:quartz_slab":29,"minecraft:dark_prismarine_stairs":1,"minecraft:oak_boat":96,"minecraft:player_head":213,"minecraft:blue_shulker_box":21,"minecraft:light_gray_wool":2,"minecraft:lectern":3,"minecraft:tinted_glass":1370,"minecraft:sugar_cane":2633,"minecraft:phantom_membrane":74,"minecraft:spruce_trapdoor":19,"minecraft:raw_iron":4872,"minecraft:copper_ingot":107,"minecraft:bowl":17,"minecraft:stone_button":10,"minecraft:magenta_shulker_box":20,"minecraft:dark_oak_planks":3,"minecraft:arrow":7373,"minecraft:jungle_stairs":2,"minecraft:saddle":11,"minecraft:lime_stained_glass":8,"minecraft:wet_sponge":239,"minecraft:crimson_stem":97,"minecraft:glow_ink_sac":182,"minecraft:salmon":1,"minecraft:mushroom_stew":1,"minecraft:nether_wart_block":181,"minecraft:deepslate_tile_slab":332,"minecraft:wooden_hoe":1,"minecraft:podzol":927,"minecraft:soul_sand":229,"minecraft:acacia_sapling":1,"minecraft:oak_slab":68,"minecraft:book":1452,"minecraft:scaffolding":1108,"minecraft:pumpkin":6,"minecraft:birch_boat":12,"minecraft:dripstone_block":11,"minecraft:raw_iron_block":10,"minecraft:white_bed":1,"minecraft:gold_ore":1,"minecraft:mossy_stone_brick_slab":1,"minecraft:spider_eye":77,"minecraft:honey_block":8,"minecraft:iron_helmet":14,"minecraft:black_wool":1,"minecraft:coal":4655},"minecraft:killed_by":{"minecraft:creeper":1,"minecraft:silverfish":1,"minecraft:player":3,"minecraft:iron_golem":1},"minecraft:broken":{"minecraft:wooden_sword":17,"minecraft:fishing_rod":1,"minecraft:crossbow":1,"minecraft:iron_shovel":1,"minecraft:iron_sword":9,"minecraft:iron_axe":2,"minecraft:golden_axe":5},"minecraft:mined":{"minecraft:dragon_wall_head":1,"minecraft:red_shulker_box":7,"minecraft:white_bed":2,"minecraft:cyan_shulker_box":56,"minecraft:granite":420,"minecraft:acacia_log":6,"minecraft:deepslate_tile_wall":10,"minecraft:oak_pressure_plate":3,"minecraft:oak_wall_sign":1,"minecraft:nether_wart":36,"minecraft:spawner":61,"minecraft:chorus_flower":9,"minecraft:polished_blackstone_bricks":491,"minecraft:magma_block":106,"minecraft:fire":198,"minecraft:cobbled_deepslate":112,"minecraft:barrel":10,"minecraft:deepslate_lapis_ore":215,"minecraft:nether_brick_stairs":1,"minecraft:twisting_vines":6,"minecraft:white_shulker_box":41,"minecraft:player_head":3,"minecraft:jungle_trapdoor":2,"minecraft:sandstone_slab":6,"minecraft:kelp_plant":6308,"minecraft:deepslate_brick_wall":2,"minecraft:crimson_nylium":24,"minecraft:deepslate_tile_slab":265,"minecraft:powder_snow":7,"minecraft:torch":166,"minecraft:melon":19,"minecraft:dead_bush":5,"minecraft:spruce_wall_sign":2,"minecraft:smooth_quartz_slab":1,"minecraft:lime_shulker_box":45,"minecraft:sugar_cane":1342,"minecraft:amethyst_block":1088,"minecraft:white_terracotta":3,"minecraft:chain":4,"minecraft:tinted_glass":220,"minecraft:jukebox":3,"minecraft:grass":907,"minecraft:smooth_basalt":160,"minecraft:deepslate":6816,"minecraft:dark_prismarine":28,"minecraft:deepslate_tiles":204,"minecraft:light_blue_wool":192,"minecraft:mossy_cobblestone":51,"minecraft:dark_oak_log":214,"minecraft:sea_lantern":201,"minecraft:end_stone":307,"minecraft:dark_oak_fence":42,"minecraft:spruce_fence":2,"minecraft:redstone_wire":1,"minecraft:red_mushroom":18,"minecraft:white_concrete_powder":51,"minecraft:redstone_ore":115,"minecraft:pink_concrete":2,"minecraft:andesite":327,"minecraft:mossy_stone_brick_stairs":1,"minecraft:vine":175,"minecraft:cobblestone_slab":1,"minecraft:rail":30,"minecraft:bone_block":7,"minecraft:ender_chest":171,"minecraft:redstone_block":6,"minecraft:glass_pane":3,"minecraft:soul_sand":246,"minecraft:warped_roots":46,"minecraft:lightning_rod":8,"minecraft:copper_ore":229,"minecraft:tall_grass":37,"minecraft:deepslate_gold_ore":111,"minecraft:diorite":464,"minecraft:warped_wart_block":647,"minecraft:black_stained_glass":6,"minecraft:red_terracotta":8,"minecraft:light_blue_bed":1,"minecraft:dark_oak_wall_sign":2,"minecraft:gravel":13349,"minecraft:cobweb":55,"minecraft:brown_terracotta":7,"minecraft:oak_button":4,"minecraft:stone_bricks":44,"minecraft:chipped_anvil":4,"minecraft:gold_ore":664,"minecraft:fern":277,"minecraft:stone_pressure_plate":2,"minecraft:farmland":165,"minecraft:mossy_stone_brick_slab":2,"minecraft:brewing_stand":1,"minecraft:spruce_trapdoor":19,"minecraft:budding_amethyst":4,"minecraft:cracked_polished_blackstone_bricks":301,"minecraft:white_concrete":2495,"minecraft:gilded_blackstone":5,"minecraft:turtle_egg":106,"minecraft:pointed_dripstone":2,"minecraft:iron_bars":2,"minecraft:azalea":21,"minecraft:spruce_slab":5,"minecraft:deepslate_redstone_ore":471,"minecraft:brown_shulker_box":31,"minecraft:quartz_block":16,"minecraft:polished_blackstone_wall":1,"minecraft:medium_amethyst_bud":1,"minecraft:orange_terracotta":17,"minecraft:purpur_stairs":1,"minecraft:light_gray_terracotta":1,"minecraft:beacon":7,"minecraft:nether_quartz_ore":364,"minecraft:oak_planks":57,"minecraft:wall_torch":47,"minecraft:cauldron":1,"minecraft:warped_nylium":2290,"minecraft:blue_terracotta":2,"minecraft:dark_oak_slab":2,"minecraft:warped_planks":15,"minecraft:tnt":7,"minecraft:smooth_stone_slab":2,"minecraft:oak_log":593,"minecraft:dirt":9073,"minecraft:dispenser":1,"minecraft:ancient_debris":14,"minecraft:daylight_detector":1,"minecraft:crying_obsidian":1,"minecraft:pink_carpet":1,"minecraft:dark_oak_leaves":1,"minecraft:red_stained_glass":11,"minecraft:glow_lichen":1,"minecraft:stone_button":1,"minecraft:spruce_leaves":19,"minecraft:crimson_stem":100,"minecraft:hay_block":108,"minecraft:nether_sprouts":20,"minecraft:light_gray_shulker_box":13,"minecraft:peony":3,"minecraft:gold_block":981,"minecraft:nether_brick_fence":30,"minecraft:bookshelf":468,"minecraft:shroomlight":66,"minecraft:deepslate_iron_ore":1018,"minecraft:wet_sponge":229,"minecraft:scaffolding":234,"minecraft:acacia_leaves":5,"minecraft:magenta_stained_glass":1,"minecraft:snow_block":4,"minecraft:basalt":232,"minecraft:oak_fence":1,"minecraft:gray_stained_glass":1,"minecraft:stone_slab":1023,"minecraft:deepslate_coal_ore":47,"minecraft:polished_blackstone_brick_stairs":7,"minecraft:prismarine_bricks":34,"minecraft:birch_planks":1,"minecraft:ice":15,"minecraft:bee_nest":6,"minecraft:cocoa":22,"minecraft:purple_shulker_box":23,"minecraft:cracked_stone_bricks":17,"minecraft:mossy_stone_bricks":30,"minecraft:jungle_wall_sign":11,"minecraft:dark_oak_planks":2,"minecraft:dark_prismarine_stairs":1,"minecraft:light_blue_concrete":2,"minecraft:jungle_leaves":621,"minecraft:obsidian":686,"minecraft:chiseled_polished_blackstone":51,"minecraft:red_sand":2,"minecraft:stone_brick_wall":8,"minecraft:yellow_carpet":22,"minecraft:jungle_log":3142,"minecraft:pink_stained_glass":35,"minecraft:deepslate_bricks":2,"minecraft:deepslate_tile_stairs":16,"minecraft:crimson_fungus":1,"minecraft:hopper":1,"minecraft:chiseled_stone_bricks":1,"minecraft:light_blue_stained_glass":51,"minecraft:weeping_vines_plant":5,"minecraft:tall_seagrass":2073,"minecraft:moss_carpet":4,"minecraft:enchanting_table":2,"minecraft:cave_vines":74,"minecraft:dirt_path":2203,"minecraft:iron_block":92,"minecraft:conduit":1,"minecraft:brown_mushroom":95,"minecraft:player_wall_head":5,"minecraft:soul_fire":25,"minecraft:amethyst_cluster":1361,"minecraft:cyan_bed":2,"minecraft:light_gray_stained_glass":1,"minecraft:wheat":620,"minecraft:lilac":17,"minecraft:warped_fungus":17,"minecraft:stone_brick_stairs":2,"minecraft:blue_shulker_box":21,"minecraft:red_mushroom_block":43,"minecraft:stonecutter":17,"minecraft:yellow_stained_glass":108,"minecraft:piston":2,"minecraft:yellow_terracotta":1,"minecraft:pink_shulker_box":18,"minecraft:shulker_box":184,"minecraft:nether_bricks":98,"minecraft:allium":1,"minecraft:jungle_planks":31,"minecraft:crimson_roots":15,"minecraft:orange_shulker_box":29,"minecraft:horn_coral_wall_fan":1,"minecraft:kelp":719,"minecraft:moss_block":112,"minecraft:pink_wool":192,"minecraft:black_stained_glass_pane":1,"minecraft:jungle_sapling":1,"minecraft:snow":2,"minecraft:acacia_wood":2,"minecraft:diamond_block":86,"minecraft:warped_stem":563,"minecraft:smooth_quartz_stairs":2,"minecraft:warped_trapdoor":2,"minecraft:bamboo":2362,"minecraft:cake":1,"minecraft:white_wool":96,"minecraft:smithing_table":1,"minecraft:light_gray_carpet":2,"minecraft:comparator":2,"minecraft:stone_brick_slab":30,"minecraft:jungle_sign":1,"minecraft:emerald_ore":1,"minecraft:sponge":184,"minecraft:big_dripleaf":4,"minecraft:white_carpet":5,"minecraft:spruce_log":1247,"minecraft:birch_leaves":2,"minecraft:mycelium":1014,"minecraft:dark_oak_sign":25,"minecraft:dripstone_block":8,"minecraft:acacia_planks":5,"minecraft:black_shulker_box":29,"minecraft:large_amethyst_bud":11,"minecraft:spruce_planks":33,"minecraft:cobbled_deepslate_stairs":4,"minecraft:jungle_slab":32,"minecraft:potted_cactus":1,"minecraft:cave_vines_plant":33,"minecraft:grass_block":7887,"minecraft:soul_soil":369,"minecraft:raw_iron_block":10,"minecraft:glowstone":11,"minecraft:iron_ore":1287,"minecraft:anvil":3,"minecraft:birch_wall_sign":2,"minecraft:end_stone_bricks":15,"minecraft:cyan_terracotta":167,"minecraft:blackstone":1148,"minecraft:polished_deepslate_stairs":2,"minecraft:twisting_vines_plant":31,"minecraft:melon_stem":1,"minecraft:clay":395,"minecraft:calcite":906,"minecraft:poppy":4,"minecraft:chest":85,"minecraft:mushroom_stem":26,"minecraft:cobblestone":308,"minecraft:prismarine":46,"minecraft:iron_door":18,"minecraft:deepslate_copper_ore":4,"minecraft:magenta_shulker_box":20,"minecraft:seagrass":1647,"minecraft:acacia_sapling":1,"minecraft:birch_log":7,"minecraft:nether_wart_block":181,"minecraft:purpur_block":9,"minecraft:yellow_stained_glass_pane":577,"minecraft:sand":61315,"minecraft:crimson_planks":1,"minecraft:wither_skeleton_skull":1,"minecraft:netherrack":11306,"minecraft:polished_deepslate_wall":7,"minecraft:oak_leaves":544,"minecraft:nether_gold_ore":15,"minecraft:diamond_ore":62,"minecraft:tuff":666,"minecraft:blackstone_wall":2,"minecraft:deepslate_diamond_ore":1689,"minecraft:oak_door":41,"minecraft:gray_shulker_box":29,"minecraft:weeping_vines":1,"minecraft:white_stained_glass":28,"minecraft:sandstone":16907,"minecraft:large_fern":3,"minecraft:deepslate_brick_slab":2,"minecraft:furnace":3,"minecraft:acacia_stairs":3,"minecraft:stripped_spruce_log":1,"minecraft:black_concrete":509,"minecraft:bell":22,"minecraft:polished_deepslate":1,"minecraft:packed_ice":5868,"minecraft:chorus_plant":131,"minecraft:stone":11411,"minecraft:white_tulip":1,"minecraft:yellow_shulker_box":84,"minecraft:redstone_wall_torch":1,"minecraft:podzol":1261,"minecraft:flowering_azalea":12,"minecraft:light_blue_shulker_box":47,"minecraft:infested_stone_bricks":4,"minecraft:spruce_door":10,"minecraft:crafting_table":124,"minecraft:rose_bush":22,"minecraft:lectern":3,"minecraft:lapis_ore":260,"minecraft:blue_bed":1,"minecraft:green_shulker_box":21,"minecraft:redstone_torch":2,"minecraft:sweet_berry_bush":12,"minecraft:yellow_bed":4,"minecraft:coal_ore":2200,"minecraft:end_rod":21,"minecraft:terracotta":3805,"minecraft:warped_slab":5},"minecraft:custom":{"minecraft:interact_with_crafting_table":917,"minecraft:damage_blocked_by_shield":111,"minecraft:play_time":13411653,"minecraft:deaths":26,"minecraft:jump":173119,"minecraft:play_record":16,"minecraft:interact_with_smoker":21,"minecraft:inspect_dispenser":3,"minecraft:horse_one_cm":66984,"minecraft:inspect_dropper":10,"minecraft:interact_with_anvil":99,"minecraft:inspect_hopper":121,"minecraft:tune_noteblock":1,"minecraft:time_since_rest":1430,"minecraft:swim_one_cm":28190104,"minecraft:open_chest":5696,"minecraft:open_shulker_box":1674,"minecraft:clean_armor":2,"minecraft:damage_resisted":602,"minecraft:talked_to_villager":23,"minecraft:interact_with_brewingstand":34,"minecraft:interact_with_beacon":6,"minecraft:fill_cauldron":2,"minecraft:raid_win":2,"minecraft:boat_one_cm":3491458,"minecraft:damage_taken":138994,"minecraft:aviate_one_cm":150349757,"minecraft:open_barrel":391,"minecraft:bell_ring":74,"minecraft:eat_cake_slice":179,"minecraft:leave_game":373,"minecraft:time_since_death":148905,"minecraft:enchant_item":209,"minecraft:interact_with_furnace":344,"minecraft:traded_with_villager":6,"minecraft:sleep_in_bed":193,"minecraft:damage_dealt":1140684,"minecraft:interact_with_smithing_table":24,"minecraft:damage_dealt_absorbed":149,"minecraft:sneak_time":716246,"minecraft:interact_with_lectern":45,"minecraft:interact_with_blast_furnace":5,"minecraft:total_world_time":13411653,"minecraft:interact_with_stonecutter":33,"minecraft:fly_one_cm":54548760,"minecraft:fall_one_cm":6573701,"minecraft:animals_bred":141,"minecraft:sprint_one_cm":19789182,"minecraft:drop":5521,"minecraft:walk_on_water_one_cm":4185105,"minecraft:interact_with_loom":3,"minecraft:open_enderchest":1689,"minecraft:player_kills":9,"minecraft:crouch_one_cm":2284313,"minecraft:mob_kills":14452,"minecraft:climb_one_cm":768803,"minecraft:walk_one_cm":17633885,"minecraft:clean_shulker_box":4,"minecraft:walk_under_water_one_cm":10999029,"minecraft:raid_trigger":11,"minecraft:pot_flower":1,"minecraft:interact_with_grindstone":124,"minecraft:damage_absorbed":689,"minecraft:minecart_one_cm":212},"minecraft:crafted":{"minecraft:lime_stained_glass":8,"minecraft:black_dye":318,"minecraft:yellow_wool":9,"minecraft:blaze_powder":138,"minecraft:birch_boat":1,"minecraft:diamond_shovel":3,"minecraft:nether_brick":2,"minecraft:shulker_box":81,"minecraft:diamond_helmet":1,"minecraft:beacon":2,"minecraft:light_blue_concrete_powder":8,"minecraft:gray_stained_glass":56,"minecraft:white_shulker_box":4,"minecraft:pink_stained_glass":64,"minecraft:turtle_helmet":7,"minecraft:golden_axe":6,"minecraft:blue_stained_glass":32,"minecraft:end_rod":100,"minecraft:jungle_boat":3,"minecraft:raw_gold_block":174,"minecraft:smithing_table":3,"minecraft:sticky_piston":16,"minecraft:green_stained_glass":16,"minecraft:lectern":3,"minecraft:stone_slab":786,"minecraft:iron_pickaxe":1,"minecraft:sandstone":4,"minecraft:netherite_ingot":4,"minecraft:polished_blackstone_bricks":2,"minecraft:jungle_sign":36,"minecraft:golden_carrot":1,"minecraft:jukebox":1,"minecraft:orange_shulker_box":2,"minecraft:diamond_hoe":1,"minecraft:blue_shulker_box":2,"minecraft:light_gray_shulker_box":8,"minecraft:black_concrete_powder":1256,"minecraft:red_shulker_box":2,"minecraft:stone_pickaxe":1,"minecraft:spruce_boat":2,"minecraft:lead":2,"minecraft:enchanting_table":3,"minecraft:crimson_slab":258,"minecraft:light_blue_wool":3,"minecraft:yellow_stained_glass_pane":576,"minecraft:leather_helmet":4,"minecraft:deepslate_tiles":1712,"minecraft:orange_dye":64,"minecraft:oak_fence_gate":1,"minecraft:red_stained_glass":400,"minecraft:writable_book":19,"minecraft:iron_shovel":1,"minecraft:note_block":16,"minecraft:grindstone":3,"minecraft:cobblestone_slab":6,"minecraft:barrel":17,"minecraft:lightning_rod":2,"minecraft:stone":12,"minecraft:heavy_weighted_pressure_plate":12,"minecraft:warped_planks":148,"minecraft:bow":43,"minecraft:comparator":3,"minecraft:chest":273,"minecraft:oak_button":19,"minecraft:rail":128,"minecraft:ender_eye":119,"minecraft:oak_fence":3,"minecraft:cauldron":1,"minecraft:iron_helmet":1,"minecraft:brown_dye":64,"minecraft:chiseled_polished_blackstone":1,"minecraft:yellow_stained_glass":1104,"minecraft:tnt":183,"minecraft:spruce_trapdoor":152,"minecraft:yellow_dye":408,"minecraft:purple_dye":68,"minecraft:pink_wool":8,"minecraft:stick":2536,"minecraft:iron_ingot":2052,"minecraft:light_blue_shulker_box":4,"minecraft:light_blue_stained_glass":224,"minecraft:deepslate_bricks":1712,"minecraft:deepslate_tile_slab":156,"minecraft:oak_door":12,"minecraft:fishing_rod":3,"minecraft:netherite_sword":1,"minecraft:leather_boots":2,"minecraft:furnace":11,"minecraft:piston":43,"minecraft:oak_trapdoor":2,"minecraft:flint_and_steel":4,"minecraft:scaffolding":564,"minecraft:white_concrete_powder":9328,"minecraft:brown_shulker_box":11,"minecraft:birch_sign":3,"minecraft:purple_stained_glass":40,"minecraft:iron_trapdoor":105,"minecraft:purple_shulker_box":4,"minecraft:iron_sword":21,"minecraft:jungle_planks":3915,"minecraft:jungle_door":3,"minecraft:white_dye":1567,"minecraft:netherite_shovel":2,"minecraft:stonecutter":2,"minecraft:anvil":13,"minecraft:pink_banner":1,"minecraft:torch":2384,"minecraft:diamond_chestplate":2,"minecraft:ender_chest":46,"minecraft:jungle_button":6,"minecraft:oak_pressure_plate":2,"minecraft:loom":1,"minecraft:lever":10,"minecraft:bookshelf":48,"minecraft:magenta_shulker_box":1,"minecraft:quartz_block":96,"minecraft:glass":167,"minecraft:repeater":16,"minecraft:diamond_leggings":2,"minecraft:magenta_dye":66,"minecraft:glass_bottle":75,"minecraft:wooden_shovel":1,"minecraft:diamond_axe":6,"minecraft:spruce_door":9,"minecraft:lime_shulker_box":2,"minecraft:compass":1,"minecraft:iron_block":239,"minecraft:light_blue_bed":1,"minecraft:gold_ingot":207,"minecraft:light_gray_dye":66,"minecraft:stone_shovel":1,"minecraft:leather_leggings":4,"minecraft:player_head":20,"minecraft:tinted_glass":4682,"minecraft:yellow_bed":3,"minecraft:bone_meal":5282,"minecraft:cyan_stained_glass":8,"minecraft:pink_dye":137,"minecraft:white_carpet":552,"minecraft:warped_trapdoor":16,"minecraft:diamond":2538,"minecraft:netherite_axe":1,"minecraft:ladder":27,"minecraft:diamond_boots":2,"minecraft:redstone_block":369,"minecraft:dark_oak_planks":4,"minecraft:wheat":306,"minecraft:coal_block":461,"minecraft:crossbow":1,"minecraft:netherite_pickaxe":2,"minecraft:dried_kelp":23,"minecraft:sandstone_slab":6,"minecraft:conduit":4,"minecraft:white_stained_glass":704,"minecraft:jungle_slab":162,"minecraft:golden_apple":10,"minecraft:acacia_sign":3,"minecraft:cyan_shulker_box":1,"minecraft:gray_shulker_box":21,"minecraft:iron_leggings":2,"minecraft:oak_planks":804,"minecraft:pink_shulker_box":1,"minecraft:cobblestone_stairs":4,"minecraft:hopper":112,"minecraft:written_book":1,"minecraft:blackstone_wall":4,"minecraft:cyan_terracotta":3528,"minecraft:raw_iron_block":497,"minecraft:smoker":1,"minecraft:oak_slab":100,"minecraft:item_frame":1,"minecraft:crafting_table":87,"minecraft:spruce_planks":680,"minecraft:wooden_pickaxe":1,"minecraft:gold_block":176,"minecraft:hopper_minecart":3,"minecraft:brewing_stand":1,"minecraft:birch_planks":28,"minecraft:black_shulker_box":2,"minecraft:iron_chestplate":2,"minecraft:book":1,"minecraft:paper":807,"minecraft:diamond_pickaxe":5,"minecraft:emerald_block":25,"minecraft:shield":2,"minecraft:warped_slab":54,"minecraft:light_blue_dye":100,"minecraft:green_shulker_box":5,"minecraft:redstone_torch":62,"minecraft:shears":6,"minecraft:wooden_sword":29,"minecraft:redstone":180,"minecraft:raw_iron":4536,"minecraft:coal":3708,"minecraft:light_gray_stained_glass":48,"minecraft:jungle_trapdoor":134,"minecraft:gray_dye":64,"minecraft:diamond_block":385,"minecraft:warped_fence":9,"minecraft:yellow_shulker_box":28,"minecraft:polished_deepslate":2096,"minecraft:iron_axe":5,"minecraft:iron_hoe":1,"minecraft:lime_dye":64,"minecraft:netherite_scrap":4,"minecraft:observer":2,"minecraft:minecart":1,"minecraft:red_dye":196,"minecraft:cooked_cod":12,"minecraft:crimson_planks":256,"minecraft:bone_block":911,"minecraft:diamond_sword":2,"minecraft:cyan_dye":748,"minecraft:pink_concrete_powder":8,"minecraft:powered_rail":48,"minecraft:bucket":45,"minecraft:stone_axe":1,"minecraft:bread":327,"minecraft:air":0,"minecraft:black_stained_glass":64,"minecraft:blue_dye":567,"minecraft:oak_boat":6,"minecraft:white_wool":371,"minecraft:gold_nugget":9,"minecraft:raw_gold":1566,"minecraft:acacia_planks":20,"minecraft:lapis_lazuli":1377,"minecraft:clay":62,"minecraft:lapis_block":728,"minecraft:firework_rocket":1821},"minecraft:dropped":{"minecraft:iron_sword":2,"minecraft:lapis_lazuli":331,"minecraft:glow_ink_sac":97,"minecraft:chorus_fruit":607,"minecraft:glass_bottle":28,"minecraft:diamond":4174,"minecraft:crafting_table":24,"minecraft:cooked_porkchop":32,"minecraft:weeping_vines":3,"minecraft:glow_berries":1,"minecraft:warped_roots":346,"minecraft:cracked_stone_bricks":8,"minecraft:red_mushroom":15,"minecraft:gold_block":37,"minecraft:emerald":3,"minecraft:dark_oak_fence":1,"minecraft:conduit":1,"minecraft:netherite_boots":13,"minecraft:writable_book":12,"minecraft:gold_nugget":28,"minecraft:sand":242,"minecraft:fishing_rod":14,"minecraft:white_wool":20,"minecraft:stone_axe":2,"minecraft:compass":1,"minecraft:diamond_block":112,"minecraft:lever":5,"minecraft:cooked_chicken":2,"minecraft:cobbled_deepslate":380,"minecraft:tinted_glass":172,"minecraft:netherite_sword":9,"minecraft:wheat":1,"minecraft:obsidian":40,"minecraft:rotten_flesh":2884,"minecraft:oak_planks":52,"minecraft:glowstone_dust":10,"minecraft:nether_brick_fence":14,"minecraft:red_mushroom_block":1,"minecraft:sea_lantern":139,"minecraft:coal_ore":7,"minecraft:quartz_block":5,"minecraft:jungle_log":159,"minecraft:leather_boots":47,"minecraft:leather_leggings":55,"minecraft:glass":3,"minecraft:beef":6,"minecraft:podzol":7,"minecraft:warped_wart_block":127,"minecraft:stone_brick_stairs":2,"minecraft:green_stained_glass":5,"minecraft:golden_boots":39,"minecraft:wheat_seeds":1506,"minecraft:deepslate_redstone_ore":865,"minecraft:dripstone_block":6,"minecraft:netherite_chestplate":14,"minecraft:book":205,"minecraft:prismarine_crystals":30,"minecraft:deepslate_tile_slab":7,"minecraft:golden_apple":885,"minecraft:mushroom_stew":1,"minecraft:gray_wool":4,"minecraft:ink_sac":78,"minecraft:potion":46,"minecraft:pumpkin":3,"minecraft:white_banner":9,"minecraft:red_dye":12,"minecraft:jungle_boat":10,"minecraft:chipped_anvil":1,"minecraft:chainmail_leggings":5,"minecraft:acacia_planks":16,"minecraft:stone_brick_slab":1,"minecraft:soul_soil":18,"minecraft:netherite_hoe":4,"minecraft:player_head":126,"minecraft:cocoa_beans":2,"minecraft:stone_shovel":3,"minecraft:white_carpet":116,"minecraft:clay_ball":737,"minecraft:iron_boots":7,"minecraft:white_terracotta":1,"minecraft:shears":3,"minecraft:oak_sign":1,"minecraft:deepslate_lapis_ore":150,"minecraft:diamond_sword":47,"minecraft:spruce_boat":10,"minecraft:spruce_planks":13,"minecraft:diamond_pickaxe":27,"minecraft:pink_shulker_box":1,"minecraft:stone_pressure_plate":1,"minecraft:stone_bricks":18,"minecraft:barrel":3,"minecraft:bamboo":1949,"minecraft:sandstone":64,"minecraft:bow":411,"minecraft:magma_block":63,"minecraft:cooked_rabbit":1,"minecraft:terracotta":147,"minecraft:nether_brick_stairs":1,"minecraft:daylight_detector":1,"minecraft:soul_sand":78,"minecraft:moss_block":57,"minecraft:warped_fungus":51,"minecraft:oak_log":7,"minecraft:ender_pearl":2956,"minecraft:leather":182,"minecraft:jungle_planks":78,"minecraft:cod":1,"minecraft:music_disc_13":2,"minecraft:cracked_polished_blackstone_bricks":183,"minecraft:dark_oak_log":1,"minecraft:packed_ice":154,"minecraft:ice":1,"minecraft:mutton":1,"minecraft:black_shulker_box":5,"minecraft:jungle_sign":8,"minecraft:axolotl_bucket":1,"minecraft:black_concrete":127,"minecraft:gold_ingot":20,"minecraft:chiseled_polished_blackstone":37,"minecraft:magenta_stained_glass":1,"minecraft:purpur_block":4,"minecraft:spyglass":36,"minecraft:twisting_vines":13,"minecraft:music_disc_otherside":1,"minecraft:pointed_dripstone":7,"minecraft:yellow_stained_glass":9,"minecraft:cooked_mutton":10,"minecraft:acacia_stairs":3,"minecraft:mycelium":9,"minecraft:mushroom_stem":5,"minecraft:leather_chestplate":49,"minecraft:trident":15,"minecraft:stone_brick_wall":1,"minecraft:iron_ore":8,"minecraft:iron_bars":2,"minecraft:scaffolding":265,"minecraft:splash_potion":4,"minecraft:bread":64,"minecraft:golden_helmet":23,"minecraft:lilac":2,"minecraft:netherite_axe":7,"minecraft:golden_axe":9,"minecraft:amethyst_block":5,"minecraft:tropical_fish":9,"minecraft:iron_block":37,"minecraft:nether_wart_block":1,"minecraft:melon_slice":8,"minecraft:white_concrete":4,"minecraft:light_gray_shulker_box":32,"minecraft:yellow_shulker_box":131,"minecraft:light_gray_stained_glass":17,"minecraft:iron_door":2,"minecraft:jungle_door":2,"minecraft:fire_charge":1,"minecraft:jungle_leaves":8,"minecraft:stonecutter":4,"minecraft:cactus":28,"minecraft:tripwire_hook":1,"minecraft:kelp":1129,"minecraft:sweet_berries":24,"minecraft:oak_trapdoor":1,"minecraft:dragon_head":1,"minecraft:totem_of_undying":11,"minecraft:shulker_box":20,"minecraft:netherite_leggings":13,"minecraft:flint_and_steel":6,"minecraft:copper_ore":30,"minecraft:andesite":144,"minecraft:golden_leggings":22,"minecraft:oak_sapling":14,"minecraft:birch_sign":1,"minecraft:wooden_pickaxe":2,"minecraft:magma_cream":13,"minecraft:crimson_stem":28,"minecraft:clay":453,"minecraft:cooked_beef":68,"minecraft:spore_blossom":1,"minecraft:crossbow":11,"minecraft:mossy_stone_brick_stairs":1,"minecraft:saddle":10,"minecraft:elytra":49,"minecraft:dragon_breath":16,"minecraft:rail":4,"minecraft:leather_helmet":53,"minecraft:item_frame":3,"minecraft:dirt":4930,"minecraft:chain":3,"minecraft:jungle_sapling":11,"minecraft:wooden_sword":3,"minecraft:deepslate_coal_ore":1,"minecraft:bone_meal":260,"minecraft:bone_block":884,"minecraft:phantom_membrane":62,"minecraft:sugar":25,"minecraft:iron_pickaxe":2,"minecraft:music_disc_stal":1,"minecraft:bone":6178,"minecraft:oak_door":9,"minecraft:sugar_cane":39,"minecraft:golden_chestplate":27,"minecraft:nether_brick":2,"minecraft:pink_dye":1,"minecraft:birch_sapling":1,"minecraft:enchanted_golden_apple":3,"minecraft:end_stone":5,"minecraft:netherite_shovel":3,"minecraft:light_gray_carpet":11,"minecraft:jungle_trapdoor":6,"minecraft:yellow_stained_glass_pane":128,"minecraft:tipped_arrow":2,"minecraft:deepslate_tiles":3,"minecraft:deepslate_copper_ore":1,"minecraft:honey_block":8,"minecraft:hopper":4,"minecraft:white_dye":2,"minecraft:spruce_slab":6,"minecraft:end_stone_bricks":7,"minecraft:crying_obsidian":7,"minecraft:ghast_tear":2,"minecraft:lectern":1,"minecraft:egg":1,"minecraft:enchanted_book":7,"minecraft:crimson_planks":24,"minecraft:iron_ingot":96,"minecraft:netherite_pickaxe":47,"minecraft:cyan_stained_glass":3,"minecraft:tnt":18,"minecraft:deepslate_diamond_ore":105,"minecraft:netherite_helmet":12,"minecraft:oak_fence":4,"minecraft:feather":31,"minecraft:iron_helmet":13,"minecraft:cobblestone":426,"minecraft:apple":4,"minecraft:granite":210,"minecraft:music_disc_pigstep":1,"minecraft:spruce_door":2,"minecraft:chainmail_helmet":3,"minecraft:coal":103,"minecraft:end_rod":2,"minecraft:pufferfish":1,"minecraft:jungle_slab":69,"minecraft:golden_carrot":1125,"minecraft:iron_trapdoor":64,"minecraft:sponge":32,"minecraft:wooden_hoe":1,"minecraft:rabbit":1,"minecraft:rose_bush":10,"minecraft:diamond_helmet":3,"minecraft:dried_kelp":8,"minecraft:brown_terracotta":3,"minecraft:paper":65,"minecraft:iron_shovel":2,"minecraft:string":786,"minecraft:spruce_sapling":27,"minecraft:moss_carpet":42,"minecraft:redstone_ore":1,"minecraft:netherite_ingot":1,"minecraft:stone_sword":3,"minecraft:dark_oak_sign":18,"minecraft:deepslate":771,"minecraft:smooth_stone_slab":5,"minecraft:bowl":17,"minecraft:diamond_hoe":12,"minecraft:chicken":6,"minecraft:stone_slab":425,"minecraft:nether_bricks":14,"minecraft:spruce_fence":4,"minecraft:big_dripleaf":12,"minecraft:cobblestone_slab":6,"minecraft:potato":11,"minecraft:hay_block":4,"minecraft:shroomlight":16,"minecraft:stone":746,"minecraft:allium":1,"minecraft:wooden_shovel":1,"minecraft:spider_eye":58,"minecraft:birch_boat":2,"minecraft:magenta_dye":2,"minecraft:red_tulip":1,"minecraft:bell":1,"minecraft:dark_prismarine":12,"minecraft:black_wool":1,"minecraft:quartz_slab":26,"minecraft:spruce_sign":4,"minecraft:crimson_nylium":4,"minecraft:brown_mushroom":124,"minecraft:birch_planks":15,"minecraft:diamond_axe":56,"minecraft:baked_potato":30,"minecraft:sandstone_slab":6,"minecraft:lantern":2,"minecraft:flint":1848,"minecraft:deepslate_tile_stairs":2,"minecraft:cyan_terracotta":82,"minecraft:deepslate_gold_ore":350,"minecraft:netherite_scrap":7,"minecraft:dispenser":1,"minecraft:polished_blackstone_brick_stairs":2,"minecraft:crimson_roots":705,"minecraft:seagrass":369,"minecraft:cooked_cod":127,"minecraft:gilded_blackstone":3,"minecraft:pumpkin_pie":14,"minecraft:amethyst_shard":188,"minecraft:polished_blackstone_bricks":151,"minecraft:birch_log":32,"minecraft:black_stained_glass":9,"minecraft:brown_mushroom_block":6,"minecraft:gravel":382,"minecraft:crimson_fungus":53,"minecraft:blackstone":406,"minecraft:diamond_shovel":51,"minecraft:prismarine":29,"minecraft:carrot":1,"minecraft:chainmail_chestplate":5,"minecraft:brown_shulker_box":2,"minecraft:poppy":14,"minecraft:shulker_shell":134,"minecraft:rabbit_hide":1,"minecraft:gunpowder":1070,"minecraft:azalea":7,"minecraft:chainmail_boots":8,"minecraft:bee_nest":1,"minecraft:chest":73,"minecraft:arrow":8208,"minecraft:basalt":60,"minecraft:prismarine_bricks":18,"minecraft:quartz":11,"minecraft:written_book":6,"minecraft:oak_leaves":49,"minecraft:netherrack":6139,"minecraft:firework_rocket":1166,"minecraft:water_bucket":13,"minecraft:oak_slab":70,"minecraft:deepslate_iron_ore":154,"minecraft:mossy_cobblestone":14,"minecraft:diamond_leggings":3,"minecraft:prismarine_shard":19,"minecraft:lead":7,"minecraft:spectral_arrow":16,"minecraft:copper_ingot":12,"minecraft:grass_block":52,"minecraft:stick":239,"minecraft:diorite":171,"minecraft:nether_gold_ore":8,"minecraft:light_blue_stained_glass":99,"minecraft:torch":77,"minecraft:map":2,"minecraft:iron_leggings":15,"minecraft:smooth_quartz_slab":1,"minecraft:flowering_azalea":1,"minecraft:iron_axe":5,"minecraft:bucket":31,"minecraft:lapis_block":16,"minecraft:smooth_basalt":12,"minecraft:redstone":7,"minecraft:gray_stained_glass":32,"minecraft:warped_nylium":2,"minecraft:ender_chest":31,"minecraft:blaze_rod":14,"minecraft:raw_copper":85,"minecraft:tuff":355,"minecraft:raw_iron":23,"minecraft:light_gray_wool":1,"minecraft:red_terracotta":6,"minecraft:filled_map":22,"minecraft:snow":2,"minecraft:shield":3,"minecraft:diamond_chestplate":4,"minecraft:orange_terracotta":3,"minecraft:iron_chestplate":12,"minecraft:mossy_stone_bricks":5,"minecraft:oak_boat":41,"minecraft:golden_sword":10,"minecraft:diamond_boots":11,"minecraft:beacon":1,"minecraft:stone_pickaxe":2,"minecraft:raw_gold":38,"minecraft:nether_quartz_ore":2,"minecraft:calcite":11,"minecraft:white_stained_glass":20,"minecraft:light_blue_bed":1},"minecraft:killed":{"minecraft:guardian":21,"minecraft:skeleton_horse":1,"minecraft:tropical_fish":6,"minecraft:parrot":15,"minecraft:elder_guardian":15,"minecraft:salmon":2,"minecraft:iron_golem":11,"minecraft:pillager":359,"minecraft:zombie":485,"minecraft:evoker":55,"minecraft:vindicator":246,"minecraft:husk":16,"minecraft:rabbit":5,"minecraft:ravager":9,"minecraft:zombified_piglin":122,"minecraft:witch":86,"minecraft:spider":113,"minecraft:wither":1,"minecraft:bee":2,"minecraft:axolotl":17,"minecraft:silverfish":3,"minecraft:piglin_brute":67,"minecraft:piglin":182,"minecraft:zombie_villager":8,"minecraft:sheep":18,"minecraft:trader_llama":4,"minecraft:mooshroom":76,"minecraft:ghast":27,"minecraft:vex":10,"minecraft:slime":74,"minecraft:drowned":2057,"minecraft:hoglin":32,"minecraft:squid":113,"minecraft:wither_skeleton":62,"minecraft:cave_spider":9,"minecraft:dolphin":3,"minecraft:shulker":27,"minecraft:pufferfish":1,"minecraft:skeleton":4177,"minecraft:chicken":47,"minecraft:magma_cube":67,"minecraft:glow_squid":29,"minecraft:cow":47,"minecraft:ocelot":130,"minecraft:wandering_trader":2,"minecraft:enderman":4477,"minecraft:turtle":170,"minecraft:pig":42,"minecraft:strider":5,"minecraft:creeper":170,"minecraft:stray":1,"minecraft:blaze":95,"minecraft:phantom":180,"minecraft:panda":18,"minecraft:bat":75}},"DataVersion":3120}