{"stats":{"minecraft:killed_by":{"minecraft:zombie":1,"minecraft:player":3,"minecraft:enderman":1},"minecraft:broken":{"minecraft:shears":4,"minecraft:fishing_rod":5,"minecraft:iron_pickaxe":9,"minecraft:iron_shovel":4,"minecraft:stone_pickaxe":1,"minecraft:stone_axe":1,"minecraft:bow":1,"minecraft:iron_axe":2,"minecraft:flint_and_steel":1},"minecraft:crafted":{"minecraft:black_dye":353,"minecraft:chainmail_helmet":1,"minecraft:oxidized_cut_copper_slab":12,"minecraft:oak_sign":66,"minecraft:blaze_powder":42,"minecraft:diamond_shovel":4,"minecraft:shulker_box":53,"minecraft:diamond_helmet":1,"minecraft:beacon":2,"minecraft:stone_pressure_plate":32,"minecraft:tipped_arrow":120,"minecraft:lime_concrete_powder":16,"minecraft:name_tag":54,"minecraft:white_shulker_box":1,"minecraft:redstone_lamp":36,"minecraft:glow_item_frame":1,"minecraft:raw_gold_block":13,"minecraft:smithing_table":1,"minecraft:sticky_piston":50,"minecraft:fletching_table":17,"minecraft:mangrove_sign":3,"minecraft:polished_deepslate_slab":288,"minecraft:cartography_table":1,"minecraft:lectern":12,"minecraft:iron_pickaxe":14,"minecraft:sandstone":288,"minecraft:netherite_ingot":9,"minecraft:dark_prismarine":384,"minecraft:jungle_sign":3,"minecraft:golden_carrot":2460,"minecraft:orange_shulker_box":1,"minecraft:iron_nugget":234,"minecraft:spyglass":4,"minecraft:crimson_trapdoor":38,"minecraft:experience_bottle":42,"minecraft:diamond_hoe":1,"minecraft:prismarine_brick_stairs":80,"minecraft:spruce_fence":93,"minecraft:lantern":362,"minecraft:spruce_stairs":84,"minecraft:light_gray_shulker_box":1,"minecraft:black_concrete_powder":400,"minecraft:red_shulker_box":2,"minecraft:stone_pickaxe":2,"minecraft:quartz_slab":474,"minecraft:spruce_boat":1,"minecraft:lead":64,"minecraft:crimson_slab":72,"minecraft:yellow_stained_glass_pane":16,"minecraft:deepslate_tiles":232,"minecraft:enchanted_book":89,"minecraft:oak_fence_gate":12,"minecraft:chainmail_boots":1,"minecraft:fermented_spider_eye":8,"minecraft:writable_book":8,"minecraft:iron_shovel":7,"minecraft:note_block":24,"minecraft:cobblestone_slab":60,"minecraft:barrel":5,"minecraft:crimson_sign":9,"minecraft:cooked_chicken":2,"minecraft:stone":13,"minecraft:quartz_pillar":424,"minecraft:warped_planks":72,"minecraft:cake":9,"minecraft:stone_brick_slab":12,"minecraft:bow":254,"minecraft:comparator":7,"minecraft:chest":341,"minecraft:netherite_helmet":1,"minecraft:oak_button":4,"minecraft:copper_block":878,"minecraft:rail":16,"minecraft:ender_eye":24,"minecraft:stone_bricks":132,"minecraft:oak_fence":96,"minecraft:respawn_anchor":1,"minecraft:sea_lantern":2,"minecraft:dropper":96,"minecraft:arrow":2512,"minecraft:iron_helmet":1,"minecraft:chiseled_polished_blackstone":1,"minecraft:yellow_stained_glass":8,"minecraft:oxidized_cut_copper":28,"minecraft:apple":100,"minecraft:tnt":81,"minecraft:spruce_trapdoor":76,"minecraft:stick":2836,"minecraft:iron_ingot":946,"minecraft:deepslate_bricks":232,"minecraft:deepslate_tile_slab":78,"minecraft:oak_door":30,"minecraft:netherite_sword":1,"minecraft:spruce_button":1400,"minecraft:furnace":12,"minecraft:piston":72,"minecraft:raw_copper_block":128,"minecraft:oak_trapdoor":318,"minecraft:flint_and_steel":6,"minecraft:scaffolding":384,"minecraft:cobblestone_wall":30,"minecraft:brown_shulker_box":10,"minecraft:smooth_quartz_slab":24,"minecraft:birch_sign":3,"minecraft:iron_trapdoor":13,"minecraft:purple_shulker_box":1,"minecraft:mangrove_door":3,"minecraft:iron_sword":5,"minecraft:cooked_salmon":4,"minecraft:golden_shovel":1,"minecraft:mangrove_planks":24,"minecraft:jungle_planks":556,"minecraft:white_dye":11,"minecraft:netherite_shovel":1,"minecraft:stonecutter":2,"minecraft:anvil":8,"minecraft:torch":2672,"minecraft:diamond_chestplate":1,"minecraft:ender_chest":8,"minecraft:cut_sandstone":96,"minecraft:oak_pressure_plate":99,"minecraft:dark_oak_wood":231,"minecraft:mangrove_fence_gate":1,"minecraft:oxidized_cut_copper_stairs":12,"minecraft:birch_slab":36,"minecraft:slime_block":82,"minecraft:polished_blackstone_slab":6,"minecraft:lever":120,"minecraft:bookshelf":1681,"minecraft:cooked_mutton":14,"minecraft:iron_bars":64,"minecraft:red_concrete_powder":16,"minecraft:quartz_block":3134,"minecraft:glass":5949,"minecraft:repeater":71,"minecraft:diamond_leggings":7,"minecraft:polished_blackstone":4,"minecraft:birch_door":42,"minecraft:chiseled_quartz_block":40,"minecraft:cooked_rabbit":1,"minecraft:glass_bottle":3102,"minecraft:deepslate":1,"minecraft:emerald":11530,"minecraft:smooth_quartz":1536,"minecraft:cooked_porkchop":9,"minecraft:diamond_axe":4,"minecraft:clock":24,"minecraft:copper_ingot":7708,"minecraft:campfire":8,"minecraft:lime_shulker_box":2,"minecraft:compass":304,"minecraft:iron_block":11,"minecraft:gold_ingot":482,"minecraft:yellow_concrete_powder":16,"minecraft:stone_shovel":15,"minecraft:polished_deepslate_stairs":20,"minecraft:player_head":119,"minecraft:bone_meal":1332,"minecraft:white_carpet":9,"minecraft:diamond":810,"minecraft:netherite_axe":1,"minecraft:detector_rail":54,"minecraft:ladder":36,"minecraft:spruce_slab":882,"minecraft:diamond_boots":7,"minecraft:redstone_block":11,"minecraft:dark_oak_planks":644,"minecraft:wheat":72,"minecraft:crossbow":233,"minecraft:netherite_pickaxe":2,"minecraft:sandstone_slab":384,"minecraft:gray_concrete_powder":64,"minecraft:polished_granite":3008,"minecraft:conduit":9,"minecraft:glowstone":1,"minecraft:white_stained_glass":8,"minecraft:golden_apple":28,"minecraft:flint":700,"minecraft:gray_shulker_box":6,"minecraft:cyan_shulker_box":1,"minecraft:oak_stairs":32,"minecraft:iron_leggings":1,"minecraft:white_bed":26,"minecraft:music_disc_5":1,"minecraft:oak_planks":3344,"minecraft:mangrove_boat":1,"minecraft:cobblestone_stairs":16,"minecraft:spruce_pressure_plate":64,"minecraft:suspicious_stew":29,"minecraft:hopper":52,"minecraft:iron_boots":1,"minecraft:raw_copper":1215,"minecraft:written_book":7,"minecraft:smoker":1,"minecraft:quartz_stairs":556,"minecraft:oak_slab":222,"minecraft:item_frame":123,"minecraft:map":150,"minecraft:crafting_table":21,"minecraft:spruce_planks":3376,"minecraft:wooden_pickaxe":1,"minecraft:gold_block":32,"minecraft:hopper_minecart":3,"minecraft:brewing_stand":1,"minecraft:birch_planks":1548,"minecraft:black_shulker_box":1,"minecraft:dark_oak_slab":192,"minecraft:iron_chestplate":2,"minecraft:book":7,"minecraft:paper":4362,"minecraft:diamond_pickaxe":5,"minecraft:emerald_block":207,"minecraft:shield":9,"minecraft:warped_slab":84,"minecraft:netherite_hoe":1,"minecraft:stone_sword":1,"minecraft:green_shulker_box":1,"minecraft:redstone_torch":207,"minecraft:sponge":38,"minecraft:shears":7,"minecraft:sandstone_stairs":44,"minecraft:cookie":360,"minecraft:redstone":855,"minecraft:raw_iron":9,"minecraft:coal":603,"minecraft:stone_button":3,"minecraft:dark_oak_trapdoor":10,"minecraft:dark_oak_sign":48,"minecraft:diamond_block":218,"minecraft:glass_pane":80,"minecraft:yellow_shulker_box":11,"minecraft:polished_deepslate":616,"minecraft:iron_axe":5,"minecraft:spruce_wood":252,"minecraft:iron_hoe":5,"minecraft:slime_ball":63,"minecraft:orange_concrete_powder":16,"minecraft:filled_map":1,"minecraft:netherite_scrap":33,"minecraft:observer":115,"minecraft:minecart":35,"minecraft:cooked_beef":10,"minecraft:sugar":6,"minecraft:crimson_planks":460,"minecraft:bone_block":46,"minecraft:diamond_sword":1,"minecraft:spruce_sign":24,"minecraft:dark_oak_stairs":184,"minecraft:powered_rail":6,"minecraft:yellow_carpet":96,"minecraft:bell":123,"minecraft:smooth_sandstone":1664,"minecraft:bucket":12,"minecraft:stone_axe":2,"minecraft:bread":268,"minecraft:air":0,"minecraft:oak_boat":3,"minecraft:white_wool":20,"minecraft:pumpkin_pie":32,"minecraft:firework_rocket":576},"minecraft:custom":{"minecraft:interact_with_crafting_table":746,"minecraft:damage_blocked_by_shield":330,"minecraft:play_time":15732345,"minecraft:deaths":7,"minecraft:jump":255113,"minecraft:play_record":65,"minecraft:interact_with_cartography_table":3,"minecraft:interact_with_smoker":9,"minecraft:inspect_dispenser":65,"minecraft:horse_one_cm":34741,"minecraft:inspect_dropper":669,"minecraft:interact_with_anvil":157,"minecraft:inspect_hopper":506,"minecraft:tune_noteblock":74,"minecraft:time_since_rest":751416,"minecraft:swim_one_cm":5148541,"minecraft:open_chest":10988,"minecraft:open_shulker_box":3865,"minecraft:damage_resisted":3161,"minecraft:play_noteblock":1217,"minecraft:talked_to_villager":2712,"minecraft:interact_with_brewingstand":81,"minecraft:interact_with_beacon":19,"minecraft:raid_win":1,"minecraft:boat_one_cm":13598260,"minecraft:damage_taken":123339,"minecraft:aviate_one_cm":183270265,"minecraft:open_barrel":2966,"minecraft:bell_ring":1507,"minecraft:leave_game":693,"minecraft:time_since_death":751395,"minecraft:enchant_item":58,"minecraft:interact_with_furnace":942,"minecraft:traded_with_villager":11819,"minecraft:sleep_in_bed":176,"minecraft:damage_dealt":659587,"minecraft:interact_with_smithing_table":23,"minecraft:damage_dealt_absorbed":125,"minecraft:target_hit":2,"minecraft:sneak_time":1174045,"minecraft:interact_with_lectern":117,"minecraft:interact_with_blast_furnace":22,"minecraft:total_world_time":15732345,"minecraft:interact_with_stonecutter":84,"minecraft:fly_one_cm":87224393,"minecraft:fall_one_cm":9710660,"minecraft:animals_bred":15,"minecraft:sprint_one_cm":45855990,"minecraft:drop":5844,"minecraft:walk_on_water_one_cm":2704063,"minecraft:interact_with_loom":1,"minecraft:open_enderchest":1730,"minecraft:player_kills":8,"minecraft:crouch_one_cm":4967957,"minecraft:mob_kills":11211,"minecraft:climb_one_cm":886268,"minecraft:walk_one_cm":31931914,"minecraft:walk_under_water_one_cm":5577065,"minecraft:interact_with_grindstone":62,"minecraft:damage_absorbed":584,"minecraft:minecart_one_cm":70613,"minecraft:pig_one_cm":2412},"minecraft:killed":{"minecraft:guardian":16,"minecraft:tropical_fish":17,"minecraft:skeleton_horse":20,"minecraft:parrot":2,"minecraft:elder_guardian":4,"minecraft:salmon":4,"minecraft:iron_golem":18,"minecraft:pillager":48,"minecraft:goat":1,"minecraft:zombie":614,"minecraft:evoker":11,"minecraft:vindicator":46,"minecraft:warden":1,"minecraft:husk":1,"minecraft:rabbit":6,"minecraft:frog":1,"minecraft:ravager":6,"minecraft:zombified_piglin":2274,"minecraft:witch":8,"minecraft:spider":107,"minecraft:wither":2,"minecraft:axolotl":55,"minecraft:silverfish":8,"minecraft:piglin_brute":4,"minecraft:piglin":203,"minecraft:zombie_villager":6,"minecraft:sheep":14,"minecraft:trader_llama":18,"minecraft:mooshroom":26,"minecraft:ghast":25,"minecraft:vex":12,"minecraft:slime":461,"minecraft:drowned":3993,"minecraft:hoglin":21,"minecraft:squid":8,"minecraft:wither_skeleton":76,"minecraft:villager":3,"minecraft:cave_spider":3,"minecraft:skeleton":580,"minecraft:chicken":79,"minecraft:cat":18,"minecraft:magma_cube":79,"minecraft:glow_squid":21,"minecraft:cow":6,"minecraft:zoglin":1,"minecraft:ocelot":5,"minecraft:wandering_trader":10,"minecraft:enderman":1161,"minecraft:pig":11,"minecraft:strider":19,"minecraft:creeper":199,"minecraft:stray":2,"minecraft:blaze":73,"minecraft:phantom":317,"minecraft:panda":1,"minecraft:bat":40},"minecraft:used":{"minecraft:moss_block":103,"minecraft:writable_book":58,"minecraft:polished_granite_stairs":133,"minecraft:smooth_quartz_slab":71,"minecraft:dispenser":2,"minecraft:poppy":19,"minecraft:stone":3555,"minecraft:quartz_stairs":436,"minecraft:rotten_flesh":5,"minecraft:soul_sand":43,"minecraft:weathered_copper":19,"minecraft:cocoa_beans":24,"minecraft:deepslate_brick_slab":2,"minecraft:snowball":24,"minecraft:weeping_vines":1,"minecraft:spruce_boat":24,"minecraft:packed_ice":159,"minecraft:stripped_dark_oak_wood":8,"minecraft:quartz_pillar":832,"minecraft:red_wool":767,"minecraft:deepslate_copper_ore":78,"minecraft:quartz_block":3452,"minecraft:netherite_hoe":4518,"minecraft:dark_oak_slab":136,"minecraft:netherite_boots":11,"minecraft:bow":3637,"minecraft:oak_sapling":5,"minecraft:dark_prismarine_stairs":46,"minecraft:deepslate_brick_wall":1,"minecraft:mossy_stone_bricks":28,"minecraft:damaged_anvil":1,"minecraft:prismarine":169,"minecraft:blackstone":5,"minecraft:wooden_pickaxe":4,"minecraft:composter":8,"minecraft:clay":105,"minecraft:jungle_boat":4,"minecraft:golden_apple":9,"minecraft:glow_berries":9,"minecraft:cut_sandstone_slab":1866,"minecraft:blast_furnace":10,"minecraft:cyan_dye":2,"minecraft:chiseled_quartz_block":58,"minecraft:gray_concrete":40,"minecraft:birch_fence":44,"minecraft:mangrove_door":1,"minecraft:gray_stained_glass_pane":2,"minecraft:oak_pressure_plate":136,"minecraft:diamond_sword":181,"minecraft:smithing_table":5,"minecraft:oak_boat":247,"minecraft:purple_wool":10,"minecraft:oak_trapdoor":370,"minecraft:dead_bush":6,"minecraft:music_disc_5":2,"minecraft:cooked_salmon":4,"minecraft:torch":1862,"minecraft:brewing_stand":3,"minecraft:light_blue_dye":2,"minecraft:nether_quartz_ore":1728,"minecraft:yellow_carpet":21,"minecraft:golden_shovel":1,"minecraft:oak_fence_gate":9,"minecraft:fern":40,"minecraft:music_disc_mellohi":1,"minecraft:sea_lantern":499,"minecraft:chipped_anvil":5,"minecraft:iron_block":146,"minecraft:muddy_mangrove_roots":22,"minecraft:jungle_log":9,"minecraft:barrel":21,"minecraft:bamboo":44,"minecraft:tadpole_bucket":3,"minecraft:basalt":7,"minecraft:calcite":54,"minecraft:wheat_seeds":712,"minecraft:birch_planks":14,"minecraft:lead":1,"minecraft:glow_ink_sac":57,"minecraft:gold_ore":25,"minecraft:deepslate_bricks":15,"minecraft:conduit":4,"minecraft:polished_deepslate_slab":277,"minecraft:diamond_block":63,"minecraft:brown_dye":2,"minecraft:rail":31,"minecraft:crimson_trapdoor":45,"minecraft:green_dye":3,"minecraft:sculk_shrieker":6,"minecraft:campfire":10,"minecraft:white_bed":43,"minecraft:spruce_log":101,"minecraft:music_disc_strad":1,"minecraft:mushroom_stem":4,"minecraft:blue_stained_glass_pane":1,"minecraft:yellow_dye":4,"minecraft:diamond_pickaxe":24228,"minecraft:diamond_shovel":8215,"minecraft:acacia_sign":1,"minecraft:oak_button":5,"minecraft:suspicious_stew":16,"minecraft:spruce_trapdoor":82,"minecraft:spruce_sapling":48,"minecraft:potion":6,"minecraft:azalea_leaves":1,"minecraft:cooked_porkchop":199,"minecraft:moss_carpet":20,"minecraft:polished_deepslate":153,"minecraft:nether_wart":5,"minecraft:grass":15,"minecraft:bubble_coral":1,"minecraft:spruce_leaves":1,"minecraft:jungle_planks":1,"minecraft:music_disc_13":8,"minecraft:obsidian":760,"minecraft:big_dripleaf":17,"minecraft:mangrove_log":6,"minecraft:lantern":39,"minecraft:spruce_wood":95,"minecraft:green_wool":11,"minecraft:raw_gold_block":12,"minecraft:item_frame":261,"minecraft:deepslate_diamond_ore":338,"minecraft:birch_button":32,"minecraft:written_book":60,"minecraft:mangrove_roots":23,"minecraft:gold_block":386,"minecraft:dark_oak_sapling":36,"minecraft:mangrove_leaves":40,"minecraft:dropper":51,"minecraft:wither_skeleton_skull":13,"minecraft:stone_pickaxe":174,"minecraft:gray_carpet":8,"minecraft:jungle_fence":2,"minecraft:oak_planks":6,"minecraft:sandstone":6475,"minecraft:diamond_axe":185,"minecraft:sugar_cane":33,"minecraft:white_wool":10,"minecraft:netherite_leggings":5,"minecraft:light_blue_wool":25,"minecraft:yellow_concrete":5,"minecraft:crossbow":3,"minecraft:end_stone":14,"minecraft:sticky_piston":100,"minecraft:dead_fire_coral_fan":25,"minecraft:lever":95,"minecraft:dark_oak_log":2,"minecraft:brown_wool":10,"minecraft:bread":260,"minecraft:warped_slab":86,"minecraft:barrier":494,"minecraft:iron_door":1,"minecraft:deepslate":1188,"minecraft:chain":6,"minecraft:cooked_rabbit":1,"minecraft:smooth_stone_slab":2,"minecraft:bone_meal":136,"minecraft:orange_concrete_powder":12,"minecraft:netherite_sword":8423,"minecraft:rose_bush":101,"minecraft:white_tulip":7,"minecraft:flint_and_steel":140,"minecraft:redstone":325,"minecraft:ender_chest":166,"minecraft:brown_shulker_box":16,"minecraft:deepslate_gold_ore":104,"minecraft:cooked_chicken":3,"minecraft:dirt":21802,"minecraft:prismarine_bricks":149,"minecraft:bee_nest":10,"minecraft:spruce_fence":77,"minecraft:iron_hoe":422,"minecraft:brown_terracotta":162,"minecraft:oak_stairs":12,"minecraft:smooth_sandstone":642,"minecraft:crimson_slab":68,"minecraft:iron_boots":2,"minecraft:yellow_concrete_powder":12,"minecraft:soul_soil":2,"minecraft:lime_stained_glass":10,"minecraft:deepslate_tile_stairs":4,"minecraft:minecart":79,"minecraft:netherite_pickaxe":108092,"minecraft:cooked_beef":8,"minecraft:turtle_egg":17,"minecraft:iron_leggings":1,"minecraft:quartz_bricks":241,"minecraft:cobblestone_stairs":18,"minecraft:lodestone":2,"minecraft:snow_block":8,"minecraft:birch_boat":2,"minecraft:brown_mushroom":182,"minecraft:cut_sandstone":8043,"minecraft:spruce_sign":45,"minecraft:warped_roots":1,"minecraft:music_disc_cat":5,"minecraft:dark_prismarine_slab":40,"minecraft:red_mushroom":107,"minecraft:netherite_block":13,"minecraft:piston":27,"minecraft:flower_pot":1,"minecraft:black_wool":10,"minecraft:command_block":6,"minecraft:gray_candle":6,"minecraft:detector_rail":51,"minecraft:yellow_wool":132,"minecraft:stone_axe":178,"minecraft:cobbled_deepslate_slab":708,"minecraft:cyan_stained_glass_pane":6,"minecraft:gray_wool":47,"minecraft:orange_dye":3,"minecraft:peony":1,"minecraft:spruce_slab":653,"minecraft:elytra":3,"minecraft:ladder":43,"minecraft:mangrove_fence_gate":1,"minecraft:chest":368,"minecraft:white_shulker_box":7,"minecraft:jungle_slab":47,"minecraft:orange_wool":12,"minecraft:honey_block":4,"minecraft:honeycomb":48,"minecraft:netherite_shovel":64591,"minecraft:black_stained_glass_pane":4,"minecraft:grass_block":2957,"minecraft:birch_sapling":4,"minecraft:orange_shulker_box":3,"minecraft:copper_ore":787,"minecraft:wet_sponge":335,"minecraft:music_disc_wait":7,"minecraft:dark_oak_button":38,"minecraft:pink_wool":10,"minecraft:music_disc_stal":4,"minecraft:stripped_mangrove_log":7,"minecraft:snow":127,"minecraft:dark_oak_boat":1,"minecraft:sweet_berries":135,"minecraft:furnace":23,"minecraft:egg":470,"minecraft:potato":2,"minecraft:seagrass":15,"minecraft:diorite":78,"minecraft:spruce_door":6,"minecraft:powered_rail":10,"minecraft:orange_tulip":2,"minecraft:lime_concrete_powder":12,"minecraft:oak_leaves":419,"minecraft:smooth_quartz_stairs":165,"minecraft:cookie":81,"minecraft:blue_dye":2,"minecraft:sand":16323,"minecraft:blue_ice":2,"minecraft:netherite_helmet":6,"minecraft:oxidized_cut_copper_slab":2,"minecraft:black_concrete_powder":400,"minecraft:lightning_rod":2,"minecraft:deepslate_tiles":2,"minecraft:chiseled_sandstone":1693,"minecraft:crying_obsidian":1,"minecraft:stone_button":17,"minecraft:spore_blossom":1,"minecraft:lectern":221,"minecraft:polished_granite":2499,"minecraft:diamond_ore":43,"minecraft:lilac":1,"minecraft:fire_charge":1,"minecraft:dark_oak_fence":17,"minecraft:white_stained_glass":17,"minecraft:ice":6,"minecraft:iron_bars":42,"minecraft:stone_sword":23,"minecraft:red_concrete":1,"minecraft:mycelium":655,"minecraft:sandstone_wall":688,"minecraft:netherrack":2865,"minecraft:light_gray_shulker_box":3,"minecraft:warped_wart_block":1,"minecraft:anvil":10,"minecraft:polished_granite_slab":128,"minecraft:nether_brick_stairs":1,"minecraft:red_shulker_box":62,"minecraft:flowering_azalea":12,"minecraft:gray_dye":2,"minecraft:cyan_shulker_box":12,"minecraft:iron_axe":595,"minecraft:rooted_dirt":24,"minecraft:slime_block":315,"minecraft:spruce_button":635,"minecraft:smooth_quartz":706,"minecraft:lime_dye":2,"minecraft:totem_of_undying":29,"minecraft:smooth_basalt":5,"minecraft:glowstone":354,"minecraft:iron_trapdoor":16,"minecraft:magenta_wool":10,"minecraft:oxidized_copper":587,"minecraft:cobbled_deepslate":492,"minecraft:observer":162,"minecraft:magenta_dye":3,"minecraft:crimson_stem":2,"minecraft:water_bucket":968,"minecraft:sandstone_stairs":256,"minecraft:yellow_shulker_box":130,"minecraft:lime_wool":37,"minecraft:cartography_table":2,"minecraft:fletching_table":26,"minecraft:cracked_stone_bricks":23,"minecraft:vine":8,"minecraft:comparator":3,"minecraft:oak_slab":59,"minecraft:tnt":72,"minecraft:crafting_table":83,"minecraft:birch_sign":8,"minecraft:lime_shulker_box":32,"minecraft:mangrove_sign":1,"minecraft:cake":10,"minecraft:mud":155,"minecraft:dark_prismarine":100,"minecraft:ender_eye":24,"minecraft:cornflower":33,"minecraft:mangrove_propagule":4,"minecraft:iron_pickaxe":2385,"minecraft:crimson_nylium":3,"minecraft:crimson_sign":10,"minecraft:chiseled_stone_bricks":4,"minecraft:cobblestone":1931,"minecraft:red_concrete_powder":8,"minecraft:sandstone_slab":331,"minecraft:glass_pane":12,"minecraft:black_candle":7,"minecraft:kelp":112,"minecraft:brown_mushroom_block":1,"minecraft:jukebox":1,"minecraft:sculk_vein":312,"minecraft:light_blue_stained_glass_pane":2,"minecraft:light_gray_dye":2,"minecraft:iron_shovel":1341,"minecraft:oak_sign":79,"minecraft:shield":3,"minecraft:white_terracotta":4,"minecraft:iron_sword":153,"minecraft:purple_shulker_box":48,"minecraft:bell":8,"minecraft:player_head":71,"minecraft:smooth_sandstone_stairs":687,"minecraft:sculk_sensor":26,"minecraft:nether_bricks":12,"minecraft:prismarine_brick_stairs":92,"minecraft:carrot":891,"minecraft:deepslate_tile_slab":342,"minecraft:tuff":283,"minecraft:music_disc_11":4,"minecraft:cyan_wool":11,"minecraft:milk_bucket":12,"minecraft:polished_deepslate_stairs":35,"minecraft:glass":490,"minecraft:coal_ore":898,"minecraft:quartz_slab":154,"minecraft:dark_oak_wood":14,"minecraft:iron_helmet":1,"minecraft:gray_concrete_powder":64,"minecraft:hopper_minecart":3,"minecraft:stone_bricks":94,"minecraft:bedrock":126,"minecraft:repeater":135,"minecraft:red_carpet":14,"minecraft:redstone_lamp":33,"minecraft:magma_block":4,"minecraft:scaffolding":128,"minecraft:oxidized_cut_copper_stairs":9,"minecraft:fire_coral_fan":32,"minecraft:stripped_spruce_wood":1,"minecraft:dark_oak_stairs":127,"minecraft:dark_oak_sign":20,"minecraft:ender_pearl":101,"minecraft:redstone_block":9,"minecraft:black_banner":1,"minecraft:sponge":418,"minecraft:note_block":25,"minecraft:stone_brick_wall":5,"minecraft:shears":1222,"minecraft:exposed_copper":111,"minecraft:redstone_torch":72,"minecraft:black_concrete":321,"minecraft:firework_rocket":3521,"minecraft:gray_shulker_box":10,"minecraft:lime_carpet":1,"minecraft:string":15,"minecraft:gravel":517,"minecraft:jungle_sign":2,"minecraft:grindstone":3,"minecraft:deepslate_coal_ore":2,"minecraft:andesite":168,"minecraft:experience_bottle":57,"minecraft:cobweb":1,"minecraft:oak_fence":105,"minecraft:azalea":30,"minecraft:purpur_block":2,"minecraft:jungle_leaves":3,"minecraft:trident":5748,"minecraft:music_disc_otherside":33,"minecraft:stone_shovel":126,"minecraft:spruce_planks":171,"minecraft:sculk":152,"minecraft:oak_door":26,"minecraft:spyglass":37,"minecraft:white_carpet":13,"minecraft:hopper":52,"minecraft:spruce_stairs":91,"minecraft:cobblestone_wall":51,"minecraft:shulker_box":246,"minecraft:pink_carpet":20,"minecraft:pink_dye":6,"minecraft:granite":135,"minecraft:andesite_wall":38,"minecraft:birch_door":6,"minecraft:stone_brick_slab":11,"minecraft:dark_oak_planks":120,"minecraft:bookshelf":1643,"minecraft:yellow_stained_glass":5,"minecraft:red_candle":1,"minecraft:light_gray_wool":34,"minecraft:golden_carrot":2195,"minecraft:emerald_block":761,"minecraft:white_stained_glass_pane":1,"minecraft:cyan_banner":1,"minecraft:red_dye":4,"minecraft:mangrove_boat":14,"minecraft:cooked_mutton":14,"minecraft:acacia_boat":1,"minecraft:amethyst_block":5,"minecraft:iron_ore":2,"minecraft:pink_tulip":8,"minecraft:glass_bottle":36,"minecraft:polished_andesite":4,"minecraft:netherite_chestplate":1,"minecraft:blue_wool":10,"minecraft:copper_block":756,"minecraft:black_shulker_box":1,"minecraft:beacon":10,"minecraft:magenta_stained_glass":1,"minecraft:white_dye":14,"minecraft:stonecutter":7,"minecraft:cobblestone_slab":38,"minecraft:glow_item_frame":3,"minecraft:stripped_dark_oak_log":1,"minecraft:yellow_stained_glass_pane":1,"minecraft:dark_oak_door":1,"minecraft:purple_stained_glass":1,"minecraft:apple":9,"minecraft:netherite_axe":10158,"minecraft:purple_dye":2,"minecraft:green_shulker_box":3,"minecraft:fishing_rod":97,"minecraft:white_banner":2,"minecraft:bucket":771,"minecraft:smooth_stone":1,"minecraft:splash_potion":27},"minecraft:mined":{"minecraft:cut_sandstone_slab":79,"minecraft:white_bed":18,"minecraft:red_shulker_box":62,"minecraft:fire_coral_wall_fan":53,"minecraft:cyan_shulker_box":12,"minecraft:granite":4607,"minecraft:acacia_log":63,"minecraft:brown_wool":9,"minecraft:oak_pressure_plate":66,"minecraft:blue_wool":9,"minecraft:oak_wall_sign":28,"minecraft:nether_wart":3,"minecraft:spawner":4,"minecraft:polished_blackstone_bricks":24,"minecraft:magma_block":70,"minecraft:dark_oak_trapdoor":1,"minecraft:barrel":12,"minecraft:cobbled_deepslate":304,"minecraft:fire":508,"minecraft:deepslate_lapis_ore":70,"minecraft:fletching_table":6,"minecraft:nether_brick_stairs":1,"minecraft:pink_tulip":71,"minecraft:white_shulker_box":7,"minecraft:spruce_wood":2,"minecraft:white_banner":2,"minecraft:player_head":37,"minecraft:tripwire":4,"minecraft:sandstone_slab":53,"minecraft:cut_sandstone":292,"minecraft:kelp_plant":3,"minecraft:deepslate_brick_wall":1,"minecraft:crimson_nylium":22,"minecraft:deepslate_tile_slab":347,"minecraft:powder_snow":14,"minecraft:torch":127,"minecraft:note_block":4,"minecraft:oxidized_copper":740,"minecraft:spruce_wall_sign":29,"minecraft:smooth_quartz_slab":3,"minecraft:tube_coral_fan":1,"minecraft:lime_shulker_box":32,"minecraft:sugar_cane":81,"minecraft:amethyst_block":505,"minecraft:white_terracotta":5,"minecraft:repeater":72,"minecraft:mud":895,"minecraft:grass":253,"minecraft:infested_mossy_stone_bricks":2,"minecraft:birch_button":6,"minecraft:smooth_quartz":39,"minecraft:sandstone_wall":17,"minecraft:mangrove_log":41,"minecraft:smooth_basalt":106,"minecraft:acacia_sign":1,"minecraft:deepslate":8581,"minecraft:deepslate_tiles":3,"minecraft:dark_prismarine":28,"minecraft:light_blue_wool":12,"minecraft:dark_oak_log":386,"minecraft:sea_lantern":93,"minecraft:end_stone":8,"minecraft:dark_oak_fence":7,"minecraft:spruce_fence":7,"minecraft:redstone_wire":127,"minecraft:cartography_table":1,"minecraft:redstone_ore":22,"minecraft:pink_concrete":3,"minecraft:andesite":2386,"minecraft:big_dripleaf_stem":8,"minecraft:cobblestone_slab":5,"minecraft:vine":75,"minecraft:rail":159,"minecraft:brain_coral_wall_fan":38,"minecraft:green_wool":10,"minecraft:ender_chest":166,"minecraft:oak_slab":8,"minecraft:redstone_block":6,"minecraft:glass_pane":20,"minecraft:soul_sand":198,"minecraft:lily_of_the_valley":13,"minecraft:polished_blackstone_brick_wall":7,"minecraft:cornflower":2,"minecraft:crimson_slab":34,"minecraft:campfire":2,"minecraft:lightning_rod":2,"minecraft:tall_grass":232,"minecraft:copper_ore":1880,"minecraft:deepslate_gold_ore":229,"minecraft:diorite":3518,"minecraft:warped_wart_block":3,"minecraft:purple_wool":9,"minecraft:red_terracotta":3,"minecraft:cobblestone_wall":51,"minecraft:stripped_spruce_wood":1,"minecraft:dark_oak_wall_sign":4,"minecraft:mangrove_leaves":365,"minecraft:dark_oak_button":4,"minecraft:gravel":3673,"minecraft:cobweb":13,"minecraft:brown_terracotta":22,"minecraft:oak_button":5,"minecraft:birch_sign":1,"minecraft:polished_blackstone":2,"minecraft:stone_bricks":87,"minecraft:gold_ore":76,"minecraft:chipped_anvil":6,"minecraft:iron_trapdoor":2,"minecraft:fern":61,"minecraft:oak_sapling":4,"minecraft:farmland":15,"minecraft:mossy_stone_brick_slab":1,"minecraft:orange_stained_glass":1,"minecraft:orange_wool":11,"minecraft:brewing_stand":4,"minecraft:spruce_trapdoor":16,"minecraft:budding_amethyst":1,"minecraft:cracked_polished_blackstone_bricks":5,"minecraft:white_concrete":1,"minecraft:bubble_coral_fan":1,"minecraft:composter":8,"minecraft:sculk_catalyst":31,"minecraft:turtle_egg":22,"minecraft:red_tulip":64,"minecraft:flowering_azalea_leaves":23,"minecraft:iron_bars":17,"minecraft:azalea":31,"minecraft:spruce_slab":17,"minecraft:netherite_block":13,"minecraft:deepslate_redstone_ore":118,"minecraft:brown_shulker_box":16,"minecraft:quartz_block":797,"minecraft:exposed_copper":111,"minecraft:medium_amethyst_bud":44,"minecraft:orange_terracotta":3,"minecraft:beacon":10,"minecraft:nether_quartz_ore":2910,"minecraft:oak_planks":10,"minecraft:wall_torch":55,"minecraft:fire_coral_fan":1,"minecraft:warped_nylium":38,"minecraft:powered_rail":16,"minecraft:dark_oak_slab":8,"minecraft:blue_ice":2,"minecraft:tnt":59,"minecraft:smooth_stone_slab":2,"minecraft:oak_log":321,"minecraft:dirt":35309,"minecraft:raw_copper_block":7,"minecraft:dispenser":4,"minecraft:ancient_debris":33,"minecraft:crying_obsidian":1,"minecraft:pink_carpet":20,"minecraft:quartz_stairs":38,"minecraft:dark_oak_leaves":35,"minecraft:red_stained_glass":1,"minecraft:mangrove_roots":92,"minecraft:lever":25,"minecraft:ladder":10,"minecraft:tube_coral_wall_fan":45,"minecraft:stone_button":4,"minecraft:weathered_copper":19,"minecraft:brown_mushroom_block":2331,"minecraft:spruce_leaves":185,"minecraft:crimson_stem":110,"minecraft:light_gray_shulker_box":3,"minecraft:detector_rail":21,"minecraft:peony":1,"minecraft:gold_block":258,"minecraft:bookshelf":1596,"minecraft:deepslate_iron_ore":212,"minecraft:oxidized_cut_copper_slab":1,"minecraft:wet_sponge":410,"minecraft:pink_terracotta":2,"minecraft:acacia_leaves":13,"minecraft:scaffolding":3,"minecraft:magenta_stained_glass":2,"minecraft:snow_block":8,"minecraft:stripped_dark_oak_log":1,"minecraft:basalt":60,"minecraft:polished_granite":78,"minecraft:oak_fence":10,"minecraft:honey_block":12,"minecraft:lime_carpet":1,"minecraft:stone_slab":2,"minecraft:quartz_bricks":25,"minecraft:deepslate_coal_ore":4,"minecraft:red_concrete":1,"minecraft:prismarine_bricks":311,"minecraft:birch_planks":11,"minecraft:bubble_coral":1,"minecraft:ice":12,"minecraft:bee_nest":9,"minecraft:muddy_mangrove_roots":72,"minecraft:black_wool":12,"minecraft:cocoa":1,"minecraft:yellow_concrete":5,"minecraft:purple_shulker_box":48,"minecraft:cracked_stone_bricks":31,"minecraft:stripped_acacia_wood":2,"minecraft:small_dripleaf":10,"minecraft:mossy_stone_bricks":48,"minecraft:crimson_fence":3,"minecraft:jungle_wall_sign":1,"minecraft:dark_oak_planks":42,"minecraft:polished_granite_slab":7,"minecraft:dark_prismarine_stairs":2,"minecraft:jungle_leaves":7,"minecraft:obsidian":790,"minecraft:red_sand":2,"minecraft:crimson_trapdoor":21,"minecraft:stone_brick_wall":29,"minecraft:yellow_carpet":2,"minecraft:jungle_log":138,"minecraft:horn_coral_fan":2,"minecraft:deepslate_bricks":22,"minecraft:deepslate_tile_stairs":4,"minecraft:lime_stained_glass":11,"minecraft:hopper":29,"minecraft:chiseled_stone_bricks":4,"minecraft:light_blue_stained_glass":1,"minecraft:weeping_vines_plant":3,"minecraft:tall_seagrass":90,"minecraft:sticky_piston":79,"minecraft:dead_fire_coral_wall_fan":44,"minecraft:cyan_wall_banner":1,"minecraft:moss_carpet":38,"minecraft:enchanting_table":1,"minecraft:sculk_shrieker":32,"minecraft:quartz_slab":36,"minecraft:cave_vines":14,"minecraft:oak_sign":19,"minecraft:polished_deepslate_slab":6,"minecraft:small_amethyst_bud":51,"minecraft:dirt_path":729,"minecraft:oak_stairs":4,"minecraft:smooth_sandstone_stairs":55,"minecraft:iron_block":156,"minecraft:piston_head":1,"minecraft:conduit":3,"minecraft:brown_mushroom":267,"minecraft:player_wall_head":29,"minecraft:amethyst_cluster":30,"minecraft:soul_fire":8,"minecraft:blast_furnace":10,"minecraft:glass":113,"minecraft:damaged_anvil":1,"minecraft:spruce_sign":12,"minecraft:skeleton_skull":1,"minecraft:cyan_wool":10,"minecraft:wheat":587,"minecraft:birch_door":17,"minecraft:black_bed":1,"minecraft:copper_block":71,"minecraft:prismarine_brick_stairs":12,"minecraft:oak_fence_gate":1,"minecraft:blue_shulker_box":1,"minecraft:red_mushroom_block":1975,"minecraft:stonecutter":6,"minecraft:yellow_stained_glass":6,"minecraft:piston":15,"minecraft:yellow_terracotta":1,"minecraft:blue_stained_glass_pane":1,"minecraft:shulker_box":263,"minecraft:nether_bricks":13,"minecraft:cobbled_deepslate_slab":1,"minecraft:jungle_planks":8,"minecraft:crimson_roots":1,"minecraft:orange_shulker_box":3,"minecraft:lime_wool":12,"minecraft:horn_coral_wall_fan":45,"minecraft:moss_block":413,"minecraft:kelp":7,"minecraft:pink_wool":9,"minecraft:black_stained_glass_pane":4,"minecraft:snow":154,"minecraft:diamond_block":21,"minecraft:potatoes":5,"minecraft:warped_stem":12,"minecraft:smooth_quartz_stairs":13,"minecraft:bamboo":90,"minecraft:cake":10,"minecraft:white_wool":9,"minecraft:smithing_table":5,"minecraft:light_gray_carpet":1,"minecraft:gray_concrete":64,"minecraft:stone_brick_slab":13,"minecraft:observer":133,"minecraft:jungle_sign":1,"minecraft:smooth_sandstone":10,"minecraft:spruce_button":21,"minecraft:emerald_ore":6,"minecraft:sponge":342,"minecraft:dropper":1,"minecraft:frogspawn":1,"minecraft:big_dripleaf":24,"minecraft:purple_stained_glass":1,"minecraft:white_carpet":8,"minecraft:spruce_log":1122,"minecraft:birch_leaves":38,"minecraft:jungle_fence":2,"minecraft:quartz_pillar":46,"minecraft:mycelium":22294,"minecraft:dark_oak_sign":19,"minecraft:large_amethyst_bud":36,"minecraft:spruce_planks":36,"minecraft:cobbled_deepslate_stairs":1,"minecraft:jungle_slab":48,"minecraft:cobblestone_stairs":5,"minecraft:sculk_vein":454,"minecraft:cave_vines_plant":9,"minecraft:grass_block":3697,"minecraft:infested_cobblestone":1,"minecraft:soul_soil":2,"minecraft:sandstone_stairs":40,"minecraft:smooth_stone":2,"minecraft:raw_iron_block":1,"minecraft:glowstone":381,"minecraft:iron_ore":439,"minecraft:anvil":3,"minecraft:azure_bluet":2,"minecraft:dark_oak_stairs":23,"minecraft:birch_wall_sign":2,"minecraft:azalea_leaves":61,"minecraft:polished_granite_stairs":8,"minecraft:blackstone":258,"minecraft:twisting_vines_plant":1,"minecraft:polished_deepslate_stairs":21,"minecraft:chiseled_quartz_block":10,"minecraft:clay":1541,"minecraft:calcite":325,"minecraft:poppy":3,"minecraft:chest":307,"minecraft:mushroom_stem":499,"minecraft:cobblestone":403,"minecraft:slime_block":297,"minecraft:grindstone":4,"minecraft:prismarine":237,"minecraft:iron_door":2,"minecraft:deepslate_copper_ore":163,"minecraft:seagrass":87,"minecraft:red_candle":6,"minecraft:dark_oak_door":6,"minecraft:yellow_wool":95,"minecraft:birch_log":146,"minecraft:light_gray_wool":14,"minecraft:orange_tulip":66,"minecraft:purpur_block":2,"minecraft:diorite_wall":17,"minecraft:sand":1733,"minecraft:wither_skeleton_skull":6,"minecraft:netherrack":24159,"minecraft:oak_leaves":1199,"minecraft:magenta_wool":9,"minecraft:emerald_block":825,"minecraft:granite_wall":7,"minecraft:nether_gold_ore":133,"minecraft:diamond_ore":83,"minecraft:tuff":1153,"minecraft:deepslate_diamond_ore":770,"minecraft:blackstone_wall":9,"minecraft:oak_door":19,"minecraft:gray_shulker_box":9,"minecraft:white_stained_glass":17,"minecraft:mangrove_propagule":14,"minecraft:sandstone":234,"minecraft:rooted_dirt":203,"minecraft:large_fern":35,"minecraft:deepslate_brick_slab":1,"minecraft:spore_blossom":2,"minecraft:oak_trapdoor":69,"minecraft:spruce_sapling":1,"minecraft:furnace":13,"minecraft:carrots":625,"minecraft:chiseled_sandstone":144,"minecraft:black_concrete":434,"minecraft:stripped_spruce_log":1,"minecraft:bell":7,"minecraft:polished_deepslate":11,"minecraft:lantern":8,"minecraft:packed_ice":494,"minecraft:stone":68144,"minecraft:white_tulip":64,"minecraft:yellow_shulker_box":134,"minecraft:redstone_wall_torch":25,"minecraft:flowering_azalea":13,"minecraft:red_wool":15,"minecraft:cut_copper_stairs":2,"minecraft:infested_stone_bricks":3,"minecraft:spruce_door":7,"minecraft:crafting_table":86,"minecraft:cyan_stained_glass_pane":9,"minecraft:rose_bush":13,"minecraft:sculk_sensor":156,"minecraft:lectern":215,"minecraft:andesite_wall":25,"minecraft:lapis_ore":67,"minecraft:sculk":796,"minecraft:spruce_stairs":4,"minecraft:gray_wool":10,"minecraft:green_shulker_box":3,"minecraft:redstone_torch":18,"minecraft:sweet_berry_bush":552,"minecraft:coal_ore":2376,"minecraft:end_rod":6,"minecraft:bubble_coral_wall_fan":39,"minecraft:lodestone":2,"minecraft:terracotta":7,"minecraft:crimson_wall_sign":3,"minecraft:polished_andesite":4,"minecraft:acacia_wall_sign":3,"minecraft:birch_fence":4,"minecraft:warped_slab":2},"minecraft:picked_up":{"minecraft:suspicious_stew":46,"minecraft:lead":37,"minecraft:smithing_table":6,"minecraft:stone_slab":4,"minecraft:enchanted_book":19,"minecraft:purple_shulker_box":48,"minecraft:music_disc_cat":6,"minecraft:polished_deepslate":307,"minecraft:string":166,"minecraft:sculk_shrieker":30,"minecraft:diamond_leggings":5,"minecraft:bubble_coral":1,"minecraft:warped_slab":2,"minecraft:crimson_sign":3,"minecraft:diamond_ore":44,"minecraft:big_dripleaf":40,"minecraft:acacia_log":63,"minecraft:cut_copper_stairs":2,"minecraft:golden_axe":1,"minecraft:lightning_rod":2,"minecraft:cyan_stained_glass_pane":6,"minecraft:gray_shulker_box":9,"minecraft:golden_chestplate":5,"minecraft:stone_sword":10,"minecraft:lime_carpet":8,"minecraft:horn_coral_fan":46,"minecraft:blackstone_wall":2,"minecraft:red_tulip":139,"minecraft:glowstone":408,"minecraft:bookshelf":12,"minecraft:end_rod":8,"minecraft:white_terracotta":5,"minecraft:blaze_rod":165,"minecraft:iron_bars":106,"minecraft:snowball":20,"minecraft:sponge":448,"minecraft:feather":35,"minecraft:cooked_beef":195,"minecraft:medium_amethyst_bud":42,"minecraft:water_bucket":12,"minecraft:brown_wool":152,"minecraft:dark_oak_boat":8,"minecraft:copper_block":135,"minecraft:flint":100,"minecraft:purple_stained_glass":1,"minecraft:lantern":70,"minecraft:purple_carpet":8,"minecraft:large_amethyst_bud":34,"minecraft:stonecutter":6,"minecraft:dark_oak_sign":103,"minecraft:rabbit":1,"minecraft:diamond_helmet":1,"minecraft:stripped_acacia_wood":2,"minecraft:stripped_spruce_log":1,"minecraft:brown_mushroom_block":315,"minecraft:dead_fire_coral_fan":42,"minecraft:netherite_block":13,"minecraft:iron_hoe":4,"minecraft:polished_andesite":4,"minecraft:deepslate":3013,"minecraft:lever":50,"minecraft:granite":3719,"minecraft:spruce_button":105,"minecraft:deepslate_coal_ore":4,"minecraft:rooted_dirt":438,"minecraft:crimson_roots":5,"minecraft:diamond_pickaxe":6,"minecraft:mud":887,"minecraft:bee_nest":10,"minecraft:clay_ball":295,"minecraft:leather_leggings":4,"minecraft:redstone_lamp":3,"minecraft:dragon_head":1,"minecraft:purpur_block":2,"minecraft:cornflower":34,"minecraft:elytra":7,"minecraft:flint_and_steel":2,"minecraft:white_stained_glass":16,"minecraft:white_carpet":27,"minecraft:iron_shovel":2,"minecraft:glass_pane":76,"minecraft:netherite_sword":8,"minecraft:jungle_sapling":1,"minecraft:poppy":29,"minecraft:spruce_slab":256,"minecraft:minecart":97,"minecraft:birch_sapling":52,"minecraft:piston":14,"minecraft:diamond_hoe":1,"minecraft:copper_ore":923,"minecraft:lime_shulker_box":32,"minecraft:stone":64172,"minecraft:music_disc_mellohi":1,"minecraft:white_dye":5,"minecraft:netherite_pickaxe":15,"minecraft:cyan_shulker_box":13,"minecraft:jungle_sign":2,"minecraft:stone_shovel":13,"minecraft:diamond_chestplate":1,"minecraft:yellow_terracotta":1,"minecraft:totem_of_undying":28,"minecraft:mutton":20,"minecraft:bone_block":1,"minecraft:rail":203,"minecraft:emerald_ore":5,"minecraft:yellow_shulker_box":149,"minecraft:fern":152,"minecraft:sculk_vein":573,"minecraft:paper":78,"minecraft:apple":42,"minecraft:warped_stem":12,"minecraft:spore_blossom":2,"minecraft:yellow_stained_glass":5,"minecraft:oak_fence_gate":1,"minecraft:iron_ore":218,"minecraft:dark_oak_stairs":22,"minecraft:smooth_basalt":106,"minecraft:milk_bucket":5,"minecraft:sweet_berries":623,"minecraft:red_wool":68,"minecraft:weathered_copper":19,"minecraft:light_blue_stained_glass":1,"minecraft:crying_obsidian":1,"minecraft:leather_helmet":2,"minecraft:diamond_shovel":5,"minecraft:coal_ore":995,"minecraft:slime_ball":937,"minecraft:deepslate_redstone_ore":90,"minecraft:birch_sign":9,"minecraft:polished_blackstone_brick_wall":5,"minecraft:lodestone":2,"minecraft:baked_potato":442,"minecraft:smooth_quartz_slab":2,"minecraft:hopper":24,"minecraft:ender_chest":199,"minecraft:yellow_wool":318,"minecraft:deepslate_lapis_ore":52,"minecraft:red_candle":20,"minecraft:experience_bottle":1,"minecraft:bucket":4,"minecraft:red_sand":1,"minecraft:smooth_stone":1,"minecraft:comparator":1,"minecraft:white_tulip":135,"minecraft:rose_bush":100,"minecraft:cobblestone_slab":10,"minecraft:ender_eye":8,"minecraft:azalea":53,"minecraft:iron_pickaxe":7,"minecraft:smooth_quartz":44,"minecraft:smooth_quartz_stairs":12,"minecraft:deepslate_iron_ore":154,"minecraft:blue_wool":159,"minecraft:tipped_arrow":60,"minecraft:polished_deepslate_stairs":47,"minecraft:spruce_stairs":4,"minecraft:netherite_shovel":4,"minecraft:diorite":3012,"minecraft:goat_horn":2,"minecraft:andesite_wall":16,"minecraft:rotten_flesh":1685,"minecraft:brown_shulker_box":17,"minecraft:mangrove_roots":89,"minecraft:deepslate_copper_ore":80,"minecraft:music_disc_wait":10,"minecraft:obsidian":805,"minecraft:blaze_powder":14,"minecraft:cobblestone":6207,"minecraft:enchanting_table":3,"minecraft:leather_chestplate":11,"minecraft:muddy_mangrove_roots":69,"minecraft:lilac":2,"minecraft:repeater":124,"minecraft:andesite":2652,"minecraft:golden_leggings":2,"minecraft:beacon":10,"minecraft:potato":1613,"minecraft:smooth_sandstone_stairs":55,"minecraft:prismarine_bricks":300,"minecraft:dirt":35196,"minecraft:cut_sandstone_slab":93,"minecraft:name_tag":6,"minecraft:glass":173,"minecraft:bone":957,"minecraft:acacia_planks":2,"minecraft:granite_wall":7,"minecraft:bow":100,"minecraft:orange_tulip":130,"minecraft:wheat_seeds":1610,"minecraft:grindstone":7,"minecraft:netherite_axe":1,"minecraft:mossy_stone_bricks":50,"minecraft:fletching_table":38,"minecraft:bamboo":1258,"minecraft:prismarine":229,"minecraft:black_stained_glass_pane":4,"minecraft:melon":634,"minecraft:nether_brick_stairs":1,"minecraft:grass_block":3412,"minecraft:diamond_block":114,"minecraft:jungle_slab":54,"minecraft:jungle_leaves":4,"minecraft:sugar":4,"minecraft:yellow_carpet":23,"minecraft:slime_block":362,"minecraft:netherite_helmet":9,"minecraft:cracked_polished_blackstone_bricks":5,"minecraft:crossbow":57,"minecraft:bone_meal":16,"minecraft:grass":31,"minecraft:golden_apple":8,"minecraft:spruce_sign":50,"minecraft:emerald":578,"minecraft:netherrack":6324,"minecraft:andesite_slab":4,"minecraft:oak_leaves":1021,"minecraft:azure_bluet":2,"minecraft:ladder":31,"minecraft:brown_mushroom":1188,"minecraft:packed_ice":601,"minecraft:pink_wool":4020,"minecraft:stone_brick_wall":11,"minecraft:shield":5,"minecraft:brick":1,"minecraft:oak_trapdoor":69,"minecraft:moss_carpet":126,"minecraft:mycelium":22292,"minecraft:birch_fence":70,"minecraft:magenta_wool":167,"minecraft:blackstone":197,"minecraft:lime_wool":335,"minecraft:end_stone":10,"minecraft:flowering_azalea_leaves":78,"minecraft:note_block":6,"minecraft:polished_blackstone_bricks":23,"minecraft:cookie":288,"minecraft:music_disc_11":7,"minecraft:trident":36,"minecraft:weeping_vines":2,"minecraft:red_shulker_box":63,"minecraft:pumpkin_pie":32,"minecraft:nether_bricks":12,"minecraft:pink_tulip":131,"minecraft:skeleton_skull":1,"minecraft:netherite_boots":12,"minecraft:jungle_boat":8,"minecraft:dark_oak_button":71,"minecraft:basalt":52,"minecraft:golden_carrot":322,"minecraft:leather":83,"minecraft:music_disc_stal":3,"minecraft:ice":7,"minecraft:chainmail_chestplate":1,"minecraft:gunpowder":577,"minecraft:cobbled_deepslate_stairs":1,"minecraft:cobblestone_wall":56,"minecraft:orange_terracotta":3,"minecraft:cooked_mutton":4,"minecraft:red_carpet":14,"minecraft:mangrove_boat":14,"minecraft:gray_carpet":8,"minecraft:spruce_wood":10,"minecraft:rabbit_hide":4,"minecraft:iron_ingot":156,"minecraft:cooked_chicken":46,"minecraft:sculk_catalyst":32,"minecraft:tropical_fish_bucket":1,"minecraft:warped_fungus":1,"minecraft:emerald_block":899,"minecraft:stone_brick_slab":18,"minecraft:quartz":5988,"minecraft:amethyst_shard":20,"minecraft:spruce_door":8,"minecraft:mangrove_leaves":343,"minecraft:pumpkin_seeds":11,"minecraft:sculk_sensor":151,"minecraft:chainmail_leggings":3,"minecraft:terracotta":6,"minecraft:damaged_anvil":1,"minecraft:netherite_hoe":3,"minecraft:sunflower":12,"minecraft:seagrass":52,"minecraft:iron_chestplate":7,"minecraft:birch_door":18,"minecraft:chainmail_boots":2,"minecraft:flower_pot":2,"minecraft:anvil":3,"minecraft:prismarine_shard":44,"minecraft:magenta_carpet":17,"minecraft:diamond_sword":11,"minecraft:oak_stairs":4,"minecraft:birch_button":32,"minecraft:brewing_stand":7,"minecraft:golden_sword":30,"minecraft:amethyst_block":543,"minecraft:dark_oak_trapdoor":1,"minecraft:soul_soil":2,"minecraft:cooked_salmon":6,"minecraft:beetroot":268,"minecraft:blue_stained_glass_pane":1,"minecraft:gold_nugget":400,"minecraft:cobbled_deepslate":6068,"minecraft:crimson_fence":3,"minecraft:spruce_planks":123,"minecraft:acacia_sign":4,"minecraft:written_book":38,"minecraft:azalea_leaves":227,"minecraft:melon_slice":35,"minecraft:mangrove_log":41,"minecraft:dark_oak_door":8,"minecraft:golden_helmet":6,"minecraft:composter":12,"minecraft:pink_carpet":40,"minecraft:sandstone_wall":17,"minecraft:deepslate_tile_stairs":4,"minecraft:rabbit_foot":1,"minecraft:black_dye":3,"minecraft:light_blue_wool":219,"minecraft:tropical_fish":27,"minecraft:iron_block":156,"minecraft:netherite_chestplate":10,"minecraft:birch_log":146,"minecraft:magma_block":33,"minecraft:oxidized_copper":1093,"minecraft:iron_door":2,"minecraft:birch_slab":23,"minecraft:jungle_log":137,"minecraft:stripped_spruce_wood":1,"minecraft:gray_concrete":64,"minecraft:netherite_leggings":9,"minecraft:map":23,"minecraft:twisting_vines":2,"minecraft:chipped_anvil":6,"minecraft:glowstone_dust":8,"minecraft:moss_block":390,"minecraft:warped_wart_block":3,"minecraft:dropper":5,"minecraft:ink_sac":22,"minecraft:dark_oak_log":377,"minecraft:red_terracotta":4,"minecraft:barrel":12,"minecraft:quartz_bricks":30,"minecraft:dispenser":5,"minecraft:polished_granite_slab":8,"minecraft:writable_book":9,"minecraft:deepslate_gold_ore":104,"minecraft:blue_ice":2,"minecraft:chainmail_helmet":9,"minecraft:bread":25,"minecraft:dark_oak_fence":11,"minecraft:spruce_leaves":8,"minecraft:music_disc_5":2,"minecraft:crafting_table":85,"minecraft:sandstone_slab":49,"minecraft:bubble_coral_fan":40,"minecraft:purple_wool":246,"minecraft:nether_wart":80,"minecraft:conduit":4,"minecraft:crimson_trapdoor":20,"minecraft:jungle_trapdoor":2,"minecraft:snow":134,"minecraft:netherite_scrap":3,"minecraft:compass":7,"minecraft:cracked_stone_bricks":30,"minecraft:cartography_table":1,"minecraft:deepslate_diamond_ore":340,"minecraft:music_disc_otherside":36,"minecraft:beef":19,"minecraft:cyan_wool":432,"minecraft:iron_nugget":153,"minecraft:quartz_stairs":45,"minecraft:chest":357,"minecraft:raw_copper_block":7,"minecraft:egg":474,"minecraft:sandstone":231,"minecraft:polished_deepslate_slab":6,"minecraft:oak_door":25,"minecraft:glow_item_frame":6,"minecraft:amethyst_cluster":26,"minecraft:spruce_fence":7,"minecraft:cake":1,"minecraft:carrot":4846,"minecraft:redstone":492,"minecraft:mushroom_stem":113,"minecraft:prismarine_crystals":11,"minecraft:blue_carpet":37,"minecraft:tnt":61,"minecraft:polished_granite_stairs":8,"minecraft:cooked_cod":40,"minecraft:beetroot_seeds":116,"minecraft:peony":2,"minecraft:tube_coral_fan":46,"minecraft:diamond_boots":7,"minecraft:shears":2,"minecraft:deepslate_bricks":29,"minecraft:sandstone_stairs":40,"minecraft:gold_ingot":29,"minecraft:white_shulker_box":8,"minecraft:glow_berries":24,"minecraft:white_wool":492,"minecraft:crimson_slab":24,"minecraft:lapis_ore":42,"minecraft:red_mushroom_block":519,"minecraft:red_mushroom":426,"minecraft:filled_map":112,"minecraft:oak_log":551,"minecraft:jungle_button":31,"minecraft:ancient_debris":34,"minecraft:golden_boots":3,"minecraft:white_banner":10,"minecraft:stone_bricks":130,"minecraft:kelp":64,"minecraft:glass_bottle":8,"minecraft:iron_sword":3,"minecraft:flowering_azalea":20,"minecraft:prismarine_brick_stairs":12,"minecraft:dark_oak_slab":8,"minecraft:sculk":794,"minecraft:yellow_concrete":5,"minecraft:spyglass":1,"minecraft:gravel":2670,"minecraft:small_amethyst_bud":51,"minecraft:spruce_sapling":167,"minecraft:spruce_log":1297,"minecraft:sea_lantern":93,"minecraft:firework_rocket":569,"minecraft:red_stained_glass":1,"minecraft:light_blue_carpet":20,"minecraft:diamond_axe":3,"minecraft:redstone_ore":7,"minecraft:gray_wool":182,"minecraft:warped_roots":7,"minecraft:oak_button":8,"minecraft:warped_nylium":20,"minecraft:stripped_dark_oak_log":1,"minecraft:crimson_nylium":22,"minecraft:mangrove_propagule":17,"minecraft:ender_pearl":1461,"minecraft:shulker_shell":42,"minecraft:music_disc_strad":2,"minecraft:wheat":905,"minecraft:exposed_copper":111,"minecraft:redstone_block":11,"minecraft:iron_trapdoor":15,"minecraft:light_gray_shulker_box":4,"minecraft:potion":9,"minecraft:turtle_egg":22,"minecraft:crimson_planks":15,"minecraft:raw_copper":7707,"minecraft:smooth_stone_slab":2,"minecraft:iron_leggings":2,"minecraft:sticky_piston":80,"minecraft:pink_shulker_box":1,"minecraft:oak_sign":53,"minecraft:deepslate_tiles":6,"minecraft:dark_oak_leaves":2,"minecraft:redstone_torch":109,"minecraft:calcite":314,"minecraft:iron_boots":1,"minecraft:furnace":13,"minecraft:stick":315,"minecraft:orange_shulker_box":7,"minecraft:deepslate_brick_wall":1,"minecraft:brown_terracotta":22,"minecraft:oak_fence":24,"minecraft:torch":561,"minecraft:porkchop":17,"minecraft:snow_block":17,"minecraft:quartz_block":1029,"minecraft:cactus":2,"minecraft:green_wool":201,"minecraft:fire_coral_fan":51,"minecraft:nautilus_shell":57,"minecraft:magma_cream":73,"minecraft:chiseled_quartz_block":15,"minecraft:magenta_dye":1,"minecraft:tuff":1186,"minecraft:light_gray_dye":2,"minecraft:wither_skeleton_skull":13,"minecraft:acacia_boat":2,"minecraft:green_shulker_box":5,"minecraft:lapis_lazuli":473,"minecraft:polished_granite":77,"minecraft:leather_boots":8,"minecraft:bell":72,"minecraft:deepslate_brick_slab":2,"minecraft:raw_gold":336,"minecraft:cobbled_deepslate_slab":2,"minecraft:powered_rail":24,"minecraft:oak_planks":115,"minecraft:ghast_tear":6,"minecraft:pink_concrete":1,"minecraft:cooked_porkchop":28,"minecraft:music_disc_13":12,"minecraft:poisonous_potato":11,"minecraft:axolotl_bucket":1,"minecraft:oak_pressure_plate":124,"minecraft:sand":2507,"minecraft:jungle_planks":11,"minecraft:lily_of_the_valley":13,"minecraft:oxidized_cut_copper_slab":1,"minecraft:chiseled_sandstone":137,"minecraft:shulker_box":286,"minecraft:orange_wool":133,"minecraft:dark_prismarine":28,"minecraft:clay":1393,"minecraft:spruce_boat":64,"minecraft:diamond":1108,"minecraft:black_concrete":434,"minecraft:oak_sapling":71,"minecraft:nether_star":2,"minecraft:fishing_rod":3,"minecraft:cocoa_beans":72,"minecraft:chicken":11,"minecraft:turtle_helmet":1,"minecraft:cooked_rabbit":3,"minecraft:gold_block":257,"minecraft:iron_axe":5,"minecraft:quartz_slab":44,"minecraft:item_frame":184,"minecraft:detector_rail":48,"minecraft:dark_prismarine_stairs":2,"minecraft:oak_boat":267,"minecraft:player_head":1043,"minecraft:observer":195,"minecraft:light_gray_wool":181,"minecraft:lectern":215,"minecraft:sugar_cane":1062,"minecraft:phantom_membrane":110,"minecraft:spruce_trapdoor":24,"minecraft:dark_oak_sapling":30,"minecraft:raw_iron":409,"minecraft:copper_ingot":158,"minecraft:bowl":15,"minecraft:quartz_pillar":104,"minecraft:stone_button":8,"minecraft:dark_oak_planks":61,"minecraft:arrow":770,"minecraft:saddle":3,"minecraft:lime_stained_glass":11,"minecraft:wet_sponge":414,"minecraft:crimson_stem":114,"minecraft:glow_ink_sac":73,"minecraft:salmon":4,"minecraft:cut_sandstone":305,"minecraft:birch_planks":16,"minecraft:cobblestone_stairs":5,"minecraft:deepslate_tile_slab":360,"minecraft:cut_copper_slab":32,"minecraft:smooth_sandstone":9,"minecraft:heart_of_the_sea":3,"minecraft:soul_sand":194,"minecraft:acacia_sapling":21,"minecraft:book":4942,"minecraft:scaffolding":78,"minecraft:oak_slab":41,"minecraft:birch_boat":8,"minecraft:pumpkin":1431,"minecraft:chiseled_stone_bricks":4,"minecraft:raw_iron_block":1,"minecraft:brain_coral_fan":34,"minecraft:blast_furnace":10,"minecraft:white_bed":20,"minecraft:gold_ore":33,"minecraft:spider_eye":33,"minecraft:cyan_banner":3,"minecraft:campfire":2,"minecraft:honey_block":12,"minecraft:iron_helmet":2,"minecraft:black_wool":167,"minecraft:red_concrete":1,"minecraft:coal":3388},"minecraft:dropped":{"minecraft:iron_sword":6,"minecraft:porkchop":4,"minecraft:lapis_lazuli":138,"minecraft:glow_ink_sac":21,"minecraft:glass_bottle":8,"minecraft:diamond":203,"minecraft:crafting_table":10,"minecraft:cooked_porkchop":93,"minecraft:weeping_vines":1,"minecraft:glow_berries":15,"minecraft:warped_roots":6,"minecraft:red_mushroom":85,"minecraft:emerald":404,"minecraft:dark_oak_fence":9,"minecraft:conduit":1,"minecraft:netherite_boots":10,"minecraft:writable_book":4,"minecraft:gold_nugget":454,"minecraft:sand":1207,"minecraft:purple_wool":3,"minecraft:fermented_spider_eye":4,"minecraft:dark_oak_planks":45,"minecraft:fishing_rod":16,"minecraft:white_wool":601,"minecraft:dark_oak_door":1,"minecraft:stone_axe":1,"minecraft:compass":28,"minecraft:diamond_block":155,"minecraft:lever":3,"minecraft:iron_nugget":468,"minecraft:cooked_chicken":27,"minecraft:cobbled_deepslate":368,"minecraft:wheat":21,"minecraft:netherite_sword":7,"minecraft:obsidian":47,"minecraft:grindstone":3,"minecraft:rotten_flesh":1180,"minecraft:oak_planks":115,"minecraft:azure_bluet":1,"minecraft:red_mushroom_block":339,"minecraft:red_candle":19,"minecraft:coal_ore":12,"minecraft:quartz_block":2,"minecraft:jungle_log":128,"minecraft:leather_boots":7,"minecraft:leather_leggings":3,"minecraft:beef":9,"minecraft:glass":407,"minecraft:warped_wart_block":2,"minecraft:granite_wall":3,"minecraft:golden_boots":3,"minecraft:orange_shulker_box":2,"minecraft:wheat_seeds":212,"minecraft:oxidized_cut_copper":4,"minecraft:netherite_chestplate":9,"minecraft:book":4,"minecraft:golden_apple":21,"minecraft:dark_oak_leaves":2,"minecraft:ink_sac":6,"minecraft:blackstone_wall":2,"minecraft:potion":6,"minecraft:white_banner":8,"minecraft:red_dye":1,"minecraft:jungle_boat":2,"minecraft:chipped_anvil":1,"minecraft:chainmail_leggings":3,"minecraft:stone_brick_slab":6,"minecraft:snow_block":9,"minecraft:netherite_hoe":3,"minecraft:player_head":158,"minecraft:stone_shovel":26,"minecraft:clay_ball":264,"minecraft:iron_boots":1,"minecraft:name_tag":16,"minecraft:oak_sign":11,"minecraft:polished_deepslate_stairs":2,"minecraft:shears":1,"minecraft:suspicious_stew":66,"minecraft:diamond_sword":13,"minecraft:cyan_wool":196,"minecraft:spruce_boat":33,"minecraft:spruce_trapdoor":6,"minecraft:spruce_planks":5,"minecraft:diamond_pickaxe":7,"minecraft:pink_shulker_box":1,"minecraft:redstone_torch":25,"minecraft:stone_bricks":45,"minecraft:bamboo":241,"minecraft:sandstone":8,"minecraft:red_sand":1,"minecraft:bow":345,"minecraft:magma_block":28,"minecraft:cooked_rabbit":3,"minecraft:soul_sand":55,"minecraft:moss_block":26,"minecraft:warped_fungus":1,"minecraft:oak_log":98,"minecraft:ender_pearl":1498,"minecraft:green_shulker_box":1,"minecraft:leather":134,"minecraft:jungle_planks":2,"minecraft:birch_slab":2,"minecraft:music_disc_13":1,"minecraft:cobblestone_stairs":2,"minecraft:cracked_polished_blackstone_bricks":5,"minecraft:dark_oak_log":3,"minecraft:packed_ice":553,"minecraft:ice":2,"minecraft:mutton":6,"minecraft:wet_sponge":37,"minecraft:axolotl_bucket":1,"minecraft:gold_ingot":3,"minecraft:spyglass":3,"minecraft:twisting_vines":2,"minecraft:music_disc_otherside":1,"minecraft:andesite_slab":4,"minecraft:beetroot":54,"minecraft:cooked_mutton":4,"minecraft:mycelium":3147,"minecraft:mushroom_stem":80,"minecraft:leather_chestplate":10,"minecraft:trident":38,"minecraft:cyan_banner":2,"minecraft:stone_brick_wall":6,"minecraft:birch_door":22,"minecraft:iron_ore":2,"minecraft:iron_bars":105,"minecraft:scaffolding":1,"minecraft:golden_helmet":6,"minecraft:golden_axe":1,"minecraft:andesite_wall":16,"minecraft:tropical_fish":26,"minecraft:spruce_stairs":2,"minecraft:iron_block":11,"minecraft:milk_bucket":4,"minecraft:repeater":8,"minecraft:white_concrete":1,"minecraft:light_gray_shulker_box":1,"minecraft:yellow_shulker_box":6,"minecraft:iron_door":1,"minecraft:jungle_leaves":1,"minecraft:cactus":2,"minecraft:redstone_block":2,"minecraft:polished_deepslate":123,"minecraft:kelp":31,"minecraft:sweet_berries":914,"minecraft:sculk_sensor":7,"minecraft:totem_of_undying":16,"minecraft:shulker_box":6,"minecraft:netherite_leggings":8,"minecraft:flint_and_steel":2,"minecraft:copper_ore":15,"minecraft:deepslate_bricks":4,"minecraft:oak_button":4,"minecraft:andesite":403,"minecraft:golden_leggings":2,"minecraft:oak_sapling":14,"minecraft:birch_sign":1,"minecraft:spruce_log":152,"minecraft:wooden_pickaxe":1,"minecraft:magma_cream":1,"minecraft:nautilus_shell":56,"minecraft:brick":1,"minecraft:crimson_stem":3,"minecraft:clay":133,"minecraft:piston":10,"minecraft:oak_pressure_plate":13,"minecraft:cooked_beef":136,"minecraft:orange_tulip":64,"minecraft:crossbow":290,"minecraft:cookie":495,"minecraft:glow_item_frame":3,"minecraft:rooted_dirt":101,"minecraft:saddle":3,"minecraft:elytra":4,"minecraft:rail":17,"minecraft:leather_helmet":1,"minecraft:item_frame":102,"minecraft:dirt":657,"minecraft:red_shulker_box":1,"minecraft:bone_block":1,"minecraft:jungle_sapling":1,"minecraft:sunflower":22,"minecraft:phantom_membrane":121,"minecraft:deepslate_coal_ore":2,"minecraft:bone_meal":20,"minecraft:sugar":28,"minecraft:iron_pickaxe":9,"minecraft:dark_oak_boat":4,"minecraft:bone":155,"minecraft:green_wool":64,"minecraft:oak_door":3,"minecraft:emerald_block":202,"minecraft:sugar_cane":66,"minecraft:golden_chestplate":5,"minecraft:birch_sapling":2,"minecraft:netherite_shovel":3,"minecraft:end_stone":9,"minecraft:jungle_trapdoor":2,"minecraft:white_bed":2,"minecraft:tipped_arrow":60,"minecraft:deepslate_tiles":3,"minecraft:hopper":10,"minecraft:ladder":2,"minecraft:white_dye":5,"minecraft:spruce_slab":1,"minecraft:ghast_tear":2,"minecraft:enchanted_book":21,"minecraft:egg":3,"minecraft:crimson_planks":68,"minecraft:iron_ingot":72,"minecraft:netherite_pickaxe":12,"minecraft:sculk_shrieker":6,"minecraft:cobbled_deepslate_stairs":1,"minecraft:tnt":8,"minecraft:copper_block":231,"minecraft:polished_blackstone":1,"minecraft:netherite_helmet":7,"minecraft:feather":31,"minecraft:oak_fence":3,"minecraft:cobblestone":1687,"minecraft:iron_helmet":2,"minecraft:apple":54,"minecraft:granite":404,"minecraft:spruce_door":1,"minecraft:chainmail_helmet":10,"minecraft:coal":113,"minecraft:end_rod":8,"minecraft:jungle_slab":5,"minecraft:golden_carrot":603,"minecraft:iron_trapdoor":27,"minecraft:sponge":106,"minecraft:diamond_helmet":3,"minecraft:iron_shovel":2,"minecraft:paper":118,"minecraft:string":66,"minecraft:spruce_sapling":10,"minecraft:oxidized_copper":210,"minecraft:pink_tulip":64,"minecraft:moss_carpet":43,"minecraft:cobblestone_wall":6,"minecraft:stone_sword":11,"minecraft:dark_oak_sign":20,"minecraft:deepslate":472,"minecraft:bowl":20,"minecraft:diamond_hoe":3,"minecraft:chicken":9,"minecraft:stone_slab":3,"minecraft:diamond_ore":1,"minecraft:lily_of_the_valley":13,"minecraft:big_dripleaf":23,"minecraft:cobblestone_slab":3,"minecraft:potato":967,"minecraft:stone":1733,"minecraft:spider_eye":25,"minecraft:birch_boat":1,"minecraft:red_tulip":75,"minecraft:bell":65,"minecraft:black_wool":3,"minecraft:quartz_slab":7,"minecraft:spruce_sign":9,"minecraft:crimson_nylium":19,"minecraft:warped_stem":1,"minecraft:brown_mushroom":656,"minecraft:birch_planks":2,"minecraft:diamond_axe":6,"minecraft:baked_potato":70,"minecraft:lantern":55,"minecraft:flint":13,"minecraft:spruce_leaves":7,"minecraft:jungle_button":15,"minecraft:dispenser":3,"minecraft:crimson_roots":5,"minecraft:cooked_cod":22,"minecraft:pumpkin_pie":64,"minecraft:amethyst_shard":4,"minecraft:polished_blackstone_bricks":23,"minecraft:birch_log":5,"minecraft:brown_mushroom_block":315,"minecraft:armor_stand":1,"minecraft:gravel":322,"minecraft:white_tulip":64,"minecraft:blackstone":29,"minecraft:yellow_wool":50,"minecraft:lime_wool":128,"minecraft:diamond_shovel":7,"minecraft:carrot":1932,"minecraft:chainmail_chestplate":1,"minecraft:sandstone_wall":3,"minecraft:poppy":10,"minecraft:rabbit_hide":3,"minecraft:turtle_helmet":1,"minecraft:gunpowder":102,"minecraft:azalea":9,"minecraft:chainmail_boots":3,"minecraft:glowstone":14,"minecraft:chest":53,"minecraft:arrow":1225,"minecraft:basalt":35,"minecraft:powered_rail":4,"minecraft:quartz":1,"minecraft:written_book":22,"minecraft:netherrack":3444,"minecraft:enchanting_table":1,"minecraft:firework_rocket":506,"minecraft:water_bucket":8,"minecraft:stripped_spruce_log":1,"minecraft:oak_slab":4,"minecraft:deepslate_iron_ore":1,"minecraft:minecart":22,"minecraft:diamond_leggings":11,"minecraft:poisonous_potato":11,"minecraft:prismarine_shard":2,"minecraft:lead":52,"minecraft:spectral_arrow":2,"minecraft:observer":77,"minecraft:copper_ingot":68,"minecraft:grass_block":437,"minecraft:stick":189,"minecraft:diorite":431,"minecraft:light_blue_stained_glass":1,"minecraft:brewing_stand":1,"minecraft:torch":161,"minecraft:sculk_catalyst":1,"minecraft:brown_wool":2,"minecraft:map":60,"minecraft:iron_leggings":2,"minecraft:crimson_fence":3,"minecraft:flowering_azalea":4,"minecraft:iron_axe":4,"minecraft:bucket":9,"minecraft:redstone":16,"minecraft:warped_nylium":20,"minecraft:ender_chest":28,"minecraft:blaze_rod":43,"minecraft:raw_copper":50,"minecraft:composter":2,"minecraft:tuff":23,"minecraft:raw_iron":29,"minecraft:stripped_acacia_wood":2,"minecraft:glass_pane":66,"minecraft:filled_map":44,"minecraft:snow":7,"minecraft:shield":12,"minecraft:diamond_chestplate":3,"minecraft:iron_chestplate":7,"minecraft:cake":1,"minecraft:quartz_stairs":2,"minecraft:pink_wool":1050,"minecraft:oak_boat":12,"minecraft:golden_sword":30,"minecraft:diamond_boots":13,"minecraft:slime_ball":284,"minecraft:beacon":1,"minecraft:stone_pickaxe":1,"minecraft:raw_gold":16,"minecraft:calcite":1}},"DataVersion":3120}