{"stats":{"minecraft:mined":{"minecraft:dragon_wall_head":5,"minecraft:red_shulker_box":10,"minecraft:white_bed":23,"minecraft:obsidian":76,"minecraft:granite":399,"minecraft:chiseled_polished_blackstone":11,"minecraft:deepslate_bricks":46,"minecraft:oak_wall_sign":5,"minecraft:nether_wart":47,"minecraft:chorus_flower":1,"minecraft:orange_concrete":1,"minecraft:polished_blackstone_bricks":59,"minecraft:tall_seagrass":3,"minecraft:magma_block":70,"minecraft:cobbled_deepslate":47,"minecraft:sticky_piston":2,"minecraft:fire":306,"minecraft:moss_carpet":19,"minecraft:deepslate_lapis_ore":23,"minecraft:twisting_vines":1,"minecraft:sculk_shrieker":29,"minecraft:oak_sign":2,"minecraft:cave_vines":10,"minecraft:polished_deepslate_slab":1,"minecraft:dirt_path":3,"minecraft:quartz_slab":1,"minecraft:player_head":6,"minecraft:piston_head":2,"minecraft:brown_mushroom":11,"minecraft:kelp_plant":7,"minecraft:crimson_nylium":9,"minecraft:soul_fire":11,"minecraft:amethyst_cluster":3,"minecraft:deepslate_tile_slab":1,"minecraft:powder_snow":16,"minecraft:torch":28,"minecraft:melon":2,"minecraft:dead_bush":1,"minecraft:glass":8,"minecraft:sugar_cane":8,"minecraft:spruce_sign":1,"minecraft:amethyst_block":42,"minecraft:wheat":38,"minecraft:jukebox":1,"minecraft:birch_door":1,"minecraft:stone_brick_stairs":4,"minecraft:grass":137,"minecraft:loom":2,"minecraft:smooth_basalt":33,"minecraft:red_mushroom_block":94,"minecraft:piston":8,"minecraft:deepslate":15074,"minecraft:infested_deepslate":1,"minecraft:dark_prismarine":8,"minecraft:end_stone":731,"minecraft:shulker_box":112,"minecraft:nether_bricks":116,"minecraft:crimson_roots":2,"minecraft:kelp":3,"minecraft:moss_block":39,"minecraft:pink_wool":2,"minecraft:redstone_ore":26,"minecraft:snow":3,"minecraft:andesite":661,"minecraft:diamond_block":34,"minecraft:vine":3,"minecraft:rail":56,"minecraft:warped_stem":3,"minecraft:bamboo":27,"minecraft:ender_chest":108,"minecraft:soul_sand":124,"minecraft:stone_brick_slab":2,"minecraft:dandelion":3,"minecraft:emerald_ore":12,"minecraft:purpur_pillar":20,"minecraft:copper_ore":35,"minecraft:tall_grass":41,"minecraft:deepslate_gold_ore":449,"minecraft:diorite":709,"minecraft:warped_wart_block":10,"minecraft:spruce_log":114,"minecraft:birch_leaves":2,"minecraft:quartz_pillar":7,"minecraft:mycelium":872,"minecraft:gravel":1092,"minecraft:dripstone_block":20,"minecraft:cobweb":45,"minecraft:stone_bricks":2,"minecraft:gold_ore":31,"minecraft:chipped_anvil":2,"minecraft:fern":15,"minecraft:spruce_planks":8,"minecraft:sculk_vein":19,"minecraft:cave_vines_plant":5,"minecraft:grass_block":166,"minecraft:cracked_polished_blackstone_bricks":61,"minecraft:soul_soil":100,"minecraft:composter":3,"minecraft:gilded_blackstone":2,"minecraft:raw_iron_block":5,"minecraft:sculk_catalyst":26,"minecraft:glowstone":21,"minecraft:iron_ore":167,"minecraft:anvil":2,"minecraft:pointed_dripstone":2,"minecraft:flowering_azalea_leaves":3,"minecraft:azalea_leaves":12,"minecraft:azalea":3,"minecraft:end_stone_bricks":7,"minecraft:spruce_slab":1,"minecraft:netherite_block":1,"minecraft:deepslate_redstone_ore":231,"minecraft:quartz_block":4,"minecraft:blackstone":1115,"minecraft:twisting_vines_plant":1,"minecraft:polished_deepslate_stairs":25,"minecraft:purpur_stairs":11,"minecraft:clay":277,"minecraft:calcite":38,"minecraft:poppy":2,"minecraft:chest":7,"minecraft:mushroom_stem":30,"minecraft:nether_quartz_ore":2832,"minecraft:cobblestone":118,"minecraft:slime_block":1,"minecraft:oak_planks":23,"minecraft:prismarine":16,"minecraft:iron_door":2,"minecraft:wall_torch":11,"minecraft:deepslate_copper_ore":2,"minecraft:seagrass":1,"minecraft:warped_nylium":9,"minecraft:powered_rail":3,"minecraft:nether_wart_block":3,"minecraft:birch_log":6,"minecraft:purpur_block":67,"minecraft:oak_log":108,"minecraft:beetroots":1,"minecraft:sand":3,"minecraft:dirt":864,"minecraft:dispenser":1,"minecraft:netherrack":49275,"minecraft:ancient_debris":82,"minecraft:magenta_wool":1,"minecraft:oak_leaves":69,"minecraft:nether_gold_ore":136,"minecraft:diamond_ore":102,"minecraft:tuff":1101,"minecraft:quartz_stairs":6,"minecraft:deepslate_diamond_ore":1907,"minecraft:lever":9,"minecraft:weeping_vines":1,"minecraft:brown_mushroom_block":135,"minecraft:spruce_leaves":72,"minecraft:rooted_dirt":30,"minecraft:large_fern":4,"minecraft:furnace":14,"minecraft:carrots":256,"minecraft:peony":1,"minecraft:gold_block":161,"minecraft:polished_deepslate":17,"minecraft:bookshelf":750,"minecraft:deepslate_iron_ore":532,"minecraft:lantern":15,"minecraft:packed_ice":12,"minecraft:wet_sponge":35,"minecraft:chorus_plant":1,"minecraft:stone":6482,"minecraft:podzol":1,"minecraft:flowering_azalea":4,"minecraft:infested_stone_bricks":1,"minecraft:snow_block":6,"minecraft:basalt":1734,"minecraft:crafting_table":22,"minecraft:blackstone_slab":1,"minecraft:rose_bush":3,"minecraft:sculk_sensor":90,"minecraft:lectern":266,"minecraft:deepslate_coal_ore":2,"minecraft:quartz_bricks":8,"minecraft:lapis_ore":28,"minecraft:sculk":450,"minecraft:prismarine_bricks":13,"minecraft:gray_wool":16,"minecraft:redstone_torch":2,"minecraft:sweet_berry_bush":71,"minecraft:ice":11,"minecraft:coal_ore":194,"minecraft:gray_carpet":3,"minecraft:cracked_stone_bricks":3,"minecraft:mossy_stone_bricks":4},"minecraft:broken":{"minecraft:iron_axe":5,"minecraft:iron_pickaxe":1,"minecraft:iron_shovel":1,"minecraft:stone_pickaxe":1,"minecraft:stone_axe":1},"minecraft:used":{"minecraft:peony":1,"minecraft:moss_block":8,"minecraft:writable_book":12,"minecraft:dispenser":1,"minecraft:spruce_slab":35,"minecraft:ladder":5,"minecraft:elytra":1,"minecraft:poppy":1,"minecraft:chest":29,"minecraft:stone":711,"minecraft:quartz_stairs":6,"minecraft:rotten_flesh":6,"minecraft:soul_sand":33,"minecraft:quartz_pillar":7,"minecraft:grass_block":512,"minecraft:quartz_block":4,"minecraft:pink_wool":578,"minecraft:stone_brick_stairs":81,"minecraft:netherite_boots":1,"minecraft:bow":1265,"minecraft:sweet_berries":379,"minecraft:furnace":18,"minecraft:oak_sapling":26,"minecraft:egg":251,"minecraft:emerald_ore":1,"minecraft:diorite":22,"minecraft:powered_rail":13,"minecraft:blackstone":136,"minecraft:cactus":1,"minecraft:wooden_pickaxe":3,"minecraft:composter":3,"minecraft:clay":2,"minecraft:purpur_pillar":3,"minecraft:golden_apple":8,"minecraft:glow_berries":82,"minecraft:purpur_stairs":3,"minecraft:sand":2,"minecraft:deepslate_tiles":1,"minecraft:deepslate_iron_ore":229,"minecraft:lectern":271,"minecraft:oak_pressure_plate":12,"minecraft:diamond_ore":47,"minecraft:diamond_sword":2455,"minecraft:smithing_table":2,"minecraft:ice":1,"minecraft:oak_boat":173,"minecraft:enchanting_table":1,"minecraft:armor_stand":4,"minecraft:mycelium":136,"minecraft:cooked_salmon":3,"minecraft:netherrack":3856,"minecraft:torch":236,"minecraft:brewing_stand":2,"minecraft:anvil":10,"minecraft:warped_wart_block":6,"minecraft:nether_quartz_ore":614,"minecraft:red_shulker_box":10,"minecraft:flowering_azalea":3,"minecraft:chipped_anvil":2,"minecraft:iron_axe":1177,"minecraft:rooted_dirt":1,"minecraft:slime_block":1,"minecraft:totem_of_undying":2,"minecraft:barrel":2,"minecraft:smooth_basalt":1,"minecraft:bamboo":37,"minecraft:basalt":211,"minecraft:glowstone":1,"minecraft:magenta_wool":313,"minecraft:iron_trapdoor":3,"minecraft:cobbled_deepslate":165,"minecraft:wheat_seeds":68,"minecraft:water_bucket":245,"minecraft:glow_ink_sac":2,"minecraft:gold_ore":12,"minecraft:deepslate_bricks":183,"minecraft:cracked_stone_bricks":2,"minecraft:polished_blackstone_bricks":2,"minecraft:polished_deepslate_slab":85,"minecraft:diamond_block":188,"minecraft:rail":174,"minecraft:oak_slab":7,"minecraft:crafting_table":37,"minecraft:white_bed":18,"minecraft:spruce_log":2,"minecraft:mushroom_stem":4,"minecraft:oak_log":16,"minecraft:diamond_pickaxe":52777,"minecraft:diamond_shovel":3044,"minecraft:iron_pickaxe":556,"minecraft:suspicious_stew":4,"minecraft:spruce_trapdoor":16,"minecraft:spruce_sapling":5,"minecraft:cobblestone":362,"minecraft:potion":18,"minecraft:cooked_porkchop":48,"minecraft:kelp":18,"minecraft:jukebox":1,"minecraft:moss_carpet":30,"minecraft:light_blue_stained_glass_pane":1,"minecraft:iron_shovel":250,"minecraft:polished_deepslate":80,"minecraft:oak_sign":12,"minecraft:diamond_hoe":624,"minecraft:shield":99,"minecraft:iron_sword":248,"minecraft:nether_wart":48,"minecraft:player_head":8,"minecraft:iron_chestplate":2,"minecraft:nether_bricks":31,"minecraft:carrot":306,"minecraft:music_disc_13":2,"minecraft:axolotl_bucket":2,"minecraft:tuff":155,"minecraft:obsidian":50,"minecraft:milk_bucket":3,"minecraft:polished_deepslate_stairs":53,"minecraft:glass":77,"minecraft:coal_ore":1,"minecraft:quartz_slab":1,"minecraft:lantern":29,"minecraft:iron_helmet":2,"minecraft:stone_bricks":40,"minecraft:item_frame":1,"minecraft:deepslate_diamond_ore":849,"minecraft:magma_block":2,"minecraft:written_book":34,"minecraft:gold_block":97,"minecraft:wither_skeleton_skull":3,"minecraft:stone_pickaxe":302,"minecraft:oak_planks":25,"minecraft:ender_pearl":38,"minecraft:diamond_axe":571,"minecraft:netherite_leggings":3,"minecraft:loom":2,"minecraft:mushroom_stew":139,"minecraft:deepslate_redstone_ore":42,"minecraft:end_stone":683,"minecraft:sticky_piston":18,"minecraft:redstone_torch":7,"minecraft:lever":31,"minecraft:firework_rocket":444,"minecraft:melon_slice":5,"minecraft:bread":50,"minecraft:deepslate":6325,"minecraft:iron_door":2,"minecraft:gravel":22,"minecraft:grindstone":2,"minecraft:andesite":76,"minecraft:bone_meal":1,"minecraft:azalea":2,"minecraft:purpur_block":54,"minecraft:trident":2942,"minecraft:orange_concrete_powder":1,"minecraft:netherite_sword":451,"minecraft:rose_bush":7,"minecraft:flint_and_steel":163,"minecraft:music_disc_otherside":36,"minecraft:redstone_ore":11,"minecraft:redstone":32,"minecraft:spruce_planks":91,"minecraft:ender_chest":108,"minecraft:sculk":23,"minecraft:deepslate_gold_ore":190,"minecraft:cooked_chicken":1,"minecraft:spyglass":556,"minecraft:dirt":568,"minecraft:hopper":1,"minecraft:prismarine_bricks":4,"minecraft:spruce_stairs":22,"minecraft:diamond_helmet":2,"minecraft:shulker_box":119,"minecraft:granite":7,"minecraft:birch_door":23,"minecraft:iron_hoe":30,"minecraft:stone_brick_slab":2,"minecraft:wooden_axe":8,"minecraft:bookshelf":595,"minecraft:red_tulip":4,"minecraft:iron_boots":2,"minecraft:golden_carrot":903,"minecraft:soul_soil":7,"minecraft:minecart":11,"minecraft:netherite_pickaxe":32250,"minecraft:cooked_beef":40,"minecraft:red_dye":1,"minecraft:powder_snow_bucket":2,"minecraft:iron_leggings":1,"minecraft:quartz_bricks":8,"minecraft:iron_ore":12,"minecraft:cobblestone_stairs":60,"minecraft:lodestone":2,"minecraft:baked_potato":9,"minecraft:glass_bottle":19,"minecraft:netherite_chestplate":2,"minecraft:brown_mushroom":1,"minecraft:spruce_sign":1,"minecraft:beacon":2,"minecraft:music_disc_cat":1,"minecraft:nether_gold_ore":6,"minecraft:netherite_block":1,"minecraft:piston":10,"minecraft:activator_rail":1,"minecraft:apple":5,"minecraft:cracked_polished_blackstone_bricks":4,"minecraft:lapis_ore":3,"minecraft:stone_axe":225,"minecraft:bucket":257,"minecraft:pumpkin_pie":1,"minecraft:gray_wool":846,"minecraft:splash_potion":3},"minecraft:crafted":{"minecraft:ender_chest":1,"minecraft:black_dye":2,"minecraft:smooth_stone":1,"minecraft:oak_sign":9,"minecraft:blaze_powder":9,"minecraft:slime_block":1,"minecraft:lever":19,"minecraft:diamond_shovel":2,"minecraft:bookshelf":624,"minecraft:shulker_box":14,"minecraft:glass":1296,"minecraft:quartz_block":116,"minecraft:diamond_helmet":2,"minecraft:diamond_leggings":3,"minecraft:netherite_boots":1,"minecraft:beacon":1,"minecraft:stone_pressure_plate":1,"minecraft:glass_bottle":18,"minecraft:redstone_lamp":1,"minecraft:deepslate":22,"minecraft:emerald":2412,"minecraft:cooked_porkchop":18,"minecraft:diamond_axe":2,"minecraft:smithing_table":2,"minecraft:copper_ingot":52,"minecraft:sticky_piston":13,"minecraft:fletching_table":1,"minecraft:polished_deepslate_slab":90,"minecraft:cartography_table":1,"minecraft:stone_brick_stairs":80,"minecraft:lectern":5,"minecraft:stone_slab":6,"minecraft:iron_pickaxe":2,"minecraft:iron_block":58,"minecraft:gold_ingot":423,"minecraft:netherite_ingot":21,"minecraft:composter":1,"minecraft:golden_carrot":831,"minecraft:smooth_stone_slab":6,"minecraft:player_head":221,"minecraft:iron_nugget":99,"minecraft:spyglass":2,"minecraft:polished_deepslate_stairs":40,"minecraft:diamond_hoe":2,"minecraft:red_banner":1,"minecraft:bone_meal":210,"minecraft:lantern":39,"minecraft:diamond":837,"minecraft:spruce_stairs":28,"minecraft:ladder":6,"minecraft:spruce_slab":42,"minecraft:red_shulker_box":3,"minecraft:stone_pickaxe":3,"minecraft:diamond_boots":2,"minecraft:redstone_block":70,"minecraft:wheat":198,"minecraft:netherite_pickaxe":2,"minecraft:enchanting_table":1,"minecraft:enchanted_book":73,"minecraft:golden_apple":9,"minecraft:wooden_axe":1,"minecraft:writable_book":2,"minecraft:iron_shovel":1,"minecraft:iron_leggings":3,"minecraft:armor_stand":1,"minecraft:white_bed":1,"minecraft:music_disc_5":9,"minecraft:note_block":1,"minecraft:grindstone":1,"minecraft:oak_planks":776,"minecraft:barrel":2,"minecraft:quartz_bricks":8,"minecraft:cobblestone_stairs":68,"minecraft:stone":285,"minecraft:quartz_pillar":6,"minecraft:warped_planks":4,"minecraft:hopper":1,"minecraft:stone_brick_slab":6,"minecraft:bow":2,"minecraft:iron_boots":3,"minecraft:chest":45,"minecraft:rail":96,"minecraft:ender_eye":1,"minecraft:stone_bricks":172,"minecraft:golden_boots":1,"minecraft:quartz_stairs":8,"minecraft:oak_slab":30,"minecraft:item_frame":1,"minecraft:crafting_table":18,"minecraft:spruce_planks":360,"minecraft:wooden_pickaxe":1,"minecraft:iron_helmet":3,"minecraft:gold_block":39,"minecraft:brewing_stand":2,"minecraft:birch_planks":72,"minecraft:creeper_banner_pattern":1,"minecraft:dispenser":1,"minecraft:apple":8,"minecraft:spruce_trapdoor":16,"minecraft:book":9,"minecraft:iron_chestplate":3,"minecraft:diamond_pickaxe":8,"minecraft:emerald_block":76,"minecraft:shield":6,"minecraft:netherite_block":1,"minecraft:stick":174,"minecraft:iron_ingot":653,"minecraft:light_blue_stained_glass":8,"minecraft:redstone_torch":9,"minecraft:deepslate_bricks":160,"minecraft:shears":1,"minecraft:redstone":18,"minecraft:raw_iron":45,"minecraft:netherite_sword":1,"minecraft:furnace":8,"minecraft:piston":14,"minecraft:raw_copper_block":1,"minecraft:diamond_block":252,"minecraft:flint_and_steel":3,"minecraft:netherite_chestplate":1,"minecraft:netherite_leggings":1,"minecraft:polished_deepslate":356,"minecraft:iron_axe":6,"minecraft:iron_hoe":1,"minecraft:slime_ball":9,"minecraft:orange_concrete_powder":8,"minecraft:netherite_scrap":84,"minecraft:minecart":2,"minecraft:cooked_beef":20,"minecraft:sugar":2,"minecraft:red_dye":67,"minecraft:light_blue_stained_glass_pane":16,"minecraft:diamond_sword":3,"minecraft:iron_trapdoor":3,"minecraft:spruce_sign":3,"minecraft:powered_rail":12,"minecraft:activator_rail":6,"minecraft:iron_sword":4,"minecraft:bowl":24,"minecraft:bucket":11,"minecraft:stone_axe":2,"minecraft:air":0,"minecraft:bread":39,"minecraft:jungle_planks":4,"minecraft:oak_boat":12,"minecraft:white_wool":2,"minecraft:anvil":8,"minecraft:torch":76,"minecraft:diamond_chestplate":2,"minecraft:firework_rocket":135},"minecraft:dropped":{"minecraft:clay":24,"minecraft:iron_sword":1,"minecraft:lapis_lazuli":88,"minecraft:cooked_beef":3,"minecraft:glass_bottle":14,"minecraft:diamond":260,"minecraft:cooked_porkchop":1,"minecraft:crossbow":8,"minecraft:warped_roots":1,"minecraft:rooted_dirt":29,"minecraft:cracked_stone_bricks":1,"minecraft:saddle":1,"minecraft:quartz_pillar":6,"minecraft:purpur_stairs":1,"minecraft:rail":41,"minecraft:red_mushroom":19,"minecraft:item_frame":2,"minecraft:emerald":31,"minecraft:dirt":305,"minecraft:conduit":1,"minecraft:writable_book":1,"minecraft:gold_nugget":52,"minecraft:bone_meal":140,"minecraft:phantom_membrane":9,"minecraft:sand":2,"minecraft:sugar":1,"minecraft:iron_pickaxe":2,"minecraft:bone":206,"minecraft:stone_axe":1,"minecraft:compass":2,"minecraft:sugar_cane":15,"minecraft:diamond_block":4,"minecraft:lever":1,"minecraft:iron_nugget":27,"minecraft:cooked_chicken":4,"minecraft:golden_chestplate":1,"minecraft:cobbled_deepslate":151,"minecraft:wheat":1,"minecraft:obsidian":18,"minecraft:rotten_flesh":148,"minecraft:oak_planks":56,"minecraft:glowstone_dust":11,"minecraft:blaze_powder":1,"minecraft:quartz_bricks":8,"minecraft:warped_planks":3,"minecraft:deepslate_tiles":1,"minecraft:coal_ore":27,"minecraft:quartz_block":4,"minecraft:end_stone_bricks":2,"minecraft:glass":779,"minecraft:warped_wart_block":3,"minecraft:lectern":2,"minecraft:egg":6,"minecraft:enchanted_book":23,"minecraft:iron_ingot":8,"minecraft:black_dye":1,"minecraft:wheat_seeds":49,"minecraft:deepslate_redstone_ore":2,"minecraft:netherite_chestplate":1,"minecraft:netherite_helmet":1,"minecraft:book":140,"minecraft:iron_helmet":4,"minecraft:feather":14,"minecraft:cobblestone":115,"minecraft:prismarine_crystals":4,"minecraft:granite":166,"minecraft:deepslate_tile_slab":1,"minecraft:mushroom_stew":1,"minecraft:coal":5,"minecraft:golden_apple":2,"minecraft:diamond_horse_armor":2,"minecraft:ink_sac":11,"minecraft:wooden_axe":1,"minecraft:lapis_ore":2,"minecraft:potion":5,"minecraft:heart_of_the_sea":2,"minecraft:orange_concrete_powder":7,"minecraft:jungle_boat":1,"minecraft:red_dye":2,"minecraft:paper":57,"minecraft:string":35,"minecraft:lily_pad":2,"minecraft:gray_carpet":3,"minecraft:oxidized_copper":210,"minecraft:stone_brick_slab":10,"minecraft:snow_block":1,"minecraft:purpur_pillar":15,"minecraft:moss_carpet":64,"minecraft:redstone_ore":1,"minecraft:soul_soil":2,"minecraft:player_head":8,"minecraft:netherite_ingot":1,"minecraft:stone_sword":10,"minecraft:smooth_stone_slab":5,"minecraft:bowl":12,"minecraft:deepslate":626,"minecraft:chicken":15,"minecraft:polished_deepslate_slab":7,"minecraft:clay_ball":42,"minecraft:iron_boots":2,"minecraft:name_tag":4,"minecraft:nether_bricks":64,"minecraft:oak_sign":11,"minecraft:polished_deepslate_stairs":21,"minecraft:deepslate_lapis_ore":1,"minecraft:diamond_sword":1,"minecraft:potato":3,"minecraft:stone":1702,"minecraft:spruce_planks":11,"minecraft:redstone_torch":3,"minecraft:stone_pressure_plate":2,"minecraft:spider_eye":19,"minecraft:stone_bricks":13,"minecraft:bamboo":109,"minecraft:magenta_dye":1,"minecraft:bow":5,"minecraft:magma_block":10,"minecraft:dark_prismarine":8,"minecraft:spruce_sign":3,"minecraft:warped_stem":2,"minecraft:brown_mushroom":56,"minecraft:soul_sand":58,"minecraft:moss_block":15,"minecraft:ender_pearl":186,"minecraft:lantern":13,"minecraft:leather":25,"minecraft:creeper_banner_pattern":1,"minecraft:flint":9,"minecraft:music_disc_13":1,"minecraft:cod":3,"minecraft:cobblestone_stairs":8,"minecraft:cracked_polished_blackstone_bricks":21,"minecraft:deepslate_gold_ore":1,"minecraft:packed_ice":12,"minecraft:snowball":10,"minecraft:polished_blackstone_bricks":38,"minecraft:gold_ingot":2,"minecraft:armor_stand":1,"minecraft:gravel":136,"minecraft:chiseled_polished_blackstone":2,"minecraft:purpur_block":4,"minecraft:blackstone":248,"minecraft:twisting_vines":4,"minecraft:beetroot":1,"minecraft:diamond_shovel":2,"minecraft:prismarine":16,"minecraft:mycelium":615,"minecraft:carrot":2,"minecraft:trident":12,"minecraft:gunpowder":29,"minecraft:beetroot_seeds":3,"minecraft:glowstone":28,"minecraft:azalea":5,"minecraft:chest":9,"minecraft:powered_rail":2,"minecraft:iron_ore":3,"minecraft:basalt":85,"minecraft:arrow":111,"minecraft:prismarine_bricks":5,"minecraft:quartz":109,"minecraft:magenta_wool":8,"minecraft:written_book":1,"minecraft:netherrack":1836,"minecraft:firework_rocket":384,"minecraft:water_bucket":1,"minecraft:deepslate_iron_ore":1,"minecraft:prismarine_shard":6,"minecraft:spectral_arrow":1,"minecraft:amethyst_block":5,"minecraft:activator_rail":5,"minecraft:copper_ingot":7,"minecraft:grass_block":8,"minecraft:stick":51,"minecraft:diorite":324,"minecraft:milk_bucket":2,"minecraft:nether_gold_ore":1,"minecraft:light_blue_stained_glass":2,"minecraft:torch":6,"minecraft:nether_wart_block":3,"minecraft:iron_leggings":2,"minecraft:flowering_azalea":8,"minecraft:iron_axe":2,"minecraft:light_blue_stained_glass_pane":15,"minecraft:bucket":1,"minecraft:dandelion":1,"minecraft:smooth_basalt":6,"minecraft:redstone":24,"minecraft:polished_deepslate":12,"minecraft:kelp":71,"minecraft:sweet_berries":4,"minecraft:ender_chest":1,"minecraft:raw_copper":10,"minecraft:tuff":316,"minecraft:totem_of_undying":6,"minecraft:flint_and_steel":2,"minecraft:copper_ore":4,"minecraft:filled_map":5,"minecraft:snow":1,"minecraft:shield":3,"minecraft:iron_chestplate":3,"minecraft:andesite":239,"minecraft:quartz_stairs":12,"minecraft:mossy_stone_bricks":4,"minecraft:oak_boat":3,"minecraft:oak_sapling":9,"minecraft:golden_sword":2,"minecraft:birch_sign":1,"minecraft:spruce_log":4,"minecraft:beacon":3,"minecraft:stone_pickaxe":2,"minecraft:nether_quartz_ore":4,"minecraft:nautilus_shell":5,"minecraft:calcite":13},"minecraft:custom":{"minecraft:interact_with_crafting_table":355,"minecraft:open_barrel":372,"minecraft:leave_game":174,"minecraft:time_since_death":3018122,"minecraft:damage_blocked_by_shield":6315,"minecraft:play_time":4741468,"minecraft:deaths":3,"minecraft:jump":134374,"minecraft:enchant_item":28,"minecraft:interact_with_furnace":318,"minecraft:play_record":39,"minecraft:traded_with_villager":3041,"minecraft:sleep_in_bed":26,"minecraft:damage_dealt":254249,"minecraft:interact_with_smoker":12,"minecraft:inspect_dispenser":1,"minecraft:interact_with_smithing_table":11,"minecraft:inspect_dropper":61,"minecraft:interact_with_anvil":66,"minecraft:inspect_hopper":4,"minecraft:sneak_time":311160,"minecraft:interact_with_lectern":30,"minecraft:interact_with_blast_furnace":24,"minecraft:total_world_time":4741468,"minecraft:time_since_rest":79156,"minecraft:swim_one_cm":9658779,"minecraft:fly_one_cm":36473413,"minecraft:open_chest":2831,"minecraft:fall_one_cm":5639862,"minecraft:animals_bred":2,"minecraft:open_shulker_box":478,"minecraft:damage_resisted":77,"minecraft:sprint_one_cm":16656822,"minecraft:drop":942,"minecraft:talked_to_villager":979,"minecraft:interact_with_brewingstand":54,"minecraft:walk_on_water_one_cm":1508426,"minecraft:interact_with_loom":3,"minecraft:open_enderchest":643,"minecraft:interact_with_beacon":15,"minecraft:crouch_one_cm":1470264,"minecraft:mob_kills":1749,"minecraft:climb_one_cm":144610,"minecraft:walk_one_cm":9554567,"minecraft:raid_win":1,"minecraft:walk_under_water_one_cm":3227569,"minecraft:boat_one_cm":8416696,"minecraft:raid_trigger":1,"minecraft:interact_with_grindstone":19,"minecraft:damage_taken":58477,"minecraft:damage_absorbed":273,"minecraft:aviate_one_cm":22774271},"minecraft:killed_by":{"minecraft:creeper":3},"minecraft:killed":{"minecraft:cave_spider":12,"minecraft:shulker":132,"minecraft:skeleton":208,"minecraft:guardian":2,"minecraft:chicken":19,"minecraft:magma_cube":6,"minecraft:elder_guardian":2,"minecraft:salmon":6,"minecraft:ender_dragon":1,"minecraft:pillager":131,"minecraft:zombie":215,"minecraft:glow_squid":11,"minecraft:cow":11,"minecraft:evoker":8,"minecraft:vindicator":24,"minecraft:ravager":6,"minecraft:enderman":191,"minecraft:zombified_piglin":1,"minecraft:witch":10,"minecraft:spider":68,"minecraft:wither":1,"minecraft:axolotl":1,"minecraft:silverfish":1,"minecraft:turtle":1,"minecraft:piglin_brute":13,"minecraft:piglin":90,"minecraft:pig":6,"minecraft:zombie_villager":5,"minecraft:creeper":142,"minecraft:sheep":1,"minecraft:ghast":8,"minecraft:blaze":48,"minecraft:vex":14,"minecraft:slime":59,"minecraft:phantom":15,"minecraft:drowned":37,"minecraft:hoglin":21,"minecraft:squid":18,"minecraft:wither_skeleton":68},"minecraft:picked_up":{"minecraft:birch_door":23,"minecraft:iron_chestplate":1,"minecraft:suspicious_stew":1,"minecraft:creeper_head":1,"minecraft:anvil":2,"minecraft:prismarine_shard":6,"minecraft:lead":2,"minecraft:enchanted_book":18,"minecraft:golden_sword":2,"minecraft:amethyst_block":5,"minecraft:polished_deepslate":19,"minecraft:music_disc_cat":1,"minecraft:string":70,"minecraft:soul_soil":39,"minecraft:sculk_shrieker":19,"minecraft:beetroot":1,"minecraft:gold_nugget":264,"minecraft:cobbled_deepslate":775,"minecraft:spruce_planks":8,"minecraft:written_book":1,"minecraft:enchanted_golden_apple":5,"minecraft:melon_slice":12,"minecraft:diamond_ore":50,"minecraft:jukebox":1,"minecraft:composter":3,"minecraft:purpur_pillar":33,"minecraft:golden_chestplate":1,"minecraft:stone_sword":10,"minecraft:glowstone":43,"minecraft:netherite_chestplate":1,"minecraft:blaze_rod":50,"minecraft:snowball":10,"minecraft:birch_log":6,"minecraft:magma_block":35,"minecraft:oxidized_copper":210,"minecraft:feather":38,"minecraft:cooked_beef":8,"minecraft:iron_door":2,"minecraft:water_bucket":3,"minecraft:brown_wool":3,"minecraft:flint":10,"minecraft:lantern":15,"minecraft:twisting_vines":4,"minecraft:chipped_anvil":2,"minecraft:diamond_helmet":2,"minecraft:glowstone_dust":27,"minecraft:moss_block":25,"minecraft:chiseled_polished_blackstone":2,"minecraft:warped_wart_block":9,"minecraft:ink_sac":20,"minecraft:loom":2,"minecraft:netherite_block":1,"minecraft:quartz_bricks":8,"minecraft:dispenser":1,"minecraft:deepslate":7002,"minecraft:lever":14,"minecraft:writable_book":1,"minecraft:deepslate_gold_ore":197,"minecraft:granite":213,"minecraft:rooted_dirt":30,"minecraft:diamond_pickaxe":2,"minecraft:crafting_table":22,"minecraft:purple_wool":7,"minecraft:nether_wart":137,"minecraft:clay_ball":42,"minecraft:conduit":1,"minecraft:dragon_head":4,"minecraft:purpur_block":60,"minecraft:elytra":5,"minecraft:flint_and_steel":3,"minecraft:snow":1,"minecraft:compass":3,"minecraft:cracked_stone_bricks":3,"minecraft:netherite_sword":1,"minecraft:deepslate_diamond_ore":989,"minecraft:music_disc_otherside":36,"minecraft:beef":20,"minecraft:cyan_wool":4,"minecraft:poppy":2,"minecraft:spruce_slab":2,"minecraft:minecart":7,"minecraft:quartz_stairs":12,"minecraft:chest":7,"minecraft:piston":10,"minecraft:egg":258,"minecraft:copper_ore":7,"minecraft:polished_deepslate_slab":2,"minecraft:stone":2775,"minecraft:carrot":1104,"minecraft:redstone":673,"minecraft:mushroom_stem":4,"minecraft:prismarine_crystals":4,"minecraft:diamond_chestplate":2,"minecraft:beetroot_seeds":3,"minecraft:peony":1,"minecraft:deepslate_bricks":46,"minecraft:shears":2,"minecraft:diamond_boots":2,"minecraft:totem_of_undying":10,"minecraft:glow_berries":61,"minecraft:white_wool":1,"minecraft:rail":56,"minecraft:emerald_ore":12,"minecraft:lapis_ore":5,"minecraft:blackstone_slab":1,"minecraft:red_mushroom_block":1,"minecraft:red_mushroom":34,"minecraft:filled_map":6,"minecraft:ancient_debris":82,"minecraft:purpur_stairs":9,"minecraft:oak_log":107,"minecraft:lily_pad":2,"minecraft:paper":79,"minecraft:white_banner":13,"minecraft:apple":7,"minecraft:stone_bricks":9,"minecraft:kelp":89,"minecraft:warped_stem":3,"minecraft:iron_ore":18,"minecraft:iron_sword":3,"minecraft:flowering_azalea":11,"minecraft:smooth_basalt":7,"minecraft:sweet_berries":356,"minecraft:sculk":21,"minecraft:red_wool":2,"minecraft:gravel":187,"minecraft:spruce_sapling":7,"minecraft:spruce_log":120,"minecraft:diamond_shovel":2,"minecraft:coal_ore":28,"minecraft:slime_ball":85,"minecraft:redstone_ore":12,"minecraft:deepslate_redstone_ore":44,"minecraft:birch_sign":1,"minecraft:gray_wool":14,"minecraft:warped_roots":1,"minecraft:warped_nylium":1,"minecraft:crimson_nylium":1,"minecraft:ender_pearl":247,"minecraft:shulker_shell":201,"minecraft:wheat":38,"minecraft:ender_chest":107,"minecraft:yellow_wool":5,"minecraft:potion":1,"minecraft:stone_brick_stairs":4,"minecraft:raw_copper":64,"minecraft:deepslate_lapis_ore":2,"minecraft:iron_leggings":1,"minecraft:armor_stand":4,"minecraft:sticky_piston":2,"minecraft:oak_sign":16,"minecraft:rose_bush":5,"minecraft:redstone_torch":3,"minecraft:calcite":13,"minecraft:azalea":8,"minecraft:iron_pickaxe":1,"minecraft:deepslate_iron_ore":233,"minecraft:iron_boots":1,"minecraft:furnace":14,"minecraft:stick":50,"minecraft:polished_deepslate_stairs":25,"minecraft:torch":85,"minecraft:snow_block":4,"minecraft:porkchop":18,"minecraft:diorite":367,"minecraft:quartz_block":4,"minecraft:nether_gold_ore":7,"minecraft:cactus":1,"minecraft:rotten_flesh":221,"minecraft:chorus_flower":1,"minecraft:obsidian":79,"minecraft:cod":3,"minecraft:cobblestone":1150,"minecraft:nautilus_shell":6,"minecraft:magma_cream":2,"minecraft:andesite":345,"minecraft:golden_leggings":1,"minecraft:potato":4,"minecraft:magenta_dye":1,"minecraft:tuff":537,"minecraft:prismarine_bricks":9,"minecraft:wither_skeleton_skull":3,"minecraft:lapis_lazuli":317,"minecraft:dirt":943,"minecraft:glass":52,"minecraft:bone":254,"minecraft:bow":7,"minecraft:wheat_seeds":121,"minecraft:raw_gold":474,"minecraft:mossy_stone_bricks":4,"minecraft:bamboo":139,"minecraft:powered_rail":3,"minecraft:prismarine":16,"minecraft:oak_planks":90,"minecraft:ghast_tear":1,"minecraft:cooked_porkchop":61,"minecraft:music_disc_13":1,"minecraft:oak_pressure_plate":12,"minecraft:poisonous_potato":2,"minecraft:sand":3,"minecraft:grass_block":129,"minecraft:diamond_block":34,"minecraft:shulker_box":112,"minecraft:dark_prismarine":8,"minecraft:spruce_boat":1,"minecraft:sugar":1,"minecraft:clay":26,"minecraft:diamond":2145,"minecraft:slime_block":1,"minecraft:netherite_helmet":1,"minecraft:cracked_polished_blackstone_bricks":27,"minecraft:crossbow":8,"minecraft:bone_meal":2,"minecraft:golden_apple":2,"minecraft:spruce_sign":1,"minecraft:emerald":65,"minecraft:oak_sapling":41,"minecraft:netherrack":5881,"minecraft:chorus_fruit":15,"minecraft:nether_star":1,"minecraft:end_stone_bricks":7,"minecraft:chicken":15,"minecraft:ladder":1,"minecraft:packed_ice":12,"minecraft:brown_mushroom":97,"minecraft:pink_wool":26,"minecraft:gold_block":161,"minecraft:diamond_horse_armor":1,"minecraft:shield":4,"minecraft:moss_carpet":52,"minecraft:iron_axe":1,"minecraft:orange_concrete":1,"minecraft:item_frame":2,"minecraft:quartz_slab":1,"minecraft:mycelium":830,"minecraft:magenta_wool":1,"minecraft:blackstone":460,"minecraft:oak_boat":168,"minecraft:player_head":41,"minecraft:light_gray_wool":7,"minecraft:lectern":266,"minecraft:sugar_cane":31,"minecraft:phantom_membrane":11,"minecraft:lime_wool":5,"minecraft:raw_iron":851,"minecraft:end_stone":709,"minecraft:copper_ingot":8,"minecraft:bowl":25,"minecraft:polished_blackstone_bricks":40,"minecraft:quartz_pillar":7,"minecraft:trident":14,"minecraft:stone_pressure_plate":1,"minecraft:arrow":202,"minecraft:red_shulker_box":10,"minecraft:pumpkin_pie":1,"minecraft:nether_bricks":95,"minecraft:saddle":6,"minecraft:wet_sponge":37,"minecraft:jungle_boat":1,"minecraft:basalt":375,"minecraft:golden_carrot":64,"minecraft:glow_ink_sac":61,"minecraft:salmon":5,"minecraft:leather":25,"minecraft:ice":1,"minecraft:mushroom_stew":4,"minecraft:nether_wart_block":3,"minecraft:gunpowder":124,"minecraft:deepslate_tile_slab":1,"minecraft:podzol":1,"minecraft:gray_carpet":3,"minecraft:iron_ingot":3,"minecraft:cooked_chicken":19,"minecraft:soul_sand":88,"minecraft:book":2250,"minecraft:sculk_catalyst":19,"minecraft:nether_quartz_ore":618,"minecraft:pumpkin":49,"minecraft:stone_brick_slab":6,"minecraft:quartz":3324,"minecraft:dandelion":1,"minecraft:raw_iron_block":5,"minecraft:amethyst_shard":12,"minecraft:white_bed":23,"minecraft:gold_ore":12,"minecraft:spider_eye":20,"minecraft:sculk_sensor":66,"minecraft:iron_helmet":3,"minecraft:coal":453}},"DataVersion":3120}