{"stats":{"minecraft:dropped":{"minecraft:sweet_berries":3,"minecraft:stone_sword":1,"minecraft:rotten_flesh":1,"minecraft:stick":3,"minecraft:arrow":1,"minecraft:stone_pickaxe":2,"minecraft:wooden_pickaxe":2,"minecraft:white_wool":2,"minecraft:bone":2},"minecraft:picked_up":{"minecraft:crafting_table":4,"minecraft:brown_mushroom":31,"minecraft:wooden_pickaxe":1,"minecraft:red_mushroom":31,"minecraft:stone_brick_wall":1,"minecraft:flint":1,"minecraft:golden_boots":1,"minecraft:raw_copper":3,"minecraft:bone":5,"minecraft:bow":1,"minecraft:stone_pickaxe":1,"minecraft:furnace":2,"minecraft:stick":5,"minecraft:raw_iron":45,"minecraft:pumpkin":6,"minecraft:sweet_berries":73,"minecraft:torch":8,"minecraft:gravel":4,"minecraft:stripped_spruce_log":1,"minecraft:grass_block":1,"minecraft:spruce_log":78,"minecraft:arrow":2,"minecraft:rotten_flesh":1,"minecraft:spruce_boat":15,"minecraft:bread":3,"minecraft:mutton":3,"minecraft:coal":58,"minecraft:white_wool":4,"minecraft:cobblestone":57},"minecraft:custom":{"minecraft:interact_with_furnace":37,"minecraft:mob_kills":8,"minecraft:interact_with_crafting_table":22,"minecraft:open_barrel":17,"minecraft:eat_cake_slice":1,"minecraft:leave_game":1,"minecraft:time_since_death":37697,"minecraft:climb_one_cm":331,"minecraft:time_since_rest":37697,"minecraft:sprint_one_cm":129428,"minecraft:open_enderchest":3,"minecraft:damage_taken":582,"minecraft:walk_one_cm":296269,"minecraft:damage_blocked_by_shield":440,"minecraft:drop":15,"minecraft:damage_dealt":1905,"minecraft:swim_one_cm":11196,"minecraft:fly_one_cm":61896,"minecraft:open_chest":12,"minecraft:crouch_one_cm":5324,"minecraft:play_time":37697,"minecraft:sneak_time":1812,"minecraft:walk_under_water_one_cm":1710,"minecraft:boat_one_cm":484334,"minecraft:interact_with_lectern":1,"minecraft:jump":647,"minecraft:walk_on_water_one_cm":2496,"minecraft:total_world_time":37697,"minecraft:fall_one_cm":7690,"minecraft:horse_one_cm":471},"minecraft:killed":{"minecraft:skeleton":3,"minecraft:sheep":2,"minecraft:zombie":2,"minecraft:enderman":1},"minecraft:crafted":{"minecraft:stone_shovel":1,"minecraft:crafting_table":2,"minecraft:spruce_planks":60,"minecraft:wooden_pickaxe":1,"minecraft:iron_helmet":1,"minecraft:iron_sword":1,"minecraft:bowl":4,"minecraft:furnace":2,"minecraft:mushroom_stew":4,"minecraft:bucket":1,"minecraft:stone_axe":1,"minecraft:air":0,"minecraft:iron_chestplate":1,"minecraft:iron_boots":1,"minecraft:shield":1,"minecraft:stick":20,"minecraft:iron_ingot":31,"minecraft:iron_pickaxe":1,"minecraft:stone_pickaxe":1,"minecraft:stone_sword":1,"minecraft:spruce_boat":1,"minecraft:torch":40},"minecraft:used":{"minecraft:stone_sword":8,"minecraft:stone_shovel":16,"minecraft:stone_pickaxe":79,"minecraft:shield":5,"minecraft:wooden_pickaxe":3,"minecraft:iron_sword":22,"minecraft:torch":40,"minecraft:crafting_table":5,"minecraft:mushroom_stew":4,"minecraft:stone_brick_wall":1,"minecraft:spruce_boat":15,"minecraft:bread":1,"minecraft:iron_pickaxe":77,"minecraft:stone_axe":96,"minecraft:sweet_berries":35,"minecraft:furnace":2},"minecraft:mined":{"minecraft:brown_mushroom":31,"minecraft:powder_snow":2,"minecraft:crafting_table":5,"minecraft:torch":2,"minecraft:stone_brick_wall":1,"minecraft:spruce_leaves":9,"minecraft:red_mushroom":31,"minecraft:wall_torch":6,"minecraft:furnace":2,"minecraft:iron_ore":45,"minecraft:sweet_berry_bush":4,"minecraft:spruce_log":78,"minecraft:stripped_spruce_log":1,"minecraft:pumpkin":6,"minecraft:coal_ore":58,"minecraft:gravel":16,"minecraft:stone":52,"minecraft:fern":1}},"DataVersion":2865}