{"stats":{"minecraft:killed_by":{"minecraft:player":1},"minecraft:mined":{"minecraft:sea_pickle":9,"minecraft:sweet_berry_bush":2,"minecraft:stone_button":1,"minecraft:glass":3,"minecraft:bamboo_sapling":4},"minecraft:picked_up":{"minecraft:sweet_berries":84,"minecraft:torch":1,"minecraft:stone_button":1,"minecraft:sea_pickle":14,"minecraft:bamboo":16},"minecraft:custom":{"minecraft:time_since_rest":1264,"minecraft:interact_with_furnace":2,"minecraft:sprint_one_cm":30449,"minecraft:open_enderchest":2,"minecraft:damage_taken":395,"minecraft:walk_one_cm":81260,"minecraft:interact_with_anvil":1,"minecraft:drop":15,"minecraft:damage_dealt":128,"minecraft:swim_one_cm":32491,"minecraft:fly_one_cm":45677,"minecraft:open_barrel":6,"minecraft:open_chest":6,"minecraft:crouch_one_cm":775,"minecraft:play_time":29727,"minecraft:open_shulker_box":8,"minecraft:interact_with_loom":1,"minecraft:deaths":1,"minecraft:sneak_time":378,"minecraft:walk_under_water_one_cm":15335,"minecraft:boat_one_cm":71842,"minecraft:jump":221,"minecraft:leave_game":2,"minecraft:time_since_death":1244,"minecraft:walk_on_water_one_cm":2270,"minecraft:sleep_in_bed":1,"minecraft:total_world_time":29727,"minecraft:climb_one_cm":8495,"minecraft:fall_one_cm":4551},"minecraft:used":{"minecraft:glass":6,"minecraft:stone_button":1,"minecraft:bamboo":10,"minecraft:warped_roots":3,"minecraft:torch":1,"minecraft:sweet_berries":15,"minecraft:sea_pickle":14},"minecraft:dropped":{"minecraft:sweet_berries":9,"minecraft:bamboo":6}},"DataVersion":2865}