{"stats":{"minecraft:killed":{"minecraft:spider":7,"minecraft:shulker":26,"minecraft:skeleton":11,"minecraft:guardian":13,"minecraft:silverfish":6,"minecraft:magma_cube":1,"minecraft:pig":2,"minecraft:creeper":10,"minecraft:sheep":1,"minecraft:zombie":9,"minecraft:glow_squid":2,"minecraft:cow":2,"minecraft:phantom":8,"minecraft:drowned":17,"minecraft:husk":2,"minecraft:enderman":4154},"minecraft:crafted":{"minecraft:smooth_stone":318,"minecraft:oak_planks":828,"minecraft:oak_sign":30,"minecraft:stone":64,"minecraft:lever":1,"minecraft:diamond_shovel":1,"minecraft:shulker_box":8,"minecraft:cooked_mutton":1,"minecraft:quartz_block":13,"minecraft:glass":26,"minecraft:repeater":13,"minecraft:netherite_boots":1,"minecraft:comparator":2,"minecraft:stone_pressure_plate":2,"minecraft:chest":16,"minecraft:netherite_helmet":1,"minecraft:oak_button":2,"minecraft:iron_door":3,"minecraft:stone_hoe":1,"minecraft:stone_bricks":4,"minecraft:dropper":1,"minecraft:target":4,"minecraft:oak_slab":858,"minecraft:cooked_porkchop":2,"minecraft:diamond_axe":1,"minecraft:crafting_table":10,"minecraft:spruce_planks":1236,"minecraft:wooden_pickaxe":1,"minecraft:iron_helmet":1,"minecraft:smithing_table":1,"minecraft:sticky_piston":10,"minecraft:hay_block":4,"minecraft:birch_planks":24,"minecraft:spruce_trapdoor":6,"minecraft:iron_chestplate":1,"minecraft:diamond_pickaxe":2,"minecraft:charcoal":74,"minecraft:stick":336,"minecraft:iron_ingot":188,"minecraft:iron_pickaxe":3,"minecraft:iron_block":9,"minecraft:stone_sword":1,"minecraft:gold_ingot":101,"minecraft:redstone_torch":39,"minecraft:netherite_ingot":8,"minecraft:deepslate_bricks":388,"minecraft:shears":1,"minecraft:wooden_sword":1,"minecraft:oak_door":3,"minecraft:redstone":243,"minecraft:smooth_stone_slab":378,"minecraft:netherite_sword":1,"minecraft:spruce_button":2,"minecraft:furnace":3,"minecraft:stone_button":2,"minecraft:piston":10,"minecraft:bone_meal":213,"minecraft:flint_and_steel":1,"minecraft:netherite_chestplate":1,"minecraft:spruce_stairs":4,"minecraft:netherite_axe":1,"minecraft:netherite_leggings":1,"minecraft:white_concrete_powder":384,"minecraft:polished_deepslate":389,"minecraft:ladder":51,"minecraft:spruce_slab":450,"minecraft:stone_pickaxe":8,"minecraft:cobbled_deepslate_stairs":168,"minecraft:quartz_slab":2,"minecraft:redstone_block":96,"minecraft:netherite_scrap":32,"minecraft:observer":4,"minecraft:cooked_beef":4,"minecraft:netherite_pickaxe":2,"minecraft:diamond_sword":1,"minecraft:bucket":2,"minecraft:deepslate_tiles":64,"minecraft:stone_axe":2,"minecraft:jungle_slab":252,"minecraft:bread":112,"minecraft:air":0,"minecraft:jungle_planks":256,"minecraft:oak_boat":4,"minecraft:white_dye":48,"minecraft:oak_stairs":8,"minecraft:iron_leggings":1,"minecraft:stonecutter":2,"minecraft:anvil":2,"minecraft:white_bed":65,"minecraft:torch":400},"minecraft:used":{"minecraft:writable_book":4,"minecraft:polished_deepslate":56,"minecraft:spruce_slab":434,"minecraft:bone_block":162,"minecraft:ladder":41,"minecraft:oak_sign":30,"minecraft:white_concrete_powder":404,"minecraft:chest":13,"minecraft:stone":745,"minecraft:rotten_flesh":2,"minecraft:iron_chestplate":1,"minecraft:spruce_leaves":3,"minecraft:soul_sand":7,"minecraft:jungle_planks":49,"minecraft:jungle_slab":244,"minecraft:deepslate_brick_slab":106,"minecraft:tuff":51,"minecraft:stripped_spruce_log":9,"minecraft:obsidian":20,"minecraft:jungle_sapling":32,"minecraft:coal_ore":4,"minecraft:copper_ore":3,"minecraft:iron_helmet":1,"minecraft:stone_bricks":8,"minecraft:repeater":19,"minecraft:bow":235,"minecraft:sweet_berries":168,"minecraft:furnace":7,"minecraft:cooked_cod":3,"minecraft:damaged_anvil":1,"minecraft:dropper":1,"minecraft:stone_pickaxe":625,"minecraft:chorus_fruit":1,"minecraft:gray_carpet":1,"minecraft:blackstone":3,"minecraft:oak_planks":81,"minecraft:ender_pearl":20,"minecraft:wooden_pickaxe":59,"minecraft:diamond_axe":294,"minecraft:oak_leaves":3,"minecraft:cobbled_deepslate_stairs":129,"minecraft:end_stone":142,"minecraft:deepslate_brick_stairs":1,"minecraft:deepslate_tiles":329,"minecraft:redstone_torch":28,"minecraft:sticky_piston":8,"minecraft:lever":11,"minecraft:firework_rocket":372,"minecraft:bread":112,"minecraft:iron_door":2,"minecraft:deepslate":850,"minecraft:gravel":68,"minecraft:diamond_sword":1033,"minecraft:wooden_sword":1,"minecraft:smithing_table":1,"minecraft:oak_boat":35,"minecraft:smooth_stone_slab":404,"minecraft:andesite":1,"minecraft:white_concrete":287,"minecraft:bone_meal":71,"minecraft:trident":491,"minecraft:netherite_sword":281,"minecraft:jungle_leaves":1,"minecraft:stone_sword":29,"minecraft:flint_and_steel":2,"minecraft:redstone":216,"minecraft:spruce_planks":459,"minecraft:ender_chest":9,"minecraft:stone_hoe":24,"minecraft:netherrack":541,"minecraft:oak_door":3,"minecraft:torch":461,"minecraft:anvil":5,"minecraft:dirt":316,"minecraft:target":2,"minecraft:nether_quartz_ore":1,"minecraft:spruce_stairs":4,"minecraft:shulker_box":53,"minecraft:granite":8,"minecraft:stone_brick_slab":1,"minecraft:chipped_anvil":3,"minecraft:iron_block":1,"minecraft:oak_stairs":9,"minecraft:spruce_button":9,"minecraft:polished_deepslate_wall":4,"minecraft:jungle_log":8,"minecraft:golden_carrot":164,"minecraft:netherite_pickaxe":4306,"minecraft:stone_pressure_plate":3,"minecraft:cooked_beef":17,"minecraft:cobbled_deepslate":1321,"minecraft:wheat_seeds":403,"minecraft:cooked_mutton":1,"minecraft:water_bucket":146,"minecraft:brown_mushroom":1,"minecraft:red_mushroom_block":1,"minecraft:spruce_sign":1,"minecraft:stonecutter":4,"minecraft:deepslate_bricks":233,"minecraft:comparator":4,"minecraft:oak_slab":1132,"minecraft:crafting_table":21,"minecraft:white_bed":65,"minecraft:mushroom_stem":132,"minecraft:spruce_log":535,"minecraft:oak_log":26,"minecraft:diamond_pickaxe":13491,"minecraft:diamond_shovel":4013,"minecraft:oak_button":2,"minecraft:iron_pickaxe":748,"minecraft:netherite_axe":3983,"minecraft:spruce_trapdoor":13,"minecraft:spruce_sapling":88,"minecraft:stone_axe":133,"minecraft:cobblestone":127,"minecraft:cooked_porkchop":2,"minecraft:bucket":147,"minecraft:smooth_stone":115},"minecraft:killed_by":{"minecraft:creeper":2},"minecraft:broken":{"minecraft:stone_pickaxe":4,"minecraft:diamond_pickaxe":1,"minecraft:stone_axe":1,"minecraft:wooden_pickaxe":1,"minecraft:iron_pickaxe":3},"minecraft:dropped":{"minecraft:soul_sand":24,"minecraft:brown_mushroom":11,"minecraft:chorus_fruit":17,"minecraft:oak_log":14,"minecraft:ender_pearl":9127,"minecraft:warped_roots":2,"minecraft:purpur_stairs":2,"minecraft:elytra":1,"minecraft:leather_helmet":1,"minecraft:red_mushroom":21,"minecraft:flint":7,"minecraft:spruce_leaves":1,"minecraft:dirt":108,"minecraft:stone_button":1,"minecraft:brown_mushroom_block":3,"minecraft:bone":7,"minecraft:oak_door":1,"minecraft:blackstone":72,"minecraft:gravel":60,"minecraft:purpur_block":1,"minecraft:diamond_block":2,"minecraft:cobbled_deepslate":2329,"minecraft:obsidian":1,"minecraft:rotten_flesh":13,"minecraft:poppy":1,"minecraft:spruce_slab":11,"minecraft:arrow":29,"minecraft:basalt":51,"minecraft:end_stone_bricks":14,"minecraft:written_book":1,"minecraft:netherrack":2836,"minecraft:egg":2,"minecraft:wheat_seeds":621,"minecraft:golden_helmet":1,"minecraft:cobblestone":17,"minecraft:granite":1,"minecraft:stick":38,"minecraft:diorite":6,"minecraft:ink_sac":2,"minecraft:cactus":3,"minecraft:spruce_sapling":1,"minecraft:dandelion":85,"minecraft:purpur_pillar":1,"minecraft:player_head":3,"minecraft:warped_nylium":5,"minecraft:deepslate_bricks":164,"minecraft:copper_ore":2,"minecraft:stone":32,"minecraft:spruce_planks":84,"minecraft:diamond_pickaxe":3,"minecraft:oak_boat":1,"minecraft:oak_sapling":1,"minecraft:redstone_torch":2,"minecraft:stone_pressure_plate":2,"minecraft:stone_bricks":2,"minecraft:sandstone":15,"minecraft:bow":1,"minecraft:stone_pickaxe":1,"minecraft:magma_block":1,"minecraft:quartz_slab":2},"minecraft:picked_up":{"minecraft:shulker_shell":27,"minecraft:wheat":376,"minecraft:prismarine_shard":12,"minecraft:ender_chest":8,"minecraft:anvil":3,"minecraft:diamond_sword":1,"minecraft:oak_stairs":3,"minecraft:potion":2,"minecraft:brewing_stand":1,"minecraft:amethyst_block":3,"minecraft:string":3,"minecraft:raw_copper":241,"minecraft:smooth_stone_slab":26,"minecraft:sticky_piston":1,"minecraft:oak_sign":4,"minecraft:deepslate_tiles":70,"minecraft:smooth_stone":53,"minecraft:gold_nugget":117,"minecraft:cobbled_deepslate":5493,"minecraft:comparator":2,"minecraft:spruce_planks":169,"minecraft:redstone_torch":26,"minecraft:ender_eye":1,"minecraft:calcite":2,"minecraft:deepslate_iron_ore":24,"minecraft:furnace":2,"minecraft:golden_helmet":1,"minecraft:stick":153,"minecraft:torch":176,"minecraft:purpur_pillar":1,"minecraft:spruce_stairs":1,"minecraft:porkchop":2,"minecraft:diorite":83,"minecraft:cactus":3,"minecraft:rotten_flesh":22,"minecraft:iron_block":1,"minecraft:end_rod":1,"minecraft:deepslate_copper_ore":18,"minecraft:deepslate_brick_stairs":1,"minecraft:obsidian":26,"minecraft:cobblestone":792,"minecraft:birch_log":228,"minecraft:magma_block":1,"minecraft:jungle_log":528,"minecraft:water_bucket":1,"minecraft:cooked_beef":5,"minecraft:repeater":17,"minecraft:magma_cream":1,"minecraft:iron_door":1,"minecraft:andesite":21,"minecraft:flint":31,"minecraft:tuff":305,"minecraft:lapis_lazuli":269,"minecraft:dirt":1055,"minecraft:bone":15,"minecraft:chipped_anvil":3,"minecraft:bow":1,"minecraft:stonecutter":2,"minecraft:wheat_seeds":1026,"minecraft:raw_gold":110,"minecraft:bamboo":128,"minecraft:oak_planks":67,"minecraft:cooked_porkchop":4,"minecraft:sand":3022,"minecraft:jungle_planks":4,"minecraft:stripped_spruce_log":17,"minecraft:ink_sac":2,"minecraft:brown_mushroom_block":3,"minecraft:diamond_block":4,"minecraft:jungle_slab":49,"minecraft:shulker_box":50,"minecraft:jungle_leaves":1,"minecraft:deepslate":1167,"minecraft:diamond":180,"minecraft:lever":10,"minecraft:granite":12,"minecraft:white_concrete":348,"minecraft:spruce_sign":2,"minecraft:spruce_button":8,"minecraft:bread":58,"minecraft:oak_sapling":61,"minecraft:netherrack":3180,"minecraft:chorus_fruit":18,"minecraft:oak_leaves":3,"minecraft:diamond_pickaxe":5,"minecraft:end_stone_bricks":16,"minecraft:spruce_leaves":4,"minecraft:crafting_table":14,"minecraft:ladder":14,"minecraft:brown_mushroom":12,"minecraft:dragon_head":2,"minecraft:purpur_block":1,"minecraft:elytra":3,"minecraft:blackstone":75,"minecraft:beef":4,"minecraft:oak_boat":34,"minecraft:player_head":10,"minecraft:jungle_sapling":44,"minecraft:poppy":1,"minecraft:spruce_slab":28,"minecraft:chest":1,"minecraft:birch_sapling":3,"minecraft:spruce_trapdoor":9,"minecraft:egg":2,"minecraft:copper_ore":15,"minecraft:sandstone":15,"minecraft:raw_iron":145,"minecraft:end_stone":190,"minecraft:stone":1740,"minecraft:oak_door":3,"minecraft:copper_ingot":1,"minecraft:stone_button":1,"minecraft:trident":2,"minecraft:redstone":1244,"minecraft:mushroom_stem":75,"minecraft:prismarine_crystals":10,"minecraft:stone_pressure_plate":4,"minecraft:arrow":30,"minecraft:cooked_cod":3,"minecraft:deepslate_bricks":78,"minecraft:mutton":1,"minecraft:bone_block":300,"minecraft:white_wool":13,"minecraft:basalt":51,"minecraft:glow_ink_sac":2,"minecraft:leather":1,"minecraft:red_mushroom_block":1,"minecraft:red_mushroom":21,"minecraft:purpur_stairs":2,"minecraft:oak_log":932,"minecraft:ancient_debris":33,"minecraft:cobbled_deepslate_stairs":4,"minecraft:gunpowder":22,"minecraft:stone_bricks":8,"minecraft:apple":7,"minecraft:gray_carpet":1,"minecraft:iron_ore":1,"minecraft:soul_sand":34,"minecraft:oak_slab":276,"minecraft:smooth_basalt":3,"minecraft:nether_quartz_ore":1,"minecraft:sweet_berries":374,"minecraft:stone_brick_slab":1,"minecraft:quartz":435,"minecraft:dandelion":85,"minecraft:gravel":345,"minecraft:amethyst_shard":12,"minecraft:spruce_sapling":130,"minecraft:spruce_log":1780,"minecraft:spider_eye":4,"minecraft:leather_helmet":1,"minecraft:coal_ore":7,"minecraft:white_concrete_powder":20,"minecraft:iron_helmet":1,"minecraft:diamond_axe":1,"minecraft:warped_roots":2,"minecraft:damaged_anvil":1,"minecraft:warped_nylium":5,"minecraft:coal":165,"minecraft:ender_pearl":3594},"minecraft:custom":{"minecraft:interact_with_crafting_table":172,"minecraft:open_barrel":139,"minecraft:open_shulker_box":123,"minecraft:leave_game":47,"minecraft:time_since_death":1156608,"minecraft:damage_resisted":244,"minecraft:sprint_one_cm":5440745,"minecraft:drop":807,"minecraft:play_time":2485754,"minecraft:deaths":5,"minecraft:jump":32293,"minecraft:walk_on_water_one_cm":158678,"minecraft:interact_with_furnace":131,"minecraft:sleep_in_bed":24,"minecraft:open_enderchest":162,"minecraft:damage_dealt":107436,"minecraft:crouch_one_cm":460279,"minecraft:inspect_dispenser":6,"minecraft:interact_with_smithing_table":8,"minecraft:mob_kills":4567,"minecraft:interact_with_anvil":44,"minecraft:inspect_hopper":1,"minecraft:climb_one_cm":107242,"minecraft:walk_one_cm":3594044,"minecraft:sneak_time":126963,"minecraft:walk_under_water_one_cm":351767,"minecraft:boat_one_cm":1779250,"minecraft:interact_with_lectern":23,"minecraft:total_world_time":2485754,"minecraft:interact_with_stonecutter":13,"minecraft:time_since_rest":63367,"minecraft:damage_taken":11318,"minecraft:swim_one_cm":466871,"minecraft:fly_one_cm":8841038,"minecraft:open_chest":903,"minecraft:aviate_one_cm":20425023,"minecraft:fall_one_cm":900603},"minecraft:mined":{"minecraft:dragon_wall_head":2,"minecraft:stone_pressure_plate":2,"minecraft:spruce_planks":94,"minecraft:cobbled_deepslate_stairs":4,"minecraft:jungle_slab":36,"minecraft:jungle_leaves":38,"minecraft:brewing_stand":1,"minecraft:obsidian":27,"minecraft:spruce_trapdoor":9,"minecraft:granite":11,"minecraft:grass_block":115,"minecraft:jungle_log":528,"minecraft:white_concrete":308,"minecraft:deepslate_bricks":79,"minecraft:oak_wall_sign":1,"minecraft:smooth_stone":53,"minecraft:magma_block":8,"minecraft:cobbled_deepslate":109,"minecraft:iron_ore":84,"minecraft:sticky_piston":1,"minecraft:fire":520,"minecraft:deepslate_lapis_ore":19,"minecraft:anvil":3,"minecraft:dirt_path":1,"minecraft:oak_stairs":3,"minecraft:deepslate_brick_stairs":2,"minecraft:end_stone_bricks":16,"minecraft:iron_block":1,"minecraft:spruce_slab":19,"minecraft:deepslate_redstone_ore":219,"minecraft:brown_mushroom":2,"minecraft:blackstone":91,"minecraft:soul_fire":8,"minecraft:amethyst_cluster":3,"minecraft:purpur_stairs":2,"minecraft:powder_snow":47,"minecraft:torch":66,"minecraft:calcite":2,"minecraft:chest":1,"minecraft:mushroom_stem":86,"minecraft:spruce_wall_sign":1,"minecraft:nether_quartz_ore":190,"minecraft:cobblestone":65,"minecraft:oak_planks":56,"minecraft:damaged_anvil":1,"minecraft:iron_door":1,"minecraft:wall_torch":70,"minecraft:amethyst_block":3,"minecraft:deepslate_copper_ore":18,"minecraft:warped_nylium":6,"minecraft:repeater":17,"minecraft:birch_log":233,"minecraft:wheat":381,"minecraft:purpur_block":1,"minecraft:smooth_stone_slab":26,"minecraft:grass":27,"minecraft:oak_log":945,"minecraft:sand":3066,"minecraft:dirt":546,"minecraft:smooth_basalt":3,"minecraft:ancient_debris":34,"minecraft:red_mushroom_block":90,"minecraft:stonecutter":2,"minecraft:netherrack":6442,"minecraft:oak_leaves":207,"minecraft:deepslate":7404,"minecraft:infested_deepslate":1,"minecraft:nether_gold_ore":16,"minecraft:deepslate_tiles":70,"minecraft:tuff":375,"minecraft:deepslate_diamond_ore":77,"minecraft:oak_door":2,"minecraft:end_stone":193,"minecraft:shulker_box":50,"minecraft:lever":10,"minecraft:ladder":12,"minecraft:stone_button":1,"minecraft:jungle_planks":4,"minecraft:redstone_wire":192,"minecraft:brown_mushroom_block":6,"minecraft:spruce_leaves":181,"minecraft:white_concrete_powder":13,"minecraft:redstone_ore":4,"minecraft:spruce_sapling":14,"minecraft:furnace":2,"minecraft:jungle_sapling":8,"minecraft:andesite":22,"minecraft:stripped_spruce_log":17,"minecraft:deepslate_iron_ore":68,"minecraft:vine":8,"minecraft:chorus_plant":1,"minecraft:bamboo":12,"minecraft:stone":2423,"minecraft:bone_block":42,"minecraft:ender_chest":8,"minecraft:redstone_wall_torch":5,"minecraft:oak_slab":286,"minecraft:comparator":2,"minecraft:soul_sand":13,"minecraft:stone_brick_slab":1,"minecraft:basalt":59,"minecraft:crafting_table":13,"minecraft:spruce_button":8,"minecraft:purpur_pillar":1,"minecraft:copper_ore":92,"minecraft:tall_grass":12,"minecraft:deepslate_gold_ore":65,"minecraft:lapis_ore":12,"minecraft:diorite":83,"minecraft:spruce_stairs":1,"minecraft:redstone_torch":6,"minecraft:sweet_berry_bush":19,"minecraft:spruce_log":1756,"minecraft:birch_leaves":6,"minecraft:coal_ore":149,"minecraft:mycelium":316,"minecraft:gravel":276,"minecraft:stone_bricks":9,"minecraft:chipped_anvil":3,"minecraft:gold_ore":5}},"DataVersion":3105}