{"stats":{"minecraft:broken":{"minecraft:diamond_shovel":1,"minecraft:diamond_pickaxe":4,"minecraft:iron_sword":2,"minecraft:stone_sword":1,"minecraft:wooden_pickaxe":1,"minecraft:shield":1,"minecraft:iron_axe":3,"minecraft:iron_pickaxe":5,"minecraft:stone_pickaxe":7,"minecraft:stone_axe":2,"minecraft:wooden_axe":1,"minecraft:golden_hoe":1},"minecraft:dropped":{"minecraft:clay":1,"minecraft:lapis_lazuli":3330,"minecraft:cooked_beef":1888,"minecraft:glass_bottle":1,"minecraft:diamond":11,"minecraft:crafting_table":1,"minecraft:rail":2,"minecraft:gold_block":111,"minecraft:dirt":605,"minecraft:phantom_membrane":2,"minecraft:sand":2,"minecraft:dark_oak_planks":14,"minecraft:fishing_rod":112,"minecraft:bone":2245,"minecraft:oak_door":786,"minecraft:stone_axe":112,"minecraft:cooked_chicken":2,"minecraft:cobbled_deepslate":21189,"minecraft:wheat":1,"minecraft:birch_sapling":1,"minecraft:obsidian":1,"minecraft:rotten_flesh":49,"minecraft:oak_planks":2,"minecraft:leather_boots":1,"minecraft:leather_leggings":2,"minecraft:beef":3,"minecraft:enchanted_book":111,"minecraft:golden_boots":2,"minecraft:wheat_seeds":329,"minecraft:oak_fence":10,"minecraft:feather":12,"minecraft:cobblestone":13653,"minecraft:apple":1,"minecraft:granite":431,"minecraft:coal":15,"minecraft:mushroom_stew":143,"minecraft:golden_apple":111,"minecraft:diamond_horse_armor":222,"minecraft:golden_carrot":2,"minecraft:ink_sac":7,"minecraft:cooked_salmon":1,"minecraft:diamond_helmet":111,"minecraft:string":4,"minecraft:lily_pad":2,"minecraft:spruce_sapling":5,"minecraft:moss_carpet":6,"minecraft:soul_soil":8,"minecraft:player_head":3,"minecraft:stone_sword":115,"minecraft:cobblestone_wall":1,"minecraft:deepslate":2,"minecraft:bowl":24,"minecraft:stone_shovel":2,"minecraft:chicken":3,"minecraft:clay_ball":40,"minecraft:iron_boots":1,"minecraft:shears":4,"minecraft:diamond_sword":112,"minecraft:big_dripleaf":4,"minecraft:potato":14,"minecraft:cobblestone_slab":37,"minecraft:spruce_planks":33,"minecraft:diamond_pickaxe":111,"minecraft:spider_eye":8,"minecraft:bow":113,"minecraft:magma_block":7,"minecraft:black_wool":1,"minecraft:brown_mushroom":2,"minecraft:soul_sand":25,"minecraft:moss_block":93,"minecraft:diamond_axe":111,"minecraft:leather":1338,"minecraft:flint":687,"minecraft:spruce_leaves":7,"minecraft:jungle_button":1,"minecraft:snowball":1,"minecraft:gravel":280,"minecraft:blackstone":281,"minecraft:diamond_shovel":1,"minecraft:prismarine":16,"minecraft:cooked_mutton":1,"minecraft:mycelium":1,"minecraft:leather_chestplate":1,"minecraft:gunpowder":229,"minecraft:melon_seeds":2,"minecraft:azalea":8,"minecraft:bee_nest":1,"minecraft:basalt":884,"minecraft:arrow":73,"minecraft:quartz":61,"minecraft:netherrack":9671,"minecraft:water_bucket":112,"minecraft:bread":1332,"minecraft:golden_helmet":1,"minecraft:diamond_leggings":111,"minecraft:lead":1,"minecraft:stick":77,"minecraft:diorite":735,"minecraft:torch":1,"minecraft:iron_axe":1,"minecraft:tripwire_hook":1,"minecraft:smooth_basalt":6,"minecraft:raw_copper":444,"minecraft:tuff":963,"minecraft:raw_iron":47,"minecraft:filled_map":7,"minecraft:shield":111,"minecraft:diamond_chestplate":111,"minecraft:andesite":644,"minecraft:oak_boat":1,"minecraft:diamond_boots":111,"minecraft:spruce_log":1,"minecraft:stone_pickaxe":4,"minecraft:wooden_pickaxe":1,"minecraft:raw_gold":224,"minecraft:magma_cream":6,"minecraft:nautilus_shell":112},"minecraft:used":{"minecraft:moss_block":39,"minecraft:spruce_slab":71,"minecraft:dispenser":26,"minecraft:poppy":1,"minecraft:chest":67,"minecraft:stone":1,"minecraft:rotten_flesh":7,"minecraft:soul_sand":16,"minecraft:allium":1,"minecraft:stripped_spruce_log":1,"minecraft:spruce_boat":28,"minecraft:grass_block":456,"minecraft:stone_brick_stairs":174,"minecraft:bow":322,"minecraft:sweet_berries":48,"minecraft:oak_sapling":22,"minecraft:furnace":10,"minecraft:cooked_cod":71,"minecraft:egg":1,"minecraft:potato":10,"minecraft:diorite":62,"minecraft:spruce_door":5,"minecraft:prismarine":51,"minecraft:cactus":1,"minecraft:orange_tulip":2,"minecraft:blackstone":21,"minecraft:wooden_pickaxe":181,"minecraft:clay":4,"minecraft:jungle_boat":10,"minecraft:golden_apple":10,"minecraft:glow_berries":98,"minecraft:sand":4,"minecraft:blast_furnace":4,"minecraft:diamond_sword":1553,"minecraft:white_stained_glass":2,"minecraft:oak_boat":57,"minecraft:gray_stained_glass":3,"minecraft:stone_sword":163,"minecraft:armor_stand":16,"minecraft:mycelium":28,"minecraft:stripped_warped_stem":5,"minecraft:cooked_salmon":44,"minecraft:netherrack":851,"minecraft:torch":402,"minecraft:brewing_stand":2,"minecraft:warped_wart_block":96,"minecraft:anvil":2,"minecraft:golden_shovel":1,"minecraft:flowering_azalea":4,"minecraft:iron_axe":737,"minecraft:iron_block":27,"minecraft:slime_block":1,"minecraft:jungle_log":1,"minecraft:barrel":4,"minecraft:melon_seeds":2,"minecraft:basalt":7,"minecraft:cobbled_deepslate":789,"minecraft:observer":25,"minecraft:wheat_seeds":408,"minecraft:water_bucket":104,"minecraft:warped_stem":19,"minecraft:lead":1,"minecraft:spruce_fence_gate":1,"minecraft:rail":24,"minecraft:vine":9,"minecraft:tnt":8,"minecraft:crafting_table":31,"minecraft:white_bed":73,"minecraft:campfire":18,"minecraft:cod":1,"minecraft:spruce_log":76,"minecraft:music_disc_strad":5,"minecraft:oak_log":17,"minecraft:dark_prismarine":36,"minecraft:diamond_pickaxe":5019,"minecraft:cornflower":1,"minecraft:diamond_shovel":4095,"minecraft:iron_pickaxe":1272,"minecraft:spruce_trapdoor":45,"minecraft:spruce_sapling":42,"minecraft:cobblestone":823,"minecraft:potion":17,"minecraft:cooked_porkchop":2,"minecraft:dandelion":1,"minecraft:oak_sign":17,"minecraft:shield":80,"minecraft:iron_sword":432,"minecraft:player_head":4,"minecraft:carrot":4,"minecraft:tuff":91,"minecraft:music_disc_13":1,"minecraft:axolotl_bucket":2,"minecraft:milk_bucket":7,"minecraft:obsidian":5,"minecraft:glass":78,"minecraft:lantern":19,"minecraft:hopper_minecart":24,"minecraft:item_frame":4,"minecraft:magma_block":1,"minecraft:gold_block":24,"minecraft:wither_skeleton_skull":12,"minecraft:stone_pickaxe":1076,"minecraft:oak_planks":1,"minecraft:ender_pearl":5,"minecraft:redstone_block":21,"minecraft:diamond_axe":324,"minecraft:white_wool":4,"minecraft:golden_hoe":32,"minecraft:mushroom_stew":147,"minecraft:stone_brick_wall":1,"minecraft:end_stone":196,"minecraft:shears":62,"minecraft:lever":1,"minecraft:music_disc_mall":2,"minecraft:bread":43,"minecraft:brown_stained_glass":3,"minecraft:gravel":17,"minecraft:andesite":1,"minecraft:bone_meal":17,"minecraft:azalea":10,"minecraft:oak_fence":48,"minecraft:trident":373,"minecraft:netherite_sword":1870,"minecraft:music_disc_otherside":11,"minecraft:white_tulip":16,"minecraft:stone_shovel":70,"minecraft:redstone":27,"minecraft:spruce_planks":32,"minecraft:cooked_chicken":1,"minecraft:oak_door":25,"minecraft:dirt":947,"minecraft:spyglass":43,"minecraft:white_carpet":2,"minecraft:hopper":25,"minecraft:spruce_stairs":15,"minecraft:spruce_fence":125,"minecraft:granite":66,"minecraft:birch_door":1,"minecraft:wooden_axe":59,"minecraft:light_gray_stained_glass":3,"minecraft:golden_carrot":268,"minecraft:soul_soil":4,"minecraft:netherite_pickaxe":65784,"minecraft:cooked_beef":63,"minecraft:pumpkin":1,"minecraft:light_gray_bed":1,"minecraft:brown_bed":1,"minecraft:cooked_mutton":9,"minecraft:amethyst_block":3,"minecraft:glass_bottle":22,"minecraft:birch_boat":2,"minecraft:spruce_sign":4,"minecraft:beacon":9,"minecraft:cobblestone_slab":85,"minecraft:music_disc_cat":4,"minecraft:smoker":4,"minecraft:piston":27,"minecraft:wooden_hoe":53,"minecraft:apple":2,"minecraft:stone_axe":185,"minecraft:fishing_rod":191,"minecraft:bucket":108},"minecraft:mined":{"minecraft:dark_oak_planks":31,"minecraft:stripped_warped_stem":11,"minecraft:white_bed":3,"minecraft:obsidian":59,"minecraft:granite":918,"minecraft:stone_brick_wall":1,"minecraft:jungle_log":4,"minecraft:hopper":9,"minecraft:oak_wall_sign":1,"minecraft:oxeye_daisy":2,"minecraft:spawner":2,"minecraft:magma_block":21,"minecraft:brown_stained_glass":2,"minecraft:fire":993,"minecraft:cobbled_deepslate":173,"minecraft:barrel":2,"minecraft:moss_carpet":24,"minecraft:pumpkin":10,"minecraft:deepslate_lapis_ore":55,"minecraft:nether_brick_stairs":1,"minecraft:cave_vines":35,"minecraft:dirt_path":19,"minecraft:pink_tulip":6,"minecraft:iron_block":15,"minecraft:brown_mushroom":2,"minecraft:amethyst_cluster":1,"minecraft:player_wall_head":2,"minecraft:soul_fire":6,"minecraft:smoker":2,"minecraft:powder_snow":4,"minecraft:torch":10,"minecraft:blast_furnace":2,"minecraft:spruce_wall_sign":1,"minecraft:glass":5,"minecraft:sugar_cane":47,"minecraft:amethyst_block":15,"minecraft:light_gray_stained_glass":2,"minecraft:wheat":398,"minecraft:stone_brick_stairs":2,"minecraft:grass":127,"minecraft:smooth_basalt":9,"minecraft:red_mushroom_block":1,"minecraft:piston":27,"minecraft:deepslate":17860,"minecraft:dark_prismarine":6,"minecraft:end_stone":242,"minecraft:allium":17,"minecraft:spruce_fence":15,"minecraft:redstone_wire":15,"minecraft:moss_block":457,"minecraft:redstone_ore":4,"minecraft:snow":1,"minecraft:andesite":886,"minecraft:rail":18,"minecraft:vine":327,"minecraft:cobblestone_slab":5,"minecraft:warped_stem":19,"minecraft:white_wool":2,"minecraft:redstone_block":21,"minecraft:soul_sand":47,"minecraft:lily_of_the_valley":15,"minecraft:observer":9,"minecraft:dandelion":12,"minecraft:cornflower":5,"minecraft:campfire":8,"minecraft:tall_grass":41,"minecraft:copper_ore":77,"minecraft:deepslate_gold_ore":94,"minecraft:diorite":1016,"minecraft:warped_wart_block":98,"minecraft:white_carpet":1,"minecraft:spruce_log":423,"minecraft:birch_leaves":2,"minecraft:mycelium":173,"minecraft:gravel":586,"minecraft:cobweb":139,"minecraft:fern":2,"minecraft:spruce_planks":30,"minecraft:farmland":1,"minecraft:cave_vines_plant":24,"minecraft:spruce_trapdoor":16,"minecraft:budding_amethyst":2,"minecraft:grass_block":497,"minecraft:soul_soil":13,"minecraft:raw_iron_block":5,"minecraft:iron_ore":158,"minecraft:azure_bluet":34,"minecraft:red_tulip":13,"minecraft:azalea":19,"minecraft:spruce_slab":51,"minecraft:deepslate_redstone_ore":283,"minecraft:blackstone":368,"minecraft:clay":1618,"minecraft:calcite":45,"minecraft:poppy":4,"minecraft:beacon":6,"minecraft:chest":23,"minecraft:nether_quartz_ore":1206,"minecraft:cobblestone":360,"minecraft:slime_block":1,"minecraft:oak_planks":67,"minecraft:prismarine":33,"minecraft:wall_torch":26,"minecraft:deepslate_copper_ore":4,"minecraft:warped_nylium":5,"minecraft:birch_log":18,"minecraft:tnt":8,"minecraft:orange_tulip":14,"minecraft:oak_log":238,"minecraft:sand":355,"minecraft:dirt":1097,"minecraft:ancient_debris":49,"minecraft:dispenser":10,"minecraft:netherrack":32896,"minecraft:oak_leaves":79,"minecraft:nether_gold_ore":392,"minecraft:tuff":1706,"minecraft:deepslate_diamond_ore":132,"minecraft:oak_door":23,"minecraft:lever":1,"minecraft:glow_lichen":2,"minecraft:white_stained_glass":2,"minecraft:brown_mushroom_block":1,"minecraft:spruce_leaves":99,"minecraft:sandstone":1,"minecraft:large_fern":2,"minecraft:spore_blossom":2,"minecraft:spruce_sapling":1,"minecraft:furnace":7,"minecraft:nether_sprouts":1,"minecraft:stripped_spruce_log":1,"minecraft:peony":12,"minecraft:gold_block":24,"minecraft:deepslate_iron_ore":290,"minecraft:lantern":4,"minecraft:packed_ice":72,"minecraft:chorus_plant":2,"minecraft:stone":11449,"minecraft:white_tulip":23,"minecraft:podzol":3,"minecraft:flowering_azalea":12,"minecraft:basalt":1328,"minecraft:oak_fence":49,"minecraft:crafting_table":20,"minecraft:gray_stained_glass":2,"minecraft:lapis_ore":9,"minecraft:spruce_stairs":3,"minecraft:cactus":2,"minecraft:sweet_berry_bush":15,"minecraft:ice":1,"minecraft:bee_nest":1,"minecraft:coal_ore":273,"minecraft:small_dripleaf":1},"minecraft:killed":{"minecraft:cave_spider":1017,"minecraft:skeleton":106,"minecraft:guardian":345,"minecraft:chicken":4,"minecraft:skeleton_horse":1,"minecraft:magma_cube":289,"minecraft:salmon":3,"minecraft:ender_dragon":2,"minecraft:zombie":102,"minecraft:cow":4,"minecraft:enderman":49,"minecraft:witch":1,"minecraft:spider":19,"minecraft:wither":4,"minecraft:bee":4,"minecraft:axolotl":1,"minecraft:silverfish":2,"minecraft:wolf":3,"minecraft:piglin":17,"minecraft:pig":1,"minecraft:zombie_villager":1,"minecraft:creeper":13,"minecraft:sheep":9,"minecraft:mooshroom":16,"minecraft:ghast":15,"minecraft:blaze":198,"minecraft:slime":9,"minecraft:phantom":6,"minecraft:drowned":4,"minecraft:bat":2,"minecraft:squid":24,"minecraft:wither_skeleton":125},"minecraft:crafted":{"minecraft:black_dye":8,"minecraft:smooth_stone":19,"minecraft:oak_sign":3,"minecraft:blaze_powder":4,"minecraft:birch_boat":1,"minecraft:slime_block":1,"minecraft:lever":1,"minecraft:diamond_shovel":4,"minecraft:cooked_mutton":9,"minecraft:quartz_block":142,"minecraft:glass":165,"minecraft:diamond_helmet":2,"minecraft:diamond_leggings":2,"minecraft:beacon":4,"minecraft:magenta_dye":1,"minecraft:gray_stained_glass":8,"minecraft:glass_bottle":12,"minecraft:emerald":79,"minecraft:cooked_porkchop":2,"minecraft:diamond_axe":1,"minecraft:jungle_boat":1,"minecraft:spruce_door":6,"minecraft:brown_bed":1,"minecraft:campfire":20,"minecraft:light_gray_bed":1,"minecraft:stone_brick_stairs":172,"minecraft:wooden_hoe":2,"minecraft:iron_pickaxe":4,"minecraft:iron_block":58,"minecraft:gold_ingot":622,"minecraft:light_gray_dye":4,"minecraft:netherite_ingot":12,"minecraft:spruce_fence_gate":1,"minecraft:prismarine":16,"minecraft:stone_shovel":3,"minecraft:smooth_stone_slab":12,"minecraft:iron_nugget":72,"minecraft:bone_meal":996,"minecraft:spruce_fence":159,"minecraft:pink_dye":2,"minecraft:white_carpet":3,"minecraft:moss_carpet":6,"minecraft:lantern":8,"minecraft:diamond":117,"minecraft:spruce_stairs":32,"minecraft:ladder":45,"minecraft:spruce_slab":48,"minecraft:stone_pickaxe":10,"minecraft:diamond_boots":2,"minecraft:spruce_boat":3,"minecraft:redstone_block":66,"minecraft:netherite_pickaxe":1,"minecraft:white_stained_glass":8,"minecraft:enchanted_book":2,"minecraft:orange_dye":3,"minecraft:golden_apple":41,"minecraft:wooden_axe":1,"minecraft:iron_leggings":1,"minecraft:armor_stand":8,"minecraft:white_bed":61,"minecraft:oak_planks":696,"minecraft:cobblestone_slab":96,"minecraft:barrel":2,"minecraft:cooked_chicken":1,"minecraft:stone":423,"minecraft:green_dye":4,"minecraft:hopper":32,"minecraft:brown_stained_glass":8,"minecraft:bow":20,"minecraft:iron_boots":1,"minecraft:chest":76,"minecraft:rail":16,"minecraft:stone_bricks":268,"minecraft:oak_fence":39,"minecraft:smoker":2,"minecraft:item_frame":2,"minecraft:crafting_table":15,"minecraft:spruce_planks":1440,"minecraft:wooden_pickaxe":2,"minecraft:iron_helmet":8,"minecraft:brown_dye":2,"minecraft:gold_block":26,"minecraft:hopper_minecart":24,"minecraft:brewing_stand":1,"minecraft:birch_planks":48,"minecraft:dispenser":16,"minecraft:apple":156,"minecraft:tnt":5,"minecraft:spruce_trapdoor":30,"minecraft:iron_chestplate":1,"minecraft:diamond_pickaxe":4,"minecraft:yellow_dye":4,"minecraft:purple_dye":2,"minecraft:shield":3,"minecraft:stick":1032,"minecraft:light_blue_dye":4,"minecraft:iron_ingot":1132,"minecraft:stone_sword":21,"minecraft:shears":94,"minecraft:oak_door":36,"minecraft:raw_iron":36,"minecraft:fishing_rod":1,"minecraft:netherite_sword":1,"minecraft:light_gray_stained_glass":8,"minecraft:furnace":7,"minecraft:blast_furnace":2,"minecraft:piston":8,"minecraft:gray_dye":6,"minecraft:diamond_block":20,"minecraft:iron_axe":3,"minecraft:lime_dye":2,"minecraft:netherite_scrap":48,"minecraft:observer":16,"minecraft:minecart":16,"minecraft:cooked_beef":17,"minecraft:sugar":21,"minecraft:red_dye":8,"minecraft:cooked_cod":74,"minecraft:diamond_sword":1,"minecraft:cyan_dye":2,"minecraft:spruce_sign":3,"minecraft:iron_sword":2,"minecraft:bowl":52,"minecraft:cooked_salmon":44,"minecraft:golden_shovel":1,"minecraft:bucket":5,"minecraft:stone_axe":2,"minecraft:bread":25,"minecraft:air":0,"minecraft:jungle_planks":12,"minecraft:blue_dye":6,"minecraft:oak_boat":4,"minecraft:white_wool":32,"minecraft:white_dye":11,"minecraft:anvil":5,"minecraft:torch":232,"minecraft:clay":767,"minecraft:lapis_block":63,"minecraft:diamond_chestplate":4},"minecraft:custom":{"minecraft:interact_with_crafting_table":318,"minecraft:open_barrel":85,"minecraft:leave_game":48,"minecraft:time_since_death":1352726,"minecraft:damage_blocked_by_shield":6383,"minecraft:play_time":2915914,"minecraft:deaths":4,"minecraft:jump":82248,"minecraft:enchant_item":6,"minecraft:interact_with_furnace":550,"minecraft:play_record":23,"minecraft:traded_with_villager":120,"minecraft:sleep_in_bed":21,"minecraft:damage_dealt":249986,"minecraft:interact_with_smoker":37,"minecraft:inspect_dispenser":167,"minecraft:horse_one_cm":8793,"minecraft:interact_with_smithing_table":2,"minecraft:interact_with_anvil":18,"minecraft:inspect_hopper":24,"minecraft:sneak_time":374874,"minecraft:interact_with_lectern":15,"minecraft:interact_with_blast_furnace":100,"minecraft:total_world_time":2915914,"minecraft:tune_noteblock":1,"minecraft:interact_with_stonecutter":1,"minecraft:time_since_rest":72865,"minecraft:swim_one_cm":1096457,"minecraft:fly_one_cm":19894155,"minecraft:open_chest":3063,"minecraft:fish_caught":162,"minecraft:fall_one_cm":2388962,"minecraft:animals_bred":56,"minecraft:damage_resisted":3388,"minecraft:sprint_one_cm":14197932,"minecraft:drop":4578,"minecraft:play_noteblock":17,"minecraft:talked_to_villager":89,"minecraft:interact_with_brewingstand":34,"minecraft:walk_on_water_one_cm":322888,"minecraft:open_enderchest":56,"minecraft:interact_with_beacon":3,"minecraft:crouch_one_cm":1950635,"minecraft:mob_kills":2411,"minecraft:climb_one_cm":67889,"minecraft:walk_one_cm":8474213,"minecraft:walk_under_water_one_cm":491170,"minecraft:boat_one_cm":4818308,"minecraft:interact_with_grindstone":3,"minecraft:damage_taken":21611,"minecraft:damage_absorbed":217,"minecraft:pig_one_cm":1731},"minecraft:killed_by":{"minecraft:creeper":1},"minecraft:picked_up":{"minecraft:birch_door":1,"minecraft:iron_chestplate":1,"minecraft:prismarine_shard":139,"minecraft:suspicious_stew":2,"minecraft:lead":25,"minecraft:diamond_sword":113,"minecraft:enchanted_book":118,"minecraft:brewing_stand":1,"minecraft:golden_sword":1,"minecraft:amethyst_block":16,"minecraft:music_disc_cat":13,"minecraft:string":337,"minecraft:soul_soil":22,"minecraft:cooked_salmon":4,"minecraft:pufferfish":36,"minecraft:diamond_leggings":113,"minecraft:gold_nugget":1947,"minecraft:cobbled_deepslate":24750,"minecraft:spruce_planks":94,"minecraft:golden_helmet":2,"minecraft:big_dripleaf":4,"minecraft:golden_chestplate":2,"minecraft:stone_sword":216,"minecraft:light_blue_wool":28,"minecraft:tropical_fish":15,"minecraft:iron_block":58,"minecraft:red_tulip":13,"minecraft:blaze_rod":393,"minecraft:snowball":1,"minecraft:birch_log":18,"minecraft:magma_block":30,"minecraft:feather":7,"minecraft:cooked_beef":1956,"minecraft:water_bucket":114,"minecraft:jungle_log":4,"minecraft:brown_wool":3,"minecraft:smoker":2,"minecraft:flint":733,"minecraft:map":8,"minecraft:lantern":14,"minecraft:diamond_helmet":114,"minecraft:moss_block":385,"minecraft:warped_wart_block":107,"minecraft:stripped_spruce_log":1,"minecraft:ink_sac":62,"minecraft:barrel":2,"minecraft:dispenser":9,"minecraft:deepslate":2,"minecraft:lever":1,"minecraft:granite":584,"minecraft:golden_horse_armor":1,"minecraft:bread":1341,"minecraft:diamond_pickaxe":115,"minecraft:spruce_leaves":7,"minecraft:crafting_table":21,"minecraft:bee_nest":1,"minecraft:purple_wool":19,"minecraft:nether_wart":2,"minecraft:clay_ball":3284,"minecraft:leather_leggings":2,"minecraft:golden_pickaxe":1,"minecraft:cornflower":5,"minecraft:netherite_scrap":2,"minecraft:white_carpet":3,"minecraft:stripped_warped_stem":17,"minecraft:music_disc_otherside":12,"minecraft:beef":29,"minecraft:cyan_wool":27,"minecraft:poppy":5,"minecraft:iron_nugget":42,"minecraft:spruce_slab":75,"minecraft:minecart":7,"minecraft:chest":22,"minecraft:birch_sapling":1,"minecraft:piston":27,"minecraft:egg":2,"minecraft:oak_door":851,"minecraft:spruce_fence":22,"minecraft:fire_charge":6,"minecraft:white_dye":1,"minecraft:carrot":2,"minecraft:redstone":1999,"minecraft:netherite_pickaxe":1,"minecraft:prismarine_crystals":40,"minecraft:tnt":8,"minecraft:stone_shovel":4,"minecraft:diamond_chestplate":114,"minecraft:cooked_cod":89,"minecraft:beetroot_seeds":4,"minecraft:peony":12,"minecraft:shears":16,"minecraft:diamond_boots":113,"minecraft:gold_ingot":3,"minecraft:glow_berries":99,"minecraft:mutton":11,"minecraft:white_wool":552,"minecraft:rail":34,"minecraft:oxeye_daisy":2,"minecraft:tripwire_hook":1,"minecraft:fern":2,"minecraft:oak_log":238,"minecraft:jungle_button":1,"minecraft:lily_pad":9,"minecraft:ancient_debris":49,"minecraft:golden_boots":4,"minecraft:paper":50,"minecraft:apple":3,"minecraft:kelp":4,"minecraft:warped_stem":19,"minecraft:spore_blossom":2,"minecraft:stone_pickaxe":6,"minecraft:flowering_azalea":11,"minecraft:iron_sword":1,"minecraft:smooth_basalt":6,"minecraft:sweet_berries":68,"minecraft:red_wool":25,"minecraft:spyglass":2,"minecraft:gravel":525,"minecraft:spruce_sapling":109,"minecraft:spruce_log":424,"minecraft:leather_helmet":1,"minecraft:diamond_shovel":2,"minecraft:slime_ball":18,"minecraft:stone_axe":113,"minecraft:diamond_axe":111,"minecraft:melon_seeds":2,"minecraft:hopper":16,"minecraft:ender_pearl":103,"minecraft:music_disc_strad":3,"minecraft:wheat":388,"minecraft:redstone_block":21,"minecraft:yellow_wool":52,"minecraft:potion":3,"minecraft:stone_brick_stairs":2,"minecraft:lapis_block":44,"minecraft:raw_copper":1090,"minecraft:iron_leggings":6,"minecraft:armor_stand":8,"minecraft:netherite_ingot":6,"minecraft:oak_sign":15,"minecraft:bucket":2,"minecraft:white_tulip":22,"minecraft:cobblestone_slab":87,"minecraft:calcite":80,"minecraft:azalea":23,"minecraft:iron_pickaxe":1,"minecraft:iron_boots":3,"minecraft:furnace":7,"minecraft:blue_wool":22,"minecraft:stick":129,"minecraft:oak_fence":54,"minecraft:torch":159,"minecraft:spruce_stairs":7,"minecraft:porkchop":2,"minecraft:diorite":912,"minecraft:vine":37,"minecraft:cactus":5,"minecraft:rotten_flesh":253,"minecraft:green_wool":53,"minecraft:obsidian":68,"minecraft:cod":147,"minecraft:cobblestone":16079,"minecraft:blaze_powder":1,"minecraft:nautilus_shell":115,"minecraft:leather_chestplate":1,"minecraft:magma_cream":161,"minecraft:andesite":677,"minecraft:golden_leggings":1,"minecraft:beacon":6,"minecraft:potato":45,"minecraft:tuff":1547,"minecraft:wither_skeleton_skull":12,"minecraft:lapis_lazuli":4339,"minecraft:dirt":1690,"minecraft:name_tag":4,"minecraft:leather_boots":2,"minecraft:glass":5,"minecraft:bone":2681,"minecraft:bow":123,"minecraft:wheat_seeds":1215,"minecraft:orange_tulip":12,"minecraft:raw_gold":499,"minecraft:prismarine":93,"minecraft:oak_planks":93,"minecraft:ghast_tear":7,"minecraft:music_disc_13":3,"minecraft:sand":236,"minecraft:nether_brick_stairs":1,"minecraft:grass_block":446,"minecraft:lily_of_the_valley":15,"minecraft:orange_wool":19,"minecraft:dark_prismarine":48,"minecraft:clay":348,"minecraft:diamond":309,"minecraft:spruce_boat":28,"minecraft:slime_block":1,"minecraft:crossbow":1,"minecraft:grass":23,"minecraft:golden_apple":111,"minecraft:spruce_sign":1,"minecraft:emerald":3,"minecraft:oak_sapling":26,"minecraft:chorus_fruit":6,"minecraft:netherrack":10546,"minecraft:nether_star":4,"minecraft:charcoal":18,"minecraft:fishing_rod":123,"minecraft:azure_bluet":32,"minecraft:allium":17,"minecraft:chicken":7,"minecraft:ladder":1,"minecraft:brown_mushroom":15,"minecraft:gold_block":135,"minecraft:pink_wool":3,"minecraft:stone_brick_wall":1,"minecraft:diamond_horse_armor":224,"minecraft:shield":113,"minecraft:moss_carpet":67,"minecraft:iron_axe":4,"minecraft:item_frame":108,"minecraft:mycelium":29,"minecraft:blackstone":339,"minecraft:oak_boat":59,"minecraft:player_head":22,"minecraft:observer":6,"minecraft:light_gray_wool":5,"minecraft:sugar_cane":78,"minecraft:phantom_membrane":7,"minecraft:spruce_trapdoor":17,"minecraft:lime_wool":33,"minecraft:raw_iron":971,"minecraft:end_stone":236,"minecraft:bowl":26,"minecraft:dark_oak_planks":14,"minecraft:arrow":226,"minecraft:pink_tulip":4,"minecraft:saddle":4,"minecraft:netherite_boots":1,"minecraft:jungle_boat":9,"minecraft:basalt":950,"minecraft:golden_carrot":34,"minecraft:salmon":47,"minecraft:leather":1362,"minecraft:mushroom_stew":118,"minecraft:cobblestone_wall":1,"minecraft:gunpowder":273,"minecraft:wooden_hoe":1,"minecraft:cooked_mutton":4,"minecraft:iron_ingot":21,"minecraft:cooked_chicken":2,"minecraft:soul_sand":55,"minecraft:pumpkin":10,"minecraft:birch_boat":2,"minecraft:quartz":1419,"minecraft:dandelion":13,"minecraft:raw_iron_block":5,"minecraft:amethyst_shard":16,"minecraft:blast_furnace":2,"minecraft:white_bed":8,"minecraft:spruce_door":2,"minecraft:spider_eye":154,"minecraft:music_disc_mall":2,"minecraft:black_wool":2,"minecraft:coal":617}},"DataVersion":2865}