{"stats":{"minecraft:crafted":{"minecraft:polished_deepslate_wall":24,"minecraft:blaze_powder":2,"minecraft:chain":51,"minecraft:brick_wall":12,"minecraft:diamond_shovel":1,"minecraft:diamond_helmet":2,"minecraft:white_shulker_box":1,"minecraft:pink_stained_glass":8,"minecraft:polished_andesite_stairs":112,"minecraft:smooth_red_sandstone_stairs":4,"minecraft:mossy_cobblestone":197,"minecraft:polished_deepslate_slab":60,"minecraft:painting":2,"minecraft:cartography_table":1,"minecraft:stone_brick_stairs":84,"minecraft:lectern":2,"minecraft:stone_slab":96,"minecraft:iron_pickaxe":2,"minecraft:acacia_door":6,"minecraft:netherite_ingot":6,"minecraft:composter":1,"minecraft:dark_prismarine":1030,"minecraft:jungle_sign":12,"minecraft:iron_nugget":792,"minecraft:crimson_trapdoor":18,"minecraft:diamond_hoe":1,"minecraft:jack_o_lantern":11,"minecraft:blue_shulker_box":1,"minecraft:prismarine_brick_stairs":160,"minecraft:lime_stained_glass_pane":16,"minecraft:spruce_fence":234,"minecraft:moss_carpet":24,"minecraft:stone_stairs":44,"minecraft:lantern":80,"minecraft:spruce_stairs":652,"minecraft:polished_diorite":24,"minecraft:red_shulker_box":1,"minecraft:stone_pickaxe":2,"minecraft:quartz_slab":38,"minecraft:spruce_boat":8,"minecraft:prismarine_slab":252,"minecraft:brick_slab":18,"minecraft:lead":22,"minecraft:cut_copper_slab":12,"minecraft:acacia_trapdoor":14,"minecraft:deepslate_tiles":212,"minecraft:orange_dye":15,"minecraft:writable_book":2,"minecraft:iron_shovel":5,"minecraft:armor_stand":6,"minecraft:cobblestone_slab":42,"minecraft:barrel":37,"minecraft:lightning_rod":3,"minecraft:stone":70,"minecraft:pink_carpet":6,"minecraft:quartz_pillar":30,"minecraft:warped_planks":192,"minecraft:stone_brick_slab":48,"minecraft:bow":2,"minecraft:chest":33,"minecraft:copper_block":402,"minecraft:jungle_stairs":40,"minecraft:bricks":32,"minecraft:ender_eye":4,"minecraft:stone_bricks":672,"minecraft:granite_stairs":4,"minecraft:sea_lantern":92,"minecraft:white_banner":4,"minecraft:cauldron":2,"minecraft:iron_helmet":3,"minecraft:white_stained_glass_pane":48,"minecraft:prismarine_brick_slab":126,"minecraft:apple":64,"minecraft:spruce_trapdoor":508,"minecraft:yellow_dye":1,"minecraft:purple_dye":4,"minecraft:pink_wool":4,"minecraft:stick":1862,"minecraft:iron_ingot":2130,"minecraft:deepslate_bricks":348,"minecraft:deepslate_tile_slab":18,"minecraft:stone_brick_wall":36,"minecraft:fishing_rod":2,"minecraft:netherite_sword":1,"minecraft:spruce_button":19,"minecraft:mossy_stone_bricks":253,"minecraft:furnace":31,"minecraft:polished_andesite_slab":66,"minecraft:raw_copper_block":192,"minecraft:oak_trapdoor":12,"minecraft:scaffolding":30,"minecraft:granite_wall":12,"minecraft:cobblestone_wall":42,"minecraft:birch_sign":3,"minecraft:smooth_sandstone_stairs":4,"minecraft:purple_stained_glass":8,"minecraft:polished_blackstone_wall":12,"minecraft:iron_sword":1,"minecraft:mangrove_planks":28,"minecraft:jungle_planks":212,"minecraft:white_dye":23,"minecraft:anvil":3,"minecraft:prismarine_stairs":212,"minecraft:torch":216,"minecraft:orange_bed":1,"minecraft:diamond_chestplate":2,"minecraft:smooth_stone":25,"minecraft:jungle_fence_gate":1,"minecraft:purple_bed":1,"minecraft:pink_bed":1,"minecraft:dark_oak_wood":2685,"minecraft:birch_slab":18,"minecraft:slime_block":6,"minecraft:bookshelf":107,"minecraft:dark_prismarine_stairs":28,"minecraft:iron_bars":32,"minecraft:magenta_shulker_box":1,"minecraft:quartz_block":24,"minecraft:glass":70,"minecraft:diamond_leggings":2,"minecraft:cyan_stained_glass_pane":16,"minecraft:polished_blackstone":12,"minecraft:acacia_fence":6,"minecraft:birch_door":3,"minecraft:chiseled_quartz_block":7,"minecraft:magenta_dye":1,"minecraft:flower_pot":56,"minecraft:glass_bottle":6,"minecraft:emerald":56,"minecraft:diamond_axe":2,"minecraft:spruce_door":18,"minecraft:cobbled_deepslate_wall":66,"minecraft:copper_ingot":3638,"minecraft:oak_wood":12,"minecraft:hay_block":21,"minecraft:end_stone_brick_stairs":4,"minecraft:campfire":10,"minecraft:compass":14,"minecraft:iron_block":242,"minecraft:gold_ingot":300,"minecraft:birch_stairs":56,"minecraft:prismarine":120,"minecraft:stone_shovel":2,"minecraft:smooth_stone_slab":6,"minecraft:polished_deepslate_stairs":8,"minecraft:smooth_red_sandstone_slab":6,"minecraft:mossy_cobblestone_stairs":4,"minecraft:bone_meal":1744,"minecraft:cyan_stained_glass":24,"minecraft:pink_dye":14,"minecraft:andesite_wall":36,"minecraft:orange_wool":12,"minecraft:warped_trapdoor":36,"minecraft:diamond":909,"minecraft:deepslate_brick_wall":6,"minecraft:ladder":36,"minecraft:spruce_slab":222,"minecraft:diamond_boots":2,"minecraft:cobbled_deepslate_stairs":4,"minecraft:deepslate_tile_wall":6,"minecraft:jungle_fence":15,"minecraft:dark_oak_planks":176,"minecraft:wheat":100,"minecraft:purple_stained_glass_pane":16,"minecraft:deepslate_brick_slab":42,"minecraft:polished_granite":112,"minecraft:white_stained_glass":88,"minecraft:jungle_slab":24,"minecraft:mossy_stone_brick_stairs":44,"minecraft:acacia_sign":3,"minecraft:andesite_slab":42,"minecraft:oak_stairs":4,"minecraft:wooden_axe":1,"minecraft:deepslate_tile_stairs":4,"minecraft:iron_leggings":3,"minecraft:white_bed":41,"minecraft:brick":264,"minecraft:oak_planks":220,"minecraft:mossy_stone_brick_slab":36,"minecraft:cobblestone_stairs":4,"minecraft:warped_hyphae":90,"minecraft:suspicious_stew":5,"minecraft:green_dye":2,"minecraft:hopper":1,"minecraft:iron_boots":3,"minecraft:blackstone_wall":12,"minecraft:mossy_cobblestone_slab":36,"minecraft:stone_hoe":1,"minecraft:quartz_stairs":49,"minecraft:oak_slab":6,"minecraft:item_frame":6,"minecraft:acacia_wood":9,"minecraft:map":14,"minecraft:crafting_table":32,"minecraft:spruce_planks":5632,"minecraft:wooden_pickaxe":1,"minecraft:baked_potato":63,"minecraft:gold_block":27,"minecraft:brewing_stand":1,"minecraft:birch_planks":116,"minecraft:black_shulker_box":1,"minecraft:iron_chestplate":3,"minecraft:book":94,"minecraft:charcoal":15,"minecraft:paper":2019,"minecraft:diamond_pickaxe":2,"minecraft:emerald_block":1,"minecraft:shield":4,"minecraft:netherite_hoe":1,"minecraft:snow_block":6,"minecraft:shears":6,"minecraft:green_carpet":3,"minecraft:crimson_hyphae":30,"minecraft:polished_andesite":448,"minecraft:cobbled_deepslate_slab":102,"minecraft:cookie":128,"minecraft:raw_iron":18,"minecraft:coal":306,"minecraft:stone_button":80,"minecraft:dark_oak_trapdoor":48,"minecraft:jungle_trapdoor":2,"minecraft:dark_oak_sign":3,"minecraft:diamond_block":140,"minecraft:warped_fence":9,"minecraft:blue_ice":1,"minecraft:polished_deepslate":548,"minecraft:iron_axe":8,"minecraft:spruce_wood":126,"minecraft:netherite_scrap":26,"minecraft:orange_banner":2,"minecraft:cooked_beef":102,"minecraft:red_dye":11,"minecraft:crimson_planks":64,"minecraft:diamond_sword":2,"minecraft:cyan_dye":8,"minecraft:spruce_sign":6,"minecraft:smooth_sandstone":26,"minecraft:bowl":24,"minecraft:bucket":18,"minecraft:stone_axe":2,"minecraft:mossy_cobblestone_wall":24,"minecraft:bread":30,"minecraft:air":0,"minecraft:blue_dye":9,"minecraft:cut_copper":8,"minecraft:oak_boat":1,"minecraft:white_wool":7,"minecraft:pink_stained_glass_pane":16,"minecraft:dark_prismarine_slab":18,"minecraft:green_wool":2,"minecraft:acacia_planks":124,"minecraft:end_crystal":4,"minecraft:blackstone_slab":6,"minecraft:clay":33,"minecraft:lapis_block":76,"minecraft:firework_rocket":4943},"minecraft:mined":{"minecraft:red_shulker_box":69,"minecraft:white_bed":6,"minecraft:fire_coral_wall_fan":2,"minecraft:granite":523,"minecraft:acacia_log":33,"minecraft:deepslate_tile_wall":3,"minecraft:oak_wall_sign":4,"minecraft:nether_wart":2,"minecraft:spawner":10,"minecraft:magma_block":17,"minecraft:dark_oak_trapdoor":2,"minecraft:mossy_cobblestone_stairs":1,"minecraft:cobbled_deepslate":211,"minecraft:barrel":15,"minecraft:fire":92,"minecraft:deepslate_lapis_ore":75,"minecraft:spruce_pressure_plate":1,"minecraft:spruce_wood":8,"minecraft:pink_tulip":5,"minecraft:white_shulker_box":19,"minecraft:player_head":14,"minecraft:tripwire":5,"minecraft:jungle_trapdoor":1,"minecraft:kelp_plant":3,"minecraft:deepslate_brick_wall":6,"minecraft:deepslate_tile_slab":12,"minecraft:powder_snow":5,"minecraft:torch":39,"minecraft:dark_oak_wood":196,"minecraft:oxidized_copper":7,"minecraft:melon":1,"minecraft:white_stained_glass_pane":11,"minecraft:spruce_wall_sign":48,"minecraft:white_candle":2,"minecraft:sugar_cane":422,"minecraft:bricks":9,"minecraft:amethyst_block":269,"minecraft:birch_sapling":1,"minecraft:white_terracotta":14,"minecraft:chain":7,"minecraft:mud":489,"minecraft:jukebox":3,"minecraft:grass":905,"minecraft:dark_oak_sapling":1,"minecraft:mangrove_log":104,"minecraft:smooth_basalt":181,"minecraft:stripped_crimson_stem":2,"minecraft:deepslate":4846,"minecraft:deepslate_tiles":68,"minecraft:dark_prismarine":40,"minecraft:mossy_cobblestone":13,"minecraft:cyan_stained_glass":2,"minecraft:dark_oak_log":3642,"minecraft:potted_flowering_azalea_bush":5,"minecraft:sea_lantern":16,"minecraft:end_stone":15,"minecraft:dark_oak_fence":3,"minecraft:spruce_fence":85,"minecraft:redstone_wire":1,"minecraft:potted_bamboo":3,"minecraft:red_mushroom":12,"minecraft:acacia_trapdoor":3,"minecraft:light_blue_concrete_powder":29,"minecraft:andesite":391,"minecraft:big_dripleaf_stem":1,"minecraft:mossy_stone_brick_stairs":2,"minecraft:vine":54,"minecraft:cobblestone_slab":6,"minecraft:rail":38,"minecraft:brain_coral_wall_fan":6,"minecraft:fire_coral_block":11,"minecraft:ender_chest":16,"minecraft:oak_slab":2,"minecraft:birch_stairs":6,"minecraft:glass_pane":15,"minecraft:soul_sand":22,"minecraft:lily_of_the_valley":20,"minecraft:potted_lily_of_the_valley":1,"minecraft:dandelion":2,"minecraft:cornflower":42,"minecraft:prismarine_slab":243,"minecraft:warped_roots":1,"minecraft:brain_coral_fan":1,"minecraft:campfire":10,"minecraft:lightning_rod":1,"minecraft:tall_grass":304,"minecraft:copper_ore":1296,"minecraft:deepslate_gold_ore":190,"minecraft:diorite":593,"minecraft:purple_wool":152,"minecraft:red_terracotta":3,"minecraft:coarse_dirt":60,"minecraft:cut_copper_slab":1,"minecraft:cobblestone_wall":14,"minecraft:mangrove_leaves":15,"minecraft:sunflower":1,"minecraft:gravel":957,"minecraft:cobweb":10,"minecraft:stone_bricks":106,"minecraft:gold_ore":11,"minecraft:fern":55,"minecraft:stone_pressure_plate":1,"minecraft:farmland":26,"minecraft:mossy_stone_brick_slab":5,"minecraft:orange_stained_glass":1,"minecraft:brewing_stand":1,"minecraft:spruce_trapdoor":68,"minecraft:budding_amethyst":5,"minecraft:polished_diorite":7,"minecraft:composter":5,"minecraft:mossy_cobblestone_slab":6,"minecraft:green_stained_glass":1,"minecraft:red_tulip":3,"minecraft:pointed_dripstone":1,"minecraft:flowering_azalea_leaves":36,"minecraft:iron_bars":10,"minecraft:azalea":709,"minecraft:granite_stairs":2,"minecraft:spruce_slab":41,"minecraft:deepslate_redstone_ore":50,"minecraft:quartz_block":3,"minecraft:medium_amethyst_bud":14,"minecraft:orange_terracotta":11,"minecraft:jungle_stairs":17,"minecraft:mossy_cobblestone_wall":5,"minecraft:beacon":6,"minecraft:nether_quartz_ore":567,"minecraft:oak_planks":18,"minecraft:wall_torch":39,"minecraft:stone_stairs":12,"minecraft:dark_oak_slab":1,"minecraft:warped_planks":1,"minecraft:blue_ice":26,"minecraft:tnt":5,"minecraft:oak_log":114,"minecraft:dirt":1382,"minecraft:prismarine_stairs":18,"minecraft:ancient_debris":23,"minecraft:pink_carpet":2,"minecraft:quartz_stairs":28,"minecraft:dark_oak_leaves":18,"minecraft:red_stained_glass":1,"minecraft:mangrove_roots":137,"minecraft:ladder":2,"minecraft:tube_coral_wall_fan":3,"minecraft:potted_azalea_bush":2,"minecraft:brown_mushroom_block":2375,"minecraft:birch_slab":2,"minecraft:spruce_leaves":231,"minecraft:crimson_stem":6,"minecraft:hay_block":67,"minecraft:gold_block":74,"minecraft:bookshelf":17,"minecraft:shroomlight":4,"minecraft:deepslate_iron_ore":838,"minecraft:jungle_fence_gate":1,"minecraft:pink_terracotta":15,"minecraft:acacia_leaves":121,"minecraft:scaffolding":171,"minecraft:magenta_stained_glass":3,"minecraft:stripped_dark_oak_log":53,"minecraft:basalt":118,"minecraft:polished_granite":12,"minecraft:oak_fence":3,"minecraft:stone_slab":28,"minecraft:deepslate_coal_ore":6,"minecraft:prismarine_bricks":127,"minecraft:birch_planks":3,"minecraft:end_stone_brick_stairs":2,"minecraft:sea_pickle":56,"minecraft:black_wall_banner":2,"minecraft:ice":86,"minecraft:white_wall_banner":9,"minecraft:bee_nest":2,"minecraft:muddy_mangrove_roots":17,"minecraft:warped_hyphae":6,"minecraft:cocoa":6,"minecraft:flower_pot":5,"minecraft:purple_shulker_box":1,"minecraft:mossy_stone_bricks":12,"minecraft:jungle_wall_sign":2,"minecraft:dark_oak_planks":1,"minecraft:dark_prismarine_stairs":14,"minecraft:stripped_warped_stem":11,"minecraft:jungle_leaves":1,"minecraft:carved_pumpkin":20,"minecraft:smooth_red_sandstone_stairs":1,"minecraft:crimson_trapdoor":13,"minecraft:stone_brick_wall":7,"minecraft:jungle_log":16,"minecraft:pink_stained_glass":2,"minecraft:deepslate_bricks":16,"minecraft:lime_stained_glass":4,"minecraft:deepslate_tile_stairs":7,"minecraft:bubble_coral_block":43,"minecraft:tube_coral_block":37,"minecraft:oxeye_daisy":8,"minecraft:chiseled_stone_bricks":4,"minecraft:light_blue_stained_glass":1,"minecraft:tall_seagrass":3,"minecraft:pumpkin":14,"minecraft:moss_carpet":272,"minecraft:smooth_red_sandstone":12,"minecraft:oak_sign":2,"minecraft:cave_vines":10,"minecraft:polished_deepslate_slab":20,"minecraft:water_cauldron":1,"minecraft:dirt_path":163,"minecraft:oak_stairs":150,"minecraft:small_amethyst_bud":23,"minecraft:quartz_slab":18,"minecraft:smooth_sandstone_stairs":4,"minecraft:blue_orchid":13,"minecraft:iron_block":117,"minecraft:brown_mushroom":110,"minecraft:player_wall_head":8,"minecraft:soul_fire":2,"minecraft:amethyst_cluster":37,"minecraft:blue_stained_glass":2,"minecraft:polished_andesite_stairs":23,"minecraft:spruce_sign":7,"minecraft:cyan_wool":13,"minecraft:wheat":1583,"minecraft:lilac":1,"minecraft:stone_brick_stairs":11,"minecraft:potted_poppy":1,"minecraft:copper_block":30,"minecraft:prismarine_brick_stairs":10,"minecraft:blue_shulker_box":47,"minecraft:red_mushroom_block":1165,"minecraft:yellow_stained_glass":2,"minecraft:blue_stained_glass_pane":4,"minecraft:stripped_birch_log":15,"minecraft:jack_o_lantern":3,"minecraft:shulker_box":109,"minecraft:cobbled_deepslate_slab":35,"minecraft:allium":2,"minecraft:jungle_planks":41,"minecraft:kelp":60,"minecraft:moss_block":1807,"minecraft:horn_coral_wall_fan":2,"minecraft:pink_wool":10,"minecraft:snow":37,"minecraft:acacia_wood":2,"minecraft:diamond_block":7,"minecraft:warped_wall_sign":2,"minecraft:potatoes":23,"minecraft:warped_stem":3,"minecraft:bamboo_sapling":1,"minecraft:warped_trapdoor":4,"minecraft:bamboo":22,"minecraft:white_wool":6,"minecraft:stone_brick_slab":13,"minecraft:jungle_sign":5,"minecraft:cobbled_deepslate_wall":4,"minecraft:emerald_ore":6,"minecraft:big_dripleaf":1,"minecraft:purple_bed":1,"minecraft:purple_stained_glass":2,"minecraft:prismarine_brick_slab":8,"minecraft:spruce_log":2206,"minecraft:birch_leaves":89,"minecraft:jungle_fence":5,"minecraft:quartz_pillar":13,"minecraft:mycelium":1552,"minecraft:dripstone_block":10,"minecraft:acacia_planks":6,"minecraft:deepslate_emerald_ore":2,"minecraft:large_amethyst_bud":12,"minecraft:spruce_planks":160,"minecraft:cobbled_deepslate_stairs":2,"minecraft:jungle_slab":7,"minecraft:sculk_vein":1,"minecraft:potted_blue_orchid":2,"minecraft:cave_vines_plant":8,"minecraft:stripped_crimson_hyphae":4,"minecraft:grass_block":1002,"minecraft:dead_tube_coral_block":1,"minecraft:blue_concrete":4,"minecraft:purple_stained_glass_pane":4,"minecraft:soul_soil":6,"minecraft:stripped_warped_hyphae":18,"minecraft:raw_iron_block":2,"minecraft:glowstone":18,"minecraft:iron_ore":698,"minecraft:anvil":1,"minecraft:azure_bluet":8,"minecraft:birch_wall_sign":1,"minecraft:azalea_leaves":165,"minecraft:end_stone_bricks":2,"minecraft:blackstone":177,"minecraft:polished_deepslate_stairs":4,"minecraft:chiseled_quartz_block":7,"minecraft:clay":116,"minecraft:calcite":139,"minecraft:poppy":16,"minecraft:chest":48,"minecraft:mushroom_stem":484,"minecraft:cobblestone":129,"minecraft:slime_block":4,"minecraft:prismarine":15,"minecraft:iron_door":4,"minecraft:deepslate_copper_ore":159,"minecraft:magenta_shulker_box":20,"minecraft:seagrass":6,"minecraft:birch_log":290,"minecraft:yellow_wool":4,"minecraft:brown_wall_banner":3,"minecraft:orange_tulip":5,"minecraft:purpur_block":1,"minecraft:sand":625,"minecraft:crimson_planks":3,"minecraft:netherrack":18362,"minecraft:polished_deepslate_wall":10,"minecraft:oak_leaves":27,"minecraft:granite_wall":3,"minecraft:nether_gold_ore":49,"minecraft:diamond_ore":29,"minecraft:tube_coral":1,"minecraft:tuff":945,"minecraft:deepslate_diamond_ore":572,"minecraft:black_banner":1,"minecraft:weeping_vines":1,"minecraft:light_blue_glazed_terracotta":13,"minecraft:white_stained_glass":11,"minecraft:polished_andesite_slab":8,"minecraft:mangrove_propagule":15,"minecraft:sandstone":275,"minecraft:rooted_dirt":2,"minecraft:large_fern":2,"minecraft:deepslate_brick_slab":17,"minecraft:spore_blossom":15,"minecraft:furnace":4,"minecraft:spruce_sapling":90,"minecraft:carrots":12,"minecraft:stripped_spruce_log":33,"minecraft:bell":35,"minecraft:polished_deepslate":13,"minecraft:lantern":14,"minecraft:stripped_jungle_log":6,"minecraft:packed_ice":679,"minecraft:white_tulip":11,"minecraft:stone":6204,"minecraft:birch_pressure_plate":24,"minecraft:podzol":19,"minecraft:flowering_azalea":425,"minecraft:brick_wall":1,"minecraft:spruce_door":14,"minecraft:crafting_table":60,"minecraft:cyan_stained_glass_pane":4,"minecraft:rose_bush":4,"minecraft:andesite_slab":12,"minecraft:andesite_wall":7,"minecraft:lapis_ore":8,"minecraft:lily_pad":24,"minecraft:sculk":2,"minecraft:blue_bed":6,"minecraft:spruce_stairs":180,"minecraft:lime_bed":1,"minecraft:cactus":3,"minecraft:brick_slab":5,"minecraft:sweet_berry_bush":110,"minecraft:potted_azure_bluet":1,"minecraft:coal_ore":770,"minecraft:end_rod":2,"minecraft:bubble_coral_wall_fan":2,"minecraft:terracotta":15,"minecraft:potted_white_tulip":1,"minecraft:polished_andesite":65,"minecraft:crimson_hyphae":2},"minecraft:killed_by":{"minecraft:pufferfish":4,"minecraft:drowned":1,"minecraft:vindicator":1,"minecraft:creeper":1,"minecraft:player":22},"minecraft:killed":{"minecraft:cod":4,"minecraft:guardian":2363,"minecraft:tropical_fish":1,"minecraft:skeleton_horse":10,"minecraft:parrot":2,"minecraft:salmon":23,"minecraft:ender_dragon":1,"minecraft:pillager":29,"minecraft:zombie":322,"minecraft:evoker":2,"minecraft:vindicator":21,"minecraft:rabbit":3,"minecraft:ravager":1,"minecraft:polar_bear":1,"minecraft:zombified_piglin":1,"minecraft:witch":8,"minecraft:spider":115,"minecraft:axolotl":1,"minecraft:piglin":4,"minecraft:zombie_villager":6,"minecraft:sheep":8,"minecraft:mooshroom":87,"minecraft:ghast":2,"minecraft:vex":10,"minecraft:slime":67,"minecraft:drowned":17,"minecraft:cave_spider":13,"minecraft:skeleton":250,"minecraft:chicken":6,"minecraft:glow_squid":9,"minecraft:cow":6,"minecraft:enderman":7,"minecraft:creeper":137,"minecraft:phantom":87,"minecraft:bat":3},"minecraft:custom":{"minecraft:interact_with_crafting_table":939,"minecraft:damage_blocked_by_shield":4275,"minecraft:play_time":10584126,"minecraft:deaths":42,"minecraft:jump":186979,"minecraft:play_record":23,"minecraft:interact_with_cartography_table":4,"minecraft:interact_with_smoker":2,"minecraft:horse_one_cm":72527,"minecraft:inspect_dropper":53,"minecraft:interact_with_anvil":75,"minecraft:inspect_hopper":127,"minecraft:tune_noteblock":52,"minecraft:time_since_rest":62025,"minecraft:swim_one_cm":4848777,"minecraft:open_chest":10750,"minecraft:open_shulker_box":3143,"minecraft:damage_resisted":34259,"minecraft:talked_to_villager":95,"minecraft:interact_with_brewingstand":12,"minecraft:interact_with_beacon":22,"minecraft:damage_dealt_resisted":39,"minecraft:raid_win":1,"minecraft:boat_one_cm":13106019,"minecraft:damage_taken":111504,"minecraft:aviate_one_cm":191235747,"minecraft:open_barrel":1133,"minecraft:bell_ring":515,"minecraft:eat_cake_slice":2,"minecraft:leave_game":307,"minecraft:time_since_death":74271,"minecraft:enchant_item":10,"minecraft:interact_with_furnace":1253,"minecraft:traded_with_villager":76,"minecraft:sleep_in_bed":70,"minecraft:damage_dealt":281262,"minecraft:interact_with_smithing_table":5,"minecraft:target_hit":1,"minecraft:sneak_time":520565,"minecraft:interact_with_lectern":59,"minecraft:total_world_time":10584126,"minecraft:interact_with_stonecutter":13,"minecraft:fly_one_cm":51034364,"minecraft:fall_one_cm":7837523,"minecraft:animals_bred":263,"minecraft:sprint_one_cm":27558526,"minecraft:drop":1706,"minecraft:walk_on_water_one_cm":1224308,"minecraft:interact_with_loom":1,"minecraft:open_enderchest":800,"minecraft:player_kills":18,"minecraft:crouch_one_cm":2168431,"minecraft:mob_kills":3682,"minecraft:climb_one_cm":1157968,"minecraft:walk_one_cm":21590795,"minecraft:walk_under_water_one_cm":1529111,"minecraft:raid_trigger":1,"minecraft:pot_flower":78,"minecraft:interact_with_grindstone":13,"minecraft:pig_one_cm":2470},"minecraft:picked_up":{"minecraft:suspicious_stew":12,"minecraft:lead":108,"minecraft:stone_slab":29,"minecraft:enchanted_book":43,"minecraft:purple_shulker_box":2,"minecraft:blue_concrete":4,"minecraft:music_disc_cat":2,"minecraft:polished_deepslate":17,"minecraft:string":210,"minecraft:pufferfish":9,"minecraft:shroomlight":5,"minecraft:diamond_leggings":5,"minecraft:diamond_ore":19,"minecraft:spruce_pressure_plate":1,"minecraft:jukebox":3,"minecraft:brick_wall":1,"minecraft:big_dripleaf":3,"minecraft:purpur_pillar":1,"minecraft:cyan_stained_glass":2,"minecraft:acacia_log":33,"minecraft:lightning_rod":1,"minecraft:golden_chestplate":3,"minecraft:cyan_stained_glass_pane":4,"minecraft:pink_terracotta":22,"minecraft:lime_carpet":38,"minecraft:horn_coral_fan":1,"minecraft:red_tulip":7,"minecraft:carved_pumpkin":43,"minecraft:glowstone":74,"minecraft:bookshelf":19,"minecraft:end_rod":2,"minecraft:white_terracotta":14,"minecraft:tadpole_bucket":2,"minecraft:iron_bars":25,"minecraft:snowball":29,"minecraft:feather":25,"minecraft:cooked_beef":275,"minecraft:medium_amethyst_bud":13,"minecraft:water_bucket":29,"minecraft:copper_block":43,"minecraft:flint":21,"minecraft:purple_stained_glass":2,"minecraft:lantern":170,"minecraft:large_amethyst_bud":12,"minecraft:warped_hyphae":6,"minecraft:dark_oak_sign":1,"minecraft:diamond_helmet":5,"minecraft:stripped_crimson_stem":2,"minecraft:stripped_spruce_log":36,"minecraft:brown_mushroom_block":2684,"minecraft:iron_hoe":4,"minecraft:polished_andesite":63,"minecraft:deepslate":2041,"minecraft:granite":559,"minecraft:spruce_button":1,"minecraft:rooted_dirt":2,"minecraft:deepslate_coal_ore":11,"minecraft:jack_o_lantern":3,"minecraft:diamond_pickaxe":42,"minecraft:mud":377,"minecraft:bee_nest":2,"minecraft:stripped_warped_hyphae":17,"minecraft:clay_ball":536,"minecraft:leather_leggings":2,"minecraft:purpur_block":1,"minecraft:cornflower":48,"minecraft:elytra":29,"minecraft:flint_and_steel":3,"minecraft:white_stained_glass":73,"minecraft:white_carpet":20,"minecraft:iron_shovel":7,"minecraft:glass_pane":11,"minecraft:netherite_sword":33,"minecraft:stripped_warped_stem":11,"minecraft:jungle_sapling":3,"minecraft:poppy":23,"minecraft:spruce_slab":81,"minecraft:birch_sapling":44,"minecraft:diamond_hoe":1,"minecraft:copper_ore":359,"minecraft:stone":4284,"minecraft:white_dye":3,"minecraft:jungle_fence_gate":1,"minecraft:netherite_pickaxe":20,"minecraft:jungle_sign":23,"minecraft:diamond_chestplate":5,"minecraft:stone_shovel":5,"minecraft:hay_block":71,"minecraft:totem_of_undying":5,"minecraft:mutton":5,"minecraft:rail":38,"minecraft:emerald_ore":3,"minecraft:oxeye_daisy":8,"minecraft:lime_bed":1,"minecraft:birch_leaves":83,"minecraft:yellow_shulker_box":1,"minecraft:smooth_red_sandstone":12,"minecraft:jungle_fence":7,"minecraft:acacia_wood":2,"minecraft:lily_pad":133,"minecraft:sculk_vein":1,"minecraft:paper":148,"minecraft:apple":84,"minecraft:warped_stem":201,"minecraft:spore_blossom":18,"minecraft:yellow_stained_glass":2,"minecraft:stone_pickaxe":4,"minecraft:iron_ore":289,"minecraft:magenta_stained_glass":1,"minecraft:polished_andesite_stairs":22,"minecraft:smooth_basalt":235,"minecraft:milk_bucket":1,"minecraft:sweet_berries":249,"minecraft:light_blue_stained_glass":1,"minecraft:leather_helmet":1,"minecraft:diamond_shovel":11,"minecraft:coal_ore":272,"minecraft:slime_ball":83,"minecraft:deepslate_redstone_ore":11,"minecraft:painting":15,"minecraft:birch_sign":1,"minecraft:baked_potato":446,"minecraft:prismarine_stairs":18,"minecraft:black_carpet":2,"minecraft:ender_chest":106,"minecraft:yellow_wool":2,"minecraft:stone_brick_stairs":15,"minecraft:dead_tube_coral_block":5,"minecraft:deepslate_lapis_ore":35,"minecraft:experience_bottle":15,"minecraft:bucket":18,"minecraft:white_tulip":12,"minecraft:rose_bush":14,"minecraft:cobblestone_slab":7,"minecraft:azalea":696,"minecraft:iron_pickaxe":8,"minecraft:deepslate_iron_ore":270,"minecraft:polished_deepslate_stairs":4,"minecraft:spruce_stairs":202,"minecraft:netherite_shovel":9,"minecraft:diorite":586,"minecraft:vine":29,"minecraft:goat_horn":1,"minecraft:andesite_wall":9,"minecraft:rotten_flesh":516,"minecraft:mangrove_roots":68,"minecraft:deepslate_copper_ore":78,"minecraft:obsidian":637,"minecraft:cobblestone":2421,"minecraft:leather_chestplate":2,"minecraft:muddy_mangrove_roots":14,"minecraft:lilac":1,"minecraft:andesite":546,"minecraft:golden_leggings":3,"minecraft:beacon":5,"minecraft:potato":131,"minecraft:smooth_sandstone_stairs":4,"minecraft:prismarine_bricks":2548,"minecraft:stripped_birch_log":15,"minecraft:dirt":3101,"minecraft:name_tag":5,"minecraft:bone":451,"minecraft:acacia_planks":8,"minecraft:granite_wall":13,"minecraft:bow":23,"minecraft:orange_tulip":3,"minecraft:wheat_seeds":5802,"minecraft:netherite_axe":10,"minecraft:purple_stained_glass_pane":10,"minecraft:mossy_stone_bricks":12,"minecraft:bamboo":394,"minecraft:prismarine":16,"minecraft:diorite_wall":4,"minecraft:grass_block":970,"minecraft:diamond_block":63,"minecraft:jungle_slab":13,"minecraft:mossy_cobblestone":14,"minecraft:sugar":6,"minecraft:slime_block":4,"minecraft:netherite_helmet":21,"minecraft:soul_lantern":4,"minecraft:crossbow":6,"minecraft:bone_meal":130,"minecraft:grass":2,"minecraft:golden_apple":5,"minecraft:spruce_sign":66,"minecraft:emerald":151,"minecraft:netherrack":4640,"minecraft:andesite_slab":17,"minecraft:oak_leaves":54,"minecraft:azure_bluet":8,"minecraft:splash_potion":2,"minecraft:ladder":4,"minecraft:brown_mushroom":237,"minecraft:packed_ice":552,"minecraft:pink_wool":10,"minecraft:stone_brick_wall":7,"minecraft:chain":7,"minecraft:shield":8,"minecraft:brick":6,"minecraft:orange_stained_glass":8,"minecraft:moss_carpet":445,"minecraft:mycelium":567,"minecraft:blackstone":135,"minecraft:blue_orchid":19,"minecraft:end_stone":39,"minecraft:flowering_azalea_leaves":34,"minecraft:cookie":192,"minecraft:trident":35,"minecraft:stone_pressure_plate":1,"minecraft:tube_coral":1,"minecraft:red_shulker_box":73,"minecraft:pumpkin_pie":96,"minecraft:stripped_dark_oak_wood":1,"minecraft:pink_tulip":10,"minecraft:black_banner":3,"minecraft:skeleton_skull":1,"minecraft:netherite_boots":21,"minecraft:prismarine_slab":242,"minecraft:purple_dye":1,"minecraft:jungle_boat":71,"minecraft:basalt":494,"minecraft:golden_carrot":1486,"minecraft:leather":151,"minecraft:ice":66,"minecraft:granite_stairs":2,"minecraft:gunpowder":247,"minecraft:cobbled_deepslate_stairs":2,"minecraft:cobblestone_wall":18,"minecraft:orange_terracotta":10,"minecraft:cooked_mutton":9,"minecraft:red_carpet":1,"minecraft:acacia_trapdoor":3,"minecraft:deepslate_emerald_ore":1,"minecraft:spruce_wood":8,"minecraft:iron_ingot":103,"minecraft:cooked_chicken":10,"minecraft:prismarine_brick_slab":9,"minecraft:polished_andesite_slab":11,"minecraft:tropical_fish_bucket":4,"minecraft:pink_bed":2,"minecraft:nether_quartz_ore":3,"minecraft:warped_fungus":3,"minecraft:stone_brick_slab":13,"minecraft:quartz":179,"minecraft:dandelion":6,"minecraft:lava_bucket":1,"minecraft:amethyst_shard":4,"minecraft:green_stained_glass":65,"minecraft:spruce_door":19,"minecraft:brick_slab":5,"minecraft:light_blue_concrete_powder":29,"minecraft:pumpkin_seeds":87,"minecraft:mossy_cobblestone_stairs":1,"minecraft:terracotta":58,"minecraft:netherite_hoe":2,"minecraft:dark_oak_wood":405,"minecraft:sunflower":1,"minecraft:wooden_axe":4,"minecraft:iron_chestplate":6,"minecraft:flower_pot":25,"minecraft:anvil":3,"minecraft:prismarine_shard":2005,"minecraft:diamond_sword":19,"minecraft:oak_stairs":147,"minecraft:brewing_stand":1,"minecraft:golden_sword":6,"minecraft:polished_deepslate_wall":10,"minecraft:amethyst_block":301,"minecraft:dark_oak_trapdoor":2,"minecraft:cooked_salmon":6,"minecraft:blue_stained_glass_pane":4,"minecraft:gold_nugget":42,"minecraft:cobbled_deepslate":2005,"minecraft:spruce_planks":310,"minecraft:acacia_sign":1,"minecraft:written_book":66,"minecraft:azalea_leaves":129,"minecraft:enchanted_golden_apple":3,"minecraft:melon_slice":119,"minecraft:coal_block":448,"minecraft:mangrove_log":103,"minecraft:golden_helmet":5,"minecraft:music_disc_blocks":1,"minecraft:composter":6,"minecraft:pink_carpet":2,"minecraft:warped_planks":1,"minecraft:deepslate_tile_stairs":7,"minecraft:rabbit_foot":1,"minecraft:tropical_fish":4,"minecraft:iron_block":154,"minecraft:netherite_chestplate":21,"minecraft:birch_log":291,"minecraft:mossy_cobblestone_slab":9,"minecraft:magma_block":1,"minecraft:oxidized_copper":7,"minecraft:iron_door":5,"minecraft:birch_slab":3,"minecraft:jungle_log":117,"minecraft:acacia_leaves":120,"minecraft:netherite_leggings":20,"minecraft:moss_block":2395,"minecraft:ink_sac":23,"minecraft:dark_oak_log":4109,"minecraft:red_terracotta":3,"minecraft:barrel":15,"minecraft:white_candle":4,"minecraft:writable_book":9,"minecraft:deepslate_gold_ore":74,"minecraft:blue_ice":26,"minecraft:bread":245,"minecraft:dark_oak_fence":10,"minecraft:bricks":70,"minecraft:spruce_leaves":241,"minecraft:crafting_table":75,"minecraft:coarse_dirt":51,"minecraft:bubble_coral_fan":1,"minecraft:purple_wool":127,"minecraft:nether_wart":79,"minecraft:crimson_trapdoor":10,"minecraft:jungle_trapdoor":2,"minecraft:snow":75,"minecraft:netherite_scrap":2,"minecraft:compass":1,"minecraft:deepslate_diamond_ore":251,"minecraft:music_disc_otherside":21,"minecraft:beef":126,"minecraft:cyan_wool":12,"minecraft:iron_nugget":66,"minecraft:chest":50,"minecraft:quartz_stairs":26,"minecraft:egg":11,"minecraft:sandstone":275,"minecraft:polished_deepslate_slab":20,"minecraft:glow_item_frame":3,"minecraft:amethyst_cluster":37,"minecraft:spruce_fence":106,"minecraft:cake":2,"minecraft:carrot":51,"minecraft:redstone":239,"minecraft:mushroom_stem":483,"minecraft:prismarine_crystals":942,"minecraft:tnt":92,"minecraft:cooked_cod":984,"minecraft:beetroot_seeds":2,"minecraft:diamond_boots":4,"minecraft:tube_coral_fan":3,"minecraft:shears":9,"minecraft:deepslate_bricks":21,"minecraft:warped_sign":2,"minecraft:tube_coral_block":33,"minecraft:gold_ingot":2,"minecraft:white_shulker_box":20,"minecraft:glow_berries":24,"minecraft:white_wool":290,"minecraft:lapis_ore":3,"minecraft:smooth_red_sandstone_stairs":1,"minecraft:red_mushroom_block":1365,"minecraft:red_mushroom":29,"minecraft:filled_map":33,"minecraft:oak_log":145,"minecraft:ancient_debris":26,"minecraft:golden_boots":4,"minecraft:blue_bed":6,"minecraft:white_banner":18,"minecraft:birch_pressure_plate":24,"minecraft:stone_bricks":136,"minecraft:kelp":156,"minecraft:glass_bottle":5,"minecraft:iron_sword":7,"minecraft:flowering_azalea":407,"minecraft:prismarine_brick_stairs":10,"minecraft:white_stained_glass_pane":11,"minecraft:dark_oak_slab":1,"minecraft:sculk":1,"minecraft:light_blue_glazed_terracotta":13,"minecraft:spyglass":17,"minecraft:gravel":445,"minecraft:birch_stairs":7,"minecraft:small_amethyst_bud":22,"minecraft:spruce_sapling":155,"minecraft:spruce_log":2531,"minecraft:sea_lantern":110,"minecraft:firework_rocket":1404,"minecraft:red_stained_glass":1,"minecraft:purple_bed":1,"minecraft:stone_axe":9,"minecraft:polished_diorite":7,"minecraft:diamond_axe":11,"minecraft:warped_roots":1,"minecraft:brown_banner":3,"minecraft:stripped_dark_oak_log":68,"minecraft:mangrove_propagule":31,"minecraft:ender_pearl":44,"minecraft:music_disc_strad":4,"minecraft:wheat":1713,"minecraft:potion":16,"minecraft:crimson_planks":3,"minecraft:raw_copper":7073,"minecraft:iron_leggings":5,"minecraft:netherite_ingot":1,"minecraft:armor_stand":8,"minecraft:oak_sign":15,"minecraft:sea_pickle":107,"minecraft:deepslate_tiles":66,"minecraft:black_shulker_box":1,"minecraft:dark_oak_leaves":16,"minecraft:calcite":127,"minecraft:deepslate_tile_wall":3,"minecraft:iron_boots":8,"minecraft:furnace":4,"minecraft:stick":204,"minecraft:deepslate_brick_wall":6,"minecraft:oak_fence":5,"minecraft:torch":322,"minecraft:snow_block":8,"minecraft:pointed_dripstone":3,"minecraft:music_disc_pigstep":2,"minecraft:blue_stained_glass":2,"minecraft:quartz_block":46,"minecraft:nether_gold_ore":3,"minecraft:cactus":9,"minecraft:fire_coral_fan":1,"minecraft:cod":597,"minecraft:crimson_hyphae":2,"minecraft:magma_cream":6,"minecraft:chiseled_quartz_block":7,"minecraft:tuff":838,"minecraft:warped_trapdoor":4,"minecraft:wither_skeleton_skull":1,"minecraft:lapis_lazuli":1155,"minecraft:polished_granite":12,"minecraft:leather_boots":3,"minecraft:cobbled_deepslate_wall":3,"minecraft:raw_gold":281,"minecraft:deepslate_brick_slab":21,"minecraft:cobbled_deepslate_slab":39,"minecraft:bell":85,"minecraft:oak_planks":34,"minecraft:stone_hoe":6,"minecraft:mossy_stone_brick_stairs":2,"minecraft:pink_stained_glass":2,"minecraft:cooked_porkchop":5,"minecraft:music_disc_13":1,"minecraft:sand":677,"minecraft:poisonous_potato":6,"minecraft:axolotl_bucket":6,"minecraft:jungle_planks":68,"minecraft:lily_of_the_valley":20,"minecraft:shulker_box":133,"minecraft:dark_prismarine":38,"minecraft:clay":94,"minecraft:diamond":1224,"minecraft:spruce_boat":148,"minecraft:polished_blackstone_button":1,"minecraft:oak_sapling":11,"minecraft:bubble_coral_block":43,"minecraft:end_stone_bricks":2,"minecraft:cocoa_beans":48,"minecraft:end_stone_brick_stairs":2,"minecraft:allium":4,"minecraft:chicken":1,"minecraft:wooden_pickaxe":4,"minecraft:gold_block":44,"minecraft:stone_stairs":12,"minecraft:iron_axe":11,"minecraft:item_frame":16,"minecraft:quartz_slab":22,"minecraft:dark_prismarine_stairs":14,"minecraft:mossy_cobblestone_wall":5,"minecraft:oak_boat":45,"minecraft:player_head":97,"minecraft:light_gray_wool":1,"minecraft:blue_shulker_box":48,"minecraft:sugar_cane":720,"minecraft:phantom_membrane":146,"minecraft:spruce_trapdoor":87,"minecraft:dark_oak_sapling":98,"minecraft:raw_iron":2035,"minecraft:stripped_crimson_hyphae":4,"minecraft:copper_ingot":39,"minecraft:bowl":15,"minecraft:quartz_pillar":13,"minecraft:stone_button":57,"minecraft:magenta_shulker_box":20,"minecraft:dark_oak_planks":2,"minecraft:arrow":884,"minecraft:jungle_stairs":15,"minecraft:lime_stained_glass":69,"minecraft:crimson_stem":6,"minecraft:glow_ink_sac":76,"minecraft:salmon":35,"minecraft:birch_planks":3,"minecraft:mushroom_stew":26,"minecraft:deepslate_tile_slab":12,"minecraft:cut_copper_slab":1,"minecraft:podzol":1,"minecraft:red_sandstone":6,"minecraft:fire_coral_block":12,"minecraft:soul_sand":16,"minecraft:music_disc_chirp":1,"minecraft:book":17,"minecraft:scaffolding":291,"minecraft:oak_slab":6,"minecraft:birch_boat":1,"minecraft:red_concrete_powder":7,"minecraft:pumpkin":52,"minecraft:chiseled_stone_bricks":4,"minecraft:dripstone_block":7,"minecraft:raw_iron_block":2,"minecraft:brain_coral_fan":6,"minecraft:white_bed":6,"minecraft:gold_ore":6,"minecraft:spider_eye":126,"minecraft:mossy_stone_brick_slab":8,"minecraft:stripped_jungle_log":6,"minecraft:music_disc_mall":2,"minecraft:campfire":10,"minecraft:iron_helmet":15,"minecraft:coal":1106},"minecraft:dropped":{"minecraft:iron_sword":3,"minecraft:lapis_lazuli":22,"minecraft:diamond":250,"minecraft:crafting_table":2,"minecraft:cooked_porkchop":5,"minecraft:red_mushroom":2,"minecraft:gold_block":1,"minecraft:emerald":92,"minecraft:dark_oak_fence":3,"minecraft:netherite_boots":5,"minecraft:writable_book":6,"minecraft:gold_nugget":9,"minecraft:sand":173,"minecraft:birch_stairs":1,"minecraft:white_wool":119,"minecraft:tropical_fish_bucket":3,"minecraft:stone_axe":3,"minecraft:compass":1,"minecraft:diamond_block":72,"minecraft:iron_nugget":7,"minecraft:cooked_chicken":6,"minecraft:cobbled_deepslate":560,"minecraft:netherite_sword":22,"minecraft:wheat":68,"minecraft:obsidian":65,"minecraft:rotten_flesh":376,"minecraft:oak_planks":16,"minecraft:azure_bluet":1,"minecraft:red_mushroom_block":49,"minecraft:sea_lantern":2,"minecraft:coal_ore":8,"minecraft:diorite_wall":4,"minecraft:jungle_log":64,"minecraft:leather_boots":3,"minecraft:leather_leggings":1,"minecraft:beef":9,"minecraft:golden_boots":4,"minecraft:wheat_seeds":522,"minecraft:deepslate_redstone_ore":1,"minecraft:netherite_chestplate":9,"minecraft:book":12,"minecraft:prismarine_crystals":129,"minecraft:coal_block":169,"minecraft:golden_apple":1,"minecraft:mushroom_stew":3,"minecraft:lava_bucket":1,"minecraft:dark_oak_leaves":13,"minecraft:ink_sac":15,"minecraft:potion":6,"minecraft:oak_stairs":9,"minecraft:pumpkin":16,"minecraft:red_dye":1,"minecraft:jungle_boat":1,"minecraft:lily_pad":12,"minecraft:acacia_planks":4,"minecraft:netherite_hoe":2,"minecraft:player_head":28,"minecraft:cocoa_beans":16,"minecraft:clay_ball":64,"minecraft:iron_boots":3,"minecraft:name_tag":3,"minecraft:oak_sign":4,"minecraft:shears":1,"minecraft:suspicious_stew":10,"minecraft:diamond_sword":11,"minecraft:spruce_boat":2,"minecraft:sea_pickle":9,"minecraft:flower_pot":3,"minecraft:spruce_trapdoor":169,"minecraft:spruce_planks":24,"minecraft:diamond_pickaxe":21,"minecraft:stone_pressure_plate":1,"minecraft:bamboo":74,"minecraft:stone_bricks":34,"minecraft:bow":9,"minecraft:moss_block":116,"minecraft:ender_pearl":14,"minecraft:dark_oak_sapling":72,"minecraft:leather":69,"minecraft:jungle_planks":1,"minecraft:cod":28,"minecraft:dark_oak_log":42,"minecraft:packed_ice":2,"minecraft:mutton":3,"minecraft:axolotl_bucket":3,"minecraft:purpur_block":1,"minecraft:spyglass":3,"minecraft:mycelium":55,"minecraft:leather_chestplate":2,"minecraft:trident":13,"minecraft:beetroot_seeds":2,"minecraft:iron_bars":13,"minecraft:stone_hoe":4,"minecraft:bread":8,"minecraft:golden_helmet":4,"minecraft:netherite_axe":4,"minecraft:andesite_wall":1,"minecraft:spruce_stairs":4,"minecraft:iron_block":8,"minecraft:milk_bucket":1,"minecraft:melon_slice":5,"minecraft:yellow_shulker_box":1,"minecraft:iron_door":1,"minecraft:kelp":35,"minecraft:sweet_berries":15,"minecraft:totem_of_undying":3,"minecraft:shulker_box":8,"minecraft:netherite_leggings":6,"minecraft:flint_and_steel":1,"minecraft:copper_ore":8,"minecraft:andesite":245,"minecraft:golden_leggings":3,"minecraft:oak_sapling":3,"minecraft:spruce_log":83,"minecraft:wooden_pickaxe":1,"minecraft:brick":1,"minecraft:clay":1,"minecraft:cooked_beef":41,"minecraft:orange_tulip":1,"minecraft:crossbow":3,"minecraft:cookie":256,"minecraft:rooted_dirt":1,"minecraft:elytra":11,"minecraft:item_frame":1,"minecraft:red_shulker_box":1,"minecraft:dirt":343,"minecraft:stone_button":57,"minecraft:phantom_membrane":68,"minecraft:bone_meal":88,"minecraft:sugar":3,"minecraft:iron_pickaxe":4,"minecraft:end_crystal":2,"minecraft:bone":107,"minecraft:sugar_cane":2,"minecraft:golden_chestplate":2,"minecraft:birch_sapling":3,"minecraft:enchanted_golden_apple":4,"minecraft:netherite_shovel":3,"minecraft:end_stone":35,"minecraft:salmon":5,"minecraft:spruce_slab":43,"minecraft:enchanted_book":14,"minecraft:iron_ingot":3,"minecraft:netherite_pickaxe":8,"minecraft:birch_leaves":1,"minecraft:tnt":20,"minecraft:netherite_helmet":7,"minecraft:tadpole_bucket":3,"minecraft:feather":13,"minecraft:oak_fence":1,"minecraft:cobblestone":672,"minecraft:iron_helmet":11,"minecraft:apple":113,"minecraft:granite":214,"minecraft:coal":22,"minecraft:pufferfish":2,"minecraft:oxeye_daisy":2,"minecraft:jungle_slab":6,"minecraft:golden_carrot":276,"minecraft:diamond_helmet":1,"minecraft:heart_of_the_sea":2,"minecraft:paper":27,"minecraft:string":55,"minecraft:spruce_sapling":22,"minecraft:pink_tulip":1,"minecraft:purpur_pillar":1,"minecraft:furnace":1,"minecraft:moss_carpet":35,"minecraft:bowl":5,"minecraft:deepslate":107,"minecraft:spruce_fence":5,"minecraft:lily_of_the_valley":1,"minecraft:stone":1110,"minecraft:allium":1,"minecraft:carved_pumpkin":1,"minecraft:spider_eye":79,"minecraft:birch_boat":1,"minecraft:blue_orchid":2,"minecraft:red_tulip":1,"minecraft:bell":328,"minecraft:warped_stem":99,"minecraft:brown_mushroom":73,"minecraft:diamond_axe":3,"minecraft:baked_potato":283,"minecraft:flint":10,"minecraft:spruce_leaves":5,"minecraft:deepslate_tile_stairs":1,"minecraft:netherite_scrap":4,"minecraft:cooked_cod":333,"minecraft:acacia_door":6,"minecraft:brown_mushroom_block":26,"minecraft:gravel":131,"minecraft:white_tulip":1,"minecraft:blackstone":70,"minecraft:mangrove_roots":4,"minecraft:diamond_shovel":3,"minecraft:prismarine":1,"minecraft:carrot":2,"minecraft:poppy":3,"minecraft:gunpowder":22,"minecraft:skeleton_skull":1,"minecraft:azalea":133,"minecraft:chest":2,"minecraft:arrow":297,"minecraft:prismarine_bricks":320,"minecraft:quartz":38,"minecraft:netherrack":3299,"minecraft:written_book":17,"minecraft:oak_leaves":54,"minecraft:firework_rocket":598,"minecraft:water_bucket":9,"minecraft:stripped_spruce_log":1,"minecraft:red_concrete_powder":7,"minecraft:diamond_leggings":1,"minecraft:poisonous_potato":2,"minecraft:prismarine_shard":275,"minecraft:lead":22,"minecraft:spectral_arrow":2,"minecraft:copper_ingot":14,"minecraft:grass_block":1,"minecraft:stick":67,"minecraft:diorite":227,"minecraft:nether_gold_ore":3,"minecraft:torch":111,"minecraft:iron_leggings":2,"minecraft:flowering_azalea":117,"minecraft:iron_axe":7,"minecraft:bucket":4,"minecraft:redstone":99,"minecraft:anvil":1,"minecraft:ender_chest":141,"minecraft:coarse_dirt":1,"minecraft:blaze_rod":32,"minecraft:raw_copper":128,"minecraft:tuff":51,"minecraft:composter":1,"minecraft:raw_iron":13,"minecraft:wither_skeleton_skull":1,"minecraft:iron_hoe":1,"minecraft:filled_map":17,"minecraft:shield":3,"minecraft:diamond_chestplate":1,"minecraft:orange_terracotta":1,"minecraft:iron_chestplate":2,"minecraft:pink_wool":5,"minecraft:oak_boat":5,"minecraft:golden_sword":6,"minecraft:diamond_boots":1,"minecraft:slime_ball":11,"minecraft:purple_shulker_box":2,"minecraft:stone_pickaxe":2,"minecraft:nether_quartz_ore":2},"minecraft:broken":{"minecraft:fishing_rod":2,"minecraft:iron_shovel":3,"minecraft:stone_pickaxe":1,"minecraft:iron_axe":6},"minecraft:used":{"minecraft:moss_block":945,"minecraft:jack_o_lantern":6,"minecraft:writable_book":56,"minecraft:poppy":16,"minecraft:black_carpet":2,"minecraft:stone":1520,"minecraft:warped_sign":3,"minecraft:quartz_stairs":59,"minecraft:tube_coral":3,"minecraft:soul_sand":10,"minecraft:lily_of_the_valley":38,"minecraft:cut_copper":1,"minecraft:deepslate_brick_slab":63,"minecraft:azure_bluet":35,"minecraft:snowball":2,"minecraft:spruce_boat":144,"minecraft:packed_ice":401,"minecraft:stripped_dark_oak_wood":1,"minecraft:quartz_pillar":41,"minecraft:jungle_fence_gate":2,"minecraft:deepslate_copper_ore":78,"minecraft:quartz_block":30,"minecraft:netherite_hoe":1254,"minecraft:netherite_boots":1,"minecraft:bow":235,"minecraft:cooked_cod":1,"minecraft:acacia_fence":4,"minecraft:end_stone_brick_stairs":2,"minecraft:dark_prismarine_stairs":42,"minecraft:deepslate_brick_wall":12,"minecraft:mossy_stone_bricks":125,"minecraft:prismarine":366,"minecraft:blackstone":26,"minecraft:cactus":6,"minecraft:wooden_pickaxe":8,"minecraft:mossy_stone_brick_stairs":44,"minecraft:composter":6,"minecraft:clay":66,"minecraft:jungle_boat":67,"minecraft:glow_berries":34,"minecraft:acacia_leaves":120,"minecraft:chiseled_quartz_block":13,"minecraft:red_sandstone":1,"minecraft:birch_slab":13,"minecraft:deepslate_iron_ore":267,"minecraft:flowering_azalea_leaves":34,"minecraft:diamond_sword":1733,"minecraft:birch_log":82,"minecraft:oak_boat":38,"minecraft:purple_wool":219,"minecraft:oak_trapdoor":12,"minecraft:dead_tube_coral_block":1,"minecraft:carved_pumpkin":12,"minecraft:armor_stand":15,"minecraft:polished_blackstone_wall":12,"minecraft:orange_stained_glass":1,"minecraft:torch":205,"minecraft:brewing_stand":2,"minecraft:nether_quartz_ore":1,"minecraft:mossy_cobblestone_stairs":5,"minecraft:sea_lantern":125,"minecraft:iron_block":278,"minecraft:polished_deepslate_wall":34,"minecraft:jungle_log":28,"minecraft:barrel":52,"minecraft:bamboo":53,"minecraft:tadpole_bucket":8,"minecraft:basalt":30,"minecraft:podzol":1,"minecraft:acacia_planks":8,"minecraft:deepslate_emerald_ore":1,"minecraft:calcite":55,"minecraft:wheat_seeds":2089,"minecraft:warped_stem":63,"minecraft:birch_planks":11,"minecraft:cauldron":2,"minecraft:glow_ink_sac":11,"minecraft:gold_ore":8,"minecraft:deepslate_bricks":125,"minecraft:polished_deepslate_slab":80,"minecraft:diamond_block":6,"minecraft:rail":10,"minecraft:crimson_trapdoor":28,"minecraft:campfire":20,"minecraft:white_bed":37,"minecraft:spruce_log":969,"minecraft:music_disc_strad":2,"minecraft:mushroom_stem":355,"minecraft:amethyst_cluster":62,"minecraft:blue_stained_glass_pane":4,"minecraft:diamond_pickaxe":36031,"minecraft:warped_trapdoor":40,"minecraft:diamond_shovel":3128,"minecraft:acacia_sign":1,"minecraft:suspicious_stew":1,"minecraft:spruce_pressure_plate":1,"minecraft:spruce_trapdoor":362,"minecraft:spruce_sapling":108,"minecraft:pink_bed":1,"minecraft:green_carpet":3,"minecraft:azalea_leaves":382,"minecraft:orange_banner":2,"minecraft:purple_bed":2,"minecraft:dandelion":4,"minecraft:green_stained_glass":1,"minecraft:moss_carpet":157,"minecraft:polished_deepslate":174,"minecraft:nether_wart":8,"minecraft:grass":2,"minecraft:mossy_stone_brick_slab":39,"minecraft:stripped_crimson_stem":2,"minecraft:spruce_leaves":120,"minecraft:jungle_planks":64,"minecraft:pink_terracotta":19,"minecraft:big_dripleaf":11,"minecraft:bricks":54,"minecraft:mangrove_log":29,"minecraft:spruce_wood":122,"minecraft:lantern":208,"minecraft:blue_orchid":25,"minecraft:mossy_cobblestone_slab":45,"minecraft:item_frame":24,"minecraft:deepslate_diamond_ore":245,"minecraft:horn_coral":3,"minecraft:written_book":27,"minecraft:blue_shulker_box":47,"minecraft:gold_block":36,"minecraft:dark_oak_sapling":1,"minecraft:end_rod":10,"minecraft:tube_coral_fan":8,"minecraft:stone_pickaxe":149,"minecraft:jungle_fence":19,"minecraft:oak_planks":30,"minecraft:prismarine_stairs":216,"minecraft:diamond_axe":4749,"minecraft:sugar_cane":4,"minecraft:white_wool":5,"minecraft:netherite_leggings":1,"minecraft:lime_stained_glass_pane":16,"minecraft:mushroom_stew":29,"minecraft:crossbow":7,"minecraft:end_stone":4,"minecraft:deepslate_lapis_ore":23,"minecraft:dark_oak_log":3,"minecraft:bread":14,"minecraft:iron_door":4,"minecraft:deepslate":717,"minecraft:stripped_warped_hyphae":17,"minecraft:light_blue_concrete_powder":12,"minecraft:pufferfish_bucket":6,"minecraft:chain":58,"minecraft:mossy_cobblestone_wall":29,"minecraft:coarse_dirt":38,"minecraft:bone_meal":266,"minecraft:netherite_sword":2167,"minecraft:rose_bush":7,"minecraft:granite_stairs":5,"minecraft:white_tulip":43,"minecraft:redstone":1,"minecraft:ender_chest":22,"minecraft:deepslate_gold_ore":74,"minecraft:stone_hoe":32,"minecraft:dirt":1863,"minecraft:prismarine_bricks":143,"minecraft:bee_nest":1,"minecraft:spruce_fence":339,"minecraft:iron_hoe":214,"minecraft:wooden_axe":34,"minecraft:oak_stairs":6,"minecraft:smooth_sandstone":2,"minecraft:iron_boots":1,"minecraft:black_stained_glass":1,"minecraft:lime_stained_glass":127,"minecraft:deepslate_tile_stairs":10,"minecraft:netherite_pickaxe":6005,"minecraft:cooked_beef":96,"minecraft:pumpkin":22,"minecraft:cobbled_deepslate_wall":64,"minecraft:cobblestone_stairs":4,"minecraft:lodestone":1,"minecraft:snow_block":12,"minecraft:baked_potato":47,"minecraft:brown_mushroom":98,"minecraft:spruce_sign":30,"minecraft:warped_roots":1,"minecraft:dark_prismarine_slab":14,"minecraft:red_mushroom":13,"minecraft:warped_planks":46,"minecraft:flower_pot":78,"minecraft:lapis_ore":3,"minecraft:jungle_stairs":47,"minecraft:stone_slab":105,"minecraft:stone_axe":166,"minecraft:fire_coral_block":1,"minecraft:end_crystal":2,"minecraft:stripped_crimson_hyphae":2,"minecraft:cobbled_deepslate_slab":142,"minecraft:cyan_stained_glass_pane":10,"minecraft:sea_pickle":36,"minecraft:birch_stairs":50,"minecraft:orange_dye":2,"minecraft:spruce_slab":157,"minecraft:elytra":2,"minecraft:ladder":34,"minecraft:chest":77,"minecraft:white_shulker_box":20,"minecraft:blue_stained_glass":1,"minecraft:brick_slab":23,"minecraft:allium":26,"minecraft:jungle_slab":26,"minecraft:stripped_spruce_log":11,"minecraft:netherite_shovel":1995,"minecraft:warped_hyphae":68,"minecraft:grass_block":954,"minecraft:polished_andesite_stairs":134,"minecraft:copper_ore":339,"minecraft:pink_wool":2,"minecraft:stone_brick_stairs":84,"minecraft:dark_oak_boat":1,"minecraft:sweet_berries":105,"minecraft:furnace":29,"minecraft:egg":12,"minecraft:potato":25,"minecraft:magenta_shulker_box":20,"minecraft:emerald_ore":1,"minecraft:diorite":29,"minecraft:end_stone_bricks":2,"minecraft:brick_wall":4,"minecraft:spruce_door":25,"minecraft:stripped_birch_log":6,"minecraft:cut_copper_slab":13,"minecraft:red_stained_glass":2,"minecraft:acacia_trapdoor":15,"minecraft:orange_tulip":19,"minecraft:oak_leaves":43,"minecraft:dark_oak_trapdoor":50,"minecraft:blue_dye":2,"minecraft:sand":74,"minecraft:smooth_red_sandstone":23,"minecraft:blue_ice":22,"minecraft:netherite_helmet":1,"minecraft:lightning_rod":3,"minecraft:deepslate_tiles":163,"minecraft:stone_button":80,"minecraft:spore_blossom":20,"minecraft:lectern":2,"minecraft:red_terracotta":31,"minecraft:polished_granite":33,"minecraft:diamond_ore":10,"minecraft:lilac":25,"minecraft:polished_andesite_slab":64,"minecraft:soul_lantern":4,"minecraft:dark_oak_fence":7,"minecraft:white_stained_glass":85,"minecraft:pink_stained_glass":3,"minecraft:ice":14,"minecraft:iron_bars":40,"minecraft:acacia_log":11,"minecraft:brain_coral_fan":9,"minecraft:mycelium":255,"minecraft:stripped_warped_stem":11,"minecraft:netherrack":1146,"minecraft:orange_bed":1,"minecraft:anvil":4,"minecraft:crimson_hyphae":30,"minecraft:stone_stairs":52,"minecraft:jungle_trapdoor":3,"minecraft:blue_concrete":2,"minecraft:polished_diorite":30,"minecraft:shroomlight":2,"minecraft:red_shulker_box":69,"minecraft:flowering_azalea":45,"minecraft:cyan_shulker_box":1,"minecraft:iron_axe":2151,"minecraft:rooted_dirt":1,"minecraft:slime_block":10,"minecraft:spruce_button":16,"minecraft:warped_fence":8,"minecraft:pink_stained_glass_pane":8,"minecraft:prismarine_slab":243,"minecraft:smooth_basalt":104,"minecraft:glowstone":63,"minecraft:oxidized_copper":7,"minecraft:acacia_wood":10,"minecraft:cobbled_deepslate":1042,"minecraft:orange_terracotta":14,"minecraft:pointed_dripstone":3,"minecraft:crimson_stem":32,"minecraft:water_bucket":219,"minecraft:light_blue_glazed_terracotta":17,"minecraft:prismarine_brick_slab":134,"minecraft:bubble_coral_fan":9,"minecraft:cartography_table":1,"minecraft:red_mushroom_block":385,"minecraft:salmon":4,"minecraft:mossy_cobblestone":211,"minecraft:oak_slab":4,"minecraft:tnt":1,"minecraft:crafting_table":75,"minecraft:birch_sign":4,"minecraft:fire_coral":4,"minecraft:cake":1,"minecraft:deepslate_tile_wall":9,"minecraft:small_amethyst_bud":13,"minecraft:oak_log":2,"minecraft:dark_prismarine":1189,"minecraft:mud":61,"minecraft:cornflower":32,"minecraft:oxeye_daisy":31,"minecraft:sunflower":1,"minecraft:iron_pickaxe":155,"minecraft:chiseled_stone_bricks":8,"minecraft:cobblestone":930,"minecraft:glass_pane":11,"minecraft:kelp":56,"minecraft:brown_mushroom_block":366,"minecraft:sculk_vein":1,"minecraft:jukebox":3,"minecraft:iron_shovel":1126,"minecraft:oak_sign":10,"minecraft:shield":66,"minecraft:white_terracotta":14,"minecraft:iron_sword":32,"minecraft:purple_shulker_box":1,"minecraft:bell":178,"minecraft:player_head":28,"minecraft:smooth_sandstone_stairs":4,"minecraft:white_candle":4,"minecraft:prismarine_brick_stairs":107,"minecraft:carrot":21,"minecraft:deepslate_tile_slab":30,"minecraft:tuff":376,"minecraft:cyan_wool":52,"minecraft:axolotl_bucket":15,"minecraft:milk_bucket":2,"minecraft:polished_deepslate_stairs":12,"minecraft:coal_ore":266,"minecraft:quartz_slab":72,"minecraft:dark_oak_wood":2650,"minecraft:stone_bricks":284,"minecraft:red_carpet":1,"minecraft:magma_block":1,"minecraft:hay_block":24,"minecraft:scaffolding":316,"minecraft:fire_coral_fan":6,"minecraft:birch_leaves":80,"minecraft:dark_oak_sign":1,"minecraft:ender_pearl":4,"minecraft:blue_bed":6,"minecraft:large_amethyst_bud":31,"minecraft:brain_coral":5,"minecraft:black_banner":3,"minecraft:blackstone_wall":12,"minecraft:stone_brick_wall":34,"minecraft:shears":635,"minecraft:cobbled_deepslate_stairs":6,"minecraft:firework_rocket":3573,"minecraft:lime_carpet":1,"minecraft:music_disc_mall":1,"minecraft:string":20,"minecraft:gravel":194,"minecraft:blackstone_slab":6,"minecraft:jungle_sign":15,"minecraft:smooth_red_sandstone_slab":6,"minecraft:medium_amethyst_bud":30,"minecraft:andesite":330,"minecraft:deepslate_coal_ore":3,"minecraft:tropical_fish_bucket":50,"minecraft:experience_bottle":10,"minecraft:azalea":73,"minecraft:oak_fence":3,"minecraft:trident":2611,"minecraft:music_disc_otherside":20,"minecraft:stone_shovel":246,"minecraft:spruce_planks":575,"minecraft:sculk":1,"minecraft:spyglass":358,"minecraft:hopper":1,"minecraft:spruce_stairs":741,"minecraft:cobblestone_wall":56,"minecraft:shulker_box":112,"minecraft:oak_wood":9,"minecraft:pink_dye":1,"minecraft:pink_carpet":8,"minecraft:granite":159,"minecraft:andesite_wall":34,"minecraft:birch_door":2,"minecraft:purple_stained_glass_pane":19,"minecraft:stone_brick_slab":58,"minecraft:dark_oak_planks":2,"minecraft:red_tulip":33,"minecraft:bookshelf":109,"minecraft:yellow_stained_glass":1,"minecraft:crimson_planks":3,"minecraft:golden_carrot":1463,"minecraft:white_stained_glass_pane":38,"minecraft:granite_wall":15,"minecraft:amethyst_block":202,"minecraft:iron_ore":250,"minecraft:pink_tulip":34,"minecraft:glass_bottle":11,"minecraft:polished_andesite":301,"minecraft:netherite_chestplate":1,"minecraft:copper_block":99,"minecraft:andesite_slab":59,"minecraft:black_shulker_box":2,"minecraft:white_dye":6,"minecraft:beacon":5,"minecraft:cobblestone_slab":47,"minecraft:glow_item_frame":3,"minecraft:terracotta":39,"minecraft:lime_bed":1,"minecraft:brown_banner":3,"minecraft:painting":17,"minecraft:smooth_red_sandstone_stairs":1,"minecraft:purple_stained_glass":3,"minecraft:apple":7,"minecraft:map":14,"minecraft:netherite_axe":5456,"minecraft:purple_dye":1,"minecraft:fishing_rod":43,"minecraft:white_banner":9,"minecraft:bucket":278,"minecraft:smooth_stone":18,"minecraft:splash_potion":2}},"DataVersion":3120}