{"stats":{"minecraft:killed_by":{"minecraft:zombie":1,"minecraft:creeper":1,"minecraft:player":4},"minecraft:broken":{"minecraft:golden_boots":1,"minecraft:wooden_shovel":1,"minecraft:diamond_pickaxe":1,"minecraft:iron_sword":1,"minecraft:wooden_pickaxe":1,"minecraft:iron_axe":3,"minecraft:iron_pickaxe":1,"minecraft:golden_helmet":1,"minecraft:iron_shovel":1,"minecraft:leather_leggings":1,"minecraft:golden_shovel":1,"minecraft:stone_axe":1,"minecraft:stone_shovel":1,"minecraft:golden_chestplate":1,"minecraft:golden_axe":1},"minecraft:mined":{"minecraft:dark_oak_planks":10,"minecraft:dragon_wall_head":1,"minecraft:red_shulker_box":4,"minecraft:white_bed":10,"minecraft:light_blue_concrete":179,"minecraft:jungle_leaves":1,"minecraft:obsidian":54,"minecraft:granite":33,"minecraft:stone_brick_wall":8,"minecraft:jungle_log":55,"minecraft:deepslate_bricks":1,"minecraft:purpur_slab":1,"minecraft:blue_wool":10,"minecraft:oak_wall_sign":11,"minecraft:nether_wart":215,"minecraft:spawner":1,"minecraft:magma_block":1,"minecraft:dark_oak_trapdoor":2,"minecraft:cobbled_deepslate":17,"minecraft:barrel":9,"minecraft:fire":539,"minecraft:cyan_wall_banner":1,"minecraft:deepslate_lapis_ore":12,"minecraft:cave_vines":1,"minecraft:dirt_path":72,"minecraft:quartz_slab":32,"minecraft:player_head":1,"minecraft:brown_mushroom":37,"minecraft:player_wall_head":13,"minecraft:smoker":3,"minecraft:soul_fire":13,"minecraft:amethyst_cluster":2,"minecraft:torch":4,"minecraft:melon":18,"minecraft:spruce_wall_sign":9,"minecraft:glass":2,"minecraft:lime_shulker_box":4,"minecraft:sugar_cane":53,"minecraft:damaged_anvil":1,"minecraft:spruce_sign":1,"minecraft:cyan_wool":8,"minecraft:wheat":63,"minecraft:lime_concrete":157,"minecraft:grass":63,"minecraft:loom":3,"minecraft:blue_shulker_box":38,"minecraft:piston":9,"minecraft:deepslate":631,"minecraft:dark_prismarine":12,"minecraft:pink_shulker_box":16,"minecraft:light_blue_wool":30,"minecraft:dark_oak_log":116,"minecraft:sea_lantern":41,"minecraft:end_stone":1834,"minecraft:shulker_box":41,"minecraft:nether_bricks":61,"minecraft:spruce_fence":30,"minecraft:jungle_planks":30,"minecraft:redstone_wire":1,"minecraft:kelp":11,"minecraft:moss_block":1,"minecraft:red_mushroom":1,"minecraft:pink_wool":4,"minecraft:light_blue_concrete_powder":1,"minecraft:snow":22,"minecraft:andesite":27,"minecraft:warped_wall_sign":1,"minecraft:potatoes":89,"minecraft:rail":129,"minecraft:vine":37,"minecraft:bamboo_sapling":2,"minecraft:white_wool":3,"minecraft:ender_chest":58,"minecraft:smithing_table":1,"minecraft:light_gray_carpet":3,"minecraft:glass_pane":2,"minecraft:soul_sand":110,"minecraft:brown_carpet":2,"minecraft:stone_brick_slab":19,"minecraft:jungle_sign":1,"minecraft:sponge":29,"minecraft:purpur_pillar":4,"minecraft:copper_ore":1,"minecraft:tall_grass":4,"minecraft:deepslate_gold_ore":75,"minecraft:diorite":19,"minecraft:spruce_log":158,"minecraft:mycelium":108,"minecraft:gravel":1600,"minecraft:birch_sign":2,"minecraft:stone_bricks":1,"minecraft:chipped_anvil":1,"minecraft:gold_ore":10,"minecraft:fern":20,"minecraft:large_amethyst_bud":3,"minecraft:spruce_planks":13,"minecraft:mossy_stone_brick_slab":1,"minecraft:jungle_slab":4,"minecraft:brewing_stand":2,"minecraft:spruce_trapdoor":1,"minecraft:cave_vines_plant":1,"minecraft:grass_block":24,"minecraft:blue_concrete":23,"minecraft:white_concrete":93,"minecraft:soul_soil":82,"minecraft:glowstone":26,"minecraft:iron_ore":107,"minecraft:anvil":6,"minecraft:end_stone_bricks":1,"minecraft:spruce_slab":3,"minecraft:deepslate_redstone_ore":11,"minecraft:blackstone":769,"minecraft:melon_stem":2,"minecraft:medium_amethyst_bud":3,"minecraft:clay":21,"minecraft:jungle_stairs":3,"minecraft:poppy":50,"minecraft:chest":8,"minecraft:mushroom_stem":1,"minecraft:nether_quartz_ore":51,"minecraft:cobblestone":176,"minecraft:grindstone":2,"minecraft:prismarine":12,"minecraft:oak_planks":3,"minecraft:iron_door":1,"minecraft:deepslate_copper_ore":1,"minecraft:warped_nylium":5,"minecraft:blue_ice":6,"minecraft:light_gray_wool":1,"minecraft:tnt":7,"minecraft:purpur_block":6,"minecraft:oak_log":42,"minecraft:sand":1659,"minecraft:dirt":112,"minecraft:ancient_debris":14,"minecraft:netherrack":2815,"minecraft:oak_leaves":20,"minecraft:emerald_block":3,"minecraft:nether_gold_ore":27,"minecraft:red_carpet":4,"minecraft:crying_obsidian":6,"minecraft:tuff":68,"minecraft:quartz_stairs":16,"minecraft:deepslate_diamond_ore":62,"minecraft:dark_oak_leaves":32,"minecraft:oak_door":7,"minecraft:glow_lichen":2,"minecraft:lever":6,"minecraft:ladder":3,"minecraft:white_stained_glass":2,"minecraft:cyan_banner":2,"minecraft:birch_slab":1,"minecraft:spruce_leaves":35,"minecraft:sandstone":96,"minecraft:large_fern":2,"minecraft:hay_block":17,"minecraft:spore_blossom":1,"minecraft:furnace":10,"minecraft:carrots":20,"minecraft:gold_block":10,"minecraft:bookshelf":98,"minecraft:deepslate_iron_ore":107,"minecraft:packed_ice":2750,"minecraft:wet_sponge":27,"minecraft:stone":271,"minecraft:scaffolding":1,"minecraft:magenta_stained_glass":3,"minecraft:stripped_dark_oak_log":2,"minecraft:basalt":10,"minecraft:crafting_table":36,"minecraft:lectern":4,"minecraft:lapis_ore":3,"minecraft:red_concrete":43,"minecraft:prismarine_bricks":19,"minecraft:birch_planks":2,"minecraft:gray_wool":1,"minecraft:sweet_berry_bush":9,"minecraft:ice":96,"minecraft:yellow_bed":6,"minecraft:coal_ore":177,"minecraft:cocoa":7,"minecraft:end_rod":17,"minecraft:gray_carpet":6,"minecraft:cracked_stone_bricks":1,"minecraft:terracotta":1,"minecraft:jungle_wall_sign":13},"minecraft:used":{"minecraft:writable_book":167,"minecraft:dispenser":1,"minecraft:spruce_slab":4,"minecraft:poppy":3,"minecraft:ladder":31,"minecraft:elytra":6,"minecraft:chest":32,"minecraft:stone":2,"minecraft:warped_sign":1,"minecraft:quartz_stairs":36,"minecraft:rotten_flesh":3,"minecraft:soul_sand":54,"minecraft:jungle_slab":7,"minecraft:snowball":26,"minecraft:spruce_boat":95,"minecraft:packed_ice":989,"minecraft:red_wool":5,"minecraft:grass_block":1,"minecraft:wet_sponge":30,"minecraft:pink_wool":4,"minecraft:bow":326,"minecraft:dark_oak_boat":36,"minecraft:sweet_berries":306,"minecraft:furnace":13,"minecraft:oak_sapling":1,"minecraft:cooked_cod":2,"minecraft:egg":14,"minecraft:potato":91,"minecraft:dragon_head":2,"minecraft:leather_leggings":1,"minecraft:blackstone":74,"minecraft:lime_concrete_powder":80,"minecraft:wooden_pickaxe":38,"minecraft:leather_chestplate":1,"minecraft:purpur_pillar":1,"minecraft:glow_berries":7,"minecraft:golden_apple":3,"minecraft:dark_oak_trapdoor":2,"minecraft:blue_dye":1,"minecraft:sand":34,"minecraft:blue_ice":5,"minecraft:crying_obsidian":147,"minecraft:stone_button":1,"minecraft:spore_blossom":1,"minecraft:lectern":5,"minecraft:diamond_sword":121,"minecraft:fire_charge":1,"minecraft:smithing_table":1,"minecraft:white_stained_glass":5,"minecraft:ice":31,"minecraft:oak_boat":58,"minecraft:stone_sword":1,"minecraft:red_concrete":38,"minecraft:mycelium":19,"minecraft:cooked_salmon":8,"minecraft:netherrack":1249,"minecraft:torch":17,"minecraft:brewing_stand":9,"minecraft:anvil":11,"minecraft:golden_shovel":101,"minecraft:blue_concrete":23,"minecraft:red_shulker_box":4,"minecraft:sea_lantern":6,"minecraft:chipped_anvil":1,"minecraft:iron_axe":540,"minecraft:spruce_button":26,"minecraft:jungle_log":6,"minecraft:lime_dye":1,"minecraft:melon_seeds":10,"minecraft:barrel":15,"minecraft:bamboo":6,"minecraft:basalt":6,"minecraft:lime_concrete":122,"minecraft:cobbled_deepslate":433,"minecraft:golden_axe":18,"minecraft:wheat_seeds":54,"minecraft:water_bucket":205,"minecraft:glow_ink_sac":6,"minecraft:rail":129,"minecraft:tnt":16,"minecraft:crafting_table":41,"minecraft:birch_sign":2,"minecraft:white_bed":23,"minecraft:lime_shulker_box":4,"minecraft:spruce_log":5,"minecraft:mushroom_stem":1,"minecraft:oak_log":14,"minecraft:dark_prismarine":2,"minecraft:diamond_pickaxe":11004,"minecraft:diamond_shovel":3258,"minecraft:oak_button":3,"minecraft:iron_pickaxe":329,"minecraft:cobblestone":257,"minecraft:potion":7,"minecraft:red_concrete_powder":24,"minecraft:cooked_porkchop":4,"minecraft:dandelion":1,"minecraft:iron_shovel":250,"minecraft:diamond_hoe":2,"minecraft:oak_sign":12,"minecraft:white_concrete_powder":24,"minecraft:shield":82,"minecraft:iron_sword":463,"minecraft:nether_wart":239,"minecraft:player_head":17,"minecraft:jungle_planks":111,"minecraft:nether_bricks":123,"minecraft:carrot":63,"minecraft:axolotl_bucket":1,"minecraft:milk_bucket":7,"minecraft:obsidian":78,"minecraft:glass":1,"minecraft:coal_ore":1,"minecraft:quartz_slab":123,"minecraft:stone_bricks":1,"minecraft:item_frame":5,"minecraft:written_book":17,"minecraft:jungle_button":2,"minecraft:blue_shulker_box":38,"minecraft:dark_oak_sapling":12,"minecraft:golden_boots":1,"minecraft:stone_pickaxe":37,"minecraft:gray_carpet":2,"minecraft:oak_planks":2,"minecraft:ender_pearl":84,"minecraft:sandstone":6,"minecraft:diamond_axe":8,"minecraft:large_amethyst_bud":3,"minecraft:white_wool":7,"minecraft:golden_hoe":11,"minecraft:light_blue_concrete":137,"minecraft:loom":4,"minecraft:mushroom_stew":25,"minecraft:stone_brick_wall":28,"minecraft:shears":53,"minecraft:end_stone":1826,"minecraft:lever":11,"minecraft:firework_rocket":326,"minecraft:dark_oak_log":1,"minecraft:bread":43,"minecraft:melon_slice":31,"minecraft:iron_door":2,"minecraft:gravel":1,"minecraft:golden_helmet":3,"minecraft:jungle_sign":22,"minecraft:light_blue_concrete_powder":129,"minecraft:grindstone":2,"minecraft:medium_amethyst_bud":3,"minecraft:cooked_rabbit":2,"minecraft:white_concrete":329,"minecraft:tropical_fish_bucket":2,"minecraft:bone_meal":7,"minecraft:purpur_block":4,"minecraft:trident":78,"minecraft:netherite_sword":617,"minecraft:flint_and_steel":19,"minecraft:music_disc_otherside":1,"minecraft:stone_shovel":161,"minecraft:spruce_planks":8,"minecraft:ender_chest":59,"minecraft:wooden_shovel":59,"minecraft:cooked_chicken":56,"minecraft:oak_door":9,"minecraft:dirt":178,"minecraft:spyglass":107,"minecraft:shulker_box":42,"minecraft:granite":10,"minecraft:spruce_fence":51,"minecraft:birch_door":1,"minecraft:stone_brick_slab":114,"minecraft:wooden_axe":24,"minecraft:bookshelf":6,"minecraft:golden_carrot":290,"minecraft:soul_soil":6,"minecraft:white_stained_glass_pane":29,"minecraft:minecart":1,"minecraft:netherite_pickaxe":16,"minecraft:cyan_banner":3,"minecraft:cooked_beef":47,"minecraft:red_dye":3,"minecraft:iron_leggings":1,"minecraft:cooked_mutton":7,"minecraft:glass_bottle":137,"minecraft:baked_potato":242,"minecraft:brown_mushroom":3,"minecraft:spruce_sign":24,"minecraft:glow_item_frame":1,"minecraft:terracotta":1,"minecraft:smoker":2,"minecraft:piston":14,"minecraft:netherite_axe":523,"minecraft:jungle_stairs":7,"minecraft:stone_axe":88,"minecraft:fishing_rod":2,"minecraft:pink_shulker_box":16,"minecraft:bucket":212,"minecraft:yellow_bed":6},"minecraft:custom":{"minecraft:interact_with_crafting_table":301,"minecraft:open_barrel":1293,"minecraft:bell_ring":261,"minecraft:leave_game":65,"minecraft:time_since_death":40809,"minecraft:damage_blocked_by_shield":4255,"minecraft:play_time":3675379,"minecraft:deaths":11,"minecraft:jump":93895,"minecraft:enchant_item":20,"minecraft:interact_with_furnace":683,"minecraft:play_record":1,"minecraft:sleep_in_bed":26,"minecraft:damage_dealt":126646,"minecraft:interact_with_smoker":28,"minecraft:inspect_dispenser":4,"minecraft:horse_one_cm":122174,"minecraft:interact_with_smithing_table":5,"minecraft:inspect_dropper":10,"minecraft:interact_with_anvil":131,"minecraft:inspect_hopper":2,"minecraft:sneak_time":167580,"minecraft:interact_with_lectern":98,"minecraft:interact_with_blast_furnace":32,"minecraft:total_world_time":3675379,"minecraft:time_since_rest":40829,"minecraft:swim_one_cm":1755375,"minecraft:fly_one_cm":29904286,"minecraft:open_chest":3869,"minecraft:fish_caught":2,"minecraft:fall_one_cm":1596132,"minecraft:open_shulker_box":258,"minecraft:damage_resisted":421,"minecraft:sprint_one_cm":9743893,"minecraft:drop":765,"minecraft:talked_to_villager":8,"minecraft:interact_with_brewingstand":473,"minecraft:walk_on_water_one_cm":267086,"minecraft:interact_with_loom":9,"minecraft:open_enderchest":645,"minecraft:player_kills":4,"minecraft:crouch_one_cm":710694,"minecraft:mob_kills":9834,"minecraft:climb_one_cm":653927,"minecraft:walk_one_cm":7647931,"minecraft:walk_under_water_one_cm":527245,"minecraft:boat_one_cm":7449703,"minecraft:interact_with_grindstone":1,"minecraft:damage_taken":27504,"minecraft:damage_absorbed":121,"minecraft:minecart_one_cm":670,"minecraft:aviate_one_cm":16283736},"minecraft:crafted":{"minecraft:ender_chest":5,"minecraft:black_dye":43,"minecraft:jungle_button":1,"minecraft:oak_sign":3,"minecraft:blaze_powder":44,"minecraft:loom":1,"minecraft:lever":2,"minecraft:diamond_shovel":2,"minecraft:bookshelf":4,"minecraft:cooked_mutton":7,"minecraft:shulker_box":7,"minecraft:red_concrete_powder":24,"minecraft:glass":258,"minecraft:diamond_helmet":1,"minecraft:diamond_leggings":1,"minecraft:netherite_boots":1,"minecraft:melon_seeds":7,"minecraft:polished_blackstone":4,"minecraft:light_blue_concrete_powder":128,"minecraft:cooked_rabbit":2,"minecraft:lime_concrete_powder":80,"minecraft:turtle_helmet":6,"minecraft:glass_bottle":141,"minecraft:wooden_shovel":1,"minecraft:cooked_porkchop":4,"minecraft:glow_item_frame":1,"minecraft:smithing_table":1,"minecraft:copper_ingot":2,"minecraft:lime_shulker_box":1,"minecraft:lectern":1,"minecraft:iron_pickaxe":3,"minecraft:iron_block":46,"minecraft:gold_ingot":296,"minecraft:netherite_ingot":5,"minecraft:polished_blackstone_bricks":4,"minecraft:jungle_sign":9,"minecraft:stone_shovel":2,"minecraft:bone_meal":66,"minecraft:blue_shulker_box":1,"minecraft:spruce_fence":30,"minecraft:pink_dye":2,"minecraft:diamond":72,"minecraft:netherite_axe":1,"minecraft:ladder":30,"minecraft:red_shulker_box":1,"minecraft:stone_pickaxe":1,"minecraft:diamond_boots":1,"minecraft:quartz_slab":96,"minecraft:spruce_boat":1,"minecraft:dark_oak_planks":104,"minecraft:golden_helmet":1,"minecraft:wheat":153,"minecraft:crossbow":13,"minecraft:white_stained_glass":56,"minecraft:jungle_slab":18,"minecraft:golden_apple":28,"minecraft:fermented_spider_eye":3,"minecraft:wooden_axe":1,"minecraft:writable_book":5,"minecraft:iron_leggings":1,"minecraft:white_bed":30,"minecraft:oak_planks":188,"minecraft:barrel":6,"minecraft:dark_oak_boat":2,"minecraft:cooked_chicken":6,"minecraft:pink_shulker_box":1,"minecraft:stone":215,"minecraft:green_dye":15,"minecraft:stone_brick_slab":78,"minecraft:bow":2,"minecraft:iron_boots":1,"minecraft:written_book":2,"minecraft:chest":30,"minecraft:netherite_helmet":1,"minecraft:oak_button":2,"minecraft:jungle_stairs":4,"minecraft:rail":128,"minecraft:ender_eye":6,"minecraft:stone_bricks":128,"minecraft:golden_sword":25,"minecraft:golden_boots":1,"minecraft:sea_lantern":4,"minecraft:white_banner":7,"minecraft:quartz_stairs":20,"minecraft:oak_slab":6,"minecraft:item_frame":2,"minecraft:crafting_table":5,"minecraft:spruce_planks":320,"minecraft:wooden_pickaxe":1,"minecraft:baked_potato":221,"minecraft:iron_helmet":1,"minecraft:red_wool":5,"minecraft:gold_block":13,"minecraft:brewing_stand":8,"minecraft:white_stained_glass_pane":48,"minecraft:dispenser":1,"minecraft:tnt":7,"minecraft:dark_oak_slab":6,"minecraft:iron_chestplate":1,"minecraft:book":4,"minecraft:paper":33,"minecraft:diamond_pickaxe":2,"minecraft:charcoal":7,"minecraft:emerald_block":7,"minecraft:pink_wool":1,"minecraft:shield":7,"minecraft:stick":236,"minecraft:light_blue_dye":16,"minecraft:iron_ingot":363,"minecraft:stone_sword":1,"minecraft:shears":3,"minecraft:oak_door":6,"minecraft:stone_brick_wall":24,"minecraft:tripwire_hook":12,"minecraft:netherite_sword":1,"minecraft:spruce_button":25,"minecraft:furnace":6,"minecraft:stone_button":2,"minecraft:dark_oak_trapdoor":2,"minecraft:mushroom_stew":1,"minecraft:diamond_block":11,"minecraft:flint_and_steel":2,"minecraft:netherite_chestplate":1,"minecraft:netherite_leggings":1,"minecraft:white_concrete_powder":24,"minecraft:iron_axe":4,"minecraft:lime_dye":12,"minecraft:cobblestone_wall":6,"minecraft:netherite_scrap":14,"minecraft:glistering_melon_slice":7,"minecraft:cooked_beef":21,"minecraft:sugar":9,"minecraft:red_dye":57,"minecraft:cooked_cod":1,"minecraft:diamond_sword":1,"minecraft:spruce_sign":12,"minecraft:iron_sword":1,"minecraft:bowl":16,"minecraft:cooked_salmon":1,"minecraft:bucket":4,"minecraft:stone_axe":1,"minecraft:bread":60,"minecraft:air":0,"minecraft:jungle_planks":168,"minecraft:blue_dye":9,"minecraft:oak_boat":3,"minecraft:white_wool":3,"minecraft:gold_nugget":135,"minecraft:white_dye":43,"minecraft:anvil":6,"minecraft:torch":16,"minecraft:diamond_chestplate":1,"minecraft:firework_rocket":87},"minecraft:killed":{"minecraft:shulker":27,"minecraft:skeleton":96,"minecraft:guardian":16,"minecraft:chicken":10,"minecraft:magma_cube":29,"minecraft:elder_guardian":4,"minecraft:salmon":1,"minecraft:pillager":3,"minecraft:zombie":95,"minecraft:glow_squid":3,"minecraft:cow":25,"minecraft:evoker":1,"minecraft:vindicator":5,"minecraft:enderman":48,"minecraft:zombified_piglin":59,"minecraft:spider":18,"minecraft:piglin":1,"minecraft:pig":4,"minecraft:zombie_villager":3,"minecraft:creeper":57,"minecraft:sheep":1,"minecraft:ghast":2,"minecraft:blaze":5,"minecraft:vex":4,"minecraft:slime":1,"minecraft:phantom":63,"minecraft:drowned":2,"minecraft:squid":15,"minecraft:wither_skeleton":7},"minecraft:picked_up":{"minecraft:iron_chestplate":2,"minecraft:birch_door":1,"minecraft:chainmail_boots":1,"minecraft:anvil":6,"minecraft:prismarine_shard":23,"minecraft:smithing_table":1,"minecraft:lead":4,"minecraft:diamond_sword":1,"minecraft:enchanted_book":18,"minecraft:brewing_stand":2,"minecraft:blue_concrete":167,"minecraft:golden_sword":93,"minecraft:music_disc_cat":2,"minecraft:string":43,"minecraft:dark_oak_trapdoor":4,"minecraft:soul_soil":54,"minecraft:cooked_salmon":3,"minecraft:diamond_leggings":2,"minecraft:gold_nugget":1143,"minecraft:cobbled_deepslate":615,"minecraft:spruce_planks":35,"minecraft:written_book":11,"minecraft:melon_slice":102,"minecraft:purpur_pillar":7,"minecraft:golden_chestplate":1,"minecraft:lime_carpet":4,"minecraft:light_blue_wool":26,"minecraft:iron_block":3,"minecraft:bookshelf":3,"minecraft:end_rod":10,"minecraft:netherite_chestplate":7,"minecraft:blaze_rod":58,"minecraft:snowball":25,"minecraft:sponge":29,"minecraft:magma_block":1,"minecraft:feather":9,"minecraft:cooked_beef":190,"minecraft:water_bucket":3,"minecraft:medium_amethyst_bud":3,"minecraft:iron_door":2,"minecraft:birch_slab":1,"minecraft:jungle_log":72,"minecraft:brown_wool":1,"minecraft:dark_oak_boat":35,"minecraft:smoker":2,"minecraft:flint":65,"minecraft:netherite_leggings":5,"minecraft:chipped_anvil":1,"minecraft:large_amethyst_bud":3,"minecraft:diamond_helmet":2,"minecraft:glowstone_dust":80,"minecraft:moss_block":1,"minecraft:ink_sac":89,"minecraft:loom":3,"minecraft:dark_oak_log":131,"minecraft:barrel":9,"minecraft:polished_andesite":1,"minecraft:lever":13,"minecraft:writable_book":7,"minecraft:blue_ice":5,"minecraft:granite":33,"minecraft:spruce_button":1,"minecraft:chainmail_helmet":1,"minecraft:light_gray_carpet":3,"minecraft:diamond_pickaxe":12,"minecraft:crafting_table":42,"minecraft:nether_wart":627,"minecraft:clay_ball":84,"minecraft:dragon_head":3,"minecraft:purpur_block":7,"minecraft:elytra":6,"minecraft:flint_and_steel":3,"minecraft:netherite_scrap":6,"minecraft:white_stained_glass":2,"minecraft:white_carpet":9,"minecraft:iron_shovel":1,"minecraft:netherite_sword":8,"minecraft:music_disc_otherside":1,"minecraft:beef":22,"minecraft:cyan_wool":12,"minecraft:iron_nugget":47,"minecraft:poppy":53,"minecraft:spruce_slab":4,"minecraft:minecart":1,"minecraft:chest":12,"minecraft:quartz_stairs":16,"minecraft:piston":23,"minecraft:diamond_hoe":1,"minecraft:egg":14,"minecraft:lime_shulker_box":4,"minecraft:sandstone":55,"minecraft:stone":88,"minecraft:oak_door":11,"minecraft:spruce_fence":30,"minecraft:carrot":84,"minecraft:redstone":70,"minecraft:netherite_pickaxe":6,"minecraft:prismarine_crystals":47,"minecraft:jungle_sign":14,"minecraft:tnt":6,"minecraft:diamond_chestplate":2,"minecraft:cooked_cod":1,"minecraft:diamond_boots":2,"minecraft:shears":11,"minecraft:deepslate_bricks":1,"minecraft:hay_block":17,"minecraft:purpur_slab":3,"minecraft:warped_sign":1,"minecraft:gold_ingot":127,"minecraft:totem_of_undying":11,"minecraft:glow_berries":7,"minecraft:mutton":3,"minecraft:white_wool":225,"minecraft:rail":128,"minecraft:red_mushroom":2,"minecraft:oak_log":46,"minecraft:ancient_debris":14,"minecraft:jungle_button":2,"minecraft:golden_boots":4,"minecraft:paper":4,"minecraft:white_banner":7,"minecraft:apple":3,"minecraft:kelp":57,"minecraft:spore_blossom":1,"minecraft:glass_bottle":2,"minecraft:iron_sword":4,"minecraft:dark_oak_stairs":1,"minecraft:milk_bucket":2,"minecraft:sweet_berries":379,"minecraft:lime_concrete":173,"minecraft:spyglass":1,"minecraft:gravel":1500,"minecraft:spruce_sapling":16,"minecraft:spruce_log":198,"minecraft:crying_obsidian":5,"minecraft:sea_lantern":33,"minecraft:leather_helmet":2,"minecraft:firework_rocket":197,"minecraft:diamond_shovel":7,"minecraft:coal_ore":1,"minecraft:stone_axe":2,"minecraft:diamond_axe":1,"minecraft:birch_sign":2,"minecraft:gray_wool":4,"minecraft:oak_button":1,"minecraft:baked_potato":343,"minecraft:melon_seeds":3,"minecraft:stripped_dark_oak_log":2,"minecraft:ender_pearl":122,"minecraft:shulker_shell":39,"minecraft:wheat":60,"minecraft:light_blue_concrete":246,"minecraft:ender_chest":58,"minecraft:yellow_wool":24,"minecraft:potion":2,"minecraft:raw_copper":21,"minecraft:iron_leggings":1,"minecraft:netherite_ingot":1,"minecraft:pink_shulker_box":16,"minecraft:oak_sign":15,"minecraft:bucket":1,"minecraft:dark_oak_leaves":29,"minecraft:red_dye":11,"minecraft:rose_bush":2,"minecraft:iron_pickaxe":1,"minecraft:iron_boots":1,"minecraft:furnace":11,"minecraft:blue_wool":20,"minecraft:stick":165,"minecraft:oak_fence":4,"minecraft:torch":56,"minecraft:porkchop":10,"minecraft:dried_kelp":9,"minecraft:netherite_shovel":1,"minecraft:diorite":21,"minecraft:quartz_block":135,"minecraft:cactus":62,"minecraft:nether_gold_ore":2,"minecraft:rotten_flesh":884,"minecraft:obsidian":359,"minecraft:cod":6,"minecraft:cobblestone":547,"minecraft:leather_chestplate":1,"minecraft:magma_cream":4,"minecraft:andesite":27,"minecraft:golden_leggings":3,"minecraft:potato":324,"minecraft:tuff":69,"minecraft:prismarine_bricks":31,"minecraft:wither_skeleton_skull":1,"minecraft:dirt":307,"minecraft:lapis_lazuli":371,"minecraft:name_tag":2,"minecraft:leather_boots":1,"minecraft:glass":1,"minecraft:bone":198,"minecraft:bow":16,"minecraft:wheat_seeds":217,"minecraft:raw_gold":260,"minecraft:grindstone":2,"minecraft:netherite_axe":7,"minecraft:bamboo":258,"minecraft:prismarine":19,"minecraft:oak_planks":19,"minecraft:ghast_tear":6,"minecraft:cooked_porkchop":17,"minecraft:sand":1627,"minecraft:jungle_planks":50,"minecraft:grass_block":9,"minecraft:jungle_slab":9,"minecraft:spectral_arrow":2,"minecraft:shulker_box":41,"minecraft:dark_prismarine":20,"minecraft:diamond":139,"minecraft:spruce_boat":96,"minecraft:netherite_helmet":6,"minecraft:grass":2,"minecraft:golden_apple":8,"minecraft:white_concrete":350,"minecraft:spruce_sign":15,"minecraft:emerald":3,"minecraft:oak_sapling":1,"minecraft:netherrack":2661,"minecraft:end_stone_bricks":1,"minecraft:cocoa_beans":30,"minecraft:fishing_rod":1,"minecraft:charcoal":6,"minecraft:chicken":9,"minecraft:ladder":3,"minecraft:stone_brick_wall":8,"minecraft:brown_mushroom":39,"minecraft:packed_ice":1829,"minecraft:wooden_pickaxe":1,"minecraft:pink_wool":4,"minecraft:gold_block":10,"minecraft:shield":7,"minecraft:iron_axe":1,"minecraft:item_frame":5,"minecraft:quartz_slab":47,"minecraft:mycelium":22,"minecraft:blackstone":1135,"minecraft:oak_boat":58,"minecraft:player_head":61,"minecraft:light_gray_wool":3,"minecraft:lectern":4,"minecraft:blue_shulker_box":38,"minecraft:sugar_cane":115,"minecraft:phantom_membrane":71,"minecraft:spruce_trapdoor":1,"minecraft:dark_oak_sapling":17,"minecraft:lime_wool":40,"minecraft:end_stone":1846,"minecraft:raw_iron":455,"minecraft:trident":8,"minecraft:stone_pressure_plate":1,"minecraft:dark_oak_planks":59,"minecraft:arrow":189,"minecraft:red_shulker_box":4,"minecraft:jungle_stairs":3,"minecraft:nether_bricks":82,"minecraft:saddle":2,"minecraft:glistering_melon_slice":14,"minecraft:wet_sponge":33,"minecraft:netherite_boots":6,"minecraft:jungle_boat":2,"minecraft:basalt":9,"minecraft:golden_carrot":70,"minecraft:glow_ink_sac":16,"minecraft:salmon":3,"minecraft:leather":66,"minecraft:birch_planks":11,"minecraft:ice":36,"minecraft:mushroom_stew":1,"minecraft:chainmail_chestplate":1,"minecraft:yellow_bed":6,"minecraft:gunpowder":108,"minecraft:cooked_mutton":2,"minecraft:red_carpet":38,"minecraft:gray_carpet":4,"minecraft:iron_ingot":39,"minecraft:cooked_chicken":30,"minecraft:soul_sand":109,"minecraft:book":486,"minecraft:scaffolding":1,"minecraft:warped_fungus":1,"minecraft:nether_quartz_ore":34,"minecraft:emerald_block":3,"minecraft:pumpkin":21,"minecraft:stone_brick_slab":66,"minecraft:quartz":45,"minecraft:dandelion":1,"minecraft:amethyst_shard":9,"minecraft:white_bed":11,"minecraft:mossy_stone_brick_slab":1,"minecraft:spider_eye":23,"minecraft:light_blue_concrete_powder":1,"minecraft:cyan_banner":3,"minecraft:chainmail_leggings":1,"minecraft:iron_helmet":1,"minecraft:terracotta":1,"minecraft:damaged_anvil":1,"minecraft:red_concrete":44,"minecraft:coal":425},"minecraft:dropped":{"minecraft:iron_sword":1,"minecraft:glow_ink_sac":1,"minecraft:cooked_beef":53,"minecraft:glass_bottle":2,"minecraft:diamond":93,"minecraft:crafting_table":5,"minecraft:elytra":4,"minecraft:rail":128,"minecraft:leather_helmet":2,"minecraft:red_carpet":38,"minecraft:red_shulker_box":1,"minecraft:dirt":43,"minecraft:grass":2,"minecraft:dark_oak_trapdoor":1,"minecraft:netherite_boots":4,"minecraft:writable_book":3,"minecraft:gold_nugget":89,"minecraft:sand":28,"minecraft:phantom_membrane":43,"minecraft:iron_pickaxe":4,"minecraft:dark_oak_planks":3,"minecraft:white_wool":51,"minecraft:bone":89,"minecraft:stone_axe":1,"minecraft:sugar_cane":1,"minecraft:lever":1,"minecraft:iron_nugget":2,"minecraft:cooked_chicken":24,"minecraft:golden_chestplate":1,"minecraft:cobbled_deepslate":171,"minecraft:wheat":7,"minecraft:netherite_sword":5,"minecraft:obsidian":12,"minecraft:blue_wool":20,"minecraft:stripped_dark_oak_log":1,"minecraft:rotten_flesh":813,"minecraft:oak_planks":13,"minecraft:light_gray_carpet":3,"minecraft:blaze_powder":2,"minecraft:white_bed":1,"minecraft:jungle_log":8,"minecraft:leather_boots":1,"minecraft:ladder":1,"minecraft:end_stone_bricks":1,"minecraft:ghast_tear":4,"minecraft:enchanted_book":10,"minecraft:golden_boots":3,"minecraft:iron_ingot":8,"minecraft:netherite_pickaxe":1,"minecraft:wheat_seeds":57,"minecraft:netherite_helmet":4,"minecraft:netherite_chestplate":5,"minecraft:feather":2,"minecraft:oak_fence":4,"minecraft:purpur_slab":3,"minecraft:book":246,"minecraft:iron_helmet":2,"minecraft:cobblestone":57,"minecraft:granite":12,"minecraft:coal":49,"minecraft:mushroom_stew":1,"minecraft:chainmail_helmet":1,"minecraft:golden_apple":1,"minecraft:polished_andesite":1,"minecraft:gray_wool":1,"minecraft:ink_sac":44,"minecraft:golden_carrot":14,"minecraft:wooden_axe":1,"minecraft:diamond_helmet":4,"minecraft:cooked_salmon":2,"minecraft:lime_carpet":4,"minecraft:potion":1,"minecraft:dried_kelp":9,"minecraft:white_banner":11,"minecraft:golden_hoe":1,"minecraft:jungle_boat":1,"minecraft:red_dye":9,"minecraft:iron_shovel":1,"minecraft:chainmail_leggings":1,"minecraft:string":29,"minecraft:spruce_sapling":7,"minecraft:purpur_pillar":6,"minecraft:furnace":1,"minecraft:soul_soil":48,"minecraft:player_head":10,"minecraft:cocoa_beans":6,"minecraft:bowl":1,"minecraft:stone_shovel":1,"minecraft:chicken":3,"minecraft:white_carpet":9,"minecraft:clay_ball":68,"minecraft:iron_boots":1,"minecraft:name_tag":1,"minecraft:nether_bricks":11,"minecraft:shears":7,"minecraft:diamond_sword":1,"minecraft:potato":1,"minecraft:cyan_wool":12,"minecraft:spruce_boat":1,"minecraft:spruce_trapdoor":1,"minecraft:spruce_planks":2,"minecraft:diamond_pickaxe":12,"minecraft:pink_shulker_box":1,"minecraft:stone_pressure_plate":1,"minecraft:stone_bricks":64,"minecraft:spider_eye":19,"minecraft:sandstone":3,"minecraft:bow":11,"minecraft:magma_block":1,"minecraft:dark_prismarine":9,"minecraft:blue_shulker_box":1,"minecraft:spruce_sign":2,"minecraft:birch_planks":11,"minecraft:soul_sand":51,"minecraft:moss_block":1,"minecraft:dark_oak_stairs":1,"minecraft:diamond_axe":1,"minecraft:warped_fungus":1,"minecraft:baked_potato":127,"minecraft:ender_pearl":23,"minecraft:lime_shulker_box":1,"minecraft:jungle_planks":5,"minecraft:birch_slab":1,"minecraft:cod":6,"minecraft:flint":28,"minecraft:packed_ice":4,"minecraft:ice":5,"minecraft:jungle_button":1,"minecraft:cooked_cod":1,"minecraft:snowball":4,"minecraft:amethyst_shard":1,"minecraft:gold_ingot":66,"minecraft:gravel":40,"minecraft:purpur_block":3,"minecraft:blackstone":671,"minecraft:music_disc_otherside":1,"minecraft:diamond_shovel":5,"minecraft:prismarine":7,"minecraft:mycelium":3,"minecraft:carrot":2,"minecraft:chainmail_chestplate":1,"minecraft:poppy":1,"minecraft:leather_chestplate":1,"minecraft:trident":5,"minecraft:gunpowder":9,"minecraft:chainmail_boots":1,"minecraft:basalt":3,"minecraft:arrow":34,"minecraft:prismarine_bricks":10,"minecraft:scaffolding":1,"minecraft:quartz":65,"minecraft:written_book":4,"minecraft:netherrack":1414,"minecraft:firework_rocket":171,"minecraft:water_bucket":1,"minecraft:bread":18,"minecraft:golden_helmet":1,"minecraft:diamond_leggings":2,"minecraft:netherite_axe":4,"minecraft:prismarine_shard":1,"minecraft:grass_block":3,"minecraft:stick":19,"minecraft:diorite":12,"minecraft:nether_gold_ore":2,"minecraft:torch":1,"minecraft:light_blue_wool":26,"minecraft:melon_slice":3,"minecraft:fire_charge":1,"minecraft:iron_leggings":3,"minecraft:bucket":1,"minecraft:redstone":7,"minecraft:red_concrete":1,"minecraft:anvil":1,"minecraft:kelp":15,"minecraft:sweet_berries":22,"minecraft:ender_chest":2,"minecraft:nether_wart":41,"minecraft:blaze_rod":54,"minecraft:raw_copper":21,"minecraft:tuff":64,"minecraft:wither_skeleton_skull":1,"minecraft:light_gray_wool":3,"minecraft:totem_of_undying":10,"minecraft:shulker_box":1,"minecraft:flint_and_steel":1,"minecraft:netherite_leggings":4,"minecraft:deepslate_bricks":1,"minecraft:filled_map":1,"minecraft:shield":6,"minecraft:diamond_chestplate":1,"minecraft:iron_chestplate":3,"minecraft:andesite":27,"minecraft:golden_leggings":3,"minecraft:oak_boat":1,"minecraft:golden_sword":39,"minecraft:spruce_log":2,"minecraft:diamond_boots":1,"minecraft:nether_quartz_ore":34,"minecraft:magma_cream":3}},"DataVersion":2865}