{"stats":{"minecraft:killed_by":{"minecraft:creeper":4,"minecraft:piglin":1,"minecraft:player":9,"minecraft:enderman":1,"minecraft:hoglin":1,"minecraft:skeleton":1},"minecraft:broken":{"minecraft:iron_shovel":36,"minecraft:wooden_shovel":1,"minecraft:iron_boots":3,"minecraft:iron_chestplate":1,"minecraft:iron_leggings":2,"minecraft:stone_pickaxe":1,"minecraft:diamond_shovel":2,"minecraft:stone_axe":1,"minecraft:iron_sword":3,"minecraft:iron_axe":7,"minecraft:iron_pickaxe":20,"minecraft:iron_helmet":2},"minecraft:mined":{"minecraft:white_bed":6,"minecraft:jungle_leaves":8,"minecraft:obsidian":26,"minecraft:granite":216,"minecraft:red_sand":1,"minecraft:grass_block":2003,"minecraft:jungle_log":88,"minecraft:deepslate_bricks":1,"minecraft:crimson_fungus":2,"minecraft:tall_seagrass":1,"minecraft:weeping_vines_plant":3,"minecraft:magma_block":13,"minecraft:iron_ore":472,"minecraft:cobbled_deepslate":104,"minecraft:fire":1,"minecraft:pumpkin":30,"minecraft:deepslate_lapis_ore":56,"minecraft:red_tulip":2,"minecraft:dirt_path":23,"minecraft:pink_tulip":1,"minecraft:deepslate_redstone_ore":114,"minecraft:cut_sandstone":2,"minecraft:blackstone":6,"minecraft:crimson_nylium":1,"minecraft:orange_terracotta":124,"minecraft:powder_snow":3,"minecraft:clay":1,"minecraft:torch":48,"minecraft:poppy":4,"minecraft:melon":121,"minecraft:chest":8,"minecraft:dead_bush":5,"minecraft:mushroom_stem":3,"minecraft:nether_quartz_ore":16,"minecraft:glass":3,"minecraft:cobblestone":35,"minecraft:sugar_cane":28,"minecraft:oak_planks":30,"minecraft:wall_torch":33,"minecraft:blue_terracotta":1,"minecraft:nether_wart_block":56,"minecraft:birch_log":108,"minecraft:wheat":113,"minecraft:pumpkin_stem":1,"minecraft:tnt":16,"minecraft:stone_brick_stairs":9,"minecraft:grass":530,"minecraft:oak_log":1140,"minecraft:beetroots":130,"minecraft:oak_fence_gate":3,"minecraft:sand":9353,"minecraft:birch_button":2,"minecraft:dirt":1315,"minecraft:tripwire_hook":1,"minecraft:red_mushroom_block":44,"minecraft:netherrack":19,"minecraft:piston":1,"minecraft:oak_leaves":169,"minecraft:deepslate":2524,"minecraft:tuff":223,"minecraft:dark_oak_leaves":3,"minecraft:deepslate_diamond_ore":18,"minecraft:oak_door":9,"minecraft:shulker_box":2,"minecraft:ladder":2,"minecraft:glow_lichen":3,"minecraft:jungle_planks":1,"minecraft:crimson_roots":12,"minecraft:weeping_vines":2,"minecraft:brown_mushroom_block":31,"minecraft:sandstone":12,"minecraft:crimson_stem":274,"minecraft:deepslate_brick_slab":2,"minecraft:redstone_ore":14,"minecraft:oak_trapdoor":3,"minecraft:furnace":1,"minecraft:carrots":118,"minecraft:chiseled_sandstone":1,"minecraft:andesite":96,"minecraft:peony":11,"minecraft:potatoes":95,"minecraft:shroomlight":8,"minecraft:deepslate_iron_ore":96,"minecraft:vine":60,"minecraft:bamboo":4,"minecraft:white_tulip":1,"minecraft:stone":854,"minecraft:birch_pressure_plate":5,"minecraft:glass_pane":1,"minecraft:red_wool":1,"minecraft:comparator":9,"minecraft:soul_sand":68,"minecraft:stone_brick_slab":80,"minecraft:observer":16,"minecraft:oak_fence":15,"minecraft:crafting_table":6,"minecraft:cornflower":3,"minecraft:emerald_ore":1,"minecraft:rose_bush":17,"minecraft:copper_ore":241,"minecraft:tall_grass":81,"minecraft:deepslate_coal_ore":1,"minecraft:deepslate_gold_ore":65,"minecraft:lapis_ore":24,"minecraft:diorite":20,"minecraft:blue_bed":1,"minecraft:birch_planks":17,"minecraft:cactus":2,"minecraft:birch_leaves":6,"minecraft:yellow_bed":4,"minecraft:coal_ore":673,"minecraft:gravel":27,"minecraft:terracotta":128,"minecraft:acacia_planks":4,"minecraft:stone_bricks":94,"minecraft:crimson_fence":21,"minecraft:gold_ore":24,"minecraft:acacia_wall_sign":1,"minecraft:fern":3},"minecraft:used":{"minecraft:beetroot":1,"minecraft:nether_brick_fence":19,"minecraft:iron_shovel":9150,"minecraft:ladder":11,"minecraft:chest":69,"minecraft:stone":4,"minecraft:iron_sword":1432,"minecraft:rotten_flesh":5,"minecraft:iron_chestplate":1,"minecraft:soul_sand":5,"minecraft:birch_pressure_plate":6,"minecraft:jungle_planks":59,"minecraft:carrot":166,"minecraft:deepslate_brick_slab":3,"minecraft:acacia_sapling":1,"minecraft:tuff":109,"minecraft:glass":185,"minecraft:red_wool":1,"minecraft:grass_block":3,"minecraft:stone_brick_stairs":7,"minecraft:stone_bricks":240,"minecraft:birch_button":1,"minecraft:magma_block":4,"minecraft:bow":1,"minecraft:furnace":13,"minecraft:beetroot_seeds":129,"minecraft:egg":4,"minecraft:potato":118,"minecraft:diorite":16,"minecraft:stone_pickaxe":198,"minecraft:oak_planks":108,"minecraft:wooden_pickaxe":25,"minecraft:sandstone":11,"minecraft:sugar_cane":9,"minecraft:cookie":17,"minecraft:sand":22,"minecraft:mushroom_stew":2,"minecraft:lever":2,"minecraft:firework_rocket":5,"minecraft:chiseled_sandstone":1,"minecraft:bread":2,"minecraft:melon_slice":311,"minecraft:polished_granite":91,"minecraft:gravel":3,"minecraft:nether_wart_block":1,"minecraft:diamond_sword":134,"minecraft:andesite":25,"minecraft:birch_log":2,"minecraft:oak_boat":2,"minecraft:oak_fence":375,"minecraft:oak_trapdoor":3,"minecraft:enchanting_table":1,"minecraft:stone_sword":74,"minecraft:flint_and_steel":1,"minecraft:wooden_shovel":63,"minecraft:stone_hoe":118,"minecraft:netherrack":8,"minecraft:oak_door":12,"minecraft:torch":256,"minecraft:anvil":1,"minecraft:dirt":3203,"minecraft:shulker_box":2,"minecraft:granite":5,"minecraft:oak_fence_gate":11,"minecraft:stone_brick_slab":264,"minecraft:wooden_axe":1,"minecraft:iron_axe":2101,"minecraft:jungle_log":3,"minecraft:iron_boots":1,"minecraft:crimson_planks":297,"minecraft:melon_seeds":8,"minecraft:tripwire_hook":1,"minecraft:netherite_pickaxe":174,"minecraft:minecart":2,"minecraft:acacia_planks":2,"minecraft:cobbled_deepslate":402,"minecraft:orange_terracotta":1,"minecraft:pumpkin":2,"minecraft:iron_leggings":1,"minecraft:wheat_seeds":105,"minecraft:water_bucket":41,"minecraft:birch_planks":39,"minecraft:baked_potato":69,"minecraft:cut_sandstone":2,"minecraft:deepslate_bricks":6,"minecraft:comparator":1,"minecraft:tnt":8,"minecraft:crafting_table":25,"minecraft:crimson_trapdoor":1,"minecraft:white_bed":6,"minecraft:oak_log":199,"minecraft:apple":1,"minecraft:piston":3,"minecraft:diamond_pickaxe":546,"minecraft:diamond_shovel":3124,"minecraft:acacia_sign":2,"minecraft:iron_pickaxe":5549,"minecraft:stone_axe":133,"minecraft:cobblestone":327,"minecraft:cooked_porkchop":191,"minecraft:bucket":45,"minecraft:yellow_bed":5},"minecraft:custom":{"minecraft:animals_bred":17,"minecraft:interact_with_crafting_table":200,"minecraft:open_barrel":26,"minecraft:open_shulker_box":15,"minecraft:bell_ring":94,"minecraft:leave_game":41,"minecraft:time_since_death":58580,"minecraft:sprint_one_cm":4286712,"minecraft:drop":446,"minecraft:talked_to_villager":46,"minecraft:play_time":2239277,"minecraft:deaths":21,"minecraft:jump":33686,"minecraft:walk_on_water_one_cm":184748,"minecraft:enchant_item":10,"minecraft:interact_with_furnace":460,"minecraft:sleep_in_bed":48,"minecraft:open_enderchest":13,"minecraft:damage_dealt":75374,"minecraft:interact_with_beacon":1,"minecraft:player_kills":2,"minecraft:crouch_one_cm":940737,"minecraft:mob_kills":1381,"minecraft:interact_with_anvil":14,"minecraft:climb_one_cm":163270,"minecraft:walk_one_cm":7617365,"minecraft:sneak_time":218866,"minecraft:walk_under_water_one_cm":313022,"minecraft:boat_one_cm":341675,"minecraft:interact_with_blast_furnace":1,"minecraft:total_world_time":2239277,"minecraft:interact_with_grindstone":2,"minecraft:time_since_rest":58600,"minecraft:damage_taken":25213,"minecraft:minecart_one_cm":6908,"minecraft:swim_one_cm":280618,"minecraft:fly_one_cm":7955641,"minecraft:open_chest":1303,"minecraft:aviate_one_cm":82474,"minecraft:fall_one_cm":944807},"minecraft:crafted":{"minecraft:oak_planks":1784,"minecraft:cooked_chicken":1,"minecraft:stone":393,"minecraft:lever":2,"minecraft:diamond_shovel":2,"minecraft:nether_brick":5,"minecraft:glass":283,"minecraft:hopper":16,"minecraft:stone_brick_slab":258,"minecraft:iron_boots":5,"minecraft:melon_seeds":8,"minecraft:chest":88,"minecraft:stone_hoe":1,"minecraft:stone_bricks":512,"minecraft:oak_fence":495,"minecraft:oak_slab":12,"minecraft:wooden_shovel":1,"minecraft:cooked_porkchop":9,"minecraft:crafting_table":19,"minecraft:wooden_pickaxe":1,"minecraft:baked_potato":18,"minecraft:iron_helmet":5,"minecraft:birch_pressure_plate":1,"minecraft:copper_ingot":640,"minecraft:birch_planks":112,"minecraft:stone_brick_stairs":80,"minecraft:iron_chestplate":6,"minecraft:book":1,"minecraft:paper":3,"minecraft:diamond_pickaxe":1,"minecraft:stick":704,"minecraft:iron_ingot":578,"minecraft:iron_pickaxe":29,"minecraft:iron_block":3,"minecraft:stone_sword":1,"minecraft:gold_ingot":104,"minecraft:wooden_sword":1,"minecraft:oak_door":6,"minecraft:furnace":12,"minecraft:piston":2,"minecraft:mushroom_stew":2,"minecraft:bone_meal":90,"minecraft:oak_trapdoor":18,"minecraft:iron_axe":10,"minecraft:ladder":21,"minecraft:stone_pickaxe":2,"minecraft:lead":2,"minecraft:crimson_planks":800,"minecraft:enchanting_table":1,"minecraft:iron_sword":7,"minecraft:bowl":4,"minecraft:polished_granite":148,"minecraft:bucket":5,"minecraft:stone_axe":2,"minecraft:air":0,"minecraft:jungle_planks":248,"minecraft:oak_fence_gate":8,"minecraft:crimson_stairs":232,"minecraft:oak_boat":1,"minecraft:wooden_axe":1,"minecraft:iron_shovel":36,"minecraft:iron_leggings":5,"minecraft:anvil":1,"minecraft:torch":192},"minecraft:killed":{"minecraft:witch":1,"minecraft:spider":115,"minecraft:skeleton":73,"minecraft:skeleton_horse":4,"minecraft:piglin":13,"minecraft:parrot":1,"minecraft:zombie_villager":3,"minecraft:creeper":31,"minecraft:sheep":3,"minecraft:zombie":92,"minecraft:cow":6,"minecraft:slime":18,"minecraft:husk":17,"minecraft:bat":1,"minecraft:hoglin":3,"minecraft:enderman":5},"minecraft:picked_up":{"minecraft:iron_chestplate":19,"minecraft:wheat":125,"minecraft:nether_brick_fence":6,"minecraft:diamond_sword":3,"minecraft:birch_button":2,"minecraft:nether_brick":30,"minecraft:stone_brick_stairs":9,"minecraft:string":131,"minecraft:dark_oak_trapdoor":16,"minecraft:raw_copper":1326,"minecraft:smooth_stone_slab":24,"minecraft:iron_leggings":18,"minecraft:shroomlight":7,"minecraft:oak_sign":1,"minecraft:beetroot":121,"minecraft:red_sand":1,"minecraft:crimson_fence":22,"minecraft:cobbled_deepslate":2614,"minecraft:comparator":4,"minecraft:bucket":1,"minecraft:acacia_sign":1,"minecraft:white_tulip":8,"minecraft:rose_bush":17,"minecraft:iron_pickaxe":36,"minecraft:melon_slice":645,"minecraft:iron_boots":28,"minecraft:furnace":3,"minecraft:golden_helmet":2,"minecraft:stick":70,"minecraft:oak_fence":14,"minecraft:torch":321,"minecraft:porkchop":8,"minecraft:diorite":45,"minecraft:cactus":3,"minecraft:rotten_flesh":110,"minecraft:red_tulip":9,"minecraft:obsidian":34,"minecraft:cod":1,"minecraft:cobblestone":1184,"minecraft:birch_log":109,"minecraft:magma_block":13,"minecraft:feather":2,"minecraft:lilac":3,"minecraft:jungle_log":101,"minecraft:andesite":117,"minecraft:potato":441,"minecraft:flint":4,"minecraft:tuff":216,"minecraft:dirt":4081,"minecraft:lapis_lazuli":732,"minecraft:leather_boots":1,"minecraft:bone":87,"minecraft:acacia_planks":2,"minecraft:bow":7,"minecraft:wheat_seeds":383,"minecraft:orange_tulip":14,"minecraft:deepslate_brick_slab":3,"minecraft:raw_gold":111,"minecraft:bamboo":10,"minecraft:oak_planks":32,"minecraft:cooked_porkchop":584,"minecraft:music_disc_13":1,"minecraft:poisonous_potato":4,"minecraft:sand":10187,"minecraft:jungle_planks":9,"minecraft:grass_block":3,"minecraft:shulker_box":5,"minecraft:spectral_arrow":32,"minecraft:chiseled_sandstone":1,"minecraft:blue_terracotta":1,"minecraft:diamond":29,"minecraft:lever":7,"minecraft:granite":225,"minecraft:emerald":1,"minecraft:bread":68,"minecraft:oak_sapling":43,"minecraft:netherrack":280,"minecraft:dark_oak_fence":9,"minecraft:crimson_roots":19,"minecraft:diamond_pickaxe":4,"minecraft:fishing_rod":1,"minecraft:cocoa_beans":12,"minecraft:crafting_table":9,"minecraft:azure_bluet":4,"minecraft:splash_potion":1,"minecraft:ladder":86,"minecraft:clay_ball":4,"minecraft:brown_mushroom":32,"minecraft:crimson_trapdoor":1,"minecraft:shield":2,"minecraft:cornflower":3,"minecraft:oak_trapdoor":9,"minecraft:iron_axe":15,"minecraft:wooden_sword":2,"minecraft:flint_and_steel":1,"minecraft:item_frame":1,"minecraft:iron_shovel":10,"minecraft:blackstone":41,"minecraft:beef":18,"minecraft:oak_boat":2,"minecraft:player_head":12,"minecraft:observer":24,"minecraft:poppy":4,"minecraft:minecart":2,"minecraft:chest":24,"minecraft:sugar_cane":65,"minecraft:birch_sapling":6,"minecraft:piston":12,"minecraft:egg":4,"minecraft:raw_iron":844,"minecraft:sandstone":12,"minecraft:stone":120,"minecraft:oak_door":13,"minecraft:bowl":1,"minecraft:fire_charge":2,"minecraft:cookie":45,"minecraft:carrot":611,"minecraft:redstone":617,"minecraft:netherite_pickaxe":2,"minecraft:dark_oak_planks":2,"minecraft:tnt":40,"minecraft:arrow":77,"minecraft:weeping_vines":7,"minecraft:beetroot_seeds":347,"minecraft:peony":11,"minecraft:deepslate_bricks":6,"minecraft:pink_tulip":4,"minecraft:gold_ingot":8,"minecraft:mutton":1,"minecraft:tripwire_hook":1,"minecraft:glow_ink_sac":2,"minecraft:crimson_stem":265,"minecraft:cut_sandstone":2,"minecraft:leather":18,"minecraft:red_mushroom":21,"minecraft:birch_planks":16,"minecraft:crimson_fungus":1,"minecraft:oak_log":1140,"minecraft:nether_wart_block":79,"minecraft:golden_boots":1,"minecraft:yellow_bed":8,"minecraft:gunpowder":36,"minecraft:orange_terracotta":123,"minecraft:birch_pressure_plate":5,"minecraft:stone_bricks":91,"minecraft:apple":3,"minecraft:kelp":40,"minecraft:oak_fence_gate":3,"minecraft:iron_ingot":55,"minecraft:glass_bottle":6,"minecraft:soul_sand":81,"minecraft:iron_sword":17,"minecraft:acacia_sapling":1,"minecraft:pumpkin":44,"minecraft:sweet_berries":36,"minecraft:stone_brick_slab":86,"minecraft:red_wool":1,"minecraft:quartz":37,"minecraft:dandelion":2,"minecraft:gravel":76,"minecraft:lava_bucket":1,"minecraft:white_bed":9,"minecraft:crying_obsidian":3,"minecraft:spider_eye":8,"minecraft:leather_helmet":1,"minecraft:firework_rocket":34,"minecraft:diamond_shovel":3,"minecraft:slime_ball":15,"minecraft:stone_axe":1,"minecraft:iron_helmet":13,"minecraft:terracotta":132,"minecraft:baked_potato":14,"minecraft:black_wool":2,"minecraft:melon_seeds":2,"minecraft:coal":960,"minecraft:ender_pearl":11},"minecraft:dropped":{"minecraft:iron_sword":2,"minecraft:piston":1,"minecraft:brown_mushroom":1,"minecraft:porkchop":8,"minecraft:oak_log":4,"minecraft:ender_pearl":4,"minecraft:diamond":11,"minecraft:cooked_porkchop":8,"minecraft:weeping_vines":4,"minecraft:orange_tulip":6,"minecraft:leather":1,"minecraft:jungle_planks":15,"minecraft:iron_horse_armor":1,"minecraft:elytra":1,"minecraft:dirt":42,"minecraft:cornflower":3,"minecraft:crimson_roots":6,"minecraft:wooden_sword":2,"minecraft:bone_meal":24,"minecraft:sand":73,"minecraft:iron_pickaxe":6,"minecraft:gold_ingot":58,"minecraft:bone":23,"minecraft:white_tulip":4,"minecraft:cooked_chicken":1,"minecraft:birch_sapling":2,"minecraft:obsidian":18,"minecraft:rotten_flesh":32,"minecraft:nether_brick_fence":6,"minecraft:azure_bluet":4,"minecraft:white_bed":1,"minecraft:carrot":98,"minecraft:gunpowder":9,"minecraft:melon_seeds":1,"minecraft:hopper":8,"minecraft:chest":6,"minecraft:arrow":17,"minecraft:glass":4,"minecraft:crying_obsidian":1,"minecraft:netherrack":37,"minecraft:crimson_planks":64,"minecraft:firework_rocket":29,"minecraft:iron_ingot":1,"minecraft:golden_boots":1,"minecraft:netherite_pickaxe":2,"minecraft:wheat_seeds":4,"minecraft:golden_helmet":1,"minecraft:lilac":3,"minecraft:tnt":9,"minecraft:feather":1,"minecraft:cobblestone":115,"minecraft:iron_helmet":4,"minecraft:spectral_arrow":10,"minecraft:granite":3,"minecraft:coal":172,"minecraft:stick":22,"minecraft:lava_bucket":1,"minecraft:diamond_horse_armor":1,"minecraft:crimson_stairs":232,"minecraft:diorite":1,"minecraft:rose_bush":2,"minecraft:melon_slice":25,"minecraft:iron_leggings":5,"minecraft:pumpkin":2,"minecraft:iron_axe":2,"minecraft:cactus":3,"minecraft:string":11,"minecraft:redstone":3,"minecraft:pink_tulip":4,"minecraft:blue_terracotta":1,"minecraft:sweet_berries":36,"minecraft:cocoa_beans":9,"minecraft:bowl":2,"minecraft:clay_ball":4,"minecraft:iron_boots":8,"minecraft:comparator":3,"minecraft:shulker_box":1,"minecraft:diamond_sword":2,"minecraft:potato":13,"minecraft:diamond_pickaxe":3,"minecraft:iron_chestplate":6,"minecraft:andesite":4,"minecraft:yellow_bed":2,"minecraft:oak_sapling":9,"minecraft:stone_bricks":1,"minecraft:spider_eye":3,"minecraft:sandstone":1,"minecraft:bow":1,"minecraft:red_tulip":9}},"DataVersion":2865}