{"stats":{"minecraft:killed":{"minecraft:zombified_piglin":4,"minecraft:witch":1,"minecraft:spider":45,"minecraft:cod":3,"minecraft:shulker":3,"minecraft:skeleton":40,"minecraft:guardian":58,"minecraft:chicken":72,"minecraft:magma_cube":50,"minecraft:piglin":4,"minecraft:pig":13,"minecraft:elder_guardian":2,"minecraft:salmon":9,"minecraft:creeper":246,"minecraft:sheep":96,"minecraft:trader_llama":1,"minecraft:zombie":61,"minecraft:mooshroom":1,"minecraft:stray":1,"minecraft:blaze":14,"minecraft:cow":25,"minecraft:slime":33,"minecraft:phantom":13,"minecraft:drowned":12,"minecraft:hoglin":2,"minecraft:squid":4,"minecraft:wither_skeleton":1,"minecraft:enderman":677},"minecraft:killed_by":{"minecraft:creeper":1,"minecraft:witch":1,"minecraft:elder_guardian":1,"minecraft:player":1,"minecraft:skeleton":4,"minecraft:guardian":5},"minecraft:mined":{"minecraft:dark_oak_planks":1,"minecraft:red_shulker_box":10,"minecraft:oak_sapling":6,"minecraft:farmland":1,"minecraft:jungle_leaves":76,"minecraft:obsidian":1,"minecraft:granite":251,"minecraft:grass_block":116,"minecraft:jungle_log":25,"minecraft:white_concrete":69,"minecraft:oak_pressure_plate":1,"minecraft:deepslate_bricks":5,"minecraft:soul_soil":4,"minecraft:frosted_ice":2,"minecraft:hopper":6,"minecraft:oak_wall_sign":4,"minecraft:gilded_blackstone":1,"minecraft:polished_blackstone_bricks":2,"minecraft:tall_seagrass":613,"minecraft:magma_block":98,"minecraft:barrel":1,"minecraft:iron_ore":105,"minecraft:cobbled_deepslate":502,"minecraft:sticky_piston":2,"minecraft:fire":38,"minecraft:pumpkin":12,"minecraft:deepslate_lapis_ore":17,"minecraft:azure_bluet":1,"minecraft:oak_sign":1,"minecraft:dirt_path":4,"minecraft:oak_stairs":21,"minecraft:jungle_pressure_plate":4,"minecraft:player_head":1,"minecraft:tripwire":3,"minecraft:jungle_trapdoor":3,"minecraft:deepslate_redstone_ore":33,"minecraft:blackstone":2,"minecraft:kelp_plant":907,"minecraft:soul_fire":2,"minecraft:amethyst_cluster":2,"minecraft:torch":3440,"minecraft:melon":5,"minecraft:chest":9,"minecraft:mushroom_stem":1,"minecraft:nether_quartz_ore":381,"minecraft:cobblestone":753,"minecraft:sugar_cane":35,"minecraft:prismarine":212,"minecraft:oak_planks":12,"minecraft:wall_torch":165,"minecraft:seagrass":119,"minecraft:nether_wart_block":2,"minecraft:birch_log":7,"minecraft:wheat":620,"minecraft:stone_brick_stairs":1,"minecraft:grass":581,"minecraft:oak_log":231,"minecraft:sand":7117,"minecraft:dirt":717,"minecraft:smooth_basalt":2,"minecraft:netherrack":374,"minecraft:oak_leaves":122,"minecraft:deepslate":1185,"minecraft:nether_gold_ore":8,"minecraft:dark_prismarine":49,"minecraft:tuff":55,"minecraft:red_carpet":6,"minecraft:deepslate_diamond_ore":15,"minecraft:oak_door":25,"minecraft:sea_lantern":12,"minecraft:shulker_box":2,"minecraft:cobbled_deepslate_slab":22,"minecraft:spruce_fence":2,"minecraft:crimson_roots":2,"minecraft:spruce_leaves":4,"minecraft:kelp":1077,"minecraft:cartography_table":2,"minecraft:oak_trapdoor":249,"minecraft:furnace":4,"minecraft:carrots":1,"minecraft:andesite":34,"minecraft:gold_block":8,"minecraft:potatoes":209,"minecraft:cobblestone_slab":157,"minecraft:deepslate_iron_ore":135,"minecraft:vine":4,"minecraft:rail":6,"minecraft:lantern":14,"minecraft:wet_sponge":4705,"minecraft:chorus_plant":2,"minecraft:bamboo":41,"minecraft:stone":1429,"minecraft:bone_block":86,"minecraft:white_wool":1,"minecraft:oak_slab":2,"minecraft:scaffolding":4,"minecraft:redstone_block":2,"minecraft:red_wool":49,"minecraft:soul_sand":4,"minecraft:magenta_stained_glass":8,"minecraft:lily_of_the_valley":1,"minecraft:stone_brick_slab":6,"minecraft:observer":1,"minecraft:oak_fence":16,"minecraft:crafting_table":11,"minecraft:sponge":3575,"minecraft:stone_slab":105,"minecraft:tall_grass":24,"minecraft:copper_ore":35,"minecraft:deepslate_gold_ore":53,"minecraft:lapis_ore":6,"minecraft:red_concrete":62,"minecraft:diorite":45,"minecraft:prismarine_bricks":152,"minecraft:purple_bed":1,"minecraft:ice":50,"minecraft:white_carpet":53,"minecraft:spruce_log":9,"minecraft:birch_leaves":3,"minecraft:coal_ore":392,"minecraft:mycelium":47,"minecraft:gravel":284,"minecraft:gold_ore":10,"minecraft:iron_trapdoor":4,"minecraft:fern":2},"minecraft:custom":{"minecraft:animals_bred":223,"minecraft:interact_with_crafting_table":104,"minecraft:open_barrel":58,"minecraft:open_shulker_box":76,"minecraft:bell_ring":4,"minecraft:leave_game":138,"minecraft:time_since_death":345402,"minecraft:damage_resisted":36,"minecraft:sprint_one_cm":8467121,"minecraft:drop":479,"minecraft:talked_to_villager":14,"minecraft:play_time":5384781,"minecraft:deaths":19,"minecraft:jump":45416,"minecraft:interact_with_brewingstand":1,"minecraft:walk_on_water_one_cm":4176859,"minecraft:interact_with_furnace":991,"minecraft:interact_with_cartography_table":1,"minecraft:sleep_in_bed":61,"minecraft:open_enderchest":10,"minecraft:damage_dealt":123567,"minecraft:player_kills":3,"minecraft:crouch_one_cm":882840,"minecraft:horse_one_cm":80768,"minecraft:interact_with_smithing_table":1,"minecraft:mob_kills":1554,"minecraft:interact_with_anvil":3,"minecraft:inspect_hopper":32,"minecraft:climb_one_cm":204778,"minecraft:walk_one_cm":10023341,"minecraft:sneak_time":353000,"minecraft:walk_under_water_one_cm":11646797,"minecraft:boat_one_cm":7435710,"minecraft:interact_with_lectern":10,"minecraft:total_world_time":5384781,"minecraft:interact_with_stonecutter":1,"minecraft:time_since_rest":58394,"minecraft:damage_taken":36170,"minecraft:minecart_one_cm":268,"minecraft:swim_one_cm":5720404,"minecraft:fly_one_cm":9052599,"minecraft:pig_one_cm":564,"minecraft:open_chest":1432,"minecraft:aviate_one_cm":9348635,"minecraft:fish_caught":5,"minecraft:fall_one_cm":1079763},"minecraft:picked_up":{"minecraft:shulker_shell":9,"minecraft:iron_chestplate":14,"minecraft:wheat":597,"minecraft:redstone_block":23,"minecraft:iron_trapdoor":4,"minecraft:prismarine_shard":135,"minecraft:stone_slab":105,"minecraft:lead":2,"minecraft:diamond_sword":3,"minecraft:oak_stairs":15,"minecraft:enchanted_book":4,"minecraft:golden_shovel":1,"minecraft:stone_brick_stairs":1,"minecraft:golden_sword":9,"minecraft:string":82,"minecraft:raw_copper":157,"minecraft:soul_soil":4,"minecraft:cooked_salmon":8,"minecraft:iron_leggings":9,"minecraft:sticky_piston":2,"minecraft:beetroot":3,"minecraft:oak_sign":8,"minecraft:diamond_leggings":1,"minecraft:cobbled_deepslate":2237,"minecraft:gold_nugget":164,"minecraft:bucket":6,"minecraft:cobblestone_slab":161,"minecraft:iron_pickaxe":9,"minecraft:melon_slice":70,"minecraft:iron_boots":2,"minecraft:furnace":3,"minecraft:golden_helmet":1,"minecraft:stick":97,"minecraft:oak_fence":15,"minecraft:torch":4416,"minecraft:porkchop":24,"minecraft:diorite":105,"minecraft:golden_chestplate":1,"minecraft:rotten_flesh":91,"minecraft:blaze_rod":33,"minecraft:obsidian":1,"minecraft:cod":5,"minecraft:cobblestone":2265,"minecraft:nautilus_shell":1,"minecraft:sponge":3822,"minecraft:birch_log":7,"minecraft:magma_block":82,"minecraft:jungle_pressure_plate":6,"minecraft:feather":189,"minecraft:cooked_beef":55,"minecraft:magma_cream":17,"minecraft:jungle_log":45,"minecraft:water_bucket":10,"minecraft:andesite":44,"minecraft:dark_oak_boat":2,"minecraft:golden_leggings":5,"minecraft:potato":755,"minecraft:flint":91,"minecraft:tuff":55,"minecraft:prismarine_bricks":155,"minecraft:lapis_lazuli":148,"minecraft:dirt":2072,"minecraft:lantern":15,"minecraft:bone":66,"minecraft:bow":10,"minecraft:wheat_seeds":1850,"minecraft:raw_gold":63,"minecraft:cobbled_deepslate_slab":23,"minecraft:rabbit":1,"minecraft:diamond_helmet":1,"minecraft:bamboo":286,"minecraft:prismarine":238,"minecraft:oak_planks":77,"minecraft:cooked_porkchop":250,"minecraft:oak_pressure_plate":1,"minecraft:poisonous_potato":3,"minecraft:sand":79775,"minecraft:jungle_planks":4,"minecraft:ink_sac":81,"minecraft:grass_block":3,"minecraft:lily_of_the_valley":1,"minecraft:jungle_slab":66,"minecraft:shulker_box":2,"minecraft:barrel":1,"minecraft:dark_prismarine":50,"minecraft:yellow_carpet":4,"minecraft:diamond":71,"minecraft:spruce_boat":2,"minecraft:lever":1,"minecraft:writable_book":1,"minecraft:granite":307,"minecraft:bone_meal":334,"minecraft:golden_apple":3,"minecraft:white_concrete":254,"minecraft:spruce_sign":2,"minecraft:golden_horse_armor":1,"minecraft:bread":7,"minecraft:oak_sapling":65,"minecraft:chorus_fruit":20,"minecraft:netherrack":1822,"minecraft:crimson_roots":2,"minecraft:diamond_pickaxe":8,"minecraft:fishing_rod":1,"minecraft:crafting_table":15,"minecraft:chicken":151,"minecraft:wooden_pickaxe":1,"minecraft:gold_block":16,"minecraft:jungle_trapdoor":19,"minecraft:oak_trapdoor":333,"minecraft:moss_carpet":1,"minecraft:elytra":4,"minecraft:wooden_sword":1,"minecraft:item_frame":1,"minecraft:white_carpet":59,"minecraft:iron_shovel":3,"minecraft:blackstone":3,"minecraft:cartography_table":2,"minecraft:beef":34,"minecraft:oak_boat":35,"minecraft:light_gray_wool":1,"minecraft:player_head":22,"minecraft:observer":1,"minecraft:jungle_sapling":2,"minecraft:iron_nugget":1,"minecraft:poppy":5,"minecraft:minecart":2,"minecraft:sugar_cane":67,"minecraft:chest":13,"minecraft:birch_sapling":1,"minecraft:phantom_membrane":25,"minecraft:egg":48,"minecraft:raw_iron":262,"minecraft:stone":538,"minecraft:oak_door":49,"minecraft:copper_ingot":1,"minecraft:bowl":1,"minecraft:spruce_fence":2,"minecraft:polished_blackstone_bricks":2,"minecraft:carrot":6,"minecraft:redstone":149,"minecraft:prismarine_crystals":62,"minecraft:dark_oak_planks":2,"minecraft:cooked_cod":40,"minecraft:diamond_chestplate":1,"minecraft:red_shulker_box":10,"minecraft:arrow":96,"minecraft:diamond_boots":1,"minecraft:deepslate_bricks":5,"minecraft:saddle":3,"minecraft:gold_ingot":1,"minecraft:mutton":220,"minecraft:bone_block":87,"minecraft:white_wool":157,"minecraft:rail":3,"minecraft:wet_sponge":4786,"minecraft:jungle_boat":15,"minecraft:basalt":4,"minecraft:golden_carrot":111,"minecraft:glow_ink_sac":14,"minecraft:salmon":4,"minecraft:leather":47,"minecraft:oak_log":237,"minecraft:ancient_debris":4,"minecraft:golden_boots":5,"minecraft:nether_wart_block":4,"minecraft:gunpowder":73,"minecraft:cooked_mutton":85,"minecraft:red_carpet":7,"minecraft:apple":2,"minecraft:kelp":10093,"minecraft:rabbit_hide":2,"minecraft:iron_ingot":2,"minecraft:cooked_chicken":37,"minecraft:glass_bottle":1,"minecraft:iron_sword":18,"minecraft:soul_sand":15,"minecraft:scaffolding":4,"minecraft:oak_slab":5,"minecraft:milk_bucket":2,"minecraft:smooth_basalt":1,"minecraft:pumpkin":12,"minecraft:sweet_berries":12,"minecraft:stone_brick_slab":6,"minecraft:red_wool":177,"minecraft:quartz":886,"minecraft:dandelion":2,"minecraft:gravel":578,"minecraft:spruce_sapling":4,"minecraft:spruce_log":9,"minecraft:crying_obsidian":8,"minecraft:sea_lantern":11,"minecraft:spider_eye":35,"minecraft:firework_rocket":138,"minecraft:diamond_shovel":4,"minecraft:purple_bed":2,"minecraft:slime_ball":75,"minecraft:iron_helmet":11,"minecraft:diamond_axe":2,"minecraft:baked_potato":334,"minecraft:red_concrete":451,"minecraft:coal":520,"minecraft:hopper":8,"minecraft:wooden_axe":1,"minecraft:ender_pearl":218},"minecraft:broken":{"minecraft:iron_shovel":1,"minecraft:golden_boots":1,"minecraft:iron_leggings":1,"minecraft:stone_pickaxe":3,"minecraft:diamond_shovel":1,"minecraft:wooden_axe":1,"minecraft:wooden_pickaxe":2,"minecraft:iron_axe":1,"minecraft:iron_pickaxe":11,"minecraft:iron_helmet":1,"minecraft:wooden_hoe":1},"minecraft:used":{"minecraft:moss_block":1,"minecraft:moss_carpet":1,"minecraft:writable_book":3,"minecraft:iron_shovel":247,"minecraft:bone_block":7,"minecraft:poppy":1,"minecraft:oak_sign":12,"minecraft:chest":22,"minecraft:iron_sword":565,"minecraft:player_head":16,"minecraft:iron_chestplate":3,"minecraft:soul_sand":4,"minecraft:lily_of_the_valley":1,"minecraft:jungle_slab":39,"minecraft:tuff":111,"minecraft:milk_bucket":10,"minecraft:obsidian":2,"minecraft:spruce_boat":2,"minecraft:jungle_sapling":2,"minecraft:lava_bucket":8,"minecraft:grass_block":323,"minecraft:red_wool":174,"minecraft:birch_sapling":1,"minecraft:wet_sponge":3653,"minecraft:iron_helmet":2,"minecraft:hopper_minecart":4,"minecraft:repeater":6,"minecraft:red_carpet":10,"minecraft:magma_block":45,"minecraft:bow":16,"minecraft:dark_oak_boat":2,"minecraft:sweet_berries":11,"minecraft:scaffolding":64,"minecraft:oak_sapling":34,"minecraft:furnace":16,"minecraft:cooked_cod":11,"minecraft:egg":41,"minecraft:potato":236,"minecraft:diorite":74,"minecraft:dropper":1,"minecraft:stone_pickaxe":437,"minecraft:chorus_fruit":2,"minecraft:blackstone":65,"minecraft:prismarine":171,"minecraft:oak_planks":3,"minecraft:ender_pearl":26,"minecraft:wooden_pickaxe":91,"minecraft:redstone_block":2,"minecraft:jungle_pressure_plate":6,"minecraft:composter":1,"minecraft:diamond_axe":79,"minecraft:sugar_cane":67,"minecraft:jungle_boat":14,"minecraft:sand":70227,"minecraft:sponge":4643,"minecraft:redstone_torch":1,"minecraft:sticky_piston":4,"minecraft:lever":2,"minecraft:firework_rocket":208,"minecraft:bread":28,"minecraft:gravel":372,"minecraft:diamond_sword":1359,"minecraft:wooden_sword":48,"minecraft:andesite":75,"minecraft:oak_boat":38,"minecraft:white_concrete":226,"minecraft:oak_fence":56,"minecraft:oak_trapdoor":397,"minecraft:stone_sword":99,"minecraft:red_concrete":241,"minecraft:dried_kelp":190,"minecraft:redstone":6,"minecraft:cooked_salmon":4,"minecraft:stone_hoe":63,"minecraft:cooked_chicken":14,"minecraft:netherrack":1478,"minecraft:oak_door":25,"minecraft:torch":4216,"minecraft:dirt":1792,"minecraft:white_carpet":67,"minecraft:hopper":7,"minecraft:nether_quartz_ore":192,"minecraft:prismarine_bricks":1,"minecraft:golden_chestplate":1,"minecraft:shulker_box":3,"minecraft:jungle_trapdoor":33,"minecraft:golden_shovel":1,"minecraft:granite":423,"minecraft:spruce_fence":2,"minecraft:oak_fence_gate":2,"minecraft:wooden_axe":52,"minecraft:dark_oak_planks":1,"minecraft:stone_brick_slab":6,"minecraft:red_shulker_box":10,"minecraft:iron_axe":250,"minecraft:slime_block":3,"minecraft:barrel":1,"minecraft:smooth_basalt":3,"minecraft:basalt":51,"minecraft:golden_carrot":25,"minecraft:iron_trapdoor":4,"minecraft:soul_soil":2,"minecraft:minecart":1,"minecraft:cooked_beef":28,"minecraft:cobbled_deepslate":2047,"minecraft:red_dye":1,"minecraft:observer":5,"minecraft:iron_leggings":2,"minecraft:wheat_seeds":675,"minecraft:cooked_mutton":109,"minecraft:water_bucket":1682,"minecraft:baked_potato":357,"minecraft:cartography_table":1,"minecraft:birch_boat":1,"minecraft:cobblestone_slab":446,"minecraft:deepslate_bricks":5,"minecraft:rail":5,"minecraft:crafting_table":19,"minecraft:wooden_hoe":64,"minecraft:diamond_pickaxe":3260,"minecraft:diamond_shovel":2121,"minecraft:oak_button":192,"minecraft:iron_pickaxe":3214,"minecraft:stone_slab":287,"minecraft:spruce_sapling":1,"minecraft:fishing_rod":21,"minecraft:cobblestone":1616,"minecraft:purple_bed":2,"minecraft:cobbled_deepslate_slab":196,"minecraft:cooked_porkchop":193,"minecraft:bucket":1696,"minecraft:kelp":5713},"minecraft:dropped":{"minecraft:iron_sword":4,"minecraft:soul_sand":11,"minecraft:glow_ink_sac":3,"minecraft:chorus_fruit":1,"minecraft:oak_log":2,"minecraft:baked_potato":29,"minecraft:ender_pearl":195,"minecraft:diamond":5,"minecraft:cooked_porkchop":61,"minecraft:leather":3,"minecraft:jungle_planks":1,"minecraft:iron_horse_armor":1,"minecraft:red_wool":3,"minecraft:elytra":1,"minecraft:flint":7,"minecraft:dirt":138,"minecraft:netherite_scrap":3,"minecraft:crimson_roots":2,"minecraft:cooked_cod":2,"minecraft:wet_sponge":39,"minecraft:bone_block":1,"minecraft:gold_nugget":122,"minecraft:sand":3755,"minecraft:polished_blackstone_bricks":2,"minecraft:iron_pickaxe":3,"minecraft:dark_oak_planks":1,"minecraft:white_wool":5,"minecraft:gold_ingot":3,"minecraft:bone":13,"minecraft:oak_door":2,"minecraft:gravel":119,"minecraft:blackstone":2,"minecraft:ancient_debris":4,"minecraft:cooked_chicken":27,"minecraft:cobbled_deepslate":1076,"minecraft:rotten_flesh":38,"minecraft:oak_planks":21,"minecraft:diamond_shovel":3,"minecraft:prismarine":9,"minecraft:cooked_mutton":26,"minecraft:golden_shovel":1,"minecraft:salmon":4,"minecraft:shulker_shell":9,"minecraft:gunpowder":20,"minecraft:jungle_log":41,"minecraft:arrow":33,"minecraft:prismarine_bricks":2,"minecraft:crying_obsidian":8,"minecraft:quartz":130,"minecraft:netherrack":520,"minecraft:bread":1,"minecraft:firework_rocket":4,"minecraft:iron_ingot":6,"minecraft:water_bucket":4,"minecraft:wheat_seeds":60,"minecraft:feather":18,"minecraft:prismarine_shard":6,"minecraft:prismarine_crystals":1,"minecraft:cobblestone":554,"minecraft:iron_helmet":3,"minecraft:granite":17,"minecraft:copper_ingot":1,"minecraft:coal":168,"minecraft:stick":8,"minecraft:milk_bucket":3,"minecraft:ink_sac":29,"minecraft:sponge":85,"minecraft:torch":130,"minecraft:nether_wart_block":4,"minecraft:iron_leggings":1,"minecraft:iron_shovel":1,"minecraft:string":18,"minecraft:redstone_block":16,"minecraft:bucket":3,"minecraft:redstone":10,"minecraft:furnace":1,"minecraft:kelp":1121,"minecraft:sweet_berries":1,"minecraft:soul_soil":2,"minecraft:oak_trapdoor":112,"minecraft:player_head":3,"minecraft:blaze_rod":28,"minecraft:raw_iron":22,"minecraft:white_carpet":2,"minecraft:light_gray_wool":1,"minecraft:iron_boots":3,"minecraft:diamond_chestplate":1,"minecraft:diamond_pickaxe":5,"minecraft:iron_chestplate":3,"minecraft:andesite":1,"minecraft:golden_leggings":3,"minecraft:oak_sapling":1,"minecraft:golden_sword":9,"minecraft:stone_bricks":64,"minecraft:spider_eye":28,"minecraft:slime_ball":29,"minecraft:magma_cream":15,"minecraft:nautilus_shell":1,"minecraft:dark_prismarine":2},"minecraft:crafted":{"minecraft:oak_planks":672,"minecraft:cobblestone_slab":282,"minecraft:oak_sign":15,"minecraft:birch_boat":1,"minecraft:cooked_chicken":5,"minecraft:slime_block":3,"minecraft:diamond_shovel":2,"minecraft:lever":1,"minecraft:cooked_mutton":64,"minecraft:repeater":6,"minecraft:iron_boots":2,"minecraft:chest":9,"minecraft:oak_button":192,"minecraft:stone_hoe":2,"minecraft:oak_fence":42,"minecraft:golden_boots":2,"minecraft:dropper":1,"minecraft:oak_slab":12,"minecraft:cooked_porkchop":18,"minecraft:crafting_table":13,"minecraft:spruce_planks":20,"minecraft:baked_potato":269,"minecraft:wooden_pickaxe":1,"minecraft:iron_helmet":4,"minecraft:jungle_pressure_plate":2,"minecraft:sticky_piston":2,"minecraft:hopper_minecart":4,"minecraft:birch_planks":16,"minecraft:wooden_hoe":1,"minecraft:iron_chestplate":4,"minecraft:stick":140,"minecraft:stone_slab":948,"minecraft:iron_ingot":211,"minecraft:iron_pickaxe":17,"minecraft:stone_sword":1,"minecraft:gold_ingot":36,"minecraft:redstone_torch":14,"minecraft:composter":1,"minecraft:sponge":1098,"minecraft:cobbled_deepslate_slab":126,"minecraft:wooden_sword":2,"minecraft:oak_door":9,"minecraft:redstone":45,"minecraft:furnace":14,"minecraft:piston":2,"minecraft:bone_meal":21,"minecraft:white_carpet":12,"minecraft:oak_trapdoor":42,"minecraft:scaffolding":60,"minecraft:iron_axe":1,"minecraft:stone_pickaxe":4,"minecraft:netherite_scrap":3,"minecraft:observer":4,"minecraft:cooked_beef":39,"minecraft:red_dye":1,"minecraft:dried_kelp":18,"minecraft:iron_sword":4,"minecraft:bucket":2,"minecraft:red_carpet":6,"minecraft:bread":22,"minecraft:air":0,"minecraft:jungle_planks":16,"minecraft:oak_fence_gate":2,"minecraft:oak_boat":4,"minecraft:wooden_axe":1,"minecraft:iron_leggings":4,"minecraft:torch":120}},"DataVersion":2865}