{"stats":{"minecraft:picked_up":{"minecraft:iron_chestplate":1,"minecraft:cooked_beef":1,"minecraft:diamond_sword":1,"minecraft:enchanted_book":7,"minecraft:golden_boots":1,"minecraft:shield":1,"minecraft:string":586,"minecraft:dirt":11,"minecraft:iron_leggings":1,"minecraft:bow":2,"minecraft:diamond_leggings":3,"minecraft:wheat_seeds":11,"minecraft:netherite_sword":1,"minecraft:player_head":1,"minecraft:diamond_helmet":4,"minecraft:sugar_cane":12,"minecraft:cyan_concrete":3,"minecraft:phantom_membrane":3,"minecraft:sweet_berries":74,"minecraft:sand":461,"minecraft:netherite_shovel":1,"minecraft:grass_block":25,"minecraft:spider_eye":3,"minecraft:rotten_flesh":1,"minecraft:diamond_chestplate":5,"minecraft:iron_helmet":1,"minecraft:diamond_boots":3,"minecraft:spruce_sign":3,"minecraft:bread":54,"minecraft:emerald":26,"minecraft:netherite_hoe":1},"minecraft:used":{"minecraft:golden_boots":1,"minecraft:netherite_sword":15,"minecraft:diamond_boots":1,"minecraft:shield":1,"minecraft:spruce_sign":3,"minecraft:iron_chestplate":1,"minecraft:diamond_helmet":3,"minecraft:netherite_shovel":471,"minecraft:bread":16,"minecraft:iron_helmet":1,"minecraft:diamond_chestplate":3,"minecraft:diamond_sword":8,"minecraft:bow":21,"minecraft:sweet_berries":30,"minecraft:diamond_leggings":1,"minecraft:iron_leggings":1},"minecraft:dropped":{"minecraft:enchanted_book":6,"minecraft:bread":54,"minecraft:netherite_hoe":1,"minecraft:netherite_sword":1,"minecraft:diamond_leggings":2,"minecraft:emerald":26,"minecraft:diamond_chestplate":4,"minecraft:diamond_helmet":3,"minecraft:diamond_boots":2,"minecraft:sand":88,"minecraft:bow":1,"minecraft:cyan_concrete":3,"minecraft:paper":606,"minecraft:string":2},"minecraft:mined":{"minecraft:spruce_wall_sign":2,"minecraft:sugar_cane":7,"minecraft:sweet_berry_bush":3,"minecraft:grass":4,"minecraft:sand":471},"minecraft:custom":{"minecraft:interact_with_furnace":5,"minecraft:mob_kills":15,"minecraft:interact_with_anvil":2,"minecraft:inspect_hopper":2,"minecraft:traded_with_villager":41,"minecraft:interact_with_crafting_table":2,"minecraft:interact_with_loom":1,"minecraft:pot_flower":4,"minecraft:interact_with_grindstone":3,"minecraft:interact_with_stonecutter":1,"minecraft:leave_game":3,"minecraft:time_since_death":489701,"minecraft:climb_one_cm":12133,"minecraft:time_since_rest":489701,"minecraft:sprint_one_cm":201577,"minecraft:damage_taken":625,"minecraft:walk_one_cm":1956526,"minecraft:damage_blocked_by_shield":40,"minecraft:drop":38,"minecraft:damage_dealt":2416,"minecraft:swim_one_cm":110009,"minecraft:talked_to_villager":7,"minecraft:fly_one_cm":293199,"minecraft:open_chest":73,"minecraft:crouch_one_cm":11160,"minecraft:play_time":489701,"minecraft:sneak_time":4359,"minecraft:walk_under_water_one_cm":21559,"minecraft:jump":1929,"minecraft:interact_with_brewingstand":1,"minecraft:walk_on_water_one_cm":11596,"minecraft:total_world_time":489701,"minecraft:fall_one_cm":56726,"minecraft:horse_one_cm":327},"minecraft:crafted":{"minecraft:emerald":41,"minecraft:bread":64,"minecraft:paper":606},"minecraft:killed":{"minecraft:spider":10,"minecraft:phantom":2,"minecraft:skeleton":1,"minecraft:zombie":1}},"DataVersion":2865}