{"stats":{"minecraft:killed_by":{"minecraft:magma_cube":1,"minecraft:zombie":1,"minecraft:wolf":2,"minecraft:zombified_piglin":1,"minecraft:skeleton":2,"minecraft:creeper":1,"minecraft:player":3,"minecraft:hoglin":1,"minecraft:phantom":1},"minecraft:broken":{"minecraft:shears":2,"minecraft:diamond_shovel":1,"minecraft:diamond_pickaxe":2,"minecraft:stone_hoe":1,"minecraft:wooden_pickaxe":1,"minecraft:iron_pickaxe":2,"minecraft:stone_pickaxe":8,"minecraft:stone_axe":8,"minecraft:stone_shovel":4,"minecraft:iron_axe":1},"minecraft:crafted":{"minecraft:black_dye":291,"minecraft:chainmail_helmet":1,"minecraft:oak_sign":159,"minecraft:polished_deepslate_wall":2,"minecraft:melon":1332,"minecraft:blaze_powder":32,"minecraft:birch_boat":3,"minecraft:chain":162,"minecraft:diorite_stairs":4,"minecraft:diamond_shovel":1,"minecraft:gray_wool":8,"minecraft:shulker_box":385,"minecraft:diamond_helmet":1,"minecraft:stone_pressure_plate":25,"minecraft:iron_door":24,"minecraft:gray_stained_glass_pane":152,"minecraft:black_wool":10,"minecraft:gray_stained_glass":56,"minecraft:name_tag":5,"minecraft:white_shulker_box":187,"minecraft:warped_stairs":116,"minecraft:blue_stained_glass":80,"minecraft:redstone_lamp":20,"minecraft:end_rod":576,"minecraft:acacia_slab":96,"minecraft:polished_andesite_stairs":932,"minecraft:glow_item_frame":16,"minecraft:lime_banner":1,"minecraft:smithing_table":1,"minecraft:mossy_cobblestone":15,"minecraft:nether_brick_fence":12,"minecraft:sticky_piston":59,"minecraft:painting":27,"minecraft:cartography_table":1,"minecraft:stone_brick_stairs":1068,"minecraft:lectern":148,"minecraft:stone_slab":420,"minecraft:iron_pickaxe":3,"minecraft:black_candle":15,"minecraft:netherite_ingot":6,"minecraft:composter":93,"minecraft:polished_blackstone_bricks":68,"minecraft:jungle_sign":6,"minecraft:golden_carrot":408,"minecraft:jukebox":1,"minecraft:iron_nugget":1962,"minecraft:spyglass":30,"minecraft:brick_stairs":36,"minecraft:soul_torch":12,"minecraft:red_banner":46,"minecraft:spruce_fence":1542,"minecraft:cracked_polished_blackstone_bricks":10,"minecraft:stone_stairs":420,"minecraft:lantern":207,"minecraft:spruce_stairs":3544,"minecraft:light_gray_shulker_box":4,"minecraft:polished_diorite":228,"minecraft:black_concrete_powder":48,"minecraft:red_shulker_box":2,"minecraft:stone_pickaxe":10,"minecraft:quartz_slab":3172,"minecraft:spruce_boat":25,"minecraft:brick_slab":6,"minecraft:lead":4,"minecraft:enchanting_table":1,"minecraft:crimson_slab":72,"minecraft:polished_blackstone_stairs":216,"minecraft:dark_oak_button":17,"minecraft:acacia_stairs":320,"minecraft:red_carpet":42,"minecraft:deepslate_tiles":6720,"minecraft:orange_dye":3,"minecraft:oak_fence_gate":1,"minecraft:soul_lantern":7,"minecraft:warped_sign":3,"minecraft:birch_trapdoor":38,"minecraft:writable_book":152,"minecraft:iron_shovel":1,"minecraft:armor_stand":15,"minecraft:prismarine_wall":60,"minecraft:note_block":80,"minecraft:grindstone":4,"minecraft:cobblestone_slab":84,"minecraft:barrel":44,"minecraft:leather_horse_armor":2,"minecraft:quartz_bricks":881,"minecraft:stone":9877,"minecraft:red_sandstone":79,"minecraft:heavy_weighted_pressure_plate":8,"minecraft:quartz_pillar":1461,"minecraft:warped_planks":2130,"minecraft:polished_blackstone_button":18,"minecraft:stone_brick_slab":1690,"minecraft:nether_brick_wall":6,"minecraft:orange_stained_glass_pane":8,"minecraft:bow":16,"minecraft:polished_basalt":1044,"minecraft:chest":324,"minecraft:oak_button":145,"minecraft:copper_block":112,"minecraft:jungle_stairs":68,"minecraft:rail":496,"minecraft:bricks":72,"minecraft:birch_button":516,"minecraft:ender_eye":32,"minecraft:stone_bricks":20232,"minecraft:oak_fence":771,"minecraft:polished_diorite_slab":12,"minecraft:granite_stairs":12,"minecraft:white_banner":103,"minecraft:dropper":1,"minecraft:cauldron":6,"minecraft:red_candle":31,"minecraft:iron_helmet":1,"minecraft:birch_pressure_plate":11,"minecraft:red_wool":33,"minecraft:chiseled_polished_blackstone":3,"minecraft:acacia_button":307,"minecraft:white_stained_glass_pane":40,"minecraft:dispenser":2,"minecraft:tnt":2,"minecraft:spruce_trapdoor":1002,"minecraft:yellow_dye":7,"minecraft:netherite_block":2,"minecraft:stick":6353,"minecraft:iron_ingot":5719,"minecraft:dark_oak_fence_gate":58,"minecraft:polished_diorite_stairs":12,"minecraft:deepslate_bricks":8068,"minecraft:deepslate_tile_slab":76,"minecraft:nether_brick_slab":24,"minecraft:stone_brick_wall":796,"minecraft:fishing_rod":11,"minecraft:tripwire_hook":56,"minecraft:spruce_button":79,"minecraft:mossy_stone_bricks":11,"minecraft:furnace":65,"minecraft:blast_furnace":10,"minecraft:crimson_button":24,"minecraft:polished_andesite_slab":456,"minecraft:raw_copper_block":42,"minecraft:smooth_quartz_stairs":777,"minecraft:oak_trapdoor":216,"minecraft:flint_and_steel":10,"minecraft:scaffolding":18,"minecraft:netherite_chestplate":1,"minecraft:white_concrete_powder":504,"minecraft:cobblestone_wall":1027,"minecraft:smooth_quartz_slab":1380,"minecraft:honey_block":8,"minecraft:blackstone_stairs":24,"minecraft:birch_sign":90,"minecraft:smooth_sandstone_stairs":32,"minecraft:iron_trapdoor":629,"minecraft:polished_blackstone_wall":91,"minecraft:diorite_wall":138,"minecraft:cooked_salmon":1,"minecraft:jungle_planks":1464,"minecraft:white_dye":583,"minecraft:brown_concrete_powder":136,"minecraft:black_carpet":3,"minecraft:stonecutter":3,"minecraft:anvil":157,"minecraft:andesite":126,"minecraft:diorite_slab":6,"minecraft:torch":428,"minecraft:diamond_chestplate":3,"minecraft:ender_chest":7,"minecraft:jungle_button":232,"minecraft:light_gray_concrete_powder":128,"minecraft:smooth_stone":3290,"minecraft:cut_sandstone":16,"minecraft:dark_oak_pressure_plate":7,"minecraft:cut_sandstone_slab":6,"minecraft:orange_stained_glass":3352,"minecraft:oak_pressure_plate":7,"minecraft:birch_slab":150,"minecraft:slime_block":66,"minecraft:loom":1,"minecraft:polished_blackstone_slab":114,"minecraft:lever":36,"minecraft:bookshelf":169,"minecraft:red_sandstone_wall":78,"minecraft:cooked_mutton":15,"minecraft:iron_bars":208,"minecraft:red_concrete_powder":56,"minecraft:deepslate_brick_stairs":492,"minecraft:quartz_block":9051,"minecraft:glass":4194,"minecraft:repeater":206,"minecraft:diamond_leggings":2,"minecraft:cyan_stained_glass_pane":1304,"minecraft:birch_fence_gate":14,"minecraft:polished_blackstone":1092,"minecraft:acacia_fence":81,"minecraft:birch_door":6,"minecraft:cooked_rabbit":1,"minecraft:flower_pot":81,"minecraft:furnace_minecart":7,"minecraft:deepslate":19,"minecraft:wooden_shovel":37,"minecraft:emerald":5210,"minecraft:smooth_quartz":6390,"minecraft:cooked_porkchop":8,"minecraft:diamond_axe":1,"minecraft:spruce_door":39,"minecraft:cobbled_deepslate_wall":186,"minecraft:copper_ingot":258,"minecraft:hay_block":11,"minecraft:campfire":116,"minecraft:dark_oak_chest_boat":1,"minecraft:compass":108,"minecraft:iron_block":765,"minecraft:gold_ingot":4749,"minecraft:light_gray_dye":17,"minecraft:spruce_fence_gate":133,"minecraft:birch_stairs":264,"minecraft:stone_shovel":25,"minecraft:smooth_stone_slab":6840,"minecraft:polished_deepslate_stairs":4,"minecraft:player_head":8,"minecraft:cut_copper_stairs":68,"minecraft:bone_meal":624,"minecraft:cyan_stained_glass":120,"minecraft:pink_dye":5,"minecraft:andesite_wall":288,"minecraft:white_carpet":192,"minecraft:candle":93,"minecraft:diamond":1134,"minecraft:dark_oak_fence":75,"minecraft:deepslate_brick_wall":174,"minecraft:ladder":18,"minecraft:spruce_slab":3435,"minecraft:ender_pearl":12,"minecraft:diamond_boots":2,"minecraft:cobbled_deepslate_stairs":51,"minecraft:deepslate_tile_wall":1448,"minecraft:redstone_block":176,"minecraft:dark_oak_planks":3724,"minecraft:golden_helmet":1,"minecraft:wheat":27,"minecraft:coal_block":106,"minecraft:daylight_detector":1,"minecraft:crossbow":2,"minecraft:polished_blackstone_brick_slab":14,"minecraft:deepslate_brick_slab":12,"minecraft:red_bed":12,"minecraft:gray_concrete_powder":3088,"minecraft:polished_granite":40,"minecraft:sandstone_slab":6,"minecraft:white_stained_glass":32,"minecraft:jungle_slab":1964,"minecraft:sandstone_wall":30,"minecraft:mossy_stone_brick_stairs":4,"minecraft:golden_apple":172,"minecraft:acacia_sign":6,"minecraft:andesite_slab":72,"minecraft:cyan_shulker_box":3,"minecraft:oak_stairs":8,"minecraft:deepslate_tile_stairs":562,"minecraft:iron_leggings":4,"minecraft:white_bed":2,"minecraft:nether_brick_stairs":8,"minecraft:brick":315,"minecraft:oak_planks":5120,"minecraft:dark_oak_boat":2,"minecraft:pink_shulker_box":2,"minecraft:cobblestone_stairs":216,"minecraft:spruce_pressure_plate":3,"minecraft:suspicious_stew":10,"minecraft:green_dye":155,"minecraft:dark_oak_door":15,"minecraft:hopper":13,"minecraft:iron_boots":4,"minecraft:blackstone_wall":18,"minecraft:chiseled_stone_bricks":10,"minecraft:stone_hoe":3,"minecraft:golden_sword":5,"minecraft:raw_iron_block":1,"minecraft:quartz_stairs":302,"minecraft:oak_slab":261,"minecraft:item_frame":329,"minecraft:map":107,"minecraft:crafting_table":122,"minecraft:spruce_planks":22989,"minecraft:wooden_pickaxe":2,"minecraft:baked_potato":440,"minecraft:gold_block":624,"minecraft:hopper_minecart":3,"minecraft:brewing_stand":1,"minecraft:birch_planks":9588,"minecraft:dark_oak_slab":1296,"minecraft:iron_chestplate":3,"minecraft:book":268,"minecraft:paper":6751,"minecraft:charcoal":11,"minecraft:diamond_pickaxe":2,"minecraft:emerald_block":23,"minecraft:shield":3,"minecraft:light_weighted_pressure_plate":1,"minecraft:birch_fence":42,"minecraft:warped_slab":1638,"minecraft:light_blue_dye":2,"minecraft:stone_sword":1,"minecraft:snow_block":8,"minecraft:green_shulker_box":1,"minecraft:polished_blackstone_brick_stairs":20,"minecraft:gray_carpet":309,"minecraft:redstone_torch":270,"minecraft:sponge":53,"minecraft:light_gray_stained_glass_pane":480,"minecraft:shears":20,"minecraft:sandstone_stairs":12,"minecraft:polished_andesite":4135,"minecraft:coarse_dirt":848,"minecraft:wooden_sword":2,"minecraft:redstone":2610,"minecraft:raw_iron":9,"minecraft:coal":360,"minecraft:light_gray_stained_glass":120,"minecraft:popped_chorus_fruit":153,"minecraft:stone_button":1231,"minecraft:dark_oak_trapdoor":251,"minecraft:gray_dye":426,"minecraft:dark_oak_sign":21,"minecraft:diamond_block":83,"minecraft:glass_pane":1616,"minecraft:warped_fence":21,"minecraft:yellow_shulker_box":3,"minecraft:polished_deepslate":8132,"minecraft:iron_axe":1,"minecraft:spruce_wood":138,"minecraft:slime_ball":135,"minecraft:orange_concrete_powder":896,"minecraft:lime_dye":2,"minecraft:warped_button":1025,"minecraft:filled_map":198,"minecraft:gray_banner":26,"minecraft:netherite_scrap":3,"minecraft:orange_banner":1,"minecraft:observer":1,"minecraft:minecart":20,"minecraft:cooked_beef":12,"minecraft:red_dye":83,"minecraft:cooked_cod":8,"minecraft:cyan_concrete_powder":16,"minecraft:crimson_planks":56,"minecraft:diamond_sword":3,"minecraft:cyan_dye":262,"minecraft:spruce_sign":153,"minecraft:dark_oak_stairs":488,"minecraft:powered_rail":24,"minecraft:smooth_sandstone":1255,"minecraft:bucket":43,"minecraft:stone_axe":12,"minecraft:bread":11,"minecraft:air":0,"minecraft:blue_dye":140,"minecraft:cut_copper":104,"minecraft:oak_boat":4,"minecraft:smooth_sandstone_slab":12,"minecraft:acacia_planks":1472,"minecraft:end_crystal":24,"minecraft:blackstone_slab":48,"minecraft:lapis_lazuli":9,"minecraft:lapis_block":61,"minecraft:firework_rocket":10501},"minecraft:custom":{"minecraft:interact_with_crafting_table":3670,"minecraft:damage_blocked_by_shield":3274,"minecraft:play_time":28447556,"minecraft:deaths":26,"minecraft:jump":446685,"minecraft:play_record":63,"minecraft:interact_with_cartography_table":10,"minecraft:interact_with_smoker":7,"minecraft:inspect_dispenser":236,"minecraft:horse_one_cm":1900513,"minecraft:inspect_dropper":550,"minecraft:interact_with_anvil":248,"minecraft:inspect_hopper":459,"minecraft:tune_noteblock":2088,"minecraft:time_since_rest":386869,"minecraft:swim_one_cm":6311801,"minecraft:open_chest":22266,"minecraft:open_shulker_box":14993,"minecraft:damage_resisted":898,"minecraft:play_noteblock":459,"minecraft:talked_to_villager":1221,"minecraft:interact_with_brewingstand":16,"minecraft:interact_with_beacon":23,"minecraft:fill_cauldron":3,"minecraft:raid_win":1,"minecraft:boat_one_cm":54436471,"minecraft:damage_taken":211625,"minecraft:aviate_one_cm":319062629,"minecraft:open_barrel":3467,"minecraft:bell_ring":924,"minecraft:eat_cake_slice":64,"minecraft:leave_game":709,"minecraft:time_since_death":748036,"minecraft:enchant_item":4,"minecraft:interact_with_furnace":4677,"minecraft:traded_with_villager":8514,"minecraft:sleep_in_bed":406,"minecraft:damage_dealt":363377,"minecraft:use_cauldron":1,"minecraft:interact_with_smithing_table":15,"minecraft:damage_dealt_absorbed":240,"minecraft:target_hit":193,"minecraft:sneak_time":1630813,"minecraft:interact_with_lectern":454,"minecraft:interact_with_blast_furnace":12,"minecraft:total_world_time":28447556,"minecraft:interact_with_stonecutter":61,"minecraft:fly_one_cm":83144182,"minecraft:fall_one_cm":12546813,"minecraft:animals_bred":4,"minecraft:sprint_one_cm":78177366,"minecraft:drop":9241,"minecraft:walk_on_water_one_cm":1877193,"minecraft:interact_with_loom":41,"minecraft:open_enderchest":2658,"minecraft:player_kills":7,"minecraft:crouch_one_cm":7622052,"minecraft:mob_kills":12247,"minecraft:climb_one_cm":3984422,"minecraft:walk_one_cm":65588827,"minecraft:walk_under_water_one_cm":5296601,"minecraft:raid_trigger":7,"minecraft:pot_flower":84,"minecraft:interact_with_grindstone":9,"minecraft:damage_absorbed":3814,"minecraft:minecart_one_cm":927852,"minecraft:pig_one_cm":944},"minecraft:killed":{"minecraft:cod":1,"minecraft:guardian":1,"minecraft:skeleton_horse":4,"minecraft:elder_guardian":1,"minecraft:salmon":7,"minecraft:pillager":162,"minecraft:zombie":203,"minecraft:evoker":19,"minecraft:vindicator":91,"minecraft:endermite":2,"minecraft:warden":1,"minecraft:husk":2,"minecraft:rabbit":1,"minecraft:zombified_piglin":8621,"minecraft:witch":36,"minecraft:spider":32,"minecraft:wither":1,"minecraft:silverfish":10,"minecraft:piglin":24,"minecraft:zombie_villager":6,"minecraft:sheep":11,"minecraft:trader_llama":8,"minecraft:mooshroom":143,"minecraft:ghast":26,"minecraft:vex":2,"minecraft:drowned":19,"minecraft:hoglin":3,"minecraft:squid":115,"minecraft:villager":1,"minecraft:shulker":8,"minecraft:skeleton":118,"minecraft:chicken":16,"minecraft:magma_cube":25,"minecraft:glow_squid":2,"minecraft:cow":11,"minecraft:horse":1,"minecraft:wandering_trader":3,"minecraft:enderman":1960,"minecraft:pig":16,"minecraft:creeper":34,"minecraft:phantom":296,"minecraft:bat":4},"minecraft:used":{"minecraft:moss_block":8,"minecraft:jack_o_lantern":2,"minecraft:writable_book":876,"minecraft:chiseled_deepslate":38,"minecraft:smooth_quartz_slab":1572,"minecraft:dispenser":47,"minecraft:poppy":58,"minecraft:black_carpet":2,"minecraft:stone":22449,"minecraft:warped_sign":7,"minecraft:quartz_stairs":506,"minecraft:soul_sand":46,"minecraft:deepslate_brick_slab":8,"minecraft:azure_bluet":60,"minecraft:snowball":6,"minecraft:weeping_vines":109,"minecraft:polished_blackstone_slab":97,"minecraft:spruce_boat":133,"minecraft:jungle_sapling":31,"minecraft:packed_ice":291,"minecraft:lava_bucket":106,"minecraft:quartz_pillar":1747,"minecraft:lime_banner":4,"minecraft:red_wool":117,"minecraft:quartz_block":1474,"minecraft:dark_oak_leaves":12,"minecraft:dark_oak_slab":993,"minecraft:diorite_wall":146,"minecraft:netherite_boots":7,"minecraft:bow":1609,"minecraft:cooked_cod":13,"minecraft:oak_sapling":40,"minecraft:acacia_fence":73,"minecraft:gray_banner":34,"minecraft:deepslate_brick_wall":144,"minecraft:mossy_stone_bricks":14,"minecraft:leather_leggings":1,"minecraft:damaged_anvil":3,"minecraft:chorus_fruit":40,"minecraft:prismarine":38,"minecraft:blackstone":26,"minecraft:wooden_pickaxe":63,"minecraft:mossy_stone_brick_stairs":3,"minecraft:composter":94,"minecraft:jungle_boat":35,"minecraft:golden_apple":101,"minecraft:glow_berries":6,"minecraft:cut_sandstone_slab":2,"minecraft:blast_furnace":8,"minecraft:cyan_dye":53,"minecraft:gray_concrete":2915,"minecraft:red_sandstone_wall":76,"minecraft:deepslate_brick_stairs":510,"minecraft:birch_fence":25,"minecraft:gray_stained_glass_pane":170,"minecraft:birch_slab":148,"minecraft:oak_pressure_plate":7,"minecraft:flowering_azalea_leaves":24,"minecraft:nether_wart_block":15,"minecraft:diamond_sword":1111,"minecraft:coal_block":14,"minecraft:smithing_table":3,"minecraft:birch_log":6,"minecraft:oak_boat":140,"minecraft:purple_wool":1,"minecraft:diorite_stairs":4,"minecraft:oak_trapdoor":248,"minecraft:polished_blackstone_brick_slab":13,"minecraft:enchanting_table":1,"minecraft:orange_concrete":680,"minecraft:carved_pumpkin":1,"minecraft:armor_stand":26,"minecraft:cooked_salmon":2,"minecraft:polished_blackstone_wall":105,"minecraft:torch":643,"minecraft:orange_stained_glass":3356,"minecraft:brewing_stand":3,"minecraft:light_blue_dye":2,"minecraft:nether_quartz_ore":69,"minecraft:oak_fence_gate":1,"minecraft:sea_lantern":531,"minecraft:chipped_anvil":10,"minecraft:filled_map":1,"minecraft:iron_block":204,"minecraft:light_weighted_pressure_plate":1,"minecraft:polished_deepslate_wall":2,"minecraft:jungle_log":3,"minecraft:barrel":90,"minecraft:bamboo":1,"minecraft:diamond_chestplate":2,"minecraft:basalt":25,"minecraft:lime_concrete":5,"minecraft:warped_stairs":133,"minecraft:magenta_terracotta":1,"minecraft:acacia_planks":544,"minecraft:calcite":33,"minecraft:wheat_seeds":406,"minecraft:warped_stem":1750,"minecraft:light_blue_shulker_box":2,"minecraft:birch_planks":7269,"minecraft:lead":1,"minecraft:cauldron":10,"minecraft:glow_ink_sac":124,"minecraft:spruce_fence_gate":128,"minecraft:gold_ore":3,"minecraft:deepslate_bricks":1962,"minecraft:diamond_block":82,"minecraft:rail":686,"minecraft:red_bed":21,"minecraft:green_dye":11,"minecraft:white_bed":16,"minecraft:campfire":118,"minecraft:spruce_log":4836,"minecraft:mushroom_stem":17,"minecraft:blue_stained_glass_pane":53,"minecraft:diamond_pickaxe":21987,"minecraft:yellow_dye":1,"minecraft:diamond_shovel":9448,"minecraft:acacia_sign":8,"minecraft:oak_button":155,"minecraft:suspicious_stew":4,"minecraft:spruce_pressure_plate":3,"minecraft:spruce_trapdoor":1390,"minecraft:spruce_sapling":445,"minecraft:potion":24,"minecraft:azalea_leaves":102,"minecraft:orange_banner":1,"minecraft:purple_bed":2,"minecraft:cooked_porkchop":109,"minecraft:stripped_oak_log":4,"minecraft:dandelion":1,"minecraft:diamond_leggings":1,"minecraft:moss_carpet":5,"minecraft:polished_deepslate":179,"minecraft:light_gray_stained_glass_pane":474,"minecraft:bone_block":5,"minecraft:polished_basalt":1271,"minecraft:nether_wart":474,"minecraft:grass":17,"minecraft:spruce_leaves":327,"minecraft:mutton":3,"minecraft:jungle_planks":109,"minecraft:furnace_minecart":7,"minecraft:music_disc_13":2,"minecraft:obsidian":12659,"minecraft:honey_bottle":6,"minecraft:crimson_button":40,"minecraft:bricks":258,"minecraft:lantern":419,"minecraft:spruce_wood":207,"minecraft:green_wool":1,"minecraft:item_frame":453,"minecraft:birch_trapdoor":41,"minecraft:birch_button":258,"minecraft:golden_sword":14,"minecraft:written_book":306,"minecraft:jungle_button":139,"minecraft:blue_shulker_box":1,"minecraft:gold_block":959,"minecraft:dark_oak_sapling":10,"minecraft:end_rod":731,"minecraft:diamond_boots":2,"minecraft:dropper":17,"minecraft:wither_skeleton_skull":5,"minecraft:stone_pickaxe":1063,"minecraft:gray_carpet":285,"minecraft:oak_planks":205,"minecraft:polished_diorite_slab":3,"minecraft:sandstone":351,"minecraft:diamond_axe":5527,"minecraft:sugar_cane":4,"minecraft:white_wool":1122,"minecraft:netherite_leggings":6,"minecraft:mushroom_stew":3,"minecraft:light_blue_wool":3,"minecraft:yellow_concrete":1,"minecraft:crossbow":7,"minecraft:end_stone":28,"minecraft:sticky_piston":138,"minecraft:lever":72,"minecraft:daylight_detector":2,"minecraft:dark_oak_log":1,"minecraft:bread":18,"minecraft:brown_wool":66,"minecraft:warped_slab":1769,"minecraft:iron_door":143,"minecraft:deepslate":2875,"minecraft:prismarine_wall":37,"minecraft:light_blue_concrete_powder":7,"minecraft:chain":188,"minecraft:smooth_stone_slab":7349,"minecraft:coarse_dirt":890,"minecraft:bone_meal":20,"minecraft:orange_concrete_powder":845,"minecraft:netherite_sword":3831,"minecraft:rose_bush":59,"minecraft:granite_stairs":9,"minecraft:white_tulip":3,"minecraft:flint_and_steel":143,"minecraft:redstone":565,"minecraft:ender_chest":23,"minecraft:brown_shulker_box":243,"minecraft:stone_hoe":179,"minecraft:cooked_chicken":167,"minecraft:dirt":14725,"minecraft:prismarine_bricks":37,"minecraft:bee_nest":2,"minecraft:spruce_fence":1694,"minecraft:iron_hoe":14,"minecraft:light_gray_stained_glass":65,"minecraft:oak_stairs":10,"minecraft:smooth_sandstone":1305,"minecraft:crimson_slab":61,"minecraft:iron_boots":1,"minecraft:lime_stained_glass":11,"minecraft:dark_oak_pressure_plate":9,"minecraft:deepslate_tile_stairs":1072,"minecraft:minecart":40,"minecraft:netherite_pickaxe":117946,"minecraft:cyan_concrete_powder":22,"minecraft:cooked_beef":909,"minecraft:powder_snow_bucket":63,"minecraft:pumpkin":8,"minecraft:orange_stained_glass_pane":4,"minecraft:iron_leggings":1,"minecraft:cobbled_deepslate_wall":289,"minecraft:quartz_bricks":1066,"minecraft:cobblestone_stairs":160,"minecraft:snow_block":8,"minecraft:red_nether_bricks":3,"minecraft:baked_potato":767,"minecraft:brown_mushroom":4,"minecraft:cut_sandstone":6,"minecraft:birch_boat":157,"minecraft:spruce_sign":321,"minecraft:waxed_copper_block":1,"minecraft:music_disc_cat":2,"minecraft:magenta_bed":2,"minecraft:warped_planks":220,"minecraft:cyan_stained_glass":71,"minecraft:netherite_block":7,"minecraft:piston":47,"minecraft:flower_pot":113,"minecraft:black_wool":108,"minecraft:jungle_stairs":76,"minecraft:stone_slab":439,"minecraft:yellow_wool":43,"minecraft:magenta_banner":9,"minecraft:stone_axe":1311,"minecraft:crimson_fungus":1,"minecraft:end_crystal":1,"minecraft:cyan_stained_glass_pane":1499,"minecraft:pink_shulker_box":5,"minecraft:pumpkin_pie":36,"minecraft:gray_wool":913,"minecraft:birch_stairs":282,"minecraft:orange_dye":3,"minecraft:peony":9,"minecraft:nether_brick_fence":22,"minecraft:spruce_slab":3694,"minecraft:elytra":7,"minecraft:polished_blackstone":502,"minecraft:ladder":33,"minecraft:chest":657,"minecraft:white_shulker_box":386,"minecraft:blue_stained_glass":78,"minecraft:brick_slab":4,"minecraft:jungle_slab":2165,"minecraft:orange_wool":1025,"minecraft:acacia_sapling":3,"minecraft:acacia_button":272,"minecraft:stripped_spruce_log":421,"minecraft:honey_block":25,"minecraft:honeycomb":16,"minecraft:netherite_shovel":51628,"minecraft:grass_block":109,"minecraft:birch_sapling":328,"minecraft:polished_andesite_stairs":1115,"minecraft:orange_shulker_box":5,"minecraft:copper_ore":1,"minecraft:wet_sponge":46,"minecraft:dark_oak_button":15,"minecraft:pink_wool":2,"minecraft:blue_banner":11,"minecraft:stone_brick_stairs":1634,"minecraft:music_disc_stal":1,"minecraft:red_stained_glass_pane":2,"minecraft:dark_oak_boat":256,"minecraft:sweet_berries":109,"minecraft:furnace":100,"minecraft:egg":25,"minecraft:potato":153,"minecraft:dragon_head":5,"minecraft:brown_concrete_powder":139,"minecraft:diorite":360,"minecraft:end_stone_bricks":4,"minecraft:spruce_door":51,"minecraft:powered_rail":48,"minecraft:blackstone_stairs":6,"minecraft:purpur_pillar":3,"minecraft:oak_leaves":109,"minecraft:smooth_quartz_stairs":891,"minecraft:cookie":2,"minecraft:dark_oak_trapdoor":290,"minecraft:blue_dye":2,"minecraft:sand":96,"minecraft:blue_ice":1010,"minecraft:netherite_helmet":7,"minecraft:black_concrete_powder":48,"minecraft:pumpkin_seeds":3,"minecraft:lightning_rod":66,"minecraft:deepslate_tiles":5225,"minecraft:crying_obsidian":4347,"minecraft:stone_button":2017,"minecraft:spore_blossom":1,"minecraft:lectern":395,"minecraft:polished_granite":19,"minecraft:red_terracotta":31,"minecraft:lilac":15,"minecraft:polished_andesite_slab":547,"minecraft:soul_lantern":9,"minecraft:fire_charge":2,"minecraft:dark_oak_fence":75,"minecraft:white_stained_glass":24,"minecraft:gray_stained_glass":5,"minecraft:iron_bars":252,"minecraft:stone_sword":68,"minecraft:red_concrete":28,"minecraft:mycelium":30,"minecraft:stripped_warped_stem":366,"minecraft:sandstone_wall":20,"minecraft:netherrack":1436,"minecraft:light_gray_shulker_box":84,"minecraft:warped_wart_block":16,"minecraft:anvil":178,"minecraft:ancient_debris":1,"minecraft:stone_stairs":422,"minecraft:nether_brick_slab":35,"minecraft:nether_brick_stairs":8,"minecraft:polished_diorite":231,"minecraft:shroomlight":80,"minecraft:red_shulker_box":134,"minecraft:flowering_azalea":14,"minecraft:cyan_shulker_box":534,"minecraft:iron_axe":240,"minecraft:brick_stairs":37,"minecraft:spruce_button":67,"minecraft:slime_block":52,"minecraft:warped_fence":22,"minecraft:smooth_quartz":4562,"minecraft:lime_dye":4,"minecraft:totem_of_undying":48,"minecraft:tripwire_hook":43,"minecraft:glowstone":42,"minecraft:purple_concrete":1,"minecraft:beef":3,"minecraft:iron_trapdoor":706,"minecraft:oxidized_copper":1,"minecraft:cobbled_deepslate":1424,"minecraft:observer":32,"minecraft:magenta_dye":1,"minecraft:pointed_dripstone":1,"minecraft:crimson_stem":6,"minecraft:yellow_banner":4,"minecraft:water_bucket":349,"minecraft:nether_brick_wall":7,"minecraft:sandstone_stairs":14,"minecraft:yellow_shulker_box":187,"minecraft:lime_wool":67,"minecraft:cartography_table":6,"minecraft:smooth_sandstone_slab":7,"minecraft:red_mushroom_block":7,"minecraft:cracked_stone_bricks":12,"minecraft:polished_blackstone_bricks":17,"minecraft:salmon":1,"minecraft:mossy_cobblestone":11,"minecraft:vine":104,"minecraft:comparator":13,"minecraft:tnt":19,"minecraft:oak_slab":19,"minecraft:crafting_table":358,"minecraft:birch_sign":196,"minecraft:cod":1,"minecraft:dark_oak_fence_gate":61,"minecraft:cake":20,"minecraft:deepslate_tile_wall":1474,"minecraft:oak_log":215,"minecraft:dark_prismarine":3,"minecraft:cornflower":2,"minecraft:sunflower":5,"minecraft:iron_pickaxe":1352,"minecraft:cyan_concrete":20,"minecraft:crimson_nylium":12,"minecraft:chiseled_stone_bricks":386,"minecraft:cobblestone":10759,"minecraft:red_concrete_powder":58,"minecraft:sandstone_slab":4,"minecraft:glass_pane":231,"minecraft:black_candle":15,"minecraft:dark_oak_chest_boat":21,"minecraft:kelp":153,"minecraft:jukebox":4,"minecraft:candle":27,"minecraft:iron_shovel":118,"minecraft:oak_sign":350,"minecraft:white_concrete_powder":1144,"minecraft:shield":62,"minecraft:white_terracotta":925,"minecraft:iron_sword":40,"minecraft:purple_shulker_box":22,"minecraft:bell":60,"minecraft:player_head":66,"minecraft:smooth_sandstone_stairs":28,"minecraft:iron_chestplate":2,"minecraft:white_candle":12,"minecraft:birch_pressure_plate":11,"minecraft:nether_bricks":17,"minecraft:prismarine_brick_stairs":72,"minecraft:carrot":65,"minecraft:deepslate_tile_slab":122,"minecraft:tuff":44,"minecraft:axolotl_bucket":1,"minecraft:milk_bucket":194,"minecraft:polished_deepslate_stairs":11,"minecraft:glass":372,"minecraft:coal_ore":48,"minecraft:quartz_slab":4429,"minecraft:iron_helmet":1,"minecraft:gray_concrete_powder":2990,"minecraft:crimson_roots":16,"minecraft:hopper_minecart":3,"minecraft:stone_bricks":21554,"minecraft:repeater":331,"minecraft:red_carpet":75,"minecraft:redstone_lamp":18,"minecraft:magma_block":123,"minecraft:hay_block":10,"minecraft:scaffolding":8361,"minecraft:polished_diorite_stairs":8,"minecraft:polished_blackstone_stairs":246,"minecraft:oak_chest_boat":10,"minecraft:chiseled_polished_blackstone":47,"minecraft:dark_oak_stairs":497,"minecraft:dark_oak_sign":27,"minecraft:ender_pearl":114,"minecraft:redstone_block":52,"minecraft:loom":3,"minecraft:light_gray_terracotta":124,"minecraft:sponge":132,"minecraft:note_block":183,"minecraft:blackstone_wall":13,"minecraft:dripstone_block":9,"minecraft:stone_brick_wall":3303,"minecraft:shears":1453,"minecraft:cobbled_deepslate_stairs":119,"minecraft:exposed_copper":3,"minecraft:redstone_torch":44,"minecraft:light_gray_concrete":120,"minecraft:heavy_weighted_pressure_plate":8,"minecraft:birch_fence_gate":29,"minecraft:black_concrete":54,"minecraft:gray_shulker_box":18,"minecraft:firework_rocket":8144,"minecraft:melon_slice":25,"minecraft:string":274,"minecraft:music_disc_mall":7,"minecraft:gravel":951,"minecraft:blackstone_slab":43,"minecraft:jungle_sign":20,"minecraft:grindstone":7,"minecraft:andesite":1758,"minecraft:white_concrete":1031,"minecraft:warped_button":1778,"minecraft:experience_bottle":5,"minecraft:oak_fence":831,"minecraft:azalea":2,"minecraft:trident":4697,"minecraft:jungle_leaves":50,"minecraft:music_disc_otherside":51,"minecraft:stone_shovel":652,"minecraft:spruce_planks":10305,"minecraft:cut_copper_stairs":14,"minecraft:spyglass":515,"minecraft:white_carpet":327,"minecraft:hopper":48,"minecraft:spruce_stairs":4383,"minecraft:cobblestone_wall":1169,"minecraft:diamond_helmet":4,"minecraft:shulker_box":524,"minecraft:raw_iron_block":1,"minecraft:pink_carpet":1,"minecraft:pink_dye":3,"minecraft:granite":278,"minecraft:andesite_wall":184,"minecraft:birch_door":4,"minecraft:stone_brick_slab":2337,"minecraft:dark_oak_planks":610,"minecraft:bookshelf":72,"minecraft:acacia_slab":84,"minecraft:red_candle":15,"minecraft:polished_blackstone_brick_stairs":26,"minecraft:light_gray_wool":7,"minecraft:golden_carrot":1762,"minecraft:emerald_block":179,"minecraft:white_stained_glass_pane":32,"minecraft:granite_wall":14,"minecraft:cyan_banner":4,"minecraft:stone_pressure_plate":38,"minecraft:red_dye":12,"minecraft:cooked_mutton":90,"minecraft:amethyst_block":5,"minecraft:acacia_boat":2,"minecraft:pink_tulip":19,"minecraft:iron_ore":10,"minecraft:glass_bottle":38,"minecraft:polished_andesite":3043,"minecraft:netherite_chestplate":2,"minecraft:andesite_slab":60,"minecraft:blue_wool":1,"minecraft:copper_block":12,"minecraft:black_shulker_box":5,"minecraft:beacon":11,"minecraft:white_dye":58,"minecraft:stonecutter":12,"minecraft:cobblestone_slab":81,"minecraft:glow_item_frame":18,"minecraft:terracotta":4,"minecraft:light_gray_concrete_powder":128,"minecraft:painting":148,"minecraft:dark_oak_door":19,"minecraft:smoker":1,"minecraft:apple":46,"minecraft:acacia_stairs":320,"minecraft:cracked_polished_blackstone_bricks":10,"minecraft:map":83,"minecraft:netherite_axe":29162,"minecraft:fishing_rod":777,"minecraft:green_shulker_box":10,"minecraft:white_banner":130,"minecraft:red_banner":51,"minecraft:bucket":520,"minecraft:yellow_bed":2,"minecraft:polished_blackstone_button":17,"minecraft:soul_torch":4,"minecraft:splash_potion":9,"minecraft:smooth_stone":1241},"minecraft:mined":{"minecraft:red_nether_brick_slab":83,"minecraft:dragon_wall_head":2,"minecraft:potted_pink_tulip":2,"minecraft:red_shulker_box":133,"minecraft:white_bed":13,"minecraft:cyan_shulker_box":533,"minecraft:red_nether_bricks":57,"minecraft:granite":3338,"minecraft:acacia_log":436,"minecraft:deepslate_tile_wall":36,"minecraft:brown_wool":6,"minecraft:blue_wool":1,"minecraft:oak_wall_sign":107,"minecraft:nether_wart":472,"minecraft:red_stained_glass_pane":2,"minecraft:polished_blackstone_bricks":13,"minecraft:magma_block":40,"minecraft:dark_oak_trapdoor":50,"minecraft:fire":160,"minecraft:barrel":63,"minecraft:cobbled_deepslate":360,"minecraft:deepslate_lapis_ore":3,"minecraft:twisting_vines":1,"minecraft:light_gray_concrete":156,"minecraft:pink_tulip":1,"minecraft:white_shulker_box":206,"minecraft:spruce_wood":71,"minecraft:white_banner":22,"minecraft:player_head":29,"minecraft:tripwire":493,"minecraft:jungle_button":4,"minecraft:cut_sandstone":1,"minecraft:blue_wall_banner":10,"minecraft:magenta_carpet":12,"minecraft:kelp_plant":57,"minecraft:deepslate_brick_wall":76,"minecraft:crimson_nylium":23,"minecraft:smoker":1,"minecraft:deepslate_tile_slab":114,"minecraft:powder_snow":97,"minecraft:note_block":97,"minecraft:torch":242,"minecraft:oxidized_copper":1,"minecraft:melon":19,"minecraft:white_stained_glass_pane":16,"minecraft:dead_bush":3,"minecraft:nether_brick_slab":14,"minecraft:spruce_wall_sign":86,"minecraft:smooth_quartz_slab":199,"minecraft:sugar_cane":104,"minecraft:bricks":82,"minecraft:amethyst_block":194,"minecraft:white_terracotta":90,"minecraft:chain":28,"minecraft:repeater":133,"minecraft:magenta_bed":1,"minecraft:jukebox":3,"minecraft:grass":483,"minecraft:dark_oak_sapling":1,"minecraft:smooth_quartz":354,"minecraft:sandstone_wall":3,"minecraft:acacia_sign":3,"minecraft:deepslate":2914,"minecraft:dark_prismarine":12,"minecraft:deepslate_tiles":868,"minecraft:light_blue_wool":4,"minecraft:mossy_cobblestone":5,"minecraft:nether_brick_wall":1,"minecraft:orange_concrete_powder":15,"minecraft:dark_oak_log":748,"minecraft:cyan_stained_glass":1,"minecraft:sea_lantern":262,"minecraft:end_stone":62,"minecraft:birch_fence_gate":6,"minecraft:dark_oak_fence":7,"minecraft:spruce_fence":291,"minecraft:acacia_button":7,"minecraft:redstone_wire":275,"minecraft:potted_bamboo":1,"minecraft:red_mushroom":55,"minecraft:cartography_table":5,"minecraft:white_concrete_powder":399,"minecraft:magenta_stained_glass_pane":1,"minecraft:acacia_trapdoor":6,"minecraft:light_blue_concrete_powder":7,"minecraft:andesite":3663,"minecraft:cobblestone_slab":108,"minecraft:cyan_concrete":20,"minecraft:vine":118,"minecraft:rail":355,"minecraft:potted_spruce_sapling":1,"minecraft:bone_block":101,"minecraft:green_wool":14,"minecraft:ender_chest":19,"minecraft:oak_slab":12,"minecraft:birch_stairs":27,"minecraft:redstone_block":41,"minecraft:glass_pane":62,"minecraft:soul_sand":13,"minecraft:dandelion":11,"minecraft:polished_blackstone_brick_wall":15,"minecraft:cornflower":3,"minecraft:warped_roots":11,"minecraft:campfire":8,"minecraft:copper_ore":579,"minecraft:lightning_rod":66,"minecraft:potted_oxeye_daisy":3,"minecraft:purpur_pillar":6,"minecraft:tall_grass":115,"minecraft:deepslate_gold_ore":8,"minecraft:green_stained_glass_pane":1,"minecraft:diorite":3730,"minecraft:warped_wart_block":54,"minecraft:purple_wool":1,"minecraft:red_terracotta":705,"minecraft:coarse_dirt":102,"minecraft:cobblestone_wall":300,"minecraft:stripped_spruce_wood":3,"minecraft:dark_oak_wall_sign":22,"minecraft:purple_concrete":1,"minecraft:red_sandstone_wall":4,"minecraft:dark_oak_button":4,"minecraft:sunflower":24,"minecraft:gravel":4777,"minecraft:cobweb":19,"minecraft:birch_sign":28,"minecraft:polished_blackstone":111,"minecraft:stone_bricks":3857,"minecraft:gold_ore":7,"minecraft:chipped_anvil":9,"minecraft:iron_trapdoor":145,"minecraft:fern":19,"minecraft:stone_pressure_plate":18,"minecraft:prismarine_wall":5,"minecraft:oak_sapling":4,"minecraft:farmland":2,"minecraft:magenta_banner":8,"minecraft:orange_stained_glass":31,"minecraft:orange_wool":94,"minecraft:brewing_stand":2,"minecraft:spruce_trapdoor":231,"minecraft:lime_banner":4,"minecraft:white_concrete":1496,"minecraft:polished_diorite":53,"minecraft:polished_blackstone_brick_slab":4,"minecraft:composter":12,"minecraft:dragon_head":3,"minecraft:pointed_dripstone":38,"minecraft:flowering_azalea_leaves":4,"minecraft:iron_bars":179,"minecraft:azalea":2,"minecraft:granite_stairs":5,"minecraft:spruce_slab":552,"minecraft:potted_orange_tulip":1,"minecraft:netherite_block":5,"minecraft:deepslate_redstone_ore":10,"minecraft:brown_shulker_box":235,"minecraft:quartz_block":939,"minecraft:polished_blackstone_wall":8,"minecraft:magenta_wall_banner":1,"minecraft:exposed_copper":3,"minecraft:orange_terracotta":12,"minecraft:yellow_banner":4,"minecraft:purpur_stairs":9,"minecraft:light_gray_terracotta":13,"minecraft:jungle_stairs":20,"minecraft:beacon":13,"minecraft:nether_quartz_ore":885,"minecraft:oak_planks":175,"minecraft:wall_torch":96,"minecraft:cauldron":2,"minecraft:light_weighted_pressure_plate":1,"minecraft:stone_stairs":70,"minecraft:warped_nylium":7,"minecraft:powered_rail":49,"minecraft:dark_oak_slab":78,"minecraft:warped_planks":26,"minecraft:blue_ice":30,"minecraft:tnt":41,"minecraft:smooth_stone_slab":693,"minecraft:oak_log":1267,"minecraft:dirt":23994,"minecraft:dispenser":9,"minecraft:ancient_debris":3,"minecraft:daylight_detector":1,"minecraft:crying_obsidian":224,"minecraft:pink_carpet":2,"minecraft:quartz_stairs":149,"minecraft:dark_oak_leaves":47,"minecraft:glow_lichen":7,"minecraft:lever":37,"minecraft:ladder":3,"minecraft:stone_button":303,"minecraft:cyan_banner":6,"minecraft:brown_mushroom_block":2815,"minecraft:birch_slab":36,"minecraft:spruce_leaves":1133,"minecraft:acacia_slab":7,"minecraft:crimson_stem":29,"minecraft:hay_block":2,"minecraft:heavy_weighted_pressure_plate":1,"minecraft:nether_sprouts":2,"minecraft:polished_basalt":327,"minecraft:light_gray_shulker_box":80,"minecraft:gray_wall_banner":3,"minecraft:orange_stained_glass_pane":19,"minecraft:peony":8,"minecraft:gold_block":1082,"minecraft:nether_brick_fence":32,"minecraft:bookshelf":15,"minecraft:lime_wall_banner":2,"minecraft:deepslate_iron_ore":20,"minecraft:shroomlight":138,"minecraft:stripped_oak_log":7,"minecraft:wet_sponge":114,"minecraft:pink_terracotta":2,"minecraft:acacia_leaves":25,"minecraft:scaffolding":4741,"minecraft:magenta_stained_glass":1,"minecraft:snow_block":44,"minecraft:basalt":885,"minecraft:warped_fence":1,"minecraft:polished_granite":6,"minecraft:oak_fence":137,"minecraft:honey_block":11,"minecraft:gray_stained_glass":1,"minecraft:stone_slab":164,"minecraft:quartz_bricks":221,"minecraft:red_concrete":58,"minecraft:polished_blackstone_brick_stairs":6,"minecraft:prismarine_bricks":109,"minecraft:birch_planks":673,"minecraft:polished_blackstone_slab":6,"minecraft:ice":4,"minecraft:white_wall_banner":20,"minecraft:bee_nest":4,"minecraft:black_wool":155,"minecraft:yellow_concrete":9,"minecraft:flower_pot":18,"minecraft:purple_shulker_box":20,"minecraft:cracked_stone_bricks":13,"minecraft:mossy_stone_bricks":23,"minecraft:jungle_wall_sign":5,"minecraft:dark_oak_planks":176,"minecraft:stripped_warped_stem":418,"minecraft:jungle_leaves":20,"minecraft:obsidian":4324,"minecraft:warped_stairs":21,"minecraft:carved_pumpkin":1,"minecraft:chiseled_polished_blackstone":9,"minecraft:red_sand":626,"minecraft:crimson_trapdoor":1,"minecraft:stone_brick_wall":2550,"minecraft:jungle_log":219,"minecraft:coal_block":5,"minecraft:deepslate_bricks":1403,"minecraft:deepslate_tile_stairs":250,"minecraft:purpur_slab":1,"minecraft:lime_stained_glass":11,"minecraft:oxeye_daisy":1,"minecraft:crimson_fungus":1,"minecraft:hopper":37,"minecraft:chiseled_stone_bricks":124,"minecraft:orange_concrete":835,"minecraft:weeping_vines_plant":185,"minecraft:tall_seagrass":120,"minecraft:sticky_piston":74,"minecraft:cyan_wall_banner":6,"minecraft:pumpkin":141,"minecraft:moss_carpet":17,"minecraft:lime_stained_glass_pane":1,"minecraft:sculk_shrieker":2,"minecraft:cave_vines":8,"minecraft:oak_sign":89,"minecraft:water_cauldron":1,"minecraft:dirt_path":503,"minecraft:oak_stairs":3,"minecraft:quartz_slab":1773,"minecraft:deepslate_brick_stairs":126,"minecraft:smooth_sandstone_stairs":5,"minecraft:iron_block":259,"minecraft:piston_head":2,"minecraft:brown_mushroom":276,"minecraft:red_bed":9,"minecraft:player_wall_head":20,"minecraft:soul_fire":6,"minecraft:blue_stained_glass":1,"minecraft:blast_furnace":1,"minecraft:polished_andesite_stairs":213,"minecraft:polished_diorite_slab":8,"minecraft:glass":40,"minecraft:damaged_anvil":3,"minecraft:spruce_sign":103,"minecraft:polished_diorite_stairs":48,"minecraft:light_gray_stained_glass":1,"minecraft:wheat":297,"minecraft:lilac":6,"minecraft:waxed_copper_block":6,"minecraft:lime_concrete":5,"minecraft:warped_fungus":8,"minecraft:stone_brick_stairs":464,"minecraft:potted_poppy":3,"minecraft:copper_block":7,"minecraft:prismarine_brick_stairs":14,"minecraft:loom":3,"minecraft:blue_shulker_box":1,"minecraft:red_mushroom_block":2797,"minecraft:stonecutter":11,"minecraft:piston":41,"minecraft:pink_shulker_box":3,"minecraft:light_gray_stained_glass_pane":7,"minecraft:blue_stained_glass_pane":6,"minecraft:jack_o_lantern":2,"minecraft:shulker_box":346,"minecraft:nether_bricks":20,"minecraft:cobbled_deepslate_slab":20,"minecraft:jungle_planks":10,"minecraft:crimson_roots":14,"minecraft:orange_shulker_box":4,"minecraft:lime_wool":16,"minecraft:crimson_button":8,"minecraft:kelp":103,"minecraft:moss_block":44,"minecraft:pink_wool":5,"minecraft:polished_blackstone_button":1,"minecraft:snow":15,"minecraft:diamond_block":207,"minecraft:warped_wall_sign":1,"minecraft:potatoes":105,"minecraft:warped_stem":2431,"minecraft:smooth_quartz_stairs":76,"minecraft:bamboo":3,"minecraft:white_wool":430,"minecraft:cake":6,"minecraft:smithing_table":1,"minecraft:gray_concrete":3272,"minecraft:comparator":2,"minecraft:observer":28,"minecraft:stone_brick_slab":472,"minecraft:jungle_sign":14,"minecraft:smooth_sandstone":129,"minecraft:cobbled_deepslate_wall":17,"minecraft:spruce_button":16,"minecraft:emerald_ore":7,"minecraft:sponge":46,"minecraft:dropper":14,"minecraft:purple_bed":5,"minecraft:white_carpet":74,"minecraft:spruce_log":9401,"minecraft:birch_leaves":9,"minecraft:quartz_pillar":237,"minecraft:red_wall_banner":5,"minecraft:dark_oak_sign":5,"minecraft:mycelium":21596,"minecraft:dripstone_block":144,"minecraft:acacia_planks":34,"minecraft:spruce_fence_gate":2,"minecraft:infested_stone":7,"minecraft:black_shulker_box":6,"minecraft:spruce_planks":1317,"minecraft:cobbled_deepslate_stairs":83,"minecraft:jungle_slab":569,"minecraft:cobblestone_stairs":20,"minecraft:sculk_vein":1,"minecraft:cave_vines_plant":7,"minecraft:grass_block":2760,"minecraft:gray_banner":18,"minecraft:soul_soil":1,"minecraft:warped_sign":1,"minecraft:sandstone_stairs":3,"minecraft:smooth_stone":574,"minecraft:raw_iron_block":1,"minecraft:potted_birch_sapling":1,"minecraft:glowstone":16,"minecraft:red_nether_brick_stairs":56,"minecraft:iron_ore":209,"minecraft:anvil":20,"minecraft:azure_bluet":43,"minecraft:dark_oak_stairs":65,"minecraft:warped_button":491,"minecraft:purple_carpet":1,"minecraft:birch_wall_sign":60,"minecraft:azalea_leaves":19,"minecraft:end_stone_bricks":16,"minecraft:blue_banner":11,"minecraft:blackstone":43,"minecraft:twisting_vines_plant":2,"minecraft:polished_deepslate_stairs":4,"minecraft:soul_lantern":2,"minecraft:clay":133,"minecraft:calcite":33,"minecraft:poppy":29,"minecraft:chest":293,"minecraft:mushroom_stem":666,"minecraft:cobblestone":2954,"minecraft:slime_block":36,"minecraft:grindstone":12,"minecraft:prismarine":95,"minecraft:iron_door":125,"minecraft:seagrass":29,"minecraft:brown_concrete_powder":7,"minecraft:dark_oak_door":3,"minecraft:nether_wart_block":25,"minecraft:yellow_wool":32,"minecraft:birch_log":542,"minecraft:birch_trapdoor":7,"minecraft:light_gray_wool":7,"minecraft:orange_tulip":1,"minecraft:purpur_block":64,"minecraft:diorite_wall":65,"minecraft:acacia_fence":1,"minecraft:sand":7580,"minecraft:wither_skeleton_skull":1,"minecraft:netherrack":2082,"minecraft:polished_deepslate_wall":2,"minecraft:oak_leaves":278,"minecraft:emerald_block":268,"minecraft:granite_wall":36,"minecraft:nether_gold_ore":1,"minecraft:diamond_ore":1,"minecraft:red_carpet":93,"minecraft:tuff":546,"minecraft:deepslate_diamond_ore":19,"minecraft:blackstone_wall":16,"minecraft:gray_shulker_box":19,"minecraft:gray_stained_glass_pane":31,"minecraft:dark_oak_pressure_plate":3,"minecraft:brick_stairs":12,"minecraft:weeping_vines":119,"minecraft:polished_andesite_slab":91,"minecraft:sandstone":2037,"minecraft:large_fern":12,"minecraft:deepslate_brick_slab":6,"minecraft:oak_trapdoor":16,"minecraft:spruce_sapling":17,"minecraft:furnace":87,"minecraft:red_concrete_powder":2,"minecraft:acacia_stairs":23,"minecraft:dark_oak_fence_gate":3,"minecraft:black_concrete":79,"minecraft:stripped_spruce_log":551,"minecraft:chiseled_deepslate":39,"minecraft:bell":11,"minecraft:polished_deepslate":150,"minecraft:lantern":60,"minecraft:crimson_door":2,"minecraft:packed_ice":1063,"minecraft:chorus_plant":44,"minecraft:white_tulip":3,"minecraft:stone":78089,"minecraft:yellow_shulker_box":185,"minecraft:birch_pressure_plate":2,"minecraft:redstone_wall_torch":7,"minecraft:light_blue_shulker_box":5,"minecraft:flowering_azalea":7,"minecraft:red_wool":146,"minecraft:cut_copper_stairs":2,"minecraft:infested_stone_bricks":7,"minecraft:spruce_door":20,"minecraft:crafting_table":329,"minecraft:cyan_stained_glass_pane":62,"minecraft:blackstone_slab":5,"minecraft:rose_bush":28,"minecraft:andesite_slab":9,"minecraft:lectern":246,"minecraft:andesite_wall":16,"minecraft:red_nether_brick_wall":12,"minecraft:lapis_ore":17,"minecraft:blue_bed":1,"minecraft:spruce_stairs":767,"minecraft:gray_wool":224,"minecraft:gray_concrete_powder":13,"minecraft:green_shulker_box":11,"minecraft:polished_blackstone_stairs":37,"minecraft:redstone_torch":12,"minecraft:magenta_terracotta":1,"minecraft:sweet_berry_bush":27,"minecraft:yellow_bed":2,"minecraft:potted_azure_bluet":3,"minecraft:coal_ore":1161,"minecraft:end_rod":155,"minecraft:gray_carpet":33,"minecraft:terracotta":7,"minecraft:potted_white_tulip":1,"minecraft:polished_andesite":365,"minecraft:acacia_wall_sign":2,"minecraft:birch_fence":14,"minecraft:warped_slab":76},"minecraft:picked_up":{"minecraft:suspicious_stew":2,"minecraft:stone_slab":175,"minecraft:smithing_table":1,"minecraft:lead":47,"minecraft:enchanted_book":324,"minecraft:purple_shulker_box":22,"minecraft:dark_oak_pressure_plate":4,"minecraft:polished_deepslate":217,"minecraft:music_disc_cat":1,"minecraft:polished_blackstone_brick_stairs":6,"minecraft:string":721,"minecraft:pufferfish":10,"minecraft:shroomlight":169,"minecraft:diamond_leggings":6,"minecraft:warped_slab":119,"minecraft:polished_blackstone_brick_slab":10,"minecraft:polished_blackstone_stairs":36,"minecraft:jukebox":3,"minecraft:cyan_stained_glass":3,"minecraft:purpur_pillar":5,"minecraft:acacia_log":415,"minecraft:cut_copper_stairs":1,"minecraft:lightning_rod":64,"minecraft:warped_button":759,"minecraft:end_crystal":20,"minecraft:cauldron":3,"minecraft:golden_chestplate":2,"minecraft:gray_shulker_box":19,"minecraft:cyan_stained_glass_pane":29,"minecraft:pink_terracotta":1,"minecraft:yellow_banner":8,"minecraft:stone_sword":1,"minecraft:blackstone_wall":40,"minecraft:polished_basalt":320,"minecraft:carved_pumpkin":1,"minecraft:glowstone":32,"minecraft:end_rod":458,"minecraft:tadpole_bucket":18,"minecraft:white_terracotta":81,"minecraft:blaze_rod":280,"minecraft:iron_bars":201,"minecraft:snowball":123,"minecraft:sponge":132,"minecraft:feather":56,"minecraft:cooked_beef":746,"minecraft:water_bucket":13,"minecraft:brown_wool":316,"minecraft:dark_oak_boat":264,"minecraft:copper_block":71,"minecraft:flint":693,"minecraft:cyan_concrete_powder":6,"minecraft:magenta_terracotta":1,"minecraft:lantern":141,"minecraft:gray_concrete_powder":116,"minecraft:purple_carpet":2,"minecraft:stonecutter":13,"minecraft:dark_oak_sign":23,"minecraft:diamond_helmet":5,"minecraft:rabbit":1,"minecraft:honeycomb":146,"minecraft:chiseled_polished_blackstone":5,"minecraft:birch_fence_gate":6,"minecraft:stripped_spruce_log":545,"minecraft:brown_mushroom_block":260,"minecraft:acacia_stairs":21,"minecraft:netherite_block":5,"minecraft:iron_hoe":1,"minecraft:polished_andesite":1248,"minecraft:deepslate":590,"minecraft:lever":55,"minecraft:granite":2787,"minecraft:spruce_button":46,"minecraft:cyan_dye":70,"minecraft:blue_banner":29,"minecraft:jack_o_lantern":2,"minecraft:crimson_roots":19,"minecraft:diamond_pickaxe":20,"minecraft:mud":46,"minecraft:bee_nest":3,"minecraft:clay_ball":550,"minecraft:leather_leggings":31,"minecraft:dragon_head":7,"minecraft:acacia_button":26,"minecraft:purpur_block":33,"minecraft:heavy_weighted_pressure_plate":3,"minecraft:cornflower":2,"minecraft:elytra":30,"minecraft:flint_and_steel":2,"minecraft:white_carpet":159,"minecraft:iron_shovel":2,"minecraft:polished_blackstone_wall":9,"minecraft:glass_pane":62,"minecraft:netherite_sword":15,"minecraft:stripped_warped_stem":394,"minecraft:jungle_sapling":31,"minecraft:poppy":80,"minecraft:spruce_slab":711,"minecraft:minecart":44,"minecraft:birch_sapling":741,"minecraft:piston":81,"minecraft:diamond_hoe":5,"minecraft:copper_ore":44,"minecraft:stone":5507,"minecraft:fire_charge":2,"minecraft:white_dye":102,"minecraft:netherite_pickaxe":24,"minecraft:cyan_shulker_box":542,"minecraft:red_nether_brick_wall":24,"minecraft:jungle_sign":24,"minecraft:diamond_chestplate":8,"minecraft:stone_shovel":5,"minecraft:hay_block":2,"minecraft:yellow_terracotta":1,"minecraft:oak_chest_boat":13,"minecraft:totem_of_undying":37,"minecraft:polished_blackstone":132,"minecraft:mutton":15,"minecraft:rail":511,"minecraft:bone_block":130,"minecraft:emerald_ore":1,"minecraft:oxeye_daisy":4,"minecraft:yellow_shulker_box":197,"minecraft:tripwire_hook":7,"minecraft:yellow_dye":40,"minecraft:blackstone_slab":7,"minecraft:purpur_stairs":5,"minecraft:paper":805,"minecraft:apple":7,"minecraft:warped_stem":2492,"minecraft:iron_ore":6,"minecraft:magenta_stained_glass":2,"minecraft:dark_oak_stairs":62,"minecraft:polished_andesite_stairs":240,"minecraft:milk_bucket":31,"minecraft:sweet_berries":583,"minecraft:lime_concrete":5,"minecraft:red_wool":57,"minecraft:crying_obsidian":394,"minecraft:leather_helmet":12,"minecraft:diamond_shovel":13,"minecraft:coal_ore":59,"minecraft:slime_ball":1,"minecraft:painting":122,"minecraft:birch_sign":129,"minecraft:polished_blackstone_brick_wall":21,"minecraft:red_nether_brick_slab":51,"minecraft:baked_potato":430,"minecraft:smooth_quartz_slab":211,"minecraft:hopper":35,"minecraft:ender_chest":30,"minecraft:nether_brick_fence":32,"minecraft:yellow_wool":33,"minecraft:stone_brick_stairs":548,"minecraft:warped_stairs":21,"minecraft:experience_bottle":64,"minecraft:smooth_stone":575,"minecraft:red_sand":626,"minecraft:comparator":7,"minecraft:bucket":61,"minecraft:light_weighted_pressure_plate":1,"minecraft:white_tulip":24,"minecraft:red_dye":149,"minecraft:rose_bush":45,"minecraft:cobblestone_slab":249,"minecraft:azalea":3,"minecraft:smooth_quartz":415,"minecraft:smooth_quartz_stairs":70,"minecraft:blue_wool":1,"minecraft:acacia_fence":1,"minecraft:birch_trapdoor":11,"minecraft:polished_deepslate_stairs":4,"minecraft:spruce_stairs":801,"minecraft:netherite_shovel":16,"minecraft:crimson_button":35,"minecraft:diorite":3791,"minecraft:vine":294,"minecraft:goat_horn":5,"minecraft:andesite_wall":26,"minecraft:rotten_flesh":841,"minecraft:brown_shulker_box":267,"minecraft:deepslate_brick_stairs":94,"minecraft:obsidian":6064,"minecraft:blaze_powder":4,"minecraft:cobblestone":62615,"minecraft:leather_chestplate":11,"minecraft:lilac":5,"minecraft:repeater":140,"minecraft:andesite":2898,"minecraft:beacon":15,"minecraft:potato":489,"minecraft:smooth_sandstone_stairs":5,"minecraft:prismarine_bricks":84,"minecraft:dirt":28460,"minecraft:name_tag":5,"minecraft:glass":68,"minecraft:bone":275,"minecraft:acacia_planks":125,"minecraft:granite_wall":24,"minecraft:bow":38,"minecraft:wheat_seeds":1668,"minecraft:orange_tulip":3,"minecraft:grindstone":8,"minecraft:netherite_axe":18,"minecraft:mossy_stone_bricks":65,"minecraft:bamboo":75,"minecraft:cyan_concrete":20,"minecraft:prismarine":81,"minecraft:diorite_wall":38,"minecraft:red_sandstone_wall":4,"minecraft:light_blue_shulker_box":5,"minecraft:melon":2,"minecraft:grass_block":374,"minecraft:diamond_block":582,"minecraft:spectral_arrow":64,"minecraft:jungle_slab":742,"minecraft:mossy_cobblestone":3,"minecraft:light_gray_terracotta":13,"minecraft:sugar":119,"minecraft:slime_block":37,"minecraft:netherite_helmet":13,"minecraft:soul_lantern":2,"minecraft:crossbow":134,"minecraft:bone_meal":278,"minecraft:grass":18,"minecraft:golden_apple":15,"minecraft:spruce_sign":230,"minecraft:emerald":368,"minecraft:netherrack":3060,"minecraft:chorus_fruit":364,"minecraft:andesite_slab":8,"minecraft:oak_leaves":124,"minecraft:azure_bluet":72,"minecraft:splash_potion":3,"minecraft:ladder":5,"minecraft:brown_mushroom":1385,"minecraft:packed_ice":341,"minecraft:stone_brick_wall":2731,"minecraft:pink_wool":5,"minecraft:chain":33,"minecraft:shield":16,"minecraft:moss_carpet":451,"minecraft:orange_stained_glass":4,"minecraft:oak_trapdoor":18,"minecraft:mycelium":330,"minecraft:birch_fence":45,"minecraft:blackstone":149,"minecraft:lime_wool":45,"minecraft:end_stone":59,"minecraft:note_block":93,"minecraft:polished_blackstone_bricks":13,"minecraft:brown_concrete_powder":12,"minecraft:trident":27,"minecraft:light_gray_stained_glass_pane":5,"minecraft:stone_pressure_plate":23,"minecraft:weeping_vines":958,"minecraft:red_shulker_box":142,"minecraft:pumpkin_pie":8,"minecraft:nether_bricks":70,"minecraft:pink_tulip":4,"minecraft:brick_stairs":11,"minecraft:nether_brick_wall":1,"minecraft:netherite_boots":12,"minecraft:basalt":861,"minecraft:purple_dye":4,"minecraft:jungle_boat":39,"minecraft:dark_oak_button":8,"minecraft:golden_carrot":667,"minecraft:magenta_banner":25,"minecraft:leather":614,"minecraft:music_disc_stal":1,"minecraft:granite_stairs":1,"minecraft:crimson_fungus":1,"minecraft:cobblestone_wall":341,"minecraft:yellow_bed":2,"minecraft:cobbled_deepslate_stairs":61,"minecraft:gunpowder":332,"minecraft:cooked_mutton":12,"minecraft:red_carpet":136,"minecraft:gray_carpet":50,"minecraft:acacia_trapdoor":6,"minecraft:rabbit_hide":1,"minecraft:spruce_wood":72,"minecraft:iron_ingot":241,"minecraft:cooked_chicken":70,"minecraft:polished_andesite_slab":363,"minecraft:sculk_catalyst":2,"minecraft:warped_fungus":8,"minecraft:emerald_block":394,"minecraft:stone_brick_slab":660,"minecraft:quartz":1842,"minecraft:dandelion":8,"minecraft:lava_bucket":2,"minecraft:amethyst_shard":20,"minecraft:soul_torch":3,"minecraft:red_banner":5,"minecraft:nether_brick_slab":13,"minecraft:dark_oak_chest_boat":21,"minecraft:spruce_door":30,"minecraft:brick_slab":2,"minecraft:light_blue_concrete_powder":35,"minecraft:polished_diorite_stairs":46,"minecraft:pumpkin_seeds":159,"minecraft:white_concrete_powder":591,"minecraft:prismarine_wall":5,"minecraft:gray_banner":31,"minecraft:damaged_anvil":3,"minecraft:sunflower":23,"minecraft:birch_door":2,"minecraft:iron_chestplate":6,"minecraft:chainmail_boots":1,"minecraft:prismarine_shard":8,"minecraft:flower_pot":38,"minecraft:anvil":23,"minecraft:magenta_carpet":16,"minecraft:diamond_sword":9,"minecraft:oak_stairs":3,"minecraft:brewing_stand":2,"minecraft:golden_sword":149,"minecraft:polished_deepslate_wall":2,"minecraft:amethyst_block":220,"minecraft:dark_oak_trapdoor":55,"minecraft:cooked_salmon":13,"minecraft:red_nether_bricks":45,"minecraft:orange_concrete_powder":15,"minecraft:gold_nugget":508,"minecraft:cobbled_deepslate":4309,"minecraft:acacia_sign":5,"minecraft:spruce_planks":2924,"minecraft:written_book":67,"minecraft:azalea_leaves":2,"minecraft:enchanted_golden_apple":1,"minecraft:melon_slice":143,"minecraft:coal_block":196,"minecraft:dark_oak_door":6,"minecraft:golden_helmet":3,"minecraft:composter":21,"minecraft:pink_carpet":4,"minecraft:sandstone_wall":5,"minecraft:warped_planks":22,"minecraft:deepslate_tile_stairs":316,"minecraft:black_dye":59,"minecraft:gray_stained_glass_pane":32,"minecraft:light_blue_wool":4,"minecraft:tropical_fish":2,"minecraft:blue_dye":6,"minecraft:iron_block":486,"minecraft:netherite_chestplate":11,"minecraft:birch_log":580,"minecraft:magma_block":43,"minecraft:oxidized_copper":1,"minecraft:iron_door":125,"minecraft:birch_slab":57,"minecraft:jungle_log":270,"minecraft:powder_snow_bucket":2,"minecraft:smoker":1,"minecraft:stripped_spruce_wood":9,"minecraft:magenta_bed":2,"minecraft:map":161,"minecraft:netherite_leggings":10,"minecraft:gray_concrete":3645,"minecraft:twisting_vines":4,"minecraft:chipped_anvil":9,"minecraft:glowstone_dust":163,"minecraft:moss_block":796,"minecraft:warped_wart_block":42,"minecraft:dropper":10,"minecraft:ink_sac":440,"minecraft:crimson_door":4,"minecraft:loom":3,"minecraft:dark_oak_log":995,"minecraft:red_terracotta":184,"minecraft:barrel":52,"minecraft:quartz_bricks":318,"minecraft:dispenser":10,"minecraft:writable_book":32,"minecraft:blue_ice":26,"minecraft:bread":20,"minecraft:dark_oak_fence":11,"minecraft:bricks":100,"minecraft:spruce_leaves":663,"minecraft:coarse_dirt":97,"minecraft:crafting_table":338,"minecraft:purple_wool":7,"minecraft:nether_wart":1282,"minecraft:crimson_trapdoor":9,"minecraft:red_bed":9,"minecraft:netherite_scrap":4,"minecraft:cracked_stone_bricks":13,"minecraft:cartography_table":7,"minecraft:music_disc_otherside":75,"minecraft:beef":20,"minecraft:iron_nugget":38,"minecraft:quartz_stairs":140,"minecraft:chest":549,"minecraft:egg":16,"minecraft:sandstone":1662,"minecraft:polished_deepslate_slab":18,"minecraft:glow_item_frame":4,"minecraft:spruce_fence":277,"minecraft:carrot":1,"minecraft:redstone":763,"minecraft:mushroom_stem":48,"minecraft:prismarine_crystals":396,"minecraft:tnt":42,"minecraft:cooked_cod":13,"minecraft:peony":15,"minecraft:deepslate_bricks":1009,"minecraft:shears":37,"minecraft:diamond_boots":6,"minecraft:sandstone_stairs":3,"minecraft:warped_sign":4,"minecraft:gold_ingot":46,"minecraft:white_shulker_box":208,"minecraft:glow_berries":24,"minecraft:white_wool":682,"minecraft:lapis_ore":4,"minecraft:stripped_oak_log":6,"minecraft:red_mushroom_block":245,"minecraft:red_mushroom":694,"minecraft:filled_map":356,"minecraft:oak_log":1401,"minecraft:ancient_debris":3,"minecraft:jungle_button":89,"minecraft:golden_boots":3,"minecraft:blue_bed":1,"minecraft:white_banner":390,"minecraft:birch_pressure_plate":2,"minecraft:stone_bricks":3875,"minecraft:kelp":391,"minecraft:cobweb":16,"minecraft:glass_bottle":20,"minecraft:iron_sword":1,"minecraft:flowering_azalea":7,"minecraft:prismarine_brick_stairs":88,"minecraft:dark_oak_slab":131,"minecraft:daylight_detector":1,"minecraft:yellow_concrete":48,"minecraft:spyglass":19,"minecraft:gravel":3322,"minecraft:birch_stairs":26,"minecraft:spruce_sapling":657,"minecraft:spruce_log":9949,"minecraft:sea_lantern":91,"minecraft:firework_rocket":3258,"minecraft:purple_bed":5,"minecraft:polished_diorite":43,"minecraft:stone_axe":2,"minecraft:diamond_axe":12,"minecraft:gray_wool":560,"minecraft:warped_roots":10,"minecraft:oak_button":109,"minecraft:warped_nylium":1,"minecraft:crimson_nylium":12,"minecraft:pink_dye":1,"minecraft:ender_pearl":1388,"minecraft:shulker_shell":844,"minecraft:chiseled_deepslate":38,"minecraft:wheat":232,"minecraft:exposed_copper":3,"minecraft:redstone_block":288,"minecraft:iron_trapdoor":110,"minecraft:light_gray_shulker_box":81,"minecraft:turtle_egg":1,"minecraft:potion":22,"minecraft:raw_copper":2764,"minecraft:smooth_stone_slab":918,"minecraft:iron_leggings":7,"minecraft:armor_stand":28,"minecraft:sticky_piston":76,"minecraft:netherite_ingot":19,"minecraft:pink_shulker_box":4,"minecraft:oak_sign":303,"minecraft:activator_rail":2,"minecraft:deepslate_tiles":947,"minecraft:black_shulker_box":6,"minecraft:dark_oak_leaves":18,"minecraft:redstone_torch":50,"minecraft:calcite":33,"minecraft:deepslate_tile_wall":40,"minecraft:iron_boots":6,"minecraft:furnace":114,"minecraft:stick":1881,"minecraft:orange_shulker_box":4,"minecraft:deepslate_brick_wall":89,"minecraft:oak_fence":126,"minecraft:torch":537,"minecraft:porkchop":7,"minecraft:pointed_dripstone":63,"minecraft:blue_stained_glass":5,"minecraft:quartz_block":1041,"minecraft:nether_gold_ore":34,"minecraft:cactus":3,"minecraft:green_wool":13,"minecraft:leather_horse_armor":2,"minecraft:cod":4,"minecraft:nautilus_shell":1,"minecraft:magma_cream":12,"minecraft:tuff":650,"minecraft:light_gray_dye":1,"minecraft:acacia_boat":3,"minecraft:wither_skeleton_skull":6,"minecraft:green_shulker_box":11,"minecraft:lapis_lazuli":759,"minecraft:polished_granite":26,"minecraft:leather_boots":14,"minecraft:cobbled_deepslate_wall":16,"minecraft:bell":28,"minecraft:raw_gold":17,"minecraft:cobbled_deepslate_slab":18,"minecraft:light_blue_dye":1,"minecraft:powered_rail":117,"minecraft:oak_planks":369,"minecraft:stone_hoe":1,"minecraft:ghast_tear":38,"minecraft:cooked_porkchop":46,"minecraft:music_disc_13":1,"minecraft:jungle_planks":291,"minecraft:polished_blackstone_slab":33,"minecraft:poisonous_potato":2,"minecraft:sand":6763,"minecraft:dead_bush":180,"minecraft:shulker_box":382,"minecraft:orange_wool":90,"minecraft:dark_prismarine":6,"minecraft:light_gray_concrete":155,"minecraft:spruce_fence_gate":2,"minecraft:spruce_boat":133,"minecraft:diamond":427,"minecraft:black_concrete":93,"minecraft:polished_blackstone_button":3,"minecraft:white_concrete":1633,"minecraft:oak_sapling":48,"minecraft:nether_star":1,"minecraft:end_stone_bricks":16,"minecraft:fishing_rod":13,"minecraft:charcoal":12,"minecraft:chicken":16,"minecraft:wooden_pickaxe":2,"minecraft:gold_block":1125,"minecraft:diamond_horse_armor":1,"minecraft:dragon_breath":2,"minecraft:stone_stairs":84,"minecraft:iron_axe":103,"minecraft:orange_concrete":835,"minecraft:item_frame":425,"minecraft:quartz_slab":1954,"minecraft:warped_fence":1,"minecraft:candle":5,"minecraft:detector_rail":5,"minecraft:oak_boat":153,"minecraft:player_head":296,"minecraft:observer":20,"minecraft:light_gray_wool":8,"minecraft:lectern":255,"minecraft:blue_shulker_box":1,"minecraft:sugar_cane":133,"minecraft:phantom_membrane":516,"minecraft:spruce_trapdoor":262,"minecraft:dark_oak_sapling":21,"minecraft:raw_iron":403,"minecraft:copper_ingot":50,"minecraft:red_stained_glass_pane":2,"minecraft:bowl":7,"minecraft:gray_dye":8,"minecraft:quartz_pillar":261,"minecraft:stone_button":716,"minecraft:iron_horse_armor":1,"minecraft:dark_oak_planks":213,"minecraft:arrow":624,"minecraft:jungle_stairs":30,"minecraft:saddle":26,"minecraft:lime_stained_glass":11,"minecraft:wet_sponge":121,"minecraft:crimson_stem":23,"minecraft:glow_ink_sac":55,"minecraft:salmon":3,"minecraft:cut_sandstone":1,"minecraft:birch_planks":576,"minecraft:waxed_copper_block":6,"minecraft:nether_wart_block":25,"minecraft:cobblestone_stairs":25,"minecraft:deepslate_tile_slab":201,"minecraft:smooth_sandstone":272,"minecraft:red_nether_brick_stairs":79,"minecraft:soul_sand":144,"minecraft:acacia_sapling":3,"minecraft:purple_concrete":1,"minecraft:green_dye":31,"minecraft:book":65,"minecraft:oak_slab":103,"minecraft:scaffolding":8395,"minecraft:birch_boat":194,"minecraft:red_concrete_powder":2,"minecraft:pumpkin":174,"minecraft:chiseled_stone_bricks":245,"minecraft:raw_iron_block":1,"minecraft:dripstone_block":135,"minecraft:white_bed":15,"minecraft:dark_oak_fence_gate":3,"minecraft:spider_eye":223,"minecraft:cyan_banner":30,"minecraft:music_disc_mall":5,"minecraft:lime_banner":13,"minecraft:lime_dye":30,"minecraft:campfire":2,"minecraft:honey_block":12,"minecraft:iron_helmet":6,"minecraft:black_wool":87,"minecraft:acacia_slab":8,"minecraft:red_concrete":58,"minecraft:coal":2114},"minecraft:dropped":{"minecraft:iron_sword":1,"minecraft:porkchop":1,"minecraft:lapis_lazuli":531,"minecraft:glow_ink_sac":22,"minecraft:chorus_fruit":36,"minecraft:red_sandstone":1,"minecraft:glass_bottle":72,"minecraft:diamond":729,"minecraft:crafting_table":109,"minecraft:cooked_porkchop":30,"minecraft:dark_oak_slab":29,"minecraft:warped_fungus_on_a_stick":1,"minecraft:weeping_vines":329,"minecraft:glow_berries":32,"minecraft:warped_roots":12,"minecraft:cracked_stone_bricks":1,"minecraft:quartz_pillar":249,"minecraft:red_mushroom":407,"minecraft:emerald":453,"minecraft:gold_block":13,"minecraft:gray_concrete":209,"minecraft:birch_fence":24,"minecraft:dark_oak_fence":55,"minecraft:dark_oak_trapdoor":13,"minecraft:netherite_boots":1,"minecraft:gold_nugget":561,"minecraft:writable_book":24,"minecraft:sand":678,"minecraft:white_wool":413,"minecraft:purple_wool":133,"minecraft:birch_stairs":8,"minecraft:dark_oak_planks":124,"minecraft:fishing_rod":10,"minecraft:dark_oak_door":2,"minecraft:compass":1,"minecraft:stone_axe":1,"minecraft:goat_horn":4,"minecraft:lever":17,"minecraft:diamond_block":601,"minecraft:iron_nugget":50,"minecraft:cooked_chicken":1,"minecraft:cobbled_deepslate":1869,"minecraft:gray_banner":19,"minecraft:black_carpet":1,"minecraft:wheat":82,"minecraft:netherite_sword":4,"minecraft:obsidian":1670,"minecraft:rotten_flesh":934,"minecraft:grindstone":7,"minecraft:pink_carpet":3,"minecraft:oak_planks":295,"minecraft:glowstone_dust":206,"minecraft:warped_sign":6,"minecraft:quartz_bricks":122,"minecraft:golden_shovel":1,"minecraft:nether_brick_fence":22,"minecraft:azure_bluet":17,"minecraft:warped_planks":68,"minecraft:blue_stained_glass":14,"minecraft:rabbit_foot":2,"minecraft:red_mushroom_block":56,"minecraft:sea_lantern":161,"minecraft:coal_ore":69,"minecraft:diorite_wall":30,"minecraft:quartz_block":596,"minecraft:jungle_log":81,"minecraft:leather_boots":8,"minecraft:leather_leggings":12,"minecraft:painting":3,"minecraft:red_nether_bricks":42,"minecraft:glass":206,"minecraft:beef":9,"minecraft:warped_wart_block":27,"minecraft:granite_wall":10,"minecraft:stone_brick_stairs":123,"minecraft:green_stained_glass":14,"minecraft:golden_boots":2,"minecraft:black_dye":72,"minecraft:wheat_seeds":425,"minecraft:deepslate_redstone_ore":4,"minecraft:smooth_quartz_stairs":4,"minecraft:dripstone_block":84,"minecraft:cobbled_deepslate_wall":80,"minecraft:book":31,"minecraft:prismarine_crystals":300,"minecraft:red_stained_glass":14,"minecraft:deepslate_tile_slab":68,"minecraft:golden_apple":5,"minecraft:coal_block":73,"minecraft:lime_banner":9,"minecraft:acacia_sign":9,"minecraft:diamond_horse_armor":4,"minecraft:dark_oak_leaves":6,"minecraft:brown_concrete_powder":5,"minecraft:gray_wool":344,"minecraft:ink_sac":68,"minecraft:blackstone_wall":16,"minecraft:lapis_ore":4,"minecraft:potion":18,"minecraft:oak_stairs":7,"minecraft:white_banner":560,"minecraft:pumpkin":162,"minecraft:red_dye":44,"minecraft:jungle_boat":4,"minecraft:smooth_stone":352,"minecraft:smooth_sandstone":104,"minecraft:acacia_planks":96,"minecraft:red_nether_brick_wall":24,"minecraft:stone_brick_slab":160,"minecraft:snow_block":39,"minecraft:bricks":745,"minecraft:soul_soil":2,"minecraft:player_head":351,"minecraft:sticky_piston":37,"minecraft:stone_shovel":3,"minecraft:white_carpet":15,"minecraft:clay_ball":188,"minecraft:iron_boots":12,"minecraft:shears":30,"minecraft:cobbled_deepslate_slab":19,"minecraft:white_terracotta":12,"minecraft:white_shulker_box":1,"minecraft:polished_deepslate_stairs":4,"minecraft:oak_sign":85,"minecraft:diamond_sword":3,"minecraft:cyan_wool":55,"minecraft:spruce_boat":9,"minecraft:flower_pot":1,"minecraft:spruce_trapdoor":97,"minecraft:spruce_planks":1857,"minecraft:diamond_pickaxe":6,"minecraft:pink_shulker_box":1,"minecraft:redstone_torch":20,"minecraft:stone_pressure_plate":15,"minecraft:bamboo":60,"minecraft:barrel":10,"minecraft:stone_bricks":660,"minecraft:sandstone":81,"minecraft:red_sand":432,"minecraft:bow":25,"minecraft:stripped_spruce_wood":5,"minecraft:magma_block":452,"minecraft:cooked_rabbit":1,"minecraft:terracotta":384,"minecraft:moss_block":794,"minecraft:soul_sand":277,"minecraft:candle":21,"minecraft:orange_dye":4,"minecraft:warped_fungus":3,"minecraft:oak_log":59,"minecraft:ender_pearl":913,"minecraft:nether_star":1,"minecraft:leather":349,"minecraft:honeycomb":34,"minecraft:red_wool":77,"minecraft:prismarine_brick_stairs":16,"minecraft:jungle_planks":417,"minecraft:polished_blackstone_brick_wall":21,"minecraft:birch_slab":28,"minecraft:cod":4,"minecraft:cobblestone_stairs":101,"minecraft:dark_oak_log":209,"minecraft:polished_diorite_stairs":46,"minecraft:packed_ice":3,"minecraft:mutton":5,"minecraft:snowball":139,"minecraft:black_shulker_box":1,"minecraft:jungle_sign":22,"minecraft:wet_sponge":19,"minecraft:black_concrete":34,"minecraft:crimson_door":4,"minecraft:cauldron":1,"minecraft:gold_ingot":224,"minecraft:chiseled_polished_blackstone":6,"minecraft:purpur_block":12,"minecraft:magenta_stained_glass":2,"minecraft:spyglass":18,"minecraft:twisting_vines":4,"minecraft:music_disc_otherside":3,"minecraft:andesite_slab":10,"minecraft:pointed_dripstone":64,"minecraft:cooked_mutton":1,"minecraft:mycelium":237,"minecraft:mushroom_stem":37,"minecraft:oak_chest_boat":1,"minecraft:leather_chestplate":4,"minecraft:trident":13,"minecraft:cyan_banner":42,"minecraft:dropper":5,"minecraft:stone_brick_wall":228,"minecraft:iron_bars":111,"minecraft:iron_ore":34,"minecraft:birch_button":259,"minecraft:scaffolding":115,"minecraft:white_concrete_powder":1995,"minecraft:purple_carpet":2,"minecraft:stone_hoe":1,"minecraft:bread":18,"minecraft:golden_helmet":4,"minecraft:lilac":4,"minecraft:yellow_concrete":47,"minecraft:netherite_axe":9,"minecraft:andesite_wall":47,"minecraft:amethyst_block":48,"minecraft:activator_rail":10,"minecraft:spruce_stairs":118,"minecraft:iron_block":468,"minecraft:milk_bucket":45,"minecraft:green_dye":28,"minecraft:repeater":8,"minecraft:light_blue_wool":119,"minecraft:nether_wart_block":10,"minecraft:melon_slice":31,"minecraft:white_concrete":681,"minecraft:light_gray_shulker_box":1,"minecraft:yellow_shulker_box":3,"minecraft:iron_door":6,"minecraft:light_gray_stained_glass":1,"minecraft:fire_charge":1,"minecraft:polished_andesite_stairs":15,"minecraft:polished_blackstone_brick_slab":12,"minecraft:blue_glazed_terracotta":2,"minecraft:stonecutter":2,"minecraft:polished_basalt":12,"minecraft:cactus":37,"minecraft:tripwire_hook":22,"minecraft:redstone_block":883,"minecraft:polished_deepslate":84,"minecraft:polished_diorite":3,"minecraft:kelp":172,"minecraft:sweet_berries":345,"minecraft:oak_trapdoor":45,"minecraft:dragon_head":1,"minecraft:light_gray_terracotta":17,"minecraft:comparator":2,"minecraft:stripped_oak_log":2,"minecraft:totem_of_undying":21,"minecraft:shulker_box":42,"minecraft:netherite_leggings":1,"minecraft:flint_and_steel":13,"minecraft:copper_ore":238,"minecraft:deepslate_bricks":131,"minecraft:oak_button":75,"minecraft:andesite":1808,"minecraft:oak_sapling":12,"minecraft:birch_sign":40,"minecraft:gray_concrete_powder":27,"minecraft:spruce_log":296,"minecraft:wooden_pickaxe":2,"minecraft:magma_cream":12,"minecraft:nautilus_shell":1,"minecraft:brick":30,"minecraft:crimson_stem":6,"minecraft:piston":24,"minecraft:cooked_beef":62,"minecraft:emerald_ore":1,"minecraft:sandstone_stairs":1,"minecraft:orange_tulip":2,"minecraft:crossbow":216,"minecraft:cookie":9,"minecraft:purpur_stairs":1,"minecraft:elytra":15,"minecraft:red_sandstone_wall":6,"minecraft:dark_oak_button":7,"minecraft:leather_helmet":16,"minecraft:rooted_dirt":105,"minecraft:mossy_stone_brick_stairs":1,"minecraft:dragon_breath":2,"minecraft:saddle":23,"minecraft:rail":480,"minecraft:red_carpet":121,"minecraft:item_frame":281,"minecraft:light_weighted_pressure_plate":1,"minecraft:dirt":8635,"minecraft:red_shulker_box":5,"minecraft:melon":4,"minecraft:grass":1,"minecraft:stone_button":520,"minecraft:yellow_dye":38,"minecraft:jungle_sapling":49,"minecraft:chain":5,"minecraft:bone_block":325,"minecraft:phantom_membrane":353,"minecraft:sunflower":21,"minecraft:bone_meal":344,"minecraft:polished_blackstone_slab":44,"minecraft:sugar":243,"minecraft:iron_pickaxe":1,"minecraft:gray_dye":17,"minecraft:dark_oak_boat":2,"minecraft:end_crystal":20,"minecraft:bone":258,"minecraft:green_wool":67,"minecraft:oak_door":8,"minecraft:polished_blackstone_wall":13,"minecraft:note_block":2,"minecraft:magenta_banner":4,"minecraft:emerald_block":66,"minecraft:sugar_cane":124,"minecraft:polished_andesite_slab":215,"minecraft:golden_chestplate":1,"minecraft:detector_rail":15,"minecraft:pink_dye":2,"minecraft:birch_sapling":26,"minecraft:blue_wool":27,"minecraft:deepslate_brick_slab":8,"minecraft:enchanted_golden_apple":1,"minecraft:end_stone":89,"minecraft:netherite_shovel":5,"minecraft:lime_dye":13,"minecraft:blaze_powder":7,"minecraft:salmon":8,"minecraft:acacia_button":61,"minecraft:chiseled_deepslate":64,"minecraft:deepslate_tiles":210,"minecraft:brick_stairs":4,"minecraft:heavy_weighted_pressure_plate":2,"minecraft:honey_block":9,"minecraft:hopper":26,"minecraft:jungle_stairs":22,"minecraft:charcoal":11,"minecraft:ladder":306,"minecraft:yellow_banner":3,"minecraft:spruce_slab":233,"minecraft:white_dye":40,"minecraft:end_stone_bricks":6,"minecraft:crying_obsidian":227,"minecraft:ghast_tear":1,"minecraft:lectern":4,"minecraft:dark_oak_chest_boat":1,"minecraft:egg":81,"minecraft:enchanted_book":11,"minecraft:crimson_planks":2,"minecraft:iron_ingot":364,"minecraft:netherite_pickaxe":7,"minecraft:cyan_stained_glass":15,"minecraft:gray_stained_glass_pane":21,"minecraft:cobbled_deepslate_stairs":3,"minecraft:tnt":204,"minecraft:copper_block":60,"minecraft:polished_blackstone":75,"minecraft:deepslate_brick_wall":33,"minecraft:netherite_helmet":3,"minecraft:oak_fence":30,"minecraft:feather":49,"minecraft:yellow_terracotta":1,"minecraft:tadpole_bucket":1,"minecraft:cobblestone":19823,"minecraft:purpur_slab":2,"minecraft:iron_helmet":1,"minecraft:apple":7,"minecraft:granite":2102,"minecraft:spruce_button":63,"minecraft:spruce_door":17,"minecraft:purple_dye":4,"minecraft:polished_blackstone_button":2,"minecraft:chainmail_helmet":2,"minecraft:coal":459,"minecraft:polished_blackstone_stairs":6,"minecraft:polished_andesite":690,"minecraft:end_rod":275,"minecraft:jungle_slab":171,"minecraft:warped_slab":182,"minecraft:iron_trapdoor":42,"minecraft:sponge":23,"minecraft:golden_carrot":324,"minecraft:rose_bush":2,"minecraft:diamond_helmet":4,"minecraft:dead_bush":135,"minecraft:paper":791,"minecraft:iron_shovel":2,"minecraft:string":1469,"minecraft:polished_deepslate_wall":2,"minecraft:spruce_sapling":486,"minecraft:gray_carpet":12,"minecraft:purpur_pillar":3,"minecraft:furnace":50,"minecraft:moss_carpet":848,"minecraft:soul_torch":3,"minecraft:netherite_ingot":6,"minecraft:deepslate":907,"minecraft:stone_sword":1,"minecraft:cobblestone_wall":349,"minecraft:dark_oak_sign":28,"minecraft:smooth_stone_slab":428,"minecraft:bowl":25,"minecraft:diamond_hoe":2,"minecraft:cut_copper_stairs":55,"minecraft:chicken":16,"minecraft:slime_block":23,"minecraft:stone_slab":60,"minecraft:orange_wool":66,"minecraft:nether_bricks":393,"minecraft:spruce_fence":85,"minecraft:pumpkin_seeds":179,"minecraft:lightning_rod":202,"minecraft:light_blue_dye":3,"minecraft:potato":5,"minecraft:cobblestone_slab":643,"minecraft:shroomlight":79,"minecraft:stone":4423,"minecraft:crimson_slab":11,"minecraft:blue_banner":16,"minecraft:carved_pumpkin":13,"minecraft:warped_button":65,"minecraft:light_gray_dye":9,"minecraft:spider_eye":266,"minecraft:birch_boat":5,"minecraft:bell":44,"minecraft:dark_prismarine":3,"minecraft:quartz_slab":272,"minecraft:black_wool":87,"minecraft:spruce_sign":99,"minecraft:warped_stem":63,"minecraft:brown_mushroom":1057,"minecraft:birch_planks":224,"minecraft:dark_oak_stairs":1,"minecraft:diamond_axe":6,"minecraft:baked_potato":234,"minecraft:red_nether_brick_slab":51,"minecraft:lantern":133,"minecraft:deepslate_tile_wall":8,"minecraft:flint":482,"minecraft:spruce_leaves":90,"minecraft:deepslate_tile_stairs":66,"minecraft:deepslate_gold_ore":4,"minecraft:jungle_button":213,"minecraft:dispenser":32,"minecraft:crimson_roots":6,"minecraft:cooked_cod":9,"minecraft:pumpkin_pie":4,"minecraft:amethyst_shard":81,"minecraft:polished_blackstone_bricks":8,"minecraft:birch_log":47,"minecraft:brown_mushroom_block":159,"minecraft:armor_stand":19,"minecraft:gravel":901,"minecraft:white_tulip":20,"minecraft:blackstone":16,"minecraft:yellow_wool":69,"minecraft:lime_wool":67,"minecraft:diamond_shovel":6,"minecraft:prismarine":51,"minecraft:stone_stairs":43,"minecraft:brown_shulker_box":10,"minecraft:chainmail_chestplate":2,"minecraft:chiseled_stone_bricks":90,"minecraft:sandstone_wall":12,"minecraft:shulker_shell":113,"minecraft:poppy":208,"minecraft:rabbit_hide":1,"minecraft:gunpowder":286,"minecraft:birch_trapdoor":10,"minecraft:melon_seeds":11,"minecraft:glowstone":89,"minecraft:chest":121,"minecraft:azalea":1,"minecraft:arrow":491,"minecraft:blackstone_slab":6,"minecraft:basalt":13,"minecraft:powered_rail":19,"minecraft:prismarine_bricks":57,"minecraft:quartz":341,"minecraft:netherrack":1751,"minecraft:oak_leaves":138,"minecraft:written_book":27,"minecraft:firework_rocket":1180,"minecraft:water_bucket":9,"minecraft:stripped_spruce_log":7,"minecraft:oak_slab":131,"minecraft:magenta_carpet":16,"minecraft:deepslate_iron_ore":3,"minecraft:mossy_cobblestone":40,"minecraft:minecart":20,"minecraft:cyan_dye":99,"minecraft:diamond_leggings":1,"minecraft:poisonous_potato":5,"minecraft:prismarine_shard":14,"minecraft:lead":2,"minecraft:observer":154,"minecraft:spectral_arrow":1,"minecraft:dark_oak_pressure_plate":2,"minecraft:light_blue_concrete_powder":28,"minecraft:copper_ingot":163,"minecraft:grass_block":380,"minecraft:stick":1259,"minecraft:magenta_bed":1,"minecraft:deepslate_brick_stairs":76,"minecraft:blue_dye":22,"minecraft:diorite":1894,"minecraft:warped_stairs":4,"minecraft:torch":66,"minecraft:smooth_quartz":119,"minecraft:brown_wool":110,"minecraft:map":31,"minecraft:iron_leggings":4,"minecraft:smooth_quartz_slab":8,"minecraft:flowering_azalea":1,"minecraft:iron_axe":156,"minecraft:bucket":49,"minecraft:smooth_basalt":24,"minecraft:redstone":800,"minecraft:nether_brick_slab":2,"minecraft:gray_stained_glass":3,"minecraft:anvil":10,"minecraft:brown_dye":2,"minecraft:coarse_dirt":3,"minecraft:warped_nylium":1,"minecraft:blaze_rod":46,"minecraft:ender_chest":3,"minecraft:nether_wart":192,"minecraft:raw_copper":2382,"minecraft:tuff":120,"minecraft:raw_iron":254,"minecraft:brown_glazed_terracotta":16,"minecraft:wither_skeleton_skull":1,"minecraft:light_gray_wool":56,"minecraft:smoker":1,"minecraft:cyan_stained_glass_pane":61,"minecraft:glass_pane":8,"minecraft:red_terracotta":363,"minecraft:red_nether_brick_stairs":79,"minecraft:crimson_button":37,"minecraft:filled_map":172,"minecraft:shield":3,"minecraft:diamond_chestplate":1,"minecraft:dragon_egg":1,"minecraft:iron_chestplate":3,"minecraft:mossy_stone_bricks":4,"minecraft:quartz_stairs":14,"minecraft:purple_bed":3,"minecraft:pink_wool":58,"minecraft:blue_ice":98,"minecraft:oak_boat":13,"minecraft:golden_sword":145,"minecraft:diamond_boots":3,"minecraft:slime_ball":251,"minecraft:beacon":1,"minecraft:purple_shulker_box":1,"minecraft:raw_gold":7,"minecraft:calcite":18,"minecraft:white_stained_glass":2}},"DataVersion":3120}