{"stats":{"minecraft:picked_up":{"minecraft:iron_chestplate":16,"minecraft:anvil":2,"minecraft:prismarine_shard":2,"minecraft:smithing_table":1,"minecraft:magenta_carpet":19,"minecraft:lead":17,"minecraft:diamond_sword":11,"minecraft:enchanted_book":4,"minecraft:golden_shovel":1,"minecraft:brewing_stand":3,"minecraft:blue_concrete":82,"minecraft:amethyst_block":189,"minecraft:string":68,"minecraft:dark_oak_trapdoor":4,"minecraft:cooked_salmon":4,"minecraft:cobbled_deepslate":1689,"minecraft:spruce_planks":3,"minecraft:written_book":10,"minecraft:dark_oak_door":1,"minecraft:golden_helmet":7,"minecraft:light_gray_bed":2,"minecraft:light_blue_wool":1,"minecraft:tropical_fish":2,"minecraft:polished_basalt":2,"minecraft:red_tulip":356,"minecraft:carved_pumpkin":1,"minecraft:end_rod":10,"minecraft:blaze_rod":5,"minecraft:snowball":5,"minecraft:birch_log":6,"minecraft:magma_block":9,"minecraft:feather":19,"minecraft:cooked_beef":112,"minecraft:water_bucket":5,"minecraft:iron_door":1,"minecraft:birch_slab":9,"minecraft:dark_oak_boat":1,"minecraft:flint":16,"minecraft:chipped_anvil":1,"minecraft:dark_oak_sign":6,"minecraft:rabbit":1,"minecraft:diamond_helmet":3,"minecraft:moss_block":103,"minecraft:ink_sac":8,"minecraft:dark_oak_log":2,"minecraft:barrel":2,"minecraft:quartz_bricks":2,"minecraft:writable_book":9,"minecraft:granite":55,"minecraft:golden_horse_armor":1,"minecraft:bread":44,"minecraft:diamond_pickaxe":15,"minecraft:crafting_table":41,"minecraft:clay_ball":88,"minecraft:leather_leggings":2,"minecraft:dragon_head":2,"minecraft:heavy_weighted_pressure_plate":1,"minecraft:cornflower":294,"minecraft:elytra":5,"minecraft:flint_and_steel":13,"minecraft:white_stained_glass":19,"minecraft:white_carpet":1,"minecraft:iron_shovel":4,"minecraft:beef":1,"minecraft:poppy":258,"minecraft:iron_nugget":3,"minecraft:spruce_slab":3,"minecraft:chest":6,"minecraft:piston":1,"minecraft:diamond_hoe":1,"minecraft:egg":9,"minecraft:polished_deepslate_slab":6,"minecraft:stone":1,"minecraft:oak_door":5,"minecraft:glow_item_frame":1,"minecraft:spruce_fence":7,"minecraft:carrot":2,"minecraft:redstone":394,"minecraft:prismarine_crystals":1,"minecraft:jungle_sign":1,"minecraft:cooked_cod":2,"minecraft:diamond_chestplate":1,"minecraft:stone_shovel":1,"minecraft:beetroot_seeds":3,"minecraft:peony":137,"minecraft:shears":13,"minecraft:diamond_boots":1,"minecraft:hay_block":19,"minecraft:warped_sign":1,"minecraft:gold_ingot":4,"minecraft:polished_blackstone":128,"minecraft:glow_berries":2,"minecraft:mutton":3,"minecraft:white_wool":21,"minecraft:rail":9,"minecraft:oxeye_daisy":4,"minecraft:clock":1,"minecraft:filled_map":8,"minecraft:oak_log":122,"minecraft:lily_pad":3,"minecraft:golden_boots":6,"minecraft:paper":129,"minecraft:stone_bricks":1,"minecraft:kelp":38,"minecraft:spore_blossom":2,"minecraft:stone_pickaxe":1,"minecraft:cobweb":223,"minecraft:iron_sword":2,"minecraft:dark_oak_stairs":15,"minecraft:milk_bucket":1,"minecraft:smooth_basalt":66,"minecraft:white_stained_glass_pane":19,"minecraft:dark_oak_slab":16,"minecraft:sweet_berries":752,"minecraft:lime_concrete":3,"minecraft:gravel":64,"minecraft:spruce_log":16,"minecraft:crying_obsidian":1,"minecraft:leather_helmet":7,"minecraft:firework_rocket":170,"minecraft:diamond_shovel":2,"minecraft:slime_ball":72,"minecraft:purple_glazed_terracotta":3,"minecraft:stone_axe":1,"minecraft:birch_sign":7,"minecraft:gray_wool":1,"minecraft:ender_pearl":1003,"minecraft:wheat":159,"minecraft:light_blue_concrete":42,"minecraft:ender_chest":1,"minecraft:turtle_egg":1,"minecraft:potion":2,"minecraft:raw_copper":14,"minecraft:iron_leggings":15,"minecraft:oak_sign":4,"minecraft:sea_pickle":4,"minecraft:deepslate_tiles":2,"minecraft:bucket":1,"minecraft:white_tulip":291,"minecraft:red_dye":41,"minecraft:rose_bush":33,"minecraft:calcite":384,"minecraft:azalea":1,"minecraft:iron_pickaxe":2,"minecraft:furnace":38,"minecraft:iron_boots":14,"minecraft:blue_wool":1,"minecraft:tipped_arrow":1,"minecraft:stick":109,"minecraft:orange_shulker_box":11,"minecraft:deepslate_brick_wall":1,"minecraft:oak_fence":4,"minecraft:torch":42,"minecraft:porkchop":4,"minecraft:diorite":88,"minecraft:quartz_block":2,"minecraft:cactus":47,"minecraft:rotten_flesh":334,"minecraft:obsidian":389,"minecraft:cod":1,"minecraft:cobblestone":1797,"minecraft:nautilus_shell":1,"minecraft:enchanting_table":1,"minecraft:lilac":79,"minecraft:magma_cream":10,"minecraft:andesite":88,"minecraft:golden_leggings":3,"minecraft:tuff":143,"minecraft:prismarine_bricks":7,"minecraft:dirt":517,"minecraft:green_shulker_box":16,"minecraft:lapis_lazuli":459,"minecraft:name_tag":2,"minecraft:bone":177,"minecraft:acacia_planks":35,"minecraft:bow":28,"minecraft:wheat_seeds":548,"minecraft:orange_tulip":490,"minecraft:raw_gold":233,"minecraft:bell":1,"minecraft:mossy_stone_bricks":4,"minecraft:bamboo":26,"minecraft:prismarine":8,"minecraft:oak_planks":170,"minecraft:ghast_tear":1,"minecraft:cooked_porkchop":61,"minecraft:axolotl_bucket":2,"minecraft:sand":62,"minecraft:jungle_planks":16,"minecraft:grass_block":9,"minecraft:lily_of_the_valley":153,"minecraft:spectral_arrow":3,"minecraft:jungle_slab":5,"minecraft:shulker_box":43,"minecraft:mossy_cobblestone":3,"minecraft:dark_prismarine":9,"minecraft:diamond":125,"minecraft:spruce_boat":45,"minecraft:bone_meal":5,"minecraft:golden_apple":5,"minecraft:white_concrete":50,"minecraft:emerald":18,"minecraft:oak_sapling":2,"minecraft:chorus_fruit":39,"minecraft:netherrack":85,"minecraft:oak_leaves":1212,"minecraft:fishing_rod":2,"minecraft:charcoal":6,"minecraft:azure_bluet":766,"minecraft:allium":174,"minecraft:chicken":2,"minecraft:chest_minecart":1,"minecraft:packed_ice":15,"minecraft:wooden_pickaxe":1,"minecraft:pink_wool":1,"minecraft:gold_block":2,"minecraft:shield":13,"minecraft:moss_carpet":38,"minecraft:iron_axe":16,"minecraft:item_frame":1,"minecraft:quartz_slab":5,"minecraft:mycelium":2,"minecraft:blackstone":192,"minecraft:oak_boat":72,"minecraft:player_head":59,"minecraft:light_gray_wool":4,"minecraft:sugar_cane":88,"minecraft:spruce_trapdoor":7,"minecraft:phantom_membrane":42,"minecraft:end_stone":48,"minecraft:raw_iron":764,"minecraft:copper_ingot":2,"minecraft:bowl":20,"minecraft:polished_blackstone_bricks":4,"minecraft:dark_oak_planks":27,"minecraft:arrow":247,"minecraft:jungle_stairs":2,"minecraft:golden_hoe":1,"minecraft:pink_tulip":211,"minecraft:saddle":7,"minecraft:basalt":127,"minecraft:golden_carrot":17,"minecraft:glow_ink_sac":6,"minecraft:salmon":1,"minecraft:leather":42,"minecraft:birch_planks":7,"minecraft:mushroom_stew":8,"minecraft:chainmail_chestplate":1,"minecraft:cobblestone_wall":6,"minecraft:gunpowder":75,"minecraft:deepslate_tile_slab":2,"minecraft:cooked_mutton":64,"minecraft:gray_carpet":2,"minecraft:heart_of_the_sea":1,"minecraft:iron_ingot":47,"minecraft:cooked_chicken":20,"minecraft:book":160,"minecraft:pink_bed":3,"minecraft:oak_slab":2,"minecraft:pumpkin":2,"minecraft:stone_brick_slab":2,"minecraft:dandelion":1036,"minecraft:raw_iron_block":10,"minecraft:lava_bucket":16,"minecraft:amethyst_shard":48,"minecraft:blast_furnace":1,"minecraft:spider_eye":16,"minecraft:pumpkin_seeds":5,"minecraft:iron_helmet":11,"minecraft:black_wool":4,"minecraft:red_concrete":6,"minecraft:coal":530,"minecraft:sunflower":7},"minecraft:killed":{"minecraft:cave_spider":4,"minecraft:cod":2,"minecraft:skeleton":149,"minecraft:guardian":2,"minecraft:chicken":6,"minecraft:magma_cube":5,"minecraft:donkey":1,"minecraft:zombie":229,"minecraft:glow_squid":3,"minecraft:cow":21,"minecraft:vindicator":3,"minecraft:horse":5,"minecraft:husk":1,"minecraft:enderman":789,"minecraft:zombified_piglin":2,"minecraft:witch":1,"minecraft:spider":46,"minecraft:bee":2,"minecraft:pig":26,"minecraft:zombie_villager":4,"minecraft:creeper":56,"minecraft:sheep":34,"minecraft:ghast":1,"minecraft:stray":1,"minecraft:slime":29,"minecraft:phantom":20,"minecraft:drowned":21,"minecraft:bat":5,"minecraft:squid":2},"minecraft:dropped":{"minecraft:iron_sword":1,"minecraft:lapis_lazuli":195,"minecraft:cooked_beef":1,"minecraft:glow_ink_sac":4,"minecraft:diamond":1,"minecraft:crafting_table":3,"minecraft:dark_oak_slab":5,"minecraft:orange_tulip":210,"minecraft:elytra":4,"minecraft:rail":3,"minecraft:leather_helmet":3,"minecraft:emerald":1,"minecraft:dirt":26,"minecraft:writable_book":2,"minecraft:bone_meal":3,"minecraft:sand":2,"minecraft:white_wool":6,"minecraft:bone":15,"minecraft:dark_oak_door":1,"minecraft:stone_axe":3,"minecraft:sugar_cane":6,"minecraft:iron_nugget":8,"minecraft:cobbled_deepslate":112,"minecraft:wheat":17,"minecraft:rotten_flesh":130,"minecraft:oak_planks":10,"minecraft:end_stone":2,"minecraft:golden_shovel":1,"minecraft:azure_bluet":3,"minecraft:salmon":1,"minecraft:spruce_slab":2,"minecraft:golden_boots":1,"minecraft:wheat_seeds":83,"minecraft:feather":1,"minecraft:book":1,"minecraft:prismarine_crystals":1,"minecraft:cobblestone":102,"minecraft:granite":14,"minecraft:coal":17,"minecraft:golden_apple":1,"minecraft:oxeye_daisy":1,"minecraft:lava_bucket":1,"minecraft:gray_wool":1,"minecraft:wooden_axe":1,"minecraft:potion":1,"minecraft:iron_shovel":1,"minecraft:string":9,"minecraft:gray_carpet":2,"minecraft:moss_carpet":7,"minecraft:player_head":15,"minecraft:bowl":2,"minecraft:stone_shovel":1,"minecraft:chicken":2,"minecraft:iron_boots":2,"minecraft:shears":6,"minecraft:pumpkin_seeds":9,"minecraft:sea_pickle":4,"minecraft:peony":44,"minecraft:diamond_pickaxe":1,"minecraft:stone_bricks":1,"minecraft:spider_eye":14,"minecraft:bow":5,"minecraft:red_tulip":64,"minecraft:magma_block":5,"minecraft:black_wool":4,"minecraft:moss_block":16,"minecraft:birch_planks":1,"minecraft:oak_log":3,"minecraft:ender_pearl":821,"minecraft:green_shulker_box":1,"minecraft:leather":4,"minecraft:flint":2,"minecraft:cornflower":65,"minecraft:snowball":4,"minecraft:axolotl_bucket":2,"minecraft:gravel":7,"minecraft:prismarine":1,"minecraft:cooked_mutton":9,"minecraft:gunpowder":7,"minecraft:basalt":1,"minecraft:netherrack":2,"minecraft:firework_rocket":5,"minecraft:water_bucket":1,"minecraft:stone_hoe":1,"minecraft:magenta_carpet":2,"minecraft:smithing_table":1,"minecraft:prismarine_shard":2,"minecraft:lead":1,"minecraft:stick":9,"minecraft:blue_dye":1,"minecraft:diorite":36,"minecraft:torch":23,"minecraft:iron_leggings":1,"minecraft:bucket":2,"minecraft:dandelion":5,"minecraft:redstone":78,"minecraft:sweet_berries":6,"minecraft:kelp":5,"minecraft:ender_chest":1,"minecraft:raw_copper":6,"minecraft:tuff":36,"minecraft:raw_iron":13,"minecraft:light_gray_wool":1,"minecraft:flint_and_steel":1,"minecraft:filled_map":2,"minecraft:shield":2,"minecraft:andesite":20,"minecraft:mossy_stone_bricks":4,"minecraft:oak_boat":1,"minecraft:oak_sapling":1,"minecraft:stone_pickaxe":5,"minecraft:wooden_pickaxe":2,"minecraft:raw_gold":8,"minecraft:calcite":57},"minecraft:used":{"minecraft:peony":1,"minecraft:moss_block":102,"minecraft:writable_book":29,"minecraft:spruce_slab":7,"minecraft:elytra":7,"minecraft:poppy":2,"minecraft:chest":24,"minecraft:stone":1,"minecraft:warped_sign":1,"minecraft:rotten_flesh":74,"minecraft:lily_of_the_valley":4,"minecraft:jungle_slab":3,"minecraft:allium":1,"minecraft:azure_bluet":5,"minecraft:spruce_boat":38,"minecraft:packed_ice":68,"minecraft:lava_bucket":207,"minecraft:grass_block":1,"minecraft:orange_shulker_box":10,"minecraft:quartz_block":2,"minecraft:dark_oak_slab":7,"minecraft:pink_wool":1,"minecraft:bow":275,"minecraft:sweet_berries":560,"minecraft:oak_sapling":1,"minecraft:furnace":42,"minecraft:cooked_cod":2,"minecraft:egg":9,"minecraft:deepslate_brick_wall":1,"minecraft:leather_leggings":1,"minecraft:diorite":36,"minecraft:prismarine":7,"minecraft:orange_tulip":15,"minecraft:leather_chestplate":1,"minecraft:wooden_pickaxe":34,"minecraft:oak_leaves":669,"minecraft:golden_apple":1,"minecraft:glow_berries":5,"minecraft:dark_oak_trapdoor":4,"minecraft:blue_dye":1,"minecraft:deepslate_tiles":2,"minecraft:birch_slab":21,"minecraft:spore_blossom":7,"minecraft:oak_pressure_plate":1,"minecraft:lilac":1,"minecraft:diamond_sword":1072,"minecraft:poisonous_potato":1,"minecraft:oak_boat":55,"minecraft:enchanting_table":2,"minecraft:stone_sword":36,"minecraft:carved_pumpkin":1,"minecraft:red_concrete":6,"minecraft:mycelium":2,"minecraft:music_disc_5":1,"minecraft:cooked_salmon":5,"minecraft:netherrack":78,"minecraft:torch":115,"minecraft:anvil":4,"minecraft:cod_bucket":7,"minecraft:golden_shovel":29,"minecraft:iron_axe":548,"minecraft:barrel":2,"minecraft:smooth_basalt":2,"minecraft:diamond_chestplate":1,"minecraft:basalt":126,"minecraft:beef":1,"minecraft:cobbled_deepslate":758,"minecraft:acacia_planks":11,"minecraft:calcite":30,"minecraft:wheat_seeds":163,"minecraft:water_bucket":749,"minecraft:rabbit":1,"minecraft:birch_planks":4,"minecraft:glow_ink_sac":2,"minecraft:polished_deepslate_slab":2,"minecraft:rail":30,"minecraft:oak_slab":7,"minecraft:crafting_table":43,"minecraft:birch_sign":12,"minecraft:cod":1,"minecraft:spruce_log":1,"minecraft:diamond_pickaxe":3665,"minecraft:cornflower":9,"minecraft:oxeye_daisy":2,"minecraft:sunflower":6,"minecraft:suspicious_stew":1,"minecraft:iron_pickaxe":2124,"minecraft:leather_helmet":5,"minecraft:spruce_trapdoor":5,"minecraft:pink_bed":3,"minecraft:potion":1,"minecraft:cobblestone":782,"minecraft:cooked_porkchop":66,"minecraft:porkchop":1,"minecraft:dandelion":747,"minecraft:moss_carpet":10,"minecraft:iron_shovel":249,"minecraft:oak_sign":16,"minecraft:polished_basalt":2,"minecraft:shield":382,"minecraft:iron_sword":600,"minecraft:player_head":8,"minecraft:iron_chestplate":4,"minecraft:jungle_planks":15,"minecraft:deepslate_tile_slab":2,"minecraft:tuff":63,"minecraft:axolotl_bucket":104,"minecraft:milk_bucket":1,"minecraft:obsidian":44,"minecraft:glass":4,"minecraft:iron_helmet":3,"minecraft:item_frame":1,"minecraft:magma_block":4,"minecraft:written_book":14,"minecraft:gold_block":1,"minecraft:dark_oak_stairs":11,"minecraft:dark_oak_sign":2,"minecraft:stone_pickaxe":258,"minecraft:oak_planks":40,"minecraft:ender_pearl":5,"minecraft:sugar_cane":32,"minecraft:white_wool":5,"minecraft:golden_hoe":19,"minecraft:mushroom_stew":107,"minecraft:light_blue_wool":1,"minecraft:end_stone":17,"minecraft:shears":905,"minecraft:firework_rocket":238,"minecraft:heavy_weighted_pressure_plate":1,"minecraft:bread":122,"minecraft:string":2,"minecraft:gravel":10,"minecraft:pufferfish_bucket":1,"minecraft:andesite":17,"minecraft:white_concrete":50,"minecraft:tropical_fish_bucket":6,"minecraft:golden_pickaxe":4,"minecraft:cobweb":4,"minecraft:oak_fence":4,"minecraft:white_tulip":34,"minecraft:flint_and_steel":31,"minecraft:stone_shovel":69,"minecraft:redstone":5,"minecraft:dried_kelp":17,"minecraft:spruce_planks":3,"minecraft:stone_hoe":74,"minecraft:cooked_chicken":21,"minecraft:oak_door":7,"minecraft:dirt":467,"minecraft:white_carpet":1,"minecraft:prismarine_bricks":7,"minecraft:diamond_helmet":1,"minecraft:shulker_box":43,"minecraft:salmon_bucket":6,"minecraft:spruce_fence":11,"minecraft:granite":40,"minecraft:stone_brick_slab":2,"minecraft:dark_oak_planks":4,"minecraft:wooden_axe":4,"minecraft:red_tulip":5,"minecraft:iron_boots":3,"minecraft:light_gray_wool":2,"minecraft:golden_carrot":69,"minecraft:cooked_beef":110,"minecraft:red_dye":2,"minecraft:pumpkin":1,"minecraft:light_gray_bed":3,"minecraft:iron_leggings":3,"minecraft:quartz_bricks":2,"minecraft:cooked_mutton":49,"minecraft:amethyst_block":4,"minecraft:pink_tulip":1,"minecraft:blue_wool":1,"minecraft:spruce_sign":2,"minecraft:glow_item_frame":1,"minecraft:spider_eye":2,"minecraft:magenta_carpet":3,"minecraft:piston":1,"minecraft:apple":1,"minecraft:map":1,"minecraft:stone_axe":299,"minecraft:green_shulker_box":15,"minecraft:fishing_rod":52,"minecraft:bucket":1079},"minecraft:broken":{"minecraft:golden_boots":2,"minecraft:shears":2,"minecraft:iron_boots":1,"minecraft:iron_sword":1,"minecraft:fishing_rod":1,"minecraft:shield":3,"minecraft:iron_axe":2,"minecraft:iron_pickaxe":7,"minecraft:golden_helmet":1,"minecraft:leather_leggings":1,"minecraft:golden_shovel":1,"minecraft:stone_axe":1},"minecraft:mined":{"minecraft:dark_oak_planks":29,"minecraft:pink_bed":3,"minecraft:obsidian":388,"minecraft:carved_pumpkin":1,"minecraft:granite":44,"minecraft:light_gray_bed":2,"minecraft:blue_wool":1,"minecraft:oak_wall_sign":4,"minecraft:oxeye_daisy":4,"minecraft:spawner":5,"minecraft:tall_seagrass":2,"minecraft:magma_block":9,"minecraft:dark_oak_trapdoor":4,"minecraft:fire":30,"minecraft:cobbled_deepslate":43,"minecraft:barrel":2,"minecraft:pumpkin":1,"minecraft:moss_carpet":3,"minecraft:deepslate_lapis_ore":31,"minecraft:enchanting_table":1,"minecraft:small_amethyst_bud":2,"minecraft:pink_tulip":209,"minecraft:player_head":1,"minecraft:tripwire":1,"minecraft:magenta_carpet":6,"minecraft:kelp_plant":8,"minecraft:player_wall_head":4,"minecraft:deepslate_brick_wall":1,"minecraft:amethyst_cluster":6,"minecraft:deepslate_tile_slab":1,"minecraft:powder_snow":11,"minecraft:torch":9,"minecraft:blast_furnace":1,"minecraft:glass":4,"minecraft:sugar_cane":42,"minecraft:amethyst_block":163,"minecraft:wheat":158,"minecraft:lilac":81,"minecraft:grass":671,"minecraft:smooth_basalt":69,"minecraft:deepslate":1658,"minecraft:attached_pumpkin_stem":1,"minecraft:purple_glazed_terracotta":3,"minecraft:deepslate_tiles":2,"minecraft:light_blue_wool":1,"minecraft:dark_oak_log":3,"minecraft:shulker_box":43,"minecraft:end_stone":19,"minecraft:allium":175,"minecraft:spruce_fence":4,"minecraft:jungle_planks":18,"minecraft:orange_shulker_box":11,"minecraft:moss_block":33,"minecraft:kelp":10,"minecraft:pink_wool":1,"minecraft:redstone_ore":2,"minecraft:andesite":96,"minecraft:rail":6,"minecraft:white_wool":3,"minecraft:smithing_table":1,"minecraft:glass_pane":6,"minecraft:lily_of_the_valley":153,"minecraft:brown_carpet":4,"minecraft:stone_brick_slab":2,"minecraft:dandelion":949,"minecraft:cornflower":170,"minecraft:emerald_ore":4,"minecraft:copper_ore":2,"minecraft:tall_grass":68,"minecraft:deepslate_gold_ore":140,"minecraft:diorite":89,"minecraft:dark_oak_wall_sign":2,"minecraft:white_carpet":1,"minecraft:spruce_log":17,"minecraft:birch_leaves":4,"minecraft:sunflower":8,"minecraft:gravel":55,"minecraft:cobweb":162,"minecraft:acacia_planks":15,"minecraft:birch_sign":2,"minecraft:stone_bricks":1,"minecraft:chipped_anvil":1,"minecraft:gold_ore":12,"minecraft:large_amethyst_bud":2,"minecraft:spruce_planks":3,"minecraft:jungle_slab":3,"minecraft:brewing_stand":3,"minecraft:spruce_trapdoor":7,"minecraft:budding_amethyst":14,"minecraft:grass_block":131,"minecraft:white_concrete":50,"minecraft:raw_iron_block":9,"minecraft:iron_ore":301,"minecraft:anvil":2,"minecraft:azure_bluet":640,"minecraft:dark_oak_stairs":13,"minecraft:red_tulip":297,"minecraft:birch_wall_sign":5,"minecraft:spruce_slab":2,"minecraft:deepslate_redstone_ore":83,"minecraft:quartz_block":2,"minecraft:medium_amethyst_bud":2,"minecraft:jungle_stairs":2,"minecraft:calcite":338,"minecraft:poppy":247,"minecraft:chest":5,"minecraft:cobblestone":265,"minecraft:prismarine":8,"minecraft:oak_planks":32,"minecraft:iron_door":1,"minecraft:wall_torch":2,"minecraft:dark_oak_slab":15,"minecraft:birch_log":6,"minecraft:light_gray_wool":1,"minecraft:orange_tulip":269,"minecraft:oak_log":119,"minecraft:sand":5,"minecraft:dirt":265,"minecraft:netherrack":73,"minecraft:oak_leaves":826,"minecraft:diamond_ore":1,"minecraft:crying_obsidian":1,"minecraft:tuff":166,"minecraft:deepslate_diamond_ore":66,"minecraft:oak_door":5,"minecraft:birch_slab":7,"minecraft:hay_block":19,"minecraft:spore_blossom":1,"minecraft:furnace":37,"minecraft:polished_basalt":2,"minecraft:peony":93,"minecraft:gold_block":2,"minecraft:bell":1,"minecraft:deepslate_iron_ore":300,"minecraft:packed_ice":141,"minecraft:white_tulip":276,"minecraft:stone":866,"minecraft:snow_block":1,"minecraft:basalt":131,"minecraft:oak_fence":4,"minecraft:crafting_table":36,"minecraft:rose_bush":33,"minecraft:quartz_bricks":2,"minecraft:lapis_ore":10,"minecraft:red_concrete":6,"minecraft:prismarine_bricks":7,"minecraft:birch_planks":4,"minecraft:green_shulker_box":15,"minecraft:sweet_berry_bush":50,"minecraft:coal_ore":254,"minecraft:cracked_stone_bricks":1,"minecraft:mossy_stone_bricks":4},"minecraft:killed_by":{"minecraft:magma_cube":2,"minecraft:zombie":2,"minecraft:creeper":3,"minecraft:player":8,"minecraft:enderman":2,"minecraft:skeleton":7},"minecraft:custom":{"minecraft:interact_with_crafting_table":226,"minecraft:open_barrel":315,"minecraft:bell_ring":83,"minecraft:eat_cake_slice":33,"minecraft:leave_game":43,"minecraft:time_since_death":1202491,"minecraft:damage_blocked_by_shield":20235,"minecraft:play_time":3100825,"minecraft:deaths":47,"minecraft:jump":50571,"minecraft:enchant_item":18,"minecraft:interact_with_furnace":399,"minecraft:play_record":1,"minecraft:traded_with_villager":2,"minecraft:sleep_in_bed":25,"minecraft:damage_dealt":139772,"minecraft:interact_with_smoker":6,"minecraft:inspect_dispenser":1,"minecraft:horse_one_cm":5037,"minecraft:interact_with_smithing_table":1,"minecraft:inspect_dropper":4,"minecraft:interact_with_anvil":31,"minecraft:inspect_hopper":3,"minecraft:target_hit":49,"minecraft:sneak_time":105068,"minecraft:interact_with_lectern":39,"minecraft:interact_with_blast_furnace":6,"minecraft:total_world_time":3100825,"minecraft:interact_with_stonecutter":3,"minecraft:time_since_rest":326065,"minecraft:swim_one_cm":1826416,"minecraft:fly_one_cm":11137474,"minecraft:open_chest":2537,"minecraft:fish_caught":1,"minecraft:fall_one_cm":1448501,"minecraft:animals_bred":39,"minecraft:open_shulker_box":442,"minecraft:damage_resisted":941,"minecraft:sprint_one_cm":9179020,"minecraft:drop":457,"minecraft:play_noteblock":19,"minecraft:talked_to_villager":26,"minecraft:interact_with_brewingstand":2,"minecraft:walk_on_water_one_cm":286533,"minecraft:open_enderchest":64,"minecraft:interact_with_beacon":1,"minecraft:player_kills":2,"minecraft:crouch_one_cm":263519,"minecraft:mob_kills":1577,"minecraft:climb_one_cm":95740,"minecraft:walk_one_cm":3521722,"minecraft:walk_under_water_one_cm":419980,"minecraft:boat_one_cm":3188569,"minecraft:interact_with_grindstone":9,"minecraft:damage_taken":42786,"minecraft:damage_absorbed":39,"minecraft:minecart_one_cm":292,"minecraft:aviate_one_cm":25800475},"minecraft:crafted":{"minecraft:oak_sign":12,"minecraft:oak_pressure_plate":1,"minecraft:birch_slab":12,"minecraft:shulker_box":2,"minecraft:cooked_mutton":2,"minecraft:cooked_porkchop":3,"minecraft:polished_deepslate_slab":6,"minecraft:light_gray_bed":1,"minecraft:iron_pickaxe":11,"minecraft:iron_block":6,"minecraft:gold_ingot":45,"minecraft:light_gray_dye":2,"minecraft:stone_shovel":1,"minecraft:player_head":2,"minecraft:light_gray_wool":2,"minecraft:bone_meal":24,"minecraft:spruce_fence":9,"minecraft:spruce_slab":6,"minecraft:stone_pickaxe":5,"minecraft:spruce_boat":1,"minecraft:dark_oak_planks":8,"minecraft:wheat":36,"minecraft:enchanting_table":1,"minecraft:dried_kelp":17,"minecraft:leather_helmet":3,"minecraft:orange_dye":1,"minecraft:wooden_axe":1,"minecraft:iron_shovel":4,"minecraft:iron_leggings":4,"minecraft:oak_planks":404,"minecraft:cobblestone_slab":6,"minecraft:bow":3,"minecraft:iron_boots":2,"minecraft:chest":19,"minecraft:stone_hoe":1,"minecraft:raw_iron_block":13,"minecraft:oak_slab":12,"minecraft:arrow":8,"minecraft:crafting_table":19,"minecraft:spruce_planks":68,"minecraft:wooden_pickaxe":3,"minecraft:iron_helmet":3,"minecraft:birch_planks":24,"minecraft:iron_chestplate":4,"minecraft:book":7,"minecraft:paper":27,"minecraft:diamond_pickaxe":2,"minecraft:yellow_dye":2,"minecraft:shield":10,"minecraft:stick":144,"minecraft:iron_ingot":625,"minecraft:stone_sword":1,"minecraft:green_shulker_box":1,"minecraft:shears":7,"minecraft:oak_door":3,"minecraft:raw_iron":198,"minecraft:fishing_rod":1,"minecraft:furnace":19,"minecraft:piston":1,"minecraft:flint_and_steel":5,"minecraft:polished_deepslate":4,"minecraft:iron_axe":7,"minecraft:birch_sign":6,"minecraft:cooked_beef":4,"minecraft:red_dye":2,"minecraft:diamond_sword":2,"minecraft:iron_sword":4,"minecraft:bowl":4,"minecraft:golden_shovel":3,"minecraft:bucket":14,"minecraft:stone_axe":4,"minecraft:bread":65,"minecraft:air":0,"minecraft:blue_dye":2,"minecraft:oak_boat":3,"minecraft:anvil":2,"minecraft:torch":84,"minecraft:firework_rocket":18}},"DataVersion":3120}