{"stats":{"minecraft:mined":{"minecraft:red_shulker_box":22,"minecraft:white_bed":2,"minecraft:red_nether_bricks":2,"minecraft:light_blue_carpet":5,"minecraft:obsidian":13500,"minecraft:granite":47,"minecraft:yellow_carpet":1,"minecraft:deepslate_tile_stairs":4,"minecraft:hopper":11,"minecraft:oak_wall_sign":4,"minecraft:nether_wart":2099,"minecraft:fire":10,"minecraft:sticky_piston":2,"minecraft:cobbled_deepslate":46,"minecraft:deepslate_lapis_ore":67,"minecraft:lime_stained_glass_pane":10,"minecraft:polished_deepslate_slab":28,"minecraft:dirt_path":1,"minecraft:quartz_slab":5,"minecraft:player_head":2,"minecraft:magenta_carpet":5,"minecraft:brown_mushroom":47,"minecraft:deepslate_tile_slab":1,"minecraft:powder_snow":7,"minecraft:torch":87,"minecraft:note_block":36,"minecraft:white_stained_glass_pane":1,"minecraft:glass":1,"minecraft:lime_shulker_box":6,"minecraft:sugar_cane":19,"minecraft:spruce_sign":1,"minecraft:repeater":66,"minecraft:lilac":1,"minecraft:grass":35,"minecraft:red_mushroom_block":397,"minecraft:stonecutter":34,"minecraft:piston":1,"minecraft:deepslate":10643,"minecraft:light_blue_stained_glass_pane":5,"minecraft:deepslate_tiles":54,"minecraft:pink_shulker_box":1,"minecraft:blue_stained_glass_pane":15,"minecraft:shulker_box":184,"minecraft:end_stone":108,"minecraft:orange_shulker_box":16,"minecraft:redstone_wire":92,"minecraft:lime_wool":8,"minecraft:red_mushroom":5,"minecraft:magenta_stained_glass_pane":6,"minecraft:redstone_ore":20,"minecraft:andesite":976,"minecraft:rail":85,"minecraft:bone_block":1,"minecraft:white_wool":1,"minecraft:ender_chest":38,"minecraft:smithing_table":2,"minecraft:oak_slab":3,"minecraft:redstone_block":2,"minecraft:comparator":6,"minecraft:soul_sand":668,"minecraft:observer":1,"minecraft:dandelion":373,"minecraft:cornflower":1,"minecraft:emerald_ore":3,"minecraft:dropper":13,"minecraft:tall_grass":11,"minecraft:copper_ore":28,"minecraft:deepslate_gold_ore":152,"minecraft:green_stained_glass_pane":3,"minecraft:diorite":139,"minecraft:white_carpet":55,"minecraft:spruce_log":338,"minecraft:birch_leaves":7,"minecraft:quartz_pillar":3,"minecraft:mycelium":2117,"minecraft:gravel":1442,"minecraft:oak_button":3,"minecraft:polished_blackstone":1,"minecraft:stone_bricks":7,"minecraft:gold_ore":13,"minecraft:black_shulker_box":27,"minecraft:spruce_planks":32,"minecraft:cave_vines_plant":1,"minecraft:grass_block":334,"minecraft:purple_stained_glass_pane":4,"minecraft:soul_soil":152,"minecraft:red_nether_brick_stairs":28,"minecraft:iron_ore":65,"minecraft:target":2,"minecraft:anvil":1,"minecraft:iron_bars":3,"minecraft:purple_carpet":5,"minecraft:birch_wall_sign":3,"minecraft:azalea_leaves":1,"minecraft:spruce_slab":2,"minecraft:deepslate_redstone_ore":470,"minecraft:quartz_block":11,"minecraft:blackstone":11,"minecraft:polished_deepslate_stairs":21,"minecraft:soul_lantern":1,"minecraft:chiseled_quartz_block":2,"minecraft:poppy":1,"minecraft:chest":14,"minecraft:mushroom_stem":94,"minecraft:nether_quartz_ore":818,"minecraft:cobblestone":43,"minecraft:grindstone":2,"minecraft:oak_planks":174,"minecraft:iron_door":1,"minecraft:wall_torch":96,"minecraft:deepslate_copper_ore":4,"minecraft:seagrass":2,"minecraft:powered_rail":8,"minecraft:birch_log":126,"minecraft:yellow_wool":202,"minecraft:blue_ice":25,"minecraft:yellow_stained_glass_pane":35,"minecraft:oak_log":717,"minecraft:sand":1,"minecraft:dirt":1708,"minecraft:dispenser":1,"minecraft:ancient_debris":10,"minecraft:netherrack":12723,"minecraft:oak_leaves":148,"minecraft:daylight_detector":6,"minecraft:emerald_block":1,"minecraft:nether_gold_ore":237,"minecraft:diamond_ore":1,"minecraft:tuff":1002,"minecraft:deepslate_diamond_ore":65,"minecraft:glow_lichen":7,"minecraft:stone_button":14,"minecraft:brown_mushroom_block":361,"minecraft:spruce_leaves":107,"minecraft:large_fern":1,"minecraft:deepslate_brick_slab":1,"minecraft:oak_trapdoor":7,"minecraft:furnace":8,"minecraft:orange_stained_glass_pane":1,"minecraft:gold_block":5,"minecraft:polished_deepslate":5,"minecraft:deepslate_iron_ore":53,"minecraft:stone":11479,"minecraft:yellow_shulker_box":5,"minecraft:redstone_wall_torch":11,"minecraft:podzol":9,"minecraft:light_blue_shulker_box":6,"minecraft:basalt":66,"minecraft:oak_fence":4,"minecraft:crafting_table":26,"minecraft:stone_slab":32,"minecraft:quartz_bricks":3,"minecraft:lapis_ore":11,"minecraft:red_nether_brick_wall":6,"minecraft:birch_planks":75,"minecraft:green_shulker_box":9,"minecraft:redstone_torch":13,"minecraft:sweet_berry_bush":66,"minecraft:coal_ore":574,"minecraft:purple_shulker_box":3},"minecraft:crafted":{"minecraft:lime_stained_glass":192,"minecraft:oak_sign":42,"minecraft:melon":1568,"minecraft:orange_stained_glass":128,"minecraft:birch_boat":2,"minecraft:blue_stained_glass_pane":688,"minecraft:lever":8,"minecraft:diamond_shovel":2,"minecraft:nether_brick":2816,"minecraft:bookshelf":15,"minecraft:cooked_mutton":10,"minecraft:shulker_box":19,"minecraft:iron_bars":272,"minecraft:diamond_helmet":1,"minecraft:repeater":102,"minecraft:diamond_leggings":1,"minecraft:netherite_boots":1,"minecraft:blue_stained_glass":256,"minecraft:target":7,"minecraft:emerald":5311,"minecraft:cooked_porkchop":48,"minecraft:diamond_axe":2,"minecraft:spruce_door":3,"minecraft:red_nether_bricks":1408,"minecraft:hay_block":522,"minecraft:green_stained_glass":192,"minecraft:lime_shulker_box":2,"minecraft:wooden_hoe":1,"minecraft:iron_pickaxe":8,"minecraft:iron_block":69,"minecraft:gold_ingot":284,"minecraft:netherite_ingot":11,"minecraft:golden_carrot":516,"minecraft:stone_shovel":1,"minecraft:orange_shulker_box":2,"minecraft:iron_nugget":702,"minecraft:polished_deepslate_stairs":80,"minecraft:soul_torch":64,"minecraft:bone_meal":21,"minecraft:lime_stained_glass_pane":512,"minecraft:white_carpet":864,"minecraft:diamond":45,"minecraft:netherite_axe":1,"minecraft:spruce_stairs":4,"minecraft:red_shulker_box":2,"minecraft:stone_pickaxe":7,"minecraft:diamond_boots":1,"minecraft:cobbled_deepslate_stairs":12,"minecraft:redstone_block":238,"minecraft:wheat":576,"minecraft:coal_block":66,"minecraft:purple_stained_glass_pane":688,"minecraft:netherite_pickaxe":2,"minecraft:enchanting_table":1,"minecraft:magenta_stained_glass":320,"minecraft:yellow_stained_glass_pane":160,"minecraft:deepslate_tiles":1984,"minecraft:white_stained_glass":16,"minecraft:enchanted_book":13,"minecraft:green_stained_glass_pane":512,"minecraft:soul_lantern":64,"minecraft:golden_apple":5,"minecraft:iron_leggings":1,"minecraft:white_bed":1,"minecraft:note_block":221,"minecraft:oak_planks":1484,"minecraft:barrel":2,"minecraft:stone":3,"minecraft:suspicious_stew":45,"minecraft:hopper":52,"minecraft:orange_stained_glass_pane":336,"minecraft:iron_boots":1,"minecraft:comparator":3,"minecraft:chest":41,"minecraft:netherite_helmet":1,"minecraft:oak_fence":66,"minecraft:smoker":3,"minecraft:white_banner":4,"minecraft:dropper":8,"minecraft:oak_slab":6,"minecraft:crafting_table":5,"minecraft:spruce_planks":251,"minecraft:wooden_pickaxe":1,"minecraft:iron_helmet":1,"minecraft:gold_block":27,"minecraft:birch_planks":949,"minecraft:yellow_stained_glass":64,"minecraft:white_stained_glass_pane":32,"minecraft:black_shulker_box":10,"minecraft:iron_chestplate":1,"minecraft:book":13,"minecraft:paper":30,"minecraft:diamond_pickaxe":3,"minecraft:charcoal":160,"minecraft:emerald_block":559,"minecraft:stick":632,"minecraft:iron_ingot":1276,"minecraft:light_blue_shulker_box":2,"minecraft:green_shulker_box":1,"minecraft:light_blue_stained_glass":256,"minecraft:redstone_torch":214,"minecraft:deepslate_bricks":3644,"minecraft:wooden_sword":31,"minecraft:redstone":865,"minecraft:coal":45,"minecraft:netherite_sword":1,"minecraft:furnace":22,"minecraft:stone_button":257,"minecraft:blast_furnace":3,"minecraft:piston":16,"minecraft:magenta_stained_glass_pane":848,"minecraft:diamond_block":5,"minecraft:oak_trapdoor":16,"minecraft:netherite_chestplate":2,"minecraft:netherite_leggings":1,"minecraft:yellow_shulker_box":2,"minecraft:polished_deepslate":5656,"minecraft:iron_axe":1,"minecraft:netherite_scrap":8,"minecraft:birch_sign":3,"minecraft:cooked_beef":31,"minecraft:light_blue_stained_glass_pane":688,"minecraft:diamond_sword":1,"minecraft:purple_stained_glass":256,"minecraft:purple_shulker_box":1,"minecraft:bowl":8,"minecraft:bucket":19,"minecraft:stone_axe":5,"minecraft:air":0,"minecraft:oak_boat":5,"minecraft:netherite_shovel":1,"minecraft:stonecutter":2,"minecraft:anvil":18,"minecraft:torch":972,"minecraft:lapis_lazuli":477,"minecraft:lapis_block":95,"minecraft:diamond_chestplate":1},"minecraft:killed_by":{"minecraft:zombie":3,"minecraft:creeper":2,"minecraft:phantom":1},"minecraft:custom":{"minecraft:interact_with_crafting_table":306,"minecraft:open_barrel":68,"minecraft:bell_ring":104,"minecraft:leave_game":126,"minecraft:time_since_death":1128732,"minecraft:play_time":8168041,"minecraft:deaths":13,"minecraft:jump":81445,"minecraft:enchant_item":60,"minecraft:interact_with_furnace":210,"minecraft:traded_with_villager":4686,"minecraft:sleep_in_bed":52,"minecraft:damage_dealt":95697,"minecraft:use_cauldron":1,"minecraft:inspect_dispenser":22,"minecraft:interact_with_smithing_table":5,"minecraft:inspect_dropper":404,"minecraft:interact_with_anvil":23,"minecraft:inspect_hopper":85,"minecraft:damage_dealt_absorbed":18,"minecraft:sneak_time":946698,"minecraft:interact_with_lectern":25,"minecraft:interact_with_blast_furnace":1,"minecraft:total_world_time":8168041,"minecraft:tune_noteblock":2868,"minecraft:interact_with_stonecutter":56,"minecraft:time_since_rest":88049,"minecraft:swim_one_cm":299237,"minecraft:fly_one_cm":18406910,"minecraft:open_chest":2345,"minecraft:fall_one_cm":1817783,"minecraft:open_shulker_box":1362,"minecraft:damage_resisted":1483,"minecraft:sprint_one_cm":13830912,"minecraft:drop":223,"minecraft:play_noteblock":161,"minecraft:talked_to_villager":630,"minecraft:interact_with_brewingstand":28,"minecraft:walk_on_water_one_cm":2186610,"minecraft:open_enderchest":258,"minecraft:player_kills":1,"minecraft:crouch_one_cm":3492955,"minecraft:mob_kills":2629,"minecraft:fill_cauldron":1,"minecraft:climb_one_cm":139471,"minecraft:walk_one_cm":10082078,"minecraft:walk_under_water_one_cm":663212,"minecraft:boat_one_cm":6783880,"minecraft:interact_with_grindstone":59,"minecraft:damage_taken":30731,"minecraft:minecart_one_cm":41005,"minecraft:aviate_one_cm":50451244},"minecraft:killed":{"minecraft:cave_spider":3,"minecraft:skeleton":45,"minecraft:chicken":10,"minecraft:magma_cube":19,"minecraft:zombie":92,"minecraft:glow_squid":1,"minecraft:cow":17,"minecraft:enderman":2143,"minecraft:witch":2,"minecraft:spider":25,"minecraft:silverfish":4,"minecraft:pig":26,"minecraft:zombie_villager":1,"minecraft:creeper":18,"minecraft:sheep":8,"minecraft:slime":10,"minecraft:phantom":61,"minecraft:drowned":1},"minecraft:picked_up":{"minecraft:iron_chestplate":3,"minecraft:anvil":1,"minecraft:lead":2,"minecraft:smithing_table":2,"minecraft:magenta_carpet":5,"minecraft:stone_slab":62,"minecraft:diamond_sword":1,"minecraft:enchanted_book":5,"minecraft:purple_shulker_box":3,"minecraft:polished_deepslate":183,"minecraft:string":24,"minecraft:soul_soil":147,"minecraft:red_nether_bricks":2,"minecraft:blue_stained_glass_pane":15,"minecraft:beetroot":1,"minecraft:gold_nugget":1089,"minecraft:cobbled_deepslate":12137,"minecraft:spruce_planks":33,"minecraft:written_book":13,"minecraft:azalea_leaves":1,"minecraft:melon_slice":1,"minecraft:acacia_log":14,"minecraft:deepslate_tile_stairs":132,"minecraft:tropical_fish":6,"minecraft:glowstone":1,"minecraft:iron_bars":3,"minecraft:birch_log":161,"minecraft:feather":13,"minecraft:cooked_beef":18,"minecraft:water_bucket":7,"minecraft:iron_door":1,"minecraft:dark_oak_boat":6,"minecraft:flint":73,"minecraft:netherite_leggings":2,"minecraft:purple_carpet":10,"minecraft:stonecutter":36,"minecraft:diamond_helmet":1,"minecraft:dropper":12,"minecraft:brown_mushroom_block":1,"minecraft:fermented_spider_eye":4,"minecraft:quartz_bricks":3,"minecraft:dispenser":1,"minecraft:deepslate":110,"minecraft:writable_book":2,"minecraft:deepslate_gold_ore":61,"minecraft:blue_ice":25,"minecraft:granite":62,"minecraft:bread":1,"minecraft:diamond_pickaxe":16,"minecraft:lime_stained_glass_pane":11,"minecraft:crafting_table":26,"minecraft:nether_wart":5830,"minecraft:leather_leggings":1,"minecraft:orange_stained_glass_pane":1,"minecraft:dragon_head":1,"minecraft:cornflower":1,"minecraft:elytra":2,"minecraft:white_carpet":66,"minecraft:netherite_sword":4,"minecraft:deepslate_diamond_ore":13,"minecraft:beef":38,"minecraft:poppy":9,"minecraft:minecart":6,"minecraft:spruce_slab":2,"minecraft:chest":18,"minecraft:birch_sapling":6,"minecraft:piston":1,"minecraft:copper_ore":33,"minecraft:egg":20,"minecraft:lime_shulker_box":6,"minecraft:polished_deepslate_slab":28,"minecraft:stone":10893,"minecraft:carrot":6,"minecraft:redstone":2003,"minecraft:netherite_pickaxe":5,"minecraft:red_nether_brick_wall":6,"minecraft:diamond_chestplate":1,"minecraft:stone_shovel":2,"minecraft:beetroot_seeds":6,"minecraft:peony":1,"minecraft:deepslate_bricks":64,"minecraft:polished_blackstone":2,"minecraft:glow_berries":1,"minecraft:mutton":17,"minecraft:emerald_ore":3,"minecraft:white_wool":13,"minecraft:rail":128,"minecraft:bone_block":1,"minecraft:yellow_shulker_box":5,"minecraft:red_mushroom":192,"minecraft:filled_map":1,"minecraft:oak_log":731,"minecraft:ancient_debris":10,"minecraft:paper":3,"minecraft:stone_bricks":2,"minecraft:apple":12,"minecraft:kelp":21,"minecraft:stone_pickaxe":1,"minecraft:iron_ore":2,"minecraft:glass_bottle":3,"minecraft:white_stained_glass_pane":1,"minecraft:daylight_detector":6,"minecraft:sweet_berries":93,"minecraft:red_wool":7,"minecraft:gravel":1380,"minecraft:spruce_sapling":59,"minecraft:spruce_log":420,"minecraft:firework_rocket":52,"minecraft:diamond_shovel":3,"minecraft:coal_ore":174,"minecraft:slime_ball":8,"minecraft:stone_axe":1,"minecraft:light_blue_carpet":5,"minecraft:diamond_axe":4,"minecraft:deepslate_redstone_ore":149,"minecraft:birch_sign":3,"minecraft:oak_button":2,"minecraft:baked_potato":23,"minecraft:melon_seeds":7,"minecraft:warped_nylium":1,"minecraft:hopper":11,"minecraft:ender_pearl":425,"minecraft:wheat":1,"minecraft:redstone_block":14,"minecraft:ender_chest":40,"minecraft:green_stained_glass_pane":3,"minecraft:yellow_wool":208,"minecraft:turtle_egg":1,"minecraft:potion":13,"minecraft:deepslate_lapis_ore":5,"minecraft:sticky_piston":2,"minecraft:iron_leggings":3,"minecraft:armor_stand":1,"minecraft:pink_shulker_box":1,"minecraft:oak_sign":17,"minecraft:deepslate_tiles":54,"minecraft:black_shulker_box":28,"minecraft:comparator":6,"minecraft:redstone_torch":37,"minecraft:iron_pickaxe":5,"minecraft:deepslate_iron_ore":12,"minecraft:iron_boots":3,"minecraft:furnace":8,"minecraft:stick":117,"minecraft:orange_shulker_box":16,"minecraft:polished_deepslate_stairs":21,"minecraft:oak_fence":4,"minecraft:torch":715,"minecraft:porkchop":59,"minecraft:netherite_shovel":2,"minecraft:target":2,"minecraft:diorite":181,"minecraft:quartz_block":11,"minecraft:nether_gold_ore":115,"minecraft:cactus":1,"minecraft:rotten_flesh":99,"minecraft:deepslate_copper_ore":8,"minecraft:obsidian":13667,"minecraft:cobblestone":762,"minecraft:leather_chestplate":2,"minecraft:magma_cream":2,"minecraft:repeater":86,"minecraft:andesite":1579,"minecraft:chiseled_quartz_block":2,"minecraft:potato":30,"minecraft:tuff":991,"minecraft:dirt":1971,"minecraft:lapis_lazuli":962,"minecraft:green_shulker_box":9,"minecraft:leather_boots":1,"minecraft:glass":1,"minecraft:bone":39,"minecraft:bow":6,"minecraft:raw_gold":203,"minecraft:wheat_seeds":8,"minecraft:deepslate_brick_slab":1,"minecraft:bell":2,"minecraft:grindstone":2,"minecraft:netherite_axe":3,"minecraft:purple_stained_glass_pane":4,"minecraft:powered_rail":58,"minecraft:oak_planks":196,"minecraft:sand":2,"minecraft:light_blue_shulker_box":6,"minecraft:melon":48,"minecraft:grass_block":212,"minecraft:shulker_box":203,"minecraft:sugar":1,"minecraft:yellow_carpet":1,"minecraft:diamond":89,"minecraft:spruce_boat":2,"minecraft:netherite_helmet":2,"minecraft:soul_lantern":1,"minecraft:yellow_stained_glass_pane":35,"minecraft:golden_apple":14,"minecraft:spruce_sign":1,"minecraft:emerald":37,"minecraft:oak_sapling":82,"minecraft:netherrack":2548,"minecraft:oak_leaves":1,"minecraft:charcoal":32,"minecraft:chicken":11,"minecraft:ladder":4,"minecraft:brown_mushroom":224,"minecraft:wooden_pickaxe":1,"minecraft:gold_block":5,"minecraft:oak_trapdoor":9,"minecraft:wooden_sword":3,"minecraft:item_frame":2,"minecraft:quartz_slab":5,"minecraft:mycelium":1967,"minecraft:detector_rail":3,"minecraft:oak_boat":81,"minecraft:player_head":9,"minecraft:observer":1,"minecraft:sugar_cane":34,"minecraft:phantom_membrane":28,"minecraft:lime_wool":8,"minecraft:raw_iron":125,"minecraft:end_stone":116,"minecraft:bowl":15,"minecraft:note_block":36,"minecraft:quartz_pillar":3,"minecraft:stone_button":34,"minecraft:trident":4,"minecraft:arrow":43,"minecraft:red_shulker_box":22,"minecraft:light_blue_stained_glass_pane":5,"minecraft:netherite_boots":2,"minecraft:jungle_boat":30,"minecraft:basalt":57,"minecraft:golden_carrot":215,"minecraft:glow_ink_sac":6,"minecraft:leather":37,"minecraft:birch_planks":78,"minecraft:gunpowder":21,"minecraft:deepslate_tile_slab":1,"minecraft:podzol":9,"minecraft:red_nether_brick_stairs":28,"minecraft:iron_ingot":8,"minecraft:soul_sand":665,"minecraft:oak_slab":3,"minecraft:emerald_block":24,"minecraft:nether_quartz_ore":386,"minecraft:birch_boat":3,"minecraft:pumpkin":92,"minecraft:quartz":917,"minecraft:dandelion":474,"minecraft:magenta_stained_glass_pane":6,"minecraft:white_bed":2,"minecraft:spider_eye":6,"minecraft:pumpkin_seeds":2,"minecraft:iron_helmet":3,"minecraft:coal":809},"minecraft:dropped":{"minecraft:porkchop":1,"minecraft:glow_ink_sac":6,"minecraft:glass_bottle":1,"minecraft:diamond":3,"minecraft:red_mushroom":2,"minecraft:emerald":272,"minecraft:dirt":132,"minecraft:phantom_membrane":4,"minecraft:bone":3,"minecraft:emerald_block":96,"minecraft:cobbled_deepslate":325,"minecraft:wheat":1,"minecraft:netherite_sword":2,"minecraft:birch_sapling":1,"minecraft:obsidian":256,"minecraft:rotten_flesh":29,"minecraft:wheat_seeds":3,"minecraft:feather":1,"minecraft:cobblestone":278,"minecraft:diamond_helmet":1,"minecraft:paper":2,"minecraft:string":4,"minecraft:soul_soil":3,"minecraft:deepslate":28,"minecraft:oak_sign":4,"minecraft:suspicious_stew":3,"minecraft:diamond_sword":1,"minecraft:potato":2,"minecraft:stone":112,"minecraft:diamond_pickaxe":3,"minecraft:spider_eye":2,"minecraft:bow":2,"minecraft:bell":1,"minecraft:diamond_axe":1,"minecraft:ender_pearl":1430,"minecraft:flint":40,"minecraft:birch_log":30,"minecraft:gravel":1,"minecraft:poppy":2,"minecraft:trident":1,"minecraft:gunpowder":4,"minecraft:glowstone":1,"minecraft:basalt":57,"minecraft:arrow":5,"minecraft:written_book":1,"minecraft:netherrack":717,"minecraft:lead":2,"minecraft:grass_block":1,"minecraft:redstone_block":12,"minecraft:redstone":1,"minecraft:polished_deepslate":20,"minecraft:kelp":10,"minecraft:oak_trapdoor":2,"minecraft:tuff":28,"minecraft:shulker_box":1,"minecraft:deepslate_bricks":64,"minecraft:diamond_chestplate":1,"minecraft:andesite":120,"minecraft:spruce_log":50,"minecraft:wooden_pickaxe":1},"minecraft:broken":{"minecraft:iron_axe":1,"minecraft:iron_pickaxe":7,"minecraft:stone_pickaxe":7,"minecraft:stone_axe":5,"minecraft:stone_shovel":1},"minecraft:used":{"minecraft:writable_book":9,"minecraft:spruce_slab":2,"minecraft:dispenser":2,"minecraft:polished_blackstone":2,"minecraft:poppy":7,"minecraft:ladder":4,"minecraft:chest":48,"minecraft:stone":2533,"minecraft:red_nether_brick_stairs":688,"minecraft:rotten_flesh":13,"minecraft:soul_sand":582,"minecraft:deepslate_brick_slab":320,"minecraft:spruce_boat":2,"minecraft:lava_bucket":45,"minecraft:netherite_shovel":5158,"minecraft:quartz_pillar":3,"minecraft:grass_block":9,"minecraft:orange_shulker_box":18,"minecraft:quartz_block":8,"minecraft:netherite_boots":3,"minecraft:bow":4,"minecraft:dark_oak_boat":7,"minecraft:sweet_berries":40,"minecraft:furnace":24,"minecraft:egg":7,"minecraft:potato":29,"minecraft:green_stained_glass_pane":429,"minecraft:light_blue_carpet":5,"minecraft:spruce_door":1,"minecraft:powered_rail":54,"minecraft:wooden_pickaxe":13,"minecraft:jungle_boat":30,"minecraft:glow_berries":1,"minecraft:sand":9,"minecraft:blast_furnace":3,"minecraft:blue_ice":184,"minecraft:netherite_helmet":1,"minecraft:chiseled_quartz_block":2,"minecraft:deepslate_tiles":4907,"minecraft:stone_button":281,"minecraft:soul_lantern":33,"minecraft:magenta_stained_glass_pane":742,"minecraft:diamond_sword":59,"minecraft:smithing_table":3,"minecraft:oak_boat":79,"minecraft:oak_trapdoor":13,"minecraft:enchanting_table":1,"minecraft:iron_bars":212,"minecraft:acacia_log":14,"minecraft:mycelium":1226,"minecraft:netherrack":68,"minecraft:torch":1259,"minecraft:brewing_stand":2,"minecraft:anvil":19,"minecraft:target":9,"minecraft:nether_quartz_ore":389,"minecraft:yellow_carpet":1,"minecraft:red_shulker_box":22,"minecraft:iron_axe":173,"minecraft:melon_seeds":1,"minecraft:barrel":2,"minecraft:glowstone":7,"minecraft:cobbled_deepslate":376,"minecraft:water_bucket":444,"minecraft:light_blue_shulker_box":6,"minecraft:birch_planks":95,"minecraft:yellow_shulker_box":7,"minecraft:lime_wool":8,"minecraft:polished_deepslate_slab":4562,"minecraft:rail":27,"minecraft:comparator":10,"minecraft:crafting_table":29,"minecraft:birch_sign":7,"minecraft:white_bed":3,"minecraft:lime_shulker_box":8,"minecraft:spruce_log":8,"minecraft:oak_log":4,"minecraft:blue_stained_glass_pane":577,"minecraft:diamond_pickaxe":12346,"minecraft:diamond_shovel":985,"minecraft:oak_button":4,"minecraft:suspicious_stew":42,"minecraft:iron_pickaxe":1866,"minecraft:cobblestone":93,"minecraft:azalea_leaves":1,"minecraft:porkchop":4,"minecraft:cooked_porkchop":15,"minecraft:brown_mushroom_block":1,"minecraft:light_blue_stained_glass_pane":569,"minecraft:polished_deepslate":2429,"minecraft:melon":6,"minecraft:bone_block":15,"minecraft:oak_sign":37,"minecraft:nether_wart":2671,"minecraft:purple_shulker_box":3,"minecraft:bell":1,"minecraft:player_head":2,"minecraft:carrot":18,"minecraft:tuff":15,"minecraft:obsidian":7444,"minecraft:polished_deepslate_stairs":177,"minecraft:glass":1,"minecraft:coal_ore":301,"minecraft:quartz_slab":2,"minecraft:warped_nylium":1,"minecraft:stone_bricks":2,"minecraft:item_frame":1,"minecraft:deepslate_diamond_ore":12,"minecraft:repeater":205,"minecraft:red_nether_brick_wall":118,"minecraft:written_book":27,"minecraft:gold_block":27,"minecraft:dropper":16,"minecraft:dark_oak_sign":1,"minecraft:stone_pickaxe":920,"minecraft:oak_planks":207,"minecraft:ender_pearl":43,"minecraft:diamond_axe":606,"minecraft:sugar_cane":4,"minecraft:white_wool":1,"minecraft:lime_stained_glass_pane":404,"minecraft:mushroom_stew":3,"minecraft:deepslate_redstone_ore":117,"minecraft:note_block":242,"minecraft:deepslate_lapis_ore":28,"minecraft:end_stone":8,"minecraft:redstone_torch":51,"minecraft:firework_rocket":826,"minecraft:melon_slice":1,"minecraft:bread":1,"minecraft:iron_door":1,"minecraft:deepslate":43,"minecraft:gravel":1060,"minecraft:grindstone":2,"minecraft:andesite":2327,"minecraft:smooth_stone_slab":20,"minecraft:tropical_fish_bucket":1,"minecraft:oak_fence":72,"minecraft:trident":424,"minecraft:netherite_sword":1111,"minecraft:flint_and_steel":1,"minecraft:stone_shovel":131,"minecraft:redstone":202,"minecraft:spruce_planks":36,"minecraft:ender_chest":38,"minecraft:deepslate_gold_ore":61,"minecraft:dirt":188,"minecraft:white_carpet":931,"minecraft:hopper":51,"minecraft:spruce_stairs":2,"minecraft:shulker_box":187,"minecraft:granite":28,"minecraft:purple_stained_glass_pane":584,"minecraft:bookshelf":15,"minecraft:yellow_stained_glass":33,"minecraft:golden_carrot":469,"minecraft:emerald_block":13,"minecraft:soul_soil":3,"minecraft:lime_stained_glass":33,"minecraft:deepslate_tile_stairs":1649,"minecraft:white_stained_glass_pane":33,"minecraft:minecart":2,"minecraft:netherite_pickaxe":39196,"minecraft:cooked_beef":39,"minecraft:orange_stained_glass_pane":192,"minecraft:quartz_bricks":3,"minecraft:cooked_mutton":10,"minecraft:baked_potato":116,"minecraft:red_nether_bricks":601,"minecraft:birch_boat":3,"minecraft:black_shulker_box":30,"minecraft:spruce_sign":2,"minecraft:stonecutter":35,"minecraft:yellow_stained_glass_pane":177,"minecraft:magenta_carpet":5,"minecraft:smoker":3,"minecraft:nether_gold_ore":115,"minecraft:piston":2,"minecraft:wooden_hoe":1,"minecraft:netherite_axe":1630,"minecraft:lapis_ore":11,"minecraft:stone_slab":6974,"minecraft:yellow_wool":419,"minecraft:stone_axe":488,"minecraft:green_shulker_box":10,"minecraft:white_banner":4,"minecraft:bucket":490,"minecraft:pink_shulker_box":1,"minecraft:purple_carpet":10,"minecraft:splash_potion":5}},"DataVersion":3120}