{"stats":{"minecraft:killed":{"minecraft:cave_spider":208,"minecraft:shulker":32,"minecraft:skeleton":236,"minecraft:guardian":10,"minecraft:chicken":5,"minecraft:skeleton_horse":1,"minecraft:magma_cube":216,"minecraft:parrot":1,"minecraft:salmon":2,"minecraft:iron_golem":1,"minecraft:ender_dragon":1,"minecraft:zombie":128,"minecraft:glow_squid":7,"minecraft:cow":8,"minecraft:rabbit":5,"minecraft:wandering_trader":2,"minecraft:polar_bear":4,"minecraft:enderman":17,"minecraft:zombified_piglin":33,"minecraft:witch":2,"minecraft:spider":39,"minecraft:wither":9,"minecraft:axolotl":1,"minecraft:silverfish":2,"minecraft:piglin_brute":5,"minecraft:piglin":63,"minecraft:strider":1,"minecraft:creeper":29,"minecraft:sheep":2,"minecraft:trader_llama":2,"minecraft:mooshroom":538,"minecraft:stray":1,"minecraft:ghast":49,"minecraft:blaze":513,"minecraft:slime":54,"minecraft:phantom":37,"minecraft:panda":1,"minecraft:drowned":17,"minecraft:bat":7,"minecraft:hoglin":4,"minecraft:wither_skeleton":829},"minecraft:killed_by":{"minecraft:wither_skeleton":3,"minecraft:creeper":1,"minecraft:blaze":2},"minecraft:picked_up":{"minecraft:iron_chestplate":6,"minecraft:chainmail_boots":1,"minecraft:prismarine_shard":4,"minecraft:flower_pot":3,"minecraft:smithing_table":1,"minecraft:lead":4,"minecraft:diamond_sword":19,"minecraft:oak_stairs":18,"minecraft:enchanted_book":34,"minecraft:golden_shovel":1,"minecraft:brewing_stand":1,"minecraft:golden_sword":21,"minecraft:amethyst_block":17,"minecraft:music_disc_cat":29,"minecraft:polished_blackstone_brick_stairs":1,"minecraft:string":304,"minecraft:soul_soil":32,"minecraft:cooked_salmon":3,"minecraft:diamond_leggings":1,"minecraft:gold_nugget":977,"minecraft:cobbled_deepslate":5721,"minecraft:spruce_planks":50,"minecraft:written_book":6,"minecraft:azalea_leaves":31,"minecraft:melon_slice":31,"minecraft:golden_helmet":5,"minecraft:music_disc_blocks":1,"minecraft:jukebox":3,"minecraft:big_dripleaf":13,"minecraft:acacia_log":12,"minecraft:cyan_stained_glass":1,"minecraft:purpur_pillar":4,"minecraft:golden_axe":1,"minecraft:warped_planks":1,"minecraft:golden_chestplate":3,"minecraft:stone_sword":232,"minecraft:tropical_fish":4,"minecraft:iron_block":16,"minecraft:bookshelf":2,"minecraft:end_rod":3,"minecraft:white_terracotta":6,"minecraft:netherite_chestplate":11,"minecraft:blaze_rod":628,"minecraft:iron_bars":4,"minecraft:snowball":69,"minecraft:birch_log":18,"minecraft:magma_block":3,"minecraft:oxidized_copper":1,"minecraft:feather":22,"minecraft:cooked_beef":673,"minecraft:iron_door":2,"minecraft:water_bucket":17,"minecraft:jungle_log":16,"minecraft:flint":667,"minecraft:purple_stained_glass":3,"minecraft:netherite_leggings":9,"minecraft:lantern":121,"minecraft:stonecutter":4,"minecraft:diamond_helmet":2,"minecraft:glowstone_dust":34,"minecraft:chiseled_polished_blackstone":3,"minecraft:stripped_spruce_log":100,"minecraft:ink_sac":28,"minecraft:brown_mushroom_block":37,"minecraft:dark_oak_log":346,"minecraft:red_terracotta":27,"minecraft:barrel":2,"minecraft:granite":139,"minecraft:spruce_button":2,"minecraft:chainmail_helmet":1,"minecraft:bread":152,"minecraft:jack_o_lantern":1,"minecraft:dark_oak_fence":1,"minecraft:diamond_pickaxe":15,"minecraft:spruce_leaves":239,"minecraft:coarse_dirt":62,"minecraft:crafting_table":16,"minecraft:nether_wart":90,"minecraft:clay_ball":123,"minecraft:leather_leggings":1,"minecraft:dragon_head":1,"minecraft:purpur_block":8,"minecraft:cornflower":3,"minecraft:jungle_trapdoor":1,"minecraft:elytra":15,"minecraft:flint_and_steel":4,"minecraft:white_stained_glass":1,"minecraft:iron_shovel":2,"minecraft:netherite_sword":9,"minecraft:music_disc_otherside":77,"minecraft:beef":1133,"minecraft:jungle_sapling":2,"minecraft:poppy":8,"minecraft:spruce_slab":15,"minecraft:chest":27,"minecraft:birch_sapling":14,"minecraft:egg":1,"minecraft:black_stained_glass":1,"minecraft:oak_door":55,"minecraft:spruce_fence":2,"minecraft:jungle_fence_gate":1,"minecraft:carrot":2,"minecraft:mushroom_stem":7,"minecraft:redstone":136,"minecraft:netherite_pickaxe":6,"minecraft:prismarine_crystals":6,"minecraft:stone_shovel":1,"minecraft:diamond_chestplate":36,"minecraft:cooked_cod":597,"minecraft:beetroot_seeds":72,"minecraft:shears":3,"minecraft:diamond_boots":3,"minecraft:hay_block":46,"minecraft:purpur_slab":2,"minecraft:yellow_terracotta":2,"minecraft:gold_ingot":6,"minecraft:totem_of_undying":1,"minecraft:glow_berries":7,"minecraft:rail":11,"minecraft:white_wool":2,"minecraft:oxeye_daisy":2,"minecraft:red_mushroom":56,"minecraft:filled_map":5,"minecraft:oak_log":104,"minecraft:ancient_debris":37,"minecraft:lily_pad":2,"minecraft:golden_boots":3,"minecraft:blue_bed":6,"minecraft:paper":5,"minecraft:birch_pressure_plate":2,"minecraft:apple":1,"minecraft:stone_bricks":25,"minecraft:kelp":2,"minecraft:warped_stem":17,"minecraft:yellow_stained_glass":5,"minecraft:stone_pickaxe":40,"minecraft:magenta_stained_glass":1,"minecraft:glass_bottle":2,"minecraft:iron_sword":39,"minecraft:flowering_azalea":19,"minecraft:smooth_basalt":7,"minecraft:light_gray_stained_glass":2,"minecraft:sweet_berries":161,"minecraft:spyglass":9,"minecraft:gravel":655,"minecraft:spruce_sapling":186,"minecraft:spruce_log":1058,"minecraft:light_blue_stained_glass":2,"minecraft:crying_obsidian":9,"minecraft:firework_rocket":526,"minecraft:diamond_shovel":3,"minecraft:red_stained_glass":11,"minecraft:slime_ball":89,"minecraft:stone_axe":75,"minecraft:diamond_axe":12,"minecraft:gray_wool":1,"minecraft:baked_potato":8,"minecraft:melon_seeds":78,"minecraft:shulker_shell":48,"minecraft:ender_pearl":32,"minecraft:music_disc_strad":27,"minecraft:wheat":351,"minecraft:ender_chest":3,"minecraft:yellow_wool":9,"minecraft:potion":1,"minecraft:turtle_egg":1,"minecraft:raw_copper":144,"minecraft:iron_leggings":44,"minecraft:armor_stand":1,"minecraft:oak_sign":5,"minecraft:sea_pickle":4,"minecraft:red_sand":71,"minecraft:smooth_stone":1,"minecraft:bucket":39,"minecraft:rose_bush":8,"minecraft:cobblestone_slab":2,"minecraft:ender_eye":24,"minecraft:calcite":9,"minecraft:azalea":23,"minecraft:wooden_shovel":1,"minecraft:smooth_quartz":1,"minecraft:iron_pickaxe":37,"minecraft:iron_boots":39,"minecraft:furnace":16,"minecraft:tipped_arrow":2,"minecraft:stick":261,"minecraft:oak_fence":3,"minecraft:torch":21,"minecraft:spruce_stairs":7,"minecraft:netherite_shovel":4,"minecraft:diorite":353,"minecraft:music_disc_pigstep":4,"minecraft:blue_stained_glass":4,"minecraft:cactus":5,"minecraft:rotten_flesh":897,"minecraft:green_wool":1,"minecraft:obsidian":183,"minecraft:cod":5,"minecraft:cobblestone":1885,"minecraft:nautilus_shell":2,"minecraft:enchanting_table":1,"minecraft:leather_chestplate":3,"minecraft:lilac":2,"minecraft:magma_cream":92,"minecraft:andesite":151,"minecraft:golden_leggings":4,"minecraft:beacon":4,"minecraft:potato":13,"minecraft:tuff":928,"minecraft:wither_skeleton_skull":45,"minecraft:acacia_boat":2,"minecraft:lapis_lazuli":958,"minecraft:dirt":1704,"minecraft:name_tag":41,"minecraft:leather_boots":1,"minecraft:glass":94,"minecraft:bone":2110,"minecraft:bow":69,"minecraft:wheat_seeds":872,"minecraft:raw_gold":34,"minecraft:deepslate_brick_slab":1,"minecraft:bell":1,"minecraft:grindstone":2,"minecraft:netherite_axe":5,"minecraft:mossy_stone_bricks":16,"minecraft:bamboo":79,"minecraft:prismarine":2,"minecraft:oak_planks":46,"minecraft:ghast_tear":23,"minecraft:pink_stained_glass":2,"minecraft:cooked_porkchop":27,"minecraft:music_disc_13":5,"minecraft:polished_blackstone_slab":1,"minecraft:jungle_planks":26,"minecraft:sand":642,"minecraft:grass_block":1,"minecraft:jungle_slab":1,"minecraft:shulker_box":4,"minecraft:mossy_cobblestone":28,"minecraft:light_gray_terracotta":7,"minecraft:spruce_fence_gate":1,"minecraft:clay":1,"minecraft:diamond":249,"minecraft:spruce_boat":54,"minecraft:slime_block":2,"minecraft:netherite_helmet":8,"minecraft:cracked_polished_blackstone_bricks":22,"minecraft:crossbow":4,"minecraft:grass":4,"minecraft:bone_meal":1,"minecraft:white_concrete":1,"minecraft:golden_apple":7,"minecraft:spruce_sign":7,"minecraft:emerald":44,"minecraft:oak_sapling":29,"minecraft:netherrack":1058,"minecraft:chorus_fruit":38,"minecraft:oak_leaves":9,"minecraft:nether_star":13,"minecraft:end_stone_bricks":1,"minecraft:fishing_rod":41,"minecraft:azure_bluet":1,"minecraft:chicken":4,"minecraft:ladder":4,"minecraft:turtle_helmet":1,"minecraft:brown_mushroom":68,"minecraft:packed_ice":32,"minecraft:pink_wool":2,"minecraft:wooden_pickaxe":1,"minecraft:gold_block":116,"minecraft:diamond_horse_armor":76,"minecraft:chain":2,"minecraft:shield":53,"minecraft:orange_stained_glass":5,"minecraft:moss_carpet":24,"minecraft:item_frame":10,"minecraft:mycelium":5,"minecraft:blackstone":108,"minecraft:blue_orchid":4,"minecraft:oak_boat":97,"minecraft:player_head":130,"minecraft:light_gray_wool":2,"minecraft:sugar_cane":251,"minecraft:phantom_membrane":47,"minecraft:spruce_trapdoor":14,"minecraft:dark_oak_sapling":27,"minecraft:lime_wool":3,"minecraft:raw_iron":2241,"minecraft:copper_ingot":1,"minecraft:bowl":26,"minecraft:flowering_azalea_leaves":15,"minecraft:note_block":1,"minecraft:polished_blackstone_bricks":28,"minecraft:stone_button":6,"minecraft:trident":12,"minecraft:iron_horse_armor":2,"minecraft:dark_oak_planks":3,"minecraft:arrow":808,"minecraft:red_shulker_box":1,"minecraft:nether_bricks":103,"minecraft:saddle":1,"minecraft:black_banner":1,"minecraft:lime_stained_glass":5,"minecraft:netherite_boots":5,"minecraft:jungle_boat":6,"minecraft:basalt":54,"minecraft:golden_carrot":644,"minecraft:glow_ink_sac":29,"minecraft:salmon":4,"minecraft:leather":1052,"minecraft:music_disc_stal":1,"minecraft:mushroom_stew":282,"minecraft:crimson_fungus":1,"minecraft:chainmail_chestplate":1,"minecraft:gunpowder":62,"minecraft:cobblestone_wall":2,"minecraft:cobblestone_stairs":1,"minecraft:orange_terracotta":15,"minecraft:cooked_mutton":8,"minecraft:rabbit_hide":2,"minecraft:iron_ingot":70,"minecraft:cooked_chicken":2,"minecraft:soul_sand":98,"minecraft:acacia_sapling":2,"minecraft:green_dye":1,"minecraft:book":364,"minecraft:scaffolding":125,"minecraft:oak_slab":1,"minecraft:warped_fungus":2,"minecraft:birch_boat":19,"minecraft:pumpkin":11,"minecraft:stone_brick_slab":1,"minecraft:quartz":119,"minecraft:dandelion":6,"minecraft:raw_iron_block":12,"minecraft:lava_bucket":4,"minecraft:amethyst_shard":16,"minecraft:green_stained_glass":4,"minecraft:white_bed":14,"minecraft:spider_eye":93,"minecraft:spruce_door":1,"minecraft:pumpkin_seeds":8,"minecraft:music_disc_mall":2,"minecraft:lime_dye":2,"minecraft:honey_block":5,"minecraft:chainmail_leggings":2,"minecraft:iron_helmet":7,"minecraft:terracotta":64,"minecraft:netherite_hoe":2,"minecraft:red_concrete":3,"minecraft:coal":1264,"minecraft:wooden_axe":3},"minecraft:crafted":{"minecraft:ender_chest":3,"minecraft:lime_stained_glass":8,"minecraft:black_dye":2,"minecraft:smooth_stone":9,"minecraft:oak_sign":3,"minecraft:orange_stained_glass":8,"minecraft:blaze_powder":26,"minecraft:loom":1,"minecraft:diamond_shovel":1,"minecraft:nether_brick":2,"minecraft:glass":82,"minecraft:diamond_helmet":2,"minecraft:diamond_leggings":1,"minecraft:beacon":12,"minecraft:stone_pressure_plate":3,"minecraft:magenta_dye":2,"minecraft:flower_pot":3,"minecraft:pink_stained_glass":8,"minecraft:blue_stained_glass":8,"minecraft:target":1,"minecraft:deepslate":10,"minecraft:wooden_shovel":1,"minecraft:emerald":75,"minecraft:diamond_axe":1,"minecraft:jungle_boat":1,"minecraft:spruce_door":3,"minecraft:smithing_table":1,"minecraft:copper_ingot":8,"minecraft:fletching_table":2,"minecraft:green_stained_glass":8,"minecraft:campfire":6,"minecraft:stone_slab":6,"minecraft:iron_pickaxe":2,"minecraft:iron_block":620,"minecraft:gold_ingot":705,"minecraft:netherite_ingot":9,"minecraft:composter":1,"minecraft:spruce_fence_gate":2,"minecraft:jukebox":1,"minecraft:iron_nugget":216,"minecraft:spyglass":6,"minecraft:player_head":82,"minecraft:diamond_hoe":1,"minecraft:bone_meal":357,"minecraft:cyan_stained_glass":8,"minecraft:spruce_fence":27,"minecraft:pink_dye":2,"minecraft:lantern":26,"minecraft:diamond":9,"minecraft:spruce_stairs":132,"minecraft:ladder":3,"minecraft:spruce_slab":132,"minecraft:stone_pickaxe":2,"minecraft:diamond_boots":2,"minecraft:spruce_boat":2,"minecraft:dark_oak_planks":120,"minecraft:coal_block":1,"minecraft:enchanting_table":1,"minecraft:magenta_stained_glass":8,"minecraft:dark_oak_button":16,"minecraft:glowstone":4,"minecraft:enchanted_book":3,"minecraft:white_stained_glass":8,"minecraft:orange_dye":2,"minecraft:red_stained_glass":8,"minecraft:golden_apple":1,"minecraft:wooden_axe":1,"minecraft:oak_stairs":60,"minecraft:iron_leggings":4,"minecraft:white_bed":21,"minecraft:note_block":1,"minecraft:brick":8,"minecraft:grindstone":1,"minecraft:oak_planks":348,"minecraft:cobblestone_slab":6,"minecraft:barrel":15,"minecraft:acacia_pressure_plate":2,"minecraft:cobblestone_stairs":16,"minecraft:stone":82,"minecraft:spruce_pressure_plate":3,"minecraft:green_dye":2,"minecraft:warped_planks":68,"minecraft:bow":4,"minecraft:iron_boots":4,"minecraft:chest":27,"minecraft:ender_eye":21,"minecraft:stone_bricks":4,"minecraft:golden_boots":1,"minecraft:smoker":3,"minecraft:oak_slab":12,"minecraft:item_frame":64,"minecraft:arrow":8,"minecraft:crafting_table":29,"minecraft:spruce_planks":2116,"minecraft:wooden_pickaxe":1,"minecraft:baked_potato":33,"minecraft:iron_helmet":3,"minecraft:gold_block":82,"minecraft:brewing_stand":1,"minecraft:yellow_stained_glass":8,"minecraft:spruce_trapdoor":30,"minecraft:emerald_block":1,"minecraft:diamond_pickaxe":2,"minecraft:book":22,"minecraft:dark_oak_slab":6,"minecraft:iron_chestplate":3,"minecraft:paper":516,"minecraft:yellow_dye":2,"minecraft:purple_dye":2,"minecraft:shield":6,"minecraft:stick":2468,"minecraft:light_blue_dye":2,"minecraft:iron_ingot":2709,"minecraft:stone_sword":75,"minecraft:snow_block":4,"minecraft:light_blue_stained_glass":8,"minecraft:shears":3,"minecraft:oak_door":15,"minecraft:raw_iron":98,"minecraft:netherite_sword":1,"minecraft:spruce_button":26,"minecraft:furnace":15,"minecraft:stone_button":26,"minecraft:blast_furnace":3,"minecraft:diamond_block":2,"minecraft:glass_pane":48,"minecraft:flint_and_steel":1,"minecraft:iron_axe":1,"minecraft:cobblestone_wall":6,"minecraft:netherite_scrap":37,"minecraft:cooked_beef":975,"minecraft:red_dye":6,"minecraft:diamond_sword":2,"minecraft:cyan_dye":2,"minecraft:purple_stained_glass":8,"minecraft:spruce_sign":12,"minecraft:iron_sword":1,"minecraft:bowl":4,"minecraft:bucket":4,"minecraft:stone_axe":1,"minecraft:acacia_boat":1,"minecraft:bread":11,"minecraft:air":0,"minecraft:jungle_planks":20,"minecraft:black_stained_glass":8,"minecraft:blue_dye":6,"minecraft:oak_boat":3,"minecraft:white_wool":64,"minecraft:white_dye":10,"minecraft:anvil":2,"minecraft:stonecutter":1,"minecraft:acacia_planks":12,"minecraft:torch":28,"minecraft:end_crystal":5,"minecraft:clay":20,"minecraft:lapis_block":1,"minecraft:diamond_chestplate":1,"minecraft:firework_rocket":957},"minecraft:dropped":{"minecraft:clay":21,"minecraft:pink_stained_glass":7,"minecraft:iron_sword":39,"minecraft:lapis_lazuli":143,"minecraft:cooked_beef":293,"minecraft:glow_ink_sac":9,"minecraft:diamond":69,"minecraft:crafting_table":1,"minecraft:elytra":12,"minecraft:rail":7,"minecraft:emerald":44,"minecraft:dirt":724,"minecraft:netherite_boots":2,"minecraft:gold_nugget":5,"minecraft:sand":387,"minecraft:phantom_membrane":5,"minecraft:iron_pickaxe":37,"minecraft:dark_oak_planks":2,"minecraft:fishing_rod":41,"minecraft:bone":94,"minecraft:oak_door":18,"minecraft:sugar_cane":69,"minecraft:stone_axe":73,"minecraft:cobbled_deepslate":3050,"minecraft:wheat":85,"minecraft:netherite_sword":7,"minecraft:birch_sapling":3,"minecraft:obsidian":3,"minecraft:rotten_flesh":659,"minecraft:oak_planks":33,"minecraft:glowstone_dust":18,"minecraft:golden_shovel":2,"minecraft:white_bed":15,"minecraft:salmon":2,"minecraft:orange_stained_glass":8,"minecraft:blue_stained_glass":1,"minecraft:jungle_log":4,"minecraft:leather_leggings":1,"minecraft:end_stone_bricks":1,"minecraft:beef":49,"minecraft:ghast_tear":1,"minecraft:enchanted_book":11,"minecraft:golden_boots":2,"minecraft:iron_ingot":4,"minecraft:netherite_pickaxe":1,"minecraft:wheat_seeds":202,"minecraft:feather":8,"minecraft:netherite_helmet":5,"minecraft:netherite_chestplate":7,"minecraft:book":11,"minecraft:prismarine_crystals":3,"minecraft:iron_helmet":1,"minecraft:cobblestone":668,"minecraft:granite":82,"minecraft:coal":120,"minecraft:mushroom_stew":246,"minecraft:golden_apple":1,"minecraft:oxeye_daisy":2,"minecraft:diamond_horse_armor":73,"minecraft:golden_carrot":61,"minecraft:wooden_axe":2,"minecraft:diamond_helmet":1,"minecraft:cooked_salmon":1,"minecraft:pumpkin":2,"minecraft:iron_shovel":2,"minecraft:paper":8,"minecraft:chainmail_leggings":1,"minecraft:string":90,"minecraft:spruce_sapling":4,"minecraft:moss_carpet":4,"minecraft:netherite_hoe":1,"minecraft:player_head":44,"minecraft:stone_sword":191,"minecraft:bowl":1,"minecraft:stone_shovel":1,"minecraft:experience_bottle":1,"minecraft:chicken":3,"minecraft:iron_boots":35,"minecraft:slime_block":1,"minecraft:name_tag":38,"minecraft:shears":2,"minecraft:oak_sign":2,"minecraft:diamond_sword":12,"minecraft:big_dripleaf":5,"minecraft:potato":3,"minecraft:cobblestone_slab":4,"minecraft:spruce_boat":4,"minecraft:spruce_trapdoor":5,"minecraft:spruce_planks":9,"minecraft:diamond_pickaxe":10,"minecraft:wooden_shovel":2,"minecraft:spider_eye":12,"minecraft:bow":48,"minecraft:blue_orchid":4,"minecraft:brown_mushroom":2,"minecraft:diamond_axe":5,"minecraft:warped_fungus":1,"minecraft:baked_potato":1,"minecraft:ender_pearl":5,"minecraft:lantern":128,"minecraft:leather":48,"minecraft:jungle_planks":37,"minecraft:flint":182,"minecraft:dark_oak_log":129,"minecraft:packed_ice":32,"minecraft:cornflower":1,"minecraft:cooked_cod":611,"minecraft:gold_ingot":2,"minecraft:armor_stand":1,"minecraft:gravel":615,"minecraft:spyglass":8,"minecraft:yellow_wool":2,"minecraft:diamond_shovel":2,"minecraft:mushroom_stem":1,"minecraft:shulker_shell":1,"minecraft:poppy":5,"minecraft:rabbit_hide":2,"minecraft:trident":9,"minecraft:gunpowder":12,"minecraft:beetroot_seeds":72,"minecraft:melon_seeds":76,"minecraft:iron_bars":2,"minecraft:arrow":66,"minecraft:quartz":37,"minecraft:written_book":3,"minecraft:oak_leaves":9,"minecraft:netherrack":149,"minecraft:firework_rocket":228,"minecraft:water_bucket":8,"minecraft:bread":175,"minecraft:golden_helmet":3,"minecraft:bookshelf":2,"minecraft:netherite_axe":1,"minecraft:amethyst_block":1,"minecraft:stick":139,"minecraft:diorite":240,"minecraft:brewing_stand":1,"minecraft:torch":8,"minecraft:light_gray_stained_glass":2,"minecraft:iron_leggings":41,"minecraft:flowering_azalea":1,"minecraft:raw_iron_block":1,"minecraft:bucket":40,"minecraft:dandelion":2,"minecraft:smooth_basalt":3,"minecraft:redstone":1,"minecraft:sweet_berries":26,"minecraft:kelp":2,"minecraft:blaze_rod":35,"minecraft:raw_copper":36,"minecraft:ender_chest":2,"minecraft:jukebox":1,"minecraft:raw_iron":43,"minecraft:tuff":742,"minecraft:netherite_leggings":5,"minecraft:filled_map":3,"minecraft:shield":41,"minecraft:diamond_chestplate":35,"minecraft:iron_chestplate":1,"minecraft:andesite":38,"minecraft:cake":1,"minecraft:oak_boat":39,"minecraft:oak_sapling":7,"minecraft:golden_sword":13,"minecraft:diamond_boots":2,"minecraft:spruce_log":17,"minecraft:beacon":1,"minecraft:stone_pickaxe":40,"minecraft:wooden_pickaxe":1,"minecraft:magma_cream":3,"minecraft:calcite":6,"minecraft:brick":1},"minecraft:used":{"minecraft:moss_block":1,"minecraft:writable_book":3,"minecraft:ladder":3,"minecraft:spruce_slab":119,"minecraft:elytra":3,"minecraft:poppy":1,"minecraft:chest":41,"minecraft:stone":29,"minecraft:rotten_flesh":27,"minecraft:soul_sand":66,"minecraft:blue_stained_glass":5,"minecraft:jungle_slab":1,"minecraft:deepslate_brick_slab":1,"minecraft:acacia_sapling":2,"minecraft:azure_bluet":1,"minecraft:snowball":32,"minecraft:stripped_spruce_log":89,"minecraft:spruce_boat":47,"minecraft:jungle_sapling":5,"minecraft:packed_ice":90,"minecraft:honey_block":3,"minecraft:honeycomb":1,"minecraft:lava_bucket":1,"minecraft:netherite_shovel":2535,"minecraft:music_disc_pigstep":6,"minecraft:birch_sapling":8,"minecraft:netherite_hoe":185,"minecraft:dark_oak_button":7,"minecraft:music_disc_stal":1,"minecraft:netherite_boots":1,"minecraft:bow":966,"minecraft:sweet_berries":134,"minecraft:oak_sapling":19,"minecraft:furnace":19,"minecraft:cooked_cod":2,"minecraft:egg":3,"minecraft:potato":1,"minecraft:diorite":9,"minecraft:spruce_door":3,"minecraft:red_stained_glass":5,"minecraft:prismarine":2,"minecraft:blackstone":66,"minecraft:cactus":1,"minecraft:wooden_pickaxe":17,"minecraft:composter":1,"minecraft:jungle_boat":7,"minecraft:golden_apple":5,"minecraft:glow_berries":21,"minecraft:blue_dye":2,"minecraft:sand":242,"minecraft:blast_furnace":3,"minecraft:netherite_helmet":1,"minecraft:stone_button":7,"minecraft:flowering_azalea_leaves":9,"minecraft:lilac":2,"minecraft:diamond_sword":1754,"minecraft:smithing_table":2,"minecraft:white_stained_glass":2,"minecraft:oak_boat":59,"minecraft:pink_stained_glass":3,"minecraft:iron_bars":2,"minecraft:enchanting_table":2,"minecraft:stone_sword":29,"minecraft:red_concrete":3,"minecraft:mycelium":2,"minecraft:cooked_salmon":1,"minecraft:netherrack":522,"minecraft:torch":8,"minecraft:orange_stained_glass":5,"minecraft:brewing_stand":1,"minecraft:anvil":2,"minecraft:golden_shovel":1,"minecraft:red_shulker_box":1,"minecraft:flowering_azalea":1,"minecraft:iron_block":320,"minecraft:iron_axe":149,"minecraft:spruce_button":2,"minecraft:slime_block":1,"minecraft:smooth_quartz":1,"minecraft:totem_of_undying":9,"minecraft:melon_seeds":2,"minecraft:barrel":16,"minecraft:smooth_basalt":1,"minecraft:bamboo":24,"minecraft:basalt":52,"minecraft:glowstone":4,"minecraft:beef":11,"minecraft:oxidized_copper":1,"minecraft:cobbled_deepslate":1472,"minecraft:wheat_seeds":313,"minecraft:water_bucket":267,"minecraft:glow_ink_sac":8,"minecraft:spruce_fence_gate":2,"minecraft:mossy_cobblestone":13,"minecraft:oak_slab":1,"minecraft:crafting_table":38,"minecraft:white_bed":12,"minecraft:campfire":6,"minecraft:music_disc_strad":26,"minecraft:spruce_log":234,"minecraft:mushroom_stem":6,"minecraft:ender_eye":37,"minecraft:diamond_pickaxe":1884,"minecraft:cornflower":1,"minecraft:diamond_shovel":84,"minecraft:iron_pickaxe":167,"minecraft:suspicious_stew":1,"minecraft:spruce_pressure_plate":3,"minecraft:spruce_trapdoor":30,"minecraft:spruce_sapling":125,"minecraft:music_disc_blocks":1,"minecraft:cobblestone":677,"minecraft:potion":2,"minecraft:azalea_leaves":2,"minecraft:acacia_pressure_plate":2,"minecraft:glass_pane":18,"minecraft:dandelion":1,"minecraft:brown_mushroom_block":36,"minecraft:jukebox":3,"minecraft:green_stained_glass":5,"minecraft:moss_carpet":26,"minecraft:oak_sign":1,"minecraft:white_concrete_powder":1,"minecraft:shield":180,"minecraft:white_terracotta":2,"minecraft:iron_sword":64,"minecraft:nether_wart":42,"minecraft:bell":1,"minecraft:player_head":33,"minecraft:spruce_leaves":52,"minecraft:birch_pressure_plate":2,"minecraft:nether_bricks":9,"minecraft:tuff":82,"minecraft:music_disc_13":3,"minecraft:axolotl_bucket":12,"minecraft:milk_bucket":8,"minecraft:obsidian":85,"minecraft:glass":3,"minecraft:lantern":19,"minecraft:stone_bricks":17,"minecraft:item_frame":94,"minecraft:magma_block":2,"minecraft:written_book":4,"minecraft:gold_block":26,"minecraft:dark_oak_sapling":26,"minecraft:wither_skeleton_skull":44,"minecraft:stone_pickaxe":262,"minecraft:oak_planks":20,"minecraft:ender_pearl":9,"minecraft:diamond_axe":436,"minecraft:sugar_cane":1,"minecraft:blue_bed":5,"minecraft:netherite_leggings":2,"minecraft:loom":1,"minecraft:mushroom_stew":222,"minecraft:note_block":2,"minecraft:shears":307,"minecraft:firework_rocket":2052,"minecraft:music_disc_mall":3,"minecraft:bread":97,"minecraft:iron_door":2,"minecraft:gravel":1,"minecraft:grindstone":3,"minecraft:andesite":15,"minecraft:coarse_dirt":21,"minecraft:bone_meal":128,"minecraft:experience_bottle":1,"minecraft:azalea":2,"minecraft:trident":431,"minecraft:netherite_sword":4701,"minecraft:music_disc_otherside":81,"minecraft:flint_and_steel":3,"minecraft:spruce_planks":101,"minecraft:ender_chest":2,"minecraft:wooden_shovel":1,"minecraft:cooked_chicken":2,"minecraft:oak_door":37,"minecraft:dirt":512,"minecraft:spyglass":57,"minecraft:spruce_stairs":136,"minecraft:cobblestone_wall":4,"minecraft:shulker_box":4,"minecraft:granite":7,"minecraft:spruce_fence":26,"minecraft:light_blue_stained_glass":3,"minecraft:wooden_axe":24,"minecraft:stone_brick_slab":1,"minecraft:dark_oak_planks":10,"minecraft:yellow_stained_glass":6,"minecraft:oak_stairs":65,"minecraft:golden_carrot":84,"minecraft:black_stained_glass":2,"minecraft:lime_stained_glass":6,"minecraft:netherite_pickaxe":7763,"minecraft:stone_pressure_plate":3,"minecraft:cooked_beef":1052,"minecraft:red_dye":1,"minecraft:pumpkin":1,"minecraft:cooked_mutton":2,"minecraft:acacia_boat":2,"minecraft:amethyst_block":5,"minecraft:cobblestone_stairs":17,"minecraft:baked_potato":59,"minecraft:netherite_chestplate":1,"minecraft:birch_boat":18,"minecraft:spruce_sign":10,"minecraft:white_dye":3,"minecraft:magenta_stained_glass":2,"minecraft:stonecutter":5,"minecraft:beacon":15,"minecraft:cobblestone_slab":4,"minecraft:music_disc_cat":27,"minecraft:red_mushroom":3,"minecraft:smoker":3,"minecraft:cyan_stained_glass":2,"minecraft:purple_stained_glass":4,"minecraft:flower_pot":6,"minecraft:cracked_polished_blackstone_bricks":2,"minecraft:netherite_axe":2032,"minecraft:yellow_wool":4,"minecraft:stone_axe":5,"minecraft:fishing_rod":21,"minecraft:end_crystal":4,"minecraft:bucket":283,"minecraft:sea_pickle":4,"minecraft:smooth_stone":1,"minecraft:splash_potion":1},"minecraft:custom":{"minecraft:interact_with_crafting_table":1255,"minecraft:open_barrel":697,"minecraft:bell_ring":580,"minecraft:eat_cake_slice":2,"minecraft:leave_game":132,"minecraft:time_since_death":1660692,"minecraft:damage_blocked_by_shield":10699,"minecraft:play_time":5195877,"minecraft:deaths":15,"minecraft:jump":113338,"minecraft:enchant_item":34,"minecraft:interact_with_furnace":919,"minecraft:play_record":148,"minecraft:traded_with_villager":105,"minecraft:interact_with_cartography_table":1,"minecraft:sleep_in_bed":72,"minecraft:damage_dealt":463194,"minecraft:interact_with_smoker":51,"minecraft:inspect_dispenser":4,"minecraft:horse_one_cm":94610,"minecraft:interact_with_smithing_table":7,"minecraft:inspect_dropper":14,"minecraft:interact_with_anvil":34,"minecraft:inspect_hopper":12,"minecraft:target_hit":2,"minecraft:sneak_time":150278,"minecraft:interact_with_lectern":11,"minecraft:interact_with_blast_furnace":19,"minecraft:total_world_time":5195877,"minecraft:tune_noteblock":948,"minecraft:interact_with_stonecutter":1,"minecraft:time_since_rest":75406,"minecraft:swim_one_cm":3000776,"minecraft:fly_one_cm":30436497,"minecraft:open_chest":3709,"minecraft:fish_caught":9,"minecraft:fall_one_cm":3516164,"minecraft:animals_bred":259,"minecraft:open_shulker_box":39,"minecraft:damage_resisted":7019,"minecraft:sprint_one_cm":28133082,"minecraft:drop":2056,"minecraft:play_noteblock":68,"minecraft:talked_to_villager":105,"minecraft:interact_with_brewingstand":10,"minecraft:walk_on_water_one_cm":389712,"minecraft:interact_with_loom":3,"minecraft:open_enderchest":205,"minecraft:interact_with_beacon":24,"minecraft:player_kills":11,"minecraft:crouch_one_cm":533233,"minecraft:mob_kills":9695,"minecraft:climb_one_cm":557243,"minecraft:walk_one_cm":9509883,"minecraft:walk_under_water_one_cm":661333,"minecraft:boat_one_cm":5713231,"minecraft:pot_flower":6,"minecraft:interact_with_grindstone":22,"minecraft:damage_taken":79870,"minecraft:damage_absorbed":364,"minecraft:minecart_one_cm":2274,"minecraft:pig_one_cm":515,"minecraft:aviate_one_cm":84662003},"minecraft:broken":{"minecraft:shears":1,"minecraft:iron_boots":1,"minecraft:stone_sword":1,"minecraft:shield":1,"minecraft:iron_helmet":1,"minecraft:stone_pickaxe":2},"minecraft:mined":{"minecraft:dark_oak_planks":2,"minecraft:red_shulker_box":1,"minecraft:white_bed":4,"minecraft:obsidian":132,"minecraft:granite":112,"minecraft:red_sand":76,"minecraft:chiseled_polished_blackstone":3,"minecraft:acacia_log":12,"minecraft:jungle_log":16,"minecraft:pink_stained_glass":2,"minecraft:purpur_slab":1,"minecraft:lime_stained_glass":5,"minecraft:crimson_fungus":1,"minecraft:oxeye_daisy":2,"minecraft:nether_wart":30,"minecraft:spawner":10,"minecraft:light_blue_stained_glass":2,"minecraft:polished_blackstone_bricks":40,"minecraft:tall_seagrass":2,"minecraft:magma_block":3,"minecraft:barrel":3,"minecraft:cobbled_deepslate":344,"minecraft:fire":830,"minecraft:moss_carpet":12,"minecraft:pumpkin":5,"minecraft:deepslate_lapis_ore":109,"minecraft:enchanting_table":1,"minecraft:cave_vines":4,"minecraft:oak_sign":6,"minecraft:dirt_path":7,"minecraft:oak_stairs":18,"minecraft:quartz_slab":1,"minecraft:iron_block":16,"minecraft:blue_orchid":8,"minecraft:player_head":15,"minecraft:jungle_trapdoor":2,"minecraft:brown_mushroom":4,"minecraft:kelp_plant":1,"minecraft:player_wall_head":5,"minecraft:soul_fire":1,"minecraft:blue_stained_glass":5,"minecraft:powder_snow":34,"minecraft:note_block":1,"minecraft:torch":3,"minecraft:oxidized_copper":1,"minecraft:melon":8,"minecraft:spruce_wall_sign":1,"minecraft:glass":1,"minecraft:sugar_cane":145,"minecraft:spruce_sign":5,"minecraft:amethyst_block":16,"minecraft:white_terracotta":9,"minecraft:chain":1,"minecraft:wheat":259,"minecraft:lilac":1,"minecraft:jukebox":3,"minecraft:pumpkin_stem":5,"minecraft:warped_fungus":2,"minecraft:grass":80,"minecraft:dark_oak_sapling":2,"minecraft:smooth_basalt":6,"minecraft:stonecutter":4,"minecraft:red_mushroom_block":92,"minecraft:yellow_stained_glass":5,"minecraft:deepslate":2758,"minecraft:attached_pumpkin_stem":2,"minecraft:yellow_terracotta":2,"minecraft:light_gray_stained_glass_pane":1,"minecraft:mossy_cobblestone":28,"minecraft:jack_o_lantern":1,"minecraft:dark_oak_log":358,"minecraft:cyan_stained_glass":1,"minecraft:sea_lantern":1,"minecraft:shulker_box":4,"minecraft:nether_bricks":73,"minecraft:dark_oak_fence":1,"minecraft:spruce_fence":3,"minecraft:jungle_planks":4,"minecraft:moss_block":8,"minecraft:kelp":1,"minecraft:redstone_ore":2,"minecraft:jungle_sapling":2,"minecraft:snow":21,"minecraft:andesite":106,"minecraft:big_dripleaf_stem":1,"minecraft:potatoes":7,"minecraft:rail":1,"minecraft:cobblestone_slab":2,"minecraft:warped_stem":17,"minecraft:bamboo":8,"minecraft:ender_chest":4,"minecraft:smithing_table":1,"minecraft:oak_slab":1,"minecraft:glass_pane":1,"minecraft:soul_sand":89,"minecraft:stone_brick_slab":1,"minecraft:dandelion":2,"minecraft:cornflower":2,"minecraft:spruce_button":2,"minecraft:purpur_pillar":4,"minecraft:tall_grass":7,"minecraft:copper_ore":7,"minecraft:deepslate_gold_ore":12,"minecraft:diorite":169,"minecraft:big_dripleaf":4,"minecraft:black_stained_glass":1,"minecraft:red_terracotta":30,"minecraft:coarse_dirt":67,"minecraft:cobblestone_wall":2,"minecraft:purple_stained_glass":3,"minecraft:spruce_log":1054,"minecraft:birch_leaves":20,"minecraft:mycelium":558,"minecraft:gravel":771,"minecraft:cobweb":14,"minecraft:spruce_fence_gate":1,"minecraft:stone_bricks":28,"minecraft:gold_ore":7,"minecraft:fern":15,"minecraft:black_shulker_box":1,"minecraft:spruce_planks":46,"minecraft:oak_sapling":4,"minecraft:mossy_stone_brick_slab":1,"minecraft:jungle_slab":1,"minecraft:cobblestone_stairs":5,"minecraft:orange_stained_glass":5,"minecraft:brewing_stand":1,"minecraft:spruce_trapdoor":9,"minecraft:cave_vines_plant":3,"minecraft:budding_amethyst":4,"minecraft:grass_block":13,"minecraft:cracked_polished_blackstone_bricks":23,"minecraft:white_concrete":1,"minecraft:soul_soil":32,"minecraft:polished_blackstone_brick_slab":4,"minecraft:raw_iron_block":11,"minecraft:glowstone":6,"minecraft:iron_ore":256,"minecraft:azure_bluet":1,"minecraft:green_stained_glass":4,"minecraft:flowering_azalea_leaves":15,"minecraft:iron_bars":6,"minecraft:azalea_leaves":51,"minecraft:azalea":7,"minecraft:end_stone_bricks":1,"minecraft:spruce_slab":16,"minecraft:deepslate_redstone_ore":20,"minecraft:blackstone":126,"minecraft:orange_terracotta":27,"minecraft:clay":44,"minecraft:light_gray_terracotta":10,"minecraft:calcite":5,"minecraft:poppy":2,"minecraft:beacon":3,"minecraft:chest":27,"minecraft:mushroom_stem":39,"minecraft:nether_quartz_ore":139,"minecraft:wither_skeleton_wall_skull":2,"minecraft:cobblestone":119,"minecraft:slime_block":2,"minecraft:grindstone":2,"minecraft:prismarine":2,"minecraft:oak_planks":17,"minecraft:iron_door":3,"minecraft:wall_torch":5,"minecraft:deepslate_copper_ore":9,"minecraft:warped_nylium":13,"minecraft:warped_planks":1,"minecraft:yellow_wool":4,"minecraft:birch_log":18,"minecraft:purpur_block":9,"minecraft:oak_log":100,"minecraft:sand":216,"minecraft:dirt":716,"minecraft:wither_skeleton_skull":3,"minecraft:ancient_debris":37,"minecraft:netherrack":1006,"minecraft:oak_leaves":79,"minecraft:nether_gold_ore":1,"minecraft:diamond_ore":22,"minecraft:crying_obsidian":5,"minecraft:tuff":943,"minecraft:dark_oak_leaves":158,"minecraft:deepslate_diamond_ore":94,"minecraft:oak_door":32,"minecraft:red_stained_glass":4,"minecraft:glow_lichen":1,"minecraft:lever":1,"minecraft:ladder":1,"minecraft:stone_button":7,"minecraft:black_banner":1,"minecraft:potted_azalea_bush":2,"minecraft:white_stained_glass":1,"minecraft:brown_mushroom_block":179,"minecraft:spruce_leaves":319,"minecraft:hay_block":46,"minecraft:deepslate_brick_slab":2,"minecraft:furnace":15,"minecraft:spruce_sapling":19,"minecraft:nether_sprouts":1,"minecraft:stripped_spruce_log":100,"minecraft:gold_block":105,"minecraft:bell":1,"minecraft:nether_brick_fence":1,"minecraft:bookshelf":92,"minecraft:deepslate_iron_ore":727,"minecraft:lantern":1,"minecraft:packed_ice":98,"minecraft:chorus_plant":2,"minecraft:stone":1640,"minecraft:jungle_fence_gate":1,"minecraft:birch_pressure_plate":2,"minecraft:podzol":6,"minecraft:scaffolding":1,"minecraft:acacia_leaves":3,"minecraft:magenta_stained_glass":3,"minecraft:infested_stone_bricks":1,"minecraft:snow_block":25,"minecraft:basalt":54,"minecraft:spruce_door":1,"minecraft:oak_fence":1,"minecraft:crafting_table":15,"minecraft:honey_block":4,"minecraft:rose_bush":15,"minecraft:lapis_ore":10,"minecraft:lily_pad":2,"minecraft:red_concrete":6,"minecraft:polished_blackstone_brick_stairs":1,"minecraft:sculk":1,"minecraft:blue_bed":6,"minecraft:spruce_stairs":9,"minecraft:cactus":2,"minecraft:polished_blackstone_slab":5,"minecraft:sweet_berry_bush":77,"minecraft:ice":41,"minecraft:coal_ore":141,"minecraft:end_rod":3,"minecraft:cracked_stone_bricks":6,"minecraft:terracotta":73,"minecraft:mossy_stone_bricks":16}},"DataVersion":3105}