{"stats":{"minecraft:killed_by":{"minecraft:player":32,"minecraft:zombified_piglin":1,"minecraft:skeleton":1,"minecraft:creeper":1},"minecraft:crafted":{"minecraft:oak_planks":8,"minecraft:cooked_porkchop":3,"minecraft:crafting_table":2,"minecraft:spruce_planks":8,"minecraft:air":0,"minecraft:spruce_boat":3},"minecraft:custom":{"minecraft:interact_with_furnace":8,"minecraft:interact_with_crafting_table":2,"minecraft:leave_game":25,"minecraft:time_since_death":0,"minecraft:climb_one_cm":12920,"minecraft:damage_resisted":264,"minecraft:time_since_rest":21,"minecraft:sprint_one_cm":440971,"minecraft:open_enderchest":2,"minecraft:damage_taken":13975,"minecraft:walk_one_cm":186225,"minecraft:damage_blocked_by_shield":1600,"minecraft:drop":27,"minecraft:damage_dealt":2740,"minecraft:swim_one_cm":208160,"minecraft:player_kills":8,"minecraft:fly_one_cm":1255382,"minecraft:open_chest":76,"minecraft:crouch_one_cm":10001,"minecraft:play_time":141264,"minecraft:sneak_time":3068,"minecraft:deaths":42,"minecraft:walk_under_water_one_cm":57549,"minecraft:boat_one_cm":759956,"minecraft:jump":4393,"minecraft:walk_on_water_one_cm":57112,"minecraft:total_world_time":141264,"minecraft:fall_one_cm":199341},"minecraft:picked_up":{"minecraft:sponge":72,"minecraft:fishing_rod":7,"minecraft:iron_chestplate":6,"minecraft:coarse_dirt":24,"minecraft:jungle_boat":2,"minecraft:feather":21,"minecraft:cooked_beef":4,"minecraft:suspicious_stew":1,"minecraft:salmon":1,"minecraft:leather":4,"minecraft:flint":3,"minecraft:oak_log":12,"minecraft:shield":3,"minecraft:dirt":195,"minecraft:wooden_sword":5,"minecraft:iron_leggings":4,"minecraft:bone":2,"minecraft:spruce_planks":57,"minecraft:iron_ingot":36,"minecraft:white_tulip":6,"minecraft:cooked_chicken":1,"minecraft:oak_boat":11,"minecraft:player_head":80,"minecraft:melon_slice":7,"minecraft:iron_sword":12,"minecraft:diamond_hoe":2,"minecraft:iron_boots":3,"minecraft:stick":21,"minecraft:cooked_porkchop":12,"minecraft:birch_boat":3,"minecraft:sweet_berries":441,"minecraft:torch":162,"minecraft:gravel":27,"minecraft:sand":516,"minecraft:spruce_sapling":7,"minecraft:ink_sac":5,"minecraft:spruce_log":12,"minecraft:vine":5,"minecraft:diamond_block":35,"minecraft:blue_carpet":4,"minecraft:arrow":20,"minecraft:rotten_flesh":35,"minecraft:cooked_cod":8,"minecraft:spruce_boat":3,"minecraft:iron_helmet":4,"minecraft:iron_block":129,"minecraft:totem_of_undying":1,"minecraft:baked_potato":138,"minecraft:snowball":60,"minecraft:diamond_pickaxe":4},"minecraft:mined":{"minecraft:blue_carpet":1,"minecraft:player_wall_head":3,"minecraft:melon":1,"minecraft:tall_grass":1,"minecraft:fire":1,"minecraft:sweet_berry_bush":5,"minecraft:vine":1,"minecraft:dirt":3,"minecraft:sand":3,"minecraft:packed_ice":1,"minecraft:white_tulip":1,"minecraft:player_head":3},"minecraft:broken":{"minecraft:fishing_rod":1},"minecraft:dropped":{"minecraft:iron_ingot":18,"minecraft:vine":5,"minecraft:diamond_block":1,"minecraft:player_head":2,"minecraft:diamond_hoe":1,"minecraft:iron_helmet":1,"minecraft:leather":2,"minecraft:iron_block":129,"minecraft:dirt":32,"minecraft:ink_sac":2,"minecraft:sponge":36,"minecraft:torch":25,"minecraft:iron_chestplate":2,"minecraft:diamond_pickaxe":1,"minecraft:iron_leggings":1,"minecraft:sand":225,"minecraft:arrow":1,"minecraft:blue_carpet":1,"minecraft:bone":1},"minecraft:used":{"minecraft:baked_potato":5,"minecraft:birch_boat":2,"minecraft:shield":20,"minecraft:iron_sword":46,"minecraft:player_head":3,"minecraft:cooked_chicken":1,"minecraft:jungle_boat":2,"minecraft:iron_chestplate":1,"minecraft:diamond_block":1,"minecraft:dirt":18,"minecraft:sand":57,"minecraft:crafting_table":2,"minecraft:mushroom_stew":1,"minecraft:spruce_boat":3,"minecraft:diamond_pickaxe":5,"minecraft:suspicious_stew":1,"minecraft:melon_slice":11,"minecraft:iron_boots":1,"minecraft:fishing_rod":2,"minecraft:blue_carpet":2,"minecraft:wooden_sword":1,"minecraft:sweet_berries":67,"minecraft:cooked_cod":7,"minecraft:cooked_porkchop":1,"minecraft:oak_boat":4,"minecraft:cooked_beef":4,"minecraft:iron_leggings":1}},"DataVersion":2975}