{"stats":{"minecraft:used":{"minecraft:birch_planks":5,"minecraft:birch_boat":1,"minecraft:dirt":4,"minecraft:sweet_berries":90,"minecraft:crafting_table":1},"minecraft:killed":{"minecraft:pig":1},"minecraft:killed_by":{"minecraft:skeleton":1,"minecraft:creeper":1,"minecraft:spider":2},"minecraft:picked_up":{"minecraft:birch_log":5,"minecraft:wheat":1,"minecraft:sweet_berries":99,"minecraft:porkchop":2,"minecraft:spruce_log":2,"minecraft:dirt":4,"minecraft:wheat_seeds":11},"minecraft:mined":{"minecraft:large_fern":1,"minecraft:birch_log":5,"minecraft:sweet_berry_bush":1,"minecraft:birch_leaves":1,"minecraft:grass":42,"minecraft:grass_block":8,"minecraft:dirt":5,"minecraft:tall_grass":16,"minecraft:spruce_leaves":10,"minecraft:oak_leaves":1,"minecraft:fern":1},"minecraft:custom":{"minecraft:time_since_rest":3438,"minecraft:sprint_one_cm":182647,"minecraft:damage_taken":3080,"minecraft:walk_one_cm":180566,"minecraft:mob_kills":1,"minecraft:damage_dealt":54,"minecraft:swim_one_cm":8340,"minecraft:interact_with_crafting_table":1,"minecraft:fly_one_cm":412100,"minecraft:open_chest":4,"minecraft:crouch_one_cm":12776,"minecraft:play_time":67845,"minecraft:deaths":7,"minecraft:sneak_time":4060,"minecraft:walk_under_water_one_cm":3483,"minecraft:interact_with_lectern":2,"minecraft:jump":2302,"minecraft:leave_game":8,"minecraft:walk_on_water_one_cm":4912,"minecraft:time_since_death":3418,"minecraft:climb_one_cm":702,"minecraft:total_world_time":67845,"minecraft:fall_one_cm":96327,"minecraft:horse_one_cm":1782},"minecraft:crafted":{"minecraft:crafting_table":1,"minecraft:birch_boat":1,"minecraft:birch_planks":20}},"DataVersion":2975}