{"stats":{"minecraft:dropped":{"minecraft:cooked_beef":31,"minecraft:glow_ink_sac":1,"minecraft:diamond":16,"minecraft:dark_oak_slab":4,"minecraft:glow_berries":7,"minecraft:dark_oak_button":1,"minecraft:dirt":26,"minecraft:grass":1,"minecraft:jungle_sapling":2,"minecraft:bone_meal":1,"minecraft:iron_pickaxe":1,"minecraft:white_wool":10,"minecraft:bone":4,"minecraft:stone_axe":5,"minecraft:sugar_cane":36,"minecraft:cobbled_deepslate":128,"minecraft:wheat":1,"minecraft:rotten_flesh":40,"minecraft:glowstone_dust":43,"minecraft:golden_shovel":1,"minecraft:iron_ingot":43,"minecraft:wheat_seeds":172,"minecraft:clock":1,"minecraft:copper_block":13,"minecraft:cobblestone":107,"minecraft:granite":1,"minecraft:coal":16,"minecraft:lava_bucket":1,"minecraft:ink_sac":9,"minecraft:rose_bush":4,"minecraft:dried_kelp":1,"minecraft:pumpkin":4,"minecraft:white_banner":1,"minecraft:iron_shovel":2,"minecraft:paper":39,"minecraft:string":18,"minecraft:spruce_sapling":2,"minecraft:furnace":4,"minecraft:moss_carpet":1,"minecraft:cocoa_beans":10,"minecraft:iron_boots":1,"minecraft:shears":1,"minecraft:cobblestone_slab":4,"minecraft:stone":33,"minecraft:shroomlight":1,"minecraft:spruce_planks":15,"minecraft:wooden_shovel":1,"minecraft:bamboo":73,"minecraft:magma_block":17,"minecraft:moss_block":19,"minecraft:dark_oak_sapling":65,"minecraft:flint":21,"minecraft:cornflower":7,"minecraft:amethyst_shard":5,"minecraft:birch_log":4,"minecraft:gold_ingot":49,"minecraft:spyglass":2,"minecraft:pointed_dripstone":10,"minecraft:poppy":3,"minecraft:azalea":1,"minecraft:basalt":37,"minecraft:arrow":2,"minecraft:oak_leaves":18,"minecraft:splash_potion":1,"minecraft:netherrack":676,"minecraft:stone_hoe":2,"minecraft:bread":1,"minecraft:amethyst_block":35,"minecraft:copper_ingot":165,"minecraft:stick":1,"minecraft:diorite":16,"minecraft:torch":2,"minecraft:fire_charge":5,"minecraft:jungle_leaves":43,"minecraft:iron_axe":1,"minecraft:redstone":104,"minecraft:kelp":1,"minecraft:sweet_berries":2,"minecraft:raw_copper":94,"minecraft:tuff":64,"minecraft:diamond_chestplate":1,"minecraft:andesite":23,"minecraft:spruce_log":52,"minecraft:raw_gold":11,"minecraft:brick":13},"minecraft:broken":{"minecraft:wooden_shovel":1,"minecraft:iron_axe":3,"minecraft:iron_pickaxe":26,"minecraft:iron_shovel":4,"minecraft:stone_axe":13,"minecraft:stone_shovel":7},"minecraft:killed_by":{"minecraft:enderman":2},"minecraft:used":{"minecraft:writable_book":11,"minecraft:ladder":17,"minecraft:spruce_slab":182,"minecraft:poppy":5,"minecraft:chest":61,"minecraft:stone":60,"minecraft:stripped_spruce_log":2,"minecraft:lava_bucket":7,"minecraft:dark_oak_slab":125,"minecraft:stone_brick_stairs":24,"minecraft:music_disc_stal":1,"minecraft:bow":42,"minecraft:dark_oak_boat":23,"minecraft:sweet_berries":17,"minecraft:furnace":14,"minecraft:egg":26,"minecraft:potato":45,"minecraft:wooden_pickaxe":16,"minecraft:composter":1,"minecraft:jungle_boat":3,"minecraft:oak_leaves":40,"minecraft:dark_oak_trapdoor":5,"minecraft:flowering_azalea_leaves":6,"minecraft:smithing_table":1,"minecraft:dark_oak_fence":123,"minecraft:oak_boat":8,"minecraft:oak_trapdoor":4,"minecraft:enchanting_table":2,"minecraft:stone_sword":16,"minecraft:armor_stand":1,"minecraft:cooked_salmon":3,"minecraft:netherrack":447,"minecraft:orange_bed":3,"minecraft:torch":506,"minecraft:anvil":2,"minecraft:golden_shovel":1,"minecraft:oak_fence_gate":4,"minecraft:mossy_cobblestone_stairs":5,"minecraft:flowering_azalea":5,"minecraft:iron_axe":851,"minecraft:jungle_log":66,"minecraft:barrel":19,"minecraft:melon_seeds":1,"minecraft:cobbled_deepslate":215,"minecraft:wheat_seeds":927,"minecraft:water_bucket":24,"minecraft:glow_ink_sac":1,"minecraft:vine":12,"minecraft:tnt":2,"minecraft:crafting_table":65,"minecraft:birch_sign":12,"minecraft:white_bed":3,"minecraft:campfire":42,"minecraft:dark_oak_fence_gate":11,"minecraft:spruce_log":229,"minecraft:diamond_pickaxe":1012,"minecraft:warped_trapdoor":1,"minecraft:stripped_jungle_log":63,"minecraft:iron_pickaxe":6904,"minecraft:spruce_trapdoor":28,"minecraft:spruce_sapling":16,"minecraft:cobblestone":445,"minecraft:cooked_porkchop":10,"minecraft:glass_pane":28,"minecraft:dandelion":5,"minecraft:iron_shovel":1219,"minecraft:oak_sign":1,"minecraft:shield":13,"minecraft:iron_sword":308,"minecraft:nether_wart":1,"minecraft:bell":3,"minecraft:iron_chestplate":2,"minecraft:carrot":18,"minecraft:tuff":7,"minecraft:obsidian":17,"minecraft:glass":10,"minecraft:lantern":19,"minecraft:iron_helmet":1,"minecraft:light_blue_bed":10,"minecraft:stone_bricks":61,"minecraft:item_frame":13,"minecraft:dark_oak_stairs":110,"minecraft:dark_oak_sign":3,"minecraft:stone_pickaxe":111,"minecraft:oak_planks":30,"minecraft:sugar_cane":20,"minecraft:loom":2,"minecraft:stone_brick_wall":4,"minecraft:shears":148,"minecraft:cobbled_deepslate_stairs":184,"minecraft:lever":2,"minecraft:dark_oak_log":246,"minecraft:melon_slice":101,"minecraft:bread":100,"minecraft:jungle_sign":7,"minecraft:grindstone":2,"minecraft:andesite":7,"minecraft:chain":1,"minecraft:bone_meal":2,"minecraft:azalea":1,"minecraft:rose_bush":3,"minecraft:flint_and_steel":2,"minecraft:stone_shovel":920,"minecraft:dried_kelp":5,"minecraft:spruce_planks":57,"minecraft:wooden_shovel":61,"minecraft:stone_hoe":91,"minecraft:cooked_chicken":18,"minecraft:dirt":519,"minecraft:spyglass":37,"minecraft:white_carpet":4,"minecraft:spruce_stairs":45,"minecraft:spruce_fence":45,"minecraft:granite":13,"minecraft:stone_brick_slab":47,"minecraft:dark_oak_planks":199,"minecraft:bookshelf":18,"minecraft:oak_stairs":3,"minecraft:iron_boots":2,"minecraft:dark_oak_pressure_plate":1,"minecraft:cooked_beef":23,"minecraft:iron_leggings":2,"minecraft:cooked_mutton":19,"minecraft:cobblestone_stairs":11,"minecraft:birch_boat":2,"minecraft:cobblestone_slab":2,"minecraft:stripped_dark_oak_log":8,"minecraft:dark_oak_door":3,"minecraft:piston":3,"minecraft:wooden_hoe":2,"minecraft:flower_pot":10,"minecraft:apple":8,"minecraft:stone_axe":1698,"minecraft:white_banner":3,"minecraft:bucket":33},"minecraft:picked_up":{"minecraft:iron_chestplate":2,"minecraft:flower_pot":4,"minecraft:anvil":1,"minecraft:oak_stairs":5,"minecraft:golden_shovel":1,"minecraft:amethyst_block":109,"minecraft:string":59,"minecraft:dark_oak_trapdoor":1,"minecraft:shroomlight":3,"minecraft:gold_nugget":108,"minecraft:cobbled_deepslate":4114,"minecraft:spruce_planks":91,"minecraft:azalea_leaves":16,"minecraft:melon_slice":105,"minecraft:dark_oak_door":3,"minecraft:golden_helmet":1,"minecraft:composter":1,"minecraft:big_dripleaf":4,"minecraft:orange_bed":2,"minecraft:tropical_fish":6,"minecraft:birch_log":20,"minecraft:magma_block":68,"minecraft:feather":64,"minecraft:cooked_beef":65,"minecraft:water_bucket":3,"minecraft:jungle_log":201,"minecraft:dark_oak_boat":24,"minecraft:copper_block":39,"minecraft:flint":76,"minecraft:lantern":1,"minecraft:dark_oak_sign":6,"minecraft:glowstone_dust":129,"minecraft:moss_block":95,"minecraft:warped_wart_block":6,"minecraft:stripped_spruce_log":2,"minecraft:ink_sac":25,"minecraft:loom":2,"minecraft:dark_oak_log":789,"minecraft:barrel":7,"minecraft:lever":2,"minecraft:granite":393,"minecraft:golden_horse_armor":3,"minecraft:bread":13,"minecraft:dark_oak_fence":73,"minecraft:diamond_pickaxe":3,"minecraft:crafting_table":50,"minecraft:coarse_dirt":38,"minecraft:nether_wart":3,"minecraft:clay_ball":8659,"minecraft:cornflower":25,"minecraft:flint_and_steel":3,"minecraft:compass":3,"minecraft:white_carpet":2,"minecraft:iron_shovel":4,"minecraft:glass_pane":12,"minecraft:beef":108,"minecraft:jungle_sapling":6,"minecraft:poppy":15,"minecraft:spruce_slab":28,"minecraft:chest":33,"minecraft:piston":3,"minecraft:egg":96,"minecraft:stone":97,"minecraft:spruce_fence":39,"minecraft:fire_charge":15,"minecraft:carrot":31,"minecraft:redstone":606,"minecraft:jungle_sign":6,"minecraft:tnt":4,"minecraft:diamond_chestplate":3,"minecraft:shears":3,"minecraft:gold_ingot":9,"minecraft:mutton":19,"minecraft:glow_berries":27,"minecraft:white_wool":71,"minecraft:stripped_oak_log":1,"minecraft:birch_leaves":4,"minecraft:clock":3,"minecraft:oak_log":74,"minecraft:paper":111,"minecraft:white_banner":3,"minecraft:apple":20,"minecraft:stone_bricks":9,"minecraft:kelp":198,"minecraft:warped_stem":18,"minecraft:oak_fence_gate":18,"minecraft:iron_sword":2,"minecraft:flowering_azalea":9,"minecraft:dark_oak_stairs":55,"minecraft:smooth_basalt":2,"minecraft:dark_oak_slab":51,"minecraft:sweet_berries":35,"minecraft:spyglass":6,"minecraft:gravel":493,"minecraft:spruce_sapling":90,"minecraft:spruce_log":502,"minecraft:crying_obsidian":24,"minecraft:stone_axe":5,"minecraft:birch_sign":9,"minecraft:warped_roots":7,"minecraft:melon_seeds":9,"minecraft:warped_nylium":4,"minecraft:stripped_dark_oak_log":116,"minecraft:ender_pearl":1,"minecraft:wheat":593,"minecraft:potion":2,"minecraft:nether_brick":39,"minecraft:raw_copper":594,"minecraft:iron_leggings":2,"minecraft:oak_sign":2,"minecraft:rose_bush":15,"minecraft:cobblestone_slab":6,"minecraft:calcite":46,"minecraft:azalea":6,"minecraft:wooden_shovel":4,"minecraft:iron_pickaxe":2,"minecraft:furnace":22,"minecraft:iron_boots":5,"minecraft:stick":176,"minecraft:torch":279,"minecraft:spruce_stairs":26,"minecraft:porkchop":10,"minecraft:dried_kelp":3,"minecraft:pointed_dripstone":40,"minecraft:diorite":165,"minecraft:vine":40,"minecraft:cactus":39,"minecraft:rotten_flesh":108,"minecraft:obsidian":88,"minecraft:cobblestone":2438,"minecraft:enchanting_table":1,"minecraft:magma_cream":2,"minecraft:andesite":306,"minecraft:potato":95,"minecraft:tuff":581,"minecraft:warped_trapdoor":1,"minecraft:dirt":956,"minecraft:lapis_lazuli":286,"minecraft:name_tag":1,"minecraft:glass":12,"minecraft:bone":23,"minecraft:bow":3,"minecraft:wheat_seeds":1538,"minecraft:raw_gold":63,"minecraft:bell":4,"minecraft:grindstone":1,"minecraft:bamboo":237,"minecraft:stone_hoe":2,"minecraft:oak_planks":4,"minecraft:sand":36,"minecraft:poisonous_potato":1,"minecraft:jungle_planks":1,"minecraft:grass_block":1,"minecraft:spectral_arrow":126,"minecraft:mossy_cobblestone":12,"minecraft:jungle_leaves":130,"minecraft:diamond":71,"minecraft:bone_meal":34,"minecraft:grass":3,"minecraft:oak_sapling":58,"minecraft:netherrack":2479,"minecraft:oak_leaves":94,"minecraft:cocoa_beans":28,"minecraft:charcoal":40,"minecraft:splash_potion":3,"minecraft:chicken":54,"minecraft:ladder":7,"minecraft:brown_mushroom":92,"minecraft:gold_block":4,"minecraft:shield":3,"minecraft:brick":26,"minecraft:oak_trapdoor":2,"minecraft:moss_carpet":6,"minecraft:iron_axe":3,"minecraft:blackstone":339,"minecraft:oak_boat":12,"minecraft:sugar_cane":383,"minecraft:spruce_trapdoor":6,"minecraft:dark_oak_sapling":204,"minecraft:raw_iron":287,"minecraft:copper_ingot":410,"minecraft:flowering_azalea_leaves":6,"minecraft:light_blue_bed":12,"minecraft:dark_oak_planks":279,"minecraft:arrow":56,"minecraft:jungle_boat":3,"minecraft:dark_oak_button":3,"minecraft:basalt":362,"minecraft:glow_ink_sac":4,"minecraft:salmon":3,"minecraft:leather":82,"minecraft:music_disc_stal":1,"minecraft:birch_planks":10,"minecraft:crimson_fungus":2,"minecraft:cobbled_deepslate_stairs":208,"minecraft:gunpowder":20,"minecraft:cobblestone_stairs":15,"minecraft:iron_ingot":114,"minecraft:soul_sand":72,"minecraft:oak_slab":12,"minecraft:warped_fungus":1,"minecraft:pumpkin":12,"minecraft:birch_boat":1,"minecraft:stone_brick_slab":3,"minecraft:quartz":266,"minecraft:dandelion":8,"minecraft:lava_bucket":2,"minecraft:amethyst_shard":18,"minecraft:white_bed":3,"minecraft:stripped_jungle_log":133,"minecraft:iron_helmet":2,"minecraft:mossy_cobblestone_stairs":3,"minecraft:coal":733},"minecraft:crafted":{"minecraft:black_dye":3,"minecraft:smooth_stone":4,"minecraft:dark_oak_pressure_plate":1,"minecraft:birch_boat":1,"minecraft:chain":1,"minecraft:loom":1,"minecraft:lever":4,"minecraft:bookshelf":19,"minecraft:cooked_mutton":19,"minecraft:glass":28,"minecraft:melon_seeds":4,"minecraft:flower_pot":6,"minecraft:wooden_shovel":3,"minecraft:cooked_porkchop":10,"minecraft:jungle_boat":1,"minecraft:smithing_table":1,"minecraft:mossy_cobblestone":12,"minecraft:clock":1,"minecraft:copper_ingot":207,"minecraft:campfire":42,"minecraft:stone_brick_stairs":28,"minecraft:wooden_hoe":1,"minecraft:stone_slab":6,"minecraft:iron_pickaxe":28,"minecraft:iron_block":3,"minecraft:gold_ingot":65,"minecraft:jungle_sign":6,"minecraft:stone_shovel":7,"minecraft:smooth_stone_slab":6,"minecraft:iron_nugget":153,"minecraft:spyglass":1,"minecraft:mossy_cobblestone_stairs":4,"minecraft:bone_meal":27,"minecraft:spruce_fence":72,"minecraft:pink_dye":2,"minecraft:white_carpet":3,"minecraft:warped_trapdoor":2,"minecraft:lantern":18,"minecraft:dark_oak_fence":138,"minecraft:spruce_stairs":60,"minecraft:ladder":15,"minecraft:spruce_slab":186,"minecraft:stone_pickaxe":1,"minecraft:cobbled_deepslate_stairs":352,"minecraft:redstone_block":17,"minecraft:dark_oak_planks":1226,"minecraft:golden_helmet":2,"minecraft:enchanting_table":1,"minecraft:dried_kelp":6,"minecraft:dark_oak_button":4,"minecraft:orange_dye":2,"minecraft:oak_fence_gate":10,"minecraft:oak_stairs":4,"minecraft:writable_book":1,"minecraft:iron_shovel":5,"minecraft:iron_leggings":4,"minecraft:armor_stand":1,"minecraft:white_bed":1,"minecraft:brick":38,"minecraft:grindstone":1,"minecraft:oak_planks":172,"minecraft:cobblestone_slab":18,"minecraft:barrel":12,"minecraft:dark_oak_boat":14,"minecraft:cooked_chicken":22,"minecraft:stone":208,"minecraft:cobblestone_stairs":20,"minecraft:green_dye":3,"minecraft:warped_planks":16,"minecraft:dark_oak_door":3,"minecraft:stone_brick_slab":48,"minecraft:bow":2,"minecraft:iron_boots":3,"minecraft:chest":33,"minecraft:copper_block":13,"minecraft:stone_hoe":1,"minecraft:stone_bricks":132,"minecraft:white_banner":3,"minecraft:oak_slab":6,"minecraft:item_frame":11,"minecraft:arrow":28,"minecraft:crafting_table":18,"minecraft:spruce_planks":592,"minecraft:wooden_pickaxe":1,"minecraft:iron_helmet":3,"minecraft:birch_planks":32,"minecraft:tnt":2,"minecraft:spruce_trapdoor":26,"minecraft:dark_oak_slab":132,"minecraft:iron_chestplate":3,"minecraft:book":64,"minecraft:paper":219,"minecraft:diamond_pickaxe":2,"minecraft:yellow_dye":2,"minecraft:purple_dye":2,"minecraft:shield":2,"minecraft:stick":716,"minecraft:light_blue_dye":2,"minecraft:iron_ingot":287,"minecraft:stone_sword":1,"minecraft:dark_oak_fence_gate":11,"minecraft:shears":2,"minecraft:stone_brick_wall":6,"minecraft:furnace":6,"minecraft:piston":6,"minecraft:dark_oak_trapdoor":4,"minecraft:dark_oak_sign":9,"minecraft:oak_trapdoor":2,"minecraft:glass_pane":32,"minecraft:flint_and_steel":2,"minecraft:iron_axe":4,"minecraft:lime_dye":2,"minecraft:birch_sign":3,"minecraft:cooked_beef":108,"minecraft:red_dye":7,"minecraft:dark_oak_stairs":124,"minecraft:iron_sword":3,"minecraft:cooked_salmon":3,"minecraft:bucket":2,"minecraft:stone_axe":13,"minecraft:air":0,"minecraft:bread":100,"minecraft:jungle_planks":200,"minecraft:blue_dye":4,"minecraft:oak_boat":6,"minecraft:white_dye":5,"minecraft:anvil":1,"minecraft:torch":480,"minecraft:orange_bed":1,"minecraft:diamond_chestplate":1},"minecraft:mined":{"minecraft:dark_oak_planks":147,"minecraft:white_bed":3,"minecraft:jungle_leaves":86,"minecraft:potted_crimson_fungus":1,"minecraft:obsidian":38,"minecraft:granite":241,"minecraft:jungle_log":136,"minecraft:crimson_fungus":1,"minecraft:nether_wart":1,"minecraft:magma_block":17,"minecraft:mossy_cobblestone_stairs":2,"minecraft:dark_oak_trapdoor":1,"minecraft:barrel":7,"minecraft:cobbled_deepslate":17,"minecraft:pumpkin":4,"minecraft:deepslate_lapis_ore":18,"minecraft:enchanting_table":1,"minecraft:cave_vines":9,"minecraft:oak_sign":1,"minecraft:dirt_path":7,"minecraft:orange_bed":1,"minecraft:kelp_plant":14,"minecraft:crimson_nylium":10,"minecraft:amethyst_cluster":2,"minecraft:powder_snow":5,"minecraft:torch":37,"minecraft:melon":21,"minecraft:dead_bush":3,"minecraft:sugar_cane":155,"minecraft:amethyst_block":39,"minecraft:wheat":581,"minecraft:grass":42,"minecraft:oak_fence_gate":1,"minecraft:smooth_basalt":1,"minecraft:piston":2,"minecraft:deepslate":2211,"minecraft:dark_oak_log":659,"minecraft:dark_oak_fence":30,"minecraft:spruce_fence":6,"minecraft:moss_block":79,"minecraft:kelp":8,"minecraft:redstone_ore":14,"minecraft:andesite":133,"minecraft:potatoes":25,"minecraft:vine":62,"minecraft:warped_stem":11,"minecraft:bamboo":2,"minecraft:stone_brick_slab":5,"minecraft:dandelion":8,"minecraft:jungle_sign":1,"minecraft:cornflower":7,"minecraft:warped_roots":2,"minecraft:campfire":20,"minecraft:copper_ore":107,"minecraft:tall_grass":4,"minecraft:deepslate_gold_ore":35,"minecraft:diorite":84,"minecraft:warped_wart_block":6,"minecraft:coarse_dirt":19,"minecraft:light_blue_bed":10,"minecraft:white_carpet":2,"minecraft:spruce_log":425,"minecraft:birch_leaves":16,"minecraft:gravel":233,"minecraft:birch_sign":4,"minecraft:stone_bricks":4,"minecraft:gold_ore":6,"minecraft:fern":2,"minecraft:large_amethyst_bud":2,"minecraft:spruce_planks":8,"minecraft:cobbled_deepslate_stairs":2,"minecraft:cobblestone_stairs":3,"minecraft:spruce_trapdoor":3,"minecraft:cave_vines_plant":8,"minecraft:grass_block":228,"minecraft:composter":1,"minecraft:glowstone":14,"minecraft:iron_ore":248,"minecraft:anvil":1,"minecraft:dark_oak_stairs":13,"minecraft:pointed_dripstone":6,"minecraft:flowering_azalea_leaves":7,"minecraft:birch_wall_sign":2,"minecraft:azalea_leaves":8,"minecraft:azalea":1,"minecraft:spruce_slab":13,"minecraft:deepslate_redstone_ore":62,"minecraft:blackstone":30,"minecraft:melon_stem":1,"minecraft:clay":1217,"minecraft:calcite":23,"minecraft:poppy":9,"minecraft:potted_warped_roots":1,"minecraft:chest":28,"minecraft:mushroom_stem":10,"minecraft:nether_quartz_ore":89,"minecraft:cobblestone":65,"minecraft:grindstone":1,"minecraft:wall_torch":70,"minecraft:deepslate_copper_ore":5,"minecraft:warped_nylium":18,"minecraft:dark_oak_slab":44,"minecraft:birch_log":12,"minecraft:oak_log":60,"minecraft:sand":38,"minecraft:dirt":355,"minecraft:netherrack":1608,"minecraft:oak_leaves":208,"minecraft:nether_gold_ore":14,"minecraft:crying_obsidian":3,"minecraft:tuff":310,"minecraft:dark_oak_leaves":89,"minecraft:deepslate_diamond_ore":39,"minecraft:ladder":7,"minecraft:lever":1,"minecraft:potted_azalea_bush":2,"minecraft:brown_mushroom_block":105,"minecraft:spruce_leaves":88,"minecraft:oak_trapdoor":2,"minecraft:furnace":12,"minecraft:carrots":8,"minecraft:nether_sprouts":1,"minecraft:stripped_spruce_log":4,"minecraft:gold_block":2,"minecraft:bell":3,"minecraft:shroomlight":1,"minecraft:deepslate_iron_ore":40,"minecraft:lantern":1,"minecraft:stripped_jungle_log":108,"minecraft:stripped_oak_log":1,"minecraft:packed_ice":2,"minecraft:stone":1823,"minecraft:podzol":135,"minecraft:flowering_azalea":6,"minecraft:stripped_dark_oak_log":95,"minecraft:basalt":123,"minecraft:crafting_table":47,"minecraft:rose_bush":7,"minecraft:stone_slab":1,"minecraft:lapis_ore":25,"minecraft:spruce_stairs":18,"minecraft:cactus":8,"minecraft:sweet_berry_bush":13,"minecraft:white_wall_banner":2,"minecraft:coal_ore":378,"minecraft:cocoa":4,"minecraft:jungle_wall_sign":3},"minecraft:killed":{"minecraft:skeleton":6,"minecraft:chicken":38,"minecraft:magma_cube":14,"minecraft:salmon":3,"minecraft:zombie":26,"minecraft:glow_squid":1,"minecraft:cow":57,"minecraft:enderman":7,"minecraft:spider":4,"minecraft:pig":5,"minecraft:creeper":8,"minecraft:sheep":11,"minecraft:drowned":7},"minecraft:custom":{"minecraft:interact_with_crafting_table":389,"minecraft:open_barrel":153,"minecraft:bell_ring":101,"minecraft:leave_game":18,"minecraft:time_since_death":205140,"minecraft:damage_blocked_by_shield":685,"minecraft:play_time":1615395,"minecraft:deaths":3,"minecraft:jump":17602,"minecraft:enchant_item":3,"minecraft:interact_with_furnace":253,"minecraft:play_record":1,"minecraft:sleep_in_bed":51,"minecraft:damage_dealt":20235,"minecraft:interact_with_smithing_table":1,"minecraft:interact_with_anvil":4,"minecraft:sneak_time":36882,"minecraft:interact_with_blast_furnace":1,"minecraft:total_world_time":1615395,"minecraft:time_since_rest":33948,"minecraft:swim_one_cm":188725,"minecraft:fly_one_cm":3503595,"minecraft:open_chest":1796,"minecraft:fall_one_cm":386254,"minecraft:animals_bred":161,"minecraft:damage_resisted":24,"minecraft:sprint_one_cm":3156248,"minecraft:drop":279,"minecraft:talked_to_villager":1,"minecraft:walk_on_water_one_cm":143990,"minecraft:interact_with_loom":5,"minecraft:open_enderchest":2,"minecraft:crouch_one_cm":121844,"minecraft:mob_kills":190,"minecraft:climb_one_cm":101534,"minecraft:walk_one_cm":5723398,"minecraft:walk_under_water_one_cm":107784,"minecraft:boat_one_cm":1105688,"minecraft:pot_flower":11,"minecraft:interact_with_grindstone":3,"minecraft:damage_taken":7551}},"DataVersion":2865}