{"stats":{"minecraft:picked_up":{"minecraft:wooden_axe":2,"minecraft:iron_chestplate":1,"minecraft:crafting_table":38,"minecraft:redstone_block":45,"minecraft:anvil":5,"minecraft:clay_ball":56,"minecraft:wooden_pickaxe":2,"minecraft:enchanted_book":2,"minecraft:shield":2,"minecraft:amethyst_block":2,"minecraft:lapis_block":100,"minecraft:string":165,"minecraft:raw_copper":974,"minecraft:iron_leggings":1,"minecraft:flint_and_steel":3,"minecraft:cobbled_deepslate":1094,"minecraft:oak_boat":2,"minecraft:calcite":3,"minecraft:player_head":4,"minecraft:iron_pickaxe":1,"minecraft:coal_block":16,"minecraft:birch_sapling":3,"minecraft:iron_boots":2,"minecraft:furnace":13,"minecraft:stick":19,"minecraft:raw_iron":482,"minecraft:raw_gold_block":17,"minecraft:oak_door":7,"minecraft:birch_trapdoor":7,"minecraft:oak_fence":4,"minecraft:torch":15,"minecraft:diorite":17,"minecraft:redstone":1104,"minecraft:golden_chestplate":1,"minecraft:stone_shovel":2,"minecraft:arrow":112,"minecraft:rotten_flesh":72,"minecraft:pumpkin_pie":3,"minecraft:saddle":2,"minecraft:glow_berries":12,"minecraft:white_wool":2,"minecraft:rail":27,"minecraft:cobblestone":353,"minecraft:birch_log":16,"minecraft:feather":2,"minecraft:cooked_beef":7,"minecraft:golden_carrot":1,"minecraft:iron_door":84,"minecraft:water_bucket":3,"minecraft:andesite":14,"minecraft:leather":3,"minecraft:birch_planks":20,"minecraft:flint":2,"minecraft:tuff":38,"minecraft:gunpowder":49,"minecraft:lapis_lazuli":954,"minecraft:dirt":37,"minecraft:cooked_mutton":2,"minecraft:leather_boots":1,"minecraft:glass":1,"minecraft:bone":49,"minecraft:bow":7,"minecraft:raw_gold":241,"minecraft:stone_pickaxe":5,"minecraft:iron_ingot":41,"minecraft:cooked_chicken":4,"minecraft:oak_planks":34,"minecraft:smooth_basalt":2,"minecraft:cooked_porkchop":47,"minecraft:birch_boat":13,"minecraft:music_disc_13":1,"minecraft:sweet_berries":217,"minecraft:raw_iron_block":37,"minecraft:gravel":24,"minecraft:amethyst_shard":16,"minecraft:sand":2,"minecraft:spruce_sapling":2,"minecraft:white_bed":2,"minecraft:grass_block":2,"minecraft:spruce_log":9,"minecraft:shulker_box":16,"minecraft:spider_eye":3,"minecraft:diamond":247,"minecraft:stone_axe":3,"minecraft:spruce_boat":9,"minecraft:iron_helmet":2,"minecraft:granite":33,"minecraft:golden_apple":1,"minecraft:coal":196,"minecraft:diamond_pickaxe":2,"minecraft:ender_pearl":8},"minecraft:dropped":{"minecraft:diamond":52,"minecraft:crafting_table":2,"minecraft:glow_berries":6,"minecraft:oak_fence":4,"minecraft:feather":2,"minecraft:cobblestone":69,"minecraft:amethyst_block":2,"minecraft:leather":3,"minecraft:granite":20,"minecraft:rail":27,"minecraft:flint":1,"minecraft:dirt":1,"minecraft:diorite":10,"minecraft:wooden_axe":3,"minecraft:amethyst_shard":4,"minecraft:pumpkin_pie":2,"minecraft:iron_pickaxe":1,"minecraft:smooth_basalt":2,"minecraft:bone":27,"minecraft:gravel":13,"minecraft:stone_axe":2,"minecraft:sweet_berries":5,"minecraft:player_head":1,"minecraft:golden_chestplate":1,"minecraft:cobbled_deepslate":64,"minecraft:tuff":31,"minecraft:birch_sapling":1,"minecraft:raw_iron":2,"minecraft:rotten_flesh":11,"minecraft:clay_ball":40,"minecraft:oak_planks":3,"minecraft:andesite":2,"minecraft:leather_boots":1,"minecraft:spider_eye":3,"minecraft:wooden_pickaxe":1,"minecraft:birch_boat":1,"minecraft:bow":2,"minecraft:stone_pickaxe":4,"minecraft:calcite":3},"minecraft:custom":{"minecraft:interact_with_anvil":4,"minecraft:mob_kills":147,"minecraft:interact_with_crafting_table":61,"minecraft:open_barrel":49,"minecraft:open_shulker_box":43,"minecraft:leave_game":4,"minecraft:time_since_death":25427,"minecraft:climb_one_cm":2792,"minecraft:sprint_one_cm":866937,"minecraft:walk_one_cm":679655,"minecraft:damage_blocked_by_shield":4800,"minecraft:drop":93,"minecraft:play_time":319419,"minecraft:deaths":6,"minecraft:sneak_time":19667,"minecraft:walk_under_water_one_cm":115834,"minecraft:boat_one_cm":167237,"minecraft:interact_with_lectern":8,"minecraft:jump":5383,"minecraft:walk_on_water_one_cm":57464,"minecraft:total_world_time":319419,"minecraft:interact_with_furnace":52,"minecraft:time_since_rest":25447,"minecraft:open_enderchest":6,"minecraft:damage_taken":4512,"minecraft:damage_dealt":28164,"minecraft:swim_one_cm":808628,"minecraft:fly_one_cm":1020414,"minecraft:open_chest":75,"minecraft:crouch_one_cm":34271,"minecraft:fall_one_cm":117982},"minecraft:crafted":{"minecraft:oak_door":3,"minecraft:stone_shovel":2,"minecraft:birch_boat":2,"minecraft:furnace":3,"minecraft:raw_copper_block":77,"minecraft:shulker_box":2,"minecraft:flint_and_steel":1,"minecraft:iron_boots":1,"minecraft:stone_pickaxe":5,"minecraft:chest":1,"minecraft:iron_door":3,"minecraft:redstone_block":110,"minecraft:birch_sign":3,"minecraft:raw_iron_block":38,"minecraft:coal_block":16,"minecraft:diamond_axe":1,"minecraft:crafting_table":4,"minecraft:spruce_planks":36,"minecraft:wooden_pickaxe":3,"minecraft:iron_helmet":1,"minecraft:raw_gold_block":24,"minecraft:bucket":1,"minecraft:birch_planks":64,"minecraft:stone_axe":3,"minecraft:air":0,"minecraft:oak_boat":1,"minecraft:white_wool":2,"minecraft:iron_chestplate":1,"minecraft:diamond_pickaxe":1,"minecraft:shield":2,"minecraft:stick":36,"minecraft:iron_ingot":71,"minecraft:iron_pickaxe":1,"minecraft:wooden_axe":2,"minecraft:birch_trapdoor":2,"minecraft:iron_block":3,"minecraft:iron_leggings":1,"minecraft:anvil":1,"minecraft:white_bed":1,"minecraft:torch":20,"minecraft:lapis_block":100},"minecraft:broken":{"minecraft:stone_pickaxe":1,"minecraft:shield":1},"minecraft:killed":{"minecraft:cave_spider":3,"minecraft:witch":2,"minecraft:spider":6,"minecraft:skeleton":35,"minecraft:chicken":2,"minecraft:pig":1,"minecraft:zombie_villager":1,"minecraft:bat":7,"minecraft:creeper":19,"minecraft:sheep":1,"minecraft:zombie":62,"minecraft:cow":3,"minecraft:enderman":5},"minecraft:killed_by":{"minecraft:creeper":1,"minecraft:spider":1,"minecraft:skeleton":1,"minecraft:blaze":1},"minecraft:used":{"minecraft:flint_and_steel":11,"minecraft:stone_shovel":30,"minecraft:chest":1,"minecraft:shield":105,"minecraft:cooked_chicken":2,"minecraft:rotten_flesh":4,"minecraft:iron_chestplate":1,"minecraft:oak_door":4,"minecraft:torch":5,"minecraft:dirt":27,"minecraft:anvil":3,"minecraft:shulker_box":14,"minecraft:tuff":7,"minecraft:granite":3,"minecraft:axolotl_bucket":1,"minecraft:milk_bucket":1,"minecraft:spruce_boat":9,"minecraft:glass":1,"minecraft:wooden_axe":13,"minecraft:birch_sapling":2,"minecraft:iron_helmet":1,"minecraft:iron_boots":1,"minecraft:birch_trapdoor":3,"minecraft:golden_carrot":1,"minecraft:bow":3,"minecraft:sweet_berries":115,"minecraft:furnace":7,"minecraft:cooked_beef":4,"minecraft:cobbled_deepslate":342,"minecraft:iron_leggings":1,"minecraft:cooked_mutton":1,"minecraft:water_bucket":159,"minecraft:stone_pickaxe":195,"minecraft:oak_planks":1,"minecraft:birch_boat":12,"minecraft:leather_chestplate":1,"minecraft:wooden_pickaxe":30,"minecraft:diamond_axe":252,"minecraft:sand":1,"minecraft:crafting_table":33,"minecraft:birch_sign":3,"minecraft:white_bed":2,"minecraft:diamond_pickaxe":1703,"minecraft:iron_pickaxe":130,"minecraft:gravel":1,"minecraft:iron_door":84,"minecraft:stone_axe":140,"minecraft:cobblestone":79,"minecraft:cooked_porkchop":27,"minecraft:andesite":12,"minecraft:bucket":164,"minecraft:oak_boat":1,"minecraft:tropical_fish_bucket":1},"minecraft:mined":{"minecraft:large_amethyst_bud":1,"minecraft:diamond_ore":2,"minecraft:tuff":38,"minecraft:white_bed":2,"minecraft:deepslate_diamond_ore":51,"minecraft:shulker_box":14,"minecraft:budding_amethyst":1,"minecraft:granite":24,"minecraft:grass_block":5,"minecraft:crimson_roots":2,"minecraft:spawner":1,"minecraft:redstone_ore":7,"minecraft:furnace":7,"minecraft:cobbled_deepslate":38,"minecraft:iron_ore":164,"minecraft:fire":17,"minecraft:andesite":14,"minecraft:anvil":3,"minecraft:deepslate_lapis_ore":40,"minecraft:deepslate_iron_ore":90,"minecraft:stone":198,"minecraft:deepslate_redstone_ore":163,"minecraft:amethyst_cluster":1,"minecraft:crafting_table":32,"minecraft:clay":10,"minecraft:calcite":3,"minecraft:cobblestone":4,"minecraft:glass":1,"minecraft:copper_ore":85,"minecraft:lapis_ore":23,"minecraft:deepslate_gold_ore":98,"minecraft:oak_planks":28,"minecraft:diorite":14,"minecraft:iron_door":13,"minecraft:amethyst_block":2,"minecraft:deepslate_copper_ore":20,"minecraft:birch_log":16,"minecraft:birch_trapdoor":3,"minecraft:spruce_log":9,"minecraft:grass":1,"minecraft:coal_ore":97,"minecraft:gravel":18,"minecraft:sand":2,"minecraft:dirt":19,"minecraft:smooth_basalt":2,"minecraft:gold_ore":15,"minecraft:deepslate":813}},"DataVersion":2975}