{"stats":{"minecraft:picked_up":{"minecraft:iron_chestplate":3,"minecraft:wheat":193,"minecraft:potion":2,"minecraft:amethyst_block":1,"minecraft:string":12,"minecraft:raw_copper":104,"minecraft:iron_leggings":3,"minecraft:oak_sign":7,"minecraft:gold_nugget":8,"minecraft:cobbled_deepslate":1335,"minecraft:bucket":1,"minecraft:spruce_planks":33,"minecraft:white_tulip":2,"minecraft:azalea":6,"minecraft:iron_pickaxe":2,"minecraft:iron_boots":3,"minecraft:furnace":10,"minecraft:golden_helmet":2,"minecraft:stick":77,"minecraft:big_dripleaf":16,"minecraft:torch":83,"minecraft:porkchop":9,"minecraft:pointed_dripstone":4,"minecraft:diorite":13,"minecraft:stone_sword":1,"minecraft:rotten_flesh":45,"minecraft:tropical_fish":1,"minecraft:obsidian":49,"minecraft:cod":3,"minecraft:cobblestone":1203,"minecraft:magma_block":3,"minecraft:feather":8,"minecraft:cooked_beef":3,"minecraft:water_bucket":2,"minecraft:andesite":152,"minecraft:flint":7,"minecraft:tuff":38,"minecraft:dirt":1993,"minecraft:lapis_lazuli":201,"minecraft:leather_boots":6,"minecraft:bone":32,"minecraft:bow":10,"minecraft:wheat_seeds":515,"minecraft:raw_gold":38,"minecraft:rabbit":1,"minecraft:glowstone_dust":1,"minecraft:moss_block":106,"minecraft:oak_planks":128,"minecraft:stone_hoe":1,"minecraft:cooked_porkchop":2,"minecraft:sand":16,"minecraft:stripped_spruce_log":7,"minecraft:ink_sac":2,"minecraft:lily_of_the_valley":1,"minecraft:dark_oak_log":4,"minecraft:mossy_cobblestone":42,"minecraft:diamond":48,"minecraft:spruce_boat":8,"minecraft:granite":7,"minecraft:bone_meal":40,"minecraft:bread":22,"minecraft:chainmail_helmet":2,"minecraft:emerald":10,"minecraft:oak_sapling":4,"minecraft:netherrack":189,"minecraft:crimson_roots":2,"minecraft:diamond_pickaxe":1,"minecraft:crafting_table":25,"minecraft:coarse_dirt":4,"minecraft:chicken":4,"minecraft:clay_ball":2439,"minecraft:leather_leggings":5,"minecraft:brown_mushroom":75,"minecraft:shield":1,"minecraft:moss_carpet":23,"minecraft:flint_and_steel":1,"minecraft:beef":20,"minecraft:oak_boat":14,"minecraft:player_head":2,"minecraft:poppy":5,"minecraft:spruce_slab":24,"minecraft:sugar_cane":97,"minecraft:spruce_trapdoor":4,"minecraft:raw_iron":206,"minecraft:copper_ingot":12,"minecraft:bowl":10,"minecraft:redstone":353,"minecraft:arrow":36,"minecraft:stone_shovel":6,"minecraft:glow_berries":3,"minecraft:mutton":6,"minecraft:white_wool":14,"minecraft:glow_ink_sac":2,"minecraft:salmon":9,"minecraft:leather":14,"minecraft:red_mushroom":55,"minecraft:mushroom_stew":5,"minecraft:oak_log":47,"minecraft:nether_wart_block":2,"minecraft:yellow_bed":5,"minecraft:gunpowder":5,"minecraft:cobblestone_stairs":13,"minecraft:paper":1,"minecraft:kelp":432,"minecraft:rabbit_hide":2,"minecraft:stone_pickaxe":12,"minecraft:glass_bottle":1,"minecraft:soul_sand":11,"minecraft:flowering_azalea":6,"minecraft:iron_sword":8,"minecraft:warped_fungus":4,"minecraft:pumpkin":1,"minecraft:sweet_berries":892,"minecraft:quartz":24,"minecraft:spyglass":8,"minecraft:dripstone_block":3,"minecraft:gravel":72,"minecraft:amethyst_shard":137,"minecraft:spruce_sapling":76,"minecraft:spruce_log":613,"minecraft:spider_eye":4,"minecraft:stone_axe":13,"minecraft:iron_helmet":3,"minecraft:coal":426},"minecraft:dropped":{"minecraft:moss_block":17,"minecraft:brown_mushroom":2,"minecraft:glow_ink_sac":2,"minecraft:glass_bottle":1,"minecraft:flint":1,"minecraft:dirt":22,"minecraft:amethyst_shard":2,"minecraft:bone_meal":34,"minecraft:iron_pickaxe":1,"minecraft:white_wool":1,"minecraft:bone":2,"minecraft:gravel":13,"minecraft:stone_axe":1,"minecraft:sugar_cane":1,"minecraft:cobbled_deepslate":1,"minecraft:rotten_flesh":10,"minecraft:oak_planks":15,"minecraft:rabbit_hide":2,"minecraft:beef":3,"minecraft:wheat_seeds":14,"minecraft:feather":4,"minecraft:copper_ingot":12,"minecraft:coal":15,"minecraft:stick":6,"minecraft:ink_sac":2,"minecraft:flowering_azalea":1,"minecraft:paper":1,"minecraft:string":1,"minecraft:moss_carpet":7,"minecraft:sweet_berries":227,"minecraft:kelp":4,"minecraft:stone_sword":1,"minecraft:clay_ball":299,"minecraft:andesite":10,"minecraft:spider_eye":1},"minecraft:custom":{"minecraft:animals_bred":1,"minecraft:interact_with_crafting_table":142,"minecraft:leave_game":22,"minecraft:time_since_death":67195,"minecraft:sprint_one_cm":1689375,"minecraft:damage_blocked_by_shield":4690,"minecraft:drop":74,"minecraft:play_time":676505,"minecraft:deaths":10,"minecraft:jump":12513,"minecraft:walk_on_water_one_cm":223471,"minecraft:interact_with_furnace":87,"minecraft:sleep_in_bed":18,"minecraft:damage_dealt":22681,"minecraft:crouch_one_cm":142905,"minecraft:interact_with_smoker":15,"minecraft:mob_kills":136,"minecraft:climb_one_cm":5524,"minecraft:walk_one_cm":2196136,"minecraft:sneak_time":43704,"minecraft:walk_under_water_one_cm":212714,"minecraft:boat_one_cm":1179227,"minecraft:interact_with_blast_furnace":20,"minecraft:total_world_time":676505,"minecraft:time_since_rest":29647,"minecraft:damage_taken":9324,"minecraft:swim_one_cm":709994,"minecraft:fly_one_cm":2120052,"minecraft:open_chest":156,"minecraft:fish_caught":1,"minecraft:fall_one_cm":294693},"minecraft:crafted":{"minecraft:smooth_stone":8,"minecraft:oak_planks":176,"minecraft:oak_sign":6,"minecraft:cooked_chicken":4,"minecraft:stone":8,"minecraft:cobblestone_stairs":164,"minecraft:cooked_mutton":2,"minecraft:glass":8,"minecraft:bow":1,"minecraft:iron_boots":2,"minecraft:chest":8,"minecraft:stone_hoe":1,"minecraft:cooked_rabbit":1,"minecraft:smoker":1,"minecraft:cooked_porkchop":9,"minecraft:crafting_table":11,"minecraft:spruce_planks":316,"minecraft:wooden_pickaxe":3,"minecraft:iron_helmet":2,"minecraft:copper_ingot":8,"minecraft:spruce_trapdoor":4,"minecraft:iron_chestplate":2,"minecraft:book":3,"minecraft:paper":9,"minecraft:diamond_pickaxe":1,"minecraft:shield":2,"minecraft:stick":188,"minecraft:iron_ingot":97,"minecraft:iron_pickaxe":3,"minecraft:stone_sword":2,"minecraft:composter":1,"minecraft:shears":2,"minecraft:wooden_sword":2,"minecraft:stone_shovel":14,"minecraft:fishing_rod":1,"minecraft:spyglass":1,"minecraft:furnace":10,"minecraft:blast_furnace":1,"minecraft:mushroom_stew":13,"minecraft:bone_meal":18,"minecraft:flint_and_steel":1,"minecraft:spruce_slab":264,"minecraft:stone_pickaxe":15,"minecraft:cobbled_deepslate_stairs":24,"minecraft:spruce_boat":2,"minecraft:dark_oak_planks":8,"minecraft:cooked_beef":5,"minecraft:cooked_cod":3,"minecraft:spruce_sign":3,"minecraft:enchanting_table":1,"minecraft:iron_sword":2,"minecraft:bowl":4,"minecraft:cooked_salmon":8,"minecraft:bucket":2,"minecraft:stone_axe":8,"minecraft:bread":30,"minecraft:air":0,"minecraft:oak_boat":6,"minecraft:wooden_axe":2,"minecraft:iron_leggings":2,"minecraft:torch":520,"minecraft:clay":453},"minecraft:broken":{"minecraft:golden_helmet":1,"minecraft:leather_leggings":1,"minecraft:stone_pickaxe":14,"minecraft:stone_axe":6,"minecraft:stone_shovel":14,"minecraft:shield":1,"minecraft:iron_pickaxe":2},"minecraft:killed":{"minecraft:witch":1,"minecraft:spider":9,"minecraft:cod":5,"minecraft:skeleton":26,"minecraft:chicken":5,"minecraft:pig":4,"minecraft:zombie_villager":2,"minecraft:salmon":12,"minecraft:creeper":8,"minecraft:sheep":2,"minecraft:zombie":47,"minecraft:cow":2,"minecraft:drowned":7,"minecraft:rabbit":1,"minecraft:squid":1,"minecraft:enderman":1},"minecraft:killed_by":{"minecraft:creeper":2,"minecraft:zombie":1,"minecraft:enderman":1,"minecraft:skeleton":2},"minecraft:used":{"minecraft:moss_block":34,"minecraft:moss_carpet":5,"minecraft:spruce_slab":206,"minecraft:poppy":4,"minecraft:oak_sign":7,"minecraft:chest":8,"minecraft:shield":87,"minecraft:iron_sword":230,"minecraft:player_head":2,"minecraft:rotten_flesh":20,"minecraft:soul_sand":1,"minecraft:carrot":6,"minecraft:tuff":4,"minecraft:axolotl_bucket":4,"minecraft:stripped_spruce_log":1,"minecraft:obsidian":14,"minecraft:big_dripleaf":8,"minecraft:spruce_boat":6,"minecraft:glass":8,"minecraft:iron_helmet":1,"minecraft:magma_block":3,"minecraft:bow":16,"minecraft:warped_fungus":2,"minecraft:sweet_berries":372,"minecraft:furnace":13,"minecraft:cooked_cod":3,"minecraft:diorite":7,"minecraft:leather_leggings":1,"minecraft:stone_pickaxe":1923,"minecraft:oak_planks":6,"minecraft:wooden_pickaxe":47,"minecraft:composter":1,"minecraft:clay":6,"minecraft:sugar_cane":16,"minecraft:glow_berries":3,"minecraft:sand":7,"minecraft:mushroom_stew":12,"minecraft:blast_furnace":1,"minecraft:cobbled_deepslate_stairs":24,"minecraft:bread":30,"minecraft:gravel":30,"minecraft:wooden_sword":14,"minecraft:cooked_rabbit":1,"minecraft:andesite":47,"minecraft:oak_boat":14,"minecraft:azalea":6,"minecraft:enchanting_table":1,"minecraft:stone_sword":139,"minecraft:white_tulip":2,"minecraft:flint_and_steel":1,"minecraft:tropical_fish":1,"minecraft:stone_shovel":1844,"minecraft:cooked_salmon":4,"minecraft:stone_hoe":76,"minecraft:cooked_chicken":4,"minecraft:netherrack":44,"minecraft:torch":508,"minecraft:dirt":720,"minecraft:spyglass":7,"minecraft:granite":3,"minecraft:wooden_axe":28,"minecraft:flowering_azalea":5,"minecraft:iron_boots":1,"minecraft:cooked_beef":5,"minecraft:cobbled_deepslate":96,"minecraft:iron_leggings":1,"minecraft:wheat_seeds":389,"minecraft:cooked_mutton":1,"minecraft:water_bucket":95,"minecraft:amethyst_block":1,"minecraft:cobblestone_stairs":176,"minecraft:spruce_sign":3,"minecraft:leather_boots":2,"minecraft:salmon":1,"minecraft:mossy_cobblestone":1,"minecraft:crafting_table":32,"minecraft:spruce_log":293,"minecraft:smoker":1,"minecraft:diamond_pickaxe":239,"minecraft:iron_pickaxe":656,"minecraft:spruce_trapdoor":8,"minecraft:spruce_sapling":9,"minecraft:stone_axe":911,"minecraft:fishing_rod":15,"minecraft:cobblestone":225,"minecraft:potion":1,"minecraft:cooked_porkchop":9,"minecraft:bucket":101,"minecraft:yellow_bed":4,"minecraft:kelp":117,"minecraft:smooth_stone":5},"minecraft:mined":{"minecraft:cobblestone_stairs":12,"minecraft:obsidian":49,"minecraft:spruce_trapdoor":4,"minecraft:granite":10,"minecraft:budding_amethyst":1,"minecraft:grass_block":229,"minecraft:oak_wall_sign":2,"minecraft:magma_block":4,"minecraft:iron_ore":122,"minecraft:cobbled_deepslate":6,"minecraft:pumpkin":1,"minecraft:moss_carpet":11,"minecraft:deepslate_lapis_ore":13,"minecraft:pointed_dripstone":3,"minecraft:oak_sign":1,"minecraft:dirt_path":6,"minecraft:azalea":4,"minecraft:spruce_slab":32,"minecraft:deepslate_redstone_ore":70,"minecraft:brown_mushroom":12,"minecraft:kelp_plant":51,"minecraft:player_wall_head":1,"minecraft:crimson_nylium":3,"minecraft:amethyst_cluster":34,"minecraft:clay":497,"minecraft:torch":2,"minecraft:poppy":2,"minecraft:mushroom_stem":11,"minecraft:nether_quartz_ore":12,"minecraft:cobblestone":29,"minecraft:sugar_cane":42,"minecraft:oak_planks":2,"minecraft:wall_torch":8,"minecraft:amethyst_block":1,"minecraft:seagrass":4,"minecraft:nether_wart_block":1,"minecraft:wheat":178,"minecraft:warped_fungus":3,"minecraft:grass":28,"minecraft:oak_log":47,"minecraft:sand":16,"minecraft:dirt":924,"minecraft:red_mushroom_block":45,"minecraft:netherrack":55,"minecraft:oak_leaves":27,"minecraft:deepslate":1127,"minecraft:nether_gold_ore":2,"minecraft:tuff":57,"minecraft:mossy_cobblestone":42,"minecraft:dark_oak_leaves":1,"minecraft:deepslate_diamond_ore":36,"minecraft:dark_oak_log":4,"minecraft:crimson_roots":2,"minecraft:brown_mushroom_block":45,"minecraft:spruce_leaves":63,"minecraft:kelp":6,"minecraft:moss_block":36,"minecraft:large_fern":1,"minecraft:furnace":6,"minecraft:andesite":51,"minecraft:stripped_spruce_log":7,"minecraft:peony":1,"minecraft:big_dripleaf_stem":2,"minecraft:vine":1,"minecraft:deepslate_iron_ore":41,"minecraft:stone":809,"minecraft:white_tulip":1,"minecraft:podzol":444,"minecraft:flowering_azalea":2,"minecraft:soul_sand":6,"minecraft:lily_of_the_valley":1,"minecraft:crafting_table":21,"minecraft:tall_grass":6,"minecraft:copper_ore":22,"minecraft:lapis_ore":6,"minecraft:deepslate_gold_ore":27,"minecraft:diorite":11,"minecraft:big_dripleaf":3,"minecraft:coarse_dirt":2,"minecraft:sweet_berry_bush":33,"minecraft:ice":1,"minecraft:spruce_log":441,"minecraft:yellow_bed":5,"minecraft:coal_ore":173,"minecraft:gravel":86,"minecraft:dripstone_block":3,"minecraft:small_dripleaf":1,"minecraft:fern":12}},"DataVersion":2975}