{"stats":{"minecraft:broken":{"minecraft:stone_pickaxe":7,"minecraft:stone_axe":1,"minecraft:iron_pickaxe":3,"minecraft:stone_shovel":1},"minecraft:dropped":{"minecraft:ender_pearl":1,"minecraft:cobblestone":386,"minecraft:granite":37,"minecraft:stick":1,"minecraft:diorite":30,"minecraft:sugar":2,"minecraft:iron_pickaxe":1,"minecraft:furnace":2,"minecraft:stone_axe":1,"minecraft:spider_eye":1,"minecraft:bow":1},"minecraft:mined":{"minecraft:tuff":4,"minecraft:spruce_planks":2,"minecraft:white_bed":2,"minecraft:spruce_trapdoor":2,"minecraft:granite":62,"minecraft:grass_block":45,"minecraft:spruce_leaves":9,"minecraft:furnace":8,"minecraft:iron_ore":105,"minecraft:andesite":192,"minecraft:pointed_dripstone":7,"minecraft:deepslate_iron_ore":18,"minecraft:stone":960,"minecraft:spruce_door":10,"minecraft:cornflower":1,"minecraft:crafting_table":18,"minecraft:torch":7,"minecraft:copper_ore":73,"minecraft:cobblestone":23,"minecraft:lapis_ore":10,"minecraft:diorite":158,"minecraft:spruce_sign":1,"minecraft:wall_torch":11,"minecraft:blue_bed":1,"minecraft:sweet_berry_bush":5,"minecraft:spruce_log":22,"minecraft:grass":6,"minecraft:oak_log":31,"minecraft:coal_ore":82,"minecraft:gravel":13,"minecraft:dripstone_block":8,"minecraft:dirt":122,"minecraft:cracked_stone_bricks":5,"minecraft:stone_bricks":4,"minecraft:mossy_stone_bricks":2,"minecraft:gold_ore":21,"minecraft:oak_leaves":7,"minecraft:fern":1,"minecraft:deepslate":8,"minecraft:infested_stone":3},"minecraft:picked_up":{"minecraft:crafting_table":18,"minecraft:chicken":4,"minecraft:cornflower":1,"minecraft:string":7,"minecraft:raw_copper":280,"minecraft:cracked_stone_bricks":5,"minecraft:cobbled_deepslate":8,"minecraft:spruce_planks":2,"minecraft:beef":8,"minecraft:iron_pickaxe":1,"minecraft:light_gray_wool":1,"minecraft:spruce_trapdoor":2,"minecraft:furnace":10,"minecraft:stick":4,"minecraft:raw_iron":123,"minecraft:copper_ingot":5,"minecraft:torch":20,"minecraft:pointed_dripstone":14,"minecraft:diorite":151,"minecraft:arrow":4,"minecraft:rotten_flesh":2,"minecraft:mutton":5,"minecraft:white_wool":2,"minecraft:cobblestone":1036,"minecraft:feather":2,"minecraft:golden_carrot":191,"minecraft:glow_ink_sac":3,"minecraft:andesite":192,"minecraft:leather":2,"minecraft:flint":2,"minecraft:tuff":2,"minecraft:oak_log":31,"minecraft:dirt":178,"minecraft:lapis_lazuli":70,"minecraft:blue_bed":1,"minecraft:bone":6,"minecraft:stone_bricks":4,"minecraft:bow":1,"minecraft:raw_gold":21,"minecraft:iron_ingot":19,"minecraft:mossy_stone_bricks":2,"minecraft:sweet_berries":62,"minecraft:dripstone_block":8,"minecraft:gravel":13,"minecraft:white_bed":2,"minecraft:spruce_log":22,"minecraft:spider_eye":1,"minecraft:spruce_door":10,"minecraft:sugar":2,"minecraft:spruce_boat":4,"minecraft:stone_axe":1,"minecraft:granite":62,"minecraft:spruce_sign":1,"minecraft:coal":115,"minecraft:ender_pearl":2},"minecraft:used":{"minecraft:stone_shovel":172,"minecraft:spruce_planks":2,"minecraft:chest":4,"minecraft:shield":45,"minecraft:cooked_chicken":1,"minecraft:rotten_flesh":2,"minecraft:torch":87,"minecraft:dirt":105,"minecraft:spruce_boat":5,"minecraft:spruce_button":1,"minecraft:iron_helmet":1,"minecraft:stone_bricks":1,"minecraft:golden_carrot":10,"minecraft:sweet_berries":50,"minecraft:furnace":12,"minecraft:spruce_door":12,"minecraft:stone_pickaxe":919,"minecraft:wooden_pickaxe":3,"minecraft:spruce_sign":4,"minecraft:blue_bed":2,"minecraft:crafting_table":20,"minecraft:white_bed":2,"minecraft:iron_pickaxe":839,"minecraft:spruce_pressure_plate":1,"minecraft:spruce_trapdoor":3,"minecraft:stone_axe":137,"minecraft:cobblestone":164,"minecraft:andesite":63,"minecraft:bucket":1},"minecraft:custom":{"minecraft:mob_kills":32,"minecraft:interact_with_crafting_table":40,"minecraft:leave_game":8,"minecraft:time_since_death":205178,"minecraft:climb_one_cm":299,"minecraft:sprint_one_cm":179795,"minecraft:walk_one_cm":554153,"minecraft:damage_blocked_by_shield":2205,"minecraft:drop":20,"minecraft:play_time":205178,"minecraft:sneak_time":5809,"minecraft:walk_under_water_one_cm":5723,"minecraft:boat_one_cm":1583,"minecraft:jump":1923,"minecraft:walk_on_water_one_cm":15119,"minecraft:total_world_time":205178,"minecraft:interact_with_furnace":107,"minecraft:time_since_rest":205178,"minecraft:open_enderchest":1,"minecraft:damage_taken":1392,"minecraft:damage_dealt":4300,"minecraft:swim_one_cm":39272,"minecraft:fly_one_cm":224481,"minecraft:open_chest":46,"minecraft:crouch_one_cm":9345,"minecraft:fall_one_cm":33034,"minecraft:horse_one_cm":13710},"minecraft:killed":{"minecraft:witch":1,"minecraft:spider":6,"minecraft:skeleton":4,"minecraft:chicken":4,"minecraft:silverfish":2,"minecraft:pig":4,"minecraft:sheep":3,"minecraft:zombie":5,"minecraft:cow":3},"minecraft:crafted":{"minecraft:oak_planks":124,"minecraft:stone_shovel":2,"minecraft:spruce_button":1,"minecraft:cooked_chicken":4,"minecraft:furnace":5,"minecraft:bone_meal":3,"minecraft:cooked_mutton":5,"minecraft:spruce_pressure_plate":2,"minecraft:iron_boots":1,"minecraft:stone_pickaxe":7,"minecraft:chest":4,"minecraft:spruce_boat":1,"minecraft:cooked_beef":5,"minecraft:spruce_sign":3,"minecraft:crafting_table":3,"minecraft:spruce_planks":88,"minecraft:wooden_pickaxe":1,"minecraft:iron_helmet":1,"minecraft:spruce_door":3,"minecraft:blue_bed":1,"minecraft:copper_ingot":59,"minecraft:bucket":1,"minecraft:stone_axe":2,"minecraft:air":0,"minecraft:blue_dye":2,"minecraft:spruce_trapdoor":2,"minecraft:white_wool":1,"minecraft:iron_chestplate":1,"minecraft:white_dye":1,"minecraft:shield":1,"minecraft:stick":48,"minecraft:iron_ingot":104,"minecraft:iron_pickaxe":4,"minecraft:iron_leggings":1,"minecraft:gold_ingot":21,"minecraft:white_bed":1,"minecraft:torch":68}},"DataVersion":2975}