{"stats":{"minecraft:mined":{"minecraft:white_bed":18,"minecraft:light_blue_concrete":50,"minecraft:jungle_leaves":633,"minecraft:obsidian":116,"minecraft:granite":66,"minecraft:stone_brick_wall":28,"minecraft:jungle_log":377,"minecraft:deepslate_bricks":1,"minecraft:hopper":5,"minecraft:oxeye_daisy":2,"minecraft:oak_wall_sign":1,"minecraft:nether_wart":32,"minecraft:spawner":7,"minecraft:orange_concrete":90,"minecraft:polished_blackstone_bricks":2,"minecraft:magma_block":1,"minecraft:cobbled_deepslate":20,"minecraft:barrel":44,"minecraft:fire":111,"minecraft:moss_carpet":21,"minecraft:deepslate_lapis_ore":50,"minecraft:enchanting_table":1,"minecraft:cave_vines":7,"minecraft:oak_sign":1,"minecraft:dirt_path":23,"minecraft:small_amethyst_bud":1,"minecraft:deepslate_brick_stairs":1,"minecraft:iron_block":88,"minecraft:blue_orchid":11,"minecraft:player_head":2,"minecraft:tripwire":4,"minecraft:jungle_trapdoor":6,"minecraft:brown_mushroom":2,"minecraft:deepslate_brick_wall":1,"minecraft:soul_fire":13,"minecraft:deepslate_tile_slab":8,"minecraft:powder_snow":11,"minecraft:torch":101,"minecraft:melon":53,"minecraft:glass":42,"minecraft:sugar_cane":362,"minecraft:amethyst_block":18,"minecraft:polished_diorite_stairs":13,"minecraft:repeater":27,"minecraft:wheat":579,"minecraft:jukebox":2,"minecraft:lime_concrete":63,"minecraft:grass":378,"minecraft:smooth_basalt":3,"minecraft:stonecutter":3,"minecraft:deepslate":6620,"minecraft:deepslate_tiles":10,"minecraft:mossy_cobblestone":2,"minecraft:dark_oak_log":68,"minecraft:end_stone":633,"minecraft:shulker_box":15,"minecraft:nether_bricks":49,"minecraft:cobbled_deepslate_slab":6,"minecraft:jungle_planks":98,"minecraft:redstone_wire":151,"minecraft:red_mushroom":7,"minecraft:moss_block":174,"minecraft:cartography_table":2,"minecraft:redstone_ore":4,"minecraft:pink_concrete":45,"minecraft:andesite":123,"minecraft:diamond_block":1,"minecraft:big_dripleaf_stem":1,"minecraft:potatoes":634,"minecraft:vine":454,"minecraft:bamboo":102,"minecraft:white_wool":24,"minecraft:ender_chest":21,"minecraft:smithing_table":2,"minecraft:gray_concrete":36,"minecraft:soul_sand":20,"minecraft:comparator":4,"minecraft:pink_concrete_powder":2,"minecraft:dandelion":64,"minecraft:jungle_sign":1,"minecraft:cornflower":11,"minecraft:dropper":6,"minecraft:tall_grass":25,"minecraft:copper_ore":163,"minecraft:deepslate_gold_ore":180,"minecraft:diorite":798,"minecraft:warped_wart_block":1,"minecraft:black_stained_glass":20,"minecraft:white_carpet":7,"minecraft:spruce_log":11,"minecraft:birch_leaves":19,"minecraft:jungle_fence":8,"minecraft:gravel":523,"minecraft:cobweb":41,"minecraft:gold_ore":7,"minecraft:fern":49,"minecraft:spruce_planks":33,"minecraft:attached_melon_stem":1,"minecraft:farmland":2,"minecraft:cobbled_deepslate_stairs":2,"minecraft:jungle_slab":20,"minecraft:brewing_stand":3,"minecraft:cave_vines_plant":5,"minecraft:budding_amethyst":2,"minecraft:grass_block":1625,"minecraft:soul_soil":14,"minecraft:polished_diorite":18,"minecraft:polished_blackstone_brick_slab":2,"minecraft:composter":66,"minecraft:smooth_stone":559,"minecraft:raw_iron_block":1,"minecraft:glowstone":95,"minecraft:iron_ore":194,"minecraft:anvil":1,"minecraft:azure_bluet":6,"minecraft:azalea":8,"minecraft:spruce_slab":1,"minecraft:deepslate_redstone_ore":396,"minecraft:blackstone":20,"minecraft:melon_stem":3,"minecraft:clay":18,"minecraft:calcite":80,"minecraft:poppy":14,"minecraft:chest":60,"minecraft:nether_quartz_ore":30,"minecraft:cobblestone":104,"minecraft:oak_planks":7,"minecraft:wall_torch":42,"minecraft:deepslate_copper_ore":21,"minecraft:seagrass":2,"minecraft:birch_log":85,"minecraft:purpur_block":2,"minecraft:smooth_stone_slab":14,"minecraft:oak_log":125,"minecraft:diorite_wall":4,"minecraft:sand":840,"minecraft:dirt":1930,"minecraft:netherrack":837,"minecraft:oak_leaves":1142,"minecraft:redstone_lamp":4,"minecraft:diamond_ore":1,"minecraft:tuff":662,"minecraft:deepslate_diamond_ore":132,"minecraft:ladder":3,"minecraft:lever":9,"minecraft:white_stained_glass":36,"minecraft:spruce_leaves":5,"minecraft:deepslate_brick_slab":5,"minecraft:spore_blossom":4,"minecraft:oak_trapdoor":1,"minecraft:furnace":16,"minecraft:carrots":30,"minecraft:polished_basalt":2,"minecraft:nether_brick_fence":1,"minecraft:polished_deepslate":9,"minecraft:bookshelf":16,"minecraft:deepslate_iron_ore":228,"minecraft:lantern":5,"minecraft:stripped_oak_log":1,"minecraft:packed_ice":152,"minecraft:chorus_plant":6,"minecraft:stone":4183,"minecraft:jungle_fence_gate":4,"minecraft:redstone_wall_torch":7,"minecraft:acacia_leaves":1,"minecraft:scaffolding":98,"minecraft:flowering_azalea":6,"minecraft:basalt":284,"minecraft:spruce_door":3,"minecraft:oak_fence":1,"minecraft:crafting_table":46,"minecraft:blackstone_slab":1,"minecraft:deepslate_coal_ore":3,"minecraft:lapis_ore":29,"minecraft:polished_blackstone_brick_stairs":3,"minecraft:birch_planks":5,"minecraft:cactus":5,"minecraft:gray_concrete_powder":30,"minecraft:redstone_torch":5,"minecraft:sweet_berry_bush":96,"minecraft:coal_ore":509,"minecraft:cocoa":1,"minecraft:end_rod":16,"minecraft:yellow_concrete":138,"minecraft:polished_andesite":5,"minecraft:mossy_stone_bricks":2,"minecraft:jungle_wall_sign":14},"minecraft:killed_by":{"minecraft:zombie":2,"minecraft:creeper":2,"minecraft:piglin":1,"minecraft:blaze":1,"minecraft:player":1},"minecraft:picked_up":{"minecraft:iron_chestplate":7,"minecraft:prismarine_shard":3,"minecraft:anvil":1,"minecraft:smithing_table":2,"minecraft:lead":2,"minecraft:diamond_sword":1,"minecraft:enchanted_book":8,"minecraft:brewing_stand":4,"minecraft:golden_sword":1,"minecraft:amethyst_block":34,"minecraft:polished_deepslate":9,"minecraft:music_disc_cat":26,"minecraft:polished_blackstone_brick_stairs":4,"minecraft:string":110,"minecraft:soul_soil":25,"minecraft:gold_nugget":2,"minecraft:cobbled_deepslate":3690,"minecraft:spruce_planks":42,"minecraft:written_book":3,"minecraft:melon_slice":377,"minecraft:golden_helmet":2,"minecraft:polished_blackstone_brick_slab":2,"minecraft:jukebox":2,"minecraft:composter":66,"minecraft:big_dripleaf":12,"minecraft:deepslate_tile_stairs":8,"minecraft:golden_chestplate":1,"minecraft:tropical_fish":4,"minecraft:polished_basalt":8,"minecraft:iron_block":88,"minecraft:glowstone":43,"minecraft:bookshelf":16,"minecraft:end_rod":16,"minecraft:blaze_rod":39,"minecraft:birch_log":85,"minecraft:magma_block":2,"minecraft:feather":9,"minecraft:cooked_beef":74,"minecraft:birch_slab":2,"minecraft:water_bucket":3,"minecraft:jungle_log":616,"minecraft:copper_block":19,"minecraft:flint":301,"minecraft:map":2,"minecraft:gray_concrete":36,"minecraft:pink_concrete_powder":2,"minecraft:lantern":5,"minecraft:gray_concrete_powder":30,"minecraft:stonecutter":4,"minecraft:glowstone_dust":176,"minecraft:moss_block":202,"minecraft:dropper":6,"minecraft:ink_sac":19,"minecraft:dark_oak_log":136,"minecraft:barrel":42,"minecraft:iron_hoe":1,"minecraft:polished_andesite":5,"minecraft:deepslate":5137,"minecraft:lever":9,"minecraft:deepslate_gold_ore":57,"minecraft:granite":67,"minecraft:golden_horse_armor":1,"minecraft:diamond_pickaxe":8,"minecraft:crafting_table":51,"minecraft:nether_wart":144,"minecraft:clay_ball":226,"minecraft:redstone_lamp":5,"minecraft:purpur_block":4,"minecraft:cornflower":11,"minecraft:jungle_trapdoor":6,"minecraft:elytra":4,"minecraft:flint_and_steel":1,"minecraft:compass":2,"minecraft:white_stained_glass":36,"minecraft:white_carpet":17,"minecraft:iron_shovel":11,"minecraft:cartography_table":3,"minecraft:deepslate_diamond_ore":44,"minecraft:music_disc_otherside":1,"minecraft:beef":276,"minecraft:minecart":5,"minecraft:jungle_sapling":20,"minecraft:iron_nugget":14,"minecraft:poppy":16,"minecraft:spruce_slab":1,"minecraft:chest":63,"minecraft:birch_sapling":25,"minecraft:copper_ore":4,"minecraft:raw_copper_block":44,"minecraft:egg":8,"minecraft:black_stained_glass":20,"minecraft:stone":688,"minecraft:raw_gold_block":9,"minecraft:cake":5,"minecraft:jungle_fence_gate":4,"minecraft:carrot":199,"minecraft:redstone":1767,"minecraft:prismarine_crystals":15,"minecraft:jungle_sign":18,"minecraft:tnt":2,"minecraft:diamond_chestplate":4,"minecraft:cooked_cod":7,"minecraft:beetroot_seeds":12,"minecraft:diamond_boots":2,"minecraft:shears":4,"minecraft:deepslate_bricks":1,"minecraft:hay_block":64,"minecraft:gold_ingot":46,"minecraft:totem_of_undying":5,"minecraft:glow_berries":107,"minecraft:mutton":92,"minecraft:white_wool":154,"minecraft:rail":28,"minecraft:oxeye_daisy":2,"minecraft:lapis_ore":1,"minecraft:stripped_oak_log":1,"minecraft:blackstone_slab":1,"minecraft:fern":4,"minecraft:jungle_fence":8,"minecraft:red_mushroom":26,"minecraft:filled_map":9,"minecraft:oak_log":170,"minecraft:golden_boots":9,"minecraft:paper":52,"minecraft:apple":36,"minecraft:stone_bricks":1,"minecraft:kelp":31,"minecraft:spore_blossom":4,"minecraft:iron_ore":6,"minecraft:glass_bottle":8,"minecraft:iron_sword":14,"minecraft:flowering_azalea":11,"minecraft:smooth_basalt":3,"minecraft:milk_bucket":1,"minecraft:sweet_berries":355,"minecraft:yellow_concrete":138,"minecraft:lime_concrete":63,"minecraft:gravel":577,"minecraft:orange_candle":43,"minecraft:spruce_log":12,"minecraft:leather_helmet":2,"minecraft:firework_rocket":125,"minecraft:slime_ball":18,"minecraft:polished_diorite":33,"minecraft:deepslate_redstone_ore":169,"minecraft:painting":2,"minecraft:birch_sign":3,"minecraft:baked_potato":227,"minecraft:melon_seeds":18,"minecraft:hopper":5,"minecraft:ender_pearl":19,"minecraft:shulker_shell":18,"minecraft:wheat":922,"minecraft:light_blue_concrete":50,"minecraft:nether_brick_fence":1,"minecraft:redstone_block":25,"minecraft:ender_chest":20,"minecraft:potion":7,"minecraft:lapis_block":37,"minecraft:raw_copper":1057,"minecraft:deepslate_lapis_ore":20,"minecraft:smooth_stone_slab":14,"minecraft:iron_leggings":6,"minecraft:netherite_ingot":3,"minecraft:oak_sign":3,"minecraft:activator_rail":27,"minecraft:deepslate_tiles":16,"minecraft:smooth_stone":912,"minecraft:comparator":4,"minecraft:bucket":39,"minecraft:red_dye":2,"minecraft:redstone_torch":14,"minecraft:calcite":115,"minecraft:azalea":20,"minecraft:iron_pickaxe":12,"minecraft:deepslate_iron_ore":32,"minecraft:iron_boots":4,"minecraft:furnace":16,"minecraft:stick":119,"minecraft:deepslate_brick_wall":1,"minecraft:oak_fence":5,"minecraft:torch":262,"minecraft:porkchop":4,"minecraft:diorite":849,"minecraft:vine":336,"minecraft:cactus":6,"minecraft:rotten_flesh":204,"minecraft:deepslate_brick_stairs":10,"minecraft:obsidian":185,"minecraft:cod":12,"minecraft:blaze_powder":2,"minecraft:cobblestone":11791,"minecraft:enchanting_table":1,"minecraft:leather_chestplate":6,"minecraft:repeater":28,"minecraft:magma_cream":25,"minecraft:andesite":224,"minecraft:golden_leggings":2,"minecraft:potato":2632,"minecraft:tuff":920,"minecraft:light_gray_dye":2,"minecraft:dirt":5540,"minecraft:lapis_lazuli":544,"minecraft:name_tag":2,"minecraft:leather_boots":1,"minecraft:glass":163,"minecraft:bone":107,"minecraft:bow":12,"minecraft:wheat_seeds":2283,"minecraft:deepslate_brick_slab":5,"minecraft:raw_gold":273,"minecraft:cobbled_deepslate_slab":12,"minecraft:mossy_stone_bricks":2,"minecraft:bamboo":1358,"minecraft:oak_planks":9,"minecraft:ghast_tear":6,"minecraft:pink_concrete":45,"minecraft:diorite_wall":30,"minecraft:music_disc_13":4,"minecraft:axolotl_bucket":1,"minecraft:poisonous_potato":11,"minecraft:sand":869,"minecraft:jungle_planks":257,"minecraft:grass_block":6,"minecraft:diamond_block":1,"minecraft:jungle_slab":24,"minecraft:shulker_box":17,"minecraft:mossy_cobblestone":2,"minecraft:jungle_leaves":1376,"minecraft:diamond":260,"minecraft:spruce_boat":29,"minecraft:grass":20,"minecraft:bone_meal":4,"minecraft:golden_apple":1,"minecraft:emerald":27,"minecraft:netherrack":1151,"minecraft:oak_sapling":100,"minecraft:chorus_fruit":165,"minecraft:oak_leaves":2182,"minecraft:fishing_rod":2,"minecraft:cocoa_beans":34,"minecraft:azure_bluet":6,"minecraft:splash_potion":2,"minecraft:chicken":10,"minecraft:ladder":3,"minecraft:packed_ice":152,"minecraft:brown_mushroom":5,"minecraft:stone_brick_wall":28,"minecraft:gold_block":6,"minecraft:shield":10,"minecraft:oak_trapdoor":2,"minecraft:moss_carpet":44,"minecraft:iron_axe":6,"minecraft:orange_concrete":87,"minecraft:item_frame":12,"minecraft:blackstone":22,"minecraft:blue_orchid":11,"minecraft:player_head":15,"minecraft:sugar_cane":649,"minecraft:phantom_membrane":16,"minecraft:dark_oak_sapling":2,"minecraft:end_stone":1255,"minecraft:raw_iron":571,"minecraft:orange_dye":1,"minecraft:polished_blackstone_bricks":4,"minecraft:cookie":23,"minecraft:trident":1,"minecraft:arrow":248,"minecraft:pumpkin_pie":93,"minecraft:nether_bricks":44,"minecraft:jungle_boat":23,"minecraft:basalt":336,"minecraft:golden_carrot":3,"minecraft:leather":176,"minecraft:birch_planks":9,"minecraft:cobbled_deepslate_stairs":10,"minecraft:gunpowder":89,"minecraft:deepslate_tile_slab":8,"minecraft:heart_of_the_sea":2,"minecraft:iron_ingot":46,"minecraft:cooked_chicken":11,"minecraft:soul_sand":48,"minecraft:book":17,"minecraft:scaffolding":272,"minecraft:pumpkin":1,"minecraft:quartz":56,"minecraft:dandelion":63,"minecraft:raw_iron_block":3,"minecraft:lava_bucket":1,"minecraft:amethyst_shard":2,"minecraft:white_bed":17,"minecraft:spruce_door":5,"minecraft:spider_eye":11,"minecraft:polished_diorite_stairs":17,"minecraft:pumpkin_seeds":8,"minecraft:iron_helmet":7,"minecraft:coal":996},"minecraft:custom":{"minecraft:interact_with_crafting_table":390,"minecraft:open_barrel":2590,"minecraft:eat_cake_slice":17,"minecraft:leave_game":152,"minecraft:time_since_death":2503915,"minecraft:damage_blocked_by_shield":7370,"minecraft:play_time":4759582,"minecraft:deaths":8,"minecraft:jump":75361,"minecraft:enchant_item":12,"minecraft:interact_with_furnace":1293,"minecraft:play_record":28,"minecraft:interact_with_cartography_table":26,"minecraft:sleep_in_bed":77,"minecraft:damage_dealt":62165,"minecraft:inspect_dispenser":1,"minecraft:horse_one_cm":23443,"minecraft:interact_with_smithing_table":2,"minecraft:inspect_dropper":51,"minecraft:interact_with_anvil":26,"minecraft:inspect_hopper":285,"minecraft:target_hit":86,"minecraft:sneak_time":255441,"minecraft:interact_with_lectern":67,"minecraft:total_world_time":4759582,"minecraft:interact_with_stonecutter":45,"minecraft:time_since_rest":494418,"minecraft:swim_one_cm":378019,"minecraft:fly_one_cm":15598535,"minecraft:open_chest":4035,"minecraft:fall_one_cm":1796737,"minecraft:animals_bred":123,"minecraft:open_shulker_box":87,"minecraft:damage_resisted":1749,"minecraft:sprint_one_cm":18325539,"minecraft:drop":238,"minecraft:talked_to_villager":10,"minecraft:interact_with_brewingstand":116,"minecraft:walk_on_water_one_cm":498288,"minecraft:open_enderchest":265,"minecraft:interact_with_beacon":2,"minecraft:player_kills":2,"minecraft:crouch_one_cm":1080892,"minecraft:mob_kills":432,"minecraft:climb_one_cm":772825,"minecraft:walk_one_cm":6231063,"minecraft:walk_under_water_one_cm":199315,"minecraft:boat_one_cm":2441905,"minecraft:pot_flower":2,"minecraft:damage_taken":20717,"minecraft:aviate_one_cm":4549773},"minecraft:broken":{"minecraft:shears":7,"minecraft:iron_sword":2,"minecraft:fishing_rod":1,"minecraft:stone_hoe":1,"minecraft:iron_axe":3,"minecraft:iron_pickaxe":18,"minecraft:golden_helmet":1,"minecraft:iron_shovel":14,"minecraft:stone_pickaxe":1,"minecraft:stone_axe":1,"minecraft:leather_boots":1},"minecraft:killed":{"minecraft:cod":12,"minecraft:shulker":3,"minecraft:skeleton":44,"minecraft:chicken":4,"minecraft:tropical_fish":1,"minecraft:magma_cube":30,"minecraft:zombie":84,"minecraft:cow":91,"minecraft:endermite":1,"minecraft:enderman":8,"minecraft:witch":3,"minecraft:spider":14,"minecraft:pig":2,"minecraft:zombie_villager":2,"minecraft:creeper":23,"minecraft:sheep":30,"minecraft:ghast":4,"minecraft:blaze":41,"minecraft:slime":16,"minecraft:phantom":5,"minecraft:drowned":1,"minecraft:squid":4,"minecraft:wither_skeleton":2},"minecraft:dropped":{"minecraft:iron_sword":10,"minecraft:cooked_beef":2,"minecraft:glass_bottle":2,"minecraft:diamond":80,"minecraft:elytra":1,"minecraft:dirt":42,"minecraft:iron_pickaxe":14,"minecraft:bone":2,"minecraft:cooked_chicken":11,"minecraft:cobbled_deepslate":10,"minecraft:wheat":1,"minecraft:birch_sapling":1,"minecraft:rotten_flesh":28,"minecraft:end_stone":1,"minecraft:azure_bluet":1,"minecraft:glass":12,"minecraft:iron_ingot":7,"minecraft:enchanted_book":1,"minecraft:golden_boots":6,"minecraft:wheat_seeds":691,"minecraft:golden_horse_armor":1,"minecraft:cobblestone":75,"minecraft:iron_helmet":6,"minecraft:granite":1,"minecraft:coal":2,"minecraft:jungle_boat":1,"minecraft:smooth_stone":2,"minecraft:iron_shovel":5,"minecraft:paper":21,"minecraft:string":1,"minecraft:furnace":1,"minecraft:moss_carpet":3,"minecraft:player_head":1,"minecraft:deepslate":64,"minecraft:clay_ball":25,"minecraft:iron_boots":1,"minecraft:shears":1,"minecraft:spruce_boat":1,"minecraft:stone":5,"minecraft:diamond_pickaxe":1,"minecraft:stone_bricks":1,"minecraft:light_gray_dye":2,"minecraft:bow":5,"minecraft:soul_sand":2,"minecraft:baked_potato":75,"minecraft:jungle_planks":2,"minecraft:flint":15,"minecraft:redstone_lamp":1,"minecraft:gravel":15,"minecraft:music_disc_otherside":1,"minecraft:leather_chestplate":3,"minecraft:gunpowder":14,"minecraft:beetroot_seeds":17,"minecraft:arrow":15,"minecraft:basalt":1,"minecraft:written_book":3,"minecraft:oak_leaves":74,"minecraft:netherrack":13,"minecraft:vine":17,"minecraft:golden_helmet":1,"minecraft:poisonous_potato":2,"minecraft:tropical_fish":2,"minecraft:stick":40,"minecraft:torch":1,"minecraft:melon_slice":3,"minecraft:map":3,"minecraft:iron_leggings":3,"minecraft:jungle_leaves":3,"minecraft:iron_axe":3,"minecraft:flowering_azalea":1,"minecraft:smooth_basalt":3,"minecraft:redstone":3,"minecraft:kelp":3,"minecraft:sweet_berries":5,"minecraft:oak_trapdoor":1,"minecraft:raw_copper":20,"minecraft:tuff":14,"minecraft:raw_iron":3,"minecraft:filled_map":5,"minecraft:shield":4,"minecraft:iron_chestplate":3,"minecraft:andesite":1,"minecraft:cake":1,"minecraft:oak_sapling":4},"minecraft:used":{"minecraft:moss_block":39,"minecraft:writable_book":22,"minecraft:spruce_slab":5,"minecraft:ladder":4,"minecraft:elytra":2,"minecraft:chest":82,"minecraft:stone":45,"minecraft:rotten_flesh":14,"minecraft:soul_sand":6,"minecraft:jungle_slab":107,"minecraft:deepslate_brick_slab":33,"minecraft:spruce_boat":28,"minecraft:packed_ice":11,"minecraft:lava_bucket":66,"minecraft:jungle_fence_gate":7,"minecraft:grass_block":2,"minecraft:diorite_wall":52,"minecraft:stone_brick_stairs":8,"minecraft:bow":209,"minecraft:sweet_berries":209,"minecraft:furnace":23,"minecraft:oak_sapling":3,"minecraft:cooked_cod":9,"minecraft:egg":5,"minecraft:potato":794,"minecraft:deepslate_brick_wall":41,"minecraft:mossy_stone_bricks":7,"minecraft:diorite":40,"minecraft:spruce_door":4,"minecraft:chorus_fruit":12,"minecraft:lime_concrete_powder":40,"minecraft:wooden_pickaxe":22,"minecraft:composter":68,"minecraft:jungle_boat":18,"minecraft:oak_leaves":154,"minecraft:cookie":19,"minecraft:glow_berries":110,"minecraft:sand":37,"minecraft:gray_concrete":32,"minecraft:deepslate_brick_stairs":31,"minecraft:deepslate_tiles":12,"minecraft:deepslate_iron_ore":32,"minecraft:stone_button":2,"minecraft:spore_blossom":4,"minecraft:diamond_sword":347,"minecraft:wooden_sword":3,"minecraft:smithing_table":3,"minecraft:white_stained_glass":246,"minecraft:birch_log":1,"minecraft:oak_trapdoor":3,"minecraft:polished_blackstone_brick_slab":16,"minecraft:enchanting_table":2,"minecraft:orange_concrete":87,"minecraft:netherrack":562,"minecraft:torch":774,"minecraft:brewing_stand":4,"minecraft:anvil":2,"minecraft:jungle_trapdoor":8,"minecraft:polished_diorite":316,"minecraft:flowering_azalea":2,"minecraft:iron_block":160,"minecraft:iron_axe":1344,"minecraft:jungle_log":77,"minecraft:melon_seeds":5,"minecraft:barrel":93,"minecraft:bamboo":19,"minecraft:basalt":98,"minecraft:lime_concrete":63,"minecraft:cobbled_deepslate":225,"minecraft:calcite":60,"minecraft:wheat_seeds":606,"minecraft:water_bucket":141,"minecraft:birch_planks":5,"minecraft:cartography_table":2,"minecraft:deepslate_bricks":6,"minecraft:polished_blackstone_bricks":1,"minecraft:pink_concrete":21,"minecraft:mossy_cobblestone":7,"minecraft:comparator":6,"minecraft:vine":31,"minecraft:crafting_table":48,"minecraft:birch_sign":3,"minecraft:white_bed":19,"minecraft:cake":1,"minecraft:oak_log":4,"minecraft:diamond_pickaxe":7414,"minecraft:iron_pickaxe":5474,"minecraft:cobblestone":378,"minecraft:potion":25,"minecraft:cooked_porkchop":2,"minecraft:jukebox":3,"minecraft:moss_carpet":43,"minecraft:iron_shovel":5103,"minecraft:polished_deepslate":240,"minecraft:oak_sign":7,"minecraft:polished_basalt":73,"minecraft:shield":151,"minecraft:iron_sword":991,"minecraft:nether_wart":32,"minecraft:grass":1,"minecraft:player_head":2,"minecraft:jungle_planks":514,"minecraft:nether_bricks":37,"minecraft:carrot":30,"minecraft:deepslate_tile_slab":36,"minecraft:tuff":9,"minecraft:music_disc_13":3,"minecraft:axolotl_bucket":11,"minecraft:milk_bucket":13,"minecraft:obsidian":91,"minecraft:glass":366,"minecraft:lantern":9,"minecraft:gray_concrete_powder":130,"minecraft:stone_bricks":4,"minecraft:item_frame":24,"minecraft:deepslate_diamond_ore":44,"minecraft:repeater":45,"minecraft:redstone_lamp":90,"minecraft:written_book":18,"minecraft:scaffolding":294,"minecraft:polished_diorite_stairs":17,"minecraft:pink_concrete_powder":34,"minecraft:end_rod":134,"minecraft:dropper":12,"minecraft:stone_pickaxe":131,"minecraft:jungle_fence":32,"minecraft:oak_planks":5,"minecraft:ender_pearl":11,"minecraft:sugar_cane":45,"minecraft:white_wool":75,"minecraft:light_blue_concrete":36,"minecraft:yellow_concrete":124,"minecraft:deepslate_redstone_ore":149,"minecraft:stone_brick_wall":68,"minecraft:shears":1856,"minecraft:end_stone":1323,"minecraft:cobbled_deepslate_stairs":9,"minecraft:redstone_torch":18,"minecraft:lever":14,"minecraft:firework_rocket":91,"minecraft:melon_slice":183,"minecraft:string":23,"minecraft:bread":3,"minecraft:deepslate":46,"minecraft:gravel":9,"minecraft:blackstone_slab":13,"minecraft:jungle_sign":49,"minecraft:light_blue_concrete_powder":48,"minecraft:andesite":1,"minecraft:smooth_stone_slab":27,"minecraft:bone_meal":2,"minecraft:purpur_block":4,"minecraft:oak_fence":12,"minecraft:jungle_leaves":383,"minecraft:orange_concrete_powder":80,"minecraft:flint_and_steel":11,"minecraft:stone_shovel":42,"minecraft:redstone":414,"minecraft:spruce_planks":33,"minecraft:ender_chest":21,"minecraft:deepslate_gold_ore":40,"minecraft:stone_hoe":133,"minecraft:dirt":2215,"minecraft:white_carpet":21,"minecraft:hopper":13,"minecraft:shulker_box":15,"minecraft:granite":6,"minecraft:wooden_axe":35,"minecraft:iron_hoe":286,"minecraft:bookshelf":32,"minecraft:polished_blackstone_brick_stairs":7,"minecraft:yellow_concrete_powder":120,"minecraft:golden_carrot":3,"minecraft:black_stained_glass":24,"minecraft:soul_soil":3,"minecraft:deepslate_tile_stairs":8,"minecraft:netherite_pickaxe":5323,"minecraft:cooked_beef":135,"minecraft:glass_bottle":43,"minecraft:polished_andesite":133,"minecraft:baked_potato":705,"minecraft:stonecutter":4,"minecraft:beacon":1,"minecraft:music_disc_cat":25,"minecraft:painting":2,"minecraft:flower_pot":2,"minecraft:map":5,"minecraft:lapis_ore":1,"minecraft:stone_axe":71,"minecraft:fishing_rod":133,"minecraft:cobbled_deepslate_slab":30,"minecraft:bucket":345,"minecraft:splash_potion":2,"minecraft:smooth_stone":4386},"minecraft:crafted":{"minecraft:ender_chest":2,"minecraft:black_dye":11,"minecraft:smooth_stone":2755,"minecraft:jungle_fence_gate":3,"minecraft:oak_sign":6,"minecraft:blaze_powder":8,"minecraft:birch_slab":24,"minecraft:lever":6,"minecraft:bookshelf":16,"minecraft:shulker_box":3,"minecraft:deepslate_brick_stairs":15,"minecraft:glass":692,"minecraft:repeater":21,"minecraft:melon_seeds":5,"minecraft:light_blue_concrete_powder":48,"minecraft:lime_concrete_powder":40,"minecraft:flower_pot":2,"minecraft:glass_bottle":21,"minecraft:redstone_lamp":89,"minecraft:end_rod":124,"minecraft:cooked_porkchop":2,"minecraft:jungle_boat":1,"minecraft:raw_gold_block":9,"minecraft:spruce_door":3,"minecraft:smithing_table":1,"minecraft:mossy_cobblestone":11,"minecraft:copper_ingot":171,"minecraft:cartography_table":1,"minecraft:stone_brick_stairs":1,"minecraft:golden_leggings":1,"minecraft:compass":6,"minecraft:iron_pickaxe":27,"minecraft:iron_block":27,"minecraft:gold_ingot":116,"minecraft:light_gray_dye":2,"minecraft:composter":3,"minecraft:jungle_sign":33,"minecraft:yellow_concrete_powder":120,"minecraft:stone_shovel":1,"minecraft:smooth_stone_slab":24,"minecraft:jukebox":1,"minecraft:iron_nugget":36,"minecraft:bone_meal":129,"minecraft:pink_dye":2,"minecraft:white_carpet":24,"minecraft:moss_carpet":36,"minecraft:lantern":4,"minecraft:diamond":90,"minecraft:deepslate_brick_wall":15,"minecraft:polished_diorite":19,"minecraft:ladder":3,"minecraft:spruce_slab":12,"minecraft:stone_pickaxe":1,"minecraft:diamond_boots":1,"minecraft:spruce_boat":1,"minecraft:redstone_block":83,"minecraft:jungle_fence":24,"minecraft:golden_helmet":1,"minecraft:coal_block":35,"minecraft:netherite_pickaxe":1,"minecraft:polished_blackstone_brick_slab":14,"minecraft:enchanting_table":1,"minecraft:deepslate_brick_slab":28,"minecraft:gray_concrete_powder":120,"minecraft:deepslate_tiles":6,"minecraft:glowstone":72,"minecraft:white_stained_glass":256,"minecraft:orange_dye":10,"minecraft:jungle_slab":198,"minecraft:fermented_spider_eye":1,"minecraft:wooden_axe":1,"minecraft:writable_book":1,"minecraft:iron_shovel":17,"minecraft:deepslate_tile_stairs":1,"minecraft:iron_leggings":4,"minecraft:white_bed":2,"minecraft:oak_planks":140,"minecraft:barrel":53,"minecraft:stone":3062,"minecraft:hopper":9,"minecraft:bow":1,"minecraft:iron_boots":3,"minecraft:raw_copper":405,"minecraft:comparator":3,"minecraft:polished_basalt":13,"minecraft:chest":33,"minecraft:copper_block":26,"minecraft:stone_hoe":1,"minecraft:ender_eye":2,"minecraft:stone_bricks":12,"minecraft:oak_fence":15,"minecraft:golden_boots":1,"minecraft:raw_iron_block":10,"minecraft:dropper":10,"minecraft:oak_slab":12,"minecraft:item_frame":13,"minecraft:map":6,"minecraft:crafting_table":5,"minecraft:spruce_planks":48,"minecraft:wooden_pickaxe":1,"minecraft:baked_potato":567,"minecraft:iron_helmet":4,"minecraft:gold_block":6,"minecraft:brewing_stand":1,"minecraft:birch_planks":336,"minecraft:iron_chestplate":2,"minecraft:book":57,"minecraft:paper":258,"minecraft:diamond_pickaxe":1,"minecraft:yellow_dye":32,"minecraft:shield":5,"minecraft:stick":508,"minecraft:light_blue_dye":12,"minecraft:iron_ingot":498,"minecraft:polished_blackstone_brick_stairs":5,"minecraft:redstone_torch":56,"minecraft:polished_diorite_stairs":8,"minecraft:deepslate_bricks":3,"minecraft:shears":9,"minecraft:deepslate_tile_slab":28,"minecraft:wooden_sword":3,"minecraft:cobbled_deepslate_slab":30,"minecraft:redstone":369,"minecraft:raw_iron":99,"minecraft:coal":126,"minecraft:fishing_rod":1,"minecraft:mossy_stone_bricks":5,"minecraft:furnace":8,"minecraft:stone_button":2,"minecraft:jungle_trapdoor":2,"minecraft:gray_dye":16,"minecraft:raw_copper_block":109,"minecraft:diamond_block":9,"minecraft:oak_trapdoor":2,"minecraft:flint_and_steel":1,"minecraft:scaffolding":60,"minecraft:iron_axe":8,"minecraft:iron_hoe":2,"minecraft:orange_concrete_powder":80,"minecraft:lime_dye":2,"minecraft:birch_sign":3,"minecraft:cooked_beef":127,"minecraft:sugar":23,"minecraft:red_dye":12,"minecraft:cooked_cod":12,"minecraft:diamond_sword":1,"minecraft:pink_concrete_powder":32,"minecraft:iron_sword":6,"minecraft:bucket":22,"minecraft:stone_axe":1,"minecraft:air":0,"minecraft:jungle_planks":1148,"minecraft:black_stained_glass":24,"minecraft:blue_dye":11,"minecraft:white_dye":96,"minecraft:stonecutter":2,"minecraft:anvil":1,"minecraft:torch":572,"minecraft:blackstone_slab":12,"minecraft:lapis_block":37,"minecraft:diamond_chestplate":1}},"DataVersion":3120}