{"stats":{"minecraft:custom":{"minecraft:interact_with_crafting_table":341,"minecraft:open_barrel":118,"minecraft:leave_game":39,"minecraft:time_since_death":268029,"minecraft:damage_blocked_by_shield":665,"minecraft:play_time":3616240,"minecraft:deaths":19,"minecraft:jump":35402,"minecraft:enchant_item":23,"minecraft:interact_with_furnace":216,"minecraft:traded_with_villager":1587,"minecraft:interact_with_cartography_table":1,"minecraft:sleep_in_bed":72,"minecraft:damage_dealt":124873,"minecraft:inspect_dispenser":9,"minecraft:horse_one_cm":105889,"minecraft:interact_with_smithing_table":3,"minecraft:inspect_dropper":25,"minecraft:interact_with_anvil":45,"minecraft:inspect_hopper":631,"minecraft:sneak_time":155710,"minecraft:interact_with_lectern":10,"minecraft:total_world_time":3616240,"minecraft:interact_with_stonecutter":38,"minecraft:time_since_rest":127665,"minecraft:swim_one_cm":350896,"minecraft:fly_one_cm":6870502,"minecraft:open_chest":2728,"minecraft:fall_one_cm":954984,"minecraft:animals_bred":41,"minecraft:open_shulker_box":1374,"minecraft:sprint_one_cm":5423503,"minecraft:drop":364,"minecraft:talked_to_villager":417,"minecraft:interact_with_brewingstand":18,"minecraft:walk_on_water_one_cm":223316,"minecraft:open_enderchest":139,"minecraft:interact_with_beacon":10,"minecraft:crouch_one_cm":554646,"minecraft:mob_kills":4094,"minecraft:climb_one_cm":215192,"minecraft:walk_one_cm":8682994,"minecraft:walk_under_water_one_cm":314369,"minecraft:boat_one_cm":454064,"minecraft:interact_with_grindstone":9,"minecraft:damage_taken":26149,"minecraft:damage_absorbed":51,"minecraft:minecart_one_cm":314,"minecraft:aviate_one_cm":53611255},"minecraft:dropped":{"minecraft:iron_sword":1,"minecraft:lapis_lazuli":31,"minecraft:cooked_beef":1,"minecraft:diamond":120,"minecraft:elytra":2,"minecraft:rail":20,"minecraft:leather_helmet":4,"minecraft:item_frame":5,"minecraft:emerald":10,"minecraft:dirt":49,"minecraft:bone_meal":1,"minecraft:sand":14,"minecraft:iron_pickaxe":1,"minecraft:bone":19,"minecraft:golden_chestplate":1,"minecraft:wheat":2,"minecraft:netherite_sword":1,"minecraft:rotten_flesh":25,"minecraft:oak_planks":2,"minecraft:netherite_shovel":1,"minecraft:quartz_bricks":2,"minecraft:red_mushroom_block":4,"minecraft:deepslate_tiles":4,"minecraft:hopper":2,"minecraft:acacia_sapling":4,"minecraft:glass":64,"minecraft:beef":1,"minecraft:iron_ingot":3,"minecraft:enchanted_book":1,"minecraft:egg":2,"minecraft:golden_boots":1,"minecraft:netherite_pickaxe":4,"minecraft:wheat_seeds":6,"minecraft:copper_block":64,"minecraft:netherite_chestplate":1,"minecraft:cobblestone":921,"minecraft:granite":72,"minecraft:purple_dye":2,"minecraft:lava_bucket":2,"minecraft:golden_carrot":47,"minecraft:pumpkin":18,"minecraft:string":2,"minecraft:acacia_planks":64,"minecraft:spruce_sapling":4,"minecraft:player_head":1,"minecraft:oak_sign":1,"minecraft:diamond_sword":3,"minecraft:diamond_pickaxe":4,"minecraft:bow":5,"minecraft:diamond_axe":3,"minecraft:baked_potato":2,"minecraft:ender_pearl":1400,"minecraft:dark_oak_sapling":4,"minecraft:lantern":1,"minecraft:leather":4,"minecraft:flint":3,"minecraft:pumpkin_pie":60,"minecraft:gravel":9,"minecraft:blackstone":4,"minecraft:diamond_shovel":1,"minecraft:acacia_stairs":3,"minecraft:carrot":1,"minecraft:shulker_shell":1025,"minecraft:trident":2,"minecraft:gunpowder":5,"minecraft:acacia_slab":1,"minecraft:chest":1,"minecraft:arrow":25,"minecraft:firework_rocket":1678,"minecraft:bread":17,"minecraft:diamond_leggings":2,"minecraft:observer":64,"minecraft:spectral_arrow":8,"minecraft:acacia_log":64,"minecraft:stick":19,"minecraft:iron_block":7,"minecraft:diorite":9,"minecraft:torch":68,"minecraft:light_gray_shulker_box":1,"minecraft:melon_slice":3,"minecraft:iron_door":1,"minecraft:iron_leggings":1,"minecraft:smooth_basalt":5,"minecraft:redstone":231,"minecraft:sweet_berries":1,"minecraft:oak_trapdoor":7,"minecraft:shulker_box":4,"minecraft:acacia_leaves":5,"minecraft:glass_pane":3,"minecraft:filled_map":4,"minecraft:diamond_chestplate":3,"minecraft:andesite":335,"minecraft:oak_sapling":4},"minecraft:crafted":{"minecraft:green_banner":12,"minecraft:black_dye":124,"minecraft:oak_sign":30,"minecraft:melon":131,"minecraft:lever":2,"minecraft:diamond_shovel":1,"minecraft:bookshelf":5,"minecraft:shulker_box":37,"minecraft:iron_bars":64,"minecraft:deepslate_brick_stairs":11,"minecraft:quartz_block":196,"minecraft:glass":1332,"minecraft:repeater":53,"minecraft:beacon":1,"minecraft:melon_seeds":4,"minecraft:polished_blackstone":132,"minecraft:iron_door":3,"minecraft:target":1,"minecraft:emerald":1724,"minecraft:soul_campfire":9,"minecraft:diamond_axe":3,"minecraft:acacia_slab":378,"minecraft:glow_item_frame":2,"minecraft:chest_minecart":7,"minecraft:raw_gold_block":7,"minecraft:purple_banner":19,"minecraft:sticky_piston":2,"minecraft:fletching_table":1,"minecraft:stone_brick_stairs":24,"minecraft:stone_slab":6,"minecraft:iron_block":668,"minecraft:gold_ingot":720,"minecraft:netherite_ingot":5,"minecraft:polished_blackstone_bricks":128,"minecraft:golden_carrot":300,"minecraft:stone_shovel":1,"minecraft:polished_deepslate_stairs":6,"minecraft:diamond_hoe":1,"minecraft:polished_blackstone_pressure_plate":2,"minecraft:bone_meal":198,"minecraft:lantern":24,"minecraft:diamond":108,"minecraft:polished_diorite":256,"minecraft:black_concrete_powder":896,"minecraft:ladder":9,"minecraft:stone_pickaxe":1,"minecraft:cobbled_deepslate_stairs":8,"minecraft:quartz_slab":48,"minecraft:spruce_boat":1,"minecraft:redstone_block":11,"minecraft:dark_oak_planks":8,"minecraft:wheat":639,"minecraft:coal_block":21,"minecraft:acacia_trapdoor":48,"minecraft:polished_granite":8,"minecraft:acacia_stairs":68,"minecraft:deepslate_tiles":524,"minecraft:enchanted_book":11,"minecraft:oak_fence_gate":1,"minecraft:golden_apple":1,"minecraft:acacia_sign":3,"minecraft:wooden_axe":2,"minecraft:deepslate_tile_stairs":53,"minecraft:white_bed":1,"minecraft:grindstone":1,"minecraft:oak_planks":1388,"minecraft:cobblestone_slab":12,"minecraft:quartz_bricks":80,"minecraft:heavy_weighted_pressure_plate":2,"minecraft:quartz_pillar":72,"minecraft:spruce_pressure_plate":1,"minecraft:warped_planks":728,"minecraft:hopper":362,"minecraft:stone_brick_slab":1074,"minecraft:bow":7,"minecraft:raw_copper":1224,"minecraft:comparator":45,"minecraft:polished_basalt":4,"minecraft:chest":429,"minecraft:oak_button":2,"minecraft:copper_block":203,"minecraft:rail":32,"minecraft:stone_bricks":2012,"minecraft:oak_fence":6,"minecraft:raw_iron_block":8,"minecraft:white_banner":7,"minecraft:dropper":20,"minecraft:quartz_stairs":24,"minecraft:item_frame":50,"minecraft:crafting_table":16,"minecraft:spruce_planks":1048,"minecraft:wooden_pickaxe":1,"minecraft:light_gray_banner":7,"minecraft:gold_block":71,"minecraft:hopper_minecart":7,"minecraft:acacia_button":1,"minecraft:birch_planks":16,"minecraft:pumpkin_seeds":4,"minecraft:sea_pickle":1,"minecraft:dispenser":3,"minecraft:apple":8,"minecraft:spruce_trapdoor":86,"minecraft:book":16,"minecraft:paper":768,"minecraft:diamond_pickaxe":4,"minecraft:emerald_block":96,"minecraft:purple_dye":10,"minecraft:shield":2,"minecraft:stick":1652,"minecraft:light_blue_dye":50,"minecraft:iron_ingot":3810,"minecraft:polished_blackstone_brick_stairs":12,"minecraft:redstone_torch":289,"minecraft:deepslate_bricks":704,"minecraft:shears":1,"minecraft:deepslate_tile_slab":258,"minecraft:polished_andesite":168,"minecraft:cobbled_deepslate_slab":126,"minecraft:redstone":425,"minecraft:raw_iron":90,"minecraft:coal":234,"minecraft:furnace":33,"minecraft:stone_button":3,"minecraft:piston":42,"minecraft:raw_copper_block":135,"minecraft:oak_trapdoor":102,"minecraft:diamond_block":31,"minecraft:glass_pane":2699,"minecraft:flint_and_steel":1,"minecraft:scaffolding":156,"minecraft:polished_deepslate":708,"minecraft:slime_ball":5,"minecraft:gray_banner":14,"minecraft:observer":106,"minecraft:minecart":4,"minecraft:cooked_beef":22,"minecraft:red_dye":5,"minecraft:light_blue_stained_glass_pane":256,"minecraft:diamond_sword":2,"minecraft:purple_stained_glass":64,"minecraft:powered_rail":276,"minecraft:bucket":32,"minecraft:stone_axe":1,"minecraft:bread":66,"minecraft:acacia_boat":1,"minecraft:air":0,"minecraft:jungle_planks":208,"minecraft:black_stained_glass":96,"minecraft:blue_dye":30,"minecraft:white_wool":1,"minecraft:white_dye":32,"minecraft:raw_gold":63,"minecraft:anvil":2,"minecraft:pink_banner":19,"minecraft:pumpkin_pie":88,"minecraft:acacia_planks":2752,"minecraft:torch":332,"minecraft:lapis_lazuli":99,"minecraft:lapis_block":64},"minecraft:killed_by":{"minecraft:zombie_villager":1,"minecraft:creeper":3,"minecraft:piglin":1,"minecraft:enderman":4,"minecraft:skeleton":2},"minecraft:picked_up":{"minecraft:seagrass":3,"minecraft:chainmail_boots":1,"minecraft:anvil":2,"minecraft:lead":12,"minecraft:diamond_sword":13,"minecraft:enchanted_book":4,"minecraft:brewing_stand":6,"minecraft:amethyst_block":690,"minecraft:polished_deepslate":1,"minecraft:string":38,"minecraft:shroomlight":70,"minecraft:diamond_leggings":9,"minecraft:gold_nugget":5,"minecraft:cobbled_deepslate":2146,"minecraft:melon_slice":44,"minecraft:diamond_ore":2,"minecraft:golden_helmet":3,"minecraft:spruce_pressure_plate":1,"minecraft:composter":18,"minecraft:purpur_pillar":6,"minecraft:acacia_log":837,"minecraft:golden_axe":1,"minecraft:warped_planks":19,"minecraft:deepslate_tile_stairs":39,"minecraft:golden_chestplate":1,"minecraft:gray_shulker_box":3,"minecraft:iron_block":169,"minecraft:glowstone":130,"minecraft:bookshelf":46,"minecraft:end_rod":23,"minecraft:netherite_chestplate":2,"minecraft:iron_bars":29,"minecraft:magma_block":1,"minecraft:feather":4,"minecraft:cooked_beef":43,"minecraft:medium_amethyst_bud":3,"minecraft:iron_door":13,"minecraft:water_bucket":11,"minecraft:brown_wool":2,"minecraft:acacia_leaves":111,"minecraft:copper_block":128,"minecraft:flint":68,"minecraft:purple_stained_glass":9,"minecraft:netherite_leggings":4,"minecraft:lantern":6,"minecraft:large_amethyst_bud":1,"minecraft:diamond_helmet":9,"minecraft:rabbit":1,"minecraft:glowstone_dust":4,"minecraft:warped_wart_block":10,"minecraft:dropper":10,"minecraft:ink_sac":124,"minecraft:acacia_stairs":15,"minecraft:dark_oak_log":2,"minecraft:quartz_bricks":65,"minecraft:polished_andesite":69,"minecraft:dispenser":9,"minecraft:black_concrete_powder":316,"minecraft:deepslate":317,"minecraft:lever":1,"minecraft:deepslate_gold_ore":45,"minecraft:granite":853,"minecraft:diamond_pickaxe":9,"minecraft:spruce_leaves":3,"minecraft:crafting_table":12,"minecraft:nether_wart":35,"minecraft:leather_leggings":1,"minecraft:dragon_head":1,"minecraft:acacia_button":2,"minecraft:purpur_block":3,"minecraft:heavy_weighted_pressure_plate":1,"minecraft:cornflower":2,"minecraft:elytra":16,"minecraft:flint_and_steel":3,"minecraft:white_carpet":3,"minecraft:glass_pane":18,"minecraft:netherite_sword":5,"minecraft:deepslate_diamond_ore":25,"minecraft:beef":7,"minecraft:poppy":5,"minecraft:minecart":8,"minecraft:quartz_stairs":66,"minecraft:chest":73,"minecraft:piston":2,"minecraft:copper_ore":1,"minecraft:raw_copper_block":1,"minecraft:egg":7,"minecraft:black_stained_glass":23,"minecraft:stone":580,"minecraft:oak_door":1,"minecraft:amethyst_cluster":1,"minecraft:carrot":363,"minecraft:redstone":1242,"minecraft:netherite_pickaxe":12,"minecraft:diamond_chestplate":3,"minecraft:cooked_cod":2,"minecraft:diamond_boots":9,"minecraft:shears":1,"minecraft:deepslate_bricks":154,"minecraft:hay_block":72,"minecraft:gold_ingot":129,"minecraft:totem_of_undying":1,"minecraft:mutton":9,"minecraft:white_wool":13,"minecraft:rail":64,"minecraft:lapis_ore":3,"minecraft:stripped_oak_log":2,"minecraft:clock":1,"minecraft:red_mushroom_block":4,"minecraft:filled_map":6,"minecraft:purpur_stairs":2,"minecraft:oak_log":409,"minecraft:golden_boots":2,"minecraft:white_banner":9,"minecraft:stone_bricks":737,"minecraft:apple":15,"minecraft:kelp":9,"minecraft:warped_stem":23,"minecraft:iron_ore":1,"minecraft:glass_bottle":1,"minecraft:iron_sword":3,"minecraft:smooth_basalt":69,"minecraft:sweet_berries":219,"minecraft:lime_concrete":6,"minecraft:gravel":1103,"minecraft:small_amethyst_bud":1,"minecraft:spruce_sapling":10,"minecraft:spruce_log":452,"minecraft:leather_helmet":8,"minecraft:firework_rocket":2219,"minecraft:diamond_shovel":16,"minecraft:coal_ore":43,"minecraft:polished_diorite":199,"minecraft:diamond_axe":12,"minecraft:deepslate_redstone_ore":33,"minecraft:redstone_ore":2,"minecraft:gray_wool":1,"minecraft:warped_roots":2,"minecraft:oak_button":10,"minecraft:baked_potato":4,"minecraft:hopper":244,"minecraft:ender_pearl":2271,"minecraft:shulker_shell":1039,"minecraft:wheat":116,"minecraft:redstone_block":76,"minecraft:ender_chest":12,"minecraft:light_gray_shulker_box":5,"minecraft:potion":5,"minecraft:stone_brick_stairs":28,"minecraft:lapis_block":192,"minecraft:raw_copper":3581,"minecraft:deepslate_lapis_ore":5,"minecraft:sticky_piston":5,"minecraft:iron_leggings":13,"minecraft:purple_banner":7,"minecraft:oak_sign":13,"minecraft:deepslate_tiles":86,"minecraft:black_shulker_box":5,"minecraft:smooth_stone":3,"minecraft:comparator":28,"minecraft:redstone_torch":54,"minecraft:cobblestone_slab":2,"minecraft:calcite":604,"minecraft:iron_pickaxe":1,"minecraft:deepslate_iron_ore":55,"minecraft:iron_boots":1,"minecraft:furnace":16,"minecraft:stick":324,"minecraft:oak_fence":2,"minecraft:polished_deepslate_stairs":1,"minecraft:torch":161,"minecraft:porkchop":6,"minecraft:netherite_shovel":3,"minecraft:target":2,"minecraft:diorite":1842,"minecraft:light_gray_banner":7,"minecraft:green_banner":5,"minecraft:quartz_block":75,"minecraft:nether_gold_ore":1,"minecraft:rotten_flesh":170,"minecraft:brown_shulker_box":1,"minecraft:deepslate_brick_stairs":4,"minecraft:obsidian":110,"minecraft:cobblestone":24757,"minecraft:enchanting_table":3,"minecraft:repeater":49,"minecraft:andesite":2144,"minecraft:beacon":1,"minecraft:potato":5,"minecraft:tuff":306,"minecraft:acacia_boat":2,"minecraft:wither_skeleton_skull":4,"minecraft:lapis_lazuli":1081,"minecraft:dirt":1622,"minecraft:glass":302,"minecraft:bone":102,"minecraft:acacia_planks":368,"minecraft:bow":19,"minecraft:pink_banner":7,"minecraft:wheat_seeds":312,"minecraft:raw_gold":94,"minecraft:bell":1,"minecraft:grindstone":3,"minecraft:netherite_axe":2,"minecraft:bamboo":618,"minecraft:powered_rail":44,"minecraft:oak_planks":137,"minecraft:ghast_tear":2,"minecraft:diorite_wall":29,"minecraft:cooked_porkchop":27,"minecraft:sand":851,"minecraft:melon":35,"minecraft:grass_block":15,"minecraft:diamond_block":35,"minecraft:spectral_arrow":88,"minecraft:shulker_box":47,"minecraft:diamond":173,"minecraft:black_concrete":21,"minecraft:netherite_helmet":4,"minecraft:polished_blackstone_pressure_plate":1,"minecraft:spruce_sign":1,"minecraft:emerald":19,"minecraft:oak_sapling":72,"minecraft:netherrack":779,"minecraft:nether_star":1,"minecraft:end_stone_bricks":11,"minecraft:splash_potion":1,"minecraft:chicken":1,"minecraft:ladder":9,"minecraft:gold_block":245,"minecraft:shield":5,"minecraft:oak_trapdoor":21,"minecraft:moss_carpet":186,"minecraft:item_frame":21,"minecraft:quartz_slab":25,"minecraft:mycelium":7,"minecraft:blackstone":261,"minecraft:oak_boat":13,"minecraft:player_head":30,"minecraft:observer":88,"minecraft:blue_shulker_box":2,"minecraft:tinted_glass":43,"minecraft:sugar_cane":63,"minecraft:phantom_membrane":13,"minecraft:spruce_trapdoor":3,"minecraft:dark_oak_sapling":4,"minecraft:raw_iron":1203,"minecraft:end_stone":1,"minecraft:copper_ingot":129,"minecraft:polished_blackstone_bricks":6,"minecraft:quartz_pillar":49,"minecraft:stone_button":3,"minecraft:trident":5,"minecraft:arrow":89,"minecraft:pumpkin_pie":38,"minecraft:light_blue_stained_glass_pane":1,"minecraft:jungle_stairs":1,"minecraft:netherite_boots":4,"minecraft:basalt":267,"minecraft:golden_carrot":324,"minecraft:glow_ink_sac":8,"minecraft:leather":48,"minecraft:gunpowder":42,"minecraft:deepslate_tile_slab":586,"minecraft:cooked_mutton":13,"minecraft:acacia_trapdoor":2,"minecraft:rabbit_hide":1,"minecraft:iron_ingot":54,"minecraft:cooked_chicken":2,"minecraft:soul_sand":13,"minecraft:acacia_sapling":116,"minecraft:scaffolding":295,"minecraft:warped_fungus":8,"minecraft:nether_quartz_ore":52,"minecraft:emerald_block":1,"minecraft:pumpkin":163,"minecraft:stone_brick_slab":465,"minecraft:quartz":825,"minecraft:dripstone_block":1,"minecraft:raw_iron_block":4,"minecraft:lava_bucket":4,"minecraft:amethyst_shard":90,"minecraft:white_bed":5,"minecraft:spider_eye":16,"minecraft:gray_banner":11,"minecraft:chainmail_leggings":1,"minecraft:iron_helmet":1,"minecraft:black_wool":2,"minecraft:acacia_slab":150,"minecraft:coal":1200},"minecraft:killed":{"minecraft:dolphin":2,"minecraft:shulker":8,"minecraft:skeleton":58,"minecraft:chicken":2,"minecraft:magma_cube":4,"minecraft:pillager":2,"minecraft:goat":1,"minecraft:zombie":77,"minecraft:glow_squid":3,"minecraft:cow":20,"minecraft:endermite":1,"minecraft:rabbit":1,"minecraft:enderman":3661,"minecraft:zombified_piglin":4,"minecraft:spider":16,"minecraft:wither":1,"minecraft:turtle":2,"minecraft:pig":11,"minecraft:zombie_villager":3,"minecraft:creeper":24,"minecraft:sheep":12,"minecraft:trader_llama":1,"minecraft:phantom":6,"minecraft:drowned":10,"minecraft:squid":40},"minecraft:used":{"minecraft:writable_book":2,"minecraft:dispenser":9,"minecraft:ladder":6,"minecraft:elytra":6,"minecraft:green_banner":13,"minecraft:chest":142,"minecraft:stone":269,"minecraft:quartz_stairs":100,"minecraft:rotten_flesh":2,"minecraft:soul_sand":5,"minecraft:acacia_sapling":107,"minecraft:acacia_button":2,"minecraft:spruce_boat":2,"minecraft:lava_bucket":44,"minecraft:netherite_shovel":12,"minecraft:quartz_pillar":106,"minecraft:deepslate_copper_ore":75,"minecraft:quartz_block":81,"minecraft:copper_ore":131,"minecraft:diorite_wall":29,"minecraft:stone_brick_stairs":30,"minecraft:bow":127,"minecraft:sweet_berries":71,"minecraft:oak_sapling":64,"minecraft:furnace":33,"minecraft:gray_banner":7,"minecraft:egg":2,"minecraft:dragon_head":1,"minecraft:diorite":177,"minecraft:acacia_trapdoor":50,"minecraft:powered_rail":140,"minecraft:blackstone":17,"minecraft:wooden_pickaxe":3,"minecraft:composter":17,"minecraft:golden_apple":1,"minecraft:sand":115,"minecraft:acacia_leaves":19,"minecraft:black_concrete_powder":1212,"minecraft:pumpkin_seeds":4,"minecraft:deepslate_brick_stairs":44,"minecraft:deepslate_tiles":303,"minecraft:deepslate_iron_ore":146,"minecraft:stone_button":4,"minecraft:diamond_ore":3,"minecraft:diamond_sword":974,"minecraft:oak_boat":12,"minecraft:oak_trapdoor":138,"minecraft:enchanting_table":1,"minecraft:iron_bars":74,"minecraft:acacia_log":49,"minecraft:mycelium":7,"minecraft:netherrack":95,"minecraft:light_gray_shulker_box":4,"minecraft:torch":284,"minecraft:anvil":4,"minecraft:target":1,"minecraft:nether_quartz_ore":378,"minecraft:polished_diorite":80,"minecraft:iron_block":19,"minecraft:totem_of_undying":1,"minecraft:melon_seeds":4,"minecraft:smooth_basalt":32,"minecraft:diamond_chestplate":1,"minecraft:basalt":101,"minecraft:glowstone":12,"minecraft:beef":2,"minecraft:acacia_planks":538,"minecraft:cobbled_deepslate":66,"minecraft:observer":81,"minecraft:calcite":344,"minecraft:wheat_seeds":106,"minecraft:water_bucket":302,"minecraft:rabbit":1,"minecraft:fletching_table":1,"minecraft:deepslate_bricks":286,"minecraft:polished_blackstone_bricks":69,"minecraft:diamond_block":34,"minecraft:light_gray_banner":8,"minecraft:rail":113,"minecraft:comparator":59,"minecraft:crafting_table":20,"minecraft:white_bed":6,"minecraft:diamond_pickaxe":13188,"minecraft:diamond_shovel":3436,"minecraft:acacia_sign":2,"minecraft:oak_button":11,"minecraft:iron_pickaxe":526,"minecraft:spruce_pressure_plate":2,"minecraft:spruce_trapdoor":89,"minecraft:spruce_sapling":38,"minecraft:cobblestone":2358,"minecraft:potion":1,"minecraft:cooked_porkchop":27,"minecraft:porkchop":5,"minecraft:diamond_leggings":2,"minecraft:light_blue_stained_glass_pane":69,"minecraft:moss_carpet":1292,"minecraft:polished_deepslate":1,"minecraft:melon":2,"minecraft:diamond_hoe":1233,"minecraft:oak_sign":12,"minecraft:shield":9,"minecraft:iron_sword":1,"minecraft:player_head":1,"minecraft:soul_campfire":9,"minecraft:carrot":128,"minecraft:deepslate_tile_slab":2781,"minecraft:tuff":190,"minecraft:obsidian":123,"minecraft:polished_deepslate_stairs":12,"minecraft:glass":48,"minecraft:coal_ore":43,"minecraft:quartz_slab":65,"minecraft:lantern":10,"minecraft:hopper_minecart":7,"minecraft:stone_bricks":2086,"minecraft:item_frame":54,"minecraft:deepslate_diamond_ore":26,"minecraft:repeater":94,"minecraft:magma_block":1,"minecraft:written_book":1,"minecraft:scaffolding":448,"minecraft:blue_shulker_box":1,"minecraft:gold_block":298,"minecraft:end_rod":17,"minecraft:diamond_boots":1,"minecraft:dropper":22,"minecraft:wither_skeleton_skull":4,"minecraft:stone_pickaxe":15,"minecraft:oak_planks":72,"minecraft:ender_pearl":19,"minecraft:redstone_block":7,"minecraft:diamond_axe":2244,"minecraft:sugar_cane":101,"minecraft:white_wool":2,"minecraft:deepslate_redstone_ore":102,"minecraft:end_stone":1,"minecraft:deepslate_lapis_ore":37,"minecraft:redstone_torch":89,"minecraft:sticky_piston":5,"minecraft:lever":3,"minecraft:black_concrete":21,"minecraft:firework_rocket":1776,"minecraft:gray_shulker_box":2,"minecraft:heavy_weighted_pressure_plate":3,"minecraft:bread":19,"minecraft:iron_door":13,"minecraft:deepslate":336,"minecraft:gravel":7,"minecraft:grindstone":2,"minecraft:andesite":245,"minecraft:chest_minecart":7,"minecraft:bone_meal":30,"minecraft:oak_fence":2,"minecraft:trident":72,"minecraft:netherite_sword":510,"minecraft:flint_and_steel":11,"minecraft:redstone_ore":7,"minecraft:redstone":287,"minecraft:ender_chest":7,"minecraft:brown_shulker_box":1,"minecraft:deepslate_gold_ore":74,"minecraft:oak_door":1,"minecraft:dirt":284,"minecraft:white_carpet":30,"minecraft:hopper":585,"minecraft:diamond_helmet":2,"minecraft:shulker_box":57,"minecraft:raw_iron_block":4,"minecraft:granite":114,"minecraft:purple_banner":12,"minecraft:iron_hoe":8,"minecraft:wooden_axe":15,"minecraft:stone_brick_slab":1251,"minecraft:bookshelf":21,"minecraft:acacia_slab":440,"minecraft:polished_blackstone_brick_stairs":10,"minecraft:golden_carrot":275,"minecraft:emerald_block":27,"minecraft:black_stained_glass":115,"minecraft:deepslate_tile_stairs":324,"minecraft:minecart":2,"minecraft:netherite_pickaxe":28660,"minecraft:cooked_beef":51,"minecraft:cooked_mutton":7,"minecraft:quartz_bricks":127,"minecraft:acacia_boat":1,"minecraft:amethyst_block":289,"minecraft:iron_ore":9,"minecraft:polished_andesite":86,"minecraft:baked_potato":2,"minecraft:pink_banner":12,"minecraft:black_shulker_box":8,"minecraft:spruce_sign":2,"minecraft:beacon":2,"minecraft:cobblestone_slab":2,"minecraft:glow_item_frame":2,"minecraft:polished_blackstone_pressure_plate":3,"minecraft:warped_planks":17,"minecraft:purple_stained_glass":42,"minecraft:piston":42,"minecraft:acacia_stairs":76,"minecraft:apple":2,"minecraft:netherite_axe":78,"minecraft:lapis_ore":19,"minecraft:jungle_stairs":1,"minecraft:stone_axe":20,"minecraft:white_banner":8,"minecraft:bucket":360,"minecraft:pumpkin_pie":18,"minecraft:splash_potion":6},"minecraft:mined":{"minecraft:dragon_wall_head":1,"minecraft:red_shulker_box":1,"minecraft:white_bed":5,"minecraft:obsidian":83,"minecraft:granite":941,"minecraft:acacia_log":784,"minecraft:deepslate_bricks":163,"minecraft:deepslate_tile_stairs":39,"minecraft:hopper":237,"minecraft:oak_wall_sign":4,"minecraft:polished_blackstone_bricks":6,"minecraft:magma_block":105,"minecraft:cobbled_deepslate":6,"minecraft:sticky_piston":5,"minecraft:fire":3,"minecraft:pumpkin":18,"minecraft:moss_carpet":170,"minecraft:deepslate_lapis_ore":50,"minecraft:enchanting_table":2,"minecraft:quartz_slab":20,"minecraft:small_amethyst_bud":1,"minecraft:spruce_pressure_plate":1,"minecraft:deepslate_brick_stairs":4,"minecraft:iron_block":10,"minecraft:white_banner":4,"minecraft:player_head":2,"minecraft:kelp_plant":2,"minecraft:amethyst_cluster":10,"minecraft:deepslate_tile_slab":402,"minecraft:torch":32,"minecraft:melon":5,"minecraft:glass":5,"minecraft:sugar_cane":21,"minecraft:amethyst_block":500,"minecraft:repeater":39,"minecraft:black_concrete_powder":188,"minecraft:tinted_glass":25,"minecraft:wheat":113,"minecraft:lime_concrete":3,"minecraft:warped_fungus":4,"minecraft:stone_brick_stairs":30,"minecraft:grass":99,"minecraft:smooth_basalt":89,"minecraft:blue_shulker_box":1,"minecraft:red_mushroom_block":3,"minecraft:piston":2,"minecraft:deepslate":1967,"minecraft:light_blue_stained_glass_pane":1,"minecraft:deepslate_tiles":82,"minecraft:dark_oak_log":2,"minecraft:end_stone":1,"minecraft:shulker_box":45,"minecraft:acacia_button":2,"minecraft:redstone_wire":55,"minecraft:redstone_ore":19,"minecraft:acacia_trapdoor":2,"minecraft:andesite":2111,"minecraft:diamond_block":34,"minecraft:potatoes":1,"minecraft:rail":82,"minecraft:cobblestone_slab":2,"minecraft:warped_stem":17,"minecraft:bamboo":70,"minecraft:ender_chest":8,"minecraft:redstone_block":4,"minecraft:glass_pane":2,"minecraft:comparator":12,"minecraft:soul_sand":13,"minecraft:stone_brick_slab":402,"minecraft:observer":25,"minecraft:cornflower":1,"minecraft:emerald_ore":2,"minecraft:dropper":10,"minecraft:warped_roots":1,"minecraft:tall_grass":31,"minecraft:purpur_pillar":3,"minecraft:copper_ore":342,"minecraft:deepslate_gold_ore":76,"minecraft:diorite":1957,"minecraft:warped_wart_block":6,"minecraft:black_stained_glass":23,"minecraft:purple_stained_glass":9,"minecraft:white_carpet":1,"minecraft:spruce_log":198,"minecraft:quartz_pillar":44,"minecraft:mycelium":8,"minecraft:gravel":911,"minecraft:dripstone_block":1,"minecraft:acacia_planks":189,"minecraft:oak_button":9,"minecraft:stone_bricks":691,"minecraft:fern":10,"minecraft:black_shulker_box":5,"minecraft:light_gray_banner":4,"minecraft:large_amethyst_bud":2,"minecraft:oak_sapling":1,"minecraft:brewing_stand":5,"minecraft:spruce_trapdoor":3,"minecraft:budding_amethyst":23,"minecraft:grass_block":359,"minecraft:gray_banner":2,"minecraft:polished_diorite":11,"minecraft:composter":17,"minecraft:polished_blackstone_pressure_plate":1,"minecraft:green_wall_banner":5,"minecraft:raw_iron_block":4,"minecraft:glowstone":68,"minecraft:iron_ore":259,"minecraft:target":1,"minecraft:anvil":2,"minecraft:iron_bars":29,"minecraft:end_stone_bricks":11,"minecraft:spruce_slab":6,"minecraft:deepslate_redstone_ore":123,"minecraft:brown_shulker_box":1,"minecraft:quartz_block":45,"minecraft:blackstone":44,"minecraft:polished_deepslate_stairs":1,"minecraft:medium_amethyst_bud":3,"minecraft:purpur_stairs":2,"minecraft:jungle_stairs":1,"minecraft:calcite":538,"minecraft:poppy":5,"minecraft:beacon":1,"minecraft:chest":68,"minecraft:cobblestone":571,"minecraft:nether_quartz_ore":417,"minecraft:grindstone":2,"minecraft:oak_planks":63,"minecraft:iron_door":9,"minecraft:wall_torch":19,"minecraft:deepslate_copper_ore":36,"minecraft:acacia_sapling":6,"minecraft:powered_rail":57,"minecraft:green_banner":1,"minecraft:purpur_block":3,"minecraft:oak_log":409,"minecraft:diorite_wall":32,"minecraft:sand":435,"minecraft:dirt":1604,"minecraft:wither_skeleton_skull":1,"minecraft:raw_copper_block":1,"minecraft:dispenser":11,"minecraft:netherrack":2307,"minecraft:oak_leaves":810,"minecraft:emerald_block":1,"minecraft:nether_gold_ore":1,"minecraft:diamond_ore":5,"minecraft:tuff":279,"minecraft:quartz_stairs":66,"minecraft:deepslate_diamond_ore":75,"minecraft:gray_shulker_box":3,"minecraft:lever":1,"minecraft:glow_lichen":3,"minecraft:stone_button":2,"minecraft:spruce_leaves":7,"minecraft:acacia_slab":124,"minecraft:large_fern":3,"minecraft:hay_block":72,"minecraft:oak_trapdoor":24,"minecraft:heavy_weighted_pressure_plate":1,"minecraft:spruce_sapling":6,"minecraft:furnace":16,"minecraft:carrots":115,"minecraft:light_gray_shulker_box":4,"minecraft:acacia_stairs":14,"minecraft:black_concrete":21,"minecraft:gold_block":14,"minecraft:bell":1,"minecraft:polished_deepslate":1,"minecraft:bookshelf":31,"minecraft:shroomlight":35,"minecraft:deepslate_iron_ore":167,"minecraft:lantern":4,"minecraft:stripped_oak_log":2,"minecraft:stone":25512,"minecraft:redstone_wall_torch":13,"minecraft:acacia_leaves":690,"minecraft:scaffolding":62,"minecraft:magenta_stained_glass":4,"minecraft:basalt":189,"minecraft:oak_fence":2,"minecraft:crafting_table":9,"minecraft:quartz_bricks":55,"minecraft:lapis_ore":35,"minecraft:redstone_torch":11,"minecraft:sweet_berry_bush":19,"minecraft:black_wool":1,"minecraft:coal_ore":549,"minecraft:end_rod":21,"minecraft:polished_andesite":65,"minecraft:acacia_wall_sign":2}},"DataVersion":2975}